ISO-10303-21;
HEADER;
FILE_DESCRIPTION (( 'STEP AP214' ),
    '1' );
FILE_NAME ('Anytek QT 6.STEP',
    '2025-10-06T23:36:08',
    ( '' ),
    ( '' ),
    'SwSTEP 2.0',
    'SolidWorks 2025',
    '' );
FILE_SCHEMA (( 'AUTOMOTIVE_DESIGN' ));
ENDSEC;

DATA;
#1 =( NAMED_UNIT ( * ) SI_UNIT ( $, .STERADIAN. ) SOLID_ANGLE_UNIT ( ) );
#2 = PLANE ( 'NONE',  #8121 ) ;
#3 = CYLINDRICAL_SURFACE ( 'NONE', #10967, 1.000000000000000888 ) ;
#4 = ORIENTED_EDGE ( 'NONE', *, *, #11140, .F. ) ;
#5 = CARTESIAN_POINT ( 'NONE',  ( 15.00000000000000000, 0.7437402936630139738, -21.62877342318509477 ) ) ;
#6 = VECTOR ( 'NONE', #2535, 1000.000000000000000 ) ;
#7 = EDGE_CURVE ( 'NONE', #12263, #7955, #7936, .T. ) ;
#8 = ORIENTED_EDGE ( 'NONE', *, *, #2194, .T. ) ;
#9 = LINE ( 'NONE', #3732, #7500 ) ;
#10 = AXIS2_PLACEMENT_3D ( 'NONE', #9853, #1012, #41 ) ;
#11 =( NAMED_UNIT ( * ) PLANE_ANGLE_UNIT ( ) SI_UNIT ( $, .RADIAN. ) );
#12 = CARTESIAN_POINT ( 'NONE',  ( 15.67576706438587841, 2.730887774041955929, -10.00000000000000000 ) ) ;
#13 = EDGE_LOOP ( 'NONE', ( #387, #3571, #8847, #3746 ) ) ;
#14 = CARTESIAN_POINT ( 'NONE',  ( 18.03909090176839314, 0.7437402936630143069, -18.00000000000000355 ) ) ;
#15 = ORIENTED_EDGE ( 'NONE', *, *, #2098, .F. ) ;
#16 = CARTESIAN_POINT ( 'NONE',  ( 5.000000000000000000, 0.000000000000000000, -12.00000000000000000 ) ) ;
#17 = ORIENTED_EDGE ( 'NONE', *, *, #9340, .T. ) ;
#18 = LINE ( 'NONE', #3993, #4355 ) ;
#19 = DIRECTION ( 'NONE',  ( 1.000000000000000000, 0.000000000000000000, 0.000000000000000000 ) ) ;
#20 = UNCERTAINTY_MEASURE_WITH_UNIT (LENGTH_MEASURE( 1.000000000000000082E-05 ), #11023, 'distance_accuracy_value', 'NONE');
#21 = SURFACE_STYLE_USAGE ( .BOTH. , #1337 ) ;
#22 = EDGE_CURVE ( 'NONE', #1892, #8846, #7461, .T. ) ;
#23 = DIRECTION ( 'NONE',  ( 0.000000000000000000, 0.000000000000000000, 1.000000000000000000 ) ) ;
#24 = DIRECTION ( 'NONE',  ( -1.000000000000000000, 0.000000000000000000, 0.000000000000000000 ) ) ;
#25 = DIRECTION ( 'NONE',  ( 0.000000000000000000, 0.000000000000000000, -1.000000000000000000 ) ) ;
#26 = DIRECTION ( 'NONE',  ( -1.000000000000000000, 0.000000000000000000, 0.000000000000000000 ) ) ;
#27 = DIRECTION ( 'NONE',  ( 1.000000000000000000, 0.000000000000000000, 0.000000000000000000 ) ) ;
#28 = PRESENTATION_STYLE_ASSIGNMENT (( #4981 ) ) ;
#29 = CARTESIAN_POINT ( 'NONE',  ( 29.06833203617090788, 7.356120034073296843, -10.00000000000000000 ) ) ;
#30 = ORIENTED_EDGE ( 'NONE', *, *, #9889, .F. ) ;
#31 = EDGE_CURVE ( 'NONE', #137, #12229, #10841, .T. ) ;
#32 = CARTESIAN_POINT ( 'NONE',  ( 1.029999999999999583, 14.99999999999999822, -0.6805538183541244290 ) ) ;
#33 = UNCERTAINTY_MEASURE_WITH_UNIT (LENGTH_MEASURE( 1.000000000000000082E-05 ), #12046, 'distance_accuracy_value', 'NONE');
#34 = ADVANCED_FACE ( 'NONE', ( #10901 ), #6997, .F. ) ;
#35 = ORIENTED_EDGE ( 'NONE', *, *, #10523, .F. ) ;
#36 = FACE_OUTER_BOUND ( 'NONE', #6441, .T. ) ;
#37 = STYLED_ITEM ( 'NONE', ( #9267 ), #11323 ) ;
#38 = LINE ( 'NONE', #7756, #9520 ) ;
#39 = AXIS2_PLACEMENT_3D ( 'NONE', #10296, #557, #4525 ) ;
#40 =( GEOMETRIC_REPRESENTATION_CONTEXT ( 3 ) GLOBAL_UNCERTAINTY_ASSIGNED_CONTEXT ( ( #678 ) ) GLOBAL_UNIT_ASSIGNED_CONTEXT ( ( #7272, #2438, #8361 ) ) REPRESENTATION_CONTEXT ( 'NONE', 'WORKASPACE' ) );
#41 = DIRECTION ( 'NONE',  ( 0.000000000000000000, 0.000000000000000000, 1.000000000000000000 ) ) ;
#42 = ORIENTED_EDGE ( 'NONE', *, *, #7196, .T. ) ;
#43 = FACE_OUTER_BOUND ( 'NONE', #5396, .T. ) ;
#44 = AXIS2_PLACEMENT_3D ( 'NONE', #8466, #1557, #11416 ) ;
#45 = EDGE_LOOP ( 'NONE', ( #4217, #1187, #516, #9821 ) ) ;
#46 = CIRCLE ( 'NONE', #7300, 0.9999999999999991118 ) ;
#47 = AXIS2_PLACEMENT_3D ( 'NONE', #4814, #11438, #2700 ) ;
#48 = ORIENTED_EDGE ( 'NONE', *, *, #1234, .T. ) ;
#49 = CIRCLE ( 'NONE', #7302, 0.1873162273354038454 ) ;
#50 =( NAMED_UNIT ( * ) PLANE_ANGLE_UNIT ( ) SI_UNIT ( $, .RADIAN. ) );
#51 = DIRECTION ( 'NONE',  ( 0.000000000000000000, 0.000000000000000000, -1.000000000000000000 ) ) ;
#52 = AXIS2_PLACEMENT_3D ( 'NONE', #7408, #1520, #4378 ) ;
#53 = EDGE_CURVE ( 'NONE', #4542, #7345, #7128, .T. ) ;
#54 = CARTESIAN_POINT ( 'NONE',  ( 16.56768843574306516, 9.242953882361234719, 0.000000000000000000 ) ) ;
#55 = CARTESIAN_POINT ( 'NONE',  ( 7.950000000000000178, -5.000000000000000000, -7.242683772664591402 ) ) ;
#56 = AXIS2_PLACEMENT_3D ( 'NONE', #1139, #10160, #12098 ) ;
#57 = CIRCLE ( 'NONE', #12011, 0.1873162273354038454 ) ;
#58 = MECHANICAL_DESIGN_GEOMETRIC_PRESENTATION_REPRESENTATION (  '', ( #5044 ), #9347 ) ;
#59 = CARTESIAN_POINT ( 'NONE',  ( 7.950000000000000178, -5.000000000000000000, -7.429999999999998828 ) ) ;
#60 =( BOUNDED_CURVE ( )  B_SPLINE_CURVE ( 3, ( #6504, #1390, #6560, #5527 ),
 .UNSPECIFIED., .F., .T. ) 
 B_SPLINE_CURVE_WITH_KNOTS ( ( 4, 4 ),
 ( 4.366621810783946955, 4.712388980384695003 ),
 .UNSPECIFIED. ) 
 CURVE ( )  GEOMETRIC_REPRESENTATION_ITEM ( )  RATIONAL_B_SPLINE_CURVE ( ( 1.000000000000000000, 0.9900618788928984282, 0.9900618788928984282, 1.000000000000000000 ) ) 
 REPRESENTATION_ITEM ( '' )  );
#61 = CARTESIAN_POINT ( 'NONE',  ( 16.15410615412709205, 14.51832180537509132, -0.07518642710997387735 ) ) ;
#62 = STYLED_ITEM ( 'NONE', ( #1291 ), #11862 ) ;
#63 = EDGE_LOOP ( 'NONE', ( #619, #1789, #8469, #7644 ) ) ;
#64 = FACE_OUTER_BOUND ( 'NONE', #9614, .T. ) ;
#65 = CIRCLE ( 'NONE', #5656, 0.5000000000000004441 ) ;
#66 =( LENGTH_UNIT ( ) NAMED_UNIT ( * ) SI_UNIT ( .MILLI., .METRE. ) );
#67 = CARTESIAN_POINT ( 'NONE',  ( 4.585677170437042705, 14.65635408178981258, -1.400895289688120099E-15 ) ) ;
#68 = VECTOR ( 'NONE', #6359, 1000.000000000000000 ) ;
#69 = VECTOR ( 'NONE', #5865, 1000.000000000000000 ) ;
#70 = LINE ( 'NONE', #4048, #10983 ) ;
#71 = CIRCLE ( 'NONE', #7520, 0.9999999999999997780 ) ;
#72 = ORIENTED_EDGE ( 'NONE', *, *, #9287, .T. ) ;
#73 = VERTEX_POINT ( 'NONE', #3135 ) ;
#74 = DIRECTION ( 'NONE',  ( 1.000000000000000000, 0.000000000000000000, 0.000000000000000000 ) ) ;
#75 = LINE ( 'NONE', #4053, #3647 ) ;
#76 = ORIENTED_EDGE ( 'NONE', *, *, #9338, .F. ) ;
#77 = CARTESIAN_POINT ( 'NONE',  ( 10.00000000000000178, 0.9999999999999997780, -0.9999999999999997780 ) ) ;
#78 = AXIS2_PLACEMENT_3D ( 'NONE', #10211, #3348, #8358 ) ;
#79 = CARTESIAN_POINT ( 'NONE',  ( 25.03000000000000469, 1.019352696748054822E-15, -12.00000000000000000 ) ) ;
#80 = CARTESIAN_POINT ( 'NONE',  ( 15.67576706438587841, 5.698981658683065277, -10.00000000000000000 ) ) ;
#81 =( GEOMETRIC_REPRESENTATION_CONTEXT ( 3 ) GLOBAL_UNCERTAINTY_ASSIGNED_CONTEXT ( ( #595 ) ) GLOBAL_UNIT_ASSIGNED_CONTEXT ( ( #3428, #5525, #11246 ) ) REPRESENTATION_CONTEXT ( 'NONE', 'WORKASPACE' ) );
#82 =( NAMED_UNIT ( * ) SI_UNIT ( $, .STERADIAN. ) SOLID_ANGLE_UNIT ( ) );
#83 = ORIENTED_EDGE ( 'NONE', *, *, #2662, .F. ) ;
#84 = COLOUR_RGB ( '',1.000000000000000000, 0.5019607843137254832, 0.5019607843137254832 ) ;
#85 = DIRECTION ( 'NONE',  ( 0.000000000000000000, 0.000000000000000000, 1.000000000000000000 ) ) ;
#86 = ORIENTED_EDGE ( 'NONE', *, *, #4084, .F. ) ;
#87 = DIRECTION ( 'NONE',  ( 0.000000000000000000, -1.000000000000000000, 0.000000000000000000 ) ) ;
#88 = DIRECTION ( 'NONE',  ( 0.000000000000000000, 0.000000000000000000, 1.000000000000000000 ) ) ;
#89 = ORIENTED_EDGE ( 'NONE', *, *, #171, .F. ) ;
#90 = CARTESIAN_POINT ( 'NONE',  ( 0.000000000000000000, 11.77659106982886783, -12.00000000000000000 ) ) ;
#91 = PRESENTATION_LAYER_ASSIGNMENT (  '', '', ( #6713 ) ) ;
#92 = ORIENTED_EDGE ( 'NONE', *, *, #1921, .T. ) ;
#93 = DIRECTION ( 'NONE',  ( 2.944053133434612107E-32, -1.452744208007547927E-16, -1.000000000000000000 ) ) ;
#94 = CONICAL_SURFACE ( 'NONE', #6271, 0.1873162273354073148, 0.4886921905584152848 ) ;
#95 = DIRECTION ( 'NONE',  ( 1.000000000000000000, 0.000000000000000000, 0.000000000000000000 ) ) ;
#96 = FACE_OUTER_BOUND ( 'NONE', #2884, .T. ) ;
#97 = DIRECTION ( 'NONE',  ( 0.000000000000000000, 0.000000000000000000, 1.000000000000000000 ) ) ;
#98 = VECTOR ( 'NONE', #3420, 1000.000000000000000 ) ;
#99 = AXIS2_PLACEMENT_3D ( 'NONE', #11869, #4935, #12699 ) ;
#100 = LINE ( 'NONE', #7805, #5040 ) ;
#101 = ORIENTED_EDGE ( 'NONE', *, *, #8262, .F. ) ;
#102 = PRESENTATION_STYLE_ASSIGNMENT (( #5876 ) ) ;
#103 = DIRECTION ( 'NONE',  ( -0.000000000000000000, 0.000000000000000000, 1.000000000000000000 ) ) ;
#104 = ADVANCED_FACE ( 'NONE', ( #9742 ), #8798, .F. ) ;
#105 = EDGE_CURVE ( 'NONE', #11473, #9311, #6026, .T. ) ;
#106 = DIRECTION ( 'NONE',  ( -0.000000000000000000, 1.000000000000000000, -0.000000000000000000 ) ) ;
#107 = SURFACE_SIDE_STYLE ('',( #1077 ) ) ;
#108 = VECTOR ( 'NONE', #1153, 1000.000000000000000 ) ;
#109 = VERTEX_POINT ( 'NONE', #905 ) ;
#110 = DIRECTION ( 'NONE',  ( -1.154112234971584564E-16, 0.5694971485754449780, -0.8219933076153586038 ) ) ;
#111 = VERTEX_POINT ( 'NONE', #6099 ) ;
#112 = CARTESIAN_POINT ( 'NONE',  ( 0.000000000000000000, 15.00000000000000000, -15.50000000000000178 ) ) ;
#113 = DIRECTION ( 'NONE',  ( -2.922285384827992868E-16, 1.000000000000000000, 0.000000000000000000 ) ) ;
#114 = FILL_AREA_STYLE ('',( #3833 ) ) ;
#115 = ORIENTED_EDGE ( 'NONE', *, *, #4423, .T. ) ;
#116 = ADVANCED_FACE ( 'NONE', ( #7067 ), #4163, .F. ) ;
#117 = ORIENTED_EDGE ( 'NONE', *, *, #9252, .T. ) ;
#118 = VECTOR ( 'NONE', #8796, 1000.000000000000000 ) ;
#119 = VERTEX_POINT ( 'NONE', #5957 ) ;
#120 =( NAMED_UNIT ( * ) PLANE_ANGLE_UNIT ( ) SI_UNIT ( $, .RADIAN. ) );
#121 = CARTESIAN_POINT ( 'NONE',  ( 12.94999999999999929, -5.000000000000000000, -16.02999999999999758 ) ) ;
#122 = DIRECTION ( 'NONE',  ( 1.013273058397667935E-16, -1.000000000000000000, 0.000000000000000000 ) ) ;
#123 = ORIENTED_EDGE ( 'NONE', *, *, #3423, .F. ) ;
#124 = CARTESIAN_POINT ( 'NONE',  ( 16.23015815089469882, 14.60711272996574195, -0.01366989418290202700 ) ) ;
#125 = CYLINDRICAL_SURFACE ( 'NONE', #12700, 1.000000000000000000 ) ;
#126 = CARTESIAN_POINT ( 'NONE',  ( 27.95000000000000284, 0.000000000000000000, -7.830000000000000071 ) ) ;
#127 = DIRECTION ( 'NONE',  ( 0.000000000000000000, 1.000000000000000000, 0.000000000000000000 ) ) ;
#128 = PLANE ( 'NONE',  #8543 ) ;
#129 = ADVANCED_FACE ( 'NONE', ( #9002 ), #128, .T. ) ;
#130 = ADVANCED_FACE ( 'NONE', ( #9059 ), #7974, .F. ) ;
#131 = CARTESIAN_POINT ( 'NONE',  ( 4.542180073764543025, 14.70498544938100416, -2.385244779468109755E-15 ) ) ;
#132 = DIRECTION ( 'NONE',  ( -1.000000000000000000, -1.013273058397667935E-16, -0.000000000000000000 ) ) ;
#133 = FILL_AREA_STYLE ('',( #2875 ) ) ;
#134 = ORIENTED_EDGE ( 'NONE', *, *, #5304, .F. ) ;
#135 = CARTESIAN_POINT ( 'NONE',  ( 16.67576706438588019, 5.698981658683065277, -10.00000000000000000 ) ) ;
#136 = AXIS2_PLACEMENT_3D ( 'NONE', #210, #10860, #2046 ) ;
#137 = VERTEX_POINT ( 'NONE', #9246 ) ;
#138 = LINE ( 'NONE', #12015, #4034 ) ;
#139 =( BOUNDED_CURVE ( )  B_SPLINE_CURVE ( 3, ( #4936, #61, #7770, #4098 ),
 .UNSPECIFIED., .F., .T. ) 
 B_SPLINE_CURVE_WITH_KNOTS ( ( 4, 4 ),
 ( 0.6801289419011408155, 1.396263401595479126 ),
 .UNSPECIFIED. ) 
 CURVE ( )  GEOMETRIC_REPRESENTATION_ITEM ( )  RATIONAL_B_SPLINE_CURVE ( ( 1.000000000000000000, 0.9577172935399690390, 0.9577172935399690390, 1.000000000000000000 ) ) 
 REPRESENTATION_ITEM ( '' )  );
#140 = DIRECTION ( 'NONE',  ( -0.9848077530122080203, -1.995758327656830446E-16, -0.1736481776669308585 ) ) ;
#141 = VERTEX_POINT ( 'NONE', #2288 ) ;
#142 = DIRECTION ( 'NONE',  ( 0.000000000000000000, 0.000000000000000000, 1.000000000000000000 ) ) ;
#143 = CARTESIAN_POINT ( 'NONE',  ( 10.03000000000000114, 10.99999999999997158, -1.000000000000000000 ) ) ;
#144 = PRODUCT_DEFINITION_CONTEXT ( 'detailed design', #2556, 'design' ) ;
#145 = EDGE_CURVE ( 'NONE', #2887, #11049, #4232, .T. ) ;
#146 = CARTESIAN_POINT ( 'NONE',  ( 6.029999999999999361, 14.99999999999999822, -0.6805538183541244290 ) ) ;
#147 = EDGE_LOOP ( 'NONE', ( #11738, #7190 ) ) ;
#148 = DIRECTION ( 'NONE',  ( 0.000000000000000000, 1.000000000000000000, 0.000000000000000000 ) ) ;
#149 = FACE_OUTER_BOUND ( 'NONE', #1849, .T. ) ;
#150 = ORIENTED_EDGE ( 'NONE', *, *, #10331, .T. ) ;
#151 = PLANE ( 'NONE',  #9958 ) ;
#152 = EDGE_LOOP ( 'NONE', ( #11368, #8061, #5973, #1078 ) ) ;
#153 = ORIENTED_EDGE ( 'NONE', *, *, #2611, .F. ) ;
#154 = DIRECTION ( 'NONE',  ( 1.000000000000000000, 0.000000000000000000, 0.000000000000000000 ) ) ;
#155 = SURFACE_SIDE_STYLE ('',( #1062 ) ) ;
#156 = CARTESIAN_POINT ( 'NONE',  ( 29.83000000000000185, 13.99999999999999112, -12.00000000000000000 ) ) ;
#157 = DIRECTION ( 'NONE',  ( 0.000000000000000000, 0.000000000000000000, 1.000000000000000000 ) ) ;
#158 =( LENGTH_UNIT ( ) NAMED_UNIT ( * ) SI_UNIT ( .MILLI., .METRE. ) );
#159 = AXIS2_PLACEMENT_3D ( 'NONE', #8925, #10905, #9060 ) ;
#160 = CARTESIAN_POINT ( 'NONE',  ( 10.67576706438588197, 0.000000000000000000, -10.00000000000000000 ) ) ;
#161 = ORIENTED_EDGE ( 'NONE', *, *, #4583, .T. ) ;
#162 = CARTESIAN_POINT ( 'NONE',  ( 21.11605443171345442, 14.99501846973960006, -0.1925148842800865345 ) ) ;
#163 = CARTESIAN_POINT ( 'NONE',  ( 2.067688435743064268, 9.242953882361238271, 0.000000000000000000 ) ) ;
#164 = DIRECTION ( 'NONE',  ( 0.000000000000000000, 0.8219933076153586038, 0.5694971485754449780 ) ) ;
#165 = UNCERTAINTY_MEASURE_WITH_UNIT (LENGTH_MEASURE( 1.000000000000000082E-05 ), #4530, 'distance_accuracy_value', 'NONE');
#166 = MECHANICAL_DESIGN_GEOMETRIC_PRESENTATION_REPRESENTATION (  '', ( #7224 ), #6793 ) ;
#167 = ORIENTED_EDGE ( 'NONE', *, *, #10540, .F. ) ;
#168 = CARTESIAN_POINT ( 'NONE',  ( 24.54218007376454480, 14.70498544938100416, -2.385244779468109755E-15 ) ) ;
#169 = FACE_OUTER_BOUND ( 'NONE', #11082, .T. ) ;
#170 = EDGE_CURVE ( 'NONE', #7368, #2861, #5664, .T. ) ;
#171 = EDGE_CURVE ( 'NONE', #3821, #9493, #520, .T. ) ;
#172 = CARTESIAN_POINT ( 'NONE',  ( 1.029999999999999583, 13.99999999999999822, -11.00000000000000178 ) ) ;
#173 = EDGE_LOOP ( 'NONE', ( #3013, #6184, #1299, #10639, #6268, #755, #9158, #768, #5960, #4980, #7137, #552, #2874, #12069 ) ) ;
#174 = DIRECTION ( 'NONE',  ( -0.000000000000000000, -0.000000000000000000, 1.000000000000000000 ) ) ;
#175 = CARTESIAN_POINT ( 'NONE',  ( 3.404608049195914532, 12.20709392125342241, -1.676461860280853200 ) ) ;
#176 = ORIENTED_EDGE ( 'NONE', *, *, #5030, .F. ) ;
#177 = ORIENTED_EDGE ( 'NONE', *, *, #9787, .F. ) ;
#178 = DIRECTION ( 'NONE',  ( -0.000000000000000000, 1.000000000000000000, -0.000000000000000000 ) ) ;
#179 = CARTESIAN_POINT ( 'NONE',  ( 5.830000000000000071, 11.77659106982886783, -1.974724807276291516 ) ) ;
#180 = ORIENTED_EDGE ( 'NONE', *, *, #8012, .T. ) ;
#181 = DIRECTION ( 'NONE',  ( 0.000000000000000000, 0.000000000000000000, 1.000000000000000000 ) ) ;
#182 = EDGE_CURVE ( 'NONE', #2262, #7822, #5195, .T. ) ;
#183 = CARTESIAN_POINT ( 'NONE',  ( 0.6757670643858804116, 2.730887774041955929, 0.000000000000000000 ) ) ;
#184 = MECHANICAL_DESIGN_GEOMETRIC_PRESENTATION_REPRESENTATION (  '', ( #4970 ), #4751 ) ;
#185 = DIRECTION ( 'NONE',  ( -0.000000000000000000, 1.000000000000000000, -0.000000000000000000 ) ) ;
#186 = EDGE_CURVE ( 'NONE', #12600, #12643, #1730, .T. ) ;
#187 = UNCERTAINTY_MEASURE_WITH_UNIT (LENGTH_MEASURE( 1.000000000000000082E-05 ), #11836, 'distance_accuracy_value', 'NONE');
#188 = EDGE_CURVE ( 'NONE', #5773, #403, #1304, .T. ) ;
#189 = CARTESIAN_POINT ( 'NONE',  ( 18.03909090176839314, 0.000000000000000000, -21.62877342318509477 ) ) ;
#190 = FILL_AREA_STYLE_COLOUR ( '', #6692 ) ;
#191 = CARTESIAN_POINT ( 'NONE',  ( 29.54218007376454480, 14.70498544938100416, -2.385244779468109755E-15 ) ) ;
#192 =( LENGTH_UNIT ( ) NAMED_UNIT ( * ) SI_UNIT ( .MILLI., .METRE. ) );
#193 = MECHANICAL_DESIGN_GEOMETRIC_PRESENTATION_REPRESENTATION (  '', ( #11123 ), #8464 ) ;
#194 = PLANE ( 'NONE',  #474 ) ;
#195 = ORIENTED_EDGE ( 'NONE', *, *, #10667, .F. ) ;
#196 = DIRECTION ( 'NONE',  ( 0.000000000000000000, -1.000000000000000000, 8.673617379884027583E-16 ) ) ;
#197 = AXIS2_PLACEMENT_3D ( 'NONE', #12524, #674, #617 ) ;
#198 = ORIENTED_EDGE ( 'NONE', *, *, #4974, .F. ) ;
#199 = EDGE_CURVE ( 'NONE', #5613, #9291, #8223, .T. ) ;
#200 = FACE_OUTER_BOUND ( 'NONE', #7174, .T. ) ;
#201 = EDGE_CURVE ( 'NONE', #8893, #3029, #5267, .T. ) ;
#202 = SURFACE_STYLE_FILL_AREA ( #9817 ) ;
#203 = ORIENTED_EDGE ( 'NONE', *, *, #4272, .F. ) ;
#204 =( NAMED_UNIT ( * ) SI_UNIT ( $, .STERADIAN. ) SOLID_ANGLE_UNIT ( ) );
#205 = CIRCLE ( 'NONE', #8270, 1.000000000000000888 ) ;
#206 =( NAMED_UNIT ( * ) PLANE_ANGLE_UNIT ( ) SI_UNIT ( $, .RADIAN. ) );
#207 = COLOUR_RGB ( '',1.000000000000000000, 0.5019607843137254832, 0.5019607843137254832 ) ;
#208 = CARTESIAN_POINT ( 'NONE',  ( 8.404608049195916308, 14.56261116223713792, -0.04450167309616086947 ) ) ;
#209 = ORIENTED_EDGE ( 'NONE', *, *, #7405, .F. ) ;
#210 = CARTESIAN_POINT ( 'NONE',  ( 22.95000000000000284, -5.000000000000000000, -15.62999999999999723 ) ) ;
#211 = VERTEX_POINT ( 'NONE', #7382 ) ;
#212 = VECTOR ( 'NONE', #1089, 1000.000000000000000 ) ;
#213 = DIRECTION ( 'NONE',  ( -1.000000000000000000, 0.000000000000000000, 0.000000000000000000 ) ) ;
#214 = CARTESIAN_POINT ( 'NONE',  ( 14.83000000000000362, 14.56261116223714147, -0.04450167309616086947 ) ) ;
#215 = VERTEX_POINT ( 'NONE', #2480 ) ;
#216 = FILL_AREA_STYLE ('',( #11956 ) ) ;
#217 = VECTOR ( 'NONE', #2961, 1000.000000000000000 ) ;
#218 = EDGE_CURVE ( 'NONE', #2301, #11638, #7205, .T. ) ;
#219 = CARTESIAN_POINT ( 'NONE',  ( 5.830000000000000071, 15.00000000000000000, -4.000000000000027534 ) ) ;
#220 = FILL_AREA_STYLE ('',( #11966 ) ) ;
#221 = ORIENTED_EDGE ( 'NONE', *, *, #5979, .F. ) ;
#222 = PRESENTATION_STYLE_ASSIGNMENT (( #2322 ) ) ;
#223 = AXIS2_PLACEMENT_3D ( 'NONE', #6341, #4339, #1156 ) ;
#224 = EDGE_LOOP ( 'NONE', ( #10830, #2555, #4459, #8252 ) ) ;
#225 = CARTESIAN_POINT ( 'NONE',  ( 11.67576706438588019, 1.730887774041955929, -10.00000000000000000 ) ) ;
#226 = LINE ( 'NONE', #1349, #11607 ) ;
#227 = DIRECTION ( 'NONE',  ( 1.000000000000000000, 2.081668171172166620E-14, 0.000000000000000000 ) ) ;
#228 = LINE ( 'NONE', #5941, #108 ) ;
#229 =( LENGTH_UNIT ( ) NAMED_UNIT ( * ) SI_UNIT ( .MILLI., .METRE. ) );
#230 = DIRECTION ( 'NONE',  ( 0.000000000000000000, 1.000000000000000000, 0.000000000000000000 ) ) ;
#231 = EDGE_LOOP ( 'NONE', ( #1088, #1053, #9086, #7079, #1626, #150, #12146, #92 ) ) ;
#232 = DIRECTION ( 'NONE',  ( -0.000000000000000000, 0.000000000000000000, 1.000000000000000000 ) ) ;
#233 = ORIENTED_EDGE ( 'NONE', *, *, #3663, .F. ) ;
#234 = DIRECTION ( 'NONE',  ( 0.000000000000000000, -1.000000000000000000, 0.000000000000000000 ) ) ;
#235 = ORIENTED_EDGE ( 'NONE', *, *, #11789, .T. ) ;
#236 = VERTEX_POINT ( 'NONE', #8284 ) ;
#237 = EDGE_LOOP ( 'NONE', ( #11622, #4891, #6967, #8225, #8799, #5927, #11283 ) ) ;
#238 = PLANE ( 'NONE',  #849 ) ;
#239 = AXIS2_PLACEMENT_3D ( 'NONE', #4892, #12723, #5924 ) ;
#240 = DIRECTION ( 'NONE',  ( 0.000000000000000000, 0.000000000000000000, 1.000000000000000000 ) ) ;
#241 = VECTOR ( 'NONE', #1358, 1000.000000000000000 ) ;
#242 = ADVANCED_FACE ( 'NONE', ( #11097 ), #12003, .T. ) ;
#243 = VERTEX_POINT ( 'NONE', #6418 ) ;
#244 = MECHANICAL_DESIGN_GEOMETRIC_PRESENTATION_REPRESENTATION (  '', ( #37 ), #6252 ) ;
#245 = AXIS2_PLACEMENT_3D ( 'NONE', #4002, #11771, #10729 ) ;
#246 = DIRECTION ( 'NONE',  ( 0.000000000000000000, 0.000000000000000000, 1.000000000000000000 ) ) ;
#247 = LINE ( 'NONE', #12124, #9243 ) ;
#248 = AXIS2_PLACEMENT_3D ( 'NONE', #8784, #2860, #886 ) ;
#249 = PRESENTATION_LAYER_ASSIGNMENT (  '', '', ( #12000 ) ) ;
#250 = DIRECTION ( 'NONE',  ( 0.000000000000000000, 0.000000000000000000, 1.000000000000000000 ) ) ;
#251 = VECTOR ( 'NONE', #7151, 1000.000000000000000 ) ;
#252 = EDGE_LOOP ( 'NONE', ( #10345, #10604, #12127, #11387 ) ) ;
#253 = VERTEX_POINT ( 'NONE', #9188 ) ;
#254 = AXIS2_PLACEMENT_3D ( 'NONE', #10609, #3932, #6838 ) ;
#255 = VECTOR ( 'NONE', #12220, 1000.000000000000000 ) ;
#256 =( LENGTH_UNIT ( ) NAMED_UNIT ( * ) SI_UNIT ( .MILLI., .METRE. ) );
#257 = CARTESIAN_POINT ( 'NONE',  ( 20.00000000000000000, 10.77659106982886783, -1.974724807276290628 ) ) ;
#258 = ADVANCED_FACE ( 'NONE', ( #2423 ), #6217, .T. ) ;
#259 = FACE_OUTER_BOUND ( 'NONE', #6942, .T. ) ;
#260 = EDGE_CURVE ( 'NONE', #9915, #12421, #323, .T. ) ;
#261 = FACE_OUTER_BOUND ( 'NONE', #7985, .T. ) ;
#262 = ORIENTED_EDGE ( 'NONE', *, *, #12328, .T. ) ;
#263 = VECTOR ( 'NONE', #9020, 1000.000000000000000 ) ;
#264 = VECTOR ( 'NONE', #2726, 1000.000000000000000 ) ;
#265 = DIRECTION ( 'NONE',  ( -0.09991521791465321489, 0.8178800156032710600, 0.5666473588625119406 ) ) ;
#266 = AXIS2_PLACEMENT_3D ( 'NONE', #509, #12304, #10364 ) ;
#267 = ORIENTED_EDGE ( 'NONE', *, *, #10228, .T. ) ;
#268 = EDGE_CURVE ( 'NONE', #11074, #2653, #11227, .T. ) ;
#269 = CARTESIAN_POINT ( 'NONE',  ( 19.74897559759705246, 15.00000000000000000, -0.2210415980608897157 ) ) ;
#270 = CIRCLE ( 'NONE', #7916, 0.5000000000000004441 ) ;
#271 = CLOSED_SHELL ( 'NONE', ( #8275, #130, #1028, #8415, #8514, #4175, #7616, #5192, #11645, #2654, #10753, #10585, #10122, #9071, #8963 ) ) ;
#272 = MECHANICAL_DESIGN_GEOMETRIC_PRESENTATION_REPRESENTATION (  '', ( #5457 ), #1522 ) ;
#273 = FILL_AREA_STYLE ('',( #4180 ) ) ;
#274 = ORIENTED_EDGE ( 'NONE', *, *, #8498, .F. ) ;
#275 = CARTESIAN_POINT ( 'NONE',  ( 18.94855866409554679, 2.730887774041955929, -10.00000000000000000 ) ) ;
#276 = EDGE_CURVE ( 'NONE', #1191, #9818, #9310, .T. ) ;
#277 = ORIENTED_EDGE ( 'NONE', *, *, #12284, .T. ) ;
#278 = COLOUR_RGB ( '',0.8313725490196077761, 0.8392156862745098200, 0.8313725490196077761 ) ;
#279 = ADVANCED_FACE ( 'NONE', ( #4607 ), #7509, .F. ) ;
#280 = CARTESIAN_POINT ( 'NONE',  ( 15.83000000000000007, 11.00000000000000000, -3.999999999999999112 ) ) ;
#281 = CARTESIAN_POINT ( 'NONE',  ( 28.03909090176839669, 0.000000000000000000, -1.000000000000007772 ) ) ;
#282 = VERTEX_POINT ( 'NONE', #12435 ) ;
#283 = COLOUR_RGB ( '',1.000000000000000000, 0.5019607843137254832, 0.5019607843137254832 ) ;
#284 = DIRECTION ( 'NONE',  ( 0.000000000000000000, -0.000000000000000000, -1.000000000000000000 ) ) ;
#285 = EDGE_LOOP ( 'NONE', ( #11153, #8766, #3856, #9601 ) ) ;
#286 = PLANE ( 'NONE',  #6232 ) ;
#287 = ORIENTED_EDGE ( 'NONE', *, *, #4955, .F. ) ;
#288 = LINE ( 'NONE', #11060, #8137 ) ;
#289 = COLOUR_RGB ( '',1.000000000000000000, 0.5019607843137254832, 0.5019607843137254832 ) ;
#290 = AXIS2_PLACEMENT_3D ( 'NONE', #8652, #12550, #1815 ) ;
#291 = STYLED_ITEM ( 'NONE', ( #11748 ), #7818 ) ;
#292 = DIRECTION ( 'NONE',  ( 0.000000000000000000, -1.000000000000000000, 0.000000000000000000 ) ) ;
#293 = ORIENTED_EDGE ( 'NONE', *, *, #6526, .T. ) ;
#294 = SURFACE_SIDE_STYLE ('',( #2198 ) ) ;
#295 = ADVANCED_FACE ( 'NONE', ( #5563 ), #4540, .T. ) ;
#296 = EDGE_CURVE ( 'NONE', #7942, #1060, #12367, .T. ) ;
#297 = FACE_OUTER_BOUND ( 'NONE', #2701, .T. ) ;
#298 = LINE ( 'NONE', #9033, #2050 ) ;
#299 = EDGE_CURVE ( 'NONE', #6458, #4762, #5623, .T. ) ;
#300 = EDGE_LOOP ( 'NONE', ( #12103, #11547, #6981, #9465 ) ) ;
#301 = PRESENTATION_LAYER_ASSIGNMENT (  '', '', ( #9982 ) ) ;
#302 = ORIENTED_EDGE ( 'NONE', *, *, #7737, .F. ) ;
#303 =( NAMED_UNIT ( * ) PLANE_ANGLE_UNIT ( ) SI_UNIT ( $, .RADIAN. ) );
#304 = LINE ( 'NONE', #2326, #2996 ) ;
#305 = CARTESIAN_POINT ( 'NONE',  ( 11.15410615412709383, 14.51832180537509309, -0.07518642710997344714 ) ) ;
#306 = DIRECTION ( 'NONE',  ( 1.000000000000000000, 0.000000000000000000, 0.000000000000000000 ) ) ;
#307 = UNCERTAINTY_MEASURE_WITH_UNIT (LENGTH_MEASURE( 1.000000000000000082E-05 ), #11297, 'distance_accuracy_value', 'NONE');
#308 = CARTESIAN_POINT ( 'NONE',  ( 32.00000000000000000, 0.9999999999999997780, -17.50000000000000000 ) ) ;
#309 = VECTOR ( 'NONE', #9199, 1000.000000000000114 ) ;
#310 = LINE ( 'NONE', #7187, #7270 ) ;
#311 = ORIENTED_EDGE ( 'NONE', *, *, #10397, .T. ) ;
#312 = ORIENTED_EDGE ( 'NONE', *, *, #8365, .F. ) ;
#313 = EDGE_CURVE ( 'NONE', #8427, #3043, #3766, .T. ) ;
#314 = EDGE_LOOP ( 'NONE', ( #4028, #177 ) ) ;
#315 = SURFACE_SIDE_STYLE ('',( #6147 ) ) ;
#316 = CIRCLE ( 'NONE', #1763, 1.000000000000000888 ) ;
#317 = SURFACE_STYLE_FILL_AREA ( #2539 ) ;
#318 = VERTEX_POINT ( 'NONE', #2799 ) ;
#319 = CARTESIAN_POINT ( 'NONE',  ( 25.67576706438588019, 0.000000000000000000, -10.00000000000000000 ) ) ;
#320 = CARTESIAN_POINT ( 'NONE',  ( 20.00000000000000000, 0.7437402936630139738, -0.03339203246192836566 ) ) ;
#321 = DIRECTION ( 'NONE',  ( 0.000000000000000000, 0.000000000000000000, -1.000000000000000000 ) ) ;
#322 = DIRECTION ( 'NONE',  ( 0.000000000000000000, -1.000000000000000000, 0.000000000000000000 ) ) ;
#323 = LINE ( 'NONE', #4298, #5873 ) ;
#324 = ORIENTED_EDGE ( 'NONE', *, *, #4710, .F. ) ;
#325 = ORIENTED_EDGE ( 'NONE', *, *, #1136, .F. ) ;
#326 = CARTESIAN_POINT ( 'NONE',  ( 27.95000000000000284, -5.000000000000000000, -7.429999999999998828 ) ) ;
#327 = AXIS2_PLACEMENT_3D ( 'NONE', #3797, #10651, #5497 ) ;
#328 = DIRECTION ( 'NONE',  ( 1.000000000000000000, 0.000000000000000000, -0.000000000000000000 ) ) ;
#329 = EDGE_CURVE ( 'NONE', #2233, #9850, #666, .T. ) ;
#330 = FACE_OUTER_BOUND ( 'NONE', #10496, .T. ) ;
#331 = PRESENTATION_STYLE_ASSIGNMENT (( #9194 ) ) ;
#332 = ORIENTED_EDGE ( 'NONE', *, *, #7503, .F. ) ;
#333 = CIRCLE ( 'NONE', #12473, 0.4000000000000010214 ) ;
#334 = VERTEX_POINT ( 'NONE', #2546 ) ;
#335 = DIRECTION ( 'NONE',  ( 1.000000000000000000, 1.070256409758549784E-16, -0.000000000000000000 ) ) ;
#336 = CARTESIAN_POINT ( 'NONE',  ( 28.03909090176839669, 2.407412430484044816E-31, -18.00000000000000355 ) ) ;
#337 = CYLINDRICAL_SURFACE ( 'NONE', #5486, 0.9999999999999991118 ) ;
#338 = FACE_OUTER_BOUND ( 'NONE', #12591, .T. ) ;
#339 = EDGE_CURVE ( 'NONE', #8878, #2667, #10963, .T. ) ;
#340 = FILL_AREA_STYLE_COLOUR ( '', #10970 ) ;
#341 = ADVANCED_FACE ( 'NONE', ( #10494 ), #1614, .T. ) ;
#342 = FACE_OUTER_BOUND ( 'NONE', #12512, .T. ) ;
#343 = ORIENTED_EDGE ( 'NONE', *, *, #8712, .F. ) ;
#344 = CARTESIAN_POINT ( 'NONE',  ( 30.06833203617091144, 7.356120034073296843, 0.000000000000000000 ) ) ;
#345 = UNCERTAINTY_MEASURE_WITH_UNIT (LENGTH_MEASURE( 1.000000000000000082E-05 ), #7646, 'distance_accuracy_value', 'NONE');
#346 = ORIENTED_EDGE ( 'NONE', *, *, #8059, .F. ) ;
#347 = DIRECTION ( 'NONE',  ( 0.000000000000000000, 0.000000000000000000, 1.000000000000000000 ) ) ;
#348 = CARTESIAN_POINT ( 'NONE',  ( 10.83000000000000185, 10.99999999999997158, -1.000000000000000000 ) ) ;
#349 =( GEOMETRIC_REPRESENTATION_CONTEXT ( 3 ) GLOBAL_UNCERTAINTY_ASSIGNED_CONTEXT ( ( #1361 ) ) GLOBAL_UNIT_ASSIGNED_CONTEXT ( ( #8049, #2117, #5156 ) ) REPRESENTATION_CONTEXT ( 'NONE', 'WORKASPACE' ) );
#350 = ORIENTED_EDGE ( 'NONE', *, *, #1531, .T. ) ;
#351 = DIRECTION ( 'NONE',  ( 1.000000000000000000, 0.000000000000000000, 0.000000000000000000 ) ) ;
#352 = SURFACE_STYLE_FILL_AREA ( #2311 ) ;
#353 = ORIENTED_EDGE ( 'NONE', *, *, #4914, .T. ) ;
#354 = CARTESIAN_POINT ( 'NONE',  ( 24.73914162436698660, 14.98520393037187937, -0.1652703644666174421 ) ) ;
#355 = EDGE_CURVE ( 'NONE', #3918, #10471, #10625, .T. ) ;
#356 = CYLINDRICAL_SURFACE ( 'NONE', #12358, 0.4000000000000010214 ) ;
#357 = DIRECTION ( 'NONE',  ( 0.000000000000000000, -1.000000000000000000, -0.000000000000000000 ) ) ;
#358 = DIRECTION ( 'NONE',  ( -0.000000000000000000, -0.000000000000000000, 1.000000000000000000 ) ) ;
#359 = ORIENTED_EDGE ( 'NONE', *, *, #1676, .F. ) ;
#360 = VERTEX_POINT ( 'NONE', #7574 ) ;
#361 = DIRECTION ( 'NONE',  ( 0.000000000000000000, 0.000000000000000000, 1.000000000000000000 ) ) ;
#362 = FACE_OUTER_BOUND ( 'NONE', #6890, .T. ) ;
#363 = CARTESIAN_POINT ( 'NONE',  ( 3.948558664095541015, 1.730887774041955929, -10.00000000000000000 ) ) ;
#364 = PLANE ( 'NONE',  #1589 ) ;
#365 = EDGE_CURVE ( 'NONE', #141, #6921, #9551, .T. ) ;
#366 = EDGE_CURVE ( 'NONE', #9093, #5592, #2593, .T. ) ;
#367 = MECHANICAL_DESIGN_GEOMETRIC_PRESENTATION_REPRESENTATION (  '', ( #3704 ), #9249 ) ;
#368 = PRESENTATION_STYLE_ASSIGNMENT (( #2214 ) ) ;
#369 = ORIENTED_EDGE ( 'NONE', *, *, #8954, .F. ) ;
#370 = DIRECTION ( 'NONE',  ( -1.000000000000000000, -0.000000000000000000, -0.000000000000000000 ) ) ;
#371 = EDGE_LOOP ( 'NONE', ( #5080, #3592, #10102, #12290, #8268 ) ) ;
#372 =( NAMED_UNIT ( * ) PLANE_ANGLE_UNIT ( ) SI_UNIT ( $, .RADIAN. ) );
#373 = CARTESIAN_POINT ( 'NONE',  ( 11.02999999999999936, 13.99999999999999822, -11.00000000000000178 ) ) ;
#374 = MECHANICAL_DESIGN_GEOMETRIC_PRESENTATION_REPRESENTATION (  '', ( #9283 ), #4727 ) ;
#375 = CARTESIAN_POINT ( 'NONE',  ( 26.56768843574306516, 0.000000000000000000, -10.00000000000000000 ) ) ;
#376 = AXIS2_PLACEMENT_3D ( 'NONE', #4197, #5306, #12102 ) ;
#377 = DIRECTION ( 'NONE',  ( -2.026546116795335870E-16, 1.000000000000000000, -0.000000000000000000 ) ) ;
#378 = ORIENTED_EDGE ( 'NONE', *, *, #1216, .F. ) ;
#379 = CARTESIAN_POINT ( 'NONE',  ( 17.94999999999999929, 0.000000000000000000, -7.429999999999998828 ) ) ;
#380 = DIRECTION ( 'NONE',  ( -0.000000000000000000, 0.000000000000000000, 1.000000000000000000 ) ) ;
#381 = EDGE_CURVE ( 'NONE', #9587, #5268, #3242, .T. ) ;
#382 = CARTESIAN_POINT ( 'NONE',  ( 5.000000000000000000, 0.7437402936630139738, -21.62877342318509477 ) ) ;
#383 = AXIS2_PLACEMENT_3D ( 'NONE', #1592, #12408, #615 ) ;
#384 = DIRECTION ( 'NONE',  ( 5.749368466564500365E-17, 0.8829475928589255451, -0.4694715627858934148 ) ) ;
#385 = ORIENTED_EDGE ( 'NONE', *, *, #1083, .T. ) ;
#386 = VERTEX_POINT ( 'NONE', #4674 ) ;
#387 = ORIENTED_EDGE ( 'NONE', *, *, #5304, .T. ) ;
#388 = CYLINDRICAL_SURFACE ( 'NONE', #6047, 1.000000000000000888 ) ;
#389 = STYLED_ITEM ( 'NONE', ( #1298 ), #6159 ) ;
#390 = SURFACE_SIDE_STYLE ('',( #10205 ) ) ;
#391 =( LENGTH_UNIT ( ) NAMED_UNIT ( * ) SI_UNIT ( .MILLI., .METRE. ) );
#392 = CARTESIAN_POINT ( 'NONE',  ( 13.03909090176839314, 0.7437402936630143069, -17.46660796753807432 ) ) ;
#393 = VERTEX_POINT ( 'NONE', #7628 ) ;
#394 = AXIS2_PLACEMENT_3D ( 'NONE', #12529, #6894, #10544 ) ;
#395 = CIRCLE ( 'NONE', #2490, 0.1873162273354073148 ) ;
#396 = CARTESIAN_POINT ( 'NONE',  ( 27.95000000000000284, 0.000000000000000000, -16.02999999999999758 ) ) ;
#397 = DIRECTION ( 'NONE',  ( 1.000000000000000000, 0.000000000000000000, 0.000000000000000000 ) ) ;
#398 = CARTESIAN_POINT ( 'NONE',  ( 32.00000000000000000, 13.00000000000000711, -17.50000000000000000 ) ) ;
#399 = MECHANICAL_DESIGN_GEOMETRIC_PRESENTATION_REPRESENTATION (  '', ( #6192 ), #11934 ) ;
#400 =( NAMED_UNIT ( * ) SI_UNIT ( $, .STERADIAN. ) SOLID_ANGLE_UNIT ( ) );
#401 = FACE_OUTER_BOUND ( 'NONE', #5282, .T. ) ;
#402 = SURFACE_SIDE_STYLE ('',( #5467 ) ) ;
#403 = VERTEX_POINT ( 'NONE', #11525 ) ;
#404 = PRESENTATION_LAYER_ASSIGNMENT (  '', '', ( #4352 ) ) ;
#405 = DIRECTION ( 'NONE',  ( -1.000000000000000000, 0.000000000000000000, 0.000000000000000000 ) ) ;
#406 = AXIS2_PLACEMENT_3D ( 'NONE', #6177, #11312, #3499 ) ;
#407 = CARTESIAN_POINT ( 'NONE',  ( 17.94999999999999929, -5.000000000000000000, -15.62999999999999723 ) ) ;
#408 = AXIS2_PLACEMENT_3D ( 'NONE', #2411, #3315, #232 ) ;
#409 = VERTEX_POINT ( 'NONE', #9431 ) ;
#410 = CIRCLE ( 'NONE', #7639, 1.000000000000000888 ) ;
#411 = FACE_OUTER_BOUND ( 'NONE', #10541, .T. ) ;
#412 = EDGE_CURVE ( 'NONE', #11838, #3094, #4812, .T. ) ;
#413 = VERTEX_POINT ( 'NONE', #1750 ) ;
#414 = ORIENTED_EDGE ( 'NONE', *, *, #6248, .T. ) ;
#415 = DIRECTION ( 'NONE',  ( -0.000000000000000000, 1.000000000000000000, -0.000000000000000000 ) ) ;
#416 = PRESENTATION_LAYER_ASSIGNMENT (  '', '', ( #5995 ) ) ;
#417 = MECHANICAL_DESIGN_GEOMETRIC_PRESENTATION_REPRESENTATION (  '', ( #9887 ), #12171 ) ;
#418 = LINE ( 'NONE', #2453, #9978 ) ;
#419 = DIRECTION ( 'NONE',  ( -0.000000000000000000, 0.000000000000000000, 1.000000000000000000 ) ) ;
#420 = SURFACE_STYLE_FILL_AREA ( #220 ) ;
#421 = SURFACE_STYLE_USAGE ( .BOTH. , #7036 ) ;
#422 = CARTESIAN_POINT ( 'NONE',  ( 32.00000000000000000, 0.000000000000000000, -16.49999999999999289 ) ) ;
#423 = ORIENTED_EDGE ( 'NONE', *, *, #1252, .T. ) ;
#424 = ORIENTED_EDGE ( 'NONE', *, *, #2626, .F. ) ;
#425 = SURFACE_SIDE_STYLE ('',( #11327 ) ) ;
#426 = EDGE_CURVE ( 'NONE', #2147, #4479, #10369, .T. ) ;
#427 = VECTOR ( 'NONE', #10816, 1000.000000000000000 ) ;
#428 = DIRECTION ( 'NONE',  ( 1.000000000000000000, 0.000000000000000000, 0.000000000000000000 ) ) ;
#429 = FILL_AREA_STYLE ('',( #8450 ) ) ;
#430 = UNCERTAINTY_MEASURE_WITH_UNIT (LENGTH_MEASURE( 1.000000000000000082E-05 ), #9957, 'distance_accuracy_value', 'NONE');
#431 = VECTOR ( 'NONE', #11806, 1000.000000000000227 ) ;
#432 = LINE ( 'NONE', #2720, #5697 ) ;
#433 = FILL_AREA_STYLE ('',( #4281 ) ) ;
#434 = VERTEX_POINT ( 'NONE', #8407 ) ;
#435 = VERTEX_POINT ( 'NONE', #7885 ) ;
#436 = ORIENTED_EDGE ( 'NONE', *, *, #7199, .T. ) ;
#437 = CARTESIAN_POINT ( 'NONE',  ( 20.00000000000000000, -3.659182332138577465E-16, 0.5000000000000000000 ) ) ;
#438 = EDGE_CURVE ( 'NONE', #4503, #10998, #8989, .T. ) ;
#440 = EDGE_CURVE ( 'NONE', #409, #12331, #10747, .T. ) ;
#439 = VECTOR ( 'NONE', #8985, 1000.000000000000000 ) ;
#441 = LINE ( 'NONE', #375, #1030 ) ;
#442 = DIRECTION ( 'NONE',  ( 0.000000000000000000, 0.000000000000000000, -1.000000000000000000 ) ) ;
#443 = PRESENTATION_LAYER_ASSIGNMENT (  '', '', ( #8095 ) ) ;
#444 = DIRECTION ( 'NONE',  ( -0.000000000000000000, 0.000000000000000000, 1.000000000000000000 ) ) ;
#445 = CARTESIAN_POINT ( 'NONE',  ( 9.542180073764543025, 14.70498544938100416, -2.385244779468109755E-15 ) ) ;
#446 = DIRECTION ( 'NONE',  ( -1.000000000000000000, -1.070256409758549661E-16, 0.000000000000000000 ) ) ;
#447 = EDGE_LOOP ( 'NONE', ( #4568, #6974, #8637, #1845 ) ) ;
#448 = PRESENTATION_STYLE_ASSIGNMENT (( #12186 ) ) ;
#449 = SURFACE_SIDE_STYLE ('',( #574 ) ) ;
#450 =( NAMED_UNIT ( * ) PLANE_ANGLE_UNIT ( ) SI_UNIT ( $, .RADIAN. ) );
#451 = ORIENTED_EDGE ( 'NONE', *, *, #2055, .F. ) ;
#452 = ORIENTED_EDGE ( 'NONE', *, *, #4324, .F. ) ;
#453 = ORIENTED_EDGE ( 'NONE', *, *, #1681, .T. ) ;
#454 = CARTESIAN_POINT ( 'NONE',  ( 22.95000000000000284, -5.000000000000000000, -7.029999999999999361 ) ) ;
#455 = CARTESIAN_POINT ( 'NONE',  ( 32.00000000000000000, 15.00000000000000000, -4.000000000000028422 ) ) ;
#456 = ADVANCED_FACE ( 'NONE', ( #5815 ), #1016, .T. ) ;
#457 = DIRECTION ( 'NONE',  ( -1.000000000000000000, 0.000000000000000000, 0.000000000000000000 ) ) ;
#458 = EDGE_CURVE ( 'NONE', #5624, #434, #9791, .T. ) ;
#459 = CARTESIAN_POINT ( 'NONE',  ( 24.54218007376454480, 14.70498544938100416, -2.385244779468109755E-15 ) ) ;
#460 = CARTESIAN_POINT ( 'NONE',  ( 5.000000000000000000, -3.659182332138577465E-16, -18.00000000000000355 ) ) ;
#461 = VERTEX_POINT ( 'NONE', #6920 ) ;
#462 =( NAMED_UNIT ( * ) SI_UNIT ( $, .STERADIAN. ) SOLID_ANGLE_UNIT ( ) );
#463 = DIRECTION ( 'NONE',  ( -1.000000000000000000, -1.204038460978368338E-16, 0.000000000000000000 ) ) ;
#464 = DIRECTION ( 'NONE',  ( -0.000000000000000000, -0.000000000000000000, 1.000000000000000000 ) ) ;
#465 = FACE_OUTER_BOUND ( 'NONE', #6027, .T. ) ;
#466 = STYLED_ITEM ( 'NONE', ( #6727 ), #5202 ) ;
#467 = PRESENTATION_STYLE_ASSIGNMENT (( #10217 ) ) ;
#468 = VERTEX_POINT ( 'NONE', #10684 ) ;
#469 = VERTEX_POINT ( 'NONE', #4790 ) ;
#470 = CIRCLE ( 'NONE', #9950, 1.000000000000000000 ) ;
#471 = DIRECTION ( 'NONE',  ( 0.000000000000000000, 1.000000000000000000, 0.000000000000000000 ) ) ;
#473 = PRESENTATION_LAYER_ASSIGNMENT (  '', '', ( #2768 ) ) ;
#472 = CARTESIAN_POINT ( 'NONE',  ( 20.00000000000000000, 9.742953882361238271, 0.000000000000000000 ) ) ;
#474 = AXIS2_PLACEMENT_3D ( 'NONE', #10016, #2431, #4422 ) ;
#475 = EDGE_LOOP ( 'NONE', ( #11649, #5879, #6573, #11289 ) ) ;
#476 = VECTOR ( 'NONE', #10446, 1000.000000000000000 ) ;
#477 = ORIENTED_EDGE ( 'NONE', *, *, #6150, .T. ) ;
#478 = DIRECTION ( 'NONE',  ( 1.000000000000000000, 0.000000000000000000, 0.000000000000000000 ) ) ;
#479 = DIRECTION ( 'NONE',  ( 1.013273058397668058E-16, -1.000000000000000000, -5.746557074399123046E-16 ) ) ;
#480 = ORIENTED_EDGE ( 'NONE', *, *, #1407, .F. ) ;
#481 = DIRECTION ( 'NONE',  ( -0.1736481776669304700, -0.000000000000000000, -0.9848077530122080203 ) ) ;
#482 = AXIS2_PLACEMENT_3D ( 'NONE', #3098, #7937, #3294 ) ;
#483 = CIRCLE ( 'NONE', #3189, 0.9999999999999997780 ) ;
#484 = AXIS2_PLACEMENT_3D ( 'NONE', #3747, #9703, #9648 ) ;
#485 =( NAMED_UNIT ( * ) SI_UNIT ( $, .STERADIAN. ) SOLID_ANGLE_UNIT ( ) );
#486 = MECHANICAL_DESIGN_GEOMETRIC_PRESENTATION_REPRESENTATION (  '', ( #4431 ), #10768 ) ;
#487 = ORIENTED_EDGE ( 'NONE', *, *, #8956, .F. ) ;
#488 = LINE ( 'NONE', #614, #11180 ) ;
#489 = EDGE_LOOP ( 'NONE', ( #8927, #11903, #6162, #4697 ) ) ;
#490 = AXIS2_PLACEMENT_3D ( 'NONE', #12336, #3557, #478 ) ;
#491 = CARTESIAN_POINT ( 'NONE',  ( 12.94999999999999929, -5.000000000000000000, -15.44268377266459424 ) ) ;
#492 = ORIENTED_EDGE ( 'NONE', *, *, #8641, .F. ) ;
#493 = FILL_AREA_STYLE_COLOUR ( '', #1313 ) ;
#494 = CARTESIAN_POINT ( 'NONE',  ( 2.950000000000000178, -5.000000000000000000, -15.62999999999999723 ) ) ;
#495 = VECTOR ( 'NONE', #7090, 1000.000000000000000 ) ;
#496 = ORIENTED_EDGE ( 'NONE', *, *, #3575, .F. ) ;
#497 = VECTOR ( 'NONE', #1455, 1000.000000000000000 ) ;
#498 = CARTESIAN_POINT ( 'NONE',  ( 15.00000000000000000, 0.7437402936630139738, -21.62877342318509477 ) ) ;
#499 = AXIS2_PLACEMENT_3D ( 'NONE', #12498, #8666, #7700 ) ;
#500 = EDGE_CURVE ( 'NONE', #3084, #1074, #6086, .T. ) ;
#501 = ADVANCED_FACE ( 'NONE', ( #3058 ), #12690, .F. ) ;
#502 = VERTEX_POINT ( 'NONE', #945 ) ;
#503 = VERTEX_POINT ( 'NONE', #11723 ) ;
#504 = DIRECTION ( 'NONE',  ( 0.000000000000000000, -1.000000000000000000, 0.000000000000000000 ) ) ;
#505 =( GEOMETRIC_REPRESENTATION_CONTEXT ( 3 ) GLOBAL_UNCERTAINTY_ASSIGNED_CONTEXT ( ( #2572 ) ) GLOBAL_UNIT_ASSIGNED_CONTEXT ( ( #6807, #11677, #12570 ) ) REPRESENTATION_CONTEXT ( 'NONE', 'WORKASPACE' ) );
#506 = ORIENTED_EDGE ( 'NONE', *, *, #12007, .T. ) ;
#507 = PLANE ( 'NONE',  #4801 ) ;
#508 = CARTESIAN_POINT ( 'NONE',  ( 24.74897559759705601, 15.00000000000000000, -0.2210415980608903819 ) ) ;
#509 = CARTESIAN_POINT ( 'NONE',  ( 5.000000000000000000, 1.730887774041955929, -10.00000000000000000 ) ) ;
#510 = LINE ( 'NONE', #10247, #6657 ) ;
#511 = AXIS2_PLACEMENT_3D ( 'NONE', #1761, #10508, #1683 ) ;
#512 = VECTOR ( 'NONE', #185, 1000.000000000000000 ) ;
#513 =( NAMED_UNIT ( * ) PLANE_ANGLE_UNIT ( ) SI_UNIT ( $, .RADIAN. ) );
#514 = CARTESIAN_POINT ( 'NONE',  ( 5.029999999999999361, 11.00000000000000000, -3.999999999999999112 ) ) ;
#515 = SURFACE_STYLE_USAGE ( .BOTH. , #5439 ) ;
#516 = ORIENTED_EDGE ( 'NONE', *, *, #1851, .F. ) ;
#517 = ADVANCED_FACE ( 'NONE', ( #2924 ), #2080, .T. ) ;
#518 = CARTESIAN_POINT ( 'NONE',  ( 32.00000000000000000, 10.99999999999997158, 0.000000000000000000 ) ) ;
#519 = CARTESIAN_POINT ( 'NONE',  ( 21.31781992623545818, 9.999999999999998224, -0.1999999999999998446 ) ) ;
#520 = LINE ( 'NONE', #10199, #12422 ) ;
#521 = ORIENTED_EDGE ( 'NONE', *, *, #12189, .F. ) ;
#522 = ORIENTED_EDGE ( 'NONE', *, *, #2972, .F. ) ;
#523 = ORIENTED_EDGE ( 'NONE', *, *, #3390, .T. ) ;
#524 = CARTESIAN_POINT ( 'NONE',  ( 14.94855866409555034, 1.446110066005035942E-15, 0.000000000000000000 ) ) ;
#525 = DIRECTION ( 'NONE',  ( -0.000000000000000000, 0.000000000000000000, 1.000000000000000000 ) ) ;
#526 = CARTESIAN_POINT ( 'NONE',  ( 32.00000000000000000, 11.00000000000000000, -3.999999999999999112 ) ) ;
#527 = DIRECTION ( 'NONE',  ( 0.000000000000000000, -1.000000000000000000, -0.000000000000000000 ) ) ;
#528 = DIRECTION ( 'NONE',  ( 0.000000000000000000, 1.000000000000000000, 0.000000000000000000 ) ) ;
#529 = EDGE_CURVE ( 'NONE', #3838, #7422, #8518, .T. ) ;
#530 = EDGE_CURVE ( 'NONE', #10687, #12469, #10954, .T. ) ;
#531 = SURFACE_STYLE_USAGE ( .BOTH. , #6373 ) ;
#532 = CARTESIAN_POINT ( 'NONE',  ( 21.12085837563301283, 14.98520393037187581, -0.1652703644666149441 ) ) ;
#533 = ORIENTED_EDGE ( 'NONE', *, *, #8710, .T. ) ;
#534 = PLANE ( 'NONE',  #10635 ) ;
#535 = CARTESIAN_POINT ( 'NONE',  ( 8.948558664095548565, 2.730887774041955929, -10.00000000000000000 ) ) ;
#536 = DIRECTION ( 'NONE',  ( -1.000000000000000000, -0.000000000000000000, -0.000000000000000000 ) ) ;
#537 =( NAMED_UNIT ( * ) PLANE_ANGLE_UNIT ( ) SI_UNIT ( $, .RADIAN. ) );
#538 =( NAMED_UNIT ( * ) SI_UNIT ( $, .STERADIAN. ) SOLID_ANGLE_UNIT ( ) );
#539 = ORIENTED_EDGE ( 'NONE', *, *, #7484, .F. ) ;
#540 = ORIENTED_EDGE ( 'NONE', *, *, #9162, .F. ) ;
#541 = UNCERTAINTY_MEASURE_WITH_UNIT (LENGTH_MEASURE( 1.000000000000000082E-05 ), #5004, 'distance_accuracy_value', 'NONE');
#542 = ORIENTED_EDGE ( 'NONE', *, *, #11252, .T. ) ;
#543 = CARTESIAN_POINT ( 'NONE',  ( 27.95000000000000284, -5.000000000000000000, -15.22999999999999687 ) ) ;
#544 = EDGE_CURVE ( 'NONE', #11697, #613, #8017, .T. ) ;
#545 = CARTESIAN_POINT ( 'NONE',  ( 20.00000000000000000, 0.000000000000000000, -21.62877342318509477 ) ) ;
#546 = STYLED_ITEM ( 'NONE', ( #8281 ), #4175 ) ;
#547 =( LENGTH_UNIT ( ) NAMED_UNIT ( * ) SI_UNIT ( .MILLI., .METRE. ) );
#548 = ORIENTED_EDGE ( 'NONE', *, *, #12154, .F. ) ;
#549 = DIRECTION ( 'NONE',  ( 1.000000000000000000, -1.734723475976807094E-15, 0.000000000000000000 ) ) ;
#550 = CARTESIAN_POINT ( 'NONE',  ( 1.029999999999999583, 14.99999999999999822, -10.99999999999999289 ) ) ;
#551 = ORIENTED_EDGE ( 'NONE', *, *, #737, .T. ) ;
#552 = ORIENTED_EDGE ( 'NONE', *, *, #9201, .F. ) ;
#553 = CARTESIAN_POINT ( 'NONE',  ( 11.11102440240294875, 15.00000000000000000, -0.2210415980608899378 ) ) ;
#554 = UNCERTAINTY_MEASURE_WITH_UNIT (LENGTH_MEASURE( 1.000000000000000082E-05 ), #6059, 'distance_accuracy_value', 'NONE');
#555 = AXIS2_PLACEMENT_3D ( 'NONE', #9304, #7319, #8089 ) ;
#556 = VECTOR ( 'NONE', #3380, 1000.000000000000000 ) ;
#557 = DIRECTION ( 'NONE',  ( -0.000000000000000000, -0.000000000000000000, 1.000000000000000000 ) ) ;
#558 = ORIENTED_EDGE ( 'NONE', *, *, #8904, .T. ) ;
#559 = ORIENTED_EDGE ( 'NONE', *, *, #7778, .F. ) ;
#560 = ORIENTED_EDGE ( 'NONE', *, *, #2052, .T. ) ;
#561 = FILL_AREA_STYLE_COLOUR ( '', #8480 ) ;
#562 = ORIENTED_EDGE ( 'NONE', *, *, #3401, .T. ) ;
#563 = DIRECTION ( 'NONE',  ( 1.000000000000000000, 0.000000000000000000, -0.000000000000000000 ) ) ;
#564 = DIRECTION ( 'NONE',  ( 0.000000000000000000, 0.000000000000000000, -1.000000000000000000 ) ) ;
#565 = AXIS2_PLACEMENT_3D ( 'NONE', #10886, #12756, #7884 ) ;
#566 = FILL_AREA_STYLE ('',( #2613 ) ) ;
#567 =( LENGTH_UNIT ( ) NAMED_UNIT ( * ) SI_UNIT ( .MILLI., .METRE. ) );
#568 = ADVANCED_FACE ( 'NONE', ( #3118 ), #7054, .F. ) ;
#569 = DIRECTION ( 'NONE',  ( -1.154112234971584564E-16, 0.5694971485754449780, -0.8219933076153586038 ) ) ;
#570 = EDGE_CURVE ( 'NONE', #3570, #1197, #12175, .T. ) ;
#571 =( NAMED_UNIT ( * ) SI_UNIT ( $, .STERADIAN. ) SOLID_ANGLE_UNIT ( ) );
#572 = VERTEX_POINT ( 'NONE', #11080 ) ;
#573 = DIRECTION ( 'NONE',  ( -0.1736481776669308585, 0.000000000000000000, 0.9848077530122080203 ) ) ;
#574 = SURFACE_STYLE_FILL_AREA ( #7381 ) ;
#575 = DIRECTION ( 'NONE',  ( 1.000000000000000000, 0.000000000000000000, 0.000000000000000000 ) ) ;
#576 = ORIENTED_EDGE ( 'NONE', *, *, #8130, .T. ) ;
#577 = ORIENTED_EDGE ( 'NONE', *, *, #8641, .T. ) ;
#578 = STYLED_ITEM ( 'NONE', ( #11419 ), #9800 ) ;
#579 = FILL_AREA_STYLE ('',( #8289 ) ) ;
#580 = CARTESIAN_POINT ( 'NONE',  ( 32.00000000000000000, 1.000000000000007105, -18.00000000000000355 ) ) ;
#581 = CIRCLE ( 'NONE', #10258, 1.000000000000000888 ) ;
#582 =( LENGTH_UNIT ( ) NAMED_UNIT ( * ) SI_UNIT ( .MILLI., .METRE. ) );
#583 = EDGE_CURVE ( 'NONE', #11353, #3759, #1914, .T. ) ;
#584 = ADVANCED_FACE ( 'NONE', ( #7248 ), #11209, .F. ) ;
#585 = CARTESIAN_POINT ( 'NONE',  ( 21.67576706438588019, 2.730887774041955929, 0.000000000000000000 ) ) ;
#586 = CONICAL_SURFACE ( 'NONE', #6582, 0.1873162273354038454, 0.4886921905584215020 ) ;
#587 =( GEOMETRIC_REPRESENTATION_CONTEXT ( 3 ) GLOBAL_UNCERTAINTY_ASSIGNED_CONTEXT ( ( #9694 ) ) GLOBAL_UNIT_ASSIGNED_CONTEXT ( ( #3711, #6659, #757 ) ) REPRESENTATION_CONTEXT ( 'NONE', 'WORKASPACE' ) );
#588 = DIRECTION ( 'NONE',  ( 0.000000000000000000, 0.000000000000000000, 1.000000000000000000 ) ) ;
#589 = DIRECTION ( 'NONE',  ( 0.000000000000000000, 1.000000000000000000, 0.000000000000000000 ) ) ;
#590 = CIRCLE ( 'NONE', #7825, 0.4000000000000001887 ) ;
#591 = CARTESIAN_POINT ( 'NONE',  ( 7.950000000000000178, -5.000000000000000000, -7.830000000000000071 ) ) ;
#592 =( NAMED_UNIT ( * ) SI_UNIT ( $, .STERADIAN. ) SOLID_ANGLE_UNIT ( ) );
#593 = ORIENTED_EDGE ( 'NONE', *, *, #10582, .F. ) ;
#594 = CARTESIAN_POINT ( 'NONE',  ( 27.95000000000000284, -5.000000000000000000, -7.242683772664591402 ) ) ;
#595 = UNCERTAINTY_MEASURE_WITH_UNIT (LENGTH_MEASURE( 1.000000000000000082E-05 ), #3428, 'distance_accuracy_value', 'NONE');
#596 = LINE ( 'NONE', #8487, #12361 ) ;
#597 = FACE_OUTER_BOUND ( 'NONE', #6626, .T. ) ;
#598 = VECTOR ( 'NONE', #1391, 1000.000000000000000 ) ;
#599 = ORIENTED_EDGE ( 'NONE', *, *, #8531, .T. ) ;
#600 = PRESENTATION_STYLE_ASSIGNMENT (( #5651 ) ) ;
#601 = ADVANCED_FACE ( 'NONE', ( #3389 ), #5319, .F. ) ;
#602 = LINE ( 'NONE', #4570, #8920 ) ;
#603 = EDGE_CURVE ( 'NONE', #3115, #2887, #8930, .T. ) ;
#604 = ORIENTED_EDGE ( 'NONE', *, *, #2529, .T. ) ;
#605 = FILL_AREA_STYLE_COLOUR ( '', #2990 ) ;
#606 = CARTESIAN_POINT ( 'NONE',  ( 20.83000000000000185, 10.99999999999997158, -1.000000000000000000 ) ) ;
#607 = STYLED_ITEM ( 'NONE', ( #8063 ), #5589 ) ;
#608 = VECTOR ( 'NONE', #8886, 1000.000000000000114 ) ;
#609 = VECTOR ( 'NONE', #6616, 1000.000000000000000 ) ;
#610 = DIRECTION ( 'NONE',  ( 0.000000000000000000, 1.000000000000000000, -0.000000000000000000 ) ) ;
#611 =( GEOMETRIC_REPRESENTATION_CONTEXT ( 3 ) GLOBAL_UNCERTAINTY_ASSIGNED_CONTEXT ( ( #4354 ) ) GLOBAL_UNIT_ASSIGNED_CONTEXT ( ( #5260, #8217, #6353 ) ) REPRESENTATION_CONTEXT ( 'NONE', 'WORKASPACE' ) );
#612 = CARTESIAN_POINT ( 'NONE',  ( 0.000000000000000000, 15.00000000000000000, -4.000000000000028422 ) ) ;
#613 = VERTEX_POINT ( 'NONE', #2467 ) ;
#614 = CARTESIAN_POINT ( 'NONE',  ( -1.595391950804084580, 14.99999999999999645, -0.2500000000000017208 ) ) ;
#615 = DIRECTION ( 'NONE',  ( 0.000000000000000000, 0.000000000000000000, 1.000000000000000000 ) ) ;
#616 = ORIENTED_EDGE ( 'NONE', *, *, #1681, .F. ) ;
#617 = DIRECTION ( 'NONE',  ( 1.000000000000000000, 0.000000000000000000, 0.000000000000000000 ) ) ;
#618 = EDGE_CURVE ( 'NONE', #5186, #3616, #1501, .T. ) ;
#619 = ORIENTED_EDGE ( 'NONE', *, *, #11237, .T. ) ;
#620 = MECHANICAL_DESIGN_GEOMETRIC_PRESENTATION_REPRESENTATION (  '', ( #5172 ), #4761 ) ;
#621 = VECTOR ( 'NONE', #7504, 1000.000000000000000 ) ;
#622 = DIRECTION ( 'NONE',  ( -1.000000000000000000, 0.000000000000000000, -0.000000000000000000 ) ) ;
#623 = DIRECTION ( 'NONE',  ( -0.000000000000000000, 1.000000000000000000, -0.000000000000000000 ) ) ;
#624 = ORIENTED_EDGE ( 'NONE', *, *, #7112, .F. ) ;
#625 = PRESENTATION_LAYER_ASSIGNMENT (  '', '', ( #1454 ) ) ;
#626 = FACE_OUTER_BOUND ( 'NONE', #4027, .T. ) ;
#627 = ORIENTED_EDGE ( 'NONE', *, *, #8792, .F. ) ;
#628 = AXIS2_PLACEMENT_3D ( 'NONE', #2450, #5217, #4319 ) ;
#629 = ORIENTED_EDGE ( 'NONE', *, *, #9055, .T. ) ;
#630 = DIRECTION ( 'NONE',  ( 0.000000000000000000, 0.000000000000000000, -1.000000000000000000 ) ) ;
#631 = STYLED_ITEM ( 'NONE', ( #5043 ), #6233 ) ;
#632 = DIRECTION ( 'NONE',  ( 0.000000000000000000, -1.000000000000000000, 0.000000000000000000 ) ) ;
#633 = MECHANICAL_DESIGN_GEOMETRIC_PRESENTATION_REPRESENTATION (  '', ( #11750 ), #2928 ) ;
#634 = DIRECTION ( 'NONE',  ( -1.000000000000000000, -1.013273058397667935E-16, -0.000000000000000000 ) ) ;
#635 = DIRECTION ( 'NONE',  ( -0.000000000000000000, 0.000000000000000000, 1.000000000000000000 ) ) ;
#636 = LINE ( 'NONE', #8405, #621 ) ;
#637 = FACE_OUTER_BOUND ( 'NONE', #10092, .T. ) ;
#638 = DIRECTION ( 'NONE',  ( -1.000000000000000000, -0.000000000000000000, -0.000000000000000000 ) ) ;
#639 = EDGE_CURVE ( 'NONE', #5592, #12477, #5369, .T. ) ;
#640 = ORIENTED_EDGE ( 'NONE', *, *, #10294, .T. ) ;
#641 = VERTEX_POINT ( 'NONE', #9295 ) ;
#642 = EDGE_CURVE ( 'NONE', #2012, #11505, #5312, .T. ) ;
#643 = CYLINDRICAL_SURFACE ( 'NONE', #376, 0.9999999999999991118 ) ;
#644 = DIRECTION ( 'NONE',  ( 1.000000000000000000, -0.000000000000000000, -0.000000000000000000 ) ) ;
#645 =( NAMED_UNIT ( * ) SI_UNIT ( $, .STERADIAN. ) SOLID_ANGLE_UNIT ( ) );
#646 = DIRECTION ( 'NONE',  ( 1.000000000000000000, 0.000000000000000000, 0.000000000000000000 ) ) ;
#647 = SURFACE_SIDE_STYLE ('',( #3541 ) ) ;
#648 = FILL_AREA_STYLE ('',( #9498 ) ) ;
#649 = FILL_AREA_STYLE ('',( #2635 ) ) ;
#650 = CARTESIAN_POINT ( 'NONE',  ( 25.03000000000000469, 1.019352696748054822E-15, -12.00000000000000000 ) ) ;
#651 = ORIENTED_EDGE ( 'NONE', *, *, #3342, .T. ) ;
#652 = ADVANCED_FACE ( 'NONE', ( #7133 ), #6270, .T. ) ;
#653 = DIRECTION ( 'NONE',  ( 0.000000000000000000, 0.000000000000000000, 1.000000000000000000 ) ) ;
#654 = ADVANCED_FACE ( 'NONE', ( #4213 ), #8527, .T. ) ;
#655 = VERTEX_POINT ( 'NONE', #7423 ) ;
#656 = PLANE ( 'NONE',  #3460 ) ;
#657 = CARTESIAN_POINT ( 'NONE',  ( 7.067688435743067821, 9.742953882361238271, 0.000000000000000000 ) ) ;
#658 = VERTEX_POINT ( 'NONE', #1599 ) ;
#659 = FILL_AREA_STYLE_COLOUR ( '', #2963 ) ;
#660 = VERTEX_POINT ( 'NONE', #11339 ) ;
#661 = AXIS2_PLACEMENT_3D ( 'NONE', #6205, #5184, #12064 ) ;
#662 =( NAMED_UNIT ( * ) SI_UNIT ( $, .STERADIAN. ) SOLID_ANGLE_UNIT ( ) );
#663 = ORIENTED_EDGE ( 'NONE', *, *, #8550, .T. ) ;
#664 =( NAMED_UNIT ( * ) SI_UNIT ( $, .STERADIAN. ) SOLID_ANGLE_UNIT ( ) );
#665 = CARTESIAN_POINT ( 'NONE',  ( 15.00000000000000000, 0.7437402936630139738, -21.62877342318509477 ) ) ;
#666 = CIRCLE ( 'NONE', #10551, 1.000000000000000888 ) ;
#667 = EDGE_CURVE ( 'NONE', #1242, #7909, #3643, .T. ) ;
#668 = MECHANICAL_DESIGN_GEOMETRIC_PRESENTATION_REPRESENTATION (  '', ( #11579 ), #4813 ) ;
#669 = VECTOR ( 'NONE', #12573, 1000.000000000000000 ) ;
#670 = FILL_AREA_STYLE_COLOUR ( '', #9297 ) ;
#671 = DIRECTION ( 'NONE',  ( -0.000000000000000000, -0.000000000000000000, 1.000000000000000000 ) ) ;
#672 = LINE ( 'NONE', #1714, #9058 ) ;
#673 = ORIENTED_EDGE ( 'NONE', *, *, #9827, .T. ) ;
#674 = DIRECTION ( 'NONE',  ( 0.000000000000000000, -0.000000000000000000, -1.000000000000000000 ) ) ;
#675 = VERTEX_POINT ( 'NONE', #5499 ) ;
#676 = CARTESIAN_POINT ( 'NONE',  ( 4.405796263627369690E-32, -3.659182332138577465E-16, 0.5000000000000000000 ) ) ;
#677 = AXIS2_PLACEMENT_3D ( 'NONE', #12626, #7766, #646 ) ;
#678 = UNCERTAINTY_MEASURE_WITH_UNIT (LENGTH_MEASURE( 1.000000000000000082E-05 ), #7272, 'distance_accuracy_value', 'NONE');
#679 = AXIS2_PLACEMENT_3D ( 'NONE', #16, #3990, #8695 ) ;
#680 = COLOUR_RGB ( '',1.000000000000000000, 0.5019607843137254832, 0.5019607843137254832 ) ;
#681 = AXIS2_PLACEMENT_3D ( 'NONE', #11333, #622, #10350 ) ;
#682 = MECHANICAL_DESIGN_GEOMETRIC_PRESENTATION_REPRESENTATION (  '', ( #4429 ), #11596 ) ;
#683 = EDGE_CURVE ( 'NONE', #5034, #6804, #11392, .T. ) ;
#684 = EDGE_CURVE ( 'NONE', #2262, #7798, #11576, .T. ) ;
#685 = CARTESIAN_POINT ( 'NONE',  ( 0.000000000000000000, 11.77659106982886783, -12.00000000000000000 ) ) ;
#686 = VECTOR ( 'NONE', #4535, 1000.000000000000114 ) ;
#687 = EDGE_LOOP ( 'NONE', ( #8409, #1673, #2702, #9702 ) ) ;
#688 = MECHANICAL_DESIGN_GEOMETRIC_PRESENTATION_REPRESENTATION (  '', ( #8530 ), #4644 ) ;
#689 = CARTESIAN_POINT ( 'NONE',  ( 32.00000000000000000, 0.000000000000000000, -16.49999999999999289 ) ) ;
#690 =( NAMED_UNIT ( * ) SI_UNIT ( $, .STERADIAN. ) SOLID_ANGLE_UNIT ( ) );
#691 = MECHANICAL_DESIGN_GEOMETRIC_PRESENTATION_REPRESENTATION (  '', ( #12391 ), #9776 ) ;
#692 =( NAMED_UNIT ( * ) PLANE_ANGLE_UNIT ( ) SI_UNIT ( $, .RADIAN. ) );
#693 = CARTESIAN_POINT ( 'NONE',  ( 20.67576706438588019, 2.730887774041955929, -10.00000000000000000 ) ) ;
#694 = CIRCLE ( 'NONE', #4450, 1.000000000000000888 ) ;
#695 = FACE_OUTER_BOUND ( 'NONE', #7002, .T. ) ;
#696 = AXIS2_PLACEMENT_3D ( 'NONE', #6502, #3280, #10269 ) ;
#697 = ADVANCED_FACE ( 'NONE', ( #626 ), #7563, .F. ) ;
#698 = CARTESIAN_POINT ( 'NONE',  ( 13.40460804919591631, 11.77659106982886428, -12.00000000000000000 ) ) ;
#699 = VERTEX_POINT ( 'NONE', #12475 ) ;
#700 = AXIS2_PLACEMENT_3D ( 'NONE', #9933, #9864, #8852 ) ;
#701 = FACE_OUTER_BOUND ( 'NONE', #8914, .T. ) ;
#702 = DIRECTION ( 'NONE',  ( -0.000000000000000000, -0.000000000000000000, 1.000000000000000000 ) ) ;
#703 = FILL_AREA_STYLE ('',( #2554 ) ) ;
#704 = ORIENTED_EDGE ( 'NONE', *, *, #7562, .F. ) ;
#705 =( NAMED_UNIT ( * ) SI_UNIT ( $, .STERADIAN. ) SOLID_ANGLE_UNIT ( ) );
#706 = CARTESIAN_POINT ( 'NONE',  ( 14.55499095451013680, 15.89570717673226241, 0.8790999815629499947 ) ) ;
#707 = CARTESIAN_POINT ( 'NONE',  ( 15.00000000000000000, 0.000000000000000000, 0.5000000000000000000 ) ) ;
#708 = STYLED_ITEM ( 'NONE', ( #1271 ), #817 ) ;
#709 = CARTESIAN_POINT ( 'NONE',  ( 25.56768843574306516, 7.363962665405081154, -10.00000000000000000 ) ) ;
#710 =( GEOMETRIC_REPRESENTATION_CONTEXT ( 3 ) GLOBAL_UNCERTAINTY_ASSIGNED_CONTEXT ( ( #6113 ) ) GLOBAL_UNIT_ASSIGNED_CONTEXT ( ( #6600, #4680, #4613 ) ) REPRESENTATION_CONTEXT ( 'NONE', 'WORKASPACE' ) );
#711 = EDGE_CURVE ( 'NONE', #7822, #9298, #10421, .T. ) ;
#712 =( NAMED_UNIT ( * ) PLANE_ANGLE_UNIT ( ) SI_UNIT ( $, .RADIAN. ) );
#713 = VERTEX_POINT ( 'NONE', #3754 ) ;
#714 = CARTESIAN_POINT ( 'NONE',  ( 17.94999999999999929, -4.599999999999999645, -7.429999999999998828 ) ) ;
#715 = SURFACE_STYLE_USAGE ( .BOTH. , #3784 ) ;
#716 = CARTESIAN_POINT ( 'NONE',  ( 26.03000000000000114, 14.99999999999999822, -0.6805538183541244290 ) ) ;
#717 = VERTEX_POINT ( 'NONE', #11455 ) ;
#718 =( NAMED_UNIT ( * ) PLANE_ANGLE_UNIT ( ) SI_UNIT ( $, .RADIAN. ) );
#719 = ORIENTED_EDGE ( 'NONE', *, *, #10835, .F. ) ;
#720 = ORIENTED_EDGE ( 'NONE', *, *, #6774, .T. ) ;
#721 = EDGE_CURVE ( 'NONE', #8501, #11472, #2663, .T. ) ;
#722 = CYLINDRICAL_SURFACE ( 'NONE', #5673, 0.5000000000000004441 ) ;
#723 = EDGE_CURVE ( 'NONE', #11854, #971, #5611, .T. ) ;
#724 = ORIENTED_EDGE ( 'NONE', *, *, #5255, .T. ) ;
#725 = ADVANCED_FACE ( 'NONE', ( #6641 ), #1727, .F. ) ;
#726 = FACE_OUTER_BOUND ( 'NONE', #7650, .T. ) ;
#727 = DIRECTION ( 'NONE',  ( 1.000000000000000000, 2.081668171172166620E-14, 0.000000000000000000 ) ) ;
#728 = ORIENTED_EDGE ( 'NONE', *, *, #2368, .T. ) ;
#729 = DIRECTION ( 'NONE',  ( 0.000000000000000000, 0.000000000000000000, 1.000000000000000000 ) ) ;
#730 = VERTEX_POINT ( 'NONE', #12675 ) ;
#731 = CARTESIAN_POINT ( 'NONE',  ( 15.00000000000000000, 1.730887774041955929, -10.00000000000000000 ) ) ;
#732 = SURFACE_SIDE_STYLE ('',( #9524 ) ) ;
#733 = ORIENTED_EDGE ( 'NONE', *, *, #6545, .T. ) ;
#734 = CARTESIAN_POINT ( 'NONE',  ( 1.567688435743064268, 0.000000000000000000, 0.000000000000000000 ) ) ;
#735 = EDGE_LOOP ( 'NONE', ( #10138, #7241, #1076, #640 ) ) ;
#736 = CARTESIAN_POINT ( 'NONE',  ( 24.06833203617090788, 0.000000000000000000, -10.00000000000000000 ) ) ;
#737 = EDGE_CURVE ( 'NONE', #5493, #10854, #100, .T. ) ;
#738 = SURFACE_SIDE_STYLE ('',( #6918 ) ) ;
#739 = VECTOR ( 'NONE', #2462, 1000.000000000000000 ) ;
#740 = LINE ( 'NONE', #7864, #8344 ) ;
#741 = PRESENTATION_STYLE_ASSIGNMENT (( #3517 ) ) ;
#742 = ORIENTED_EDGE ( 'NONE', *, *, #2846, .F. ) ;
#743 = DIRECTION ( 'NONE',  ( 0.000000000000000000, -0.000000000000000000, -1.000000000000000000 ) ) ;
#744 = ORIENTED_EDGE ( 'NONE', *, *, #1638, .T. ) ;
#745 = CARTESIAN_POINT ( 'NONE',  ( 27.95000000000000284, 0.000000000000000000, -7.429999999999998828 ) ) ;
#746 = VECTOR ( 'NONE', #653, 1000.000000000000000 ) ;
#747 = ORIENTED_EDGE ( 'NONE', *, *, #9229, .F. ) ;
#748 = EDGE_CURVE ( 'NONE', #5506, #8454, #5661, .T. ) ;
#749 = FACE_OUTER_BOUND ( 'NONE', #8301, .T. ) ;
#750 = ADVANCED_FACE ( 'NONE', ( #6776 ), #9779, .T. ) ;
#751 = VERTEX_POINT ( 'NONE', #4911 ) ;
#752 = DIRECTION ( 'NONE',  ( 1.000000000000000000, 2.026546116795335870E-16, -0.000000000000000000 ) ) ;
#753 = CARTESIAN_POINT ( 'NONE',  ( 16.12085837563301283, 14.98520393037187581, -0.1652703644666149441 ) ) ;
#754 = CARTESIAN_POINT ( 'NONE',  ( -6.595391950804084580, 12.20709392125342241, -1.676461860280853200 ) ) ;
#755 = ORIENTED_EDGE ( 'NONE', *, *, #11502, .T. ) ;
#756 = VERTEX_POINT ( 'NONE', #10874 ) ;
#757 =( NAMED_UNIT ( * ) SI_UNIT ( $, .STERADIAN. ) SOLID_ANGLE_UNIT ( ) );
#758 = SURFACE_SIDE_STYLE ('',( #10443 ) ) ;
#759 = CARTESIAN_POINT ( 'NONE',  ( 32.00000000000000000, 15.00000000000000000, -15.50000000000000178 ) ) ;
#760 = SURFACE_STYLE_FILL_AREA ( #7697 ) ;
#761 = EDGE_CURVE ( 'NONE', #11952, #6484, #8831, .T. ) ;
#762 = CARTESIAN_POINT ( 'NONE',  ( 10.83000000000000185, 11.77659106982886783, -12.00000000000000000 ) ) ;
#763 = DIRECTION ( 'NONE',  ( 1.000000000000000000, 0.000000000000000000, 0.000000000000000000 ) ) ;
#764 = MECHANICAL_DESIGN_GEOMETRIC_PRESENTATION_REPRESENTATION (  '', ( #2463 ), #9643 ) ;
#765 = LINE ( 'NONE', #11672, #3104 ) ;
#766 = DIRECTION ( 'NONE',  ( -1.000000000000000000, -1.204038460978368338E-16, 0.000000000000000000 ) ) ;
#767 = DIRECTION ( 'NONE',  ( 1.000000000000000000, 1.204038460978368338E-16, -0.000000000000000000 ) ) ;
#768 = ORIENTED_EDGE ( 'NONE', *, *, #11483, .T. ) ;
#769 = CARTESIAN_POINT ( 'NONE',  ( 23.94855866409554679, 5.698981658683065277, 0.000000000000000000 ) ) ;
#770 = FACE_OUTER_BOUND ( 'NONE', #9987, .T. ) ;
#771 = VERTEX_POINT ( 'NONE', #2971 ) ;
#772 = CARTESIAN_POINT ( 'NONE',  ( 22.95000000000000284, -5.000000000000000000, -15.81731622733540199 ) ) ;
#773 = ORIENTED_EDGE ( 'NONE', *, *, #4283, .F. ) ;
#774 = DIRECTION ( 'NONE',  ( -0.000000000000000000, -0.000000000000000000, 1.000000000000000000 ) ) ;
#775 = FILL_AREA_STYLE_COLOUR ( '', #8352 ) ;
#776 = VERTEX_POINT ( 'NONE', #1799 ) ;
#777 = FACE_OUTER_BOUND ( 'NONE', #5512, .T. ) ;
#778 = DIRECTION ( 'NONE',  ( -0.000000000000000000, 1.000000000000000000, 0.000000000000000000 ) ) ;
#779 = DIRECTION ( 'NONE',  ( -0.1736481776669308585, 0.000000000000000000, 0.9848077530122080203 ) ) ;
#780 = VECTOR ( 'NONE', #3651, 1000.000000000000000 ) ;
#781 =( GEOMETRIC_REPRESENTATION_CONTEXT ( 3 ) GLOBAL_UNCERTAINTY_ASSIGNED_CONTEXT ( ( #9457 ) ) GLOBAL_UNIT_ASSIGNED_CONTEXT ( ( #1461, #8385, #9464 ) ) REPRESENTATION_CONTEXT ( 'NONE', 'WORKASPACE' ) );
#782 = PLANE ( 'NONE',  #825 ) ;
#783 = EDGE_LOOP ( 'NONE', ( #11163, #353, #5020, #540, #1696 ) ) ;
#784 = LINE ( 'NONE', #6956, #4425 ) ;
#785 = SURFACE_SIDE_STYLE ('',( #3805 ) ) ;
#786 = EDGE_CURVE ( 'NONE', #11198, #9976, #5994, .T. ) ;
#787 = EDGE_LOOP ( 'NONE', ( #4462, #11231, #10980, #2581 ) ) ;
#788 = DIRECTION ( 'NONE',  ( -0.000000000000000000, 1.000000000000000000, -0.000000000000000000 ) ) ;
#789 = VERTEX_POINT ( 'NONE', #3935 ) ;
#790 = CARTESIAN_POINT ( 'NONE',  ( 16.67576706438588019, 5.698981658683065277, 0.000000000000000000 ) ) ;
#791 = VECTOR ( 'NONE', #3854, 1000.000000000000000 ) ;
#792 = LINE ( 'NONE', #991, #5777 ) ;
#793 = CIRCLE ( 'NONE', #5571, 0.5000000000000004441 ) ;
#794 = CARTESIAN_POINT ( 'NONE',  ( 8.039090901768393138, 0.7437402936630143069, -18.00000000000000355 ) ) ;
#795 = DIRECTION ( 'NONE',  ( -1.000000000000000000, 0.000000000000000000, 0.000000000000000000 ) ) ;
#796 = PRESENTATION_LAYER_ASSIGNMENT (  '', '', ( #10285 ) ) ;
#797 = VECTOR ( 'NONE', #8910, 1000.000000000000000 ) ;
#798 = DIRECTION ( 'NONE',  ( -0.000000000000000000, -0.000000000000000000, 1.000000000000000000 ) ) ;
#799 = PRESENTATION_LAYER_ASSIGNMENT (  '', '', ( #607 ) ) ;
#800 = UNCERTAINTY_MEASURE_WITH_UNIT (LENGTH_MEASURE( 1.000000000000000082E-05 ), #12481, 'distance_accuracy_value', 'NONE');
#801 = ORIENTED_EDGE ( 'NONE', *, *, #7878, .T. ) ;
#802 = PRESENTATION_STYLE_ASSIGNMENT (( #4599 ) ) ;
#803 = AXIS2_PLACEMENT_3D ( 'NONE', #4929, #12621, #12763 ) ;
#804 = EDGE_CURVE ( 'NONE', #3616, #5333, #10811, .T. ) ;
#805 = ADVANCED_FACE ( 'NONE', ( #4071 ), #3822, .F. ) ;
#806 = COLOUR_RGB ( '',1.000000000000000000, 0.5019607843137254832, 0.5019607843137254832 ) ;
#807 = LINE ( 'NONE', #937, #264 ) ;
#808 = CYLINDRICAL_SURFACE ( 'NONE', #1144, 1.000000000000000888 ) ;
#809 = ORIENTED_EDGE ( 'NONE', *, *, #9030, .T. ) ;
#810 = VECTOR ( 'NONE', #4296, 1000.000000000000000 ) ;
#811 = LINE ( 'NONE', #12610, #1968 ) ;
#812 = CARTESIAN_POINT ( 'NONE',  ( 29.74394556828655567, 14.99501846973960184, -0.1925148842800870619 ) ) ;
#813 = CARTESIAN_POINT ( 'NONE',  ( 3.948558664095548121, 2.730887774041955929, -10.00000000000000000 ) ) ;
#814 = CARTESIAN_POINT ( 'NONE',  ( 21.15410615412709561, 14.51832180537508954, -0.07518642710997469614 ) ) ;
#815 = COLOUR_RGB ( '',0.8313725490196077761, 0.8392156862745098200, 0.8313725490196077761 ) ;
#816 = CARTESIAN_POINT ( 'NONE',  ( 9.754081745177115792, 15.00000000000000000, -0.2500000000000014988 ) ) ;
#817 = ADVANCED_FACE ( 'NONE', ( #11643 ), #8595, .T. ) ;
#818 = ORIENTED_EDGE ( 'NONE', *, *, #7471, .F. ) ;
#819 = EDGE_CURVE ( 'NONE', #12643, #971, #2831, .T. ) ;
#820 = ORIENTED_EDGE ( 'NONE', *, *, #8511, .F. ) ;
#821 = AXIS2_PLACEMENT_3D ( 'NONE', #8250, #12158, #5355 ) ;
#822 = DIRECTION ( 'NONE',  ( 1.000000000000000000, 0.000000000000000000, -0.000000000000000000 ) ) ;
#823 = PRESENTATION_LAYER_ASSIGNMENT (  '', '', ( #6433 ) ) ;
#824 = DIRECTION ( 'NONE',  ( 0.000000000000000000, -1.000000000000000000, 0.000000000000000000 ) ) ;
#825 = AXIS2_PLACEMENT_3D ( 'NONE', #6885, #10797, #4763 ) ;
#826 = PLANE ( 'NONE',  #7168 ) ;
#827 = LINE ( 'NONE', #8729, #8774 ) ;
#828 = UNCERTAINTY_MEASURE_WITH_UNIT (LENGTH_MEASURE( 1.000000000000000082E-05 ), #5808, 'distance_accuracy_value', 'NONE');
#829 = DIRECTION ( 'NONE',  ( 0.000000000000000000, 0.000000000000000000, 1.000000000000000000 ) ) ;
#830 = DIRECTION ( 'NONE',  ( -1.000000000000000000, 0.000000000000000000, -0.000000000000000000 ) ) ;
#831 = ADVANCED_FACE ( 'NONE', ( #9217 ), #356, .T. ) ;
#832 = EDGE_CURVE ( 'NONE', #10412, #7422, #11447, .T. ) ;
#833 = SURFACE_STYLE_USAGE ( .BOTH. , #5772 ) ;
#834 = ORIENTED_EDGE ( 'NONE', *, *, #11483, .F. ) ;
#835 = DIRECTION ( 'NONE',  ( 0.000000000000000000, -1.000000000000000000, -0.000000000000000000 ) ) ;
#836 = FILL_AREA_STYLE ('',( #9686 ) ) ;
#837 = ORIENTED_EDGE ( 'NONE', *, *, #4382, .F. ) ;
#838 = CARTESIAN_POINT ( 'NONE',  ( 11.02999999999999936, 14.99999999999999822, -0.6805538183541244290 ) ) ;
#839 = ORIENTED_EDGE ( 'NONE', *, *, #5048, .F. ) ;
#840 = DIRECTION ( 'NONE',  ( 1.000000000000000000, 2.026546116795335870E-16, 0.000000000000000000 ) ) ;
#841 = ORIENTED_EDGE ( 'NONE', *, *, #8958, .F. ) ;
#842 =( LENGTH_UNIT ( ) NAMED_UNIT ( * ) SI_UNIT ( .MILLI., .METRE. ) );
#843 = PLANE ( 'NONE',  #12632 ) ;
#844 = DIRECTION ( 'NONE',  ( 1.000000000000000000, 0.000000000000000000, -0.000000000000000000 ) ) ;
#845 = ADVANCED_FACE ( 'NONE', ( #8571 ), #8077, .T. ) ;
#846 = VERTEX_POINT ( 'NONE', #1590 ) ;
#847 = LINE ( 'NONE', #982, #2938 ) ;
#848 = ORIENTED_EDGE ( 'NONE', *, *, #2445, .T. ) ;
#849 = AXIS2_PLACEMENT_3D ( 'NONE', #9179, #8209, #11029 ) ;
#850 = CARTESIAN_POINT ( 'NONE',  ( 21.56768843574306516, 7.363962665405081154, -10.00000000000000000 ) ) ;
#851 = CARTESIAN_POINT ( 'NONE',  ( 15.00000000000000000, 0.7437402936630139738, -17.46660796753807432 ) ) ;
#852 = ORIENTED_EDGE ( 'NONE', *, *, #355, .T. ) ;
#853 = DIRECTION ( 'NONE',  ( 0.000000000000000000, 0.000000000000000000, 1.000000000000000000 ) ) ;
#854 = VERTEX_POINT ( 'NONE', #612 ) ;
#855 = DIRECTION ( 'NONE',  ( -0.000000000000000000, -0.000000000000000000, 1.000000000000000000 ) ) ;
#856 = FACE_OUTER_BOUND ( 'NONE', #224, .T. ) ;
#857 = AXIS2_PLACEMENT_3D ( 'NONE', #9170, #11981, #6195 ) ;
#858 = VECTOR ( 'NONE', #6544, 1000.000000000000000 ) ;
#859 = CARTESIAN_POINT ( 'NONE',  ( 1.277002892719795835, 14.79563495755399316, 1.694065894508669049E-18 ) ) ;
#860 =( GEOMETRIC_REPRESENTATION_CONTEXT ( 3 ) GLOBAL_UNCERTAINTY_ASSIGNED_CONTEXT ( ( #4227 ) ) GLOBAL_UNIT_ASSIGNED_CONTEXT ( ( #7784, #718, #662 ) ) REPRESENTATION_CONTEXT ( 'NONE', 'WORKASPACE' ) );
#861 = AXIS2_PLACEMENT_3D ( 'NONE', #8367, #4250, #5402 ) ;
#862 = ORIENTED_EDGE ( 'NONE', *, *, #2146, .F. ) ;
#863 = VECTOR ( 'NONE', #4168, 1000.000000000000000 ) ;
#864 = MECHANICAL_DESIGN_GEOMETRIC_PRESENTATION_REPRESENTATION (  '', ( #5230 ), #3795 ) ;
#865 = CARTESIAN_POINT ( 'NONE',  ( 15.56768843574306516, 7.363962665405081154, -10.00000000000000000 ) ) ;
#866 = EDGE_LOOP ( 'NONE', ( #12436, #3073, #2197, #1899 ) ) ;
#867 = CARTESIAN_POINT ( 'NONE',  ( 15.00000000000000000, 15.00000000000000000, -12.00000000000000000 ) ) ;
#868 = AXIS2_PLACEMENT_3D ( 'NONE', #7675, #4527, #8453 ) ;
#869 = VECTOR ( 'NONE', #671, 1000.000000000000000 ) ;
#870 = DIRECTION ( 'NONE',  ( -0.000000000000000000, -0.000000000000000000, 1.000000000000000000 ) ) ;
#871 =( NAMED_UNIT ( * ) PLANE_ANGLE_UNIT ( ) SI_UNIT ( $, .RADIAN. ) );
#872 = ORIENTED_EDGE ( 'NONE', *, *, #10380, .F. ) ;
#873 = CARTESIAN_POINT ( 'NONE',  ( 16.56768843574306516, 7.363962665405081154, -10.00000000000000000 ) ) ;
#874 = CARTESIAN_POINT ( 'NONE',  ( 6.029999999999999361, 13.99999999999999822, -11.00000000000000178 ) ) ;
#875 = STYLED_ITEM ( 'NONE', ( #7698 ), #11696 ) ;
#876 = ORIENTED_EDGE ( 'NONE', *, *, #5606, .F. ) ;
#877 = CARTESIAN_POINT ( 'NONE',  ( 17.94999999999999929, -5.000000000000000000, -15.62999999999999723 ) ) ;
#878 = ADVANCED_FACE ( 'NONE', ( #8500 ), #5416, .T. ) ;
#879 = CARTESIAN_POINT ( 'NONE',  ( 2.950000000000000178, -4.599999999999999645, -15.62999999999999723 ) ) ;
#880 = EDGE_CURVE ( 'NONE', #7406, #4542, #3507, .T. ) ;
#881 = EDGE_CURVE ( 'NONE', #9134, #9948, #7458, .T. ) ;
#882 = AXIS2_PLACEMENT_3D ( 'NONE', #379, #2419, #246 ) ;
#883 = CLOSED_SHELL ( 'NONE', ( #12402, #12492, #6756, #12379, #7457, #12430, #11673, #9923, #9238, #11005, #5153, #3322, #4597, #456, #4251 ) ) ;
#884 = AXIS2_PLACEMENT_3D ( 'NONE', #11640, #10663, #7670 ) ;
#885 = LINE ( 'NONE', #1749, #5076 ) ;
#886 = DIRECTION ( 'NONE',  ( -1.000000000000000000, 0.000000000000000000, 0.000000000000000000 ) ) ;
#887 = ORIENTED_EDGE ( 'NONE', *, *, #8440, .T. ) ;
#888 = MECHANICAL_DESIGN_GEOMETRIC_PRESENTATION_REPRESENTATION (  '', ( #12030 ), #8535 ) ;
#889 = ORIENTED_EDGE ( 'NONE', *, *, #9830, .F. ) ;
#890 = AXIS2_PLACEMENT_3D ( 'NONE', #9696, #10712, #10790 ) ;
#891 = CARTESIAN_POINT ( 'NONE',  ( 22.06768843574306516, 9.242953882361238271, -10.00000000000000000 ) ) ;
#892 = LINE ( 'NONE', #11726, #3343 ) ;
#893 = CARTESIAN_POINT ( 'NONE',  ( 6.129330960381349946, 14.45765201367954944, -0.1172199486182099043 ) ) ;
#894 = FACE_OUTER_BOUND ( 'NONE', #12769, .T. ) ;
#895 =( GEOMETRIC_REPRESENTATION_CONTEXT ( 3 ) GLOBAL_UNCERTAINTY_ASSIGNED_CONTEXT ( ( #9467 ) ) GLOBAL_UNIT_ASSIGNED_CONTEXT ( ( #7397, #1506, #9387 ) ) REPRESENTATION_CONTEXT ( 'NONE', 'WORKASPACE' ) );
#896 = AXIS2_PLACEMENT_3D ( 'NONE', #6980, #10887, #7819 ) ;
#897 = COLOUR_RGB ( '',1.000000000000000000, 0.5019607843137254832, 0.5019607843137254832 ) ;
#898 = CARTESIAN_POINT ( 'NONE',  ( 1.675767064385880190, 5.698981658683065277, -10.00000000000000000 ) ) ;
#899 = ADVANCED_FACE ( 'NONE', ( #7546 ), #8444, .T. ) ;
#900 = STYLED_ITEM ( 'NONE', ( #3258 ), #12134 ) ;
#901 = DIRECTION ( 'NONE',  ( 1.000000000000000000, 0.000000000000000000, 0.000000000000000000 ) ) ;
#902 = CARTESIAN_POINT ( 'NONE',  ( -6.595391950804084580, 11.77659106982886428, -12.00000000000000000 ) ) ;
#903 = SURFACE_STYLE_FILL_AREA ( #4938 ) ;
#904 = AXIS2_PLACEMENT_3D ( 'NONE', #519, #2353, #4481 ) ;
#905 = CARTESIAN_POINT ( 'NONE',  ( 18.03909090176839314, 2.407412430484044816E-31, -18.00000000000000355 ) ) ;
#906 = MECHANICAL_DESIGN_GEOMETRIC_PRESENTATION_REPRESENTATION (  '', ( #2181 ), #11008 ) ;
#907 = AXIS2_PLACEMENT_3D ( 'NONE', #526, #11296, #7448 ) ;
#908 = ORIENTED_EDGE ( 'NONE', *, *, #4878, .F. ) ;
#909 = DIRECTION ( 'NONE',  ( 0.000000000000000000, 0.000000000000000000, 1.000000000000000000 ) ) ;
#910 = PRESENTATION_LAYER_ASSIGNMENT (  '', '', ( #3445 ) ) ;
#911 = LINE ( 'NONE', #4881, #10085 ) ;
#912 = DIRECTION ( 'NONE',  ( -2.026546116795335870E-16, 1.000000000000000000, -0.000000000000000000 ) ) ;
#913 = CARTESIAN_POINT ( 'NONE',  ( 4.583189038539869919, 14.79584954382815809, -1.336935628122505903E-15 ) ) ;
#914 = ORIENTED_EDGE ( 'NONE', *, *, #10043, .T. ) ;
#915 = LINE ( 'NONE', #3617, #6083 ) ;
#916 = ADVANCED_FACE ( 'NONE', ( #12343 ), #6823, .T. ) ;
#917 = VECTOR ( 'NONE', #10964, 1000.000000000000000 ) ;
#918 = EDGE_CURVE ( 'NONE', #4877, #10286, #11631, .T. ) ;
#919 = CARTESIAN_POINT ( 'NONE',  ( 0.8299999999999999600, 15.00000000000000000, -12.00000000000000000 ) ) ;
#920 = VERTEX_POINT ( 'NONE', #3737 ) ;
#921 = PLANE ( 'NONE',  #1525 ) ;
#922 = SURFACE_STYLE_FILL_AREA ( #4698 ) ;
#923 = FILL_AREA_STYLE_COLOUR ( '', #5218 ) ;
#924 = VERTEX_POINT ( 'NONE', #7663 ) ;
#925 =( GEOMETRIC_REPRESENTATION_CONTEXT ( 3 ) GLOBAL_UNCERTAINTY_ASSIGNED_CONTEXT ( ( #6406 ) ) GLOBAL_UNIT_ASSIGNED_CONTEXT ( ( #4347, #513, #5752 ) ) REPRESENTATION_CONTEXT ( 'NONE', 'WORKASPACE' ) );
#926 = DIRECTION ( 'NONE',  ( 0.000000000000000000, -1.000000000000000000, 0.000000000000000000 ) ) ;
#927 = FACE_OUTER_BOUND ( 'NONE', #7739, .T. ) ;
#928 = ORIENTED_EDGE ( 'NONE', *, *, #7249, .T. ) ;
#929 = CARTESIAN_POINT ( 'NONE',  ( 25.06833203617090788, 7.356120034073296843, -10.00000000000000000 ) ) ;
#930 = DIRECTION ( 'NONE',  ( -1.070256409758549784E-16, 1.000000000000000000, 0.000000000000000000 ) ) ;
#931 = EDGE_CURVE ( 'NONE', #5333, #846, #4588, .T. ) ;
#932 = CARTESIAN_POINT ( 'NONE',  ( 1.235617608806251155, 14.84182210956595327, -0.01224815792354585868 ) ) ;
#933 = FILL_AREA_STYLE_COLOUR ( '', #6840 ) ;
#934 = CARTESIAN_POINT ( 'NONE',  ( 10.67576706438588197, 0.000000000000000000, 0.000000000000000000 ) ) ;
#935 = AXIS2_PLACEMENT_3D ( 'NONE', #4592, #4523, #7483 ) ;
#936 = EDGE_LOOP ( 'NONE', ( #9902, #5724 ) ) ;
#937 = CARTESIAN_POINT ( 'NONE',  ( 13.40460804919591631, 11.77659106982886428, -2.498455167896218576 ) ) ;
#938 = CARTESIAN_POINT ( 'NONE',  ( 15.03000000000000114, 11.77659106982886783, -1.974724807276291516 ) ) ;
#939 = ORIENTED_EDGE ( 'NONE', *, *, #201, .T. ) ;
#940 = DIRECTION ( 'NONE',  ( 0.000000000000000000, 0.000000000000000000, -1.000000000000000000 ) ) ;
#941 = DIRECTION ( 'NONE',  ( 0.000000000000000000, 1.000000000000000000, 0.000000000000000000 ) ) ;
#942 = VECTOR ( 'NONE', #8282, 1000.000000000000000 ) ;
#943 = CARTESIAN_POINT ( 'NONE',  ( 29.72894227661927147, 14.96436648895475763, -0.1074269890130547106 ) ) ;
#944 = DIRECTION ( 'NONE',  ( 1.000000000000000000, 2.922285384827992868E-16, 0.000000000000000000 ) ) ;
#945 = CARTESIAN_POINT ( 'NONE',  ( 0.000000000000000000, 1.000000000000007105, 0.000000000000000000 ) ) ;
#946 = EDGE_LOOP ( 'NONE', ( #8183, #4809, #6395, #10538 ) ) ;
#947 = ORIENTED_EDGE ( 'NONE', *, *, #7776, .F. ) ;
#948 = CIRCLE ( 'NONE', #555, 1.000000000000000888 ) ;
#949 = AXIS2_PLACEMENT_3D ( 'NONE', #344, #2306, #4255 ) ;
#950 = CYLINDRICAL_SURFACE ( 'NONE', #2664, 4.000000000000000000 ) ;
#951 = LINE ( 'NONE', #7581, #3938 ) ;
#952 = ADVANCED_FACE ( 'NONE', ( #6762 ), #782, .F. ) ;
#953 = FILL_AREA_STYLE ('',( #10894 ) ) ;
#954 = EDGE_CURVE ( 'NONE', #11919, #12421, #847, .T. ) ;
#955 = DIRECTION ( 'NONE',  ( 1.000000000000000000, 0.000000000000000000, 0.000000000000000000 ) ) ;
#956 = DIRECTION ( 'NONE',  ( 1.000000000000000000, 0.000000000000000000, 0.000000000000000000 ) ) ;
#957 = LINE ( 'NONE', #1104, #4466 ) ;
#958 = DIRECTION ( 'NONE',  ( 0.000000000000000000, -0.000000000000000000, -1.000000000000000000 ) ) ;
#959 = ORIENTED_EDGE ( 'NONE', *, *, #1860, .T. ) ;
#960 = FACE_OUTER_BOUND ( 'NONE', #7610, .T. ) ;
#961 = AXIS2_PLACEMENT_3D ( 'NONE', #4083, #6979, #11856 ) ;
#962 = DIRECTION ( 'NONE',  ( -1.000000000000000000, -1.013273058397667935E-16, -0.000000000000000000 ) ) ;
#963 = EDGE_CURVE ( 'NONE', #11473, #5160, #2834, .T. ) ;
#964 =( NAMED_UNIT ( * ) PLANE_ANGLE_UNIT ( ) SI_UNIT ( $, .RADIAN. ) );
#965 = CARTESIAN_POINT ( 'NONE',  ( 14.50844535013322734, 6.527550846378181504, -10.00000000000000000 ) ) ;
#966 = EDGE_CURVE ( 'NONE', #10045, #5762, #2111, .T. ) ;
#967 = VERTEX_POINT ( 'NONE', #1903 ) ;
#968 = CARTESIAN_POINT ( 'NONE',  ( 28.03909090176839669, 0.000000000000000000, -21.62877342318509477 ) ) ;
#969 = VERTEX_POINT ( 'NONE', #14 ) ;
#970 = DIRECTION ( 'NONE',  ( -1.000000000000000000, -0.000000000000000000, -0.000000000000000000 ) ) ;
#971 = VERTEX_POINT ( 'NONE', #3868 ) ;
#972 = CARTESIAN_POINT ( 'NONE',  ( 2.950000000000000178, -5.000000000000000000, -15.62999999999999723 ) ) ;
#973 = EDGE_CURVE ( 'NONE', #10619, #9924, #9765, .T. ) ;
#974 = PRESENTATION_LAYER_ASSIGNMENT (  '', '', ( #3704 ) ) ;
#975 = DIRECTION ( 'NONE',  ( -0.1736481776669308585, 0.000000000000000000, 0.9848077530122080203 ) ) ;
#976 = SURFACE_SIDE_STYLE ('',( #6627 ) ) ;
#977 = FILL_AREA_STYLE ('',( #7660 ) ) ;
#978 =( NAMED_UNIT ( * ) SI_UNIT ( $, .STERADIAN. ) SOLID_ANGLE_UNIT ( ) );
#979 = VECTOR ( 'NONE', #174, 1000.000000000000000 ) ;
#980 = FILL_AREA_STYLE ('',( #1982 ) ) ;
#981 = EDGE_LOOP ( 'NONE', ( #12460, #8763, #9019, #9028 ) ) ;
#982 = CARTESIAN_POINT ( 'NONE',  ( 5.000000000000000000, 11.77659106982886783, -1.974724807276291516 ) ) ;
#983 = EDGE_CURVE ( 'NONE', #10889, #4198, #4826, .T. ) ;
#984 = ORIENTED_EDGE ( 'NONE', *, *, #5424, .T. ) ;
#985 = ADVANCED_FACE ( 'NONE', ( #10859 ), #8818, .F. ) ;
#986 = FACE_OUTER_BOUND ( 'NONE', #7982, .T. ) ;
#987 = AXIS2_PLACEMENT_3D ( 'NONE', #11474, #8601, #2680 ) ;
#988 = VERTEX_POINT ( 'NONE', #9893 ) ;
#989 = DIRECTION ( 'NONE',  ( -0.000000000000000000, -0.000000000000000000, 1.000000000000000000 ) ) ;
#990 = DIRECTION ( 'NONE',  ( -1.070256409758549784E-16, 1.000000000000000000, 0.000000000000000000 ) ) ;
#991 = CARTESIAN_POINT ( 'NONE',  ( 20.83000000000000185, 11.77659106982886783, -12.00000000000000000 ) ) ;
#992 = CARTESIAN_POINT ( 'NONE',  ( 11.16336522494685113, 14.92559238504415120, -0.06527167913285139567 ) ) ;
#993 = AXIS2_PLACEMENT_3D ( 'NONE', #6412, #11281, #7378 ) ;
#994 = AXIS2_PLACEMENT_3D ( 'NONE', #4316, #7097, #9207 ) ;
#995 = CARTESIAN_POINT ( 'NONE',  ( 17.94999999999999929, -5.000000000000000000, -15.62999999999999723 ) ) ;
#996 = ADVANCED_FACE ( 'NONE', ( #11690 ), #5858, .T. ) ;
#997 = CARTESIAN_POINT ( 'NONE',  ( 26.12085837563301283, 14.38829763613029478, -0.1652703644666158045 ) ) ;
#998 = PLANE ( 'NONE',  #987 ) ;
#999 = VECTOR ( 'NONE', #9704, 1000.000000000000000 ) ;
#1000 = FILL_AREA_STYLE ('',( #5938 ) ) ;
#1001 = AXIS2_PLACEMENT_3D ( 'NONE', #11743, #5719, #8743 ) ;
#1002 = EDGE_LOOP ( 'NONE', ( #3955, #876, #3259, #5739 ) ) ;
#1003 = ORIENTED_EDGE ( 'NONE', *, *, #10220, .T. ) ;
#1004 =( NAMED_UNIT ( * ) SI_UNIT ( $, .STERADIAN. ) SOLID_ANGLE_UNIT ( ) );
#1005 = ORIENTED_EDGE ( 'NONE', *, *, #5067, .T. ) ;
#1006 = CARTESIAN_POINT ( 'NONE',  ( 13.40460804919591631, 14.56261116223713792, -0.04450167309616068906 ) ) ;
#1007 = AXIS2_PLACEMENT_3D ( 'NONE', #7416, #6258, #1347 ) ;
#1008 = ORIENTED_EDGE ( 'NONE', *, *, #6385, .F. ) ;
#1009 = DIRECTION ( 'NONE',  ( 1.000000000000000000, 0.000000000000000000, 0.000000000000000000 ) ) ;
#1010 = CARTESIAN_POINT ( 'NONE',  ( 14.62983593741586574, 14.60711963188013129, -0.01366511236712725230 ) ) ;
#1011 = VECTOR ( 'NONE', #4559, 1000.000000000000000 ) ;
#1012 = DIRECTION ( 'NONE',  ( -1.000000000000000000, -0.000000000000000000, -0.000000000000000000 ) ) ;
#1013 = ORIENTED_EDGE ( 'NONE', *, *, #8956, .T. ) ;
#1014 = CIRCLE ( 'NONE', #803, 1.000000000000000888 ) ;
#1015 = CARTESIAN_POINT ( 'NONE',  ( 16.31781992623545818, 14.70498544938100416, 2.168404344971008621E-16 ) ) ;
#1016 = CYLINDRICAL_SURFACE ( 'NONE', #248, 0.1999999999999987899 ) ;
#1017 = VERTEX_POINT ( 'NONE', #5450 ) ;
#1018 = ORIENTED_EDGE ( 'NONE', *, *, #4507, .T. ) ;
#1019 =( LENGTH_UNIT ( ) NAMED_UNIT ( * ) SI_UNIT ( .MILLI., .METRE. ) );
#1020 = SURFACE_SIDE_STYLE ('',( #12066 ) ) ;
#1021 = CARTESIAN_POINT ( 'NONE',  ( 9.830000000000001847, 12.77659106982886783, -2.498455167896214579 ) ) ;
#1022 = EDGE_CURVE ( 'NONE', #4372, #12393, #8226, .T. ) ;
#1023 = VECTOR ( 'NONE', #870, 1000.000000000000000 ) ;
#1024 = DIRECTION ( 'NONE',  ( -2.026546116795335870E-16, 1.000000000000000000, -0.000000000000000000 ) ) ;
#1025 = CARTESIAN_POINT ( 'NONE',  ( 23.56833203617090433, 9.742953882361238271, 0.000000000000000000 ) ) ;
#1026 = CARTESIAN_POINT ( 'NONE',  ( 10.83000000000000185, 11.77659106982886783, -12.00000000000000000 ) ) ;
#1027 = DIRECTION ( 'NONE',  ( 0.000000000000000000, 0.000000000000000000, 1.000000000000000000 ) ) ;
#1028 = ADVANCED_FACE ( 'NONE', ( #8287 ), #388, .T. ) ;
#1029 = FILL_AREA_STYLE ('',( #10699 ) ) ;
#1030 = VECTOR ( 'NONE', #8459, 1000.000000000000000 ) ;
#1031 = PRESENTATION_STYLE_ASSIGNMENT (( #7977 ) ) ;
#1032 = SURFACE_SIDE_STYLE ('',( #10844 ) ) ;
#1033 = EDGE_LOOP ( 'NONE', ( #2774, #12173, #2465, #48 ) ) ;
#1034 = SURFACE_STYLE_USAGE ( .BOTH. , #2031 ) ;
#1035 = AXIS2_PLACEMENT_3D ( 'NONE', #7120, #1276, #7872 ) ;
#1036 = LINE ( 'NONE', #7004, #5242 ) ;
#1037 = ORIENTED_EDGE ( 'NONE', *, *, #918, .T. ) ;
#1038 = CARTESIAN_POINT ( 'NONE',  ( 4.739141624366985717, 14.98520393037187937, -0.1652703644666174421 ) ) ;
#1039 = ORIENTED_EDGE ( 'NONE', *, *, #8202, .T. ) ;
#1040 = LINE ( 'NONE', #2237, #3002 ) ;
#1041 = PRESENTATION_LAYER_ASSIGNMENT (  '', '', ( #1666 ) ) ;
#1042 =( LENGTH_UNIT ( ) NAMED_UNIT ( * ) SI_UNIT ( .MILLI., .METRE. ) );
#1043 = ORIENTED_EDGE ( 'NONE', *, *, #10582, .T. ) ;
#1044 =( NAMED_UNIT ( * ) SI_UNIT ( $, .STERADIAN. ) SOLID_ANGLE_UNIT ( ) );
#1045 = EDGE_CURVE ( 'NONE', #3739, #2005, #12129, .T. ) ;
#1046 = DIRECTION ( 'NONE',  ( 0.000000000000000000, -1.000000000000000000, 0.000000000000000000 ) ) ;
#1047 = EDGE_CURVE ( 'NONE', #1565, #6827, #5392, .T. ) ;
#1048 = DIRECTION ( 'NONE',  ( -0.9848077530122080203, -1.995758327656830446E-16, -0.1736481776669308585 ) ) ;
#1049 = EDGE_LOOP ( 'NONE', ( #5923, #2334, #4608, #2044 ) ) ;
#1050 = PRESENTATION_LAYER_ASSIGNMENT (  '', '', ( #6227 ) ) ;
#1051 = SURFACE_STYLE_FILL_AREA ( #10715 ) ;
#1052 = CARTESIAN_POINT ( 'NONE',  ( 13.03909090176839314, 0.000000000000000000, -21.62877342318509477 ) ) ;
#1053 = ORIENTED_EDGE ( 'NONE', *, *, #3879, .T. ) ;
#1054 = PRODUCT ( 'Anytek QT 6', 'Anytek QT 6', '', ( #4089 ) ) ;
#1055 = MECHANICAL_DESIGN_GEOMETRIC_PRESENTATION_REPRESENTATION (  '', ( #466 ), #7887 ) ;
#1056 = DIRECTION ( 'NONE',  ( 0.000000000000000000, 0.000000000000000000, -1.000000000000000000 ) ) ;
#1057 = LINE ( 'NONE', #8882, #10077 ) ;
#1058 = ORIENTED_EDGE ( 'NONE', *, *, #6919, .T. ) ;
#1059 = SURFACE_STYLE_FILL_AREA ( #216 ) ;
#1060 = VERTEX_POINT ( 'NONE', #6275 ) ;
#1061 = EDGE_LOOP ( 'NONE', ( #117, #8042, #4728, #5358, #4073, #2437, #6050, #5367 ) ) ;
#1062 = SURFACE_STYLE_FILL_AREA ( #10032 ) ;
#1063 = DIRECTION ( 'NONE',  ( 0.000000000000000000, 1.000000000000000000, 0.000000000000000000 ) ) ;
#1064 = DIRECTION ( 'NONE',  ( 0.000000000000000000, 0.8829475928589225475, 0.4694715627858989104 ) ) ;
#1065 = ADVANCED_FACE ( 'NONE', ( #2219 ), #4218, .F. ) ;
#1066 = ORIENTED_EDGE ( 'NONE', *, *, #3946, .F. ) ;
#1067 = DIRECTION ( 'NONE',  ( -0.000000000000000000, -0.000000000000000000, 1.000000000000000000 ) ) ;
#1068 = VECTOR ( 'NONE', #7013, 1000.000000000000000 ) ;
#1069 = DIRECTION ( 'NONE',  ( 0.000000000000000000, -1.000000000000000000, 0.000000000000000000 ) ) ;
#1070 = B_SPLINE_CURVE_WITH_KNOTS ( 'NONE', 3,
 ( #1238, #4235, #5140, #191 ),
 .UNSPECIFIED., .F., .F.,
 ( 4, 4 ),
 ( 1.833693609828957664E-17, 0.0001957360288148543494 ),
 .UNSPECIFIED. ) ;
#1071 = DIRECTION ( 'NONE',  ( 0.000000000000000000, 0.8829475928589225475, 0.4694715627858989104 ) ) ;
#1072 = CARTESIAN_POINT ( 'NONE',  ( 8.404608049195916308, 14.56261116223713792, -0.04450167309616068906 ) ) ;
#1073 = CONICAL_SURFACE ( 'NONE', #9932, 0.1873162273354073148, 0.4886921905584152848 ) ;
#1074 = VERTEX_POINT ( 'NONE', #2277 ) ;
#1075 = FACE_OUTER_BOUND ( 'NONE', #9034, .T. ) ;
#1076 = ORIENTED_EDGE ( 'NONE', *, *, #299, .T. ) ;
#1077 = SURFACE_STYLE_FILL_AREA ( #2208 ) ;
#1078 = ORIENTED_EDGE ( 'NONE', *, *, #11224, .T. ) ;
#1079 = MECHANICAL_DESIGN_GEOMETRIC_PRESENTATION_REPRESENTATION (  '', ( #11572 ), #11371 ) ;
#1080 = VECTOR ( 'NONE', #1607, 1000.000000000000000 ) ;
#1081 = ORIENTED_EDGE ( 'NONE', *, *, #8346, .F. ) ;
#1082 = LINE ( 'NONE', #6726, #6505 ) ;
#1083 = EDGE_CURVE ( 'NONE', #2067, #12608, #1421, .T. ) ;
#1084 = VECTOR ( 'NONE', #10587, 1000.000000000000000 ) ;
#1085 = EDGE_CURVE ( 'NONE', #7600, #2056, #12247, .T. ) ;
#1086 = DIRECTION ( 'NONE',  ( 0.000000000000000000, -0.000000000000000000, -1.000000000000000000 ) ) ;
#1087 = CARTESIAN_POINT ( 'NONE',  ( 14.83000000000000362, 12.77659106982886783, -2.498455167896214579 ) ) ;
#1088 = ORIENTED_EDGE ( 'NONE', *, *, #603, .T. ) ;
#1089 = DIRECTION ( 'NONE',  ( 2.026546116795336363E-16, -1.000000000000000000, -1.376838949271375885E-31 ) ) ;
#1090 = DIRECTION ( 'NONE',  ( -1.070256409758549784E-16, 1.000000000000000000, 0.000000000000000000 ) ) ;
#1091 = ORIENTED_EDGE ( 'NONE', *, *, #22, .T. ) ;
#1092 = CIRCLE ( 'NONE', #4216, 0.5000000000000004441 ) ;
#1093 = ORIENTED_EDGE ( 'NONE', *, *, #4046, .T. ) ;
#1094 =( LENGTH_UNIT ( ) NAMED_UNIT ( * ) SI_UNIT ( .MILLI., .METRE. ) );
#1095 =( GEOMETRIC_REPRESENTATION_CONTEXT ( 3 ) GLOBAL_UNCERTAINTY_ASSIGNED_CONTEXT ( ( #10952 ) ) GLOBAL_UNIT_ASSIGNED_CONTEXT ( ( #582, #3537, #645 ) ) REPRESENTATION_CONTEXT ( 'NONE', 'WORKASPACE' ) );
#1096 = CARTESIAN_POINT ( 'NONE',  ( 24.73914162436698660, 9.999999999999998224, -0.1652703644666174421 ) ) ;
#1097 = VECTOR ( 'NONE', #4069, 1000.000000000000000 ) ;
#1098 = CARTESIAN_POINT ( 'NONE',  ( 5.830000000000000071, 15.00000000000000000, -12.00000000000000000 ) ) ;
#1099 = CARTESIAN_POINT ( 'NONE',  ( 11.67576706438588019, 5.698981658683065277, -10.00000000000000000 ) ) ;
#1100 = AXIS2_PLACEMENT_3D ( 'NONE', #11963, #2058, #5104 ) ;
#1101 = AXIS2_PLACEMENT_3D ( 'NONE', #6175, #10087, #347 ) ;
#1102 = VECTOR ( 'NONE', #10675, 1000.000000000000000 ) ;
#1103 = EDGE_CURVE ( 'NONE', #751, #7629, #2341, .T. ) ;
#1104 = CARTESIAN_POINT ( 'NONE',  ( 21.01499359486471974, 13.52171604471974931, -0.7656593709756721600 ) ) ;
#1105 = VECTOR ( 'NONE', #1996, 1000.000000000000000 ) ;
#1106 = LINE ( 'NONE', #10965, #9480 ) ;
#1107 = VECTOR ( 'NONE', #7633, 1000.000000000000000 ) ;
#1108 = CARTESIAN_POINT ( 'NONE',  ( 12.94999999999999929, -5.000000000000000000, -7.429999999999998828 ) ) ;
#1109 = COLOUR_RGB ( '',0.8313725490196077761, 0.8392156862745098200, 0.8313725490196077761 ) ;
#1110 = ORIENTED_EDGE ( 'NONE', *, *, #6758, .F. ) ;
#1111 = DIRECTION ( 'NONE',  ( -0.000000000000000000, 0.000000000000000000, 1.000000000000000000 ) ) ;
#1112 = FACE_OUTER_BOUND ( 'NONE', #3284, .T. ) ;
#1113 = STYLED_ITEM ( 'NONE', ( #5136 ), #34 ) ;
#1114 = FILL_AREA_STYLE_COLOUR ( '', #7635 ) ;
#1115 = ORIENTED_EDGE ( 'NONE', *, *, #5835, .F. ) ;
#1116 = CARTESIAN_POINT ( 'NONE',  ( 28.03909090176839669, 0.000000000000000000, -21.62877342318509477 ) ) ;
#1117 = ORIENTED_EDGE ( 'NONE', *, *, #3793, .F. ) ;
#1118 = FILL_AREA_STYLE ('',( #10914 ) ) ;
#1119 = ORIENTED_EDGE ( 'NONE', *, *, #3302, .T. ) ;
#1120 = SURFACE_SIDE_STYLE ('',( #202 ) ) ;
#1121 = ORIENTED_EDGE ( 'NONE', *, *, #9598, .F. ) ;
#1122 = SURFACE_SIDE_STYLE ('',( #2110 ) ) ;
#1123 = PRESENTATION_LAYER_ASSIGNMENT (  '', '', ( #9979 ) ) ;
#1124 = LINE ( 'NONE', #5091, #4844 ) ;
#1125 = VECTOR ( 'NONE', #6222, 1000.000000000000114 ) ;
#1126 = ORIENTED_EDGE ( 'NONE', *, *, #2976, .T. ) ;
#1127 = FILL_AREA_STYLE ('',( #11052 ) ) ;
#1128 = ORIENTED_EDGE ( 'NONE', *, *, #3293, .T. ) ;
#1129 = DIRECTION ( 'NONE',  ( 0.000000000000000000, 0.000000000000000000, 1.000000000000000000 ) ) ;
#1130 = DIRECTION ( 'NONE',  ( 0.000000000000000000, -1.000000000000000000, 0.000000000000000000 ) ) ;
#1131 = ORIENTED_EDGE ( 'NONE', *, *, #10735, .F. ) ;
#1132 = AXIS2_PLACEMENT_3D ( 'NONE', #4740, #10447, #11608 ) ;
#1133 = ORIENTED_EDGE ( 'NONE', *, *, #6150, .F. ) ;
#1134 = VECTOR ( 'NONE', #9256, 1000.000000000000000 ) ;
#1135 = CIRCLE ( 'NONE', #3824, 1.000000000000000000 ) ;
#1136 = EDGE_CURVE ( 'NONE', #2291, #10480, #10329, .T. ) ;
#1137 = AXIS2_PLACEMENT_3D ( 'NONE', #4855, #7755, #11653 ) ;
#1138 = ADVANCED_FACE ( 'NONE', ( #3256 ), #238, .T. ) ;
#1139 = CARTESIAN_POINT ( 'NONE',  ( 5.030000000000003801, 1.019352696748054822E-15, -12.00000000000000000 ) ) ;
#1140 = VERTEX_POINT ( 'NONE', #12118 ) ;
#1141 = LINE ( 'NONE', #3099, #3816 ) ;
#1142 = DIRECTION ( 'NONE',  ( 1.000000000000000000, 0.000000000000000000, 0.000000000000000000 ) ) ;
#1143 = ORIENTED_EDGE ( 'NONE', *, *, #7534, .T. ) ;
#1144 = AXIS2_PLACEMENT_3D ( 'NONE', #4670, #8837, #3758 ) ;
#1145 = PRESENTATION_STYLE_ASSIGNMENT (( #4912 ) ) ;
#1146 = ORIENTED_EDGE ( 'NONE', *, *, #11302, .T. ) ;
#1147 = CARTESIAN_POINT ( 'NONE',  ( 14.73914162436698660, 14.98520393037187937, -0.1652703644666174421 ) ) ;
#1148 = PLANE ( 'NONE',  #3298 ) ;
#1149 = EDGE_CURVE ( 'NONE', #1462, #5295, #3320, .T. ) ;
#1150 = EDGE_CURVE ( 'NONE', #5330, #9713, #4131, .T. ) ;
#1151 = CARTESIAN_POINT ( 'NONE',  ( 32.00000000000000000, 15.00000000000000000, -4.000000000000028422 ) ) ;
#1152 = ORIENTED_EDGE ( 'NONE', *, *, #10664, .T. ) ;
#1153 = DIRECTION ( 'NONE',  ( -0.000000000000000000, -0.000000000000000000, 1.000000000000000000 ) ) ;
#1154 = VERTEX_POINT ( 'NONE', #1220 ) ;
#1155 =( NAMED_UNIT ( * ) SI_UNIT ( $, .STERADIAN. ) SOLID_ANGLE_UNIT ( ) );
#1156 = DIRECTION ( 'NONE',  ( 0.000000000000000000, 0.000000000000000000, 1.000000000000000000 ) ) ;
#1157 = VERTEX_POINT ( 'NONE', #12178 ) ;
#1158 = UNCERTAINTY_MEASURE_WITH_UNIT (LENGTH_MEASURE( 1.000000000000000082E-05 ), #11602, 'distance_accuracy_value', 'NONE');
#1159 = FACE_OUTER_BOUND ( 'NONE', #12104, .T. ) ;
#1160 = ORIENTED_EDGE ( 'NONE', *, *, #3949, .F. ) ;
#1161 = ORIENTED_EDGE ( 'NONE', *, *, #4659, .T. ) ;
#1162 = EDGE_CURVE ( 'NONE', #3032, #6279, #3392, .T. ) ;
#1163 = CARTESIAN_POINT ( 'NONE',  ( 32.00000000000000000, 11.00000000000000000, -3.999999999999999112 ) ) ;
#1164 = EDGE_CURVE ( 'NONE', #5026, #469, #7314, .T. ) ;
#1165 = FILL_AREA_STYLE ('',( #6206 ) ) ;
#1166 = CARTESIAN_POINT ( 'NONE',  ( 12.94999999999999929, -5.000000000000000000, -7.029999999999999361 ) ) ;
#1167 = FACE_OUTER_BOUND ( 'NONE', #3144, .T. ) ;
#1168 = CARTESIAN_POINT ( 'NONE',  ( 10.83000000000000007, 10.77659106982886783, -1.974724807276290628 ) ) ;
#1169 = PLANE ( 'NONE',  #12528 ) ;
#1170 = DIRECTION ( 'NONE',  ( 1.000000000000000000, 0.000000000000000000, 0.000000000000000000 ) ) ;
#1171 = DIRECTION ( 'NONE',  ( -0.000000000000000000, 1.000000000000000000, -0.000000000000000000 ) ) ;
#1172 = DIRECTION ( 'NONE',  ( -2.026546116795335870E-16, 1.000000000000000000, 0.000000000000000000 ) ) ;
#1173 = ADVANCED_FACE ( 'NONE', ( #6407 ), #507, .F. ) ;
#1174 = ORIENTED_EDGE ( 'NONE', *, *, #105, .T. ) ;
#1175 = DIRECTION ( 'NONE',  ( 1.000000000000000000, 1.204038460978368338E-16, -0.000000000000000000 ) ) ;
#1176 = EDGE_LOOP ( 'NONE', ( #12641, #1431, #5982, #7647 ) ) ;
#1177 = DIRECTION ( 'NONE',  ( 1.000000000000000000, 2.026546116795335870E-16, 0.000000000000000000 ) ) ;
#1178 = AXIS2_PLACEMENT_3D ( 'NONE', #1168, #6284, #2282 ) ;
#1179 = ORIENTED_EDGE ( 'NONE', *, *, #9537, .T. ) ;
#1180 = SURFACE_SIDE_STYLE ('',( #9068 ) ) ;
#1181 = PLANE ( 'NONE',  #5694 ) ;
#1182 = ORIENTED_EDGE ( 'NONE', *, *, #7028, .F. ) ;
#1183 = FILL_AREA_STYLE ('',( #10145 ) ) ;
#1184 = DIRECTION ( 'NONE',  ( -0.000000000000000000, 0.000000000000000000, 1.000000000000000000 ) ) ;
#1185 = CARTESIAN_POINT ( 'NONE',  ( 6.029999999999999361, 11.77659106982886605, -12.00000000000000000 ) ) ;
#1186 =( LENGTH_UNIT ( ) NAMED_UNIT ( * ) SI_UNIT ( .MILLI., .METRE. ) );
#1187 = ORIENTED_EDGE ( 'NONE', *, *, #2257, .T. ) ;
#1188 = VERTEX_POINT ( 'NONE', #3520 ) ;
#1189 = CARTESIAN_POINT ( 'NONE',  ( 20.00000000000000000, -3.659182332138577465E-16, -21.62877342318509477 ) ) ;
#1190 = DIRECTION ( 'NONE',  ( -1.000000000000000000, -0.000000000000000000, -0.000000000000000000 ) ) ;
#1191 = VERTEX_POINT ( 'NONE', #1547 ) ;
#1192 = CARTESIAN_POINT ( 'NONE',  ( -1.595391950804084580, 14.99999999999999645, -11.00000000000000178 ) ) ;
#1193 = SURFACE_STYLE_USAGE ( .BOTH. , #11763 ) ;
#1194 = ORIENTED_EDGE ( 'NONE', *, *, #3470, .T. ) ;
#1195 = PRESENTATION_STYLE_ASSIGNMENT (( #2193 ) ) ;
#1196 = SURFACE_STYLE_FILL_AREA ( #3997 ) ;
#1197 = VERTEX_POINT ( 'NONE', #1662 ) ;
#1198 = LINE ( 'NONE', #9150, #8744 ) ;
#1199 = DIRECTION ( 'NONE',  ( 2.026546116795335870E-16, -1.000000000000000000, 0.000000000000000000 ) ) ;
#1200 = ADVANCED_FACE ( 'NONE', ( #2537 ), #8704, .F. ) ;
#1201 = DIRECTION ( 'NONE',  ( -0.000000000000000000, -0.000000000000000000, 1.000000000000000000 ) ) ;
#1202 = DIRECTION ( 'NONE',  ( -0.000000000000000000, 0.000000000000000000, 1.000000000000000000 ) ) ;
#1203 = VERTEX_POINT ( 'NONE', #5614 ) ;
#1204 = CARTESIAN_POINT ( 'NONE',  ( 21.12085837563301283, 14.98520393037187581, -0.1652703644666149441 ) ) ;
#1205 = SURFACE_STYLE_USAGE ( .BOTH. , #9914 ) ;
#1206 = DIRECTION ( 'NONE',  ( 1.000000000000000000, 0.000000000000000000, 0.000000000000000000 ) ) ;
#1207 = VECTOR ( 'NONE', #10438, 1000.000000000000000 ) ;
#1208 = FILL_AREA_STYLE_COLOUR ( '', #6107 ) ;
#1209 = UNCERTAINTY_MEASURE_WITH_UNIT (LENGTH_MEASURE( 1.000000000000000082E-05 ), #3524, 'distance_accuracy_value', 'NONE');
#1210 = COLOUR_RGB ( '',0.7921568627450980005, 0.8196078431372548767, 0.9333333333333333481 ) ;
#1211 = ORIENTED_EDGE ( 'NONE', *, *, #9145, .F. ) ;
#1212 = PRESENTATION_STYLE_ASSIGNMENT (( #4080 ) ) ;
#1213 = DIRECTION ( 'NONE',  ( 0.000000000000000000, 0.000000000000000000, 1.000000000000000000 ) ) ;
#1214 = EDGE_CURVE ( 'NONE', #3101, #12165, #8457, .T. ) ;
#1215 = ORIENTED_EDGE ( 'NONE', *, *, #6990, .T. ) ;
#1216 = EDGE_CURVE ( 'NONE', #4118, #4587, #9531, .T. ) ;
#1217 = CARTESIAN_POINT ( 'NONE',  ( 14.70589384587290560, 14.51832180537509309, -0.07518642710997339162 ) ) ;
#1218 = ORIENTED_EDGE ( 'NONE', *, *, #9124, .F. ) ;
#1219 = ORIENTED_EDGE ( 'NONE', *, *, #7580, .T. ) ;
#1220 = CARTESIAN_POINT ( 'NONE',  ( 25.00000000000000000, 0.000000000000000000, -16.49999999999999289 ) ) ;
#1221 =( GEOMETRIC_REPRESENTATION_CONTEXT ( 3 ) GLOBAL_UNCERTAINTY_ASSIGNED_CONTEXT ( ( #3022 ) ) GLOBAL_UNIT_ASSIGNED_CONTEXT ( ( #11500, #7360, #11262 ) ) REPRESENTATION_CONTEXT ( 'NONE', 'WORKASPACE' ) );
#1222 = SURFACE_SIDE_STYLE ('',( #2278 ) ) ;
#1223 = SURFACE_STYLE_FILL_AREA ( #9181 ) ;
#1224 = VERTEX_POINT ( 'NONE', #10360 ) ;
#1225 = ORIENTED_EDGE ( 'NONE', *, *, #6536, .T. ) ;
#1226 = VECTOR ( 'NONE', #7232, 1000.000000000000000 ) ;
#1227 = DIRECTION ( 'NONE',  ( -1.000000000000000000, -2.026546116795335870E-16, -0.000000000000000000 ) ) ;
#1228 = CARTESIAN_POINT ( 'NONE',  ( 32.00000000000000000, 0.9999999999999997780, -16.50000000000000000 ) ) ;
#1229 = AXIS2_PLACEMENT_3D ( 'NONE', #6165, #3276, #397 ) ;
#1230 = CARTESIAN_POINT ( 'NONE',  ( 25.83000000000000185, 10.99999999999997158, 0.000000000000000000 ) ) ;
#1231 = UNCERTAINTY_MEASURE_WITH_UNIT (LENGTH_MEASURE( 1.000000000000000082E-05 ), #8377, 'distance_accuracy_value', 'NONE');
#1232 = EDGE_CURVE ( 'NONE', #7629, #751, #10141, .T. ) ;
#1233 = DIRECTION ( 'NONE',  ( -0.000000000000000000, 0.000000000000000000, 1.000000000000000000 ) ) ;
#1234 = EDGE_CURVE ( 'NONE', #5232, #11742, #6642, .T. ) ;
#1235 = EDGE_CURVE ( 'NONE', #1197, #10858, #7677, .T. ) ;
#1236 = LINE ( 'NONE', #3008, #810 ) ;
#1237 = COLOUR_RGB ( '',1.000000000000000000, 0.5019607843137254832, 0.5019607843137254832 ) ;
#1238 = CARTESIAN_POINT ( 'NONE',  ( 29.66795872986364913, 14.56261116223706154, -0.04450167309611560706 ) ) ;
#1239 = PRESENTATION_STYLE_ASSIGNMENT (( #9875 ) ) ;
#1240 = ORIENTED_EDGE ( 'NONE', *, *, #9521, .F. ) ;
#1241 = PRESENTATION_LAYER_ASSIGNMENT (  '', '', ( #11123 ) ) ;
#1242 = VERTEX_POINT ( 'NONE', #689 ) ;
#1243 = DIRECTION ( 'NONE',  ( 0.000000000000000000, 0.000000000000000000, -1.000000000000000000 ) ) ;
#1244 = EDGE_LOOP ( 'NONE', ( #10955, #2757, #9103, #12523 ) ) ;
#1245 = VECTOR ( 'NONE', #5738, 1000.000000000000000 ) ;
#1246 = LINE ( 'NONE', #10984, #5293 ) ;
#1247 = VERTEX_POINT ( 'NONE', #4665 ) ;
#1248 = EDGE_CURVE ( 'NONE', #9093, #73, #8587, .T. ) ;
#1249 = EDGE_CURVE ( 'NONE', #4484, #7536, #3989, .T. ) ;
#1250 = CIRCLE ( 'NONE', #8068, 4.000000000000000000 ) ;
#1251 = FACE_OUTER_BOUND ( 'NONE', #3529, .T. ) ;
#1252 = EDGE_CURVE ( 'NONE', #9976, #10948, #11514, .T. ) ;
#1253 = CARTESIAN_POINT ( 'NONE',  ( 27.95000000000000284, -5.000000000000000000, -7.429999999999998828 ) ) ;
#1254 = CARTESIAN_POINT ( 'NONE',  ( 4.830000000000000959, 9.999999999999998224, -0.6805538183541270936 ) ) ;
#1255 = ORIENTED_EDGE ( 'NONE', *, *, #4159, .F. ) ;
#1256 = EDGE_CURVE ( 'NONE', #6058, #8976, #9937, .T. ) ;
#1257 = FACE_OUTER_BOUND ( 'NONE', #12759, .T. ) ;
#1258 = ORIENTED_EDGE ( 'NONE', *, *, #9471, .T. ) ;
#1259 = CARTESIAN_POINT ( 'NONE',  ( 8.039090901768394914, 0.9999999999999997780, -0.9999999999999997780 ) ) ;
#1260 = DIRECTION ( 'NONE',  ( -0.000000000000000000, 0.000000000000000000, 1.000000000000000000 ) ) ;
#1261 = ORIENTED_EDGE ( 'NONE', *, *, #8808, .T. ) ;
#1262 = DIRECTION ( 'NONE',  ( -0.000000000000000000, 0.000000000000000000, 1.000000000000000000 ) ) ;
#1263 = ORIENTED_EDGE ( 'NONE', *, *, #9287, .F. ) ;
#1264 = CARTESIAN_POINT ( 'NONE',  ( 23.03909090176839314, 0.000000000000000000, -21.62877342318509477 ) ) ;
#1265 = LINE ( 'NONE', #7230, #8942 ) ;
#1266 = ORIENTED_EDGE ( 'NONE', *, *, #3931, .T. ) ;
#1267 = DIRECTION ( 'NONE',  ( -1.070256409758549784E-16, 1.000000000000000000, 0.000000000000000000 ) ) ;
#1268 = EDGE_CURVE ( 'NONE', #6680, #6533, #12537, .T. ) ;
#1269 = SURFACE_STYLE_FILL_AREA ( #3368 ) ;
#1270 = MECHANICAL_DESIGN_GEOMETRIC_PRESENTATION_REPRESENTATION (  '', ( #6227 ), #9319 ) ;
#1271 = PRESENTATION_STYLE_ASSIGNMENT (( #421 ) ) ;
#1272 = DIRECTION ( 'NONE',  ( -1.000000000000000000, 0.000000000000000000, -0.000000000000000000 ) ) ;
#1273 = CARTESIAN_POINT ( 'NONE',  ( 16.16336522494685113, 14.92559238504415120, -0.06527167913285260303 ) ) ;
#1274 = ORIENTED_EDGE ( 'NONE', *, *, #8152, .T. ) ;
#1275 = ORIENTED_EDGE ( 'NONE', *, *, #4641, .F. ) ;
#1276 = DIRECTION ( 'NONE',  ( 0.000000000000000000, 1.000000000000000000, 0.000000000000000000 ) ) ;
#1277 = DIRECTION ( 'NONE',  ( -1.000000000000000000, -1.204038460978368338E-16, 0.000000000000000000 ) ) ;
#1278 = MECHANICAL_DESIGN_GEOMETRIC_PRESENTATION_REPRESENTATION (  '', ( #3369 ), #2131 ) ;
#1279 = LINE ( 'NONE', #2069, #10001 ) ;
#1280 = AXIS2_PLACEMENT_3D ( 'NONE', #2072, #8011, #3052 ) ;
#1281 = ORIENTED_EDGE ( 'NONE', *, *, #6451, .F. ) ;
#1282 = CARTESIAN_POINT ( 'NONE',  ( 24.66795872986364913, 14.56261116223706154, -0.04450167309611560706 ) ) ;
#1283 =( NAMED_UNIT ( * ) PLANE_ANGLE_UNIT ( ) SI_UNIT ( $, .RADIAN. ) );
#1284 = EDGE_LOOP ( 'NONE', ( #6564, #551, #7124, #8238, #7115, #3213, #8736, #2390, #86, #7142, #4664, #7351, #6690, #3800, #2330, #8969, #10813, #4148, #324, #6999, #12356, #6596, #4186, #6109, #7441, #7597 ) ) ;
#1285 = SURFACE_STYLE_USAGE ( .BOTH. , #10113 ) ;
#1286 = VERTEX_POINT ( 'NONE', #2787 ) ;
#1287 = ORIENTED_EDGE ( 'NONE', *, *, #11072, .T. ) ;
#1288 = PRESENTATION_STYLE_ASSIGNMENT (( #10185 ) ) ;
#1289 = VECTOR ( 'NONE', #7386, 1000.000000000000114 ) ;
#1290 = DIRECTION ( 'NONE',  ( 0.000000000000000000, 0.000000000000000000, 1.000000000000000000 ) ) ;
#1291 = PRESENTATION_STYLE_ASSIGNMENT (( #11216 ) ) ;
#1292 = AXIS2_PLACEMENT_3D ( 'NONE', #1691, #4692, #7533 ) ;
#1293 = EDGE_CURVE ( 'NONE', #12094, #6546, #10877, .T. ) ;
#1294 = PRESENTATION_LAYER_ASSIGNMENT (  '', '', ( #5230 ) ) ;
#1295 = DIRECTION ( 'NONE',  ( -0.000000000000000000, -0.000000000000000000, 1.000000000000000000 ) ) ;
#1296 = EDGE_CURVE ( 'NONE', #5773, #468, #4847, .T. ) ;
#1297 = DIRECTION ( 'NONE',  ( 0.000000000000000000, -0.000000000000000000, -1.000000000000000000 ) ) ;
#1298 = PRESENTATION_STYLE_ASSIGNMENT (( #515 ) ) ;
#1299 = ORIENTED_EDGE ( 'NONE', *, *, #3249, .F. ) ;
#1300 = AXIS2_PLACEMENT_3D ( 'NONE', #9102, #2337, #10179 ) ;
#1301 = CARTESIAN_POINT ( 'NONE',  ( 4.068332036170907884, 9.242953882361234719, 0.000000000000000000 ) ) ;
#1302 = COLOUR_RGB ( '',1.000000000000000000, 0.5019607843137254832, 0.5019607843137254832 ) ;
#1303 = CARTESIAN_POINT ( 'NONE',  ( 24.83000000000000185, 12.77659106982886783, -2.498455167896214579 ) ) ;
#1304 = LINE ( 'NONE', #8166, #68 ) ;
#1305 = AXIS2_PLACEMENT_3D ( 'NONE', #6858, #3843, #9931 ) ;
#1306 = EDGE_LOOP ( 'NONE', ( #9137, #6559 ) ) ;
#1307 = ORIENTED_EDGE ( 'NONE', *, *, #5176, .T. ) ;
#1308 =( NAMED_UNIT ( * ) SI_UNIT ( $, .STERADIAN. ) SOLID_ANGLE_UNIT ( ) );
#1309 = DIRECTION ( 'NONE',  ( 1.000000000000000000, 0.000000000000000000, 0.000000000000000000 ) ) ;
#1310 = EDGE_LOOP ( 'NONE', ( #3111, #4791, #9374, #9487, #4676, #3119, #4995 ) ) ;
#1311 = EDGE_CURVE ( 'NONE', #658, #12156, #10942, .T. ) ;
#1312 = AXIS2_PLACEMENT_3D ( 'NONE', #5980, #2958, #9641 ) ;
#1313 = COLOUR_RGB ( '',1.000000000000000000, 0.5019607843137254832, 0.5019607843137254832 ) ;
#1314 = EDGE_CURVE ( 'NONE', #12094, #11049, #12742, .T. ) ;
#1315 = DIRECTION ( 'NONE',  ( 0.000000000000000000, 0.000000000000000000, 1.000000000000000000 ) ) ;
#1316 = VECTOR ( 'NONE', #4794, 1000.000000000000000 ) ;
#1317 = CARTESIAN_POINT ( 'NONE',  ( 9.830000000000001847, 11.77659106982886783, -12.00000000000000000 ) ) ;
#1318 = ORIENTED_EDGE ( 'NONE', *, *, #10241, .F. ) ;
#1319 =( NAMED_UNIT ( * ) PLANE_ANGLE_UNIT ( ) SI_UNIT ( $, .RADIAN. ) );
#1320 = CARTESIAN_POINT ( 'NONE',  ( 26.11605443171345797, 14.99501846973959829, -0.1925148842800861182 ) ) ;
#1321 = AXIS2_PLACEMENT_3D ( 'NONE', #11156, #11286, #4411 ) ;
#1322 = CIRCLE ( 'NONE', #4426, 0.4000000000000010214 ) ;
#1323 = CARTESIAN_POINT ( 'NONE',  ( 10.03000000000000114, 11.77659106982886783, -1.974724807276291516 ) ) ;
#1324 = EDGE_LOOP ( 'NONE', ( #8624, #12351, #2709, #9220, #8414, #11540, #4287, #7964, #9856, #10626, #11884, #8446, #2245, #9615, #3019, #2511, #3808, #9529, #3163, #9488, #4716, #11625, #6202, #4634, #2482, #10839, #5791, #6072 ) ) ;
#1325 = EDGE_LOOP ( 'NONE', ( #1729, #2871, #5969, #6188, #492, #6982, #8817 ) ) ;
#1326 = STYLED_ITEM ( 'NONE', ( #10024 ), #12359 ) ;
#1327 = DIRECTION ( 'NONE',  ( -0.000000000000000000, -0.000000000000000000, 1.000000000000000000 ) ) ;
#1328 = ORIENTED_EDGE ( 'NONE', *, *, #3871, .F. ) ;
#1329 = CARTESIAN_POINT ( 'NONE',  ( 25.00000000000000000, 0.000000000000000000, 0.5000000000000000000 ) ) ;
#1330 = EDGE_CURVE ( 'NONE', #12076, #8586, #4977, .T. ) ;
#1331 = FACE_OUTER_BOUND ( 'NONE', #8618, .T. ) ;
#1332 = EDGE_CURVE ( 'NONE', #7055, #7422, #12595, .T. ) ;
#1333 = EDGE_CURVE ( 'NONE', #3115, #5181, #8777, .T. ) ;
#1334 = ORIENTED_EDGE ( 'NONE', *, *, #529, .T. ) ;
#1335 = PRESENTATION_LAYER_ASSIGNMENT (  '', '', ( #3439 ) ) ;
#1336 = AXIS2_PLACEMENT_3D ( 'NONE', #8687, #12575, #7153 ) ;
#1337 = SURFACE_SIDE_STYLE ('',( #1196 ) ) ;
#1338 = VERTEX_POINT ( 'NONE', #10814 ) ;
#1339 = CIRCLE ( 'NONE', #5890, 0.5000000000000004441 ) ;
#1340 =( LENGTH_UNIT ( ) NAMED_UNIT ( * ) SI_UNIT ( .MILLI., .METRE. ) );
#1341 = DIRECTION ( 'NONE',  ( 0.000000000000000000, -0.000000000000000000, -1.000000000000000000 ) ) ;
#1342 = AXIS2_PLACEMENT_3D ( 'NONE', #8546, #12443, #3664 ) ;
#1343 = CARTESIAN_POINT ( 'NONE',  ( -11.59539195080408547, 14.56261116223713792, -0.04450167309616068906 ) ) ;
#1344 = CARTESIAN_POINT ( 'NONE',  ( 24.06833203617090788, 7.356120034073296843, -10.00000000000000000 ) ) ;
#1345 = ORIENTED_EDGE ( 'NONE', *, *, #7615, .F. ) ;
#1346 = ORIENTED_EDGE ( 'NONE', *, *, #11886, .F. ) ;
#1347 = DIRECTION ( 'NONE',  ( -2.168404344971010840E-16, 1.000000000000000000, 0.000000000000000000 ) ) ;
#1348 = ADVANCED_FACE ( 'NONE', ( #11647 ), #12678, .F. ) ;
#1349 = CARTESIAN_POINT ( 'NONE',  ( 5.000000000000000000, 1.730887774041955929, 0.000000000000000000 ) ) ;
#1350 = SURFACE_STYLE_USAGE ( .BOTH. , #12412 ) ;
#1351 = CARTESIAN_POINT ( 'NONE',  ( 28.03909090176839669, 0.7437402936630143069, 0.5000000000000000000 ) ) ;
#1352 = UNCERTAINTY_MEASURE_WITH_UNIT (LENGTH_MEASURE( 1.000000000000000082E-05 ), #8947, 'distance_accuracy_value', 'NONE');
#1353 = ORIENTED_EDGE ( 'NONE', *, *, #12240, .T. ) ;
#1354 = DIRECTION ( 'NONE',  ( 0.000000000000000000, 1.000000000000000000, 0.000000000000000000 ) ) ;
#1355 = AXIS2_PLACEMENT_3D ( 'NONE', #7912, #7156, #9011 ) ;
#1356 = SURFACE_SIDE_STYLE ('',( #8144 ) ) ;
#1357 = VERTEX_POINT ( 'NONE', #9780 ) ;
#1358 = DIRECTION ( 'NONE',  ( 0.000000000000000000, 0.000000000000000000, 1.000000000000000000 ) ) ;
#1359 = ORIENTED_EDGE ( 'NONE', *, *, #4507, .F. ) ;
#1360 =( LENGTH_UNIT ( ) NAMED_UNIT ( * ) SI_UNIT ( .MILLI., .METRE. ) );
#1361 = UNCERTAINTY_MEASURE_WITH_UNIT (LENGTH_MEASURE( 1.000000000000000082E-05 ), #8049, 'distance_accuracy_value', 'NONE');
#1362 =( LENGTH_UNIT ( ) NAMED_UNIT ( * ) SI_UNIT ( .MILLI., .METRE. ) );
#1363 = DIRECTION ( 'NONE',  ( 1.000000000000000000, 2.026546116795335870E-16, -0.000000000000000000 ) ) ;
#1364 = PRESENTATION_STYLE_ASSIGNMENT (( #3649 ) ) ;
#1365 = CYLINDRICAL_SURFACE ( 'NONE', #5645, 0.4000000000000001887 ) ;
#1366 = DIRECTION ( 'NONE',  ( 0.000000000000000000, -0.000000000000000000, -1.000000000000000000 ) ) ;
#1367 = FILL_AREA_STYLE ('',( #2283 ) ) ;
#1368 = VECTOR ( 'NONE', #12549, 1000.000000000000000 ) ;
#1369 = ORIENTED_EDGE ( 'NONE', *, *, #11974, .T. ) ;
#1370 = DIRECTION ( 'NONE',  ( 2.944053133434612107E-32, -1.452744208007547927E-16, -1.000000000000000000 ) ) ;
#1371 = VERTEX_POINT ( 'NONE', #6841 ) ;
#1372 =( NAMED_UNIT ( * ) PLANE_ANGLE_UNIT ( ) SI_UNIT ( $, .RADIAN. ) );
#1373 = CARTESIAN_POINT ( 'NONE',  ( 13.03909090176839314, 0.000000000000000000, -18.00000000000000355 ) ) ;
#1374 = EDGE_LOOP ( 'NONE', ( #2939, #453, #6090, #12497 ) ) ;
#1375 = VERTEX_POINT ( 'NONE', #997 ) ;
#1376 = ORIENTED_EDGE ( 'NONE', *, *, #8257, .T. ) ;
#1377 =( NAMED_UNIT ( * ) SI_UNIT ( $, .STERADIAN. ) SOLID_ANGLE_UNIT ( ) );
#1378 = ADVANCED_FACE ( 'NONE', ( #9839 ), #8894, .F. ) ;
#1379 =( LENGTH_UNIT ( ) NAMED_UNIT ( * ) SI_UNIT ( .MILLI., .METRE. ) );
#1380 = CARTESIAN_POINT ( 'NONE',  ( 14.66795872986364735, 14.56261116223706154, -0.04450167309611560706 ) ) ;
#1381 = ORIENTED_EDGE ( 'NONE', *, *, #2274, .F. ) ;
#1382 = FILL_AREA_STYLE_COLOUR ( '', #6092 ) ;
#1383 = FACE_OUTER_BOUND ( 'NONE', #11526, .T. ) ;
#1384 = SURFACE_STYLE_USAGE ( .BOTH. , #4368 ) ;
#1385 = MECHANICAL_DESIGN_GEOMETRIC_PRESENTATION_REPRESENTATION (  '', ( #2646 ), #4920 ) ;
#1386 = DIRECTION ( 'NONE',  ( 0.000000000000000000, 1.000000000000000000, 0.000000000000000000 ) ) ;
#1387 = LINE ( 'NONE', #10148, #10183 ) ;
#1388 = VERTEX_POINT ( 'NONE', #7038 ) ;
#1389 = EDGE_CURVE ( 'NONE', #4762, #6833, #10734, .T. ) ;
#1390 = CARTESIAN_POINT ( 'NONE',  ( 4.743945568286549452, 14.99501846973960184, -0.1925148842800874782 ) ) ;
#1391 = DIRECTION ( 'NONE',  ( -0.000000000000000000, -0.000000000000000000, 1.000000000000000000 ) ) ;
#1392 = AXIS2_PLACEMENT_3D ( 'NONE', #3232, #5212, #4313 ) ;
#1393 = ORIENTED_EDGE ( 'NONE', *, *, #1958, .T. ) ;
#1394 = SURFACE_SIDE_STYLE ('',( #3434 ) ) ;
#1395 = CARTESIAN_POINT ( 'NONE',  ( 22.95000000000000284, -4.599999999999999645, -16.02999999999999758 ) ) ;
#1396 = ORIENTED_EDGE ( 'NONE', *, *, #8244, .F. ) ;
#1397 = DIRECTION ( 'NONE',  ( 1.013273058397667935E-16, -1.000000000000000000, 0.000000000000000000 ) ) ;
#1398 = CIRCLE ( 'NONE', #3493, 0.4000000000000010214 ) ;
#1399 = SURFACE_SIDE_STYLE ('',( #10462 ) ) ;
#1400 = ORIENTED_EDGE ( 'NONE', *, *, #6835, .T. ) ;
#1401 = DIRECTION ( 'NONE',  ( -1.000000000000000000, 0.000000000000000000, -0.000000000000000000 ) ) ;
#1402 = DIRECTION ( 'NONE',  ( 0.000000000000000000, 0.000000000000000000, 1.000000000000000000 ) ) ;
#1403 = AXIS2_PLACEMENT_3D ( 'NONE', #5190, #1297, #2348 ) ;
#1404 = ADVANCED_FACE ( 'NONE', ( #6968 ), #2849, .T. ) ;
#1405 = MANIFOLD_SOLID_BREP ( 'LPattern2[4]', #883 ) ;
#1406 = DIRECTION ( 'NONE',  ( 0.000000000000000000, 0.000000000000000000, 1.000000000000000000 ) ) ;
#1407 = EDGE_CURVE ( 'NONE', #10948, #73, #11261, .T. ) ;
#1408 = VECTOR ( 'NONE', #2079, 1000.000000000000000 ) ;
#1409 = DIRECTION ( 'NONE',  ( -0.000000000000000000, -0.000000000000000000, 1.000000000000000000 ) ) ;
#1410 = VERTEX_POINT ( 'NONE', #1147 ) ;
#1411 = ORIENTED_EDGE ( 'NONE', *, *, #4394, .F. ) ;
#1413 =( NAMED_UNIT ( * ) SI_UNIT ( $, .STERADIAN. ) SOLID_ANGLE_UNIT ( ) );
#1412 = B_SPLINE_CURVE_WITH_KNOTS ( 'NONE', 3,
 ( #2323, #7175, #1273, #3169, #11067, #2398 ),
 .UNSPECIFIED., .F., .F.,
 ( 4, 2, 4 ),
 ( 1.273937552670463280E-18, 0.0001836758004188033730, 0.0003673516008376054450 ),
 .UNSPECIFIED. ) ;
#1414 = CARTESIAN_POINT ( 'NONE',  ( 9.068332036170907884, 7.356120034073296843, -10.00000000000000000 ) ) ;
#1415 = VECTOR ( 'NONE', #7039, 1000.000000000000000 ) ;
#1416 = ORIENTED_EDGE ( 'NONE', *, *, #12007, .F. ) ;
#1417 = ADVANCED_FACE ( 'NONE', ( #3300 ), #5167, .T. ) ;
#1418 = DIRECTION ( 'NONE',  ( 0.000000000000000000, 0.000000000000000000, 1.000000000000000000 ) ) ;
#1419 = EDGE_LOOP ( 'NONE', ( #6246, #9828, #235, #3501 ) ) ;
#1420 = CARTESIAN_POINT ( 'NONE',  ( 24.83000000000000185, 12.77659106982886783, -2.498455167896214579 ) ) ;
#1421 = LINE ( 'NONE', #437, #6863 ) ;
#1422 = CARTESIAN_POINT ( 'NONE',  ( 24.06833203617090788, 0.000000000000000000, -10.00000000000000000 ) ) ;
#1423 = VECTOR ( 'NONE', #4135, 1000.000000000000000 ) ;
#1424 = CARTESIAN_POINT ( 'NONE',  ( 32.00000000000000000, 10.99999999999997158, 0.000000000000000000 ) ) ;
#1425 = FILL_AREA_STYLE ('',( #3198 ) ) ;
#1426 = CARTESIAN_POINT ( 'NONE',  ( 25.00000000000000000, 0.000000000000000000, -10.00000000000000000 ) ) ;
#1427 = CARTESIAN_POINT ( 'NONE',  ( 15.00000000000000000, -3.659182332138577465E-16, -21.62877342318509477 ) ) ;
#1428 = COLOUR_RGB ( '',0.8313725490196077761, 0.8392156862745098200, 0.8313725490196077761 ) ;
#1429 = CARTESIAN_POINT ( 'NONE',  ( -11.59539195080408547, 14.99999999999999645, -11.00000000000000178 ) ) ;
#1430 = ORIENTED_EDGE ( 'NONE', *, *, #5030, .T. ) ;
#1431 = ORIENTED_EDGE ( 'NONE', *, *, #11470, .F. ) ;
#1432 = DIRECTION ( 'NONE',  ( 0.000000000000000000, 1.000000000000000000, -0.000000000000000000 ) ) ;
#1433 = LINE ( 'NONE', #11295, #5848 ) ;
#1434 = ORIENTED_EDGE ( 'NONE', *, *, #6665, .T. ) ;
#1435 = STYLED_ITEM ( 'NONE', ( #8805 ), #10377 ) ;
#1436 = CIRCLE ( 'NONE', #159, 0.4000000000000010214 ) ;
#1437 = LINE ( 'NONE', #8417, #5480 ) ;
#1438 = CYLINDRICAL_SURFACE ( 'NONE', #5168, 0.2500000000000002220 ) ;
#1439 = DIRECTION ( 'NONE',  ( 1.000000000000000000, 0.000000000000000000, 0.000000000000000000 ) ) ;
#1440 =( LENGTH_UNIT ( ) NAMED_UNIT ( * ) SI_UNIT ( .MILLI., .METRE. ) );
#1441 = CARTESIAN_POINT ( 'NONE',  ( 0.8300000000000002931, 11.77659106982886783, -12.00000000000000000 ) ) ;
#1442 = COLOUR_RGB ( '',1.000000000000000000, 0.5019607843137254832, 0.5019607843137254832 ) ;
#1443 = DIRECTION ( 'NONE',  ( 1.000000000000000000, 2.081668171172166620E-14, 0.000000000000000000 ) ) ;
#1444 = ORIENTED_EDGE ( 'NONE', *, *, #11068, .F. ) ;
#1445 = STYLED_ITEM ( 'NONE', ( #6151 ), #10719 ) ;
#1446 = CARTESIAN_POINT ( 'NONE',  ( 7.950000000000000178, -5.000000000000000000, -7.429999999999998828 ) ) ;
#1447 = AXIS2_PLACEMENT_3D ( 'NONE', #11959, #10803, #6122 ) ;
#1448 = SURFACE_STYLE_FILL_AREA ( #8373 ) ;
#1449 = FACE_OUTER_BOUND ( 'NONE', #10175, .T. ) ;
#1450 = CIRCLE ( 'NONE', #10097, 0.4000000000000001887 ) ;
#1451 = CARTESIAN_POINT ( 'NONE',  ( 20.00000000000000000, 0.7437402936630139738, -21.62877342318509477 ) ) ;
#1452 = VERTEX_POINT ( 'NONE', #4327 ) ;
#1453 = SURFACE_STYLE_USAGE ( .BOTH. , #10278 ) ;
#1454 = STYLED_ITEM ( 'NONE', ( #5907 ), #10940 ) ;
#1455 = DIRECTION ( 'NONE',  ( -0.000000000000000000, -0.000000000000000000, -1.000000000000000000 ) ) ;
#1456 = ADVANCED_FACE ( 'NONE', ( #297 ), #6253, .T. ) ;
#1457 = CARTESIAN_POINT ( 'NONE',  ( 29.54218007376454480, 14.70498544938100416, -2.385244779468109755E-15 ) ) ;
#1458 = EDGE_CURVE ( 'NONE', #5330, #4341, #2258, .T. ) ;
#1459 = ORIENTED_EDGE ( 'NONE', *, *, #11925, .F. ) ;
#1460 = CARTESIAN_POINT ( 'NONE',  ( 19.83000000000000185, 11.77659106982886783, -12.00000000000000000 ) ) ;
#1461 =( LENGTH_UNIT ( ) NAMED_UNIT ( * ) SI_UNIT ( .MILLI., .METRE. ) );
#1462 = VERTEX_POINT ( 'NONE', #5305 ) ;
#1463 = VECTOR ( 'NONE', #4453, 1000.000000000000000 ) ;
#1464 =( NAMED_UNIT ( * ) SI_UNIT ( $, .STERADIAN. ) SOLID_ANGLE_UNIT ( ) );
#1465 = ORIENTED_EDGE ( 'NONE', *, *, #6123, .F. ) ;
#1466 = ADVANCED_FACE ( 'NONE', ( #2397 ), #11970, .T. ) ;
#1467 = LINE ( 'NONE', #6336, #1803 ) ;
#1468 = DIRECTION ( 'NONE',  ( 0.9848077530122081313, 1.995758327656830446E-16, -0.1736481776669304700 ) ) ;
#1469 =( BOUNDED_CURVE ( )  B_SPLINE_CURVE ( 3, ( #4668, #2791, #10617, #7620 ),
 .UNSPECIFIED., .F., .F. ) 
 B_SPLINE_CURVE_WITH_KNOTS ( ( 4, 4 ),
 ( 4.712388980384680792, 5.058156149985443051 ),
 .UNSPECIFIED. ) 
 CURVE ( )  GEOMETRIC_REPRESENTATION_ITEM ( )  RATIONAL_B_SPLINE_CURVE ( ( 1.000000000000000000, 0.9900618788928975400, 0.9900618788928975400, 1.000000000000000000 ) ) 
 REPRESENTATION_ITEM ( '' )  );
#1470 = DIRECTION ( 'NONE',  ( 0.000000000000000000, 0.000000000000000000, 1.000000000000000000 ) ) ;
#1471 = VERTEX_POINT ( 'NONE', #9218 ) ;
#1472 = CYLINDRICAL_SURFACE ( 'NONE', #327, 1.000000000000000000 ) ;
#1473 = DIRECTION ( 'NONE',  ( -0.000000000000000000, -0.000000000000000000, 1.000000000000000000 ) ) ;
#1474 = ORIENTED_EDGE ( 'NONE', *, *, #1407, .T. ) ;
#1475 = ORIENTED_EDGE ( 'NONE', *, *, #6384, .F. ) ;
#1476 = CARTESIAN_POINT ( 'NONE',  ( 20.00000000000000000, 0.7437402936630139738, -21.62877342318509477 ) ) ;
#1477 = ORIENTED_EDGE ( 'NONE', *, *, #8565, .T. ) ;
#1478 = UNCERTAINTY_MEASURE_WITH_UNIT (LENGTH_MEASURE( 1.000000000000000082E-05 ), #3410, 'distance_accuracy_value', 'NONE');
#1479 = CARTESIAN_POINT ( 'NONE',  ( 3.948558664095548121, 2.730887774041955929, -10.00000000000000000 ) ) ;
#1480 =( GEOMETRIC_REPRESENTATION_CONTEXT ( 3 ) GLOBAL_UNCERTAINTY_ASSIGNED_CONTEXT ( ( #6263 ) ) GLOBAL_UNIT_ASSIGNED_CONTEXT ( ( #6607, #10385, #3600 ) ) REPRESENTATION_CONTEXT ( 'NONE', 'WORKASPACE' ) );
#1481 =( NAMED_UNIT ( * ) SI_UNIT ( $, .STERADIAN. ) SOLID_ANGLE_UNIT ( ) );
#1482 = CARTESIAN_POINT ( 'NONE',  ( 6.317819926235459072, 9.999999999999998224, 2.168404344971008621E-16 ) ) ;
#1483 = CARTESIAN_POINT ( 'NONE',  ( 18.56833203617090433, 9.742953882361238271, -10.00000000000000000 ) ) ;
#1484 = EDGE_CURVE ( 'NONE', #717, #1338, #9346, .T. ) ;
#1485 = ADVANCED_FACE ( 'NONE', ( #12159 ), #5431, .T. ) ;
#1486 = DIRECTION ( 'NONE',  ( 2.944053133434612107E-32, -1.452744208007547927E-16, -1.000000000000000000 ) ) ;
#1487 =( NAMED_UNIT ( * ) SI_UNIT ( $, .STERADIAN. ) SOLID_ANGLE_UNIT ( ) );
#1488 = DIRECTION ( 'NONE',  ( 0.000000000000000000, -1.000000000000000000, 8.673617379884027583E-16 ) ) ;
#1489 = CIRCLE ( 'NONE', #7474, 1.000000000000000888 ) ;
#1490 = VECTOR ( 'NONE', #11932, 1000.000000000000000 ) ;
#1491 = CARTESIAN_POINT ( 'NONE',  ( 13.56833203617090788, 9.242953882361238271, -10.00000000000000000 ) ) ;
#1492 = SURFACE_STYLE_USAGE ( .BOTH. , #449 ) ;
#1493 = EDGE_LOOP ( 'NONE', ( #6506, #9123 ) ) ;
#1494 = VECTOR ( 'NONE', #1432, 1000.000000000000000 ) ;
#1495 = ORIENTED_EDGE ( 'NONE', *, *, #1851, .T. ) ;
#1496 = ORIENTED_EDGE ( 'NONE', *, *, #9583, .T. ) ;
#1497 = DIRECTION ( 'NONE',  ( -2.026546116795335870E-16, 1.000000000000000000, -0.000000000000000000 ) ) ;
#1498 = DIRECTION ( 'NONE',  ( 0.000000000000000000, -1.000000000000000000, 0.000000000000000000 ) ) ;
#1499 = EDGE_CURVE ( 'NONE', #2325, #8626, #2651, .T. ) ;
#1500 = CARTESIAN_POINT ( 'NONE',  ( 28.03909090176839669, 0.000000000000000000, -16.50000000000000000 ) ) ;
#1501 = CIRCLE ( 'NONE', #3174, 0.1873162273354073148 ) ;
#1502 = DIRECTION ( 'NONE',  ( -8.329036727898294339E-17, 0.8219933076153586038, 0.5694971485754449780 ) ) ;
#1503 = VECTOR ( 'NONE', #3373, 1000.000000000000000 ) ;
#1504 = AXIS2_PLACEMENT_3D ( 'NONE', #10018, #1177, #196 ) ;
#1505 = CARTESIAN_POINT ( 'NONE',  ( 18.94855866409554679, 5.698981658683065277, -10.00000000000000000 ) ) ;
#1506 =( NAMED_UNIT ( * ) PLANE_ANGLE_UNIT ( ) SI_UNIT ( $, .RADIAN. ) );
#1507 = CARTESIAN_POINT ( 'NONE',  ( 5.000000000000000000, 0.000000000000000000, -21.62877342318509477 ) ) ;
#1508 = CARTESIAN_POINT ( 'NONE',  ( 4.830000000000001847, 13.64455457845218511, -0.6805538183541350872 ) ) ;
#1509 = EDGE_LOOP ( 'NONE', ( #6017, #2533, #2666, #4590, #9841 ) ) ;
#1510 = LINE ( 'NONE', #12326, #12482 ) ;
#1511 = ORIENTED_EDGE ( 'NONE', *, *, #10623, .F. ) ;
#1512 = AXIS2_PLACEMENT_3D ( 'NONE', #7222, #213, #1129 ) ;
#1513 = LINE ( 'NONE', #11435, #8864 ) ;
#1514 = CIRCLE ( 'NONE', #5251, 0.4000000000000010214 ) ;
#1515 =( NAMED_UNIT ( * ) SI_UNIT ( $, .STERADIAN. ) SOLID_ANGLE_UNIT ( ) );
#1516 = CARTESIAN_POINT ( 'NONE',  ( 26.03000000000000114, 13.99999999999999822, -11.00000000000000178 ) ) ;
#1517 = VERTEX_POINT ( 'NONE', #10536 ) ;
#1518 = ORIENTED_EDGE ( 'NONE', *, *, #786, .T. ) ;
#1519 = DIRECTION ( 'NONE',  ( -2.026546116795335870E-16, 1.000000000000000000, -0.000000000000000000 ) ) ;
#1520 = DIRECTION ( 'NONE',  ( 0.000000000000000000, -1.000000000000000000, 0.000000000000000000 ) ) ;
#1521 = AXIS2_PLACEMENT_3D ( 'NONE', #8213, #8162, #2281 ) ;
#1522 =( GEOMETRIC_REPRESENTATION_CONTEXT ( 3 ) GLOBAL_UNCERTAINTY_ASSIGNED_CONTEXT ( ( #7451 ) ) GLOBAL_UNIT_ASSIGNED_CONTEXT ( ( #7101, #2965, #6892 ) ) REPRESENTATION_CONTEXT ( 'NONE', 'WORKASPACE' ) );
#1523 = FILL_AREA_STYLE_COLOUR ( '', #2934 ) ;
#1524 = AXIS2_PLACEMENT_3D ( 'NONE', #9705, #2782, #23 ) ;
#1525 = AXIS2_PLACEMENT_3D ( 'NONE', #6110, #8939, #5970 ) ;
#1526 = CARTESIAN_POINT ( 'NONE',  ( 25.00000000000000000, 10.99999999999997158, -1.000000000000000000 ) ) ;
#1527 = EDGE_CURVE ( 'NONE', #5592, #5046, #12464, .T. ) ;
#1528 = EDGE_LOOP ( 'NONE', ( #7293, #2692, #11288, #3786 ) ) ;
#1529 =( LENGTH_UNIT ( ) NAMED_UNIT ( * ) SI_UNIT ( .MILLI., .METRE. ) );
#1530 = CARTESIAN_POINT ( 'NONE',  ( -11.59539195080408547, 12.20709392125342241, -1.676461860280853200 ) ) ;
#1531 = EDGE_CURVE ( 'NONE', #3414, #11275, #488, .T. ) ;
#1532 = EDGE_CURVE ( 'NONE', #2653, #10166, #46, .T. ) ;
#1533 = ORIENTED_EDGE ( 'NONE', *, *, #12466, .T. ) ;
#1534 = VECTOR ( 'NONE', #5077, 1000.000000000000000 ) ;
#1535 = COLOUR_RGB ( '',0.8313725490196077761, 0.8392156862745098200, 0.8313725490196077761 ) ;
#1536 = FACE_OUTER_BOUND ( 'NONE', #285, .T. ) ;
#1537 = CARTESIAN_POINT ( 'NONE',  ( 27.06768843574306871, 9.742953882361238271, 0.000000000000000000 ) ) ;
#1538 = VECTOR ( 'NONE', #12050, 1000.000000000000000 ) ;
#1539 = CARTESIAN_POINT ( 'NONE',  ( 5.675767064385880190, 5.698981658683065277, -10.00000000000000000 ) ) ;
#1540 = VECTOR ( 'NONE', #2827, 1000.000000000000000 ) ;
#1541 = DIRECTION ( 'NONE',  ( -0.000000000000000000, -0.000000000000000000, 1.000000000000000000 ) ) ;
#1542 = STYLED_ITEM ( 'NONE', ( #6734 ), #12703 ) ;
#1543 = EDGE_CURVE ( 'NONE', #7177, #137, #6523, .T. ) ;
#1544 = ORIENTED_EDGE ( 'NONE', *, *, #6621, .F. ) ;
#1545 = VERTEX_POINT ( 'NONE', #8445 ) ;
#1546 = AXIS2_PLACEMENT_3D ( 'NONE', #9568, #5775, #2941 ) ;
#1547 = CARTESIAN_POINT ( 'NONE',  ( 15.03000000000000114, 15.00000000000000000, -12.00000000000000000 ) ) ;
#1548 = EDGE_CURVE ( 'NONE', #12713, #12089, #5601, .T. ) ;
#1549 = FACE_OUTER_BOUND ( 'NONE', #2313, .T. ) ;
#1550 = CARTESIAN_POINT ( 'NONE',  ( 4.068332036170907884, 7.356120034073296843, 0.000000000000000000 ) ) ;
#1551 = DIRECTION ( 'NONE',  ( 1.000000000000000000, 2.026546116795335870E-16, -0.000000000000000000 ) ) ;
#1552 = STYLED_ITEM ( 'NONE', ( #10628 ), #12707 ) ;
#1553 = LINE ( 'NONE', #1809, #7308 ) ;
#1554 = CARTESIAN_POINT ( 'NONE',  ( 13.03909090176839314, 0.000000000000000000, -16.50000000000000000 ) ) ;
#1555 = DIRECTION ( 'NONE',  ( 1.000000000000000000, 0.000000000000000000, 0.000000000000000000 ) ) ;
#1556 = SURFACE_STYLE_FILL_AREA ( #7259 ) ;
#1557 = DIRECTION ( 'NONE',  ( 0.000000000000000000, -1.000000000000000000, 0.000000000000000000 ) ) ;
#1558 = COLOUR_RGB ( '',1.000000000000000000, 0.5019607843137254832, 0.5019607843137254832 ) ;
#1559 = ADVANCED_FACE ( 'NONE', ( #12407 ), #10410, .T. ) ;
#1560 = EDGE_CURVE ( 'NONE', #3796, #6707, #7549, .T. ) ;
#1561 = ORIENTED_EDGE ( 'NONE', *, *, #3931, .F. ) ;
#1562 = ORIENTED_EDGE ( 'NONE', *, *, #6897, .F. ) ;
#1563 = CARTESIAN_POINT ( 'NONE',  ( 5.675767064385880190, 0.000000000000000000, 0.000000000000000000 ) ) ;
#1564 = DIRECTION ( 'NONE',  ( 0.000000000000000000, 1.000000000000000000, 0.000000000000000000 ) ) ;
#1565 = VERTEX_POINT ( 'NONE', #1648 ) ;
#1566 =( NAMED_UNIT ( * ) PLANE_ANGLE_UNIT ( ) SI_UNIT ( $, .RADIAN. ) );
#1567 = DIRECTION ( 'NONE',  ( -0.000000000000000000, 1.000000000000000000, -0.000000000000000000 ) ) ;
#1568 = ORIENTED_EDGE ( 'NONE', *, *, #9459, .T. ) ;
#1569 = CARTESIAN_POINT ( 'NONE',  ( -11.59539195080408547, 13.99999999999999645, -11.00000000000000178 ) ) ;
#1570 = CIRCLE ( 'NONE', #12086, 0.1873162273354073148 ) ;
#1571 = FACE_OUTER_BOUND ( 'NONE', #4596, .T. ) ;
#1572 = EDGE_CURVE ( 'NONE', #5269, #7729, #2520, .T. ) ;
#1573 = CARTESIAN_POINT ( 'NONE',  ( 25.03000000000000469, 10.99999999999997158, -1.000000000000000000 ) ) ;
#1574 = ORIENTED_EDGE ( 'NONE', *, *, #8499, .T. ) ;
#1575 = LINE ( 'NONE', #4562, #10850 ) ;
#1576 = ORIENTED_EDGE ( 'NONE', *, *, #4820, .T. ) ;
#1577 = CARTESIAN_POINT ( 'NONE',  ( 32.00000000000000000, 0.7437402936630174155, -0.03339203246192749830 ) ) ;
#1578 = ORIENTED_EDGE ( 'NONE', *, *, #8656, .T. ) ;
#1579 = CARTESIAN_POINT ( 'NONE',  ( 26.03000000000000114, 12.20709392125342418, -1.676461860280853200 ) ) ;
#1580 = DIRECTION ( 'NONE',  ( -1.000000000000000000, 0.000000000000000000, -0.000000000000000000 ) ) ;
#1581 = ORIENTED_EDGE ( 'NONE', *, *, #11716, .F. ) ;
#1582 = ORIENTED_EDGE ( 'NONE', *, *, #6248, .F. ) ;
#1583 = FACE_OUTER_BOUND ( 'NONE', #1896, .T. ) ;
#1584 = UNCERTAINTY_MEASURE_WITH_UNIT (LENGTH_MEASURE( 1.000000000000000082E-05 ), #11197, 'distance_accuracy_value', 'NONE');
#1585 =( NAMED_UNIT ( * ) PLANE_ANGLE_UNIT ( ) SI_UNIT ( $, .RADIAN. ) );
#1586 = UNCERTAINTY_MEASURE_WITH_UNIT (LENGTH_MEASURE( 1.000000000000000082E-05 ), #9826, 'distance_accuracy_value', 'NONE');
#1587 = CARTESIAN_POINT ( 'NONE',  ( 2.950000000000000178, -5.000000000000000000, -15.81731622733540199 ) ) ;
#1588 = DIRECTION ( 'NONE',  ( 0.000000000000000000, -0.000000000000000000, -1.000000000000000000 ) ) ;
#1589 = AXIS2_PLACEMENT_3D ( 'NONE', #12028, #9135, #2246 ) ;
#1590 = CARTESIAN_POINT ( 'NONE',  ( 2.950000000000000178, -4.599999999999999645, -7.029999999999999361 ) ) ;
#1591 = SURFACE_SIDE_STYLE ('',( #3684 ) ) ;
#1592 = CARTESIAN_POINT ( 'NONE',  ( 20.00000000000000000, 0.000000000000000000, -21.62877342318509477 ) ) ;
#1593 = ORIENTED_EDGE ( 'NONE', *, *, #4363, .F. ) ;
#1594 = SURFACE_SIDE_STYLE ('',( #3453 ) ) ;
#1595 =( NAMED_UNIT ( * ) PLANE_ANGLE_UNIT ( ) SI_UNIT ( $, .RADIAN. ) );
#1596 = CARTESIAN_POINT ( 'NONE',  ( 25.03000000000000114, 10.77659106982886783, -1.974724807276290628 ) ) ;
#1597 = FILL_AREA_STYLE_COLOUR ( '', #8122 ) ;
#1598 = EDGE_CURVE ( 'NONE', #11314, #9187, #5671, .T. ) ;
#1599 = CARTESIAN_POINT ( 'NONE',  ( 15.83000000000000007, 15.00000000000000000, -12.00000000000000000 ) ) ;
#1600 = PRODUCT_DEFINITION_FORMATION_WITH_SPECIFIED_SOURCE ( 'ANY', '', #1054, .NOT_KNOWN. ) ;
#1601 = ORIENTED_EDGE ( 'NONE', *, *, #9030, .F. ) ;
#1602 = ORIENTED_EDGE ( 'NONE', *, *, #9491, .T. ) ;
#1603 = DIRECTION ( 'NONE',  ( 0.000000000000000000, 0.000000000000000000, -1.000000000000000000 ) ) ;
#1604 = CARTESIAN_POINT ( 'NONE',  ( 6.675767064385880190, 2.730887774041955929, 0.000000000000000000 ) ) ;
#1605 = SURFACE_SIDE_STYLE ('',( #8522 ) ) ;
#1606 = FACE_OUTER_BOUND ( 'NONE', #11434, .T. ) ;
#1607 = DIRECTION ( 'NONE',  ( -0.000000000000000000, 1.000000000000000000, -0.000000000000000000 ) ) ;
#1608 = LINE ( 'NONE', #11279, #3241 ) ;
#1609 = LINE ( 'NONE', #8461, #11191 ) ;
#1610 = SURFACE_STYLE_USAGE ( .BOTH. , #9608 ) ;
#1611 = EDGE_CURVE ( 'NONE', #11401, #613, #12522, .T. ) ;
#1612 = CARTESIAN_POINT ( 'NONE',  ( 7.950000000000000178, 0.000000000000000000, -7.429999999999998828 ) ) ;
#1613 = LINE ( 'NONE', #3335, #2266 ) ;
#1614 = CYLINDRICAL_SURFACE ( 'NONE', #9758, 1.000000000000000000 ) ;
#1615 = ORIENTED_EDGE ( 'NONE', *, *, #9977, .F. ) ;
#1616 = ORIENTED_EDGE ( 'NONE', *, *, #6786, .F. ) ;
#1617 = AXIS2_PLACEMENT_3D ( 'NONE', #11129, #11971, #5356 ) ;
#1618 = DIRECTION ( 'NONE',  ( 0.000000000000000000, 0.000000000000000000, 1.000000000000000000 ) ) ;
#1619 = PRESENTATION_STYLE_ASSIGNMENT (( #2429 ) ) ;
#1620 = EDGE_CURVE ( 'NONE', #1357, #10895, #10762, .T. ) ;
#1621 = CARTESIAN_POINT ( 'NONE',  ( 32.00000000000000000, 1.000000000000007105, 0.000000000000000000 ) ) ;
#1622 = CYLINDRICAL_SURFACE ( 'NONE', #12650, 1.000000000000000888 ) ;
#1623 = DIRECTION ( 'NONE',  ( 0.000000000000000000, -1.000000000000000000, 0.000000000000000000 ) ) ;
#1624 = ORIENTED_EDGE ( 'NONE', *, *, #440, .F. ) ;
#1625 = LINE ( 'NONE', #594, #5327 ) ;
#1626 = ORIENTED_EDGE ( 'NONE', *, *, #4084, .T. ) ;
#1627 = FACE_OUTER_BOUND ( 'NONE', #787, .T. ) ;
#1628 = CARTESIAN_POINT ( 'NONE',  ( 27.95000000000000284, -5.000000000000000000, -7.429999999999998828 ) ) ;
#1629 = PLANE ( 'NONE',  #1642 ) ;
#1630 = ORIENTED_EDGE ( 'NONE', *, *, #7, .T. ) ;
#1631 = CARTESIAN_POINT ( 'NONE',  ( 19.54218007376454125, 14.75000000000000000, -2.385244779468109755E-15 ) ) ;
#1632 = ORIENTED_EDGE ( 'NONE', *, *, #31, .T. ) ;
#1633 = DIRECTION ( 'NONE',  ( 0.000000000000000000, -0.000000000000000000, -1.000000000000000000 ) ) ;
#1634 = VERTEX_POINT ( 'NONE', #12347 ) ;
#1635 = ORIENTED_EDGE ( 'NONE', *, *, #6606, .F. ) ;
#1636 = LINE ( 'NONE', #1698, #8551 ) ;
#1637 = ADVANCED_FACE ( 'NONE', ( #3567 ), #7477, .T. ) ;
#1638 = EDGE_CURVE ( 'NONE', #7955, #6230, #10717, .T. ) ;
#1639 = EDGE_CURVE ( 'NONE', #8976, #6058, #6067, .T. ) ;
#1640 = DIRECTION ( 'NONE',  ( 0.000000000000000000, 0.000000000000000000, 1.000000000000000000 ) ) ;
#1641 =( GEOMETRIC_REPRESENTATION_CONTEXT ( 3 ) GLOBAL_UNCERTAINTY_ASSIGNED_CONTEXT ( ( #5238 ) ) GLOBAL_UNIT_ASSIGNED_CONTEXT ( ( #2898, #9833, #4771 ) ) REPRESENTATION_CONTEXT ( 'NONE', 'WORKASPACE' ) );
#1642 = AXIS2_PLACEMENT_3D ( 'NONE', #7531, #2446, #7463 ) ;
#1643 =( LENGTH_UNIT ( ) NAMED_UNIT ( * ) SI_UNIT ( .MILLI., .METRE. ) );
#1644 = PRESENTATION_LAYER_ASSIGNMENT (  '', '', ( #3121 ) ) ;
#1645 = DIRECTION ( 'NONE',  ( -0.000000000000000000, -0.000000000000000000, 1.000000000000000000 ) ) ;
#1646 = MECHANICAL_DESIGN_GEOMETRIC_PRESENTATION_REPRESENTATION (  '', ( #10688 ), #6599 ) ;
#1647 = ORIENTED_EDGE ( 'NONE', *, *, #3946, .T. ) ;
#1648 = CARTESIAN_POINT ( 'NONE',  ( 22.95000000000000284, -4.599999999999999645, -7.029999999999999361 ) ) ;
#1649 = AXIS2_PLACEMENT_3D ( 'NONE', #8733, #11538, #7898 ) ;
#1650 = ORIENTED_EDGE ( 'NONE', *, *, #3249, .T. ) ;
#1651 = DIRECTION ( 'NONE',  ( -0.000000000000000000, 1.000000000000000000, -0.000000000000000000 ) ) ;
#1652 = AXIS2_PLACEMENT_3D ( 'NONE', #12131, #10206, #5567 ) ;
#1653 = ORIENTED_EDGE ( 'NONE', *, *, #2455, .T. ) ;
#1654 = DIRECTION ( 'NONE',  ( -2.026546116795335870E-16, 1.000000000000000000, -0.000000000000000000 ) ) ;
#1655 = STYLED_ITEM ( 'NONE', ( #4374 ), #6586 ) ;
#1656 = EDGE_CURVE ( 'NONE', #9104, #8286, #7925, .T. ) ;
#1657 = DIRECTION ( 'NONE',  ( 1.000000000000000000, 0.000000000000000000, 0.000000000000000000 ) ) ;
#1658 = CIRCLE ( 'NONE', #3948, 1.000000000000000000 ) ;
#1659 = DIRECTION ( 'NONE',  ( 1.013273058397667935E-16, -1.000000000000000000, 0.000000000000000000 ) ) ;
#1660 = ORIENTED_EDGE ( 'NONE', *, *, #8918, .T. ) ;
#1661 = ORIENTED_EDGE ( 'NONE', *, *, #12270, .T. ) ;
#1662 = CARTESIAN_POINT ( 'NONE',  ( 8.039090901768393138, 0.7437402936630143069, 0.5000000000000000000 ) ) ;
#1663 = CARTESIAN_POINT ( 'NONE',  ( 9.624388637144596359, 14.84182919310037718, -0.01225122353436482528 ) ) ;
#1664 = CARTESIAN_POINT ( 'NONE',  ( 16.67576706438588019, 2.730887774041955929, -10.00000000000000000 ) ) ;
#1665 = CARTESIAN_POINT ( 'NONE',  ( 4.830000000000001847, 11.77659106982886783, -12.00000000000000000 ) ) ;
#1666 = STYLED_ITEM ( 'NONE', ( #1145 ), #11061 ) ;
#1667 = DIRECTION ( 'NONE',  ( -1.000000000000000000, -1.013273058397667935E-16, -0.000000000000000000 ) ) ;
#1668 = CARTESIAN_POINT ( 'NONE',  ( 13.94855866409554856, 2.730887774041955929, 0.000000000000000000 ) ) ;
#1669 = DIRECTION ( 'NONE',  ( -1.000000000000000000, 0.000000000000000000, 0.000000000000000000 ) ) ;
#1670 = SURFACE_STYLE_USAGE ( .BOTH. , #10493 ) ;
#1671 = DIRECTION ( 'NONE',  ( 0.000000000000000000, -1.000000000000000000, 0.000000000000000000 ) ) ;
#1672 = ORIENTED_EDGE ( 'NONE', *, *, #3776, .T. ) ;
#1673 = ORIENTED_EDGE ( 'NONE', *, *, #11408, .F. ) ;
#1674 = FACE_OUTER_BOUND ( 'NONE', #12364, .T. ) ;
#1675 = CARTESIAN_POINT ( 'NONE',  ( -6.595391950804084580, 13.99999999999998757, -12.00000000000000000 ) ) ;
#1676 = EDGE_CURVE ( 'NONE', #1154, #236, #7994, .T. ) ;
#1677 = VECTOR ( 'NONE', #2767, 1000.000000000000000 ) ;
#1678 =( NAMED_UNIT ( * ) SI_UNIT ( $, .STERADIAN. ) SOLID_ANGLE_UNIT ( ) );
#1679 = EDGE_CURVE ( 'NONE', #6680, #12076, #57, .T. ) ;
#1680 = DIRECTION ( 'NONE',  ( -1.000000000000000000, -0.000000000000000000, -0.000000000000000000 ) ) ;
#1681 = EDGE_CURVE ( 'NONE', #1877, #3830, #11891, .T. ) ;
#1682 = DIRECTION ( 'NONE',  ( 0.000000000000000000, 1.000000000000000000, 0.000000000000000000 ) ) ;
#1683 = DIRECTION ( 'NONE',  ( -2.922285384827992868E-16, 1.000000000000000000, 0.000000000000000000 ) ) ;
#1684 = DIRECTION ( 'NONE',  ( 0.000000000000000000, -0.000000000000000000, -1.000000000000000000 ) ) ;
#1685 = ORIENTED_EDGE ( 'NONE', *, *, #7876, .F. ) ;
#1686 = CARTESIAN_POINT ( 'NONE',  ( 14.06833203617090788, 0.000000000000000000, -10.00000000000000000 ) ) ;
#1687 = EDGE_CURVE ( 'NONE', #4384, #1188, #12725, .T. ) ;
#1688 = PRESENTATION_STYLE_ASSIGNMENT (( #2694 ) ) ;
#1689 = ORIENTED_EDGE ( 'NONE', *, *, #10294, .F. ) ;
#1690 = CARTESIAN_POINT ( 'NONE',  ( 27.95000000000000284, -4.599999999999999645, -15.62999999999999723 ) ) ;
#1691 = CARTESIAN_POINT ( 'NONE',  ( 26.03000000000000469, 1.043671250149599536E-16, -12.00000000000000000 ) ) ;
#1692 = EDGE_LOOP ( 'NONE', ( #1647, #6766 ) ) ;
#1693 = MECHANICAL_DESIGN_GEOMETRIC_PRESENTATION_REPRESENTATION (  '', ( #10739 ), #12389 ) ;
#1694 = DIRECTION ( 'NONE',  ( 0.000000000000000000, 1.000000000000000000, -0.000000000000000000 ) ) ;
#1695 = AXIS2_PLACEMENT_3D ( 'NONE', #3730, #9451, #10589 ) ;
#1696 = ORIENTED_EDGE ( 'NONE', *, *, #7233, .F. ) ;
#1697 = ORIENTED_EDGE ( 'NONE', *, *, #5977, .F. ) ;
#1698 = CARTESIAN_POINT ( 'NONE',  ( 2.950000000000000178, -5.000000000000000000, -7.242683772664591402 ) ) ;
#1699 = STYLED_ITEM ( 'NONE', ( #3141 ), #11450 ) ;
#1700 = DIRECTION ( 'NONE',  ( -1.000000000000000000, 0.000000000000000000, 0.000000000000000000 ) ) ;
#1701 = STYLED_ITEM ( 'NONE', ( #10477 ), #5522 ) ;
#1702 = ORIENTED_EDGE ( 'NONE', *, *, #711, .F. ) ;
#1703 = DIRECTION ( 'NONE',  ( 1.000000000000000000, 0.000000000000000000, 0.000000000000000000 ) ) ;
#1704 = CARTESIAN_POINT ( 'NONE',  ( 20.56768843574306516, 7.363962665405081154, -10.00000000000000000 ) ) ;
#1705 = AXIS2_PLACEMENT_3D ( 'NONE', #745, #4717, #8640 ) ;
#1706 = VECTOR ( 'NONE', #970, 1000.000000000000000 ) ;
#1707 = ORIENTED_EDGE ( 'NONE', *, *, #12533, .F. ) ;
#1708 = VECTOR ( 'NONE', #3425, 1000.000000000000000 ) ;
#1709 = EDGE_CURVE ( 'NONE', #12600, #11969, #784, .T. ) ;
#1710 = ORIENTED_EDGE ( 'NONE', *, *, #1249, .F. ) ;
#1711 = VECTOR ( 'NONE', #10833, 1000.000000000000000 ) ;
#1712 = EDGE_CURVE ( 'NONE', #4519, #7393, #5023, .T. ) ;
#1713 = SURFACE_STYLE_USAGE ( .BOTH. , #1591 ) ;
#1714 = CARTESIAN_POINT ( 'NONE',  ( 19.94855866409554679, 1.446110066005035942E-15, -10.00000000000000000 ) ) ;
#1715 = VECTOR ( 'NONE', #2392, 1000.000000000000000 ) ;
#1716 = VERTEX_POINT ( 'NONE', #4063 ) ;
#1717 = DIRECTION ( 'NONE',  ( -1.000000000000000000, 0.000000000000000000, -0.000000000000000000 ) ) ;
#1718 = ORIENTED_EDGE ( 'NONE', *, *, #5728, .T. ) ;
#1719 = SURFACE_STYLE_FILL_AREA ( #2778 ) ;
#1720 = CIRCLE ( 'NONE', #9745, 1.000000000000000888 ) ;
#1721 = UNCERTAINTY_MEASURE_WITH_UNIT (LENGTH_MEASURE( 1.000000000000000082E-05 ), #11704, 'distance_accuracy_value', 'NONE');
#1722 = AXIS2_PLACEMENT_3D ( 'NONE', #8384, #9407, #549 ) ;
#1723 = CARTESIAN_POINT ( 'NONE',  ( -6.595391950804084580, 14.99999999999999645, -11.00000000000000178 ) ) ;
#1724 = VECTOR ( 'NONE', #3635, 1000.000000000000000 ) ;
#1725 = CARTESIAN_POINT ( 'NONE',  ( 27.95000000000000284, -4.599999999999999645, -7.029999999999999361 ) ) ;
#1726 = CIRCLE ( 'NONE', #2369, 1.000000000000000888 ) ;
#1727 = CYLINDRICAL_SURFACE ( 'NONE', #6667, 0.5000000000000004441 ) ;
#1728 = MECHANICAL_DESIGN_GEOMETRIC_PRESENTATION_REPRESENTATION (  '', ( #3208 ), #10176 ) ;
#1729 = ORIENTED_EDGE ( 'NONE', *, *, #9438, .F. ) ;
#1730 = CIRCLE ( 'NONE', #1321, 1.000000000000000000 ) ;
#1731 = EDGE_CURVE ( 'NONE', #5613, #409, #2163, .T. ) ;
#1732 = ORIENTED_EDGE ( 'NONE', *, *, #9640, .F. ) ;
#1733 = DIRECTION ( 'NONE',  ( -0.000000000000000000, -0.000000000000000000, 1.000000000000000000 ) ) ;
#1734 = CARTESIAN_POINT ( 'NONE',  ( 29.94855866409555034, 5.698981658683065277, -10.00000000000000000 ) ) ;
#1735 = DIRECTION ( 'NONE',  ( 1.000000000000000000, 0.000000000000000000, -0.000000000000000000 ) ) ;
#1736 = EDGE_CURVE ( 'NONE', #11049, #6005, #6825, .T. ) ;
#1737 = FILL_AREA_STYLE_COLOUR ( '', #8151 ) ;
#1738 = VECTOR ( 'NONE', #7969, 1000.000000000000000 ) ;
#1739 = VERTEX_POINT ( 'NONE', #11759 ) ;
#1740 = DIRECTION ( 'NONE',  ( 0.000000000000000000, 0.8829475928589255451, 0.4694715627858934148 ) ) ;
#1741 = LINE ( 'NONE', #2792, #6931 ) ;
#1742 =( NAMED_UNIT ( * ) SI_UNIT ( $, .STERADIAN. ) SOLID_ANGLE_UNIT ( ) );
#1743 = DIRECTION ( 'NONE',  ( 0.000000000000000000, 0.000000000000000000, 1.000000000000000000 ) ) ;
#1744 = VECTOR ( 'NONE', #12576, 1000.000000000000000 ) ;
#1745 = VECTOR ( 'NONE', #11375, 1000.000000000000000 ) ;
#1746 = AXIS2_PLACEMENT_3D ( 'NONE', #11042, #3209, #2232 ) ;
#1747 = DIRECTION ( 'NONE',  ( 0.000000000000000000, -1.000000000000000000, 0.000000000000000000 ) ) ;
#1748 = AXIS2_PLACEMENT_3D ( 'NONE', #11363, #2442, #2303 ) ;
#1749 = CARTESIAN_POINT ( 'NONE',  ( 32.00000000000000000, 0.000000000000000000, -16.49999999999999289 ) ) ;
#1750 = CARTESIAN_POINT ( 'NONE',  ( 19.73914162436698305, 14.98520393037187937, -0.1652703644666174421 ) ) ;
#1751 = ORIENTED_EDGE ( 'NONE', *, *, #6199, .F. ) ;
#1752 = VERTEX_POINT ( 'NONE', #3804 ) ;
#1753 = FILL_AREA_STYLE ('',( #12372 ) ) ;
#1754 = VECTOR ( 'NONE', #6093, 1000.000000000000000 ) ;
#1755 = FACE_OUTER_BOUND ( 'NONE', #10242, .T. ) ;
#1756 = CARTESIAN_POINT ( 'NONE',  ( 13.40460804919591631, 13.99999999999998757, -12.00000000000000000 ) ) ;
#1757 = DIRECTION ( 'NONE',  ( 1.000000000000000000, 0.000000000000000000, -0.000000000000000000 ) ) ;
#1758 = AXIS2_PLACEMENT_3D ( 'NONE', #9788, #8982, #3887 ) ;
#1759 = CARTESIAN_POINT ( 'NONE',  ( 0.8300000000000001821, 10.99999999999997158, -1.000000000000000000 ) ) ;
#1760 = CARTESIAN_POINT ( 'NONE',  ( 7.950000000000000178, -5.000000000000000000, -15.62999999999999723 ) ) ;
#1761 = CARTESIAN_POINT ( 'NONE',  ( 9.948558664095548565, 1.446110066005035942E-15, -10.00000000000000000 ) ) ;
#1762 = UNCERTAINTY_MEASURE_WITH_UNIT (LENGTH_MEASURE( 1.000000000000000082E-05 ), #567, 'distance_accuracy_value', 'NONE');
#1763 = AXIS2_PLACEMENT_3D ( 'NONE', #7181, #10106, #306 ) ;
#1764 =( LENGTH_UNIT ( ) NAMED_UNIT ( * ) SI_UNIT ( .MILLI., .METRE. ) );
#1765 = EDGE_CURVE ( 'NONE', #1188, #3459, #5456, .T. ) ;
#1766 = LINE ( 'NONE', #5715, #8664 ) ;
#1767 = FILL_AREA_STYLE ('',( #3970 ) ) ;
#1768 = VERTEX_POINT ( 'NONE', #5735 ) ;
#1769 = CARTESIAN_POINT ( 'NONE',  ( 21.12085837563301283, 14.98520393037187581, -0.1652703644666149441 ) ) ;
#1770 = DIRECTION ( 'NONE',  ( 0.000000000000000000, -1.000000000000000000, 0.000000000000000000 ) ) ;
#1771 = DIRECTION ( 'NONE',  ( -0.000000000000000000, -0.000000000000000000, 1.000000000000000000 ) ) ;
#1772 = ORIENTED_EDGE ( 'NONE', *, *, #6396, .F. ) ;
#1773 = CARTESIAN_POINT ( 'NONE',  ( 30.03000000000000114, 10.77659106982886783, -1.974724807276290628 ) ) ;
#1774 = VERTEX_POINT ( 'NONE', #850 ) ;
#1775 = LINE ( 'NONE', #1897, #4239 ) ;
#1776 =( NAMED_UNIT ( * ) PLANE_ANGLE_UNIT ( ) SI_UNIT ( $, .RADIAN. ) );
#1777 = ORIENTED_EDGE ( 'NONE', *, *, #5276, .F. ) ;
#1778 = CARTESIAN_POINT ( 'NONE',  ( 15.00000000000000000, 10.99999999999997158, -1.000000000000000000 ) ) ;
#1779 = EDGE_CURVE ( 'NONE', #988, #2995, #6679, .T. ) ;
#1780 = DIRECTION ( 'NONE',  ( 0.000000000000000000, -0.000000000000000000, 1.000000000000000000 ) ) ;
#1781 = ADVANCED_FACE ( 'NONE', ( #986 ), #4766, .F. ) ;
#1782 = LINE ( 'NONE', #498, #5920 ) ;
#1783 = EDGE_LOOP ( 'NONE', ( #1058, #1865, #6521, #8175 ) ) ;
#1784 = CARTESIAN_POINT ( 'NONE',  ( 8.039090901768393138, 0.000000000000000000, -21.62877342318509477 ) ) ;
#1785 = ORIENTED_EDGE ( 'NONE', *, *, #1314, .T. ) ;
#1786 = DIRECTION ( 'NONE',  ( -0.000000000000000000, 0.000000000000000000, 1.000000000000000000 ) ) ;
#1787 = EDGE_CURVE ( 'NONE', #4714, #3528, #12762, .T. ) ;
#1788 = FACE_OUTER_BOUND ( 'NONE', #5578, .T. ) ;
#1789 = ORIENTED_EDGE ( 'NONE', *, *, #10676, .F. ) ;
#1790 = VERTEX_POINT ( 'NONE', #10799 ) ;
#1791 = CARTESIAN_POINT ( 'NONE',  ( 10.00000000000000000, 11.77659106982886783, -12.00000000000000000 ) ) ;
#1792 = ORIENTED_EDGE ( 'NONE', *, *, #3764, .T. ) ;
#1793 = CARTESIAN_POINT ( 'NONE',  ( 6.567688435743064268, 7.363962665405081154, -10.00000000000000000 ) ) ;
#1794 = LINE ( 'NONE', #6710, #2489 ) ;
#1795 = CARTESIAN_POINT ( 'NONE',  ( 21.03000000000000114, 14.99999999999999822, -0.6805538183541244290 ) ) ;
#1796 = EDGE_CURVE ( 'NONE', #12258, #4744, #9357, .T. ) ;
#1797 = EDGE_CURVE ( 'NONE', #5736, #6178, #8334, .T. ) ;
#1798 = PRESENTATION_STYLE_ASSIGNMENT (( #12673 ) ) ;
#1799 = CARTESIAN_POINT ( 'NONE',  ( 9.542180073764543025, 14.70498544938100416, -2.385244779468109755E-15 ) ) ;
#1800 = VERTEX_POINT ( 'NONE', #6049 ) ;
#1801 = CARTESIAN_POINT ( 'NONE',  ( 28.94855866409554324, 1.730887774041955929, -10.00000000000000000 ) ) ;
#1802 = AXIS2_PLACEMENT_3D ( 'NONE', #8340, #3330, #6351 ) ;
#1803 = VECTOR ( 'NONE', #10236, 1000.000000000000000 ) ;
#1804 = ORIENTED_EDGE ( 'NONE', *, *, #7618, .F. ) ;
#1805 = ORIENTED_EDGE ( 'NONE', *, *, #1293, .T. ) ;
#1806 = CYLINDRICAL_SURFACE ( 'NONE', #7506, 0.9999999999999991118 ) ;
#1807 = CARTESIAN_POINT ( 'NONE',  ( 4.830000000000001847, 11.77659106982886783, -12.00000000000000000 ) ) ;
#1808 = ORIENTED_EDGE ( 'NONE', *, *, #6786, .T. ) ;
#1809 = CARTESIAN_POINT ( 'NONE',  ( 22.06768843574306871, 9.742953882361238271, -10.00000000000000000 ) ) ;
#1810 = CARTESIAN_POINT ( 'NONE',  ( 8.039090901768393138, 0.000000000000000000, -21.62877342318509477 ) ) ;
#1811 = EDGE_CURVE ( 'NONE', #967, #3644, #12413, .T. ) ;
#1812 = EDGE_CURVE ( 'NONE', #2717, #12608, #3359, .T. ) ;
#1813 = CARTESIAN_POINT ( 'NONE',  ( 5.000000000000000000, 0.000000000000000000, 0.5000000000000000000 ) ) ;
#1814 = DIRECTION ( 'NONE',  ( -0.000000000000000000, 0.000000000000000000, 1.000000000000000000 ) ) ;
#1815 = DIRECTION ( 'NONE',  ( 0.000000000000000000, 0.000000000000000000, 1.000000000000000000 ) ) ;
#1816 = EDGE_LOOP ( 'NONE', ( #801, #959, #773, #1973 ) ) ;
#1817 = ORIENTED_EDGE ( 'NONE', *, *, #683, .T. ) ;
#1818 = DIRECTION ( 'NONE',  ( -0.1736481776669304700, 0.000000000000000000, -0.9848077530122081313 ) ) ;
#1819 = CARTESIAN_POINT ( 'NONE',  ( 6.029999999999999361, 11.77659106982886605, -2.498455167896218576 ) ) ;
#1820 = CARTESIAN_POINT ( 'NONE',  ( 15.00000000000000000, 10.99999999999997158, 0.000000000000000000 ) ) ;
#1821 = CARTESIAN_POINT ( 'NONE',  ( 12.06768843574306871, 9.742953882361238271, -10.00000000000000000 ) ) ;
#1822 = DIRECTION ( 'NONE',  ( 1.000000000000000000, 0.000000000000000000, 0.000000000000000000 ) ) ;
#1823 =( NAMED_UNIT ( * ) SI_UNIT ( $, .STERADIAN. ) SOLID_ANGLE_UNIT ( ) );
#1824 = DIRECTION ( 'NONE',  ( -0.000000000000000000, 0.000000000000000000, 1.000000000000000000 ) ) ;
#1825 = CARTESIAN_POINT ( 'NONE',  ( 9.830000000000001847, 12.20709392125342596, -1.676461860280853200 ) ) ;
#1826 = LINE ( 'NONE', #9564, #10349 ) ;
#1827 = FILL_AREA_STYLE ('',( #10638 ) ) ;
#1828 = ORIENTED_EDGE ( 'NONE', *, *, #2628, .F. ) ;
#1829 = LINE ( 'NONE', #11615, #10671 ) ;
#1830 = PRESENTATION_STYLE_ASSIGNMENT (( #10641 ) ) ;
#1831 = ORIENTED_EDGE ( 'NONE', *, *, #7946, .T. ) ;
#1832 = CARTESIAN_POINT ( 'NONE',  ( 0.000000000000000000, 15.00000000000000000, -12.00000000000000000 ) ) ;
#1833 = DIRECTION ( 'NONE',  ( -0.1736481776669304700, -0.000000000000000000, -0.9848077530122080203 ) ) ;
#1834 = ORIENTED_EDGE ( 'NONE', *, *, #9871, .F. ) ;
#1835 = SURFACE_STYLE_FILL_AREA ( #2825 ) ;
#1836 = VERTEX_POINT ( 'NONE', #5158 ) ;
#1837 =( NAMED_UNIT ( * ) PLANE_ANGLE_UNIT ( ) SI_UNIT ( $, .RADIAN. ) );
#1838 = SURFACE_STYLE_USAGE ( .BOTH. , #5595 ) ;
#1839 = FACE_BOUND ( 'NONE', #9605, .T. ) ;
#1840 = LINE ( 'NONE', #11273, #2439 ) ;
#1841 = ORIENTED_EDGE ( 'NONE', *, *, #4778, .F. ) ;
#1842 =( GEOMETRIC_REPRESENTATION_CONTEXT ( 3 ) GLOBAL_UNCERTAINTY_ASSIGNED_CONTEXT ( ( #7539 ) ) GLOBAL_UNIT_ASSIGNED_CONTEXT ( ( #6241, #6314, #5290 ) ) REPRESENTATION_CONTEXT ( 'NONE', 'WORKASPACE' ) );
#1843 = VERTEX_POINT ( 'NONE', #12031 ) ;
#1844 = DIRECTION ( 'NONE',  ( 0.000000000000000000, -1.000000000000000000, -0.000000000000000000 ) ) ;
#1845 = ORIENTED_EDGE ( 'NONE', *, *, #3650, .T. ) ;
#1846 = CARTESIAN_POINT ( 'NONE',  ( 18.03909090176839314, 0.000000000000000000, -21.62877342318509477 ) ) ;
#1847 = EDGE_CURVE ( 'NONE', #6484, #10471, #7163, .T. ) ;
#1848 = AXIS2_PLACEMENT_3D ( 'NONE', #7034, #6128, #10937 ) ;
#1849 = EDGE_LOOP ( 'NONE', ( #2571, #7932, #11694, #7424 ) ) ;
#1850 = LINE ( 'NONE', #736, #69 ) ;
#1851 = EDGE_CURVE ( 'NONE', #4587, #4118, #7105, .T. ) ;
#1852 = UNCERTAINTY_MEASURE_WITH_UNIT (LENGTH_MEASURE( 1.000000000000000082E-05 ), #2530, 'distance_accuracy_value', 'NONE');
#1853 = LINE ( 'NONE', #11569, #6592 ) ;
#1854 =( GEOMETRIC_REPRESENTATION_CONTEXT ( 3 ) GLOBAL_UNCERTAINTY_ASSIGNED_CONTEXT ( ( #11749 ) ) GLOBAL_UNIT_ASSIGNED_CONTEXT ( ( #3551, #3673, #9264 ) ) REPRESENTATION_CONTEXT ( 'NONE', 'WORKASPACE' ) );
#1855 = CARTESIAN_POINT ( 'NONE',  ( 19.58318903853986370, 14.79584954382815987, -1.336935628122505903E-15 ) ) ;
#1856 = VECTOR ( 'NONE', #5419, 1000.000000000000000 ) ;
#1857 = UNCERTAINTY_MEASURE_WITH_UNIT (LENGTH_MEASURE( 1.000000000000000082E-05 ), #4931, 'distance_accuracy_value', 'NONE');
#1858 = ORIENTED_EDGE ( 'NONE', *, *, #10309, .T. ) ;
#1859 = SURFACE_SIDE_STYLE ('',( #9910 ) ) ;
#1860 = EDGE_CURVE ( 'NONE', #5493, #11143, #3416, .T. ) ;
#1861 = COLOUR_RGB ( '',1.000000000000000000, 0.5019607843137254832, 0.5019607843137254832 ) ;
#1862 = DIRECTION ( 'NONE',  ( 0.000000000000000000, -0.000000000000000000, -1.000000000000000000 ) ) ;
#1863 = LINE ( 'NONE', #873, #10562 ) ;
#1864 = CARTESIAN_POINT ( 'NONE',  ( 10.00000000000000000, 9.742953882361238271, -10.00000000000000000 ) ) ;
#1865 = ORIENTED_EDGE ( 'NONE', *, *, #7322, .F. ) ;
#1866 = VECTOR ( 'NONE', #4379, 1000.000000000000000 ) ;
#1867 = VECTOR ( 'NONE', #4100, 1000.000000000000000 ) ;
#1868 = DIRECTION ( 'NONE',  ( -0.000000000000000000, -0.000000000000000000, 1.000000000000000000 ) ) ;
#1869 = AXIS2_PLACEMENT_3D ( 'NONE', #2018, #7057, #1290 ) ;
#1870 = CARTESIAN_POINT ( 'NONE',  ( 12.94999999999999929, -5.000000000000000000, -7.617316227335406253 ) ) ;
#1871 = CARTESIAN_POINT ( 'NONE',  ( 12.94999999999999929, -5.000000000000000000, -15.62999999999999723 ) ) ;
#1872 = APPLICATION_CONTEXT ( 'automotive_design' ) ;
#1874 =( GEOMETRIC_REPRESENTATION_CONTEXT ( 3 ) GLOBAL_UNCERTAINTY_ASSIGNED_CONTEXT ( ( #7954 ) ) GLOBAL_UNIT_ASSIGNED_CONTEXT ( ( #11853, #11591, #4858 ) ) REPRESENTATION_CONTEXT ( 'NONE', 'WORKASPACE' ) );
#1873 = DIRECTION ( 'NONE',  ( 1.013273058397667935E-16, -1.000000000000000000, 0.000000000000000000 ) ) ;
#1875 = DIRECTION ( 'NONE',  ( -1.000000000000000000, -1.070256409758549784E-16, 0.000000000000000000 ) ) ;
#1876 = ORIENTED_EDGE ( 'NONE', *, *, #4436, .T. ) ;
#1877 = VERTEX_POINT ( 'NONE', #2188 ) ;
#1878 = ADVANCED_FACE ( 'NONE', ( #4184 ), #11953, .T. ) ;
#1879 = CYLINDRICAL_SURFACE ( 'NONE', #8582, 0.5000000000000004441 ) ;
#1880 = EDGE_CURVE ( 'NONE', #4877, #3570, #483, .T. ) ;
#1881 = FACE_OUTER_BOUND ( 'NONE', #11033, .T. ) ;
#1882 = VECTOR ( 'NONE', #11833, 1000.000000000000000 ) ;
#1883 = CARTESIAN_POINT ( 'NONE',  ( 3.404608049195914532, 11.77659106982886428, -12.00000000000000000 ) ) ;
#1884 = CARTESIAN_POINT ( 'NONE',  ( 25.00000000000000000, 9.742953882361238271, -10.00000000000000000 ) ) ;
#1885 = DIRECTION ( 'NONE',  ( 0.000000000000000000, -1.000000000000000000, 0.000000000000000000 ) ) ;
#1886 = DIRECTION ( 'NONE',  ( -1.000000000000000000, -2.026546116795335870E-16, 0.000000000000000000 ) ) ;
#1887 = DIRECTION ( 'NONE',  ( 0.000000000000000000, 1.000000000000000000, -0.000000000000000000 ) ) ;
#1888 = CARTESIAN_POINT ( 'NONE',  ( 23.94855866409553968, 1.730887774041955929, 0.000000000000000000 ) ) ;
#1889 = DIRECTION ( 'NONE',  ( 0.000000000000000000, -1.000000000000000000, -0.000000000000000000 ) ) ;
#1890 = EDGE_LOOP ( 'NONE', ( #8897, #8468, #1475, #5914, #9793, #8303, #1672, #914, #4105, #6619, #6877, #3696, #4498, #6613 ) ) ;
#1891 = DIRECTION ( 'NONE',  ( -1.000000000000000000, 0.000000000000000000, 0.000000000000000000 ) ) ;
#1892 = VERTEX_POINT ( 'NONE', #9139 ) ;
#1893 = EDGE_CURVE ( 'NONE', #3233, #1965, #9151, .T. ) ;
#1894 = SURFACE_STYLE_FILL_AREA ( #12711 ) ;
#1895 = DIRECTION ( 'NONE',  ( 1.084202172485504434E-16, -1.000000000000000000, 0.000000000000000000 ) ) ;
#1896 = EDGE_LOOP ( 'NONE', ( #4986, #9433, #4792, #8698, #3767, #12722 ) ) ;
#1897 = CARTESIAN_POINT ( 'NONE',  ( 14.06833203617090788, 9.242953882361234719, -10.00000000000000000 ) ) ;
#1898 = CARTESIAN_POINT ( 'NONE',  ( 14.83000000000000362, 11.77659106982886783, -12.00000000000000000 ) ) ;
#1899 = ORIENTED_EDGE ( 'NONE', *, *, #9191, .T. ) ;
#1900 = CARTESIAN_POINT ( 'NONE',  ( 25.56768843574306516, 7.363962665405081154, 0.000000000000000000 ) ) ;
#1901 = LINE ( 'NONE', #11754, #9115 ) ;
#1902 = ORIENTED_EDGE ( 'NONE', *, *, #1639, .F. ) ;
#1903 = CARTESIAN_POINT ( 'NONE',  ( 18.56833203617090433, 9.742953882361238271, -10.00000000000000000 ) ) ;
#1904 = VECTOR ( 'NONE', #2415, 1000.000000000000000 ) ;
#1905 = CARTESIAN_POINT ( 'NONE',  ( 8.404608049195916308, 11.77659106982886428, -12.00000000000000000 ) ) ;
#1906 = VERTEX_POINT ( 'NONE', #4315 ) ;
#1907 = ORIENTED_EDGE ( 'NONE', *, *, #10826, .F. ) ;
#1908 = AXIS2_PLACEMENT_3D ( 'NONE', #2698, #3728, #9631 ) ;
#1909 = CARTESIAN_POINT ( 'NONE',  ( 15.00000000000000000, 0.000000000000000000, -18.00000000000000355 ) ) ;
#1910 = AXIS2_PLACEMENT_3D ( 'NONE', #9836, #795, #97 ) ;
#1911 = ORIENTED_EDGE ( 'NONE', *, *, #6214, .F. ) ;
#1912 = CARTESIAN_POINT ( 'NONE',  ( 5.030000000000001137, 10.99999999999997158, -1.000000000000000000 ) ) ;
#1913 = DIRECTION ( 'NONE',  ( -0.000000000000000000, -0.000000000000000000, 1.000000000000000000 ) ) ;
#1914 = CIRCLE ( 'NONE', #12428, 0.1873162273354038454 ) ;
#1915 = CARTESIAN_POINT ( 'NONE',  ( 2.950000000000000178, -5.000000000000000000, -7.830000000000000071 ) ) ;
#1916 = VECTOR ( 'NONE', #3103, 1000.000000000000000 ) ;
#1917 = SURFACE_SIDE_STYLE ('',( #5992 ) ) ;
#1918 = AXIS2_PLACEMENT_3D ( 'NONE', #6366, #7333, #12196 ) ;
#1919 = ADVANCED_FACE ( 'NONE', ( #4257 ), #151, .T. ) ;
#1920 = DIRECTION ( 'NONE',  ( 0.000000000000000000, -0.000000000000000000, -1.000000000000000000 ) ) ;
#1921 = EDGE_CURVE ( 'NONE', #8256, #3115, #4119, .T. ) ;
#1922 = ORIENTED_EDGE ( 'NONE', *, *, #9889, .T. ) ;
#1923 = CARTESIAN_POINT ( 'NONE',  ( 25.00000000000000000, 10.99999999999997158, -1.000000000000000000 ) ) ;
#1924 = VECTOR ( 'NONE', #2936, 1000.000000000000000 ) ;
#1925 = CIRCLE ( 'NONE', #6062, 1.000000000000000888 ) ;
#1926 =( NAMED_UNIT ( * ) PLANE_ANGLE_UNIT ( ) SI_UNIT ( $, .RADIAN. ) );
#1927 = PLANE ( 'NONE',  #2765 ) ;
#1928 = SURFACE_SIDE_STYLE ('',( #10556 ) ) ;
#1929 = ORIENTED_EDGE ( 'NONE', *, *, #2261, .T. ) ;
#1930 = LINE ( 'NONE', #7956, #10192 ) ;
#1931 = CARTESIAN_POINT ( 'NONE',  ( 9.068332036170907884, 9.242953882361234719, -10.00000000000000000 ) ) ;
#1932 = EDGE_CURVE ( 'NONE', #5624, #4010, #6240, .T. ) ;
#1933 =( GEOMETRIC_REPRESENTATION_CONTEXT ( 3 ) GLOBAL_UNCERTAINTY_ASSIGNED_CONTEXT ( ( #7313 ) ) GLOBAL_UNIT_ASSIGNED_CONTEXT ( ( #9663, #4723, #5620 ) ) REPRESENTATION_CONTEXT ( 'NONE', 'WORKASPACE' ) );
#1934 = CARTESIAN_POINT ( 'NONE',  ( 11.02999999999999936, 14.99999999999999822, -11.00000000000000178 ) ) ;
#1935 = AXIS2_PLACEMENT_3D ( 'NONE', #4482, #7146, #11040 ) ;
#1936 = PRESENTATION_LAYER_ASSIGNMENT (  '', '', ( #5057 ) ) ;
#1937 = STYLED_ITEM ( 'NONE', ( #28 ), #6280 ) ;
#1938 = CARTESIAN_POINT ( 'NONE',  ( 8.039090901768393138, 0.000000000000000000, -21.62877342318509477 ) ) ;
#1939 = EDGE_CURVE ( 'NONE', #8316, #3610, #8051, .T. ) ;
#1940 = CARTESIAN_POINT ( 'NONE',  ( 22.95000000000000284, -5.000000000000000000, -7.830000000000000071 ) ) ;
#1941 = VECTOR ( 'NONE', #10036, 1000.000000000000000 ) ;
#1942 = EDGE_LOOP ( 'NONE', ( #2606, #9884, #3291, #663 ) ) ;
#1943 = VECTOR ( 'NONE', #7678, 1000.000000000000000 ) ;
#1944 = EDGE_CURVE ( 'NONE', #11894, #3739, #2119, .T. ) ;
#1945 = ORIENTED_EDGE ( 'NONE', *, *, #3575, .T. ) ;
#1946 = VECTOR ( 'NONE', #6168, 1000.000000000000000 ) ;
#1947 =( NAMED_UNIT ( * ) SI_UNIT ( $, .STERADIAN. ) SOLID_ANGLE_UNIT ( ) );
#1948 = CARTESIAN_POINT ( 'NONE',  ( 15.83000000000000007, 11.77659106982886783, -1.974724807276291516 ) ) ;
#1949 = CARTESIAN_POINT ( 'NONE',  ( 13.40460804919591631, 11.77659106982886428, -12.00000000000000000 ) ) ;
#1950 = CARTESIAN_POINT ( 'NONE',  ( 29.06833203617090788, 0.000000000000000000, -10.00000000000000000 ) ) ;
#1951 = VECTOR ( 'NONE', #6481, 1000.000000000000000 ) ;
#1952 = AXIS2_PLACEMENT_3D ( 'NONE', #10461, #9693, #7786 ) ;
#1953 = PRESENTATION_LAYER_ASSIGNMENT (  '', '', ( #9567 ) ) ;
#1954 = DIRECTION ( 'NONE',  ( 0.000000000000000000, -1.000000000000000000, 0.000000000000000000 ) ) ;
#1955 = CARTESIAN_POINT ( 'NONE',  ( 32.00000000000000000, 0.000000000000000000, -1.000000000000007105 ) ) ;
#1956 = COLOUR_RGB ( '',0.8313725490196077761, 0.8392156862745098200, 0.8313725490196077761 ) ;
#1957 = DIRECTION ( 'NONE',  ( 0.000000000000000000, -1.000000000000000000, 0.000000000000000000 ) ) ;
#1958 = EDGE_CURVE ( 'NONE', #2115, #5446, #3154, .T. ) ;
#1959 = EDGE_CURVE ( 'NONE', #2414, #4181, #7833, .T. ) ;
#1960 = SURFACE_STYLE_FILL_AREA ( #10767 ) ;
#1961 = CARTESIAN_POINT ( 'NONE',  ( 18.94855866409553968, 1.730887774041955929, -10.00000000000000000 ) ) ;
#1962 = COLOUR_RGB ( '',0.8313725490196077761, 0.8392156862745098200, 0.8313725490196077761 ) ;
#1963 = PRESENTATION_LAYER_ASSIGNMENT (  '', '', ( #12439 ) ) ;
#1964 = SURFACE_STYLE_USAGE ( .BOTH. , #12633 ) ;
#1965 = VERTEX_POINT ( 'NONE', #11734 ) ;
#1966 = LINE ( 'NONE', #2747, #7606 ) ;
#1967 = AXIS2_PLACEMENT_3D ( 'NONE', #580, #4546, #328 ) ;
#1968 = VECTOR ( 'NONE', #11589, 1000.000000000000114 ) ;
#1969 =( NAMED_UNIT ( * ) PLANE_ANGLE_UNIT ( ) SI_UNIT ( $, .RADIAN. ) );
#1970 = FACE_OUTER_BOUND ( 'NONE', #4016, .T. ) ;
#1971 = SURFACE_STYLE_USAGE ( .BOTH. , #11813 ) ;
#1972 =( LENGTH_UNIT ( ) NAMED_UNIT ( * ) SI_UNIT ( .MILLI., .METRE. ) );
#1973 = ORIENTED_EDGE ( 'NONE', *, *, #2347, .T. ) ;
#1974 = ORIENTED_EDGE ( 'NONE', *, *, #11857, .T. ) ;
#1975 = VECTOR ( 'NONE', #464, 1000.000000000000000 ) ;
#1976 = VERTEX_POINT ( 'NONE', #2868 ) ;
#1977 = PRESENTATION_LAYER_ASSIGNMENT (  '', '', ( #1552 ) ) ;
#1978 = DIRECTION ( 'NONE',  ( 0.000000000000000000, -1.000000000000000000, 0.000000000000000000 ) ) ;
#1979 = EDGE_CURVE ( 'NONE', #7792, #360, #139, .T. ) ;
#1980 = FACE_BOUND ( 'NONE', #3268, .T. ) ;
#1981 = DIRECTION ( 'NONE',  ( -0.000000000000000000, -0.000000000000000000, 1.000000000000000000 ) ) ;
#1982 = FILL_AREA_STYLE_COLOUR ( '', #6302 ) ;
#1983 = EDGE_LOOP ( 'NONE', ( #3988, #11544, #11390, #10750 ) ) ;
#1984 = EDGE_CURVE ( 'NONE', #1247, #2912, #4823, .T. ) ;
#1985 = FILL_AREA_STYLE_COLOUR ( '', #2127 ) ;
#1986 = PRESENTATION_LAYER_ASSIGNMENT (  '', '', ( #2200 ) ) ;
#1987 = EDGE_LOOP ( 'NONE', ( #11326, #12634, #1496, #2218, #5372, #11595 ) ) ;
#1988 = CARTESIAN_POINT ( 'NONE',  ( 12.94999999999999929, -5.000000000000000000, -15.62999999999999723 ) ) ;
#1989 = SURFACE_STYLE_FILL_AREA ( #2959 ) ;
#1990 = EDGE_CURVE ( 'NONE', #9574, #4342, #8126, .T. ) ;
#1991 = SURFACE_STYLE_USAGE ( .BOTH. , #4187 ) ;
#1992 = ORIENTED_EDGE ( 'NONE', *, *, #12737, .F. ) ;
#1993 = PLANE ( 'NONE',  #5182 ) ;
#1994 = LINE ( 'NONE', #3995, #3427 ) ;
#1995 = DIRECTION ( 'NONE',  ( 0.000000000000000000, 1.000000000000000000, -0.000000000000000000 ) ) ;
#1996 = DIRECTION ( 'NONE',  ( -0.000000000000000000, -0.000000000000000000, 1.000000000000000000 ) ) ;
#1997 = DIRECTION ( 'NONE',  ( 1.000000000000000000, 0.000000000000000000, 0.000000000000000000 ) ) ;
#1998 = DIRECTION ( 'NONE',  ( 0.000000000000000000, -0.000000000000000000, -1.000000000000000000 ) ) ;
#1999 =( NAMED_UNIT ( * ) PLANE_ANGLE_UNIT ( ) SI_UNIT ( $, .RADIAN. ) );
#2000 = CARTESIAN_POINT ( 'NONE',  ( 10.03000000000000114, 11.77659106982886783, -12.00000000000000000 ) ) ;
#2001 = CYLINDRICAL_SURFACE ( 'NONE', #1007, 0.9999999999999991118 ) ;
#2002 = CARTESIAN_POINT ( 'NONE',  ( 15.03000000000000469, 1.019352696748054822E-15, -12.00000000000000000 ) ) ;
#2003 = ORIENTED_EDGE ( 'NONE', *, *, #12399, .T. ) ;
#2004 =( GEOMETRIC_REPRESENTATION_CONTEXT ( 3 ) GLOBAL_UNCERTAINTY_ASSIGNED_CONTEXT ( ( #2526 ) ) GLOBAL_UNIT_ASSIGNED_CONTEXT ( ( #10476, #8580, #7613 ) ) REPRESENTATION_CONTEXT ( 'NONE', 'WORKASPACE' ) );
#2005 = VERTEX_POINT ( 'NONE', #3900 ) ;
#2006 = UNCERTAINTY_MEASURE_WITH_UNIT (LENGTH_MEASURE( 1.000000000000000082E-05 ), #5999, 'distance_accuracy_value', 'NONE');
#2007 = VERTEX_POINT ( 'NONE', #9936 ) ;
#2008 = EDGE_CURVE ( 'NONE', #5882, #8953, #3965, .T. ) ;
#2009 = LINE ( 'NONE', #9718, #6905 ) ;
#2010 = CARTESIAN_POINT ( 'NONE',  ( 17.94999999999999929, -4.599999999999999645, -15.62999999999999723 ) ) ;
#2011 = CYLINDRICAL_SURFACE ( 'NONE', #10, 4.000000000000000000 ) ;
#2012 = VERTEX_POINT ( 'NONE', #4038 ) ;
#2013 = CARTESIAN_POINT ( 'NONE',  ( 10.00000000000000000, 0.7437402936630139738, -21.62877342318509477 ) ) ;
#2014 = EDGE_LOOP ( 'NONE', ( #5278, #11614, #12384, #1689 ) ) ;
#2015 = EDGE_LOOP ( 'NONE', ( #3171, #9171, #7754, #9782 ) ) ;
#2016 = AXIS2_PLACEMENT_3D ( 'NONE', #1052, #5019, #85 ) ;
#2017 =( LENGTH_UNIT ( ) NAMED_UNIT ( * ) SI_UNIT ( .MILLI., .METRE. ) );
#2018 = CARTESIAN_POINT ( 'NONE',  ( 7.950000000000000178, -5.000000000000000000, -15.62999999999999723 ) ) ;
#2019 = LINE ( 'NONE', #1950, #11184 ) ;
#2020 = EDGE_CURVE ( 'NONE', #1976, #8056, #4800, .T. ) ;
#2021 = CARTESIAN_POINT ( 'NONE',  ( 24.54218007376454480, 9.999999999999998224, -2.385244779468109755E-15 ) ) ;
#2022 = EDGE_CURVE ( 'NONE', #5802, #8066, #11800, .T. ) ;
#2023 = DIRECTION ( 'NONE',  ( -0.000000000000000000, -0.000000000000000000, 1.000000000000000000 ) ) ;
#2024 = FACE_OUTER_BOUND ( 'NONE', #3451, .T. ) ;
#2025 = DIRECTION ( 'NONE',  ( 1.000000000000000000, 0.000000000000000000, 0.000000000000000000 ) ) ;
#2026 = DIRECTION ( 'NONE',  ( -1.000000000000000000, -0.000000000000000000, -0.000000000000000000 ) ) ;
#2027 = CARTESIAN_POINT ( 'NONE',  ( 3.039090901768393138, 0.000000000000000000, -21.62877342318509477 ) ) ;
#2028 = SURFACE_STYLE_FILL_AREA ( #1827 ) ;
#2029 = CARTESIAN_POINT ( 'NONE',  ( 8.568332036170907884, 9.242953882361238271, 0.000000000000000000 ) ) ;
#2030 = DIRECTION ( 'NONE',  ( -1.000000000000000000, -2.026546116795335870E-16, 0.000000000000000000 ) ) ;
#2031 = SURFACE_SIDE_STYLE ('',( #2102 ) ) ;
#2032 = DIRECTION ( 'NONE',  ( 0.000000000000000000, 0.000000000000000000, 1.000000000000000000 ) ) ;
#2033 = ORIENTED_EDGE ( 'NONE', *, *, #10227, .F. ) ;
#2034 = EDGE_CURVE ( 'NONE', #1877, #4695, #5956, .T. ) ;
#2035 = DIRECTION ( 'NONE',  ( -1.000000000000000000, -2.026546116795335870E-16, 0.000000000000000000 ) ) ;
#2036 = EDGE_LOOP ( 'NONE', ( #8207, #3864, #2255, #12411, #1568, #8134, #2721 ) ) ;
#2037 = CARTESIAN_POINT ( 'NONE',  ( 24.83000000000000185, 13.99999999999999112, -12.00000000000000000 ) ) ;
#2038 = AXIS2_PLACEMENT_3D ( 'NONE', #326, #12193, #9375 ) ;
#2039 = ORIENTED_EDGE ( 'NONE', *, *, #3563, .T. ) ;
#2040 = PRESENTATION_STYLE_ASSIGNMENT (( #11885 ) ) ;
#2041 = CARTESIAN_POINT ( 'NONE',  ( 17.94999999999999929, -5.000000000000000000, -7.242683772664591402 ) ) ;
#2042 = CARTESIAN_POINT ( 'NONE',  ( 1.567688435743064268, 7.363962665405081154, -10.00000000000000000 ) ) ;
#2043 = FILL_AREA_STYLE ('',( #7919 ) ) ;
#2044 = ORIENTED_EDGE ( 'NONE', *, *, #171, .T. ) ;
#2045 = SURFACE_SIDE_STYLE ('',( #1051 ) ) ;
#2046 = DIRECTION ( 'NONE',  ( 0.000000000000000000, 0.000000000000000000, 1.000000000000000000 ) ) ;
#2047 = ORIENTED_EDGE ( 'NONE', *, *, #684, .T. ) ;
#2048 = DIRECTION ( 'NONE',  ( 1.000000000000000000, 0.000000000000000000, 0.000000000000000000 ) ) ;
#2049 = DIRECTION ( 'NONE',  ( 0.000000000000000000, 1.000000000000000000, 0.000000000000000000 ) ) ;
#2050 = VECTOR ( 'NONE', #358, 1000.000000000000000 ) ;
#2051 = ORIENTED_EDGE ( 'NONE', *, *, #6042, .T. ) ;
#2052 = EDGE_CURVE ( 'NONE', #7479, #2769, #10765, .T. ) ;
#2053 = ORIENTED_EDGE ( 'NONE', *, *, #3764, .F. ) ;
#2054 = CARTESIAN_POINT ( 'NONE',  ( 23.03909090176839314, 0.7437402936630143069, -0.03339203246192836566 ) ) ;
#2055 = EDGE_CURVE ( 'NONE', #8950, #10000, #10899, .T. ) ;
#2056 = VERTEX_POINT ( 'NONE', #5827 ) ;
#2057 = CARTESIAN_POINT ( 'NONE',  ( 5.567688435743064268, 7.363962665405081154, -10.00000000000000000 ) ) ;
#2058 = DIRECTION ( 'NONE',  ( -0.000000000000000000, 0.000000000000000000, 1.000000000000000000 ) ) ;
#2059 = DIRECTION ( 'NONE',  ( 0.000000000000000000, 0.8829475928589225475, 0.4694715627858989104 ) ) ;
#2060 = AXIS2_PLACEMENT_3D ( 'NONE', #7022, #1130, #10088 ) ;
#2061 = ORIENTED_EDGE ( 'NONE', *, *, #2878, .T. ) ;
#2062 = PLANE ( 'NONE',  #6009 ) ;
#2063 = DIRECTION ( 'NONE',  ( -1.000000000000000000, -0.000000000000000000, -0.000000000000000000 ) ) ;
#2064 =( LENGTH_UNIT ( ) NAMED_UNIT ( * ) SI_UNIT ( .MILLI., .METRE. ) );
#2065 = EDGE_CURVE ( 'NONE', #1371, #6707, #11804, .T. ) ;
#2066 =( GEOMETRIC_REPRESENTATION_CONTEXT ( 3 ) GLOBAL_UNCERTAINTY_ASSIGNED_CONTEXT ( ( #4427 ) ) GLOBAL_UNIT_ASSIGNED_CONTEXT ( ( #9689, #7840, #3017 ) ) REPRESENTATION_CONTEXT ( 'NONE', 'WORKASPACE' ) );
#2067 = VERTEX_POINT ( 'NONE', #6933 ) ;
#2068 = CARTESIAN_POINT ( 'NONE',  ( 18.94855866409554679, 2.730887774041955929, 0.000000000000000000 ) ) ;
#2069 = CARTESIAN_POINT ( 'NONE',  ( 11.12085837563301460, 9.999999999999998224, -0.1652703644666149441 ) ) ;
#2070 = ORIENTED_EDGE ( 'NONE', *, *, #983, .F. ) ;
#2071 = DIRECTION ( 'NONE',  ( -0.000000000000000000, -0.000000000000000000, 1.000000000000000000 ) ) ;
#2072 = CARTESIAN_POINT ( 'NONE',  ( 22.95000000000000284, -4.599999999999999645, -7.429999999999998828 ) ) ;
#2073 = STYLED_ITEM ( 'NONE', ( #2125 ), #5644 ) ;
#2074 = VECTOR ( 'NONE', #766, 1000.000000000000000 ) ;
#2075 = CARTESIAN_POINT ( 'NONE',  ( 19.75408174517711402, 15.00000000000000000, -0.2500000000000014988 ) ) ;
#2076 = EDGE_LOOP ( 'NONE', ( #542, #3243, #2379, #2469 ) ) ;
#2077 = UNCERTAINTY_MEASURE_WITH_UNIT (LENGTH_MEASURE( 1.000000000000000082E-05 ), #1972, 'distance_accuracy_value', 'NONE');
#2078 = MECHANICAL_DESIGN_GEOMETRIC_PRESENTATION_REPRESENTATION (  '', ( #4352 ), #11328 ) ;
#2079 = DIRECTION ( 'NONE',  ( 0.000000000000000000, -1.000000000000000000, 0.000000000000000000 ) ) ;
#2080 = PLANE ( 'NONE',  #10336 ) ;
#2081 = ORIENTED_EDGE ( 'NONE', *, *, #5727, .T. ) ;
#2082 = VECTOR ( 'NONE', #10091, 1000.000000000000114 ) ;
#2083 = ORIENTED_EDGE ( 'NONE', *, *, #1484, .F. ) ;
#2084 = AXIS2_PLACEMENT_3D ( 'NONE', #11152, #7321, #11226 ) ;
#2085 = CARTESIAN_POINT ( 'NONE',  ( 19.66795872986364913, 14.56261116223706154, -0.04450167309611560706 ) ) ;
#2086 = DIRECTION ( 'NONE',  ( -1.000000000000000000, -1.013273058397667935E-16, 0.000000000000000000 ) ) ;
#2087 = CARTESIAN_POINT ( 'NONE',  ( 18.03909090176839314, 0.7437402936630143069, 0.5000000000000000000 ) ) ;
#2088 = ORIENTED_EDGE ( 'NONE', *, *, #11322, .T. ) ;
#2089 = CIRCLE ( 'NONE', #3129, 0.4000000000000010214 ) ;
#2090 = FACE_OUTER_BOUND ( 'NONE', #7542, .T. ) ;
#2091 = FILL_AREA_STYLE ('',( #7895 ) ) ;
#2092 = DIRECTION ( 'NONE',  ( 0.000000000000000000, -1.000000000000000000, -0.000000000000000000 ) ) ;
#2093 = CARTESIAN_POINT ( 'NONE',  ( 29.83000000000000185, 15.00000000000000000, -10.99999999999999289 ) ) ;
#2094 = SURFACE_STYLE_FILL_AREA ( #11807 ) ;
#2095 = FILL_AREA_STYLE ('',( #561 ) ) ;
#2096 = ORIENTED_EDGE ( 'NONE', *, *, #11603, .T. ) ;
#2097 = AXIS2_PLACEMENT_3D ( 'NONE', #9394, #9629, #6440 ) ;
#2098 = EDGE_CURVE ( 'NONE', #771, #12177, #1398, .T. ) ;
#2099 = DIRECTION ( 'NONE',  ( 0.000000000000000000, -0.000000000000000000, -1.000000000000000000 ) ) ;
#2100 = EDGE_CURVE ( 'NONE', #11646, #6279, #3314, .T. ) ;
#2101 = DIRECTION ( 'NONE',  ( 0.000000000000000000, -0.000000000000000000, -1.000000000000000000 ) ) ;
#2102 = SURFACE_STYLE_FILL_AREA ( #6160 ) ;
#2103 = DIRECTION ( 'NONE',  ( 0.000000000000000000, 0.8829475928589255451, 0.4694715627858934148 ) ) ;
#2104 = EDGE_LOOP ( 'NONE', ( #6343, #10460, #10026, #12536, #4445 ) ) ;
#2105 = SURFACE_SIDE_STYLE ('',( #7078 ) ) ;
#2106 = EDGE_LOOP ( 'NONE', ( #9454, #7528, #6955, #629 ) ) ;
#2107 =( LENGTH_UNIT ( ) NAMED_UNIT ( * ) SI_UNIT ( .MILLI., .METRE. ) );
#2108 = SURFACE_STYLE_FILL_AREA ( #8870 ) ;
#2109 = EDGE_LOOP ( 'NONE', ( #4104, #2891, #3980, #9475 ) ) ;
#2110 = SURFACE_STYLE_FILL_AREA ( #5090 ) ;
#2111 = CIRCLE ( 'NONE', #3969, 0.1873162273354073148 ) ;
#2112 = DIRECTION ( 'NONE',  ( 0.000000000000000000, 0.000000000000000000, 1.000000000000000000 ) ) ;
#2113 = EDGE_CURVE ( 'NONE', #3122, #7928, #3325, .T. ) ;
#2114 = PLANE ( 'NONE',  #7947 ) ;
#2115 = VERTEX_POINT ( 'NONE', #8855 ) ;
#2116 = FILL_AREA_STYLE_COLOUR ( '', #4397 ) ;
#2117 =( NAMED_UNIT ( * ) PLANE_ANGLE_UNIT ( ) SI_UNIT ( $, .RADIAN. ) );
#2118 = ORIENTED_EDGE ( 'NONE', *, *, #4031, .T. ) ;
#2119 = LINE ( 'NONE', #9966, #263 ) ;
#2120 = ORIENTED_EDGE ( 'NONE', *, *, #11554, .F. ) ;
#2121 = VERTEX_POINT ( 'NONE', #4873 ) ;
#2122 =( LENGTH_UNIT ( ) NAMED_UNIT ( * ) SI_UNIT ( .MILLI., .METRE. ) );
#2123 = DIRECTION ( 'NONE',  ( 1.013273058397667935E-16, -1.000000000000000000, 0.000000000000000000 ) ) ;
#2124 = DIRECTION ( 'NONE',  ( 0.000000000000000000, 0.000000000000000000, 1.000000000000000000 ) ) ;
#2125 = PRESENTATION_STYLE_ASSIGNMENT (( #6063 ) ) ;
#2126 = EDGE_CURVE ( 'NONE', #9177, #7536, #2167, .T. ) ;
#2127 = COLOUR_RGB ( '',0.8313725490196077761, 0.8392156862745098200, 0.8313725490196077761 ) ;
#2128 = EDGE_CURVE ( 'NONE', #10166, #9146, #1106, .T. ) ;
#2129 = FILL_AREA_STYLE_COLOUR ( '', #1302 ) ;
#2130 = SURFACE_STYLE_FILL_AREA ( #8132 ) ;
#2131 =( GEOMETRIC_REPRESENTATION_CONTEXT ( 3 ) GLOBAL_UNCERTAINTY_ASSIGNED_CONTEXT ( ( #6770 ) ) GLOBAL_UNIT_ASSIGNED_CONTEXT ( ( #10110, #1283, #7126 ) ) REPRESENTATION_CONTEXT ( 'NONE', 'WORKASPACE' ) );
#2132 = CONICAL_SURFACE ( 'NONE', #2144, 0.1873162273354038454, 0.4886921905584215020 ) ;
#2133 =( NAMED_UNIT ( * ) PLANE_ANGLE_UNIT ( ) SI_UNIT ( $, .RADIAN. ) );
#2134 = VECTOR ( 'NONE', #3888, 1000.000000000000000 ) ;
#2135 = DIRECTION ( 'NONE',  ( 0.000000000000000000, -1.000000000000000000, 0.000000000000000000 ) ) ;
#2136 =( NAMED_UNIT ( * ) PLANE_ANGLE_UNIT ( ) SI_UNIT ( $, .RADIAN. ) );
#2137 = CARTESIAN_POINT ( 'NONE',  ( 11.12085837563301460, 14.98520393037187581, -0.1652703644666149441 ) ) ;
#2138 = UNCERTAINTY_MEASURE_WITH_UNIT (LENGTH_MEASURE( 1.000000000000000082E-05 ), #9417, 'distance_accuracy_value', 'NONE');
#2139 = VECTOR ( 'NONE', #7651, 1000.000000000000000 ) ;
#2140 = ORIENTED_EDGE ( 'NONE', *, *, #6282, .T. ) ;
#2141 = CARTESIAN_POINT ( 'NONE',  ( 10.00000000000000178, 0.7437402936630139738, -17.46660796753807432 ) ) ;
#2142 = CIRCLE ( 'NONE', #10340, 0.5000000000000004441 ) ;
#2143 = CARTESIAN_POINT ( 'NONE',  ( 19.58567717043704093, 14.65635408178981081, -1.400895289688119902E-15 ) ) ;
#2144 = AXIS2_PLACEMENT_3D ( 'NONE', #3162, #11125, #157 ) ;
#2145 = DIRECTION ( 'NONE',  ( 0.000000000000000000, 0.000000000000000000, 1.000000000000000000 ) ) ;
#2146 = EDGE_CURVE ( 'NONE', #5232, #7334, #8731, .T. ) ;
#2147 = VERTEX_POINT ( 'NONE', #3852 ) ;
#2148 = FACE_OUTER_BOUND ( 'NONE', #6332, .T. ) ;
#2149 = CARTESIAN_POINT ( 'NONE',  ( 14.94855866409555034, 1.446110066005035942E-15, -10.00000000000000000 ) ) ;
#2150 = ORIENTED_EDGE ( 'NONE', *, *, #9760, .F. ) ;
#2151 = EDGE_LOOP ( 'NONE', ( #3230, #4231 ) ) ;
#2152 = STYLED_ITEM ( 'NONE', ( #7875 ), #7025 ) ;
#2153 = VERTEX_POINT ( 'NONE', #11671 ) ;
#2154 = VECTOR ( 'NONE', #7938, 1000.000000000000000 ) ;
#2155 = SHAPE_DEFINITION_REPRESENTATION ( #4686, #3582 ) ;
#2156 = AXIS2_PLACEMENT_3D ( 'NONE', #9122, #10259, #8293 ) ;
#2157 =( NAMED_UNIT ( * ) SI_UNIT ( $, .STERADIAN. ) SOLID_ANGLE_UNIT ( ) );
#2158 = ORIENTED_EDGE ( 'NONE', *, *, #10043, .F. ) ;
#2159 = EDGE_LOOP ( 'NONE', ( #8, #11949, #3286, #10321 ) ) ;
#2160 = CARTESIAN_POINT ( 'NONE',  ( 25.83000000000000185, 10.99999999999997158, -1.000000000000000000 ) ) ;
#2161 = DIRECTION ( 'NONE',  ( -0.000000000000000000, 0.000000000000000000, 1.000000000000000000 ) ) ;
#2162 =( GEOMETRIC_REPRESENTATION_CONTEXT ( 3 ) GLOBAL_UNCERTAINTY_ASSIGNED_CONTEXT ( ( #3964 ) ) GLOBAL_UNIT_ASSIGNED_CONTEXT ( ( #3399, #5438, #11222 ) ) REPRESENTATION_CONTEXT ( 'NONE', 'WORKASPACE' ) );
#2163 = CIRCLE ( 'NONE', #7311, 0.5000000000000000000 ) ;
#2164 = COLOUR_RGB ( '',1.000000000000000000, 0.5019607843137254832, 0.5019607843137254832 ) ;
#2165 = DIRECTION ( 'NONE',  ( -0.000000000000000000, 1.000000000000000000, -0.000000000000000000 ) ) ;
#2166 = UNCERTAINTY_MEASURE_WITH_UNIT (LENGTH_MEASURE( 1.000000000000000082E-05 ), #8999, 'distance_accuracy_value', 'NONE');
#2167 = LINE ( 'NONE', #12702, #10902 ) ;
#2168 = MECHANICAL_DESIGN_GEOMETRIC_PRESENTATION_REPRESENTATION (  '', ( #62 ), #5254 ) ;
#2169 = DIRECTION ( 'NONE',  ( -1.000000000000000000, 0.000000000000000000, 0.000000000000000000 ) ) ;
#2170 = DIRECTION ( 'NONE',  ( 2.026546116795335870E-16, -1.000000000000000000, 0.000000000000000000 ) ) ;
#2171 = PRESENTATION_STYLE_ASSIGNMENT (( #7373 ) ) ;
#2172 = LINE ( 'NONE', #4102, #4534 ) ;
#2173 = DIRECTION ( 'NONE',  ( 0.000000000000000000, -1.000000000000000000, 0.000000000000000000 ) ) ;
#2174 =( GEOMETRIC_REPRESENTATION_CONTEXT ( 3 ) GLOBAL_UNCERTAINTY_ASSIGNED_CONTEXT ( ( #4618 ) ) GLOBAL_UNIT_ASSIGNED_CONTEXT ( ( #7983, #6106, #8869 ) ) REPRESENTATION_CONTEXT ( 'NONE', 'WORKASPACE' ) );
#2175 = ORIENTED_EDGE ( 'NONE', *, *, #182, .F. ) ;
#2176 = CIRCLE ( 'NONE', #12431, 1.000000000000000888 ) ;
#2177 = ORIENTED_EDGE ( 'NONE', *, *, #3081, .F. ) ;
#2178 = DIRECTION ( 'NONE',  ( 1.000000000000000000, 2.026546116795335870E-16, -0.000000000000000000 ) ) ;
#2179 = ADVANCED_FACE ( 'NONE', ( #7203 ), #10065, .F. ) ;
#2180 = ORIENTED_EDGE ( 'NONE', *, *, #603, .F. ) ;
#2181 = STYLED_ITEM ( 'NONE', ( #7602 ), #8674 ) ;
#2182 = VECTOR ( 'NONE', #6494, 1000.000000000000000 ) ;
#2183 = LINE ( 'NONE', #79, #4434 ) ;
#2184 = SURFACE_STYLE_FILL_AREA ( #4058 ) ;
#2185 = CONICAL_SURFACE ( 'NONE', #9380, 0.1873162273354073148, 0.4886921905584152848 ) ;
#2186 = ORIENTED_EDGE ( 'NONE', *, *, #5201, .T. ) ;
#2187 = LINE ( 'NONE', #4060, #8810 ) ;
#2188 = CARTESIAN_POINT ( 'NONE',  ( 21.03000000000000114, 11.77659106982886428, -12.00000000000000000 ) ) ;
#2189 = VERTEX_POINT ( 'NONE', #1301 ) ;
#2190 = EDGE_LOOP ( 'NONE', ( #4483, #604, #6580, #8534 ) ) ;
#2191 = SURFACE_STYLE_FILL_AREA ( #6958 ) ;
#2192 = AXIS2_PLACEMENT_3D ( 'NONE', #877, #10823, #940 ) ;
#2193 = SURFACE_STYLE_USAGE ( .BOTH. , #155 ) ;
#2194 = EDGE_CURVE ( 'NONE', #11158, #7221, #2497, .T. ) ;
#2195 = CYLINDRICAL_SURFACE ( 'NONE', #2386, 0.2500000000000002220 ) ;
#2196 = ADVANCED_FACE ( 'NONE', ( #9308 ), #4295, .T. ) ;
#2197 = ORIENTED_EDGE ( 'NONE', *, *, #9111, .T. ) ;
#2198 = SURFACE_STYLE_FILL_AREA ( #4127 ) ;
#2199 = CARTESIAN_POINT ( 'NONE',  ( 2.067688435743067821, 9.742953882361238271, -10.00000000000000000 ) ) ;
#2200 = STYLED_ITEM ( 'NONE', ( #11910 ), #9238 ) ;
#2201 = DIRECTION ( 'NONE',  ( 0.000000000000000000, 1.000000000000000000, 0.000000000000000000 ) ) ;
#2202 = CARTESIAN_POINT ( 'NONE',  ( 6.675767064385880190, 1.730887774041955929, -10.00000000000000000 ) ) ;
#2203 = ORIENTED_EDGE ( 'NONE', *, *, #931, .T. ) ;
#2204 = PRESENTATION_STYLE_ASSIGNMENT (( #10229 ) ) ;
#2205 = CARTESIAN_POINT ( 'NONE',  ( 29.94855866409555034, 2.730887774041963034, 0.000000000000000000 ) ) ;
#2206 = CARTESIAN_POINT ( 'NONE',  ( 21.10591825482288186, 14.99999999999999822, -0.2500000000000021094 ) ) ;
#2207 =( LENGTH_UNIT ( ) NAMED_UNIT ( * ) SI_UNIT ( .MILLI., .METRE. ) );
#2208 = FILL_AREA_STYLE ('',( #2328 ) ) ;
#2209 = EDGE_CURVE ( 'NONE', #756, #7928, #10560, .T. ) ;
#2210 = CARTESIAN_POINT ( 'NONE',  ( 18.03909090176839314, 0.000000000000000000, 0.5000000000000000000 ) ) ;
#2211 = ADVANCED_FACE ( 'NONE', ( #695 ), #10436, .T. ) ;
#2212 = ORIENTED_EDGE ( 'NONE', *, *, #2820, .T. ) ;
#2213 = DIRECTION ( 'NONE',  ( -1.070256409758549784E-16, 1.000000000000000000, 0.000000000000000000 ) ) ;
#2214 = SURFACE_STYLE_USAGE ( .BOTH. , #7243 ) ;
#2215 = LINE ( 'NONE', #6144, #8292 ) ;
#2216 = ORIENTED_EDGE ( 'NONE', *, *, #8215, .F. ) ;
#2217 = ORIENTED_EDGE ( 'NONE', *, *, #10006, .F. ) ;
#2218 = ORIENTED_EDGE ( 'NONE', *, *, #6137, .T. ) ;
#2219 = FACE_OUTER_BOUND ( 'NONE', #8327, .T. ) ;
#2220 = CARTESIAN_POINT ( 'NONE',  ( 9.667958729863647349, 14.56261116223706154, -0.04450167309611560706 ) ) ;
#2221 = SURFACE_STYLE_USAGE ( .BOTH. , #1020 ) ;
#2222 = ADVANCED_FACE ( 'NONE', ( #12305 ), #7436, .F. ) ;
#2223 = ORIENTED_EDGE ( 'NONE', *, *, #6577, .T. ) ;
#2224 = EDGE_CURVE ( 'NONE', #9447, #11638, #636, .T. ) ;
#2225 = EDGE_CURVE ( 'NONE', #243, #11242, #2508, .T. ) ;
#2226 = CARTESIAN_POINT ( 'NONE',  ( 6.317819926235457295, 14.70498544938100416, 2.168404344971008621E-16 ) ) ;
#2227 = DIRECTION ( 'NONE',  ( -1.000000000000000000, -0.000000000000000000, -0.000000000000000000 ) ) ;
#2228 = CARTESIAN_POINT ( 'NONE',  ( 30.06833203617091144, 7.356120034073296843, -10.00000000000000000 ) ) ;
#2229 = DIRECTION ( 'NONE',  ( 0.000000000000000000, -0.000000000000000000, -1.000000000000000000 ) ) ;
#2230 = CARTESIAN_POINT ( 'NONE',  ( 32.00000000000000000, 10.99999999999997158, 0.000000000000000000 ) ) ;
#2231 =( NAMED_UNIT ( * ) PLANE_ANGLE_UNIT ( ) SI_UNIT ( $, .RADIAN. ) );
#2232 = DIRECTION ( 'NONE',  ( 1.000000000000000000, 0.000000000000000000, 0.000000000000000000 ) ) ;
#2233 = VERTEX_POINT ( 'NONE', #9368 ) ;
#2234 = FACE_OUTER_BOUND ( 'NONE', #7879, .T. ) ;
#2235 = ORIENTED_EDGE ( 'NONE', *, *, #8713, .T. ) ;
#2236 = EDGE_CURVE ( 'NONE', #7734, #3830, #8596, .T. ) ;
#2237 = CARTESIAN_POINT ( 'NONE',  ( 17.94999999999999929, -5.000000000000000000, -7.830000000000000071 ) ) ;
#2238 = DIRECTION ( 'NONE',  ( 1.000000000000000000, 0.000000000000000000, 0.000000000000000000 ) ) ;
#2239 = DIRECTION ( 'NONE',  ( 0.000000000000000000, 1.000000000000000000, 0.000000000000000000 ) ) ;
#2240 = ORIENTED_EDGE ( 'NONE', *, *, #2332, .T. ) ;
#2241 = DIRECTION ( 'NONE',  ( 0.000000000000000000, 0.000000000000000000, 1.000000000000000000 ) ) ;
#2242 = PLANE ( 'NONE',  #10368 ) ;
#2243 = CARTESIAN_POINT ( 'NONE',  ( 14.94855866409554856, 2.730887774041963034, -10.00000000000000000 ) ) ;
#2244 = DIRECTION ( 'NONE',  ( -0.1736481776669308585, 0.000000000000000000, 0.9848077530122080203 ) ) ;
#2245 = ORIENTED_EDGE ( 'NONE', *, *, #7683, .T. ) ;
#2246 = DIRECTION ( 'NONE',  ( -0.1736481776669304700, 0.000000000000000000, -0.9848077530122081313 ) ) ;
#2247 = VERTEX_POINT ( 'NONE', #7625 ) ;
#2248 = DIRECTION ( 'NONE',  ( 0.000000000000000000, 1.000000000000000000, 0.000000000000000000 ) ) ;
#2249 = CARTESIAN_POINT ( 'NONE',  ( 17.06768843574306516, 9.242953882361238271, -10.00000000000000000 ) ) ;
#2250 = ORIENTED_EDGE ( 'NONE', *, *, #4672, .F. ) ;
#2251 = CARTESIAN_POINT ( 'NONE',  ( 6.567688435743064268, 9.242953882361234719, -10.00000000000000000 ) ) ;
#2252 =( LENGTH_UNIT ( ) NAMED_UNIT ( * ) SI_UNIT ( .MILLI., .METRE. ) );
#2253 = DIRECTION ( 'NONE',  ( -0.09991521791465321489, 0.8178800156032710600, 0.5666473588625119406 ) ) ;
#2254 = CARTESIAN_POINT ( 'NONE',  ( 0.8300000000000015143, 8.410166384700659243E-17, -12.00000000000000000 ) ) ;
#2255 = ORIENTED_EDGE ( 'NONE', *, *, #2433, .T. ) ;
#2256 = LINE ( 'NONE', #3296, #7085 ) ;
#2257 = EDGE_CURVE ( 'NONE', #2317, #4118, #12486, .T. ) ;
#2258 = LINE ( 'NONE', #1343, #7906 ) ;
#2259 = LINE ( 'NONE', #12160, #4731 ) ;
#2260 = EDGE_CURVE ( 'NONE', #9415, #4312, #1450, .T. ) ;
#2261 = EDGE_CURVE ( 'NONE', #469, #1800, #12432, .T. ) ;
#2262 = VERTEX_POINT ( 'NONE', #11523 ) ;
#2263 = LINE ( 'NONE', #8069, #2305 ) ;
#2264 = LINE ( 'NONE', #12234, #1538 ) ;
#2265 = CARTESIAN_POINT ( 'NONE',  ( 6.567688435743064268, 9.242953882361234719, 0.000000000000000000 ) ) ;
#2266 = VECTOR ( 'NONE', #11285, 1000.000000000000000 ) ;
#2267 = SURFACE_STYLE_FILL_AREA ( #7045 ) ;
#2268 = CARTESIAN_POINT ( 'NONE',  ( 11.56768843574306516, 9.242953882361234719, -10.00000000000000000 ) ) ;
#2269 = PLANE ( 'NONE',  #857 ) ;
#2270 = ORIENTED_EDGE ( 'NONE', *, *, #4099, .F. ) ;
#2271 = SURFACE_STYLE_FILL_AREA ( #7245 ) ;
#2272 = ORIENTED_EDGE ( 'NONE', *, *, #1499, .T. ) ;
#2273 = DIRECTION ( 'NONE',  ( -1.000000000000000000, -1.013273058397667935E-16, 0.000000000000000000 ) ) ;
#2274 = EDGE_CURVE ( 'NONE', #4560, #6142, #11467, .T. ) ;
#2275 = ORIENTED_EDGE ( 'NONE', *, *, #8180, .F. ) ;
#2276 = ORIENTED_EDGE ( 'NONE', *, *, #11886, .T. ) ;
#2277 = CARTESIAN_POINT ( 'NONE',  ( 22.95000000000000284, 0.000000000000000000, -7.830000000000000071 ) ) ;
#2278 = SURFACE_STYLE_FILL_AREA ( #1165 ) ;
#2279 =( NAMED_UNIT ( * ) SI_UNIT ( $, .STERADIAN. ) SOLID_ANGLE_UNIT ( ) );
#2280 = VERTEX_POINT ( 'NONE', #6652 ) ;
#2281 = DIRECTION ( 'NONE',  ( 0.000000000000000000, 0.000000000000000000, -1.000000000000000000 ) ) ;
#2282 = DIRECTION ( 'NONE',  ( 0.000000000000000000, -1.000000000000000000, 0.000000000000000000 ) ) ;
#2283 = FILL_AREA_STYLE_COLOUR ( '', #6352 ) ;
#2284 =( LENGTH_UNIT ( ) NAMED_UNIT ( * ) SI_UNIT ( .MILLI., .METRE. ) );
#2285 = COLOUR_RGB ( '',0.8313725490196077761, 0.8392156862745098200, 0.8313725490196077761 ) ;
#2286 = ORIENTED_EDGE ( 'NONE', *, *, #5856, .F. ) ;
#2287 = LINE ( 'NONE', #6216, #1867 ) ;
#2288 = CARTESIAN_POINT ( 'NONE',  ( 26.03000000000000114, 11.77659106982886428, -12.00000000000000000 ) ) ;
#2289 = EDGE_CURVE ( 'NONE', #9232, #1154, #3123, .T. ) ;
#2290 = EDGE_CURVE ( 'NONE', #12334, #9804, #10827, .T. ) ;
#2291 = VERTEX_POINT ( 'NONE', #1934 ) ;
#2292 = ORIENTED_EDGE ( 'NONE', *, *, #8875, .F. ) ;
#2293 =( NAMED_UNIT ( * ) SI_UNIT ( $, .STERADIAN. ) SOLID_ANGLE_UNIT ( ) );
#2294 = SURFACE_STYLE_FILL_AREA ( #11102 ) ;
#2295 = ORIENTED_EDGE ( 'NONE', *, *, #9990, .T. ) ;
#2296 = MECHANICAL_DESIGN_GEOMETRIC_PRESENTATION_REPRESENTATION (  '', ( #9087 ), #5991 ) ;
#2297 = CIRCLE ( 'NONE', #8274, 1.000000000000000000 ) ;
#2298 = B_SPLINE_CURVE_WITH_KNOTS ( 'NONE', 3,
 ( #9905, #5299, #3367, #5224, #9214, #354 ),
 .UNSPECIFIED., .F., .F.,
 ( 4, 2, 4 ),
 ( -3.162297181309464790E-06, 0.0001813771899212653549, 0.0003659166770238401860 ),
 .UNSPECIFIED. ) ;
#2299 = SURFACE_STYLE_USAGE ( .BOTH. , #2367 ) ;
#2300 = CARTESIAN_POINT ( 'NONE',  ( 26.56768843574306516, 7.363962665405081154, -10.00000000000000000 ) ) ;
#2301 = VERTEX_POINT ( 'NONE', #5889 ) ;
#2302 = EDGE_CURVE ( 'NONE', #12469, #11854, #4357, .T. ) ;
#2303 = DIRECTION ( 'NONE',  ( 0.000000000000000000, 1.000000000000000000, -1.452744208007547927E-16 ) ) ;
#2304 = EDGE_LOOP ( 'NONE', ( #302, #9700, #7716, #7041 ) ) ;
#2305 = VECTOR ( 'NONE', #9160, 1000.000000000000000 ) ;
#2306 = DIRECTION ( 'NONE',  ( -0.000000000000000000, 0.000000000000000000, 1.000000000000000000 ) ) ;
#2307 = ORIENTED_EDGE ( 'NONE', *, *, #3224, .T. ) ;
#2308 = DIRECTION ( 'NONE',  ( 0.000000000000000000, -0.000000000000000000, 1.000000000000000000 ) ) ;
#2309 = LINE ( 'NONE', #10156, #5165 ) ;
#2310 = ORIENTED_EDGE ( 'NONE', *, *, #2818, .F. ) ;
#2311 = FILL_AREA_STYLE ('',( #11372 ) ) ;
#2312 = AXIS2_PLACEMENT_3D ( 'NONE', #5688, #9602, #743 ) ;
#2313 = EDGE_LOOP ( 'NONE', ( #6732, #747, #7923, #10822 ) ) ;
#2314 = PRESENTATION_STYLE_ASSIGNMENT (( #8307 ) ) ;
#2315 = AXIS2_PLACEMENT_3D ( 'NONE', #12583, #6953, #3920 ) ;
#2316 = CARTESIAN_POINT ( 'NONE',  ( 14.73914162436698660, 9.999999999999998224, -0.1652703644666174421 ) ) ;
#2317 = VERTEX_POINT ( 'NONE', #4990 ) ;
#2318 = CARTESIAN_POINT ( 'NONE',  ( 17.94999999999999929, -5.000000000000000000, -7.029999999999999361 ) ) ;
#2319 = FILL_AREA_STYLE_COLOUR ( '', #1442 ) ;
#2320 =( BOUNDED_CURVE ( )  B_SPLINE_CURVE ( 3, ( #9165, #305, #8197, #12107 ),
 .UNSPECIFIED., .F., .T. ) 
 B_SPLINE_CURVE_WITH_KNOTS ( ( 4, 4 ),
 ( 0.6801289419011370407, 1.396263401595479570 ),
 .UNSPECIFIED. ) 
 CURVE ( )  GEOMETRIC_REPRESENTATION_ITEM ( )  RATIONAL_B_SPLINE_CURVE ( ( 1.000000000000000000, 0.9577172935399685949, 0.9577172935399685949, 1.000000000000000000 ) ) 
 REPRESENTATION_ITEM ( '' )  );
#2321 = CARTESIAN_POINT ( 'NONE',  ( 3.948558664095548121, 5.698981658683065277, -10.00000000000000000 ) ) ;
#2322 = SURFACE_STYLE_USAGE ( .BOTH. , #4380 ) ;
#2323 = CARTESIAN_POINT ( 'NONE',  ( 16.12085837563301283, 14.98520393037187581, -0.1652703644666149441 ) ) ;
#2324 = VERTEX_POINT ( 'NONE', #2075 ) ;
#2325 = VERTEX_POINT ( 'NONE', #4022 ) ;
#2326 = CARTESIAN_POINT ( 'NONE',  ( -1.595391950804084580, 14.56261116223713792, -0.04450167309616068906 ) ) ;
#2327 =( GEOMETRIC_REPRESENTATION_CONTEXT ( 3 ) GLOBAL_UNCERTAINTY_ASSIGNED_CONTEXT ( ( #7935 ) ) GLOBAL_UNIT_ASSIGNED_CONTEXT ( ( #11257, #10466, #485 ) ) REPRESENTATION_CONTEXT ( 'NONE', 'WORKASPACE' ) );
#2328 = FILL_AREA_STYLE_COLOUR ( '', #10763 ) ;
#2329 = DIRECTION ( 'NONE',  ( -0.000000000000000000, 0.8219933076153586038, 0.5694971485754448670 ) ) ;
#2330 = ORIENTED_EDGE ( 'NONE', *, *, #12404, .F. ) ;
#2331 = SURFACE_STYLE_USAGE ( .BOTH. , #4145 ) ;
#2332 = EDGE_CURVE ( 'NONE', #318, #7576, #410, .T. ) ;
#2333 = VECTOR ( 'NONE', #5017, 1000.000000000000000 ) ;
#2334 = ORIENTED_EDGE ( 'NONE', *, *, #9990, .F. ) ;
#2335 = LINE ( 'NONE', #4282, #241 ) ;
#2336 = AXIS2_PLACEMENT_3D ( 'NONE', #7012, #9129, #142 ) ;
#2337 = DIRECTION ( 'NONE',  ( -0.000000000000000000, -0.000000000000000000, 1.000000000000000000 ) ) ;
#2338 = STYLED_ITEM ( 'NONE', ( #2564 ), #5193 ) ;
#2339 = ORIENTED_EDGE ( 'NONE', *, *, #2913, .T. ) ;
#2340 = EDGE_LOOP ( 'NONE', ( #2175, #2047, #7491, #1702 ) ) ;
#2341 = CIRCLE ( 'NONE', #661, 0.1873162273354073148 ) ;
#2342 = PLANE ( 'NONE',  #5187 ) ;
#2343 = DIRECTION ( 'NONE',  ( -1.000000000000000000, -1.013273058397667935E-16, -0.000000000000000000 ) ) ;
#2344 = ORIENTED_EDGE ( 'NONE', *, *, #10342, .T. ) ;
#2345 = CIRCLE ( 'NONE', #11170, 0.4000000000000010214 ) ;
#2346 = FACE_OUTER_BOUND ( 'NONE', #9781, .T. ) ;
#2347 = EDGE_CURVE ( 'NONE', #3361, #4768, #5055, .T. ) ;
#2348 = DIRECTION ( 'NONE',  ( 1.000000000000000000, 1.734723475976808672E-15, 0.000000000000000000 ) ) ;
#2349 = AXIS2_PLACEMENT_3D ( 'NONE', #2372, #7340, #528 ) ;
#2350 = CARTESIAN_POINT ( 'NONE',  ( 21.56768843574306516, 9.242953882361234719, -10.00000000000000000 ) ) ;
#2351 = ADVANCED_FACE ( 'NONE', ( #12613 ), #6788, .T. ) ;
#2352 = AXIS2_PLACEMENT_3D ( 'NONE', #6104, #6946, #11746 ) ;
#2353 = DIRECTION ( 'NONE',  ( -2.026546116795335870E-16, 1.000000000000000000, -0.000000000000000000 ) ) ;
#2354 = CARTESIAN_POINT ( 'NONE',  ( 2.067688435743067821, 9.742953882361238271, -10.00000000000000000 ) ) ;
#2355 = VECTOR ( 'NONE', #2864, 1000.000000000000000 ) ;
#2356 = ORIENTED_EDGE ( 'NONE', *, *, #11872, .T. ) ;
#2357 = VERTEX_POINT ( 'NONE', #12688 ) ;
#2358 = FILL_AREA_STYLE ('',( #9250 ) ) ;
#2359 = PLANE ( 'NONE',  #6299 ) ;
#2360 = PLANE ( 'NONE',  #2770 ) ;
#2361 = ORIENTED_EDGE ( 'NONE', *, *, #1214, .T. ) ;
#2362 = VECTOR ( 'NONE', #2604, 1000.000000000000000 ) ;
#2363 = MECHANICAL_DESIGN_GEOMETRIC_PRESENTATION_REPRESENTATION (  '', ( #7934 ), #2162 ) ;
#2364 = AXIS2_PLACEMENT_3D ( 'NONE', #10658, #1844, #11636 ) ;
#2365 = MECHANICAL_DESIGN_GEOMETRIC_PRESENTATION_REPRESENTATION (  '', ( #2152 ), #12414 ) ;
#2366 = ORIENTED_EDGE ( 'NONE', *, *, #4309, .F. ) ;
#2367 = SURFACE_SIDE_STYLE ('',( #10261 ) ) ;
#2368 = EDGE_CURVE ( 'NONE', #6105, #11675, #2297, .T. ) ;
#2369 = AXIS2_PLACEMENT_3D ( 'NONE', #8540, #2739, #10690 ) ;
#2370 = EDGE_CURVE ( 'NONE', #5155, #9007, #5714, .T. ) ;
#2371 = LINE ( 'NONE', #398, #7744 ) ;
#2372 = CARTESIAN_POINT ( 'NONE',  ( 3.404608049195914532, 13.99999999999999645, -11.00000000000000178 ) ) ;
#2373 = SURFACE_STYLE_FILL_AREA ( #6111 ) ;
#2374 = CARTESIAN_POINT ( 'NONE',  ( 19.75408174517711402, 15.00000000000000000, -0.2500000000000014988 ) ) ;
#2375 = CLOSED_SHELL ( 'NONE', ( #1173, #3916, #7025, #10282, #6855, #1456, #34, #5202, #6453, #7818, #6547, #9812, #5753, #11450, #12359 ) ) ;
#2376 = DIRECTION ( 'NONE',  ( -0.000000000000000000, -0.000000000000000000, 1.000000000000000000 ) ) ;
#2377 = ORIENTED_EDGE ( 'NONE', *, *, #5556, .T. ) ;
#2378 = DIRECTION ( 'NONE',  ( 0.000000000000000000, 0.000000000000000000, 1.000000000000000000 ) ) ;
#2379 = ORIENTED_EDGE ( 'NONE', *, *, #8084, .F. ) ;
#2380 = CIRCLE ( 'NONE', #4848, 0.5000000000000004441 ) ;
#2381 = DIRECTION ( 'NONE',  ( 5.749368466564568157E-17, 0.8829475928589225475, -0.4694715627858989104 ) ) ;
#2382 = SURFACE_STYLE_USAGE ( .BOTH. , #1394 ) ;
#2383 = ORIENTED_EDGE ( 'NONE', *, *, #3707, .F. ) ;
#2384 = CARTESIAN_POINT ( 'NONE',  ( 19.06833203617090788, 7.356120034073296843, 0.000000000000000000 ) ) ;
#2385 = DIRECTION ( 'NONE',  ( -1.000000000000000000, -0.000000000000000000, -0.000000000000000000 ) ) ;
#2386 = AXIS2_PLACEMENT_3D ( 'NONE', #7170, #11062, #1063 ) ;
#2387 = VECTOR ( 'NONE', #11928, 1000.000000000000000 ) ;
#2388 = AXIS2_PLACEMENT_3D ( 'NONE', #12095, #415, #5478 ) ;
#2389 = ADVANCED_FACE ( 'NONE', ( #3055 ), #6977, .F. ) ;
#2390 = ORIENTED_EDGE ( 'NONE', *, *, #438, .F. ) ;
#2391 = VECTOR ( 'NONE', #5452, 1000.000000000000000 ) ;
#2392 = DIRECTION ( 'NONE',  ( 0.000000000000000000, 0.000000000000000000, 1.000000000000000000 ) ) ;
#2393 = PLANE ( 'NONE',  #6819 ) ;
#2394 = DIRECTION ( 'NONE',  ( -0.000000000000000000, -0.000000000000000000, 1.000000000000000000 ) ) ;
#2395 = PRESENTATION_LAYER_ASSIGNMENT (  '', '', ( #12044 ) ) ;
#2396 = AXIS2_PLACEMENT_3D ( 'NONE', #1099, #5955, #5898 ) ;
#2397 = FACE_OUTER_BOUND ( 'NONE', #11786, .T. ) ;
#2398 = CARTESIAN_POINT ( 'NONE',  ( 16.31781992623545818, 14.75000000000000000, 2.168404344971008621E-16 ) ) ;
#2399 = AXIS2_PLACEMENT_3D ( 'NONE', #10949, #8143, #11204 ) ;
#2400 = EDGE_LOOP ( 'NONE', ( #5626, #6401, #704, #9743 ) ) ;
#2401 = ORIENTED_EDGE ( 'NONE', *, *, #11841, .T. ) ;
#2402 = CARTESIAN_POINT ( 'NONE',  ( 0.000000000000000000, 1.000000000000007105, 0.000000000000000000 ) ) ;
#2403 =( NAMED_UNIT ( * ) SI_UNIT ( $, .STERADIAN. ) SOLID_ANGLE_UNIT ( ) );
#2404 = CARTESIAN_POINT ( 'NONE',  ( 23.03909090176839314, 0.7437402936630143069, -17.46660796753807432 ) ) ;
#2405 = UNCERTAINTY_MEASURE_WITH_UNIT (LENGTH_MEASURE( 1.000000000000000082E-05 ), #229, 'distance_accuracy_value', 'NONE');
#2406 = PRESENTATION_LAYER_ASSIGNMENT (  '', '', ( #708 ) ) ;
#2407 = LINE ( 'NONE', #11136, #4857 ) ;
#2408 =( GEOMETRIC_REPRESENTATION_CONTEXT ( 3 ) GLOBAL_UNCERTAINTY_ASSIGNED_CONTEXT ( ( #6700 ) ) GLOBAL_UNIT_ASSIGNED_CONTEXT ( ( #1042, #3023, #10789 ) ) REPRESENTATION_CONTEXT ( 'NONE', 'WORKASPACE' ) );
#2409 = CIRCLE ( 'NONE', #5116, 4.000000000000000000 ) ;
#2410 = ORIENTED_EDGE ( 'NONE', *, *, #6639, .T. ) ;
#2411 = CARTESIAN_POINT ( 'NONE',  ( 29.06833203617090788, 0.000000000000000000, -10.00000000000000000 ) ) ;
#2412 = DIRECTION ( 'NONE',  ( 1.013273058397667935E-16, -1.000000000000000000, 0.000000000000000000 ) ) ;
#2413 = ORIENTED_EDGE ( 'NONE', *, *, #8918, .F. ) ;
#2414 = VERTEX_POINT ( 'NONE', #7883 ) ;
#2415 = DIRECTION ( 'NONE',  ( 1.000000000000000000, 2.026546116795335870E-16, -0.000000000000000000 ) ) ;
#2416 = STYLED_ITEM ( 'NONE', ( #1364 ), #9071 ) ;
#2417 = DIRECTION ( 'NONE',  ( 0.000000000000000000, 1.000000000000000000, 0.000000000000000000 ) ) ;
#2418 = CARTESIAN_POINT ( 'NONE',  ( 19.50844535013322556, 6.527550846378181504, 0.000000000000000000 ) ) ;
#2419 = DIRECTION ( 'NONE',  ( 0.000000000000000000, -1.000000000000000000, -0.000000000000000000 ) ) ;
#2420 = DIRECTION ( 'NONE',  ( -0.09991521791465265978, -0.8178800156032710600, -0.5666473588625120517 ) ) ;
#2421 = VERTEX_POINT ( 'NONE', #11782 ) ;
#2422 =( NAMED_UNIT ( * ) SI_UNIT ( $, .STERADIAN. ) SOLID_ANGLE_UNIT ( ) );
#2423 = FACE_OUTER_BOUND ( 'NONE', #2109, .T. ) ;
#2424 = ORIENTED_EDGE ( 'NONE', *, *, #6333, .T. ) ;
#2425 = ORIENTED_EDGE ( 'NONE', *, *, #9673, .T. ) ;
#2426 = DIRECTION ( 'NONE',  ( -2.026546116795335870E-16, 1.000000000000000000, -0.000000000000000000 ) ) ;
#2427 = ADVANCED_FACE ( 'NONE', ( #6917 ), #2011, .T. ) ;
#2428 = LINE ( 'NONE', #6488, #4654 ) ;
#2429 = SURFACE_STYLE_USAGE ( .BOTH. , #6551 ) ;
#2430 = EDGE_CURVE ( 'NONE', #8185, #12263, #8908, .T. ) ;
#2431 = DIRECTION ( 'NONE',  ( -0.000000000000000000, 0.000000000000000000, 1.000000000000000000 ) ) ;
#2432 = ORIENTED_EDGE ( 'NONE', *, *, #2972, .T. ) ;
#2433 = EDGE_CURVE ( 'NONE', #11074, #3304, #6635, .T. ) ;
#2434 = CARTESIAN_POINT ( 'NONE',  ( 28.03909090176839669, 0.7437402936630143069, -0.03339203246192836566 ) ) ;
#2435 = CARTESIAN_POINT ( 'NONE',  ( 20.67576706438588019, 5.698981658683065277, 0.000000000000000000 ) ) ;
#2436 = FACE_OUTER_BOUND ( 'NONE', #10601, .T. ) ;
#2437 = ORIENTED_EDGE ( 'NONE', *, *, #8569, .T. ) ;
#2438 =( NAMED_UNIT ( * ) PLANE_ANGLE_UNIT ( ) SI_UNIT ( $, .RADIAN. ) );
#2439 = VECTOR ( 'NONE', #2466, 1000.000000000000000 ) ;
#2440 = CARTESIAN_POINT ( 'NONE',  ( 1.230158150894695934, 14.60711272996574195, -0.01366989418290163322 ) ) ;
#2441 = CARTESIAN_POINT ( 'NONE',  ( 2.950000000000000178, 0.000000000000000000, -7.830000000000000071 ) ) ;
#2442 = DIRECTION ( 'NONE',  ( 2.944053133434612107E-32, -1.452744208007547927E-16, -1.000000000000000000 ) ) ;
#2443 = ORIENTED_EDGE ( 'NONE', *, *, #6870, .T. ) ;
#2444 = SURFACE_SIDE_STYLE ('',( #2505 ) ) ;
#2445 = EDGE_CURVE ( 'NONE', #7177, #2233, #7050, .T. ) ;
#2446 = DIRECTION ( 'NONE',  ( -1.154112234971584564E-16, 0.5694971485754449780, -0.8219933076153586038 ) ) ;
#2447 = MECHANICAL_DESIGN_GEOMETRIC_PRESENTATION_REPRESENTATION (  '', ( #11881 ), #4096 ) ;
#2448 = VERTEX_POINT ( 'NONE', #4147 ) ;
#2449 = DIRECTION ( 'NONE',  ( 1.000000000000000000, 0.000000000000000000, 0.000000000000000000 ) ) ;
#2450 = CARTESIAN_POINT ( 'NONE',  ( 28.03909090176839669, 0.9999999999999997780, -0.9999999999999997780 ) ) ;
#2451 = ORIENTED_EDGE ( 'NONE', *, *, #4200, .T. ) ;
#2452 = FACE_OUTER_BOUND ( 'NONE', #8350, .T. ) ;
#2453 = CARTESIAN_POINT ( 'NONE',  ( 3.404608049195914532, 14.74999999999999467, 1.626303258728256651E-16 ) ) ;
#2454 = DIRECTION ( 'NONE',  ( -2.026546116795335870E-16, 1.000000000000000000, -0.000000000000000000 ) ) ;
#2455 = EDGE_CURVE ( 'NONE', #9697, #1739, #1514, .T. ) ;
#2456 = EDGE_CURVE ( 'NONE', #2717, #6913, #9293, .T. ) ;
#2457 = CARTESIAN_POINT ( 'NONE',  ( 0.5676884357430644901, 7.363962665405081154, 0.000000000000000000 ) ) ;
#2458 = ORIENTED_EDGE ( 'NONE', *, *, #8400, .F. ) ;
#2459 =( LENGTH_UNIT ( ) NAMED_UNIT ( * ) SI_UNIT ( .MILLI., .METRE. ) );
#2460 = SURFACE_STYLE_FILL_AREA ( #6259 ) ;
#2461 = LINE ( 'NONE', #10291, #556 ) ;
#2462 = DIRECTION ( 'NONE',  ( 1.000000000000000000, 2.026546116795335870E-16, -0.000000000000000000 ) ) ;
#2463 = STYLED_ITEM ( 'NONE', ( #4007 ), #9906 ) ;
#2464 = FACE_OUTER_BOUND ( 'NONE', #8104, .T. ) ;
#2465 = ORIENTED_EDGE ( 'NONE', *, *, #3716, .T. ) ;
#2466 = DIRECTION ( 'NONE',  ( -0.000000000000000000, -0.000000000000000000, 1.000000000000000000 ) ) ;
#2467 = CARTESIAN_POINT ( 'NONE',  ( 26.03000000000000114, 13.64455457845219932, -0.6805538183541244290 ) ) ;
#2468 = EDGE_LOOP ( 'NONE', ( #5804, #5689, #2582, #1907 ) ) ;
#2469 = ORIENTED_EDGE ( 'NONE', *, *, #7112, .T. ) ;
#2470 = EDGE_CURVE ( 'NONE', #3743, #12245, #6945, .T. ) ;
#2471 = DIRECTION ( 'NONE',  ( -0.000000000000000000, -0.000000000000000000, 1.000000000000000000 ) ) ;
#2472 = VECTOR ( 'NONE', #9156, 1000.000000000000000 ) ;
#2473 = CARTESIAN_POINT ( 'NONE',  ( -11.59539195080408547, 14.70498544938099883, -0.2499999999999999445 ) ) ;
#2474 = SURFACE_SIDE_STYLE ('',( #12426 ) ) ;
#2475 = B_SPLINE_CURVE_WITH_KNOTS ( 'NONE', 3,
 ( #12540, #11710, #1663, #8588, #8521, #10615 ),
 .UNSPECIFIED., .F., .F.,
 ( 4, 2, 4 ),
 ( -3.162297181311778037E-06, 0.0001813771899212635931, 0.0003659166770238389934 ),
 .UNSPECIFIED. ) ;
#2476 = CARTESIAN_POINT ( 'NONE',  ( 3.404608049195914532, 14.74999999999999467, 3.631860520018880910E-17 ) ) ;
#2477 = CARTESIAN_POINT ( 'NONE',  ( 18.03909090176839314, 0.000000000000000000, -18.00000000000000355 ) ) ;
#2478 = CYLINDRICAL_SURFACE ( 'NONE', #2084, 0.4000000000000010214 ) ;
#2479 = DIRECTION ( 'NONE',  ( -0.000000000000000000, -0.000000000000000000, 1.000000000000000000 ) ) ;
#2480 = CARTESIAN_POINT ( 'NONE',  ( 12.06768843574306871, 9.742953882361238271, -10.00000000000000000 ) ) ;
#2481 = ORIENTED_EDGE ( 'NONE', *, *, #426, .F. ) ;
#2482 = ORIENTED_EDGE ( 'NONE', *, *, #6988, .T. ) ;
#2483 = VERTEX_POINT ( 'NONE', #9996 ) ;
#2484 = DIRECTION ( 'NONE',  ( -1.000000000000000000, -0.000000000000000000, -0.000000000000000000 ) ) ;
#2485 = CARTESIAN_POINT ( 'NONE',  ( 22.06768843574306871, 9.742953882361238271, 0.000000000000000000 ) ) ;
#2486 = FACE_OUTER_BOUND ( 'NONE', #1890, .T. ) ;
#2487 = CIRCLE ( 'NONE', #1848, 1.000000000000000000 ) ;
#2488 = VECTOR ( 'NONE', #11609, 1000.000000000000000 ) ;
#2489 = VECTOR ( 'NONE', #6836, 1000.000000000000000 ) ;
#2490 = AXIS2_PLACEMENT_3D ( 'NONE', #3235, #7164, #11055 ) ;
#2491 = CARTESIAN_POINT ( 'NONE',  ( 24.06833203617090788, 9.242953882361234719, -10.00000000000000000 ) ) ;
#2492 = UNCERTAINTY_MEASURE_WITH_UNIT (LENGTH_MEASURE( 1.000000000000000082E-05 ), #10586, 'distance_accuracy_value', 'NONE');
#2493 = SURFACE_STYLE_USAGE ( .BOTH. , #10078 ) ;
#2494 = VECTOR ( 'NONE', #7480, 1000.000000000000000 ) ;
#2495 = LINE ( 'NONE', #9382, #1975 ) ;
#2496 = ORIENTED_EDGE ( 'NONE', *, *, #10309, .F. ) ;
#2497 = CIRCLE ( 'NONE', #2904, 0.5000000000000004441 ) ;
#2498 = FILL_AREA_STYLE_COLOUR ( '', #6056 ) ;
#2499 =( NAMED_UNIT ( * ) PLANE_ANGLE_UNIT ( ) SI_UNIT ( $, .RADIAN. ) );
#2500 = ADVANCED_FACE ( 'NONE', ( #10052 ), #12174, .T. ) ;
#2501 = DIRECTION ( 'NONE',  ( 0.000000000000000000, 0.000000000000000000, 1.000000000000000000 ) ) ;
#2502 = ADVANCED_FACE ( 'NONE', ( #7127 ), #11024, .T. ) ;
#2503 = ORIENTED_EDGE ( 'NONE', *, *, #7503, .T. ) ;
#2504 = VECTOR ( 'NONE', #5065, 1000.000000000000000 ) ;
#2505 = SURFACE_STYLE_FILL_AREA ( #5346 ) ;
#2506 = LINE ( 'NONE', #4632, #7018 ) ;
#2507 = ORIENTED_EDGE ( 'NONE', *, *, #7699, .T. ) ;
#2508 = CIRCLE ( 'NONE', #2911, 0.5000000000000004441 ) ;
#2509 = CARTESIAN_POINT ( 'NONE',  ( 1.030000000000001581, 1.043671250149599536E-16, -12.00000000000000000 ) ) ;
#2510 = ORIENTED_EDGE ( 'NONE', *, *, #4423, .F. ) ;
#2511 = ORIENTED_EDGE ( 'NONE', *, *, #3577, .T. ) ;
#2512 = PRESENTATION_STYLE_ASSIGNMENT (( #1453 ) ) ;
#2513 =( GEOMETRIC_REPRESENTATION_CONTEXT ( 3 ) GLOBAL_UNCERTAINTY_ASSIGNED_CONTEXT ( ( #2761 ) ) GLOBAL_UNIT_ASSIGNED_CONTEXT ( ( #6537, #4531, #1481 ) ) REPRESENTATION_CONTEXT ( 'NONE', 'WORKASPACE' ) );
#2514 = LINE ( 'NONE', #9331, #7913 ) ;
#2515 = EDGE_CURVE ( 'NONE', #4937, #4730, #2215, .T. ) ;
#2516 = EDGE_CURVE ( 'NONE', #10116, #10339, #11357, .T. ) ;
#2517 = COLOUR_RGB ( '',0.7921568627450980005, 0.8196078431372548767, 0.9333333333333333481 ) ;
#2518 = DIRECTION ( 'NONE',  ( -1.000000000000000000, -2.026546116795335870E-16, 0.000000000000000000 ) ) ;
#2519 = VERTEX_POINT ( 'NONE', #5121 ) ;
#2520 = LINE ( 'NONE', #9523, #869 ) ;
#2521 = LINE ( 'NONE', #1530, #2888 ) ;
#2522 = AXIS2_PLACEMENT_3D ( 'NONE', #7114, #1069, #1998 ) ;
#2523 = ORIENTED_EDGE ( 'NONE', *, *, #3446, .F. ) ;
#2524 = AXIS2_PLACEMENT_3D ( 'NONE', #11324, #2518, #6455 ) ;
#2525 = ORIENTED_EDGE ( 'NONE', *, *, #8291, .F. ) ;
#2526 = UNCERTAINTY_MEASURE_WITH_UNIT (LENGTH_MEASURE( 1.000000000000000082E-05 ), #10476, 'distance_accuracy_value', 'NONE');
#2527 = B_SPLINE_CURVE_WITH_KNOTS ( 'NONE', 3,
 ( #2226, #6210, #7200, #6153 ),
 .UNSPECIFIED., .F., .F.,
 ( 4, 4 ),
 ( -3.162297181308259038E-06, 0.0001944400282724706702 ),
 .UNSPECIFIED. ) ;
#2528 = EDGE_CURVE ( 'NONE', #7536, #11143, #3386, .T. ) ;
#2529 = EDGE_CURVE ( 'NONE', #8245, #8379, #2335, .T. ) ;
#2530 =( LENGTH_UNIT ( ) NAMED_UNIT ( * ) SI_UNIT ( .MILLI., .METRE. ) );
#2531 = CARTESIAN_POINT ( 'NONE',  ( 18.03909090176839314, 0.7437402936630143069, -21.62877342318509477 ) ) ;
#2532 = CARTESIAN_POINT ( 'NONE',  ( 32.00000000000000000, 0.000000000000000000, -16.49999999999999289 ) ) ;
#2533 = ORIENTED_EDGE ( 'NONE', *, *, #4901, .F. ) ;
#2534 = ORIENTED_EDGE ( 'NONE', *, *, #8875, .T. ) ;
#2535 = DIRECTION ( 'NONE',  ( 0.000000000000000000, 0.000000000000000000, 1.000000000000000000 ) ) ;
#2536 = UNCERTAINTY_MEASURE_WITH_UNIT (LENGTH_MEASURE( 1.000000000000000082E-05 ), #1379, 'distance_accuracy_value', 'NONE');
#2537 = FACE_OUTER_BOUND ( 'NONE', #447, .T. ) ;
#2538 = AXIS2_PLACEMENT_3D ( 'NONE', #1569, #12377, #589 ) ;
#2539 = FILL_AREA_STYLE ('',( #7431 ) ) ;
#2540 = DIRECTION ( 'NONE',  ( -1.000000000000000000, -1.070256409758549661E-16, 0.000000000000000000 ) ) ;
#2541 = SURFACE_STYLE_FILL_AREA ( #6541 ) ;
#2542 = CYLINDRICAL_SURFACE ( 'NONE', #11617, 4.000000000000000000 ) ;
#2543 = ADVANCED_FACE ( 'NONE', ( #9101 ), #7306, .T. ) ;
#2544 = UNCERTAINTY_MEASURE_WITH_UNIT (LENGTH_MEASURE( 1.000000000000000082E-05 ), #2459, 'distance_accuracy_value', 'NONE');
#2545 = DIRECTION ( 'NONE',  ( 0.000000000000000000, 0.000000000000000000, 1.000000000000000000 ) ) ;
#2546 = CARTESIAN_POINT ( 'NONE',  ( 9.508445350133229113, 6.527550846378181504, -10.00000000000000000 ) ) ;
#2547 = EDGE_LOOP ( 'NONE', ( #153, #5370, #5146, #11247 ) ) ;
#2548 = VECTOR ( 'NONE', #9538, 1000.000000000000000 ) ;
#2549 = ORIENTED_EDGE ( 'NONE', *, *, #11154, .F. ) ;
#2550 = EDGE_LOOP ( 'NONE', ( #10129, #8868, #12511, #7929 ) ) ;
#2551 = SURFACE_SIDE_STYLE ('',( #6294 ) ) ;
#2552 = DIRECTION ( 'NONE',  ( 0.000000000000000000, 1.000000000000000000, -0.000000000000000000 ) ) ;
#2553 = LINE ( 'NONE', #6489, #5988 ) ;
#2554 = FILL_AREA_STYLE_COLOUR ( '', #7911 ) ;
#2555 = ORIENTED_EDGE ( 'NONE', *, *, #5271, .T. ) ;
#2556 = APPLICATION_CONTEXT ( 'automotive_design' ) ;
#2557 = CARTESIAN_POINT ( 'NONE',  ( 15.00000000000000000, -3.659182332138577465E-16, 0.5000000000000000000 ) ) ;
#2558 = VECTOR ( 'NONE', #11785, 1000.000000000000000 ) ;
#2559 = PRESENTATION_LAYER_ASSIGNMENT (  '', '', ( #7701 ) ) ;
#2560 = AXIS2_PLACEMENT_3D ( 'NONE', #3469, #6471, #6540 ) ;
#2561 = DIRECTION ( 'NONE',  ( -0.000000000000000000, -0.000000000000000000, 1.000000000000000000 ) ) ;
#2562 = UNCERTAINTY_MEASURE_WITH_UNIT (LENGTH_MEASURE( 1.000000000000000082E-05 ), #7407, 'distance_accuracy_value', 'NONE');
#2563 = ORIENTED_EDGE ( 'NONE', *, *, #1797, .T. ) ;
#2564 = PRESENTATION_STYLE_ASSIGNMENT (( #5340 ) ) ;
#2565 = PRESENTATION_LAYER_ASSIGNMENT (  '', '', ( #4414 ) ) ;
#2566 = PLANE ( 'NONE',  #7941 ) ;
#2567 = PRESENTATION_LAYER_ASSIGNMENT (  '', '', ( #1701 ) ) ;
#2568 = VECTOR ( 'NONE', #1064, 1000.000000000000114 ) ;
#2569 = LINE ( 'NONE', #9261, #3403 ) ;
#2570 =( LENGTH_UNIT ( ) NAMED_UNIT ( * ) SI_UNIT ( .MILLI., .METRE. ) );
#2571 = ORIENTED_EDGE ( 'NONE', *, *, #12494, .T. ) ;
#2572 = UNCERTAINTY_MEASURE_WITH_UNIT (LENGTH_MEASURE( 1.000000000000000082E-05 ), #6807, 'distance_accuracy_value', 'NONE');
#2573 = VECTOR ( 'NONE', #10355, 1000.000000000000000 ) ;
#2574 = VECTOR ( 'NONE', #5417, 1000.000000000000000 ) ;
#2575 = AXIS2_PLACEMENT_3D ( 'NONE', #11976, #3109, #8898 ) ;
#2576 = DIRECTION ( 'NONE',  ( -0.000000000000000000, -0.000000000000000000, 1.000000000000000000 ) ) ;
#2577 = CARTESIAN_POINT ( 'NONE',  ( 11.03000000000000114, -6.400417228326760234E-15, -0.6805538183541330888 ) ) ;
#2578 = ADVANCED_FACE ( 'NONE', ( #11208 ), #12057, .F. ) ;
#2579 = VECTOR ( 'NONE', #3842, 1000.000000000000000 ) ;
#2580 = ADVANCED_FACE ( 'NONE', ( #10597 ), #1472, .T. ) ;
#2581 = ORIENTED_EDGE ( 'NONE', *, *, #931, .F. ) ;
#2582 = ORIENTED_EDGE ( 'NONE', *, *, #1330, .T. ) ;
#2583 = SURFACE_STYLE_FILL_AREA ( #6381 ) ;
#2584 = FACE_OUTER_BOUND ( 'NONE', #12369, .T. ) ;
#2585 = PLANE ( 'NONE',  #52 ) ;
#2586 = VECTOR ( 'NONE', #8957, 1000.000000000000000 ) ;
#2587 = STYLED_ITEM ( 'NONE', ( #9069 ), #5153 ) ;
#2588 = PRESENTATION_STYLE_ASSIGNMENT (( #1713 ) ) ;
#2589 = EDGE_CURVE ( 'NONE', #7721, #2746, #1782, .T. ) ;
#2590 = EDGE_CURVE ( 'NONE', #6484, #9915, #5853, .T. ) ;
#2591 = ORIENTED_EDGE ( 'NONE', *, *, #9954, .T. ) ;
#2592 = AXIS2_PLACEMENT_3D ( 'NONE', #7587, #12204, #5462 ) ;
#2593 = CIRCLE ( 'NONE', #7297, 1.000000000000000888 ) ;
#2594 = FACE_OUTER_BOUND ( 'NONE', #5660, .T. ) ;
#2595 = STYLED_ITEM ( 'NONE', ( #5593 ), #7640 ) ;
#2596 = EDGE_CURVE ( 'NONE', #6230, #9128, #1840, .T. ) ;
#2597 = VERTEX_POINT ( 'NONE', #9762 ) ;
#2598 = CARTESIAN_POINT ( 'NONE',  ( 2.950000000000000178, -4.599999999999999645, -15.22999999999999687 ) ) ;
#2599 = AXIS2_PLACEMENT_3D ( 'NONE', #3108, #11268, #9222 ) ;
#2600 = CARTESIAN_POINT ( 'NONE',  ( 4.542180073764543025, 14.75000000000000000, -2.385244779468109755E-15 ) ) ;
#2601 = DIRECTION ( 'NONE',  ( 0.000000000000000000, -0.000000000000000000, -1.000000000000000000 ) ) ;
#2602 = AXIS2_PLACEMENT_3D ( 'NONE', #585, #5711, #1822 ) ;
#2603 = ADVANCED_FACE ( 'NONE', ( #4699 ), #9353, .F. ) ;
#2604 = DIRECTION ( 'NONE',  ( 0.000000000000000000, 0.000000000000000000, 1.000000000000000000 ) ) ;
#2605 = AXIS2_PLACEMENT_3D ( 'NONE', #7186, #2213, #10174 ) ;
#2606 = ORIENTED_EDGE ( 'NONE', *, *, #8117, .F. ) ;
#2607 = COLOUR_RGB ( '',1.000000000000000000, 0.5019607843137254832, 0.5019607843137254832 ) ;
#2608 = ORIENTED_EDGE ( 'NONE', *, *, #11151, .F. ) ;
#2609 = CARTESIAN_POINT ( 'NONE',  ( -11.59539195080408547, 14.74999999999999467, 3.631860520018880910E-17 ) ) ;
#2610 = ADVANCED_FACE ( 'NONE', ( #2763 ), #6397, .F. ) ;
#2611 = EDGE_CURVE ( 'NONE', #12156, #8804, #5730, .T. ) ;
#2612 = CARTESIAN_POINT ( 'NONE',  ( 21.03000000000000114, 13.99999999999998934, -12.00000000000000000 ) ) ;
#2613 = FILL_AREA_STYLE_COLOUR ( '', #4839 ) ;
#2614 = DIRECTION ( 'NONE',  ( -1.000000000000000000, -0.000000000000000000, -0.000000000000000000 ) ) ;
#2615 = AXIS2_PLACEMENT_3D ( 'NONE', #11048, #2239, #7082 ) ;
#2616 = STYLED_ITEM ( 'NONE', ( #5133 ), #6095 ) ;
#2617 = FILL_AREA_STYLE_COLOUR ( '', #3415 ) ;
#2618 = CARTESIAN_POINT ( 'NONE',  ( 10.00000000000000000, 0.7437402936630139738, -21.62877342318509477 ) ) ;
#2619 = DIRECTION ( 'NONE',  ( 5.749368466564500365E-17, 0.8829475928589255451, -0.4694715627858934148 ) ) ;
#2620 = SURFACE_SIDE_STYLE ('',( #1556 ) ) ;
#2621 = CARTESIAN_POINT ( 'NONE',  ( 32.00000000000000000, 15.00000000000000000, -4.000000000000028422 ) ) ;
#2622 = PRESENTATION_LAYER_ASSIGNMENT (  '', '', ( #2416 ) ) ;
#2623 = ORIENTED_EDGE ( 'NONE', *, *, #2755, .T. ) ;
#2624 = ORIENTED_EDGE ( 'NONE', *, *, #5365, .T. ) ;
#2625 = CYLINDRICAL_SURFACE ( 'NONE', #10059, 0.2000000000000000944 ) ;
#2626 = EDGE_CURVE ( 'NONE', #4744, #8787, #9636, .T. ) ;
#2627 = LINE ( 'NONE', #11528, #12272 ) ;
#2628 = EDGE_CURVE ( 'NONE', #3077, #11756, #12518, .T. ) ;
#2629 = DIRECTION ( 'NONE',  ( 1.000000000000000000, 0.000000000000000000, 0.000000000000000000 ) ) ;
#2630 = EDGE_CURVE ( 'NONE', #4144, #7891, #7787, .T. ) ;
#2631 = CARTESIAN_POINT ( 'NONE',  ( 16.02999999999999758, 13.99999999999999822, -11.00000000000000178 ) ) ;
#2632 = CARTESIAN_POINT ( 'NONE',  ( -1.595391950804084580, 13.99999999999998757, -12.00000000000000000 ) ) ;
#2633 = PLANE ( 'NONE',  #9386 ) ;
#2634 = ORIENTED_EDGE ( 'NONE', *, *, #10437, .F. ) ;
#2635 = FILL_AREA_STYLE_COLOUR ( '', #6080 ) ;
#2636 = DIRECTION ( 'NONE',  ( 0.000000000000000000, 0.000000000000000000, 1.000000000000000000 ) ) ;
#2637 = ORIENTED_EDGE ( 'NONE', *, *, #10210, .F. ) ;
#2638 = EDGE_CURVE ( 'NONE', #4744, #12258, #8418, .T. ) ;
#2639 = FACE_OUTER_BOUND ( 'NONE', #1325, .T. ) ;
#2640 = ORIENTED_EDGE ( 'NONE', *, *, #412, .F. ) ;
#2641 = PLANE ( 'NONE',  #5437 ) ;
#2642 = ORIENTED_EDGE ( 'NONE', *, *, #723, .T. ) ;
#2643 = EDGE_LOOP ( 'NONE', ( #9067, #1922, #10524, #8235, #9077, #10908, #12054, #10754 ) ) ;
#2644 = DIRECTION ( 'NONE',  ( -1.000000000000000000, -2.026546116795335870E-16, -0.000000000000000000 ) ) ;
#2645 = PLANE ( 'NONE',  #4042 ) ;
#2646 = STYLED_ITEM ( 'NONE', ( #5622 ), #3500 ) ;
#2647 = ORIENTED_EDGE ( 'NONE', *, *, #5833, .T. ) ;
#2648 = CARTESIAN_POINT ( 'NONE',  ( 11.02999999999999936, 12.77659106982886783, -2.498455167896214579 ) ) ;
#2649 = COLOUR_RGB ( '',0.8313725490196077761, 0.8392156862745098200, 0.8313725490196077761 ) ;
#2650 = SURFACE_SIDE_STYLE ('',( #9405 ) ) ;
#2651 = LINE ( 'NONE', #6632, #6264 ) ;
#2652 = CARTESIAN_POINT ( 'NONE',  ( 20.67576706438588019, 5.698981658683065277, -10.00000000000000000 ) ) ;
#2653 = VERTEX_POINT ( 'NONE', #7661 ) ;
#2654 = ADVANCED_FACE ( 'NONE', ( #7790 ), #8691, .F. ) ;
#2655 = DIRECTION ( 'NONE',  ( 0.000000000000000000, 1.000000000000000000, 0.000000000000000000 ) ) ;
#2656 = ORIENTED_EDGE ( 'NONE', *, *, #5741, .T. ) ;
#2657 = UNCERTAINTY_MEASURE_WITH_UNIT (LENGTH_MEASURE( 1.000000000000000082E-05 ), #5851, 'distance_accuracy_value', 'NONE');
#2658 = AXIS2_PLACEMENT_3D ( 'NONE', #3473, #10249, #8214 ) ;
#2659 = AXIS2_PLACEMENT_3D ( 'NONE', #12658, #4760, #2886 ) ;
#2660 = PRESENTATION_STYLE_ASSIGNMENT (( #11272 ) ) ;
#2661 = ORIENTED_EDGE ( 'NONE', *, *, #8097, .F. ) ;
#2662 = EDGE_CURVE ( 'NONE', #9947, #1752, #3543, .T. ) ;
#2663 = LINE ( 'NONE', #6578, #5248 ) ;
#2664 = AXIS2_PLACEMENT_3D ( 'NONE', #1163, #8082, #5127 ) ;
#2665 = EDGE_CURVE ( 'NONE', #1517, #8515, #3532, .T. ) ;
#2666 = ORIENTED_EDGE ( 'NONE', *, *, #8152, .F. ) ;
#2667 = VERTEX_POINT ( 'NONE', #8941 ) ;
#2668 = EDGE_LOOP ( 'NONE', ( #3106, #10240, #10831, #10720 ) ) ;
#2669 =( BOUNDED_CURVE ( )  B_SPLINE_CURVE ( 3, ( #7214, #8102, #6228, #12016 ),
 .UNSPECIFIED., .F., .F. ) 
 B_SPLINE_CURVE_WITH_KNOTS ( ( 4, 4 ),
 ( 4.712388980384680792, 5.058156149985442163 ),
 .UNSPECIFIED. ) 
 CURVE ( )  GEOMETRIC_REPRESENTATION_ITEM ( )  RATIONAL_B_SPLINE_CURVE ( ( 1.000000000000000000, 0.9900618788928975400, 0.9900618788928975400, 1.000000000000000000 ) ) 
 REPRESENTATION_ITEM ( '' )  );
#2670 = FACE_OUTER_BOUND ( 'NONE', #2304, .T. ) ;
#2671 = FACE_OUTER_BOUND ( 'NONE', #10453, .T. ) ;
#2672 = DIRECTION ( 'NONE',  ( -0.000000000000000000, 1.000000000000000000, -0.000000000000000000 ) ) ;
#2673 = FACE_OUTER_BOUND ( 'NONE', #4832, .T. ) ;
#2674 = EDGE_CURVE ( 'NONE', #1768, #8749, #12720, .T. ) ;
#2675 = CARTESIAN_POINT ( 'NONE',  ( 25.67576706438588019, 0.000000000000000000, 0.000000000000000000 ) ) ;
#2676 = CARTESIAN_POINT ( 'NONE',  ( 21.12085837563301638, 14.38829763613029478, -0.1652703644666158045 ) ) ;
#2677 = CARTESIAN_POINT ( 'NONE',  ( 6.131058137871442604, 14.96436564214315013, -0.1074246383193842719 ) ) ;
#2678 = ORIENTED_EDGE ( 'NONE', *, *, #12206, .T. ) ;
#2679 = ORIENTED_EDGE ( 'NONE', *, *, #1880, .T. ) ;
#2680 = DIRECTION ( 'NONE',  ( 0.000000000000000000, 0.000000000000000000, -1.000000000000000000 ) ) ;
#2681 = CARTESIAN_POINT ( 'NONE',  ( 4.508445350133227336, 6.527550846378181504, -10.00000000000000000 ) ) ;
#2682 = CIRCLE ( 'NONE', #12322, 0.4000000000000001887 ) ;
#2683 = CYLINDRICAL_SURFACE ( 'NONE', #10164, 4.000000000000000000 ) ;
#2684 = CARTESIAN_POINT ( 'NONE',  ( 19.94855866409554679, 2.730887774041963034, -10.00000000000000000 ) ) ;
#2685 = DIRECTION ( 'NONE',  ( -0.000000000000000000, -0.000000000000000000, 1.000000000000000000 ) ) ;
#2686 = VECTOR ( 'NONE', #9967, 1000.000000000000000 ) ;
#2687 =( LENGTH_UNIT ( ) NAMED_UNIT ( * ) SI_UNIT ( .MILLI., .METRE. ) );
#2688 = EDGE_CURVE ( 'NONE', #3032, #11659, #5152, .T. ) ;
#2689 = EDGE_CURVE ( 'NONE', #7600, #1157, #7160, .T. ) ;
#2690 = DIRECTION ( 'NONE',  ( 0.000000000000000000, -0.000000000000000000, -1.000000000000000000 ) ) ;
#2691 = CARTESIAN_POINT ( 'NONE',  ( 29.83000000000000185, 12.77659106982886783, -2.498455167896214579 ) ) ;
#2692 = ORIENTED_EDGE ( 'NONE', *, *, #6212, .F. ) ;
#2693 = LINE ( 'NONE', #6805, #5747 ) ;
#2694 = SURFACE_STYLE_USAGE ( .BOTH. , #7838 ) ;
#2695 = EDGE_LOOP ( 'NONE', ( #8080, #5586, #11967, #10393 ) ) ;
#2696 = CARTESIAN_POINT ( 'NONE',  ( 32.00000000000000000, 1.000000000000007105, -17.50000000000000000 ) ) ;
#2697 = CONICAL_SURFACE ( 'NONE', #8458, 0.1873162273354038454, 0.4886921905584215020 ) ;
#2698 = CARTESIAN_POINT ( 'NONE',  ( 30.03000000000000114, 11.00000000000000000, -3.999999999999999112 ) ) ;
#2699 = ORIENTED_EDGE ( 'NONE', *, *, #12664, .T. ) ;
#2700 = DIRECTION ( 'NONE',  ( 0.000000000000000000, 0.000000000000000000, 1.000000000000000000 ) ) ;
#2701 = EDGE_LOOP ( 'NONE', ( #11983, #12744, #11811, #12133, #11131, #72 ) ) ;
#2702 = ORIENTED_EDGE ( 'NONE', *, *, #6472, .T. ) ;
#2703 = FACE_OUTER_BOUND ( 'NONE', #2190, .T. ) ;
#2704 = VERTEX_POINT ( 'NONE', #143 ) ;
#2705 = FILL_AREA_STYLE ('',( #8872 ) ) ;
#2706 = PRESENTATION_LAYER_ASSIGNMENT (  '', '', ( #8255 ) ) ;
#2707 = EDGE_CURVE ( 'NONE', #10056, #7481, #6952, .T. ) ;
#2708 = CONICAL_SURFACE ( 'NONE', #4972, 0.1873162273354038454, 0.4886921905584215020 ) ;
#2709 = ORIENTED_EDGE ( 'NONE', *, *, #3302, .F. ) ;
#2710 = AXIS2_PLACEMENT_3D ( 'NONE', #10178, #4211, #1213 ) ;
#2711 = DIRECTION ( 'NONE',  ( 0.000000000000000000, -0.000000000000000000, 1.000000000000000000 ) ) ;
#2712 = DIRECTION ( 'NONE',  ( 0.000000000000000000, 1.000000000000000000, 0.000000000000000000 ) ) ;
#2713 = CARTESIAN_POINT ( 'NONE',  ( 24.94855866409554679, 1.446110066005035942E-15, -10.00000000000000000 ) ) ;
#2714 = ORIENTED_EDGE ( 'NONE', *, *, #10044, .F. ) ;
#2715 = SURFACE_SIDE_STYLE ('',( #7668 ) ) ;
#2716 = COLOUR_RGB ( '',1.000000000000000000, 0.5019607843137254832, 0.5019607843137254832 ) ;
#2717 = VERTEX_POINT ( 'NONE', #12022 ) ;
#2718 = CARTESIAN_POINT ( 'NONE',  ( 9.830000000000001847, 12.77659106982886783, -2.498455167896214579 ) ) ;
#2719 = CARTESIAN_POINT ( 'NONE',  ( 15.83000000000000007, 8.410166384700659243E-17, -12.00000000000000000 ) ) ;
#2720 = CARTESIAN_POINT ( 'NONE',  ( 0.000000000000000000, 9.742953882361238271, -10.00000000000000000 ) ) ;
#2721 = ORIENTED_EDGE ( 'NONE', *, *, #3763, .T. ) ;
#2722 = PRESENTATION_LAYER_ASSIGNMENT (  '', '', ( #10499 ) ) ;
#2723 =( GEOMETRIC_REPRESENTATION_CONTEXT ( 3 ) GLOBAL_UNCERTAINTY_ASSIGNED_CONTEXT ( ( #8439 ) ) GLOBAL_UNIT_ASSIGNED_CONTEXT ( ( #9909, #5872, #12740 ) ) REPRESENTATION_CONTEXT ( 'NONE', 'WORKASPACE' ) );
#2724 = EDGE_LOOP ( 'NONE', ( #6208, #3220, #11875, #8938, #12516, #9313, #12508, #5183, #12663, #3530, #9669, #6760, #7979, #9968 ) ) ;
#2725 = CARTESIAN_POINT ( 'NONE',  ( 19.83000000000000185, 13.99999999999999112, -12.00000000000000000 ) ) ;
#2726 = DIRECTION ( 'NONE',  ( 1.000000000000000000, 2.026546116795335870E-16, -0.000000000000000000 ) ) ;
#2727 = CARTESIAN_POINT ( 'NONE',  ( 19.54218007376454480, 9.999999999999998224, -0.2000000000000024536 ) ) ;
#2728 = EDGE_CURVE ( 'NONE', #3459, #2912, #6041, .T. ) ;
#2729 = DIRECTION ( 'NONE',  ( -1.000000000000000000, 0.000000000000000000, -0.000000000000000000 ) ) ;
#2730 = DIRECTION ( 'NONE',  ( 5.749368466564500365E-17, 0.8829475928589255451, -0.4694715627858934148 ) ) ;
#2731 = DIRECTION ( 'NONE',  ( -0.000000000000000000, -0.000000000000000000, 1.000000000000000000 ) ) ;
#2732 = CARTESIAN_POINT ( 'NONE',  ( 20.00000000000000000, 0.9999999999999997780, -16.50000000000000000 ) ) ;
#2733 =( BOUNDED_CURVE ( )  B_SPLINE_CURVE ( 3, ( #6262, #553, #8389, #4521 ),
 .UNSPECIFIED., .F., .F. ) 
 B_SPLINE_CURVE_WITH_KNOTS ( ( 4, 4 ),
 ( 4.712388980384680792, 5.058156149985443051 ),
 .UNSPECIFIED. ) 
 CURVE ( )  GEOMETRIC_REPRESENTATION_ITEM ( )  RATIONAL_B_SPLINE_CURVE ( ( 1.000000000000000000, 0.9900618788928975400, 0.9900618788928975400, 1.000000000000000000 ) ) 
 REPRESENTATION_ITEM ( '' )  );
#2734 = ORIENTED_EDGE ( 'NONE', *, *, #7072, .T. ) ;
#2735 = CIRCLE ( 'NONE', #1280, 0.4000000000000010214 ) ;
#2736 = ORIENTED_EDGE ( 'NONE', *, *, #1787, .F. ) ;
#2737 = EDGE_LOOP ( 'NONE', ( #2212, #8929, #2534, #6476 ) ) ;
#2738 = CARTESIAN_POINT ( 'NONE',  ( -1.595391950804084580, 14.74999999999999467, 1.626303258728256651E-16 ) ) ;
#2739 = DIRECTION ( 'NONE',  ( -1.000000000000000000, -1.013273058397667935E-16, -0.000000000000000000 ) ) ;
#2740 = CARTESIAN_POINT ( 'NONE',  ( 4.948558664095548565, 2.730887774041963034, 0.000000000000000000 ) ) ;
#2741 = EDGE_CURVE ( 'NONE', #5882, #10708, #11050, .T. ) ;
#2742 = DIRECTION ( 'NONE',  ( 0.000000000000000000, -0.000000000000000000, -1.000000000000000000 ) ) ;
#2743 = CARTESIAN_POINT ( 'NONE',  ( 13.40460804919591631, 14.56261116223713792, -0.04450167309616086947 ) ) ;
#2744 = LINE ( 'NONE', #4874, #3340 ) ;
#2745 = DIRECTION ( 'NONE',  ( -0.1736481776669308585, 0.000000000000000000, 0.9848077530122080203 ) ) ;
#2746 = VERTEX_POINT ( 'NONE', #3917 ) ;
#2747 = CARTESIAN_POINT ( 'NONE',  ( 25.00000000000000000, -3.659182332138577465E-16, -21.62877342318509477 ) ) ;
#2748 = PRESENTATION_STYLE_ASSIGNMENT (( #1971 ) ) ;
#2749 = CARTESIAN_POINT ( 'NONE',  ( 7.950000000000000178, -5.000000000000000000, -16.02999999999999758 ) ) ;
#2750 = ORIENTED_EDGE ( 'NONE', *, *, #3577, .F. ) ;
#2751 = EDGE_CURVE ( 'NONE', #2448, #4338, #4389, .T. ) ;
#2752 = VECTOR ( 'NONE', #5690, 1000.000000000000000 ) ;
#2753 = CARTESIAN_POINT ( 'NONE',  ( 9.068332036170907884, 0.000000000000000000, 0.000000000000000000 ) ) ;
#2754 = VECTOR ( 'NONE', #2540, 1000.000000000000000 ) ;
#2755 = EDGE_CURVE ( 'NONE', #502, #8456, #11565, .T. ) ;
#2756 = ORIENTED_EDGE ( 'NONE', *, *, #3663, .T. ) ;
#2757 = ORIENTED_EDGE ( 'NONE', *, *, #2626, .T. ) ;
#2758 = CARTESIAN_POINT ( 'NONE',  ( 17.94999999999999929, -5.000000000000000000, -7.429999999999998828 ) ) ;
#2759 = MECHANICAL_DESIGN_GEOMETRIC_PRESENTATION_REPRESENTATION (  '', ( #9941 ), #7695 ) ;
#2760 = CARTESIAN_POINT ( 'NONE',  ( 14.94855866409554679, 5.698981658683065277, -10.00000000000000000 ) ) ;
#2761 = UNCERTAINTY_MEASURE_WITH_UNIT (LENGTH_MEASURE( 1.000000000000000082E-05 ), #6537, 'distance_accuracy_value', 'NONE');
#2762 = SURFACE_SIDE_STYLE ('',( #922 ) ) ;
#2763 = FACE_OUTER_BOUND ( 'NONE', #9358, .T. ) ;
#2764 = VECTOR ( 'NONE', #9711, 1000.000000000000000 ) ;
#2765 = AXIS2_PLACEMENT_3D ( 'NONE', #5880, #5236, #8006 ) ;
#2766 = VERTEX_POINT ( 'NONE', #7086 ) ;
#2767 = DIRECTION ( 'NONE',  ( -0.000000000000000000, -0.000000000000000000, 1.000000000000000000 ) ) ;
#2768 = STYLED_ITEM ( 'NONE', ( #7456 ), #2883 ) ;
#2769 = VERTEX_POINT ( 'NONE', #80 ) ;
#2770 = AXIS2_PLACEMENT_3D ( 'NONE', #3413, #5334, #1309 ) ;
#2771 = SURFACE_STYLE_USAGE ( .BOTH. , #7795 ) ;
#2772 = AXIS2_PLACEMENT_3D ( 'NONE', #6452, #10464, #3621 ) ;
#2773 = ADVANCED_FACE ( 'NONE', ( #10988 ), #3225, .T. ) ;
#2774 = ORIENTED_EDGE ( 'NONE', *, *, #9723, .F. ) ;
#2775 = DIRECTION ( 'NONE',  ( -0.000000000000000000, 0.000000000000000000, 1.000000000000000000 ) ) ;
#2776 = ADVANCED_FACE ( 'NONE', ( #10324 ), #11362, .T. ) ;
#2777 = ORIENTED_EDGE ( 'NONE', *, *, #1484, .T. ) ;
#2778 = FILL_AREA_STYLE ('',( #10542 ) ) ;
#2779 = AXIS2_PLACEMENT_3D ( 'NONE', #514, #1227, #12070 ) ;
#2780 = AXIS2_PLACEMENT_3D ( 'NONE', #280, #3285, #5097 ) ;
#2781 = DIRECTION ( 'NONE',  ( -0.000000000000000000, 0.000000000000000000, 1.000000000000000000 ) ) ;
#2782 = DIRECTION ( 'NONE',  ( -1.000000000000000000, 0.000000000000000000, 0.000000000000000000 ) ) ;
#2783 = MECHANICAL_DESIGN_GEOMETRIC_PRESENTATION_REPRESENTATION (  '', ( #4219 ), #7316 ) ;
#2784 = CARTESIAN_POINT ( 'NONE',  ( 4.948558664095548565, 1.446110066005035942E-15, -10.00000000000000000 ) ) ;
#2785 = CLOSED_SHELL ( 'NONE', ( #8025, #10448, #5644, #3290, #654, #817, #845, #6337, #1485, #10465, #6301, #5189, #9390, #9800, #12738, #8674, #3042, #7640, #12609, #6095, #12134, #5193, #6233, #996, #3151, #1878, #12760, #2427, #4254, #12101, #242, #11718, #6532, #985, #5997, #5013, #2847, #2389, #11451, #697, #258, #5751, #2610, #10678, #7863, #4112, #5819, #501, #295, #805, #11376, #341, #3962, #3576, #1065, #5498, #5507, #9563, #8216, #11521, #11570, #8433, #7861, #10040, #6250, #9050, #9740, #9427, #4467, #9424, #9216, #9088, #6159, #5684, #8363, #11061, #7803, #12458, #4944, #8131, #10939, #3054, #2502, #6060, #2603, #3947, #8203, #12257, #10140, #8265, #6525, #8039, #4070, #2896, #12710, #11313, #3510, #10794, #8890, #11522, #1781, #7400, #3065, #4346, #3533, #9106, #5591, #11812, #10800, #4029, #4940, #8654, #4620, #652, #8974, #11101, #9318, #12578, #10928, #12646, #6832, #750, #11535, #11022, #725, #12316, #7355, #6377, #11335, #8851, #568, #11338, #279, #10295, #7261, #8133, #12096, #8182, #7353, #7304, #2543, #116, #8382, #10354, #12176, #8995, #10507, #11960, #10649, #9911, #8876, #7069, #2211, #4932, #5430, #9874, #2960, #10112, #10611, #899, #601, #9057, #129, #4522, #1559, #7130, #584, #1637, #1417, #1919, #12563, #12471, #878, #2580, #2900, #916, #12547, #1466, #4383, #3165, #104, #4412, #12680, #10083, #12122, #4898, #7274, #11464, #9456, #3709, #1200, #8513, #11127, #517, #952, #2500, #3388, #6125, #7486, #1378, #6854, #11304, #6558, #10598, #5723, #9045, #7748, #3250, #8013, #9004, #8467, #9414, #8675, #11635, #3622, #8806, #2776, #1404, #5473, #5138, #9737, #5888, #11957, #12179, #10159, #2351, #3126, #1138, #8726, #5112, #2773, #11696, #7578, #11059, #6320, #12162, #831, #12562, #10719, #9505, #8567, #7892, #10142, #9906, #4868, #5451, #6650, #3500 ) ) ;
#2786 = CIRCLE ( 'NONE', #884, 0.5000000000000004441 ) ;
#2787 = CARTESIAN_POINT ( 'NONE',  ( 27.95000000000000284, -5.000000000000000000, -15.44268377266459424 ) ) ;
#2788 = VECTOR ( 'NONE', #2901, 1000.000000000000000 ) ;
#2789 = MECHANICAL_DESIGN_GEOMETRIC_PRESENTATION_REPRESENTATION (  '', ( #11404 ), #4647 ) ;
#2790 = ORIENTED_EDGE ( 'NONE', *, *, #10926, .F. ) ;
#2791 = CARTESIAN_POINT ( 'NONE',  ( 16.11102440240295053, 15.00000000000000000, -0.2210415980608899378 ) ) ;
#2792 = CARTESIAN_POINT ( 'NONE',  ( 29.54218007376454480, 9.999999999999998224, -2.385244779468109755E-15 ) ) ;
#2793 = ORIENTED_EDGE ( 'NONE', *, *, #7171, .T. ) ;
#2794 = CARTESIAN_POINT ( 'NONE',  ( 20.83000000000000185, 10.77659106982886783, -1.974724807276290628 ) ) ;
#2795 = DIRECTION ( 'NONE',  ( -0.000000000000000000, -0.000000000000000000, -1.000000000000000000 ) ) ;
#2796 = STYLED_ITEM ( 'NONE', ( #11100 ), #12609 ) ;
#2797 = COLOUR_RGB ( '',1.000000000000000000, 0.5019607843137254832, 0.5019607843137254832 ) ;
#2798 = DIRECTION ( 'NONE',  ( 1.000000000000000000, 0.000000000000000000, 0.000000000000000000 ) ) ;
#2799 = CARTESIAN_POINT ( 'NONE',  ( 14.83000000000000362, 11.77659106982886783, -2.498455167896218576 ) ) ;
#2800 = ORIENTED_EDGE ( 'NONE', *, *, #683, .F. ) ;
#2801 = ORIENTED_EDGE ( 'NONE', *, *, #1958, .F. ) ;
#2802 = MECHANICAL_DESIGN_GEOMETRIC_PRESENTATION_REPRESENTATION (  '', ( #6713 ), #3448 ) ;
#2803 = CIRCLE ( 'NONE', #4249, 1.000000000000000000 ) ;
#2804 = DIRECTION ( 'NONE',  ( -1.000000000000000000, 0.000000000000000000, 0.000000000000000000 ) ) ;
#2805 = CARTESIAN_POINT ( 'NONE',  ( 2.950000000000000178, -5.000000000000000000, -7.029999999999999361 ) ) ;
#2806 = DIRECTION ( 'NONE',  ( 0.000000000000000000, -1.000000000000000000, 0.000000000000000000 ) ) ;
#2807 = STYLED_ITEM ( 'NONE', ( #1688 ), #12492 ) ;
#2808 = SURFACE_SIDE_STYLE ('',( #3848 ) ) ;
#2809 = LINE ( 'NONE', #706, #9969 ) ;
#2810 = FACE_OUTER_BOUND ( 'NONE', #2106, .T. ) ;
#2811 = VECTOR ( 'NONE', #12543, 1000.000000000000000 ) ;
#2812 = EDGE_CURVE ( 'NONE', #12521, #4526, #9132, .T. ) ;
#2813 = PLANE ( 'NONE',  #2905 ) ;
#2814 = DIRECTION ( 'NONE',  ( -0.000000000000000000, 0.000000000000000000, 1.000000000000000000 ) ) ;
#2815 = CARTESIAN_POINT ( 'NONE',  ( 8.404608049195916308, 14.74999999999999645, -0.2499999999999999445 ) ) ;
#2816 = FACE_OUTER_BOUND ( 'NONE', #8628, .T. ) ;
#2817 = ORIENTED_EDGE ( 'NONE', *, *, #7087, .F. ) ;
#2818 = EDGE_CURVE ( 'NONE', #9626, #461, #11370, .T. ) ;
#2819 = DIRECTION ( 'NONE',  ( 0.000000000000000000, -1.000000000000000000, 0.000000000000000000 ) ) ;
#2820 = EDGE_CURVE ( 'NONE', #846, #5333, #8933, .T. ) ;
#2821 = CARTESIAN_POINT ( 'NONE',  ( 8.948558664095541459, 1.730887774041955929, 0.000000000000000000 ) ) ;
#2822 = LINE ( 'NONE', #965, #12340 ) ;
#2823 = DIRECTION ( 'NONE',  ( -0.000000000000000000, 0.000000000000000000, 1.000000000000000000 ) ) ;
#2824 = EDGE_LOOP ( 'NONE', ( #4126, #7857, #1211, #5912, #1992 ) ) ;
#2825 = FILL_AREA_STYLE ('',( #12645 ) ) ;
#2826 =( NAMED_UNIT ( * ) PLANE_ANGLE_UNIT ( ) SI_UNIT ( $, .RADIAN. ) );
#2827 = DIRECTION ( 'NONE',  ( 0.000000000000000000, -1.000000000000000000, 0.000000000000000000 ) ) ;
#2828 = VERTEX_POINT ( 'NONE', #7217 ) ;
#2829 = SURFACE_STYLE_FILL_AREA ( #2705 ) ;
#2830 = CARTESIAN_POINT ( 'NONE',  ( 1.030000000000000915, 9.999999999999998224, -0.6805538183541244290 ) ) ;
#2831 = CIRCLE ( 'NONE', #4285, 1.000000000000000000 ) ;
#2832 = EDGE_CURVE ( 'NONE', #413, #2324, #7598, .T. ) ;
#2833 = VERTEX_POINT ( 'NONE', #1441 ) ;
#2834 = LINE ( 'NONE', #7728, #4594 ) ;
#2835 = ORIENTED_EDGE ( 'NONE', *, *, #9954, .F. ) ;
#2836 = UNCERTAINTY_MEASURE_WITH_UNIT (LENGTH_MEASURE( 1.000000000000000082E-05 ), #5049, 'distance_accuracy_value', 'NONE');
#2837 = CARTESIAN_POINT ( 'NONE',  ( 22.95000000000000284, -5.000000000000000000, -15.62999999999999723 ) ) ;
#2838 = ORIENTED_EDGE ( 'NONE', *, *, #7087, .T. ) ;
#2839 = ORIENTED_EDGE ( 'NONE', *, *, #8114, .T. ) ;
#2840 = CARTESIAN_POINT ( 'NONE',  ( 22.95000000000000284, -5.000000000000000000, -7.429999999999998828 ) ) ;
#2841 = EDGE_LOOP ( 'NONE', ( #9221, #7191, #4505, #12459 ) ) ;
#2842 =( NAMED_UNIT ( * ) SI_UNIT ( $, .STERADIAN. ) SOLID_ANGLE_UNIT ( ) );
#2843 = CARTESIAN_POINT ( 'NONE',  ( 10.00000000000000000, 0.000000000000000000, -18.00000000000000355 ) ) ;
#2844 = DIRECTION ( 'NONE',  ( -0.000000000000000000, 0.7071067811865463515, 0.7071067811865487940 ) ) ;
#2845 =( NAMED_UNIT ( * ) SI_UNIT ( $, .STERADIAN. ) SOLID_ANGLE_UNIT ( ) );
#2846 = EDGE_CURVE ( 'NONE', #8804, #1634, #2569, .T. ) ;
#2847 = ADVANCED_FACE ( 'NONE', ( #4433 ), #11245, .T. ) ;
#2848 = ORIENTED_EDGE ( 'NONE', *, *, #1047, .T. ) ;
#2849 = PLANE ( 'NONE',  #10966 ) ;
#2850 = CARTESIAN_POINT ( 'NONE',  ( 25.00000000000000000, 9.742953882361238271, -10.00000000000000000 ) ) ;
#2851 = CARTESIAN_POINT ( 'NONE',  ( 20.02999999999999758, 15.00000000000000000, -12.00000000000000000 ) ) ;
#2852 = ORIENTED_EDGE ( 'NONE', *, *, #6743, .T. ) ;
#2853 = PLANE ( 'NONE',  #4872 ) ;
#2854 = ORIENTED_EDGE ( 'NONE', *, *, #3548, .T. ) ;
#2855 = CARTESIAN_POINT ( 'NONE',  ( 21.67576706438588019, 2.730887774041955929, -10.00000000000000000 ) ) ;
#2856 = CARTESIAN_POINT ( 'NONE',  ( 29.75408174517711757, 15.00000000000000000, -0.2500000000000014988 ) ) ;
#2857 = EDGE_CURVE ( 'NONE', #11583, #4484, #11111, .T. ) ;
#2858 = CARTESIAN_POINT ( 'NONE',  ( -6.595391950804084580, 14.74999999999999467, 1.626303258728256651E-16 ) ) ;
#2859 = CIRCLE ( 'NONE', #4512, 0.5000000000000000000 ) ;
#2860 = DIRECTION ( 'NONE',  ( -2.026546116795335870E-16, 1.000000000000000000, -0.000000000000000000 ) ) ;
#2861 = VERTEX_POINT ( 'NONE', #2441 ) ;
#2862 = CARTESIAN_POINT ( 'NONE',  ( 27.06768843574306871, 9.742953882361238271, -10.00000000000000000 ) ) ;
#2863 = LINE ( 'NONE', #2805, #9965 ) ;
#2864 = DIRECTION ( 'NONE',  ( 1.000000000000000000, 0.000000000000000000, 0.000000000000000000 ) ) ;
#2865 = AXIS2_PLACEMENT_3D ( 'NONE', #8738, #7590, #6676 ) ;
#2866 = CARTESIAN_POINT ( 'NONE',  ( 20.00000000000000000, 1.730887774041955929, 0.000000000000000000 ) ) ;
#2867 = DIRECTION ( 'NONE',  ( -1.000000000000000000, 0.000000000000000000, -0.000000000000000000 ) ) ;
#2868 = CARTESIAN_POINT ( 'NONE',  ( 15.03000000000000114, 10.99999999999997158, 0.000000000000000000 ) ) ;
#2869 = FACE_OUTER_BOUND ( 'NONE', #5468, .T. ) ;
#2870 =( NAMED_UNIT ( * ) PLANE_ANGLE_UNIT ( ) SI_UNIT ( $, .RADIAN. ) );
#2871 = ORIENTED_EDGE ( 'NONE', *, *, #3587, .T. ) ;
#2872 = CARTESIAN_POINT ( 'NONE',  ( 24.75408174517711757, 15.00000000000000000, -0.2500000000000014988 ) ) ;
#2873 = DIRECTION ( 'NONE',  ( 0.000000000000000000, 1.000000000000000000, 0.000000000000000000 ) ) ;
#2874 = ORIENTED_EDGE ( 'NONE', *, *, #11764, .F. ) ;
#2875 = FILL_AREA_STYLE_COLOUR ( '', #7289 ) ;
#2876 = ORIENTED_EDGE ( 'NONE', *, *, #12494, .F. ) ;
#2877 = CARTESIAN_POINT ( 'NONE',  ( 5.830000000000000959, 10.77659106982886783, -1.974724807276290628 ) ) ;
#2878 = EDGE_CURVE ( 'NONE', #1462, #4714, #4541, .T. ) ;
#2879 = ORIENTED_EDGE ( 'NONE', *, *, #9830, .T. ) ;
#2880 = FILL_AREA_STYLE ('',( #10644 ) ) ;
#2881 = CARTESIAN_POINT ( 'NONE',  ( 1.120858375633015047, 9.999999999999998224, -0.1652703644666149441 ) ) ;
#2882 = VECTOR ( 'NONE', #7645, 1000.000000000000000 ) ;
#2883 = ADVANCED_FACE ( 'NONE', ( #465 ), #8299, .F. ) ;
#2884 = EDGE_LOOP ( 'NONE', ( #1710, #5810, #11121, #9312 ) ) ;
#2885 = EDGE_CURVE ( 'NONE', #8950, #12455, #3801, .T. ) ;
#2886 = DIRECTION ( 'NONE',  ( 0.000000000000000000, 0.000000000000000000, -1.000000000000000000 ) ) ;
#2887 = VERTEX_POINT ( 'NONE', #4622 ) ;
#2888 = VECTOR ( 'NONE', #12348, 1000.000000000000000 ) ;
#2889 =( NAMED_UNIT ( * ) SI_UNIT ( $, .STERADIAN. ) SOLID_ANGLE_UNIT ( ) );
#2890 = DIRECTION ( 'NONE',  ( 1.000000000000000000, 2.026546116795335870E-16, -0.000000000000000000 ) ) ;
#2891 = ORIENTED_EDGE ( 'NONE', *, *, #6784, .T. ) ;
#2892 = LINE ( 'NONE', #3688, #10484 ) ;
#2893 = CIRCLE ( 'NONE', #9872, 0.4000000000000010214 ) ;
#2894 = VERTEX_POINT ( 'NONE', #12448 ) ;
#2895 = CARTESIAN_POINT ( 'NONE',  ( 3.039090901768393138, 0.7437402936630143069, 0.5000000000000000000 ) ) ;
#2896 = ADVANCED_FACE ( 'NONE', ( #1571 ), #10512, .F. ) ;
#2897 = UNCERTAINTY_MEASURE_WITH_UNIT (LENGTH_MEASURE( 1.000000000000000082E-05 ), #10214, 'distance_accuracy_value', 'NONE');
#2898 =( LENGTH_UNIT ( ) NAMED_UNIT ( * ) SI_UNIT ( .MILLI., .METRE. ) );
#2899 = VECTOR ( 'NONE', #10780, 1000.000000000000000 ) ;
#2900 = ADVANCED_FACE ( 'NONE', ( #4742 ), #11432, .T. ) ;
#2901 = DIRECTION ( 'NONE',  ( -2.026546116795335870E-16, 1.000000000000000000, -0.000000000000000000 ) ) ;
#2902 = EDGE_CURVE ( 'NONE', #10197, #10339, #3721, .T. ) ;
#2903 = EDGE_LOOP ( 'NONE', ( #11453, #8317, #8153, #5014 ) ) ;
#2904 = AXIS2_PLACEMENT_3D ( 'NONE', #6289, #1233, #7380 ) ;
#2905 = AXIS2_PLACEMENT_3D ( 'NONE', #9805, #9741, #2690 ) ;
#2906 = UNCERTAINTY_MEASURE_WITH_UNIT (LENGTH_MEASURE( 1.000000000000000082E-05 ), #4252, 'distance_accuracy_value', 'NONE');
#2907 = FACE_OUTER_BOUND ( 'NONE', #4504, .T. ) ;
#2908 = ORIENTED_EDGE ( 'NONE', *, *, #5321, .T. ) ;
#2909 = AXIS2_PLACEMENT_3D ( 'NONE', #5895, #8723, #7763 ) ;
#2910 = DIRECTION ( 'NONE',  ( -1.000000000000000000, -0.000000000000000000, -0.000000000000000000 ) ) ;
#2911 = AXIS2_PLACEMENT_3D ( 'NONE', #1491, #3705, #5441 ) ;
#2912 = VERTEX_POINT ( 'NONE', #5640 ) ;
#2913 = EDGE_CURVE ( 'NONE', #776, #11025, #1826, .T. ) ;
#2914 = CARTESIAN_POINT ( 'NONE',  ( 3.039090901768394026, 0.9999999999999997780, -0.9999999999999997780 ) ) ;
#2915 = UNCERTAINTY_MEASURE_WITH_UNIT (LENGTH_MEASURE( 1.000000000000000082E-05 ), #10532, 'distance_accuracy_value', 'NONE');
#2916 = EDGE_CURVE ( 'NONE', #10627, #3992, #11610, .T. ) ;
#2917 = ORIENTED_EDGE ( 'NONE', *, *, #2274, .T. ) ;
#2918 = EDGE_CURVE ( 'NONE', #3029, #4312, #6744, .T. ) ;
#2919 = CARTESIAN_POINT ( 'NONE',  ( 10.67576706438588197, 2.730887774041955929, -10.00000000000000000 ) ) ;
#2920 = CARTESIAN_POINT ( 'NONE',  ( 1.192041270136349418, 14.56261116223706154, -0.04450167309611528788 ) ) ;
#2921 = CARTESIAN_POINT ( 'NONE',  ( 29.69663733748042134, 14.92559551406763418, -0.06527507787064541767 ) ) ;
#2923 = AXIS2_PLACEMENT_3D ( 'NONE', #1871, #5813, #10622 ) ;
#2922 = CARTESIAN_POINT ( 'NONE',  ( 20.67576706438588019, 0.000000000000000000, 0.000000000000000000 ) ) ;
#2924 = FACE_OUTER_BOUND ( 'NONE', #6145, .T. ) ;
#2925 = ORIENTED_EDGE ( 'NONE', *, *, #7624, .T. ) ;
#2926 = ORIENTED_EDGE ( 'NONE', *, *, #4708, .F. ) ;
#2927 = DIRECTION ( 'NONE',  ( -2.026546116795335870E-16, 1.000000000000000000, -0.000000000000000000 ) ) ;
#2928 =( GEOMETRIC_REPRESENTATION_CONTEXT ( 3 ) GLOBAL_UNCERTAINTY_ASSIGNED_CONTEXT ( ( #12515 ) ) GLOBAL_UNIT_ASSIGNED_CONTEXT ( ( #1360, #372, #7310 ) ) REPRESENTATION_CONTEXT ( 'NONE', 'WORKASPACE' ) );
#2929 = DIRECTION ( 'NONE',  ( -0.000000000000000000, -0.000000000000000000, 1.000000000000000000 ) ) ;
#2930 = MECHANICAL_DESIGN_GEOMETRIC_PRESENTATION_REPRESENTATION (  '', ( #9305 ), #11533 ) ;
#2931 = EDGE_CURVE ( 'NONE', #1017, #11329, #5524, .T. ) ;
#2932 = DIRECTION ( 'NONE',  ( -0.000000000000000000, -0.000000000000000000, 1.000000000000000000 ) ) ;
#2933 = DIRECTION ( 'NONE',  ( 1.000000000000000000, 2.026546116795335870E-16, -0.000000000000000000 ) ) ;
#2934 = COLOUR_RGB ( '',0.8313725490196077761, 0.8392156862745098200, 0.8313725490196077761 ) ;
#2935 = UNCERTAINTY_MEASURE_WITH_UNIT (LENGTH_MEASURE( 1.000000000000000082E-05 ), #7394, 'distance_accuracy_value', 'NONE');
#2936 = DIRECTION ( 'NONE',  ( 1.000000000000000000, 2.026546116795335870E-16, -0.000000000000000000 ) ) ;
#2937 = CYLINDRICAL_SURFACE ( 'NONE', #3352, 0.4000000000000001887 ) ;
#2938 = VECTOR ( 'NONE', #7854, 1000.000000000000000 ) ;
#2939 = ORIENTED_EDGE ( 'NONE', *, *, #2034, .F. ) ;
#2940 = DIRECTION ( 'NONE',  ( 0.000000000000000000, 1.000000000000000000, 0.000000000000000000 ) ) ;
#2941 = DIRECTION ( 'NONE',  ( 0.000000000000000000, -0.000000000000000000, 1.000000000000000000 ) ) ;
#2942 = DIRECTION ( 'NONE',  ( -0.1736481776669304700, -0.000000000000000000, -0.9848077530122080203 ) ) ;
#2943 = CARTESIAN_POINT ( 'NONE',  ( 11.56768843574306516, 0.000000000000000000, -10.00000000000000000 ) ) ;
#2944 = ORIENTED_EDGE ( 'NONE', *, *, #6662, .F. ) ;
#2945 = CIRCLE ( 'NONE', #5037, 0.1873162273354038454 ) ;
#2946 = DIRECTION ( 'NONE',  ( -1.000000000000000000, -1.013273058397667935E-16, -0.000000000000000000 ) ) ;
#2947 = ORIENTED_EDGE ( 'NONE', *, *, #1085, .T. ) ;
#2948 = LINE ( 'NONE', #8935, #7129 ) ;
#2949 =( LENGTH_UNIT ( ) NAMED_UNIT ( * ) SI_UNIT ( .MILLI., .METRE. ) );
#2950 = EDGE_LOOP ( 'NONE', ( #3433, #3547, #7682, #5410 ) ) ;
#2951 = PRESENTATION_STYLE_ASSIGNMENT (( #8688 ) ) ;
#2952 = LINE ( 'NONE', #3734, #8775 ) ;
#2953 = DIRECTION ( 'NONE',  ( 0.000000000000000000, 0.000000000000000000, 1.000000000000000000 ) ) ;
#2954 = DIRECTION ( 'NONE',  ( -1.154112234971584564E-16, 0.5694971485754449780, -0.8219933076153586038 ) ) ;
#2955 = ORIENTED_EDGE ( 'NONE', *, *, #12753, .F. ) ;
#2956 = DIRECTION ( 'NONE',  ( 0.000000000000000000, 1.000000000000000000, -0.000000000000000000 ) ) ;
#2957 = STYLED_ITEM ( 'NONE', ( #1288 ), #1138 ) ;
#2958 = DIRECTION ( 'NONE',  ( 0.000000000000000000, -0.000000000000000000, -1.000000000000000000 ) ) ;
#2959 = FILL_AREA_STYLE ('',( #12726 ) ) ;
#2960 = ADVANCED_FACE ( 'NONE', ( #9502 ), #8482, .T. ) ;
#2961 = DIRECTION ( 'NONE',  ( -0.000000000000000000, -0.000000000000000000, 1.000000000000000000 ) ) ;
#2962 = ORIENTED_EDGE ( 'NONE', *, *, #7717, .T. ) ;
#2963 = COLOUR_RGB ( '',1.000000000000000000, 0.5019607843137254832, 0.5019607843137254832 ) ;
#2964 =( NAMED_UNIT ( * ) PLANE_ANGLE_UNIT ( ) SI_UNIT ( $, .RADIAN. ) );
#2965 =( NAMED_UNIT ( * ) PLANE_ANGLE_UNIT ( ) SI_UNIT ( $, .RADIAN. ) );
#2966 = VECTOR ( 'NONE', #9855, 1000.000000000000000 ) ;
#2967 = DIRECTION ( 'NONE',  ( 1.000000000000000000, 0.000000000000000000, 0.000000000000000000 ) ) ;
#2968 =( GEOMETRIC_REPRESENTATION_CONTEXT ( 3 ) GLOBAL_UNCERTAINTY_ASSIGNED_CONTEXT ( ( #33 ) ) GLOBAL_UNIT_ASSIGNED_CONTEXT ( ( #12046, #8067, #10287 ) ) REPRESENTATION_CONTEXT ( 'NONE', 'WORKASPACE' ) );
#2969 = AXIS2_PLACEMENT_3D ( 'NONE', #7907, #2035, #4885 ) ;
#2970 = ORIENTED_EDGE ( 'NONE', *, *, #8858, .T. ) ;
#2971 = CARTESIAN_POINT ( 'NONE',  ( 17.94999999999999929, -4.599999999999999645, -7.830000000000000071 ) ) ;
#2972 = EDGE_CURVE ( 'NONE', #10286, #10357, #10637, .T. ) ;
#2973 = ORIENTED_EDGE ( 'NONE', *, *, #3899, .T. ) ;
#2974 = CARTESIAN_POINT ( 'NONE',  ( 32.00000000000000000, 15.00000000000000000, -4.000000000000028422 ) ) ;
#2975 = LINE ( 'NONE', #1072, #1415 ) ;
#2976 = EDGE_CURVE ( 'NONE', #1197, #10286, #5771, .T. ) ;
#2977 = EDGE_CURVE ( 'NONE', #9691, #3796, #6400, .T. ) ;
#2978 = AXIS2_PLACEMENT_3D ( 'NONE', #12768, #2092, #1027 ) ;
#2979 = CARTESIAN_POINT ( 'NONE',  ( 14.94855866409554679, 5.698981658683065277, -10.00000000000000000 ) ) ;
#2980 = PRESENTATION_LAYER_ASSIGNMENT (  '', '', ( #8530 ) ) ;
#2981 = CARTESIAN_POINT ( 'NONE',  ( 18.94855866409553968, 1.730887774041955929, 0.000000000000000000 ) ) ;
#2982 = ORIENTED_EDGE ( 'NONE', *, *, #7866, .F. ) ;
#2983 = LINE ( 'NONE', #5693, #5649 ) ;
#2984 = EDGE_LOOP ( 'NONE', ( #4286, #4039, #5653, #3921 ) ) ;
#2985 = CYLINDRICAL_SURFACE ( 'NONE', #3226, 1.000000000000000888 ) ;
#2986 = CARTESIAN_POINT ( 'NONE',  ( 29.94855866409555034, 1.446110066005035942E-15, 0.000000000000000000 ) ) ;
#2987 = AXIS2_PLACEMENT_3D ( 'NONE', #6587, #2729, #10367 ) ;
#2988 = CARTESIAN_POINT ( 'NONE',  ( 29.62438863714460169, 14.84182919310037896, -0.01225122353436448701 ) ) ;
#2989 = VECTOR ( 'NONE', #12075, 1000.000000000000000 ) ;
#2990 = COLOUR_RGB ( '',0.8313725490196077761, 0.8392156862745098200, 0.8313725490196077761 ) ;
#2991 = UNCERTAINTY_MEASURE_WITH_UNIT (LENGTH_MEASURE( 1.000000000000000082E-05 ), #4569, 'distance_accuracy_value', 'NONE');
#2992 = DIRECTION ( 'NONE',  ( 1.000000000000000000, 1.204038460978368338E-16, -0.000000000000000000 ) ) ;
#2993 = DIRECTION ( 'NONE',  ( 0.000000000000000000, 1.000000000000000000, -0.000000000000000000 ) ) ;
#2994 = EDGE_CURVE ( 'NONE', #4470, #7091, #10577, .T. ) ;
#2995 = VERTEX_POINT ( 'NONE', #4804 ) ;
#2996 = VECTOR ( 'NONE', #6190, 1000.000000000000000 ) ;
#2997 = ORIENTED_EDGE ( 'NONE', *, *, #5794, .T. ) ;
#2998 = FACE_OUTER_BOUND ( 'NONE', #6688, .T. ) ;
#2999 = CARTESIAN_POINT ( 'NONE',  ( 2.950000000000000178, -5.000000000000000000, -7.429999999999998828 ) ) ;
#3000 = PRESENTATION_LAYER_ASSIGNMENT (  '', '', ( #3208 ) ) ;
#3001 = MECHANICAL_DESIGN_GEOMETRIC_PRESENTATION_REPRESENTATION (  '', ( #7723 ), #895 ) ;
#3002 = VECTOR ( 'NONE', #11819, 1000.000000000000000 ) ;
#3003 = VECTOR ( 'NONE', #2552, 1000.000000000000000 ) ;
#3004 = CARTESIAN_POINT ( 'NONE',  ( 23.03909090176839314, 0.9999999999999997780, -0.9999999999999997780 ) ) ;
#3005 = CARTESIAN_POINT ( 'NONE',  ( 13.03909090176839314, 0.000000000000000000, 0.5000000000000000000 ) ) ;
#3006 = CARTESIAN_POINT ( 'NONE',  ( 8.404608049195916308, 11.77659106982886428, -2.498455167896218576 ) ) ;
#3007 = DIRECTION ( 'NONE',  ( 0.000000000000000000, -0.000000000000000000, -1.000000000000000000 ) ) ;
#3008 = CARTESIAN_POINT ( 'NONE',  ( 0.8300000000000002931, 11.77659106982886783, -12.00000000000000000 ) ) ;
#3009 = EDGE_CURVE ( 'NONE', #11139, #8626, #11539, .T. ) ;
#3010 = VECTOR ( 'NONE', #10759, 1000.000000000000000 ) ;
#3011 = EDGE_CURVE ( 'NONE', #5288, #5268, #1766, .T. ) ;
#3012 =( NAMED_UNIT ( * ) SI_UNIT ( $, .STERADIAN. ) SOLID_ANGLE_UNIT ( ) );
#3013 = ORIENTED_EDGE ( 'NONE', *, *, #10853, .T. ) ;
#3014 = DIRECTION ( 'NONE',  ( 0.000000000000000000, 0.000000000000000000, 1.000000000000000000 ) ) ;
#3015 = DIRECTION ( 'NONE',  ( 0.000000000000000000, -1.000000000000000000, 0.000000000000000000 ) ) ;
#3016 = VERTEX_POINT ( 'NONE', #10390 ) ;
#3017 =( NAMED_UNIT ( * ) SI_UNIT ( $, .STERADIAN. ) SOLID_ANGLE_UNIT ( ) );
#3018 = FACE_BOUND ( 'NONE', #4276, .T. ) ;
#3019 = ORIENTED_EDGE ( 'NONE', *, *, #9276, .F. ) ;
#3020 = PRESENTATION_STYLE_ASSIGNMENT (( #5010 ) ) ;
#3021 = ORIENTED_EDGE ( 'NONE', *, *, #12535, .T. ) ;
#3022 = UNCERTAINTY_MEASURE_WITH_UNIT (LENGTH_MEASURE( 1.000000000000000082E-05 ), #11500, 'distance_accuracy_value', 'NONE');
#3023 =( NAMED_UNIT ( * ) PLANE_ANGLE_UNIT ( ) SI_UNIT ( $, .RADIAN. ) );
#3024 = ORIENTED_EDGE ( 'NONE', *, *, #642, .T. ) ;
#3025 = SURFACE_SIDE_STYLE ('',( #11109 ) ) ;
#3026 = SURFACE_STYLE_USAGE ( .BOTH. , #11825 ) ;
#3027 = DIRECTION ( 'NONE',  ( 0.000000000000000000, 0.000000000000000000, -1.000000000000000000 ) ) ;
#3028 = EDGE_CURVE ( 'NONE', #8953, #2153, #9624, .T. ) ;
#3029 = VERTEX_POINT ( 'NONE', #7773 ) ;
#3030 = DIRECTION ( 'NONE',  ( 0.000000000000000000, 0.000000000000000000, 1.000000000000000000 ) ) ;
#3031 = MECHANICAL_DESIGN_GEOMETRIC_PRESENTATION_REPRESENTATION (  '', ( #11030 ), #8779 ) ;
#3032 = VERTEX_POINT ( 'NONE', #11674 ) ;
#3033 = DIRECTION ( 'NONE',  ( 5.749368466564568157E-17, 0.8829475928589225475, -0.4694715627858989104 ) ) ;
#3034 = PRESENTATION_STYLE_ASSIGNMENT (( #1991 ) ) ;
#3035 = ORIENTED_EDGE ( 'NONE', *, *, #9649, .F. ) ;
#3036 = DIRECTION ( 'NONE',  ( -0.000000000000000000, 0.000000000000000000, 1.000000000000000000 ) ) ;
#3037 = VERTEX_POINT ( 'NONE', #7703 ) ;
#3038 = PLANE ( 'NONE',  #9748 ) ;
#3039 = UNCERTAINTY_MEASURE_WITH_UNIT (LENGTH_MEASURE( 1.000000000000000082E-05 ), #1340, 'distance_accuracy_value', 'NONE');
#3040 = CARTESIAN_POINT ( 'NONE',  ( 26.31781992623545818, 14.70498544938100416, 2.168404344971008621E-16 ) ) ;
#3041 = CARTESIAN_POINT ( 'NONE',  ( 10.00000000000000000, -3.659182332138577465E-16, 0.5000000000000000000 ) ) ;
#3042 = ADVANCED_FACE ( 'NONE', ( #3966 ), #4687, .T. ) ;
#3043 = VERTEX_POINT ( 'NONE', #1825 ) ;
#3044 = DIRECTION ( 'NONE',  ( 0.000000000000000000, -0.000000000000000000, -1.000000000000000000 ) ) ;
#3045 = FILL_AREA_STYLE_COLOUR ( '', #11298 ) ;
#3046 = CARTESIAN_POINT ( 'NONE',  ( 21.11102440240295408, 15.00000000000000000, -0.2210415980608903541 ) ) ;
#3047 = DIRECTION ( 'NONE',  ( -0.000000000000000000, 0.000000000000000000, 1.000000000000000000 ) ) ;
#3048 =( NAMED_UNIT ( * ) SI_UNIT ( $, .STERADIAN. ) SOLID_ANGLE_UNIT ( ) );
#3049 = ORIENTED_EDGE ( 'NONE', *, *, #9203, .F. ) ;
#3050 = EDGE_CURVE ( 'NONE', #10687, #1140, #765, .T. ) ;
#3051 = CARTESIAN_POINT ( 'NONE',  ( 4.830000000000001847, 12.20709392125342596, -1.676461860280853200 ) ) ;
#3052 = DIRECTION ( 'NONE',  ( 0.000000000000000000, 0.000000000000000000, -1.000000000000000000 ) ) ;
#3053 = EDGE_CURVE ( 'NONE', #4062, #6103, #12501, .T. ) ;
#3054 = ADVANCED_FACE ( 'NONE', ( #2869 ), #3720, .F. ) ;
#3055 = FACE_OUTER_BOUND ( 'NONE', #1324, .T. ) ;
#3056 = ORIENTED_EDGE ( 'NONE', *, *, #10667, .T. ) ;
#3057 = DIRECTION ( 'NONE',  ( 0.000000000000000000, 1.000000000000000000, 0.000000000000000000 ) ) ;
#3058 = FACE_OUTER_BOUND ( 'NONE', #11503, .T. ) ;
#3059 = ORIENTED_EDGE ( 'NONE', *, *, #2741, .F. ) ;
#3060 = EDGE_LOOP ( 'NONE', ( #7761, #4396, #12572, #11828 ) ) ;
#3061 = VECTOR ( 'NONE', #9325, 1000.000000000000000 ) ;
#3062 = SURFACE_STYLE_USAGE ( .BOTH. , #7966 ) ;
#3063 = EDGE_LOOP ( 'NONE', ( #11714, #1066, #928, #15 ) ) ;
#3064 = CARTESIAN_POINT ( 'NONE',  ( 7.950000000000000178, -5.000000000000000000, -7.429999999999998828 ) ) ;
#3065 = ADVANCED_FACE ( 'NONE', ( #12564 ), #2813, .F. ) ;
#3066 = SURFACE_STYLE_FILL_AREA ( #11798 ) ;
#3067 = CYLINDRICAL_SURFACE ( 'NONE', #4864, 1.000000000000000888 ) ;
#3068 = VECTOR ( 'NONE', #5837, 1000.000000000000000 ) ;
#3069 = CARTESIAN_POINT ( 'NONE',  ( 13.94855866409554856, 5.698981658683065277, -10.00000000000000000 ) ) ;
#3070 = CARTESIAN_POINT ( 'NONE',  ( 4.830000000000001847, 12.77659106982886783, -0.6805538183541350872 ) ) ;
#3071 = DIRECTION ( 'NONE',  ( -0.000000000000000000, -0.000000000000000000, 1.000000000000000000 ) ) ;
#3072 = CARTESIAN_POINT ( 'NONE',  ( 32.00000000000000000, 1.000000000000007105, -18.00000000000000355 ) ) ;
#3073 = ORIENTED_EDGE ( 'NONE', *, *, #11766, .F. ) ;
#3074 = CIRCLE ( 'NONE', #9446, 0.4000000000000010214 ) ;
#3075 = ORIENTED_EDGE ( 'NONE', *, *, #7624, .F. ) ;
#3076 = DIRECTION ( 'NONE',  ( 0.000000000000000000, -1.000000000000000000, 0.000000000000000000 ) ) ;
#3077 = VERTEX_POINT ( 'NONE', #7642 ) ;
#3078 = CARTESIAN_POINT ( 'NONE',  ( 20.00000000000000000, 0.7437402936630139738, 0.5000000000000000000 ) ) ;
#3079 = ORIENTED_EDGE ( 'NONE', *, *, #2290, .T. ) ;
#3080 = DIRECTION ( 'NONE',  ( -0.000000000000000000, -0.000000000000000000, 1.000000000000000000 ) ) ;
#3081 = EDGE_CURVE ( 'NONE', #8056, #3918, #5576, .T. ) ;
#3082 = EDGE_CURVE ( 'NONE', #7798, #403, #2744, .T. ) ;
#3083 =( GEOMETRIC_REPRESENTATION_CONTEXT ( 3 ) GLOBAL_UNCERTAINTY_ASSIGNED_CONTEXT ( ( #12585 ) ) GLOBAL_UNIT_ASSIGNED_CONTEXT ( ( #256, #2231, #10071 ) ) REPRESENTATION_CONTEXT ( 'NONE', 'WORKASPACE' ) );
#3084 = VERTEX_POINT ( 'NONE', #10698 ) ;
#3085 =( NAMED_UNIT ( * ) SI_UNIT ( $, .STERADIAN. ) SOLID_ANGLE_UNIT ( ) );
#3086 = CARTESIAN_POINT ( 'NONE',  ( 0.000000000000000000, 0.9999999999999997780, -0.9999999999999997780 ) ) ;
#3087 = FACE_OUTER_BOUND ( 'NONE', #5998, .T. ) ;
#3088 = ORIENTED_EDGE ( 'NONE', *, *, #7618, .T. ) ;
#3089 = PLANE ( 'NONE',  #9226 ) ;
#3090 = ORIENTED_EDGE ( 'NONE', *, *, #2225, .T. ) ;
#3091 = CARTESIAN_POINT ( 'NONE',  ( 13.40460804919591631, 14.99999999999999645, -11.00000000000000178 ) ) ;
#3092 = DIRECTION ( 'NONE',  ( -2.026546116795335870E-16, 1.000000000000000000, -0.000000000000000000 ) ) ;
#3093 = PRESENTATION_LAYER_ASSIGNMENT (  '', '', ( #8443 ) ) ;
#3094 = VERTEX_POINT ( 'NONE', #6672 ) ;
#3095 = ORIENTED_EDGE ( 'NONE', *, *, #5175, .T. ) ;
#3096 = AXIS2_PLACEMENT_3D ( 'NONE', #5908, #7837, #9808 ) ;
#3097 = EDGE_CURVE ( 'NONE', #5288, #8878, #8490, .T. ) ;
#3098 = CARTESIAN_POINT ( 'NONE',  ( 27.95000000000000284, 0.000000000000000000, -15.62999999999999723 ) ) ;
#3099 = CARTESIAN_POINT ( 'NONE',  ( 2.950000000000000178, -5.000000000000000000, -15.44268377266459424 ) ) ;
#3100 = CIRCLE ( 'NONE', #2060, 0.1873162273354038454 ) ;
#3101 = VERTEX_POINT ( 'NONE', #3853 ) ;
#3102 = ORIENTED_EDGE ( 'NONE', *, *, #9113, .T. ) ;
#3103 = DIRECTION ( 'NONE',  ( -0.000000000000000000, -0.000000000000000000, 1.000000000000000000 ) ) ;
#3104 = VECTOR ( 'NONE', #5829, 1000.000000000000000 ) ;
#3105 = VECTOR ( 'NONE', #463, 1000.000000000000000 ) ;
#3106 = ORIENTED_EDGE ( 'NONE', *, *, #12058, .F. ) ;
#3107 = VECTOR ( 'NONE', #5778, 1000.000000000000000 ) ;
#3108 = CARTESIAN_POINT ( 'NONE',  ( 25.00000000000000000, 1.730887774041955929, -10.00000000000000000 ) ) ;
#3109 = DIRECTION ( 'NONE',  ( 0.000000000000000000, -0.000000000000000000, -1.000000000000000000 ) ) ;
#3110 = CARTESIAN_POINT ( 'NONE',  ( -7.959928164885467590E-17, 0.7437402936630139738, -21.62877342318509477 ) ) ;
#3111 = ORIENTED_EDGE ( 'NONE', *, *, #8593, .F. ) ;
#3112 = DIRECTION ( 'NONE',  ( 1.000000000000000000, 2.026546116795335870E-16, -0.000000000000000000 ) ) ;
#3113 = DIRECTION ( 'NONE',  ( 0.000000000000000000, 0.000000000000000000, -1.000000000000000000 ) ) ;
#3114 = CARTESIAN_POINT ( 'NONE',  ( 32.00000000000000000, 0.000000000000000000, -1.000000000000007105 ) ) ;
#3115 = VERTEX_POINT ( 'NONE', #7834 ) ;
#3116 = MECHANICAL_DESIGN_GEOMETRIC_PRESENTATION_REPRESENTATION (  '', ( #1445 ), #4759 ) ;
#3117 = CARTESIAN_POINT ( 'NONE',  ( 14.83000000000000362, 12.77659106982886783, -0.6805538183541350872 ) ) ;
#3118 = FACE_OUTER_BOUND ( 'NONE', #3509, .T. ) ;
#3119 = ORIENTED_EDGE ( 'NONE', *, *, #2128, .F. ) ;
#3120 = ORIENTED_EDGE ( 'NONE', *, *, #12625, .T. ) ;
#3121 = STYLED_ITEM ( 'NONE', ( #11057 ), #6493 ) ;
#3122 = VERTEX_POINT ( 'NONE', #11735 ) ;
#3123 = CIRCLE ( 'NONE', #8267, 1.000000000000000888 ) ;
#3124 = DIRECTION ( 'NONE',  ( 0.000000000000000000, 0.000000000000000000, 1.000000000000000000 ) ) ;
#3125 = FACE_OUTER_BOUND ( 'NONE', #8383, .T. ) ;
#3126 = ADVANCED_FACE ( 'NONE', ( #960 ), #2937, .T. ) ;
#3127 = DIRECTION ( 'NONE',  ( 0.000000000000000000, 1.000000000000000000, 0.000000000000000000 ) ) ;
#3128 = LINE ( 'NONE', #7195, #8337 ) ;
#3129 = AXIS2_PLACEMENT_3D ( 'NONE', #11086, #12065, #240 ) ;
#3130 = CARTESIAN_POINT ( 'NONE',  ( 16.31781992623545818, 14.70498544938100416, 2.168404344971008621E-16 ) ) ;
#3131 = CARTESIAN_POINT ( 'NONE',  ( 1.317819926235457295, 14.70498544938100416, 2.168404344971008621E-16 ) ) ;
#3132 = DIRECTION ( 'NONE',  ( 0.000000000000000000, -1.000000000000000000, 0.000000000000000000 ) ) ;
#3133 = DIRECTION ( 'NONE',  ( 0.000000000000000000, 0.000000000000000000, -1.000000000000000000 ) ) ;
#3134 = ORIENTED_EDGE ( 'NONE', *, *, #4975, .T. ) ;
#3135 = CARTESIAN_POINT ( 'NONE',  ( 19.83000000000000185, 11.77659106982886783, -2.498455167896218576 ) ) ;
#3136 = DIRECTION ( 'NONE',  ( -1.000000000000000000, -2.026546116795335870E-16, 0.000000000000000000 ) ) ;
#3137 = VECTOR ( 'NONE', #5934, 1000.000000000000000 ) ;
#3138 = CARTESIAN_POINT ( 'NONE',  ( 4.629835937415865743, 14.60711963188013129, -0.01366511236712726618 ) ) ;
#3139 = PLANE ( 'NONE',  #3442 ) ;
#3140 = EDGE_CURVE ( 'NONE', #1371, #8286, #7973, .T. ) ;
#3141 = PRESENTATION_STYLE_ASSIGNMENT (( #10975 ) ) ;
#3142 = ORIENTED_EDGE ( 'NONE', *, *, #1880, .F. ) ;
#3143 = CARTESIAN_POINT ( 'NONE',  ( 3.568332036170903887, 9.742953882361238271, 0.000000000000000000 ) ) ;
#3144 = EDGE_LOOP ( 'NONE', ( #5428, #10642, #7662, #3056 ) ) ;
#3145 = CARTESIAN_POINT ( 'NONE',  ( 12.94999999999999929, -4.599999999999999645, -16.02999999999999758 ) ) ;
#3146 = ORIENTED_EDGE ( 'NONE', *, *, #7234, .T. ) ;
#3147 =( NAMED_UNIT ( * ) PLANE_ANGLE_UNIT ( ) SI_UNIT ( $, .RADIAN. ) );
#3148 = SURFACE_SIDE_STYLE ('',( #2373 ) ) ;
#3149 = ORIENTED_EDGE ( 'NONE', *, *, #3472, .T. ) ;
#3150 = CARTESIAN_POINT ( 'NONE',  ( 3.039090901768394026, 0.000000000000000000, -16.49999999999999289 ) ) ;
#3151 = ADVANCED_FACE ( 'NONE', ( #10900 ), #10840, .T. ) ;
#3152 = ORIENTED_EDGE ( 'NONE', *, *, #9640, .T. ) ;
#3153 = EDGE_CURVE ( 'NONE', #660, #10895, #5075, .T. ) ;
#3154 = LINE ( 'NONE', #7096, #10347 ) ;
#3155 = CARTESIAN_POINT ( 'NONE',  ( 8.404608049195916308, 14.99999999999999645, -11.00000000000000178 ) ) ;
#3156 = ORIENTED_EDGE ( 'NONE', *, *, #7233, .T. ) ;
#3157 = ORIENTED_EDGE ( 'NONE', *, *, #5856, .T. ) ;
#3158 = FILL_AREA_STYLE ('',( #7027 ) ) ;
#3159 = SURFACE_STYLE_USAGE ( .BOTH. , #6708 ) ;
#3160 = CARTESIAN_POINT ( 'NONE',  ( 30.03000000000000114, 11.77659106982886783, -1.974724807276291516 ) ) ;
#3161 = VERTEX_POINT ( 'NONE', #5003 ) ;
#3162 = CARTESIAN_POINT ( 'NONE',  ( 22.95000000000000284, -5.000000000000000000, -15.62999999999999723 ) ) ;
#3163 = ORIENTED_EDGE ( 'NONE', *, *, #1921, .F. ) ;
#3164 =( NAMED_UNIT ( * ) PLANE_ANGLE_UNIT ( ) SI_UNIT ( $, .RADIAN. ) );
#3165 = ADVANCED_FACE ( 'NONE', ( #64 ), #12074, .T. ) ;
#3166 = EDGE_CURVE ( 'NONE', #6833, #12608, #2287, .T. ) ;
#3167 = ORIENTED_EDGE ( 'NONE', *, *, #1990, .T. ) ;
#3168 = DIRECTION ( 'NONE',  ( 0.000000000000000000, 0.000000000000000000, 1.000000000000000000 ) ) ;
#3169 = CARTESIAN_POINT ( 'NONE',  ( 16.23561760880625116, 14.84182210956595327, -0.01224815792354574072 ) ) ;
#3170 = STYLED_ITEM ( 'NONE', ( #3312 ), #5453 ) ;
#3171 = ORIENTED_EDGE ( 'NONE', *, *, #2020, .F. ) ;
#3172 = SURFACE_STYLE_FILL_AREA ( #9842 ) ;
#3173 =( NAMED_UNIT ( * ) SI_UNIT ( $, .STERADIAN. ) SOLID_ANGLE_UNIT ( ) );
#3174 = AXIS2_PLACEMENT_3D ( 'NONE', #9046, #6399, #11141 ) ;
#3175 = CARTESIAN_POINT ( 'NONE',  ( 10.56768843574306516, 7.363962665405081154, 0.000000000000000000 ) ) ;
#3176 = FACE_OUTER_BOUND ( 'NONE', #8242, .T. ) ;
#3177 = UNCERTAINTY_MEASURE_WITH_UNIT (LENGTH_MEASURE( 1.000000000000000082E-05 ), #7116, 'distance_accuracy_value', 'NONE');
#3178 = VECTOR ( 'NONE', #5109, 1000.000000000000000 ) ;
#3179 = ORIENTED_EDGE ( 'NONE', *, *, #6137, .F. ) ;
#3180 = CYLINDRICAL_SURFACE ( 'NONE', #10415, 0.2500000000000002220 ) ;
#3181 =( GEOMETRIC_REPRESENTATION_CONTEXT ( 3 ) GLOBAL_UNCERTAINTY_ASSIGNED_CONTEXT ( ( #1586 ) ) GLOBAL_UNIT_ASSIGNED_CONTEXT ( ( #9826, #7024, #9395 ) ) REPRESENTATION_CONTEXT ( 'NONE', 'WORKASPACE' ) );
#3182 = AXIS2_PLACEMENT_3D ( 'NONE', #7487, #623, #1470 ) ;
#3183 = VECTOR ( 'NONE', #1640, 1000.000000000000000 ) ;
#3184 = DIRECTION ( 'NONE',  ( 0.000000000000000000, 1.000000000000000000, 0.000000000000000000 ) ) ;
#3185 = VERTEX_POINT ( 'NONE', #10130 ) ;
#3186 = PLANE ( 'NONE',  #394 ) ;
#3187 = AXIS2_PLACEMENT_3D ( 'NONE', #12060, #4715, #11399 ) ;
#3188 = ORIENTED_EDGE ( 'NONE', *, *, #458, .T. ) ;
#3189 = AXIS2_PLACEMENT_3D ( 'NONE', #1259, #5214, #12149 ) ;
#3190 = EDGE_CURVE ( 'NONE', #11139, #12393, #6097, .T. ) ;
#3191 = ORIENTED_EDGE ( 'NONE', *, *, #9658, .F. ) ;
#3192 = UNCERTAINTY_MEASURE_WITH_UNIT (LENGTH_MEASURE( 1.000000000000000082E-05 ), #6450, 'distance_accuracy_value', 'NONE');
#3193 = AXIS2_PLACEMENT_3D ( 'NONE', #709, #1684, #7588 ) ;
#3194 = VECTOR ( 'NONE', #4907, 1000.000000000000000 ) ;
#3195 = VECTOR ( 'NONE', #8915, 1000.000000000000000 ) ;
#3196 = CARTESIAN_POINT ( 'NONE',  ( 9.730669039618648597, 14.45765201367955122, -0.1172199486182104178 ) ) ;
#3197 = DIRECTION ( 'NONE',  ( -1.000000000000000000, 0.000000000000000000, 0.000000000000000000 ) ) ;
#3198 = FILL_AREA_STYLE_COLOUR ( '', #5866 ) ;
#3199 = DIRECTION ( 'NONE',  ( 1.000000000000000000, 0.000000000000000000, 0.000000000000000000 ) ) ;
#3200 = STYLED_ITEM ( 'NONE', ( #7684 ), #8363 ) ;
#3201 = VECTOR ( 'NONE', #3071, 1000.000000000000000 ) ;
#3202 = AXIS2_PLACEMENT_3D ( 'NONE', #11506, #855, #5740 ) ;
#3203 = CARTESIAN_POINT ( 'NONE',  ( 13.40460804919591631, 14.70498544938100061, 4.285806796896921512E-17 ) ) ;
#3204 = VECTOR ( 'NONE', #2124, 1000.000000000000000 ) ;
#3205 = AXIS2_PLACEMENT_3D ( 'NONE', #6349, #4400, #11921 ) ;
#3206 = LINE ( 'NONE', #8921, #431 ) ;
#3207 = CARTESIAN_POINT ( 'NONE',  ( 7.067688435743064268, 9.242953882361238271, -10.00000000000000000 ) ) ;
#3208 = STYLED_ITEM ( 'NONE', ( #5162 ), #8514 ) ;
#3209 = DIRECTION ( 'NONE',  ( 0.000000000000000000, -0.000000000000000000, -1.000000000000000000 ) ) ;
#3210 = COLOUR_RGB ( '',0.8313725490196077761, 0.8392156862745098200, 0.8313725490196077761 ) ;
#3211 = LINE ( 'NONE', #10208, #8525 ) ;
#3212 = AXIS2_PLACEMENT_3D ( 'NONE', #6158, #132, #3015 ) ;
#3213 = ORIENTED_EDGE ( 'NONE', *, *, #983, .T. ) ;
#3214 = COLOUR_RGB ( '',1.000000000000000000, 0.5019607843137254832, 0.5019607843137254832 ) ;
#3215 = CARTESIAN_POINT ( 'NONE',  ( 6.675767064385880190, 2.730887774041955929, -10.00000000000000000 ) ) ;
#3216 = FACE_OUTER_BOUND ( 'NONE', #1310, .T. ) ;
#3217 = CARTESIAN_POINT ( 'NONE',  ( 17.06768843574306871, 9.742953882361238271, -10.00000000000000000 ) ) ;
#3218 = EDGE_CURVE ( 'NONE', #9384, #3725, #3752, .T. ) ;
#3219 = CARTESIAN_POINT ( 'NONE',  ( 16.02999999999999758, 14.99999999999999822, -0.6805538183541244290 ) ) ;
#3220 = ORIENTED_EDGE ( 'NONE', *, *, #5899, .T. ) ;
#3221 = AXIS2_PLACEMENT_3D ( 'NONE', #12337, #5297, #3441 ) ;
#3222 = CIRCLE ( 'NONE', #1342, 4.000000000000000000 ) ;
#3223 = FILL_AREA_STYLE_COLOUR ( '', #5465 ) ;
#3224 = EDGE_CURVE ( 'NONE', #2833, #10373, #1236, .T. ) ;
#3225 = CYLINDRICAL_SURFACE ( 'NONE', #9532, 0.4000000000000001887 ) ;
#3226 = AXIS2_PLACEMENT_3D ( 'NONE', #2855, #2071, #3761 ) ;
#3227 = EDGE_CURVE ( 'NONE', #3693, #9662, #3206, .T. ) ;
#3228 = STYLED_ITEM ( 'NONE', ( #7990 ), #12379 ) ;
#3229 =( NAMED_UNIT ( * ) SI_UNIT ( $, .STERADIAN. ) SOLID_ANGLE_UNIT ( ) );
#3230 = ORIENTED_EDGE ( 'NONE', *, *, #12097, .T. ) ;
#3231 = PRESENTATION_LAYER_ASSIGNMENT (  '', '', ( #9180 ) ) ;
#3232 = CARTESIAN_POINT ( 'NONE',  ( 21.67576706438588019, 2.730887774041955929, -10.00000000000000000 ) ) ;
#3233 = VERTEX_POINT ( 'NONE', #10011 ) ;
#3234 = DIRECTION ( 'NONE',  ( 0.000000000000000000, -0.000000000000000000, -1.000000000000000000 ) ) ;
#3235 = CARTESIAN_POINT ( 'NONE',  ( 22.95000000000000284, -5.000000000000000000, -7.429999999999998828 ) ) ;
#3236 = VERTEX_POINT ( 'NONE', #4040 ) ;
#3237 = DIRECTION ( 'NONE',  ( -0.000000000000000000, -0.000000000000000000, 1.000000000000000000 ) ) ;
#3238 = CARTESIAN_POINT ( 'NONE',  ( -1.595391950804084580, 14.74999999999999467, 3.631860520018880910E-17 ) ) ;
#3239 = EDGE_CURVE ( 'NONE', #393, #1843, #5194, .T. ) ;
#3240 =( NAMED_UNIT ( * ) SI_UNIT ( $, .STERADIAN. ) SOLID_ANGLE_UNIT ( ) );
#3241 = VECTOR ( 'NONE', #4602, 1000.000000000000000 ) ;
#3242 =( BOUNDED_CURVE ( )  B_SPLINE_CURVE ( 3, ( #12488, #3706, #11351, #816 ),
 .UNSPECIFIED., .F., .T. ) 
 B_SPLINE_CURVE_WITH_KNOTS ( ( 4, 4 ),
 ( 4.366621810783945179, 4.712388980384693227 ),
 .UNSPECIFIED. ) 
 CURVE ( )  GEOMETRIC_REPRESENTATION_ITEM ( )  RATIONAL_B_SPLINE_CURVE ( ( 1.000000000000000000, 0.9900618788928984282, 0.9900618788928984282, 1.000000000000000000 ) ) 
 REPRESENTATION_ITEM ( '' )  );
#3243 = ORIENTED_EDGE ( 'NONE', *, *, #1214, .F. ) ;
#3244 = CARTESIAN_POINT ( 'NONE',  ( 2.950000000000000178, -5.000000000000000000, -7.429999999999998828 ) ) ;
#3245 = DIRECTION ( 'NONE',  ( 0.000000000000000000, -1.000000000000000000, 0.000000000000000000 ) ) ;
#3246 = SURFACE_SIDE_STYLE ('',( #12052 ) ) ;
#3247 = VERTEX_POINT ( 'NONE', #6935 ) ;
#3248 = PLANE ( 'NONE',  #2605 ) ;
#3249 = EDGE_CURVE ( 'NONE', #8720, #12455, #11768, .T. ) ;
#3250 = ADVANCED_FACE ( 'NONE', ( #6025 ), #1169, .F. ) ;
#3251 = FACE_OUTER_BOUND ( 'NONE', #9410, .T. ) ;
#3252 = DIRECTION ( 'NONE',  ( 0.000000000000000000, -1.000000000000000000, 0.000000000000000000 ) ) ;
#3253 = EDGE_LOOP ( 'NONE', ( #9603, #2286, #720, #2591 ) ) ;
#3254 = ORIENTED_EDGE ( 'NONE', *, *, #201, .F. ) ;
#3255 = ORIENTED_EDGE ( 'NONE', *, *, #8578, .T. ) ;
#3256 = FACE_OUTER_BOUND ( 'NONE', #10662, .T. ) ;
#3257 = DIRECTION ( 'NONE',  ( 1.000000000000000000, 0.000000000000000000, 0.000000000000000000 ) ) ;
#3258 = PRESENTATION_STYLE_ASSIGNMENT (( #2221 ) ) ;
#3259 = ORIENTED_EDGE ( 'NONE', *, *, #2630, .T. ) ;
#3260 = EDGE_LOOP ( 'NONE', ( #8002, #7614, #8830, #11562, #7785, #1785 ) ) ;
#3261 = FACE_OUTER_BOUND ( 'NONE', #12059, .T. ) ;
#3262 = EDGE_CURVE ( 'NONE', #924, #10700, #6404, .T. ) ;
#3263 = DIRECTION ( 'NONE',  ( 0.000000000000000000, 0.000000000000000000, 1.000000000000000000 ) ) ;
#3264 =( NAMED_UNIT ( * ) SI_UNIT ( $, .STERADIAN. ) SOLID_ANGLE_UNIT ( ) );
#3265 = VECTOR ( 'NONE', #4293, 1000.000000000000000 ) ;
#3266 = CIRCLE ( 'NONE', #949, 1.000000000000000888 ) ;
#3267 = CARTESIAN_POINT ( 'NONE',  ( 2.950000000000000178, 0.000000000000000000, -7.429999999999998828 ) ) ;
#3268 = EDGE_LOOP ( 'NONE', ( #101, #1511 ) ) ;
#3269 = VECTOR ( 'NONE', #3835, 1000.000000000000000 ) ;
#3270 = DIRECTION ( 'NONE',  ( 0.000000000000000000, -0.000000000000000000, -1.000000000000000000 ) ) ;
#3271 = CARTESIAN_POINT ( 'NONE',  ( 20.00000000000000000, -3.659182332138577465E-16, 0.5000000000000000000 ) ) ;
#3272 = CARTESIAN_POINT ( 'NONE',  ( 15.00000000000000000, 0.9999999999999997780, -0.9999999999999997780 ) ) ;
#3273 = PLANE ( 'NONE',  #7111 ) ;
#3274 = ORIENTED_EDGE ( 'NONE', *, *, #4097, .F. ) ;
#3275 = CARTESIAN_POINT ( 'NONE',  ( 15.00000000000000000, 11.77659106982886783, -12.00000000000000000 ) ) ;
#3276 = DIRECTION ( 'NONE',  ( -0.000000000000000000, 0.000000000000000000, 1.000000000000000000 ) ) ;
#3277 = DIRECTION ( 'NONE',  ( 0.000000000000000000, -1.000000000000000000, 8.673617379884027583E-16 ) ) ;
#3278 = PRESENTATION_STYLE_ASSIGNMENT (( #5151 ) ) ;
#3279 = CARTESIAN_POINT ( 'NONE',  ( 26.11102440240295053, 15.00000000000000000, -0.2210415980608899378 ) ) ;
#3280 = DIRECTION ( 'NONE',  ( -1.000000000000000000, 0.000000000000000000, 0.000000000000000000 ) ) ;
#3281 = ORIENTED_EDGE ( 'NONE', *, *, #1045, .F. ) ;
#3282 = VECTOR ( 'NONE', #4879, 1000.000000000000000 ) ;
#3283 = SURFACE_SIDE_STYLE ('',( #6237 ) ) ;
#3284 = EDGE_LOOP ( 'NONE', ( #1792, #9961, #11865, #848 ) ) ;
#3285 = DIRECTION ( 'NONE',  ( -1.000000000000000000, -1.013273058397667935E-16, -0.000000000000000000 ) ) ;
#3286 = ORIENTED_EDGE ( 'NONE', *, *, #9797, .F. ) ;
#3287 = CARTESIAN_POINT ( 'NONE',  ( -11.59539195080408547, 14.70498544938100061, 4.285806796896921512E-17 ) ) ;
#3288 =( NAMED_UNIT ( * ) PLANE_ANGLE_UNIT ( ) SI_UNIT ( $, .RADIAN. ) );
#3289 = VECTOR ( 'NONE', #7944, 1000.000000000000227 ) ;
#3290 = ADVANCED_FACE ( 'NONE', ( #6290 ), #586, .T. ) ;
#3291 = ORIENTED_EDGE ( 'NONE', *, *, #4548, .T. ) ;
#3292 = SURFACE_SIDE_STYLE ('',( #11188 ) ) ;
#3293 = EDGE_CURVE ( 'NONE', #7512, #1388, #7508, .T. ) ;
#3294 = DIRECTION ( 'NONE',  ( 0.000000000000000000, 0.000000000000000000, 1.000000000000000000 ) ) ;
#3295 = ORIENTED_EDGE ( 'NONE', *, *, #8040, .T. ) ;
#3296 = CARTESIAN_POINT ( 'NONE',  ( 11.56768843574306516, 0.000000000000000000, 0.000000000000000000 ) ) ;
#3297 = CYLINDRICAL_SURFACE ( 'NONE', #12141, 1.000000000000000888 ) ;
#3298 = AXIS2_PLACEMENT_3D ( 'NONE', #5110, #1202, #3685 ) ;
#3299 = ORIENTED_EDGE ( 'NONE', *, *, #4955, .T. ) ;
#3300 = FACE_OUTER_BOUND ( 'NONE', #3867, .T. ) ;
#3301 = FILL_AREA_STYLE_COLOUR ( '', #12318 ) ;
#3302 = EDGE_CURVE ( 'NONE', #8559, #3918, #11155, .T. ) ;
#3303 = ORIENTED_EDGE ( 'NONE', *, *, #6536, .F. ) ;
#3304 = VERTEX_POINT ( 'NONE', #12306 ) ;
#3305 = DIRECTION ( 'NONE',  ( -0.000000000000000000, 1.000000000000000000, -0.000000000000000000 ) ) ;
#3306 = EDGE_CURVE ( 'NONE', #10798, #4637, #1613, .T. ) ;
#3307 = SURFACE_STYLE_USAGE ( .BOTH. , #8198 ) ;
#3308 = STYLED_ITEM ( 'NONE', ( #9482 ), #4251 ) ;
#3309 = UNCERTAINTY_MEASURE_WITH_UNIT (LENGTH_MEASURE( 1.000000000000000082E-05 ), #11478, 'distance_accuracy_value', 'NONE');
#3310 = CIRCLE ( 'NONE', #8642, 0.9999999999999995559 ) ;
#3311 = ORIENTED_EDGE ( 'NONE', *, *, #2008, .F. ) ;
#3312 = PRESENTATION_STYLE_ASSIGNMENT (( #3383 ) ) ;
#3313 = ORIENTED_EDGE ( 'NONE', *, *, #4884, .T. ) ;
#3314 = CIRCLE ( 'NONE', #12344, 0.9999999999999991118 ) ;
#3315 = DIRECTION ( 'NONE',  ( -1.000000000000000000, 0.000000000000000000, -0.000000000000000000 ) ) ;
#3316 = ORIENTED_EDGE ( 'NONE', *, *, #6380, .T. ) ;
#3317 = ORIENTED_EDGE ( 'NONE', *, *, #2977, .F. ) ;
#3318 = COLOUR_RGB ( '',1.000000000000000000, 0.5019607843137254832, 0.5019607843137254832 ) ;
#3319 = ORIENTED_EDGE ( 'NONE', *, *, #9562, .T. ) ;
#3320 = LINE ( 'NONE', #9234, #1904 ) ;
#3321 = EDGE_CURVE ( 'NONE', #7334, #1790, #9484, .T. ) ;
#3322 = ADVANCED_FACE ( 'NONE', ( #637 ), #7438, .T. ) ;
#3323 = CARTESIAN_POINT ( 'NONE',  ( 5.000000000000000888, 0.7437402936630139738, -17.46660796753807432 ) ) ;
#3324 = AXIS2_PLACEMENT_3D ( 'NONE', #3244, #106, #10103 ) ;
#3325 = CIRCLE ( 'NONE', #12139, 1.000000000000000888 ) ;
#3326 = EDGE_CURVE ( 'NONE', #4153, #2324, #3526, .T. ) ;
#3327 = ORIENTED_EDGE ( 'NONE', *, *, #6451, .T. ) ;
#3328 = DIRECTION ( 'NONE',  ( 1.000000000000000000, 0.000000000000000000, 0.000000000000000000 ) ) ;
#3329 = VECTOR ( 'NONE', #9681, 1000.000000000000000 ) ;
#3330 = DIRECTION ( 'NONE',  ( -0.000000000000000000, -0.000000000000000000, 1.000000000000000000 ) ) ;
#3331 = VECTOR ( 'NONE', #1913, 1000.000000000000000 ) ;
#3332 = EDGE_LOOP ( 'NONE', ( #1616, #8952, #1110, #5749 ) ) ;
#3333 =( GEOMETRIC_REPRESENTATION_CONTEXT ( 3 ) GLOBAL_UNCERTAINTY_ASSIGNED_CONTEXT ( ( #8091 ) ) GLOBAL_UNIT_ASSIGNED_CONTEXT ( ( #2252, #2964, #6053 ) ) REPRESENTATION_CONTEXT ( 'NONE', 'WORKASPACE' ) );
#3334 = ORIENTED_EDGE ( 'NONE', *, *, #4749, .T. ) ;
#3335 = CARTESIAN_POINT ( 'NONE',  ( 5.675767064385880190, 0.000000000000000000, -10.00000000000000000 ) ) ;
#3336 = DIRECTION ( 'NONE',  ( 0.000000000000000000, -1.000000000000000000, -0.000000000000000000 ) ) ;
#3337 = VECTOR ( 'NONE', #2619, 1000.000000000000000 ) ;
#3338 = EDGE_LOOP ( 'NONE', ( #12020, #4054 ) ) ;
#3339 = EDGE_LOOP ( 'NONE', ( #2549, #2750, #6636, #4852 ) ) ;
#3340 = VECTOR ( 'NONE', #6610, 1000.000000000000000 ) ;
#3341 = CARTESIAN_POINT ( 'NONE',  ( 21.03000000000000114, 14.99999999999999822, -0.6805538183541244290 ) ) ;
#3342 = EDGE_CURVE ( 'NONE', #12745, #10260, #5814, .T. ) ;
#3343 = VECTOR ( 'NONE', #8848, 1000.000000000000000 ) ;
#3344 = DIRECTION ( 'NONE',  ( 1.000000000000000000, 0.000000000000000000, 0.000000000000000000 ) ) ;
#3345 = EDGE_LOOP ( 'NONE', ( #11492, #2503, #3913, #10917 ) ) ;
#3346 = PRESENTATION_LAYER_ASSIGNMENT (  '', '', ( #4132 ) ) ;
#3347 = VERTEX_POINT ( 'NONE', #753 ) ;
#3348 = DIRECTION ( 'NONE',  ( -1.000000000000000000, -2.026546116795335870E-16, 0.000000000000000000 ) ) ;
#3349 = CARTESIAN_POINT ( 'NONE',  ( 1.121727750064472673, 6.531472162044073215, -10.00000000000000000 ) ) ;
#3350 = FACE_OUTER_BOUND ( 'NONE', #8785, .T. ) ;
#3351 = ORIENTED_EDGE ( 'NONE', *, *, #7322, .T. ) ;
#3352 = AXIS2_PLACEMENT_3D ( 'NONE', #1108, #7204, #7066 ) ;
#3353 = AXIS2_PLACEMENT_3D ( 'NONE', #9236, #11405, #564 ) ;
#3354 = DIRECTION ( 'NONE',  ( -1.000000000000000000, 0.000000000000000000, -0.000000000000000000 ) ) ;
#3355 = SURFACE_SIDE_STYLE ('',( #12145 ) ) ;
#3356 = ORIENTED_EDGE ( 'NONE', *, *, #4324, .T. ) ;
#3357 =( GEOMETRIC_REPRESENTATION_CONTEXT ( 3 ) GLOBAL_UNCERTAINTY_ASSIGNED_CONTEXT ( ( #11929 ) ) GLOBAL_UNIT_ASSIGNED_CONTEXT ( ( #10046, #303, #8136 ) ) REPRESENTATION_CONTEXT ( 'NONE', 'WORKASPACE' ) );
#3358 = UNCERTAINTY_MEASURE_WITH_UNIT (LENGTH_MEASURE( 1.000000000000000082E-05 ), #11420, 'distance_accuracy_value', 'NONE');
#3359 = LINE ( 'NONE', #1189, #10561 ) ;
#3360 = CARTESIAN_POINT ( 'NONE',  ( 7.950000000000000178, -5.000000000000000000, -15.81731622733540199 ) ) ;
#3361 = VERTEX_POINT ( 'NONE', #5702 ) ;
#3362 = DIRECTION ( 'NONE',  ( 1.000000000000000000, 0.000000000000000000, 0.000000000000000000 ) ) ;
#3363 = EDGE_LOOP ( 'NONE', ( #5978, #9324, #1576, #837 ) ) ;
#3364 = VECTOR ( 'NONE', #8014, 1000.000000000000000 ) ;
#3365 = DIRECTION ( 'NONE',  ( 1.000000000000000000, 0.000000000000000000, 0.000000000000000000 ) ) ;
#3366 = EDGE_LOOP ( 'NONE', ( #8486, #5935, #5510, #10424, #1685 ) ) ;
#3367 = CARTESIAN_POINT ( 'NONE',  ( 24.62438863714460524, 14.84182919310038073, -0.01225122353436571519 ) ) ;
#3368 = FILL_AREA_STYLE ('',( #2319 ) ) ;
#3369 = STYLED_ITEM ( 'NONE', ( #368 ), #5451 ) ;
#3370 = EDGE_CURVE ( 'NONE', #1388, #7219, #7688, .T. ) ;
#3371 = EDGE_LOOP ( 'NONE', ( #4321, #1582, #6567, #6644, #7746, #11115, #11681, #9038, #6238, #11979, #1359, #12674 ) ) ;
#3372 = VECTOR ( 'NONE', #11757, 1000.000000000000000 ) ;
#3373 = DIRECTION ( 'NONE',  ( 0.000000000000000000, 0.000000000000000000, 1.000000000000000000 ) ) ;
#3374 = LINE ( 'NONE', #422, #1423 ) ;
#3375 = ORIENTED_EDGE ( 'NONE', *, *, #11776, .T. ) ;
#3376 = ORIENTED_EDGE ( 'NONE', *, *, #5667, .F. ) ;
#3377 = CARTESIAN_POINT ( 'NONE',  ( 17.94999999999999929, -5.000000000000000000, -15.62999999999999723 ) ) ;
#3378 = DIRECTION ( 'NONE',  ( 1.000000000000000000, 0.000000000000000000, 0.000000000000000000 ) ) ;
#3379 = CARTESIAN_POINT ( 'NONE',  ( 32.00000000000000000, 1.000000000000007105, -18.00000000000000355 ) ) ;
#3380 = DIRECTION ( 'NONE',  ( 1.000000000000000000, 2.026546116795335870E-16, -0.000000000000000000 ) ) ;
#3381 = DIRECTION ( 'NONE',  ( 1.000000000000000000, 0.000000000000000000, 0.000000000000000000 ) ) ;
#3382 = VECTOR ( 'NONE', #370, 1000.000000000000000 ) ;
#3383 = SURFACE_STYLE_USAGE ( .BOTH. , #1356 ) ;
#3384 = VECTOR ( 'NONE', #2112, 1000.000000000000000 ) ;
#3385 = EDGE_LOOP ( 'NONE', ( #1495, #4598, #4883, #839 ) ) ;
#3386 = LINE ( 'NONE', #5177, #3382 ) ;
#3387 = ORIENTED_EDGE ( 'NONE', *, *, #819, .T. ) ;
#3388 = ADVANCED_FACE ( 'NONE', ( #9550 ), #11593, .F. ) ;
#3389 = FACE_OUTER_BOUND ( 'NONE', #6720, .T. ) ;
#3390 = EDGE_CURVE ( 'NONE', #1224, #3755, #7521, .T. ) ;
#3391 = ORIENTED_EDGE ( 'NONE', *, *, #7006, .F. ) ;
#3392 = LINE ( 'NONE', #8336, #10546 ) ;
#3393 = AXIS2_PLACEMENT_3D ( 'NONE', #373, #4473, #7251 ) ;
#3394 = CARTESIAN_POINT ( 'NONE',  ( 15.67576706438587841, 5.698981658683065277, -10.00000000000000000 ) ) ;
#3395 = DIRECTION ( 'NONE',  ( -1.000000000000000000, 0.000000000000000000, 0.000000000000000000 ) ) ;
#3396 = FILL_AREA_STYLE ('',( #8524 ) ) ;
#3397 = AXIS2_PLACEMENT_3D ( 'NONE', #7226, #6316, #11250 ) ;
#3398 = EDGE_CURVE ( 'NONE', #10339, #4177, #885, .T. ) ;
#3399 =( LENGTH_UNIT ( ) NAMED_UNIT ( * ) SI_UNIT ( .MILLI., .METRE. ) );
#3400 = DIRECTION ( 'NONE',  ( 0.000000000000000000, 0.000000000000000000, -1.000000000000000000 ) ) ;
#3401 = EDGE_CURVE ( 'NONE', #9198, #10373, #6098, .T. ) ;
#3402 = STYLED_ITEM ( 'NONE', ( #5380 ), #6855 ) ;
#3403 = VECTOR ( 'NONE', #4369, 1000.000000000000000 ) ;
#3404 = DIRECTION ( 'NONE',  ( -1.000000000000000000, -0.000000000000000000, -0.000000000000000000 ) ) ;
#3405 =( GEOMETRIC_REPRESENTATION_CONTEXT ( 3 ) GLOBAL_UNCERTAINTY_ASSIGNED_CONTEXT ( ( #5059 ) ) GLOBAL_UNIT_ASSIGNED_CONTEXT ( ( #10445, #10570, #4737 ) ) REPRESENTATION_CONTEXT ( 'NONE', 'WORKASPACE' ) );
#3406 = ORIENTED_EDGE ( 'NONE', *, *, #3819, .F. ) ;
#3407 = ORIENTED_EDGE ( 'NONE', *, *, #5069, .T. ) ;
#3408 = FILL_AREA_STYLE ('',( #2116 ) ) ;
#3409 = CIRCLE ( 'NONE', #9351, 1.000000000000000888 ) ;
#3410 =( LENGTH_UNIT ( ) NAMED_UNIT ( * ) SI_UNIT ( .MILLI., .METRE. ) );
#3411 = FACE_OUTER_BOUND ( 'NONE', #7490, .T. ) ;
#3412 = DIRECTION ( 'NONE',  ( 0.000000000000000000, 0.000000000000000000, -1.000000000000000000 ) ) ;
#3413 = CARTESIAN_POINT ( 'NONE',  ( 15.00000000000000000, 0.000000000000000000, -10.00000000000000000 ) ) ;
#3414 = VERTEX_POINT ( 'NONE', #4788 ) ;
#3415 = COLOUR_RGB ( '',1.000000000000000000, 0.5019607843137254832, 0.5019607843137254832 ) ;
#3416 = CIRCLE ( 'NONE', #1512, 1.000000000000000888 ) ;
#3417 = ORIENTED_EDGE ( 'NONE', *, *, #9610, .T. ) ;
#3418 = PLANE ( 'NONE',  #5283 ) ;
#3419 = CARTESIAN_POINT ( 'NONE',  ( 29.83000000000000185, 12.20709392125342596, -1.676461860280853200 ) ) ;
#3420 = DIRECTION ( 'NONE',  ( 1.000000000000000000, 0.000000000000000000, 0.000000000000000000 ) ) ;
#3421 = FACE_OUTER_BOUND ( 'NONE', #10222, .T. ) ;
#3422 = EDGE_CURVE ( 'NONE', #3304, #1452, #6729, .T. ) ;
#3423 = EDGE_CURVE ( 'NONE', #11113, #3838, #6653, .T. ) ;
#3424 = CARTESIAN_POINT ( 'NONE',  ( 27.95000000000000284, -5.000000000000000000, -15.62999999999999723 ) ) ;
#3425 = DIRECTION ( 'NONE',  ( -2.026546116795335870E-16, 1.000000000000000000, -0.000000000000000000 ) ) ;
#3426 = PRESENTATION_LAYER_ASSIGNMENT (  '', '', ( #12024 ) ) ;
#3427 = VECTOR ( 'NONE', #8885, 1000.000000000000000 ) ;
#3428 =( LENGTH_UNIT ( ) NAMED_UNIT ( * ) SI_UNIT ( .MILLI., .METRE. ) );
#3429 = ORIENTED_EDGE ( 'NONE', *, *, #2674, .T. ) ;
#3430 = CARTESIAN_POINT ( 'NONE',  ( 9.948558664095548565, 2.730887774041963034, -10.00000000000000000 ) ) ;
#3431 = AXIS2_PLACEMENT_3D ( 'NONE', #8138, #3245, #5234 ) ;
#3432 = CARTESIAN_POINT ( 'NONE',  ( 11.67576706438588019, 2.730887774041955929, -10.00000000000000000 ) ) ;
#3433 = ORIENTED_EDGE ( 'NONE', *, *, #7945, .F. ) ;
#3434 = SURFACE_STYLE_FILL_AREA ( #11311 ) ;
#3435 =( NAMED_UNIT ( * ) PLANE_ANGLE_UNIT ( ) SI_UNIT ( $, .RADIAN. ) );
#3436 = ORIENTED_EDGE ( 'NONE', *, *, #2455, .F. ) ;
#3437 = EDGE_LOOP ( 'NONE', ( #10796, #9367, #2120, #506 ) ) ;
#3438 =( GEOMETRIC_REPRESENTATION_CONTEXT ( 3 ) GLOBAL_UNCERTAINTY_ASSIGNED_CONTEXT ( ( #7730 ) ) GLOBAL_UNIT_ASSIGNED_CONTEXT ( ( #3503, #1585, #3677 ) ) REPRESENTATION_CONTEXT ( 'NONE', 'WORKASPACE' ) );
#3439 = STYLED_ITEM ( 'NONE', ( #3278 ), #5817 ) ;
#3440 = PRESENTATION_LAYER_ASSIGNMENT (  '', '', ( #2595 ) ) ;
#3441 = DIRECTION ( 'NONE',  ( 0.000000000000000000, 0.000000000000000000, 1.000000000000000000 ) ) ;
#3442 = AXIS2_PLACEMENT_3D ( 'NONE', #7073, #2173, #6101 ) ;
#3443 = VECTOR ( 'NONE', #5811, 1000.000000000000000 ) ;
#3444 = LINE ( 'NONE', #665, #3183 ) ;
#3445 = STYLED_ITEM ( 'NONE', ( #9444 ), #12402 ) ;
#3446 = EDGE_CURVE ( 'NONE', #2597, #282, #4606, .T. ) ;
#3447 = LINE ( 'NONE', #6628, #1866 ) ;
#3448 =( GEOMETRIC_REPRESENTATION_CONTEXT ( 3 ) GLOBAL_UNCERTAINTY_ASSIGNED_CONTEXT ( ( #11691 ) ) GLOBAL_UNIT_ASSIGNED_CONTEXT ( ( #2687, #11426, #12445 ) ) REPRESENTATION_CONTEXT ( 'NONE', 'WORKASPACE' ) );
#3449 = AXIS2_PLACEMENT_3D ( 'NONE', #5131, #10007, #181 ) ;
#3450 = CARTESIAN_POINT ( 'NONE',  ( 5.000000000000000000, 10.99999999999997158, -1.000000000000000000 ) ) ;
#3451 = EDGE_LOOP ( 'NONE', ( #10927, #5173, #2425, #8455 ) ) ;
#3452 = ORIENTED_EDGE ( 'NONE', *, *, #1531, .F. ) ;
#3453 = SURFACE_STYLE_FILL_AREA ( #12166 ) ;
#3454 = DIRECTION ( 'NONE',  ( 1.000000000000000000, 2.026546116795335870E-16, -0.000000000000000000 ) ) ;
#3455 = LINE ( 'NONE', #8263, #10978 ) ;
#3456 =( NAMED_UNIT ( * ) SI_UNIT ( $, .STERADIAN. ) SOLID_ANGLE_UNIT ( ) );
#3457 = PLANE ( 'NONE',  #7315 ) ;
#3458 = SURFACE_SIDE_STYLE ('',( #12239 ) ) ;
#3459 = VERTEX_POINT ( 'NONE', #11656 ) ;
#3460 = AXIS2_PLACEMENT_3D ( 'NONE', #11810, #1172, #2030 ) ;
#3461 = DIRECTION ( 'NONE',  ( -1.000000000000000000, -1.013273058397667935E-16, 0.000000000000000000 ) ) ;
#3462 = EDGE_LOOP ( 'NONE', ( #2962, #1345, #8745, #11808, #11818, #1945 ) ) ;
#3463 = ORIENTED_EDGE ( 'NONE', *, *, #9723, .T. ) ;
#3464 = LINE ( 'NONE', #1476, #6 ) ;
#3465 = B_SPLINE_CURVE_WITH_KNOTS ( 'NONE', 3,
 ( #4499, #10394, #10219, #7460, #12277, #6438 ),
 .UNSPECIFIED., .F., .F.,
 ( 4, 2, 4 ),
 ( -3.162297181310621413E-06, 0.0001813771899212647315, 0.0003659166770238400776 ),
 .UNSPECIFIED. ) ;
#3466 = UNCERTAINTY_MEASURE_WITH_UNIT (LENGTH_MEASURE( 1.000000000000000082E-05 ), #12209, 'distance_accuracy_value', 'NONE');
#3467 = CARTESIAN_POINT ( 'NONE',  ( 10.03000000000000114, 10.99999999999997158, 0.000000000000000000 ) ) ;
#3468 = PRESENTATION_STYLE_ASSIGNMENT (( #11344 ) ) ;
#3469 = CARTESIAN_POINT ( 'NONE',  ( 25.00000000000000000, 0.000000000000000000, -21.62877342318509477 ) ) ;
#3470 = EDGE_CURVE ( 'NONE', #4637, #1357, #3765, .T. ) ;
#3471 = LINE ( 'NONE', #7377, #7118 ) ;
#3472 = EDGE_CURVE ( 'NONE', #1410, #11275, #8008, .T. ) ;
#3473 = CARTESIAN_POINT ( 'NONE',  ( 0.000000000000000000, 11.00000000000000000, -3.999999999999999112 ) ) ;
#3474 = CARTESIAN_POINT ( 'NONE',  ( 25.67576706438588019, 5.698981658683065277, 0.000000000000000000 ) ) ;
#3475 = ORIENTED_EDGE ( 'NONE', *, *, #9688, .T. ) ;
#3476 = CARTESIAN_POINT ( 'NONE',  ( -6.595391950804084580, 14.74999999999999467, 3.631860520018880910E-17 ) ) ;
#3477 = DIRECTION ( 'NONE',  ( -0.000000000000000000, -0.000000000000000000, 1.000000000000000000 ) ) ;
#3478 = VERTEX_POINT ( 'NONE', #6850 ) ;
#3479 = ORIENTED_EDGE ( 'NONE', *, *, #10509, .T. ) ;
#3480 = ORIENTED_EDGE ( 'NONE', *, *, #9458, .T. ) ;
#3481 = CARTESIAN_POINT ( 'NONE',  ( 19.83000000000000185, 15.00000000000000000, -0.6805538183541270936 ) ) ;
#3482 = LINE ( 'NONE', #4486, #9995 ) ;
#3483 = DIRECTION ( 'NONE',  ( -2.026546116795335870E-16, 1.000000000000000000, -0.000000000000000000 ) ) ;
#3484 = FACE_OUTER_BOUND ( 'NONE', #8294, .T. ) ;
#3485 = EDGE_CURVE ( 'NONE', #11341, #9573, #11263, .T. ) ;
#3486 = AXIS2_PLACEMENT_3D ( 'NONE', #1596, #8508, #12297 ) ;
#3487 = LINE ( 'NONE', #2557, #1134 ) ;
#3488 = AXIS2_PLACEMENT_3D ( 'NONE', #6154, #1366, #9185 ) ;
#3489 = DIRECTION ( 'NONE',  ( 1.000000000000000000, 0.000000000000000000, 0.000000000000000000 ) ) ;
#3490 = UNCERTAINTY_MEASURE_WITH_UNIT (LENGTH_MEASURE( 1.000000000000000082E-05 ), #12714, 'distance_accuracy_value', 'NONE');
#3491 = DIRECTION ( 'NONE',  ( -0.000000000000000000, -0.000000000000000000, 1.000000000000000000 ) ) ;
#3492 = SURFACE_SIDE_STYLE ('',( #8181 ) ) ;
#3493 = AXIS2_PLACEMENT_3D ( 'NONE', #9867, #9738, #3133 ) ;
#3494 = EDGE_LOOP ( 'NONE', ( #9526, #5790, #11972, #1318, #2217, #2250 ) ) ;
#3495 = DIRECTION ( 'NONE',  ( 0.000000000000000000, 1.000000000000000000, 0.000000000000000000 ) ) ;
#3496 = ORIENTED_EDGE ( 'NONE', *, *, #10665, .F. ) ;
#3497 = ORIENTED_EDGE ( 'NONE', *, *, #7412, .F. ) ;
#3498 = EDGE_CURVE ( 'NONE', #2667, #11025, #5760, .T. ) ;
#3499 = DIRECTION ( 'NONE',  ( 0.000000000000000000, -0.000000000000000000, -1.000000000000000000 ) ) ;
#3500 = ADVANCED_FACE ( 'NONE', ( #8783 ), #8222, .T. ) ;
#3501 = ORIENTED_EDGE ( 'NONE', *, *, #12254, .T. ) ;
#3502 = CARTESIAN_POINT ( 'NONE',  ( 14.83000000000000362, 12.20709392125342596, -1.676461860280853200 ) ) ;
#3503 =( LENGTH_UNIT ( ) NAMED_UNIT ( * ) SI_UNIT ( .MILLI., .METRE. ) );
#3504 = PLANE ( 'NONE',  #8937 ) ;
#3505 =( NAMED_UNIT ( * ) PLANE_ANGLE_UNIT ( ) SI_UNIT ( $, .RADIAN. ) );
#3506 = AXIS2_PLACEMENT_3D ( 'NONE', #6695, #3735, #727 ) ;
#3507 = LINE ( 'NONE', #3628, #1463 ) ;
#3508 = DIRECTION ( 'NONE',  ( 1.000000000000000000, 0.000000000000000000, 0.000000000000000000 ) ) ;
#3509 = EDGE_LOOP ( 'NONE', ( #6201, #12010, #4958, #6746 ) ) ;
#3510 = ADVANCED_FACE ( 'NONE', ( #3952 ), #7960, .F. ) ;
#3511 = EDGE_LOOP ( 'NONE', ( #4359, #1131 ) ) ;
#3512 = CARTESIAN_POINT ( 'NONE',  ( 25.83000000000000185, 15.00000000000000000, -12.00000000000000000 ) ) ;
#3513 = PLANE ( 'NONE',  #681 ) ;
#3514 = MECHANICAL_DESIGN_GEOMETRIC_PRESENTATION_REPRESENTATION (  '', ( #578 ), #12112 ) ;
#3515 = ORIENTED_EDGE ( 'NONE', *, *, #7555, .T. ) ;
#3516 = CARTESIAN_POINT ( 'NONE',  ( 28.94855866409555034, 5.698981658683065277, -10.00000000000000000 ) ) ;
#3517 = SURFACE_STYLE_USAGE ( .BOTH. , #7489 ) ;
#3518 = EDGE_LOOP ( 'NONE', ( #1219, #10254, #9514, #5094 ) ) ;
#3519 = FACE_OUTER_BOUND ( 'NONE', #6655, .T. ) ;
#3520 = CARTESIAN_POINT ( 'NONE',  ( 17.94999999999999929, -4.599999999999999645, -16.02999999999999758 ) ) ;
#3521 = CARTESIAN_POINT ( 'NONE',  ( 6.121727750064472673, 6.531472162044073215, 0.000000000000000000 ) ) ;
#3522 = CARTESIAN_POINT ( 'NONE',  ( 29.83000000000000185, 11.77659106982886783, -12.00000000000000000 ) ) ;
#3523 = CARTESIAN_POINT ( 'NONE',  ( 25.03000000000000469, 11.77659106982886783, -1.974724807276291516 ) ) ;
#3524 =( LENGTH_UNIT ( ) NAMED_UNIT ( * ) SI_UNIT ( .MILLI., .METRE. ) );
#3525 = MECHANICAL_DESIGN_GEOMETRIC_PRESENTATION_REPRESENTATION (  '', ( #12520 ), #1842 ) ;
#3526 = LINE ( 'NONE', #11350, #11624 ) ;
#3527 = DIRECTION ( 'NONE',  ( 0.000000000000000000, 0.000000000000000000, 1.000000000000000000 ) ) ;
#3528 = VERTEX_POINT ( 'NONE', #6085 ) ;
#3529 = EDGE_LOOP ( 'NONE', ( #10848, #11773, #8220, #8199 ) ) ;
#3530 = ORIENTED_EDGE ( 'NONE', *, *, #3899, .F. ) ;
#3531 = SURFACE_STYLE_FILL_AREA ( #3408 ) ;
#3532 = CIRCLE ( 'NONE', #10732, 0.9999999999999997780 ) ;
#3533 = ADVANCED_FACE ( 'NONE', ( #43 ), #10226, .T. ) ;
#3534 = LINE ( 'NONE', #7443, #12727 ) ;
#3535 = FACE_OUTER_BOUND ( 'NONE', #5064, .T. ) ;
#3536 = DIRECTION ( 'NONE',  ( -0.000000000000000000, -0.000000000000000000, -1.000000000000000000 ) ) ;
#3537 =( NAMED_UNIT ( * ) PLANE_ANGLE_UNIT ( ) SI_UNIT ( $, .RADIAN. ) );
#3538 = AXIS2_PLACEMENT_3D ( 'NONE', #9429, #12366, #6417 ) ;
#3539 = PRESENTATION_LAYER_ASSIGNMENT (  '', '', ( #1435 ) ) ;
#3540 = PLANE ( 'NONE',  #907 ) ;
#3541 = SURFACE_STYLE_FILL_AREA ( #3665 ) ;
#3542 = CARTESIAN_POINT ( 'NONE',  ( 13.94855866409554856, 5.698981658683065277, -10.00000000000000000 ) ) ;
#3543 = CIRCLE ( 'NONE', #5379, 0.1873162273354073148 ) ;
#3544 = ORIENTED_EDGE ( 'NONE', *, *, #6785, .F. ) ;
#3545 = CARTESIAN_POINT ( 'NONE',  ( 21.16336522494685113, 14.92559238504415120, -0.06527167913285260303 ) ) ;
#3546 = AXIS2_PLACEMENT_3D ( 'NONE', #9623, #6802, #5770 ) ;
#3547 = ORIENTED_EDGE ( 'NONE', *, *, #8710, .F. ) ;
#3548 = EDGE_CURVE ( 'NONE', #6827, #1074, #9237, .T. ) ;
#3549 = CARTESIAN_POINT ( 'NONE',  ( 18.03909090176839314, 0.000000000000000000, -21.62877342318509477 ) ) ;
#3550 = AXIS2_PLACEMENT_3D ( 'NONE', #929, #3036, #154 ) ;
#3551 =( LENGTH_UNIT ( ) NAMED_UNIT ( * ) SI_UNIT ( .MILLI., .METRE. ) );
#3552 = VERTEX_POINT ( 'NONE', #1015 ) ;
#3553 = CARTESIAN_POINT ( 'NONE',  ( 11.31781992623545641, 9.999999999999998224, -0.1999999999999998446 ) ) ;
#3554 = DIRECTION ( 'NONE',  ( -1.070256409758549784E-16, 1.000000000000000000, 0.000000000000000000 ) ) ;
#3555 = ORIENTED_EDGE ( 'NONE', *, *, #1150, .F. ) ;
#3556 = ORIENTED_EDGE ( 'NONE', *, *, #11456, .F. ) ;
#3557 = DIRECTION ( 'NONE',  ( 0.000000000000000000, -0.000000000000000000, -1.000000000000000000 ) ) ;
#3558 = VECTOR ( 'NONE', #10969, 1000.000000000000000 ) ;
#3559 = AXIS2_PLACEMENT_3D ( 'NONE', #8083, #7252, #8398 ) ;
#3560 = SURFACE_SIDE_STYLE ('',( #5412 ) ) ;
#3561 = UNCERTAINTY_MEASURE_WITH_UNIT (LENGTH_MEASURE( 1.000000000000000082E-05 ), #391, 'distance_accuracy_value', 'NONE');
#3562 = FACE_OUTER_BOUND ( 'NONE', #8620, .T. ) ;
#3563 = EDGE_CURVE ( 'NONE', #9177, #2301, #7132, .T. ) ;
#3564 = EDGE_CURVE ( 'NONE', #11459, #7055, #8016, .T. ) ;
#3565 = EDGE_CURVE ( 'NONE', #4576, #8720, #9925, .T. ) ;
#3566 = SURFACE_STYLE_FILL_AREA ( #5539 ) ;
#3567 = FACE_OUTER_BOUND ( 'NONE', #3060, .T. ) ;
#3568 = DIRECTION ( 'NONE',  ( 0.000000000000000000, 0.000000000000000000, -1.000000000000000000 ) ) ;
#3569 = AXIS2_PLACEMENT_3D ( 'NONE', #6869, #10777, #7781 ) ;
#3570 = VERTEX_POINT ( 'NONE', #8844 ) ;
#3571 = ORIENTED_EDGE ( 'NONE', *, *, #2596, .F. ) ;
#3572 = FACE_OUTER_BOUND ( 'NONE', #9565, .T. ) ;
#3573 = UNCERTAINTY_MEASURE_WITH_UNIT (LENGTH_MEASURE( 1.000000000000000082E-05 ), #3865, 'distance_accuracy_value', 'NONE');
#3574 = DIRECTION ( 'NONE',  ( 0.000000000000000000, 0.000000000000000000, -1.000000000000000000 ) ) ;
#3575 = EDGE_CURVE ( 'NONE', #119, #1800, #5123, .T. ) ;
#3576 = ADVANCED_FACE ( 'NONE', ( #1159 ), #8988, .F. ) ;
#3577 = EDGE_CURVE ( 'NONE', #8501, #6224, #4924, .T. ) ;
#3578 = ORIENTED_EDGE ( 'NONE', *, *, #11687, .T. ) ;
#3579 = EDGE_LOOP ( 'NONE', ( #9418, #6046, #12503, #332 ) ) ;
#3580 = LINE ( 'NONE', #3394, #6624 ) ;
#3581 = LINE ( 'NONE', #6721, #8944 ) ;
#3582 = ADVANCED_BREP_SHAPE_REPRESENTATION ( 'Anytek QT 6', ( #5681, #10049, #10027, #10064, #1405, #5782, #5817, #12709 ), #9628 ) ;
#3583 = CARTESIAN_POINT ( 'NONE',  ( 11.56768843574306516, 7.363962665405081154, -10.00000000000000000 ) ) ;
#3584 = DIRECTION ( 'NONE',  ( 0.000000000000000000, -0.000000000000000000, -1.000000000000000000 ) ) ;
#3585 = ORIENTED_EDGE ( 'NONE', *, *, #6940, .F. ) ;
#3586 = SURFACE_STYLE_USAGE ( .BOTH. , #5560 ) ;
#3587 = EDGE_CURVE ( 'NONE', #11265, #3829, #11916, .T. ) ;
#3588 = CARTESIAN_POINT ( 'NONE',  ( 6.163365224946852017, 14.92559238504415120, -0.06527167913285196466 ) ) ;
#3589 = EDGE_LOOP ( 'NONE', ( #5597, #6354, #9844, #5270 ) ) ;
#3590 = MECHANICAL_DESIGN_GEOMETRIC_PRESENTATION_REPRESENTATION (  '', ( #2957 ), #3778 ) ;
#3591 = EDGE_LOOP ( 'NONE', ( #9552, #89, #1772, #4769 ) ) ;
#3592 = ORIENTED_EDGE ( 'NONE', *, *, #12652, .T. ) ;
#3593 = DIRECTION ( 'NONE',  ( -0.000000000000000000, -0.000000000000000000, 1.000000000000000000 ) ) ;
#3594 = PRESENTATION_LAYER_ASSIGNMENT (  '', '', ( #8722 ) ) ;
#3595 = DIRECTION ( 'NONE',  ( -0.000000000000000000, -0.000000000000000000, 1.000000000000000000 ) ) ;
#3596 = COLOUR_RGB ( '',1.000000000000000000, 0.5019607843137254832, 0.5019607843137254832 ) ;
#3597 = FACE_OUTER_BOUND ( 'NONE', #4317, .T. ) ;
#3598 = ORIENTED_EDGE ( 'NONE', *, *, #2818, .T. ) ;
#3599 =( LENGTH_UNIT ( ) NAMED_UNIT ( * ) SI_UNIT ( .MILLI., .METRE. ) );
#3600 =( NAMED_UNIT ( * ) SI_UNIT ( $, .STERADIAN. ) SOLID_ANGLE_UNIT ( ) );
#3601 = AXIS2_PLACEMENT_3D ( 'NONE', #4006, #8834, #5936 ) ;
#3602 = VECTOR ( 'NONE', #8399, 1000.000000000000000 ) ;
#3603 = LINE ( 'NONE', #12273, #5634 ) ;
#3604 = DIRECTION ( 'NONE',  ( 2.944053133434612107E-32, -1.452744208007547927E-16, -1.000000000000000000 ) ) ;
#3605 = CARTESIAN_POINT ( 'NONE',  ( 21.56768843574306516, 0.000000000000000000, -10.00000000000000000 ) ) ;
#3606 = ORIENTED_EDGE ( 'NONE', *, *, #11084, .F. ) ;
#3607 =( NAMED_UNIT ( * ) PLANE_ANGLE_UNIT ( ) SI_UNIT ( $, .RADIAN. ) );
#3608 = DIRECTION ( 'NONE',  ( -0.000000000000000000, 0.000000000000000000, 1.000000000000000000 ) ) ;
#3609 = VECTOR ( 'NONE', #11325, 1000.000000000000114 ) ;
#3610 = VERTEX_POINT ( 'NONE', #11783 ) ;
#3611 = SURFACE_STYLE_USAGE ( .BOTH. , #8429 ) ;
#3612 = ORIENTED_EDGE ( 'NONE', *, *, #2728, .F. ) ;
#3613 = LINE ( 'NONE', #2749, #1084 ) ;
#3614 = VECTOR ( 'NONE', #12067, 1000.000000000000000 ) ;
#3615 = ORIENTED_EDGE ( 'NONE', *, *, #10435, .T. ) ;
#3616 = VERTEX_POINT ( 'NONE', #10953 ) ;
#3617 = CARTESIAN_POINT ( 'NONE',  ( 25.03000000000000114, 15.00000000000000000, -12.00000000000000000 ) ) ;
#3618 = CARTESIAN_POINT ( 'NONE',  ( 16.01499359486471974, 13.52171604471974931, -0.7656593709756721600 ) ) ;
#3619 = ADVANCED_FACE ( 'NONE', ( #2148 ), #3186, .T. ) ;
#3620 = AXIS2_PLACEMENT_3D ( 'NONE', #6898, #1920, #8776 ) ;
#3621 = DIRECTION ( 'NONE',  ( 0.000000000000000000, -1.000000000000000000, 0.000000000000000000 ) ) ;
#3622 = ADVANCED_FACE ( 'NONE', ( #856 ), #3748, .T. ) ;
#3623 = AXIS2_PLACEMENT_3D ( 'NONE', #9607, #569, #10433 ) ;
#3624 = COLOUR_RGB ( '',1.000000000000000000, 0.5019607843137254832, 0.5019607843137254832 ) ;
#3625 = DIRECTION ( 'NONE',  ( 1.000000000000000000, 1.734723475976805517E-15, 0.000000000000000000 ) ) ;
#3626 = STYLED_ITEM ( 'NONE', ( #12038 ), #4868 ) ;
#3627 = COLOUR_RGB ( '',0.8313725490196077761, 0.8392156862745098200, 0.8313725490196077761 ) ;
#3628 = CARTESIAN_POINT ( 'NONE',  ( 9.830000000000001847, 15.00000000000000000, -10.99999999999999289 ) ) ;
#3629 = DIRECTION ( 'NONE',  ( 1.000000000000000000, 0.000000000000000000, 0.000000000000000000 ) ) ;
#3630 = SURFACE_SIDE_STYLE ('',( #5602 ) ) ;
#3631 = ORIENTED_EDGE ( 'NONE', *, *, #6623, .F. ) ;
#3632 =( GEOMETRIC_REPRESENTATION_CONTEXT ( 3 ) GLOBAL_UNCERTAINTY_ASSIGNED_CONTEXT ( ( #9366 ) ) GLOBAL_UNIT_ASSIGNED_CONTEXT ( ( #9323, #2499, #7454 ) ) REPRESENTATION_CONTEXT ( 'NONE', 'WORKASPACE' ) );
#3633 = AXIS2_PLACEMENT_3D ( 'NONE', #6620, #2644, #3790 ) ;
#3634 = MECHANICAL_DESIGN_GEOMETRIC_PRESENTATION_REPRESENTATION (  '', ( #2796 ), #10792 ) ;
#3635 = DIRECTION ( 'NONE',  ( 0.000000000000000000, 0.8829475928589255451, 0.4694715627858934148 ) ) ;
#3636 = EDGE_CURVE ( 'NONE', #1892, #11838, #1853, .T. ) ;
#3637 = MECHANICAL_DESIGN_GEOMETRIC_PRESENTATION_REPRESENTATION (  '', ( #6709 ), #81 ) ;
#3638 = EDGE_CURVE ( 'NONE', #8019, #9895, #10725, .T. ) ;
#3639 = SURFACE_STYLE_FILL_AREA ( #12415 ) ;
#3640 = SURFACE_STYLE_USAGE ( .BOTH. , #6576 ) ;
#3641 = ORIENTED_EDGE ( 'NONE', *, *, #7737, .T. ) ;
#3642 = CIRCLE ( 'NONE', #5885, 0.9999999999999991118 ) ;
#3643 = LINE ( 'NONE', #2532, #2573 ) ;
#3644 = VERTEX_POINT ( 'NONE', #7862 ) ;
#3645 = CARTESIAN_POINT ( 'NONE',  ( 12.94999999999999929, -5.000000000000000000, -7.429999999999998828 ) ) ;
#3646 = LINE ( 'NONE', #8100, #3602 ) ;
#3647 = VECTOR ( 'NONE', #7984, 1000.000000000000000 ) ;
#3648 = EDGE_CURVE ( 'NONE', #10994, #4927, #8862, .T. ) ;
#3649 = SURFACE_STYLE_USAGE ( .BOTH. , #2474 ) ;
#3650 = EDGE_CURVE ( 'NONE', #9177, #9447, #9650, .T. ) ;
#3651 = DIRECTION ( 'NONE',  ( 0.000000000000000000, 1.000000000000000000, -0.000000000000000000 ) ) ;
#3652 = CARTESIAN_POINT ( 'NONE',  ( -6.595391950804084580, 13.99999999999999645, -11.00000000000000178 ) ) ;
#3653 = DIRECTION ( 'NONE',  ( 0.000000000000000000, 0.000000000000000000, 1.000000000000000000 ) ) ;
#3654 = CARTESIAN_POINT ( 'NONE',  ( 6.235617608806251155, 14.84182210956595327, -0.01224815792354581184 ) ) ;
#3655 = VECTOR ( 'NONE', #4984, 1000.000000000000000 ) ;
#3656 =( BOUNDED_CURVE ( )  B_SPLINE_CURVE ( 3, ( #6322, #8436, #4375, #11122 ),
 .UNSPECIFIED., .F., .F. ) 
 B_SPLINE_CURVE_WITH_KNOTS ( ( 4, 4 ),
 ( 4.886921905584117987, 5.603056365278467510 ),
 .UNSPECIFIED. ) 
 CURVE ( )  GEOMETRIC_REPRESENTATION_ITEM ( )  RATIONAL_B_SPLINE_CURVE ( ( 1.000000000000000000, 0.9577172935399677067, 0.9577172935399677067, 1.000000000000000000 ) ) 
 REPRESENTATION_ITEM ( '' )  );
#3657 = ORIENTED_EDGE ( 'NONE', *, *, #6701, .T. ) ;
#3658 = ORIENTED_EDGE ( 'NONE', *, *, #5124, .F. ) ;
#3659 = FACE_OUTER_BOUND ( 'NONE', #9373, .T. ) ;
#3660 = CARTESIAN_POINT ( 'NONE',  ( 11.02999999999999936, 13.99999999999998934, -12.00000000000000000 ) ) ;
#3661 = DIRECTION ( 'NONE',  ( 1.000000000000000000, 2.026546116795335870E-16, -0.000000000000000000 ) ) ;
#3662 = DIRECTION ( 'NONE',  ( 1.000000000000000000, 2.026546116795335870E-16, -0.000000000000000000 ) ) ;
#3663 = EDGE_CURVE ( 'NONE', #3236, #12245, #1794, .T. ) ;
#3664 = DIRECTION ( 'NONE',  ( 0.000000000000000000, -1.000000000000000000, 0.000000000000000000 ) ) ;
#3665 = FILL_AREA_STYLE ('',( #10506 ) ) ;
#3666 = SURFACE_STYLE_FILL_AREA ( #648 ) ;
#3667 = CARTESIAN_POINT ( 'NONE',  ( 1.273908095053161604, 14.65589039322995291, 3.547410800721978191E-17 ) ) ;
#3668 = CARTESIAN_POINT ( 'NONE',  ( 15.00000000000000000, -3.659182332138577465E-16, -21.62877342318509477 ) ) ;
#3669 = ORIENTED_EDGE ( 'NONE', *, *, #4236, .T. ) ;
#3670 = LINE ( 'NONE', #11676, #10869 ) ;
#3671 = CARTESIAN_POINT ( 'NONE',  ( 32.00000000000000000, 10.99999999999997158, 0.000000000000000000 ) ) ;
#3672 = ORIENTED_EDGE ( 'NONE', *, *, #2126, .F. ) ;
#3673 =( NAMED_UNIT ( * ) PLANE_ANGLE_UNIT ( ) SI_UNIT ( $, .RADIAN. ) );
#3674 = ORIENTED_EDGE ( 'NONE', *, *, #4159, .T. ) ;
#3675 = ORIENTED_EDGE ( 'NONE', *, *, #4271, .F. ) ;
#3676 = ORIENTED_EDGE ( 'NONE', *, *, #4333, .T. ) ;
#3677 =( NAMED_UNIT ( * ) SI_UNIT ( $, .STERADIAN. ) SOLID_ANGLE_UNIT ( ) );
#3678 = ORIENTED_EDGE ( 'NONE', *, *, #313, .F. ) ;
#3679 = DIRECTION ( 'NONE',  ( -0.000000000000000000, 1.000000000000000000, -0.000000000000000000 ) ) ;
#3680 = SURFACE_STYLE_USAGE ( .BOTH. , #5485 ) ;
#3681 = AXIS2_PLACEMENT_3D ( 'NONE', #7894, #3897, #9934 ) ;
#3682 = AXIS2_PLACEMENT_3D ( 'NONE', #7399, #405, #10454 ) ;
#3683 = CARTESIAN_POINT ( 'NONE',  ( 12.94999999999999929, -5.000000000000000000, -7.429999999999998828 ) ) ;
#3684 = SURFACE_STYLE_FILL_AREA ( #11448 ) ;
#3685 = DIRECTION ( 'NONE',  ( 1.000000000000000000, 0.000000000000000000, 0.000000000000000000 ) ) ;
#3686 = EDGE_CURVE ( 'NONE', #6447, #7077, #8649, .T. ) ;
#3687 = ORIENTED_EDGE ( 'NONE', *, *, #7976, .F. ) ;
#3688 = CARTESIAN_POINT ( 'NONE',  ( 26.03000000000000114, 13.99999999999998934, -12.00000000000000000 ) ) ;
#3689 = ORIENTED_EDGE ( 'NONE', *, *, #3326, .F. ) ;
#3690 = DIRECTION ( 'NONE',  ( -0.000000000000000000, -0.000000000000000000, 1.000000000000000000 ) ) ;
#3691 = DIRECTION ( 'NONE',  ( 0.000000000000000000, 1.000000000000000000, 0.000000000000000000 ) ) ;
#3692 = VECTOR ( 'NONE', #2992, 1000.000000000000000 ) ;
#3693 = VERTEX_POINT ( 'NONE', #11507 ) ;
#3694 = CARTESIAN_POINT ( 'NONE',  ( 28.03909090176839669, 0.7437402936630143069, -21.62877342318509477 ) ) ;
#3695 = EDGE_CURVE ( 'NONE', #7513, #8037, #792, .T. ) ;
#3696 = ORIENTED_EDGE ( 'NONE', *, *, #1811, .F. ) ;
#3697 = ORIENTED_EDGE ( 'NONE', *, *, #6282, .F. ) ;
#3698 = VERTEX_POINT ( 'NONE', #11641 ) ;
#3699 = DIRECTION ( 'NONE',  ( -1.000000000000000000, 0.000000000000000000, 0.000000000000000000 ) ) ;
#3700 = EDGE_CURVE ( 'NONE', #8576, #4137, #12593, .T. ) ;
#3701 = DIRECTION ( 'NONE',  ( -0.000000000000000000, -0.000000000000000000, 1.000000000000000000 ) ) ;
#3702 = FACE_OUTER_BOUND ( 'NONE', #7003, .T. ) ;
#3703 = EDGE_CURVE ( 'NONE', #9804, #4542, #5798, .T. ) ;
#3704 = STYLED_ITEM ( 'NONE', ( #12371 ), #9812 ) ;
#3705 = DIRECTION ( 'NONE',  ( 0.000000000000000000, -0.000000000000000000, -1.000000000000000000 ) ) ;
#3706 = CARTESIAN_POINT ( 'NONE',  ( 9.743945568286550341, 14.99501846973960184, -0.1925148842800870619 ) ) ;
#3707 = EDGE_CURVE ( 'NONE', #658, #211, #4969, .T. ) ;
#3708 = ORIENTED_EDGE ( 'NONE', *, *, #11554, .T. ) ;
#3709 = ADVANCED_FACE ( 'NONE', ( #12671 ), #6638, .T. ) ;
#3710 = ORIENTED_EDGE ( 'NONE', *, *, #1611, .T. ) ;
#3711 =( LENGTH_UNIT ( ) NAMED_UNIT ( * ) SI_UNIT ( .MILLI., .METRE. ) );
#3712 = CARTESIAN_POINT ( 'NONE',  ( 15.00000000000000000, 11.77659106982886783, -1.974724807276291516 ) ) ;
#3713 = CARTESIAN_POINT ( 'NONE',  ( 13.03909090176839314, 0.7437402936630143069, -0.03339203246192836566 ) ) ;
#3714 = LINE ( 'NONE', #1820, #1316 ) ;
#3715 = CARTESIAN_POINT ( 'NONE',  ( 8.404608049195916308, 14.99999999999999645, -10.99999999999999289 ) ) ;
#3716 = EDGE_CURVE ( 'NONE', #7211, #5232, #7015, .T. ) ;
#3717 = FILL_AREA_STYLE ('',( #11605 ) ) ;
#3718 = STYLED_ITEM ( 'NONE', ( #7732 ), #10122 ) ;
#3719 = PLANE ( 'NONE',  #7147 ) ;
#3720 = CYLINDRICAL_SURFACE ( 'NONE', #3546, 0.5000000000000004441 ) ;
#3721 = LINE ( 'NONE', #3668, #5444 ) ;
#3722 = EDGE_CURVE ( 'NONE', #3610, #7393, #6304, .T. ) ;
#3723 = ORIENTED_EDGE ( 'NONE', *, *, #339, .T. ) ;
#3724 = LINE ( 'NONE', #9566, #11905 ) ;
#3725 = VERTEX_POINT ( 'NONE', #4174 ) ;
#3726 = LINE ( 'NONE', #838, #11508 ) ;
#3727 = PRESENTATION_LAYER_ASSIGNMENT (  '', '', ( #11927 ) ) ;
#3728 = DIRECTION ( 'NONE',  ( -1.000000000000000000, -2.026546116795335870E-16, -0.000000000000000000 ) ) ;
#3729 = ORIENTED_EDGE ( 'NONE', *, *, #2832, .T. ) ;
#3730 = CARTESIAN_POINT ( 'NONE',  ( 10.06833203617090788, 7.356120034073296843, 0.000000000000000000 ) ) ;
#3731 = VERTEX_POINT ( 'NONE', #3217 ) ;
#3732 = CARTESIAN_POINT ( 'NONE',  ( 23.03909090176839314, 0.7437402936630143069, -21.62877342318509477 ) ) ;
#3733 = AXIS2_PLACEMENT_3D ( 'NONE', #7632, #10568, #11529 ) ;
#3734 = CARTESIAN_POINT ( 'NONE',  ( 32.00000000000000000, 0.7437402936630163053, -0.03339203246192781749 ) ) ;
#3735 = DIRECTION ( 'NONE',  ( 0.000000000000000000, -0.000000000000000000, -1.000000000000000000 ) ) ;
#3736 = STYLED_ITEM ( 'NONE', ( #8505 ), #6337 ) ;
#3737 = CARTESIAN_POINT ( 'NONE',  ( 20.00000000000000000, -3.659182332138577465E-16, -18.00000000000000355 ) ) ;
#3738 = VECTOR ( 'NONE', #8986, 1000.000000000000000 ) ;
#3739 = VERTEX_POINT ( 'NONE', #336 ) ;
#3740 = FILL_AREA_STYLE_COLOUR ( '', #4205 ) ;
#3741 = PLANE ( 'NONE',  #6584 ) ;
#3742 = ADVANCED_FACE ( 'NONE', ( #200 ), #1438, .T. ) ;
#3743 = VERTEX_POINT ( 'NONE', #4364 ) ;
#3744 = FILL_AREA_STYLE ('',( #9592 ) ) ;
#3745 = AXIS2_PLACEMENT_3D ( 'NONE', #8277, #12248, #7317 ) ;
#3746 = ORIENTED_EDGE ( 'NONE', *, *, #9494, .T. ) ;
#3747 = CARTESIAN_POINT ( 'NONE',  ( 6.567688435743064268, 0.000000000000000000, -10.00000000000000000 ) ) ;
#3748 = PLANE ( 'NONE',  #9866 ) ;
#3749 = CARTESIAN_POINT ( 'NONE',  ( -7.959928164885467590E-17, 0.7437402936630139738, -18.00000000000000355 ) ) ;
#3750 = DIRECTION ( 'NONE',  ( 0.000000000000000000, -1.000000000000000000, 0.000000000000000000 ) ) ;
#3751 = ORIENTED_EDGE ( 'NONE', *, *, #8832, .T. ) ;
#3752 = CIRCLE ( 'NONE', #6432, 1.000000000000000888 ) ;
#3753 = COLOUR_RGB ( '',1.000000000000000000, 0.5019607843137254832, 0.5019607843137254832 ) ;
#3754 = CARTESIAN_POINT ( 'NONE',  ( 10.00000000000000000, 0.7437402936630139738, 0.5000000000000000000 ) ) ;
#3755 = VERTEX_POINT ( 'NONE', #11240 ) ;
#3756 = CARTESIAN_POINT ( 'NONE',  ( 22.95000000000000284, -5.000000000000000000, -15.81731622733540199 ) ) ;
#3757 = CARTESIAN_POINT ( 'NONE',  ( 22.95000000000000284, 0.000000000000000000, -15.22999999999999687 ) ) ;
#3758 = DIRECTION ( 'NONE',  ( 1.000000000000000000, 0.000000000000000000, 0.000000000000000000 ) ) ;
#3759 = VERTEX_POINT ( 'NONE', #5398 ) ;
#3760 = CARTESIAN_POINT ( 'NONE',  ( 1.029999999999999583, 12.77659106982886783, -2.498455167896214579 ) ) ;
#3761 = DIRECTION ( 'NONE',  ( 1.000000000000000000, 0.000000000000000000, 0.000000000000000000 ) ) ;
#3762 = AXIS2_PLACEMENT_3D ( 'NONE', #8843, #12752, #3951 ) ;
#3763 = EDGE_CURVE ( 'NONE', #9886, #12490, #8296, .T. ) ;
#3764 = EDGE_CURVE ( 'NONE', #2233, #12229, #5338, .T. ) ;
#3765 = LINE ( 'NONE', #4725, #11866 ) ;
#3766 = LINE ( 'NONE', #754, #5843 ) ;
#3767 = ORIENTED_EDGE ( 'NONE', *, *, #9584, .F. ) ;
#3768 = ORIENTED_EDGE ( 'NONE', *, *, #3776, .F. ) ;
#3769 = CARTESIAN_POINT ( 'NONE',  ( 1.029999999999999583, 12.20709392125342418, -1.676461860280853200 ) ) ;
#3770 = CARTESIAN_POINT ( 'NONE',  ( 29.70589384587290382, 14.51832180537508776, -0.07518642710997522349 ) ) ;
#3771 = CARTESIAN_POINT ( 'NONE',  ( 1.675767064385880412, 1.730887774041955929, -10.00000000000000000 ) ) ;
#3772 = CARTESIAN_POINT ( 'NONE',  ( 26.12085837563301283, 14.38829763613029478, -0.1652703644666158045 ) ) ;
#3773 = SURFACE_SIDE_STYLE ('',( #7584 ) ) ;
#3774 = VECTOR ( 'NONE', #1981, 1000.000000000000000 ) ;
#3775 = DIRECTION ( 'NONE',  ( -1.000000000000000000, 0.000000000000000000, 0.000000000000000000 ) ) ;
#3776 = EDGE_CURVE ( 'NONE', #137, #1471, #6809, .T. ) ;
#3777 = CARTESIAN_POINT ( 'NONE',  ( 26.03000000000000114, 11.77659106982886605, -12.00000000000000000 ) ) ;
#3778 =( GEOMETRIC_REPRESENTATION_CONTEXT ( 3 ) GLOBAL_UNCERTAINTY_ASSIGNED_CONTEXT ( ( #6912 ) ) GLOBAL_UNIT_ASSIGNED_CONTEXT ( ( #1362, #5429, #5374 ) ) REPRESENTATION_CONTEXT ( 'NONE', 'WORKASPACE' ) );
#3779 = FILL_AREA_STYLE_COLOUR ( '', #5381 ) ;
#3780 = DIRECTION ( 'NONE',  ( -2.026546116795335870E-16, 1.000000000000000000, 0.000000000000000000 ) ) ;
#3781 = ORIENTED_EDGE ( 'NONE', *, *, #11703, .T. ) ;
#3782 = LINE ( 'NONE', #12708, #3895 ) ;
#3783 = LINE ( 'NONE', #4807, #10793 ) ;
#3784 = SURFACE_SIDE_STYLE ('',( #1894 ) ) ;
#3785 = FACE_OUTER_BOUND ( 'NONE', #1528, .T. ) ;
#3786 = ORIENTED_EDGE ( 'NONE', *, *, #1709, .T. ) ;
#3787 = LINE ( 'NONE', #8491, #5022 ) ;
#3788 = CIRCLE ( 'NONE', #7095, 1.000000000000000888 ) ;
#3789 = ORIENTED_EDGE ( 'NONE', *, *, #1712, .T. ) ;
#3790 = DIRECTION ( 'NONE',  ( 0.000000000000000000, -1.000000000000000000, 0.000000000000000000 ) ) ;
#3791 = EDGE_CURVE ( 'NONE', #11265, #11275, #12269, .T. ) ;
#3792 = PRESENTATION_LAYER_ASSIGNMENT (  '', '', ( #1699 ) ) ;
#3793 = EDGE_CURVE ( 'NONE', #2325, #253, #2669, .T. ) ;
#3794 = CYLINDRICAL_SURFACE ( 'NONE', #1355, 0.4000000000000010214 ) ;
#3795 =( GEOMETRIC_REPRESENTATION_CONTEXT ( 3 ) GLOBAL_UNCERTAINTY_ASSIGNED_CONTEXT ( ( #1852 ) ) GLOBAL_UNIT_ASSIGNED_CONTEXT ( ( #2530, #10548, #8581 ) ) REPRESENTATION_CONTEXT ( 'NONE', 'WORKASPACE' ) );
#3796 = VERTEX_POINT ( 'NONE', #3419 ) ;
#3797 = CARTESIAN_POINT ( 'NONE',  ( 5.000000000000000000, 10.77659106982886783, -1.974724807276290628 ) ) ;
#3798 = MECHANICAL_DESIGN_GEOMETRIC_PRESENTATION_REPRESENTATION (  '', ( #8931 ), #12210 ) ;
#3799 = AXIS2_PLACEMENT_3D ( 'NONE', #12236, #4591, #4520 ) ;
#3800 = ORIENTED_EDGE ( 'NONE', *, *, #1676, .T. ) ;
#3801 = CIRCLE ( 'NONE', #3193, 1.000000000000000888 ) ;
#3802 = ORIENTED_EDGE ( 'NONE', *, *, #8328, .T. ) ;
#3803 = MECHANICAL_DESIGN_GEOMETRIC_PRESENTATION_REPRESENTATION (  '', ( #4414 ), #1095 ) ;
#3804 = CARTESIAN_POINT ( 'NONE',  ( 22.95000000000000284, -5.000000000000000000, -7.242683772664591402 ) ) ;
#3805 = SURFACE_STYLE_FILL_AREA ( #5981 ) ;
#3806 = ORIENTED_EDGE ( 'NONE', *, *, #2261, .F. ) ;
#3807 =( GEOMETRIC_REPRESENTATION_CONTEXT ( 3 ) GLOBAL_UNCERTAINTY_ASSIGNED_CONTEXT ( ( #3927 ) ) GLOBAL_UNIT_ASSIGNED_CONTEXT ( ( #12718, #11753, #10529 ) ) REPRESENTATION_CONTEXT ( 'NONE', 'WORKASPACE' ) );
#3808 = ORIENTED_EDGE ( 'NONE', *, *, #10004, .T. ) ;
#3809 = ORIENTED_EDGE ( 'NONE', *, *, #11974, .F. ) ;
#3810 = DIRECTION ( 'NONE',  ( 0.000000000000000000, -0.000000000000000000, -1.000000000000000000 ) ) ;
#3811 = VECTOR ( 'NONE', #7999, 1000.000000000000000 ) ;
#3812 = UNCERTAINTY_MEASURE_WITH_UNIT (LENGTH_MEASURE( 1.000000000000000082E-05 ), #1440, 'distance_accuracy_value', 'NONE');
#3813 = CARTESIAN_POINT ( 'NONE',  ( 5.000000000000000000, 0.7437402936630139738, -21.62877342318509477 ) ) ;
#3814 = CIRCLE ( 'NONE', #10572, 1.000000000000000888 ) ;
#3815 = EDGE_CURVE ( 'NONE', #1338, #717, #7839, .T. ) ;
#3816 = VECTOR ( 'NONE', #2059, 1000.000000000000114 ) ;
#3817 = CARTESIAN_POINT ( 'NONE',  ( 12.94999999999999929, 0.000000000000000000, -7.429999999999998828 ) ) ;
#3818 = AXIS2_PLACEMENT_3D ( 'NONE', #6207, #377, #3395 ) ;
#3819 = EDGE_CURVE ( 'NONE', #3725, #3478, #7269, .T. ) ;
#3820 = LINE ( 'NONE', #3041, #11793 ) ;
#3821 = VERTEX_POINT ( 'NONE', #3349 ) ;
#3822 = CYLINDRICAL_SURFACE ( 'NONE', #4464, 0.5000000000000000000 ) ;
#3823 = UNCERTAINTY_MEASURE_WITH_UNIT (LENGTH_MEASURE( 1.000000000000000082E-05 ), #6779, 'distance_accuracy_value', 'NONE');
#3824 = AXIS2_PLACEMENT_3D ( 'NONE', #12021, #1184, #8940 ) ;
#3825 = AXIS2_PLACEMENT_3D ( 'NONE', #6936, #2170, #11933 ) ;
#3826 = CIRCLE ( 'NONE', #11612, 0.4000000000000010214 ) ;
#3827 = VERTEX_POINT ( 'NONE', #4428 ) ;
#3828 = PRESENTATION_LAYER_ASSIGNMENT (  '', '', ( #7522 ) ) ;
#3829 = VERTEX_POINT ( 'NONE', #11165 ) ;
#3830 = VERTEX_POINT ( 'NONE', #12199 ) ;
#3831 = FACE_OUTER_BOUND ( 'NONE', #9281, .T. ) ;
#3832 = CARTESIAN_POINT ( 'NONE',  ( 18.94855866409554679, 5.698981658683065277, 0.000000000000000000 ) ) ;
#3833 = FILL_AREA_STYLE_COLOUR ( '', #10916 ) ;
#3834 = VECTOR ( 'NONE', #5580, 1000.000000000000000 ) ;
#3835 = DIRECTION ( 'NONE',  ( 1.000000000000000000, 2.026546116795335870E-16, -0.000000000000000000 ) ) ;
#3836 = PRESENTATION_STYLE_ASSIGNMENT (( #6015 ) ) ;
#3837 = ORIENTED_EDGE ( 'NONE', *, *, #4008, .F. ) ;
#3838 = VERTEX_POINT ( 'NONE', #2435 ) ;
#3839 = VECTOR ( 'NONE', #6670, 1000.000000000000000 ) ;
#3840 = LINE ( 'NONE', #10689, #5384 ) ;
#3841 = ADVANCED_FACE ( 'NONE', ( #6370 ), #10262, .T. ) ;
#3842 = DIRECTION ( 'NONE',  ( 1.013273058397667935E-16, -1.000000000000000000, 0.000000000000000000 ) ) ;
#3843 = DIRECTION ( 'NONE',  ( 0.000000000000000000, -1.000000000000000000, 0.000000000000000000 ) ) ;
#3844 =( GEOMETRIC_REPRESENTATION_CONTEXT ( 3 ) GLOBAL_UNCERTAINTY_ASSIGNED_CONTEXT ( ( #2405 ) ) GLOBAL_UNIT_ASSIGNED_CONTEXT ( ( #229, #4336, #1155 ) ) REPRESENTATION_CONTEXT ( 'NONE', 'WORKASPACE' ) );
#3845 = ADVANCED_FACE ( 'NONE', ( #4552 ), #11425, .F. ) ;
#3846 = CARTESIAN_POINT ( 'NONE',  ( 15.00000000000000000, 0.000000000000000000, -12.00000000000000000 ) ) ;
#3847 = PRESENTATION_LAYER_ASSIGNMENT (  '', '', ( #2807 ) ) ;
#3848 = SURFACE_STYLE_FILL_AREA ( #3717 ) ;
#3849 = CARTESIAN_POINT ( 'NONE',  ( 11.02999999999999936, 14.56261116223713969, -0.04450167309616145928 ) ) ;
#3850 = FACE_OUTER_BOUND ( 'NONE', #2547, .T. ) ;
#3851 = AXIS2_PLACEMENT_3D ( 'NONE', #11651, #6781, #8644 ) ;
#3852 = CARTESIAN_POINT ( 'NONE',  ( 32.00000000000000000, 1.000000000000007105, 0.000000000000000000 ) ) ;
#3853 = CARTESIAN_POINT ( 'NONE',  ( 16.12172775006447267, 6.531472162044073215, -10.00000000000000000 ) ) ;
#3854 = DIRECTION ( 'NONE',  ( 0.000000000000000000, 0.000000000000000000, 1.000000000000000000 ) ) ;
#3855 = DIRECTION ( 'NONE',  ( 0.000000000000000000, 1.000000000000000000, 0.000000000000000000 ) ) ;
#3856 = ORIENTED_EDGE ( 'NONE', *, *, #10019, .T. ) ;
#3857 = LINE ( 'NONE', #6867, #8218 ) ;
#3858 = EDGE_CURVE ( 'NONE', #3759, #11353, #2945, .T. ) ;
#3859 = LINE ( 'NONE', #6871, #2899 ) ;
#3860 = EDGE_CURVE ( 'NONE', #10480, #8066, #6495, .T. ) ;
#3861 = ORIENTED_EDGE ( 'NONE', *, *, #6398, .T. ) ;
#3862 = CARTESIAN_POINT ( 'NONE',  ( 10.00000000000000000, 11.77659106982886783, -1.974724807276291516 ) ) ;
#3863 = VERTEX_POINT ( 'NONE', #5712 ) ;
#3864 = ORIENTED_EDGE ( 'NONE', *, *, #10070, .T. ) ;
#3865 =( LENGTH_UNIT ( ) NAMED_UNIT ( * ) SI_UNIT ( .MILLI., .METRE. ) );
#3866 = DIRECTION ( 'NONE',  ( 0.000000000000000000, 0.000000000000000000, 1.000000000000000000 ) ) ;
#3867 = EDGE_LOOP ( 'NONE', ( #9183, #5737, #11893, #9593 ) ) ;
#3868 = CARTESIAN_POINT ( 'NONE',  ( 4.948558664095547677, 5.698981658683065277, -10.00000000000000000 ) ) ;
#3869 = EDGE_CURVE ( 'NONE', #141, #3161, #9620, .T. ) ;
#3870 = ORIENTED_EDGE ( 'NONE', *, *, #6078, .F. ) ;
#3871 = EDGE_CURVE ( 'NONE', #3829, #2012, #2809, .T. ) ;
#3872 = DIRECTION ( 'NONE',  ( -1.000000000000000000, 0.000000000000000000, -0.000000000000000000 ) ) ;
#3873 = SURFACE_STYLE_FILL_AREA ( #11693 ) ;
#3874 = VERTEX_POINT ( 'NONE', #10633 ) ;
#3875 = ORIENTED_EDGE ( 'NONE', *, *, #5727, .F. ) ;
#3876 = SURFACE_STYLE_USAGE ( .BOTH. , #738 ) ;
#3877 = DIRECTION ( 'NONE',  ( 0.000000000000000000, 0.000000000000000000, 1.000000000000000000 ) ) ;
#3878 = ORIENTED_EDGE ( 'NONE', *, *, #10268, .F. ) ;
#3879 = EDGE_CURVE ( 'NONE', #2887, #2147, #5459, .T. ) ;
#3880 = CARTESIAN_POINT ( 'NONE',  ( 28.03909090176839669, 0.000000000000000000, -21.62877342318509477 ) ) ;
#3881 = LINE ( 'NONE', #1801, #1023 ) ;
#3882 = CARTESIAN_POINT ( 'NONE',  ( 8.948558664095548565, 5.698981658683065277, -10.00000000000000000 ) ) ;
#3883 = VECTOR ( 'NONE', #11270, 1000.000000000000000 ) ;
#3884 = FACE_OUTER_BOUND ( 'NONE', #6485, .T. ) ;
#3885 = CARTESIAN_POINT ( 'NONE',  ( 9.948558664095546789, 5.698981658683065277, 0.000000000000000000 ) ) ;
#3886 = ORIENTED_EDGE ( 'NONE', *, *, #8751, .T. ) ;
#3887 = DIRECTION ( 'NONE',  ( 1.000000000000000000, 0.000000000000000000, 0.000000000000000000 ) ) ;
#3888 = DIRECTION ( 'NONE',  ( 2.026546116795336363E-16, -1.000000000000000000, -1.376838949271375885E-31 ) ) ;
#3889 = CARTESIAN_POINT ( 'NONE',  ( 3.948558664095548121, 2.730887774041955929, 0.000000000000000000 ) ) ;
#3890 = CARTESIAN_POINT ( 'NONE',  ( 14.75408174517711757, 15.00000000000000000, -0.2500000000000014988 ) ) ;
#3891 = ORIENTED_EDGE ( 'NONE', *, *, #3815, .F. ) ;
#3892 = EDGE_LOOP ( 'NONE', ( #9655, #6498, #7398, #3631 ) ) ;
#3893 = CARTESIAN_POINT ( 'NONE',  ( 6.120858375633014603, 14.38829763613029478, -0.1652703644666158045 ) ) ;
#3894 = DIRECTION ( 'NONE',  ( -0.000000000000000000, -0.000000000000000000, 1.000000000000000000 ) ) ;
#3895 = VECTOR ( 'NONE', #6614, 1000.000000000000000 ) ;
#3896 = CARTESIAN_POINT ( 'NONE',  ( 6.675767064385880190, 1.730887774041955929, -10.00000000000000000 ) ) ;
#3897 = DIRECTION ( 'NONE',  ( 1.000000000000000000, 2.922285384827992868E-16, 0.000000000000000000 ) ) ;
#3898 = DIRECTION ( 'NONE',  ( -1.000000000000000000, -2.026546116795335870E-16, -0.000000000000000000 ) ) ;
#3899 = EDGE_CURVE ( 'NONE', #4982, #11646, #8347, .T. ) ;
#3900 = CARTESIAN_POINT ( 'NONE',  ( 28.03909090176839669, 0.7437402936630143069, -18.00000000000000355 ) ) ;
#3901 = AXIS2_PLACEMENT_3D ( 'NONE', #7901, #11809, #3014 ) ;
#3902 = EDGE_CURVE ( 'NONE', #10888, #9717, #5574, .T. ) ;
#3903 = SURFACE_STYLE_USAGE ( .BOTH. , #4875 ) ;
#3904 = EDGE_LOOP ( 'NONE', ( #5318, #6792, #10801, #3475 ) ) ;
#3905 = CARTESIAN_POINT ( 'NONE',  ( 24.94855866409554679, 5.698981658683065277, -10.00000000000000000 ) ) ;
#3906 = CARTESIAN_POINT ( 'NONE',  ( 10.00000000000000000, 0.000000000000000000, 0.5000000000000000000 ) ) ;
#3907 = PLANE ( 'NONE',  #5027 ) ;
#3908 = VERTEX_POINT ( 'NONE', #8727 ) ;
#3909 = CARTESIAN_POINT ( 'NONE',  ( 0.8300000000000008482, 11.00000000000000000, -3.999999999999999112 ) ) ;
#3910 = VERTEX_POINT ( 'NONE', #55 ) ;
#3911 = SURFACE_STYLE_FILL_AREA ( #3981 ) ;
#3912 = FACE_OUTER_BOUND ( 'NONE', #5390, .T. ) ;
#3913 = ORIENTED_EDGE ( 'NONE', *, *, #9143, .T. ) ;
#3914 = CARTESIAN_POINT ( 'NONE',  ( 19.73914162436698305, 14.38829763613029478, -0.1652703644666174421 ) ) ;
#3915 = CARTESIAN_POINT ( 'NONE',  ( 25.00000000000000000, -3.659182332138577465E-16, -1.000000000000007772 ) ) ;
#3916 = ADVANCED_FACE ( 'NONE', ( #5900 ), #826, .F. ) ;
#3917 = CARTESIAN_POINT ( 'NONE',  ( 15.00000000000000000, 0.7437402936630139738, 0.5000000000000000000 ) ) ;
#3918 = VERTEX_POINT ( 'NONE', #4870 ) ;
#3919 = AXIS2_PLACEMENT_3D ( 'NONE', #7281, #5347, #88 ) ;
#3920 = DIRECTION ( 'NONE',  ( 0.000000000000000000, 0.000000000000000000, -1.000000000000000000 ) ) ;
#3921 = ORIENTED_EDGE ( 'NONE', *, *, #11394, .F. ) ;
#3922 = CARTESIAN_POINT ( 'NONE',  ( 17.94999999999999929, -4.599999999999999645, -15.62999999999999723 ) ) ;
#3923 = PRESENTATION_STYLE_ASSIGNMENT (( #2771 ) ) ;
#3924 = ORIENTED_EDGE ( 'NONE', *, *, #1216, .T. ) ;
#3925 = VERTEX_POINT ( 'NONE', #3005 ) ;
#3926 = CARTESIAN_POINT ( 'NONE',  ( 6.120858375633014603, 9.999999999999998224, -0.1652703644666149441 ) ) ;
#3927 = UNCERTAINTY_MEASURE_WITH_UNIT (LENGTH_MEASURE( 1.000000000000000082E-05 ), #12718, 'distance_accuracy_value', 'NONE');
#3928 = DIRECTION ( 'NONE',  ( 1.000000000000000000, 2.081668171172166620E-14, 0.000000000000000000 ) ) ;
#3929 = VECTOR ( 'NONE', #471, 1000.000000000000000 ) ;
#3930 = LINE ( 'NONE', #11700, #6087 ) ;
#3931 = EDGE_CURVE ( 'NONE', #5122, #3863, #12766, .T. ) ;
#3932 = DIRECTION ( 'NONE',  ( 2.026546116795335870E-16, -1.000000000000000000, 0.000000000000000000 ) ) ;
#3933 = VECTOR ( 'NONE', #2731, 1000.000000000000000 ) ;
#3934 =( GEOMETRIC_REPRESENTATION_CONTEXT ( 3 ) GLOBAL_UNCERTAINTY_ASSIGNED_CONTEXT ( ( #3039 ) ) GLOBAL_UNIT_ASSIGNED_CONTEXT ( ( #1340, #10096, #4269 ) ) REPRESENTATION_CONTEXT ( 'NONE', 'WORKASPACE' ) );
#3935 = CARTESIAN_POINT ( 'NONE',  ( 28.03909090176839669, 0.000000000000000000, 0.5000000000000000000 ) ) ;
#3936 = LINE ( 'NONE', #7868, #3137 ) ;
#3937 = DIRECTION ( 'NONE',  ( -1.000000000000000000, -0.000000000000000000, -0.000000000000000000 ) ) ;
#3938 = VECTOR ( 'NONE', #12555, 1000.000000000000000 ) ;
#3939 = MECHANICAL_DESIGN_GEOMETRIC_PRESENTATION_REPRESENTATION (  '', ( #8668 ), #8475 ) ;
#3940 = CARTESIAN_POINT ( 'NONE',  ( 19.94855866409554679, 2.730887774041963034, 0.000000000000000000 ) ) ;
#3941 = ORIENTED_EDGE ( 'NONE', *, *, #170, .T. ) ;
#3942 = VERTEX_POINT ( 'NONE', #8794 ) ;
#3943 = CARTESIAN_POINT ( 'NONE',  ( 23.94855866409553968, 1.730887774041955929, -10.00000000000000000 ) ) ;
#3944 = EDGE_LOOP ( 'NONE', ( #1275, #7435 ) ) ;
#3945 = LINE ( 'NONE', #7880, #11014 ) ;
#3946 = EDGE_CURVE ( 'NONE', #5762, #10045, #1570, .T. ) ;
#3947 = ADVANCED_FACE ( 'NONE', ( #7061 ), #3961, .F. ) ;
#3948 = AXIS2_PLACEMENT_3D ( 'NONE', #1604, #5552, #5378 ) ;
#3949 = EDGE_CURVE ( 'NONE', #2056, #4768, #5072, .T. ) ;
#3950 = LINE ( 'NONE', #5812, #4387 ) ;
#3951 = DIRECTION ( 'NONE',  ( 0.000000000000000000, -0.000000000000000000, -1.000000000000000000 ) ) ;
#3952 = FACE_OUTER_BOUND ( 'NONE', #1002, .T. ) ;
#3953 = FILL_AREA_STYLE_COLOUR ( '', #4845 ) ;
#3954 = VERTEX_POINT ( 'NONE', #6928 ) ;
#3955 = ORIENTED_EDGE ( 'NONE', *, *, #12418, .F. ) ;
#3956 = COLOUR_RGB ( '',1.000000000000000000, 0.5019607843137254832, 0.5019607843137254832 ) ;
#3957 = FACE_OUTER_BOUND ( 'NONE', #981, .T. ) ;
#3958 = LINE ( 'NONE', #8996, #11388 ) ;
#3959 = AXIS2_PLACEMENT_3D ( 'NONE', #1526, #12405, #2711 ) ;
#3960 = CARTESIAN_POINT ( 'NONE',  ( 28.94855866409555034, 2.730887774041955929, -10.00000000000000000 ) ) ;
#3961 = PLANE ( 'NONE',  #3681 ) ;
#3962 = ADVANCED_FACE ( 'NONE', ( #11667 ), #125, .F. ) ;
#3963 = CARTESIAN_POINT ( 'NONE',  ( 16.56768843574306516, 0.000000000000000000, -10.00000000000000000 ) ) ;
#3964 = UNCERTAINTY_MEASURE_WITH_UNIT (LENGTH_MEASURE( 1.000000000000000082E-05 ), #3399, 'distance_accuracy_value', 'NONE');
#3965 = LINE ( 'NONE', #902, #1924 ) ;
#3966 = FACE_OUTER_BOUND ( 'NONE', #8224, .T. ) ;
#3967 = EDGE_CURVE ( 'NONE', #5446, #12437, #9865, .T. ) ;
#3968 = SURFACE_STYLE_USAGE ( .BOTH. , #7899 ) ;
#3969 = AXIS2_PLACEMENT_3D ( 'NONE', #4960, #5733, #8879 ) ;
#3970 = FILL_AREA_STYLE_COLOUR ( '', #9684 ) ;
#3971 = VERTEX_POINT ( 'NONE', #3131 ) ;
#3972 = SURFACE_STYLE_FILL_AREA ( #10134 ) ;
#3973 = B_SPLINE_CURVE_WITH_KNOTS ( 'NONE', 3,
 ( #6711, #3999, #992, #6963, #5931, #5743 ),
 .UNSPECIFIED., .F., .F.,
 ( 4, 2, 4 ),
 ( 1.273937552670472525E-18, 0.0001836758004188033459, 0.0003673516008376054450 ),
 .UNSPECIFIED. ) ;
#3974 = ORIENTED_EDGE ( 'NONE', *, *, #5276, .T. ) ;
#3975 = MECHANICAL_DESIGN_GEOMETRIC_PRESENTATION_REPRESENTATION (  '', ( #8497 ), #9578 ) ;
#3976 = CARTESIAN_POINT ( 'NONE',  ( 32.00000000000000000, 1.000000000000007105, 0.000000000000000000 ) ) ;
#3977 = EDGE_LOOP ( 'NONE', ( #7530, #451, #5038, #7603 ) ) ;
#3978 = DIRECTION ( 'NONE',  ( 1.000000000000000000, 0.000000000000000000, 0.000000000000000000 ) ) ;
#3979 = AXIS2_PLACEMENT_3D ( 'NONE', #3832, #1086, #10681 ) ;
#3980 = ORIENTED_EDGE ( 'NONE', *, *, #10187, .T. ) ;
#3981 = FILL_AREA_STYLE ('',( #11046 ) ) ;
#3982 = VERTEX_POINT ( 'NONE', #1025 ) ;
#3983 = SURFACE_STYLE_USAGE ( .BOTH. , #3025 ) ;
#3984 = LINE ( 'NONE', #7216, #12251 ) ;
#3985 = SURFACE_SIDE_STYLE ('',( #10857 ) ) ;
#3986 = ORIENTED_EDGE ( 'NONE', *, *, #5537, .T. ) ;
#3987 = CARTESIAN_POINT ( 'NONE',  ( 32.00000000000000000, 0.7437402936630174155, -17.46660796753807432 ) ) ;
#3988 = ORIENTED_EDGE ( 'NONE', *, *, #5816, .F. ) ;
#3989 = CIRCLE ( 'NONE', #11166, 1.000000000000000888 ) ;
#3990 = DIRECTION ( 'NONE',  ( -0.000000000000000000, 0.000000000000000000, 1.000000000000000000 ) ) ;
#3991 = CARTESIAN_POINT ( 'NONE',  ( 16.02999999999999758, 9.999999999999998224, -0.6805538183541244290 ) ) ;
#3992 = VERTEX_POINT ( 'NONE', #6798 ) ;
#3993 = CARTESIAN_POINT ( 'NONE',  ( 13.03909090176839314, 0.000000000000000000, 0.5000000000000000000 ) ) ;
#3994 = EDGE_CURVE ( 'NONE', #10404, #11158, #10694, .T. ) ;
#3995 = CARTESIAN_POINT ( 'NONE',  ( -11.59539195080408547, 11.77659106982886428, -12.00000000000000000 ) ) ;
#3996 = EDGE_CURVE ( 'NONE', #1375, #4714, #9732, .T. ) ;
#3997 = FILL_AREA_STYLE ('',( #5989 ) ) ;
#3998 = COLOUR_RGB ( '',0.8313725490196077761, 0.8392156862745098200, 0.8313725490196077761 ) ;
#3999 = CARTESIAN_POINT ( 'NONE',  ( 11.13105813787144527, 14.96436564214315013, -0.1074246383193845494 ) ) ;
#4000 = VECTOR ( 'NONE', #6702, 1000.000000000000000 ) ;
#4001 = CIRCLE ( 'NONE', #6469, 4.000000000000000000 ) ;
#4002 = CARTESIAN_POINT ( 'NONE',  ( 22.95000000000000284, 0.000000000000000000, -7.429999999999998828 ) ) ;
#4003 = VECTOR ( 'NONE', #8850, 1000.000000000000000 ) ;
#4004 = STYLED_ITEM ( 'NONE', ( #11495 ), #5112 ) ;
#4005 = ORIENTED_EDGE ( 'NONE', *, *, #7641, .F. ) ;
#4006 = CARTESIAN_POINT ( 'NONE',  ( -6.595391950804084580, 14.56261116223713792, -0.04450167309616086947 ) ) ;
#4007 = PRESENTATION_STYLE_ASSIGNMENT (( #11775 ) ) ;
#4008 = EDGE_CURVE ( 'NONE', #4479, #1242, #10761, .T. ) ;
#4009 = MECHANICAL_DESIGN_GEOMETRIC_PRESENTATION_REPRESENTATION (  '', ( #3200 ), #6066 ) ;
#4010 = VERTEX_POINT ( 'NONE', #183 ) ;
#4011 = VECTOR ( 'NONE', #1887, 1000.000000000000000 ) ;
#4012 = FACE_OUTER_BOUND ( 'NONE', #2737, .T. ) ;
#4013 = VECTOR ( 'NONE', #4720, 1000.000000000000000 ) ;
#4014 = DIRECTION ( 'NONE',  ( -0.000000000000000000, -0.000000000000000000, 1.000000000000000000 ) ) ;
#4015 = ORIENTED_EDGE ( 'NONE', *, *, #12041, .T. ) ;
#4016 = EDGE_LOOP ( 'NONE', ( #11439, #5411, #9951, #9453, #9536 ) ) ;
#4017 = ORIENTED_EDGE ( 'NONE', *, *, #9598, .T. ) ;
#4018 = CARTESIAN_POINT ( 'NONE',  ( 28.56833203617090788, 9.242953882361238271, -10.00000000000000000 ) ) ;
#4019 = ORIENTED_EDGE ( 'NONE', *, *, #3648, .T. ) ;
#4020 = DIRECTION ( 'NONE',  ( -1.000000000000000000, -0.000000000000000000, -0.000000000000000000 ) ) ;
#4021 = CARTESIAN_POINT ( 'NONE',  ( 9.754081745177115792, 15.00000000000000000, -0.2500000000000014988 ) ) ;
#4022 = CARTESIAN_POINT ( 'NONE',  ( 1.105918254822883195, 14.99999999999999822, -0.2500000000000021094 ) ) ;
#4023 = MECHANICAL_DESIGN_GEOMETRIC_PRESENTATION_REPRESENTATION (  '', ( #12024 ), #8960 ) ;
#4024 = ORIENTED_EDGE ( 'NONE', *, *, #12163, .T. ) ;
#4025 = CARTESIAN_POINT ( 'NONE',  ( 25.00000000000000000, 15.00000000000000000, -12.00000000000000000 ) ) ;
#4026 = DIRECTION ( 'NONE',  ( -1.000000000000000000, -0.000000000000000000, -0.000000000000000000 ) ) ;
#4027 = EDGE_LOOP ( 'NONE', ( #2307, #10326, #3179, #7467 ) ) ;
#4028 = ORIENTED_EDGE ( 'NONE', *, *, #10987, .F. ) ;
#4029 = ADVANCED_FACE ( 'NONE', ( #10008 ), #6094, .F. ) ;
#4030 = FILL_AREA_STYLE ('',( #10057 ) ) ;
#4031 = EDGE_CURVE ( 'NONE', #9919, #2121, #6761, .T. ) ;
#4032 = SURFACE_SIDE_STYLE ('',( #9795 ) ) ;
#4033 = STYLED_ITEM ( 'NONE', ( #8481 ), #5917 ) ;
#4034 = VECTOR ( 'NONE', #12716, 1000.000000000000000 ) ;
#4035 = CIRCLE ( 'NONE', #11210, 1.000000000000000888 ) ;
#4036 = CARTESIAN_POINT ( 'NONE',  ( 15.56768843574306516, 7.363962665405081154, -10.00000000000000000 ) ) ;
#4037 = CARTESIAN_POINT ( 'NONE',  ( 5.000000000000000000, 10.99999999999997158, 0.000000000000000000 ) ) ;
#4038 = CARTESIAN_POINT ( 'NONE',  ( 14.73914162436698660, 14.38829763613029478, -0.1652703644666174421 ) ) ;
#4039 = ORIENTED_EDGE ( 'NONE', *, *, #1103, .F. ) ;
#4040 = CARTESIAN_POINT ( 'NONE',  ( 2.950000000000000178, -4.599999999999999645, -16.02999999999999758 ) ) ;
#4041 = SURFACE_STYLE_FILL_AREA ( #1029 ) ;
#4042 = AXIS2_PLACEMENT_3D ( 'NONE', #12717, #12653, #10711 ) ;
#4043 = MECHANICAL_DESIGN_GEOMETRIC_PRESENTATION_REPRESENTATION (  '', ( #12439 ), #4626 ) ;
#4044 = CARTESIAN_POINT ( 'NONE',  ( 28.94855866409555034, 5.698981658683065277, -10.00000000000000000 ) ) ;
#4045 = CYLINDRICAL_SURFACE ( 'NONE', #5603, 0.1999999999999996503 ) ;
#4046 = EDGE_CURVE ( 'NONE', #6527, #11832, #10038, .T. ) ;
#4047 = ORIENTED_EDGE ( 'NONE', *, *, #10623, .T. ) ;
#4048 = CARTESIAN_POINT ( 'NONE',  ( 29.94855866409555034, 1.446110066005035942E-15, -10.00000000000000000 ) ) ;
#4049 = VECTOR ( 'NONE', #9667, 1000.000000000000000 ) ;
#4050 = ORIENTED_EDGE ( 'NONE', *, *, #9708, .T. ) ;
#4051 = DIRECTION ( 'NONE',  ( 2.026546116795336363E-16, -1.000000000000000000, -1.376838949271375885E-31 ) ) ;
#4052 = CIRCLE ( 'NONE', #2615, 0.4000000000000010214 ) ;
#4053 = CARTESIAN_POINT ( 'NONE',  ( 4.948558664095547677, 5.698981658683065277, -10.00000000000000000 ) ) ;
#4054 = ORIENTED_EDGE ( 'NONE', *, *, #583, .T. ) ;
#4055 = AXIS2_PLACEMENT_3D ( 'NONE', #1675, #12438, #822 ) ;
#4056 = LINE ( 'NONE', #4178, #1946 ) ;
#4057 = LINE ( 'NONE', #9956, #8549 ) ;
#4058 = FILL_AREA_STYLE ('',( #923 ) ) ;
#4059 = ORIENTED_EDGE ( 'NONE', *, *, #6589, .F. ) ;
#4060 = CARTESIAN_POINT ( 'NONE',  ( 8.404608049195916308, 14.70498544938100061, 4.285806796896921512E-17 ) ) ;
#4061 = AXIS2_PLACEMENT_3D ( 'NONE', #874, #11585, #7681 ) ;
#4062 = VERTEX_POINT ( 'NONE', #10123 ) ;
#4063 = CARTESIAN_POINT ( 'NONE',  ( 17.06768843574306871, 9.742953882361238271, 0.000000000000000000 ) ) ;
#4064 = LINE ( 'NONE', #7995, #11498 ) ;
#4065 = EDGE_LOOP ( 'NONE', ( #4017, #3641, #4047, #8786 ) ) ;
#4066 = ORIENTED_EDGE ( 'NONE', *, *, #10646, .T. ) ;
#4067 = FACE_OUTER_BOUND ( 'NONE', #2340, .T. ) ;
#4068 = DIRECTION ( 'NONE',  ( 0.000000000000000000, 0.000000000000000000, -1.000000000000000000 ) ) ;
#4069 = DIRECTION ( 'NONE',  ( 0.000000000000000000, -1.000000000000000000, 0.000000000000000000 ) ) ;
#4070 = ADVANCED_FACE ( 'NONE', ( #4160 ), #9053, .T. ) ;
#4071 = FACE_OUTER_BOUND ( 'NONE', #11118, .T. ) ;
#4072 = FACE_OUTER_BOUND ( 'NONE', #3063, .T. ) ;
#4073 = ORIENTED_EDGE ( 'NONE', *, *, #1979, .T. ) ;
#4074 = LINE ( 'NONE', #7178, #427 ) ;
#4075 = CARTESIAN_POINT ( 'NONE',  ( 2.950000000000000178, 0.000000000000000000, -16.02999999999999758 ) ) ;
#4076 = PRESENTATION_STYLE_ASSIGNMENT (( #6138 ) ) ;
#4077 = DIRECTION ( 'NONE',  ( -0.000000000000000000, -0.000000000000000000, 1.000000000000000000 ) ) ;
#4078 = UNCERTAINTY_MEASURE_WITH_UNIT (LENGTH_MEASURE( 1.000000000000000082E-05 ), #547, 'distance_accuracy_value', 'NONE');
#4079 = EDGE_LOOP ( 'NONE', ( #9344, #887, #7751, #9406, #11660 ) ) ;
#4080 = SURFACE_STYLE_USAGE ( .BOTH. , #6338 ) ;
#4081 = DIRECTION ( 'NONE',  ( 1.013273058397668058E-16, -1.000000000000000000, -5.746557074399123046E-16 ) ) ;
#4082 = ORIENTED_EDGE ( 'NONE', *, *, #10716, .T. ) ;
#4083 = CARTESIAN_POINT ( 'NONE',  ( 20.67576706438588019, 0.000000000000000000, -10.00000000000000000 ) ) ;
#4084 = EDGE_CURVE ( 'NONE', #1242, #4503, #12693, .T. ) ;
#4085 = CARTESIAN_POINT ( 'NONE',  ( 32.00000000000000000, 0.9999999999999997780, -17.50000000000000000 ) ) ;
#4086 = ORIENTED_EDGE ( 'NONE', *, *, #7547, .T. ) ;
#4087 = EDGE_CURVE ( 'NONE', #8749, #9574, #948, .T. ) ;
#4088 = ORIENTED_EDGE ( 'NONE', *, *, #3011, .T. ) ;
#4089 = PRODUCT_CONTEXT ( 'NONE', #1872, 'mechanical' ) ;
#4090 = SURFACE_STYLE_FILL_AREA ( #6925 ) ;
#4091 = DIRECTION ( 'NONE',  ( 0.000000000000000000, -1.000000000000000000, 0.000000000000000000 ) ) ;
#4092 = ORIENTED_EDGE ( 'NONE', *, *, #1332, .F. ) ;
#4093 = DIRECTION ( 'NONE',  ( 0.000000000000000000, -0.000000000000000000, -1.000000000000000000 ) ) ;
#4094 = CARTESIAN_POINT ( 'NONE',  ( 3.948558664095548121, 5.698981658683065277, -10.00000000000000000 ) ) ;
#4095 = CYLINDRICAL_SURFACE ( 'NONE', #7780, 0.4000000000000001887 ) ;
#4096 =( GEOMETRIC_REPRESENTATION_CONTEXT ( 3 ) GLOBAL_UNCERTAINTY_ASSIGNED_CONTEXT ( ( #3466 ) ) GLOBAL_UNIT_ASSIGNED_CONTEXT ( ( #12209, #3607, #5405 ) ) REPRESENTATION_CONTEXT ( 'NONE', 'WORKASPACE' ) );
#4097 = EDGE_CURVE ( 'NONE', #9717, #8164, #10062, .T. ) ;
#4098 = CARTESIAN_POINT ( 'NONE',  ( 16.12085837563301283, 14.38829763613029478, -0.1652703644666158045 ) ) ;
#4099 = EDGE_CURVE ( 'NONE', #4181, #776, #10115, .T. ) ;
#4100 = DIRECTION ( 'NONE',  ( 0.000000000000000000, -1.000000000000000000, 0.000000000000000000 ) ) ;
#4101 =( LENGTH_UNIT ( ) NAMED_UNIT ( * ) SI_UNIT ( .MILLI., .METRE. ) );
#4102 = CARTESIAN_POINT ( 'NONE',  ( 5.830000000000001847, 8.410166384700659243E-17, -12.00000000000000000 ) ) ;
#4103 = SURFACE_STYLE_USAGE ( .BOTH. , #8173 ) ;
#4104 = ORIENTED_EDGE ( 'NONE', *, *, #10361, .F. ) ;
#4105 = ORIENTED_EDGE ( 'NONE', *, *, #8840, .F. ) ;
#4106 =( NAMED_UNIT ( * ) PLANE_ANGLE_UNIT ( ) SI_UNIT ( $, .RADIAN. ) );
#4107 = EDGE_LOOP ( 'NONE', ( #10332, #12068, #7991, #2947 ) ) ;
#4108 = VECTOR ( 'NONE', #6598, 1000.000000000000000 ) ;
#4109 = CARTESIAN_POINT ( 'NONE',  ( 12.94999999999999929, -5.000000000000000000, -15.22999999999999687 ) ) ;
#4110 = ORIENTED_EDGE ( 'NONE', *, *, #5124, .T. ) ;
#4111 = PRESENTATION_STYLE_ASSIGNMENT (( #9013 ) ) ;
#4112 = ADVANCED_FACE ( 'NONE', ( #4404 ), #12071, .T. ) ;
#4113 = EDGE_CURVE ( 'NONE', #7309, #5269, #5336, .T. ) ;
#4114 = CARTESIAN_POINT ( 'NONE',  ( 11.67576706438588019, 2.730887774041955929, -10.00000000000000000 ) ) ;
#4115 = SURFACE_STYLE_USAGE ( .BOTH. , #9015 ) ;
#4116 = ORIENTED_EDGE ( 'NONE', *, *, #12042, .T. ) ;
#4117 = FACE_OUTER_BOUND ( 'NONE', #3892, .T. ) ;
#4118 = VERTEX_POINT ( 'NONE', #10962 ) ;
#4119 = LINE ( 'NONE', #6118, #11592 ) ;
#4120 = LINE ( 'NONE', #348, #598 ) ;
#4121 = PRESENTATION_LAYER_ASSIGNMENT (  '', '', ( #7224 ) ) ;
#4122 = ORIENTED_EDGE ( 'NONE', *, *, #3871, .T. ) ;
#4123 = ORIENTED_EDGE ( 'NONE', *, *, #3722, .F. ) ;
#4124 = LINE ( 'NONE', #10867, #7518 ) ;
#4125 = PLANE ( 'NONE',  #5464 ) ;
#4126 = ORIENTED_EDGE ( 'NONE', *, *, #7804, .T. ) ;
#4127 = FILL_AREA_STYLE ('',( #12157 ) ) ;
#4128 = AXIS2_PLACEMENT_3D ( 'NONE', #12662, #2049, #9897 ) ;
#4129 = SURFACE_SIDE_STYLE ('',( #1269 ) ) ;
#4130 = ORIENTED_EDGE ( 'NONE', *, *, #1796, .F. ) ;
#4131 =( BOUNDED_CURVE ( )  B_SPLINE_CURVE ( 3, ( #9105, #11145, #11214, #8273 ),
 .UNSPECIFIED., .F., .T. ) 
 B_SPLINE_CURVE_WITH_KNOTS ( ( 4, 4 ),
 ( 0.6801289419011394832, 1.396263401595479348 ),
 .UNSPECIFIED. ) 
 CURVE ( )  GEOMETRIC_REPRESENTATION_ITEM ( )  RATIONAL_B_SPLINE_CURVE ( ( 1.000000000000000000, 0.9577172935399689280, 0.9577172935399689280, 1.000000000000000000 ) ) 
 REPRESENTATION_ITEM ( '' )  );
#4132 = STYLED_ITEM ( 'NONE', ( #10468 ), #831 ) ;
#4133 = ORIENTED_EDGE ( 'NONE', *, *, #6621, .T. ) ;
#4134 = DIRECTION ( 'NONE',  ( 1.000000000000000000, 2.026546116795335870E-16, -0.000000000000000000 ) ) ;
#4135 = DIRECTION ( 'NONE',  ( -1.000000000000000000, -0.000000000000000000, -0.000000000000000000 ) ) ;
#4136 =( GEOMETRIC_REPRESENTATION_CONTEXT ( 3 ) GLOBAL_UNCERTAINTY_ASSIGNED_CONTEXT ( ( #307 ) ) GLOBAL_UNIT_ASSIGNED_CONTEXT ( ( #11297, #7155, #6427 ) ) REPRESENTATION_CONTEXT ( 'NONE', 'WORKASPACE' ) );
#4137 = VERTEX_POINT ( 'NONE', #9114 ) ;
#4138 = PLANE ( 'NONE',  #1035 ) ;
#4139 = AXIS2_PLACEMENT_3D ( 'NONE', #3272, #4240, #9121 ) ;
#4140 = CARTESIAN_POINT ( 'NONE',  ( 17.94999999999999929, -5.000000000000000000, -7.429999999999998828 ) ) ;
#4141 = CARTESIAN_POINT ( 'NONE',  ( 20.00000000000000000, 0.000000000000000000, -18.00000000000000355 ) ) ;
#4142 = ORIENTED_EDGE ( 'NONE', *, *, #12085, .F. ) ;
#4143 = DIRECTION ( 'NONE',  ( -1.070256409758549784E-16, 1.000000000000000000, 0.000000000000000000 ) ) ;
#4144 = VERTEX_POINT ( 'NONE', #12183 ) ;
#4145 = SURFACE_SIDE_STYLE ('',( #5315 ) ) ;
#4146 = DIRECTION ( 'NONE',  ( 0.000000000000000000, 1.000000000000000000, 0.000000000000000000 ) ) ;
#4147 = CARTESIAN_POINT ( 'NONE',  ( 11.67576706438588019, 1.730887774041955929, -10.00000000000000000 ) ) ;
#4148 = ORIENTED_EDGE ( 'NONE', *, *, #9863, .T. ) ;
#4149 = CONICAL_SURFACE ( 'NONE', #1869, 0.1873162273354038454, 0.4886921905584215020 ) ;
#4150 = DIRECTION ( 'NONE',  ( -2.922285384827992868E-16, 1.000000000000000000, 0.000000000000000000 ) ) ;
#4151 = DIRECTION ( 'NONE',  ( 1.000000000000000000, 2.026546116795335870E-16, -0.000000000000000000 ) ) ;
#4152 = VERTEX_POINT ( 'NONE', #11995 ) ;
#4153 = VERTEX_POINT ( 'NONE', #7144 ) ;
#4154 =( NAMED_UNIT ( * ) PLANE_ANGLE_UNIT ( ) SI_UNIT ( $, .RADIAN. ) );
#4155 = CARTESIAN_POINT ( 'NONE',  ( 25.00000000000000000, 0.7437402936630139738, 0.5000000000000000000 ) ) ;
#4156 = CIRCLE ( 'NONE', #3353, 0.4000000000000010214 ) ;
#4157 = EDGE_CURVE ( 'NONE', #8056, #10888, #5257, .T. ) ;
#4158 = DIRECTION ( 'NONE',  ( -0.000000000000000000, -0.000000000000000000, 1.000000000000000000 ) ) ;
#4159 = EDGE_CURVE ( 'NONE', #1060, #10412, #6347, .T. ) ;
#4160 = FACE_OUTER_BOUND ( 'NONE', #173, .T. ) ;
#4161 = CARTESIAN_POINT ( 'NONE',  ( 0.000000000000000000, 10.99999999999997158, 0.000000000000000000 ) ) ;
#4162 = CARTESIAN_POINT ( 'NONE',  ( 32.00000000000000000, 0.9999999999999997780, -0.9999999999999997780 ) ) ;
#4163 = CYLINDRICAL_SURFACE ( 'NONE', #4835, 0.5000000000000004441 ) ;
#4164 =( GEOMETRIC_REPRESENTATION_CONTEXT ( 3 ) GLOBAL_UNCERTAINTY_ASSIGNED_CONTEXT ( ( #5596 ) ) GLOBAL_UNIT_ASSIGNED_CONTEXT ( ( #4880, #964, #1 ) ) REPRESENTATION_CONTEXT ( 'NONE', 'WORKASPACE' ) );
#4165 = DIRECTION ( 'NONE',  ( 0.000000000000000000, -1.000000000000000000, -0.000000000000000000 ) ) ;
#4166 = CARTESIAN_POINT ( 'NONE',  ( 3.039090901768393138, 0.7437402936630143069, -21.62877342318509477 ) ) ;
#4167 = DIRECTION ( 'NONE',  ( 0.000000000000000000, 1.000000000000000000, 0.000000000000000000 ) ) ;
#4168 = DIRECTION ( 'NONE',  ( 1.013273058397667935E-16, -1.000000000000000000, 0.000000000000000000 ) ) ;
#4169 = VERTEX_POINT ( 'NONE', #320 ) ;
#4170 = EDGE_CURVE ( 'NONE', #7593, #10116, #247, .T. ) ;
#4171 = LINE ( 'NONE', #9008, #8116 ) ;
#4172 = ORIENTED_EDGE ( 'NONE', *, *, #8345, .T. ) ;
#4173 = DIRECTION ( 'NONE',  ( 0.000000000000000000, 1.000000000000000000, 0.000000000000000000 ) ) ;
#4174 = CARTESIAN_POINT ( 'NONE',  ( 24.83000000000000185, 12.20709392125342596, -1.676461860280853200 ) ) ;
#4175 = ADVANCED_FACE ( 'NONE', ( #3261 ), #4351, .T. ) ;
#4176 = PRESENTATION_STYLE_ASSIGNMENT (( #11820 ) ) ;
#4177 = VERTEX_POINT ( 'NONE', #1554 ) ;
#4178 = CARTESIAN_POINT ( 'NONE',  ( 13.94855866409554146, 1.730887774041955929, -10.00000000000000000 ) ) ;
#4179 = DIRECTION ( 'NONE',  ( 2.026546116795335870E-16, -1.000000000000000000, 0.000000000000000000 ) ) ;
#4180 = FILL_AREA_STYLE_COLOUR ( '', #2607 ) ;
#4181 = VERTEX_POINT ( 'NONE', #6649 ) ;
#4182 = CIRCLE ( 'NONE', #12580, 1.000000000000000888 ) ;
#4183 = ORIENTED_EDGE ( 'NONE', *, *, #11922, .T. ) ;
#4184 = FACE_OUTER_BOUND ( 'NONE', #1284, .T. ) ;
#4185 = DIRECTION ( 'NONE',  ( 1.000000000000000000, 2.026546116795335870E-16, -0.000000000000000000 ) ) ;
#4186 = ORIENTED_EDGE ( 'NONE', *, *, #9491, .F. ) ;
#4187 = SURFACE_SIDE_STYLE ('',( #1059 ) ) ;
#4188 = EDGE_CURVE ( 'NONE', #7942, #11113, #10308, .T. ) ;
#4189 = EDGE_CURVE ( 'NONE', #9947, #3084, #4477, .T. ) ;
#4190 = AXIS2_PLACEMENT_3D ( 'NONE', #4114, #5971, #6170 ) ;
#4191 = ORIENTED_EDGE ( 'NONE', *, *, #11169, .T. ) ;
#4192 = PLANE ( 'NONE',  #56 ) ;
#4193 = CARTESIAN_POINT ( 'NONE',  ( 23.03909090176839314, 0.000000000000000000, -21.62877342318509477 ) ) ;
#4194 = CARTESIAN_POINT ( 'NONE',  ( 20.56768843574306516, 7.363962665405081154, -10.00000000000000000 ) ) ;
#4195 = PRESENTATION_LAYER_ASSIGNMENT (  '', '', ( #12586 ) ) ;
#4196 = VECTOR ( 'NONE', #3237, 1000.000000000000000 ) ;
#4197 = CARTESIAN_POINT ( 'NONE',  ( 8.404608049195916308, 13.99999999999999645, -11.00000000000000178 ) ) ;
#4198 = VERTEX_POINT ( 'NONE', #8594 ) ;
#4199 = CARTESIAN_POINT ( 'NONE',  ( 30.03000000000000114, 15.00000000000000000, -12.00000000000000000 ) ) ;
#4200 = EDGE_CURVE ( 'NONE', #109, #969, #12485, .T. ) ;
#4201 = PLANE ( 'NONE',  #3431 ) ;
#4202 = AXIS2_PLACEMENT_3D ( 'NONE', #10068, #12188, #5445 ) ;
#4203 = CARTESIAN_POINT ( 'NONE',  ( -1.595391950804084580, 13.99999999999998757, -12.00000000000000000 ) ) ;
#4204 = UNCERTAINTY_MEASURE_WITH_UNIT (LENGTH_MEASURE( 1.000000000000000082E-05 ), #1764, 'distance_accuracy_value', 'NONE');
#4205 = COLOUR_RGB ( '',0.8313725490196077761, 0.8392156862745098200, 0.8313725490196077761 ) ;
#4206 = VECTOR ( 'NONE', #2614, 1000.000000000000000 ) ;
#4207 = VECTOR ( 'NONE', #7765, 1000.000000000000000 ) ;
#4208 = DIRECTION ( 'NONE',  ( 2.026546116795335870E-16, -1.000000000000000000, 0.000000000000000000 ) ) ;
#4209 = CIRCLE ( 'NONE', #7292, 0.9999999999999991118 ) ;
#4210 = EDGE_LOOP ( 'NONE', ( #9271, #2033, #11803, #3436 ) ) ;
#4211 = DIRECTION ( 'NONE',  ( -1.000000000000000000, 0.000000000000000000, 0.000000000000000000 ) ) ;
#4212 = ORIENTED_EDGE ( 'NONE', *, *, #11502, .F. ) ;
#4213 = FACE_OUTER_BOUND ( 'NONE', #10137, .T. ) ;
#4214 = ORIENTED_EDGE ( 'NONE', *, *, #6784, .F. ) ;
#4215 = VECTOR ( 'NONE', #10603, 1000.000000000000000 ) ;
#4216 = AXIS2_PLACEMENT_3D ( 'NONE', #11909, #11016, #227 ) ;
#4217 = ORIENTED_EDGE ( 'NONE', *, *, #8904, .F. ) ;
#4218 = CYLINDRICAL_SURFACE ( 'NONE', #5828, 1.000000000000000000 ) ;
#4219 = STYLED_ITEM ( 'NONE', ( #8791 ), #11816 ) ;
#4220 = FACE_OUTER_BOUND ( 'NONE', #11964, .T. ) ;
#4221 = ORIENTED_EDGE ( 'NONE', *, *, #6134, .T. ) ;
#4222 = ORIENTED_EDGE ( 'NONE', *, *, #4659, .F. ) ;
#4223 = PLANE ( 'NONE',  #9157 ) ;
#4224 = DIRECTION ( 'NONE',  ( -1.000000000000000000, -0.000000000000000000, -0.000000000000000000 ) ) ;
#4225 = PRESENTATION_LAYER_ASSIGNMENT (  '', '', ( #8542 ) ) ;
#4226 = VECTOR ( 'NONE', #8192, 1000.000000000000000 ) ;
#4227 = UNCERTAINTY_MEASURE_WITH_UNIT (LENGTH_MEASURE( 1.000000000000000082E-05 ), #7784, 'distance_accuracy_value', 'NONE');
#4228 = CIRCLE ( 'NONE', #1524, 1.000000000000000888 ) ;
#4229 = SURFACE_SIDE_STYLE ('',( #5263 ) ) ;
#4230 = VECTOR ( 'NONE', #3454, 1000.000000000000000 ) ;
#4231 = ORIENTED_EDGE ( 'NONE', *, *, #1679, .T. ) ;
#4232 = LINE ( 'NONE', #2230, #10778 ) ;
#4233 = ORIENTED_EDGE ( 'NONE', *, *, #6940, .T. ) ;
#4234 = EDGE_CURVE ( 'NONE', #9447, #4484, #5559, .T. ) ;
#4235 = CARTESIAN_POINT ( 'NONE',  ( 29.62983593741586574, 14.60711963188013307, -0.01366511236712711005 ) ) ;
#4236 = EDGE_CURVE ( 'NONE', #6511, #11659, #7418, .T. ) ;
#4237 = FACE_OUTER_BOUND ( 'NONE', #10674, .T. ) ;
#4238 = VECTOR ( 'NONE', #638, 1000.000000000000000 ) ;
#4239 = VECTOR ( 'NONE', #12394, 1000.000000000000000 ) ;
#4240 = DIRECTION ( 'NONE',  ( -1.000000000000000000, 0.000000000000000000, 0.000000000000000000 ) ) ;
#4241 = DIRECTION ( 'NONE',  ( 1.000000000000000000, 0.000000000000000000, 0.000000000000000000 ) ) ;
#4242 = VECTOR ( 'NONE', #4020, 1000.000000000000000 ) ;
#4243 = VERTEX_POINT ( 'NONE', #3523 ) ;
#4244 = MECHANICAL_DESIGN_GEOMETRIC_PRESENTATION_REPRESENTATION (  '', ( #7939 ), #10371 ) ;
#4245 = PRESENTATION_STYLE_ASSIGNMENT (( #2299 ) ) ;
#4246 = CARTESIAN_POINT ( 'NONE',  ( 15.00000000000000000, 1.730887774041955929, 0.000000000000000000 ) ) ;
#4247 = EDGE_LOOP ( 'NONE', ( #8205, #1369, #6172, #7294 ) ) ;
#4248 = DIRECTION ( 'NONE',  ( -1.000000000000000000, 0.000000000000000000, 0.000000000000000000 ) ) ;
#4249 = AXIS2_PLACEMENT_3D ( 'NONE', #5573, #2742, #12559 ) ;
#4250 = DIRECTION ( 'NONE',  ( -1.000000000000000000, -0.000000000000000000, -0.000000000000000000 ) ) ;
#4251 = ADVANCED_FACE ( 'NONE', ( #7502 ), #11466, .F. ) ;
#4252 =( LENGTH_UNIT ( ) NAMED_UNIT ( * ) SI_UNIT ( .MILLI., .METRE. ) );
#4253 = ORIENTED_EDGE ( 'NONE', *, *, #2236, .T. ) ;
#4254 = ADVANCED_FACE ( 'NONE', ( #2673 ), #2542, .T. ) ;
#4255 = DIRECTION ( 'NONE',  ( 1.000000000000000000, 0.000000000000000000, 0.000000000000000000 ) ) ;
#4256 = ORIENTED_EDGE ( 'NONE', *, *, #5887, .F. ) ;
#4257 = FACE_OUTER_BOUND ( 'NONE', #2015, .T. ) ;
#4258 = CARTESIAN_POINT ( 'NONE',  ( 11.19204127013635031, 14.56261116223706154, -0.04450167309611528788 ) ) ;
#4259 = EDGE_LOOP ( 'NONE', ( #1281, #11310, #11652, #1578 ) ) ;
#4260 = DIRECTION ( 'NONE',  ( 0.000000000000000000, -0.000000000000000000, -1.000000000000000000 ) ) ;
#4261 = AXIS2_PLACEMENT_3D ( 'NONE', #12271, #527, #588 ) ;
#4262 = PRESENTATION_LAYER_ASSIGNMENT (  '', '', ( #2616 ) ) ;
#4263 = DIRECTION ( 'NONE',  ( 0.000000000000000000, -1.000000000000000000, 0.000000000000000000 ) ) ;
#4264 = AXIS2_PLACEMENT_3D ( 'NONE', #8721, #9672, #1818 ) ;
#4265 = ORIENTED_EDGE ( 'NONE', *, *, #5354, .T. ) ;
#4266 = LINE ( 'NONE', #9026, #4226 ) ;
#4267 = LINE ( 'NONE', #156, #11823 ) ;
#4268 = DIRECTION ( 'NONE',  ( 0.000000000000000000, 0.000000000000000000, 1.000000000000000000 ) ) ;
#4269 =( NAMED_UNIT ( * ) SI_UNIT ( $, .STERADIAN. ) SOLID_ANGLE_UNIT ( ) );
#4270 = AXIS2_PLACEMENT_3D ( 'NONE', #3846, #5823, #7376 ) ;
#4271 = EDGE_CURVE ( 'NONE', #10787, #4560, #2176, .T. ) ;
#4272 = EDGE_CURVE ( 'NONE', #2766, #3016, #1082, .T. ) ;
#4273 = FILL_AREA_STYLE ('',( #7747 ) ) ;
#4274 = DIRECTION ( 'NONE',  ( -1.000000000000000000, -2.026546116795335870E-16, 0.000000000000000000 ) ) ;
#4275 = ORIENTED_EDGE ( 'NONE', *, *, #1333, .T. ) ;
#4276 = EDGE_LOOP ( 'NONE', ( #9213, #1601, #12715, #11846, #7184, #11187, #1093, #2908, #8825, #8074, #2053, #8561, #1434, #11706 ) ) ;
#4277 = FACE_OUTER_BOUND ( 'NONE', #10080, .T. ) ;
#4278 = CARTESIAN_POINT ( 'NONE',  ( 13.03909090176839314, 0.000000000000000000, -21.62877342318509477 ) ) ;
#4279 = FILL_AREA_STYLE_COLOUR ( '', #1558 ) ;
#4280 = ORIENTED_EDGE ( 'NONE', *, *, #1939, .T. ) ;
#4281 = FILL_AREA_STYLE_COLOUR ( '', #6651 ) ;
#4282 = CARTESIAN_POINT ( 'NONE',  ( 10.00000000000000000, -3.659182332138577465E-16, -21.62877342318509477 ) ) ;
#4283 = EDGE_CURVE ( 'NONE', #3361, #11143, #8781, .T. ) ;
#4284 = ORIENTED_EDGE ( 'NONE', *, *, #11553, .T. ) ;
#4285 = AXIS2_PLACEMENT_3D ( 'NONE', #2321, #1341, #5302 ) ;
#4286 = ORIENTED_EDGE ( 'NONE', *, *, #5344, .F. ) ;
#4287 = ORIENTED_EDGE ( 'NONE', *, *, #10435, .F. ) ;
#4288 = PRESENTATION_LAYER_ASSIGNMENT (  '', '', ( #4490 ) ) ;
#4289 = CYLINDRICAL_SURFACE ( 'NONE', #12161, 0.2500000000000002220 ) ;
#4290 = DIRECTION ( 'NONE',  ( -0.000000000000000000, -0.000000000000000000, 1.000000000000000000 ) ) ;
#4291 = ORIENTED_EDGE ( 'NONE', *, *, #4097, .T. ) ;
#4292 = DIRECTION ( 'NONE',  ( 0.000000000000000000, -1.000000000000000000, 0.000000000000000000 ) ) ;
#4293 = DIRECTION ( 'NONE',  ( -1.000000000000000000, -0.000000000000000000, -0.000000000000000000 ) ) ;
#4294 = FACE_OUTER_BOUND ( 'NONE', #5511, .T. ) ;
#4295 = CYLINDRICAL_SURFACE ( 'NONE', #6410, 0.9999999999999991118 ) ;
#4296 = DIRECTION ( 'NONE',  ( -0.000000000000000000, -0.000000000000000000, 1.000000000000000000 ) ) ;
#4297 = STYLED_ITEM ( 'NONE', ( #11951 ), #9390 ) ;
#4298 = CARTESIAN_POINT ( 'NONE',  ( 10.03000000000000114, 11.77659106982886783, -12.00000000000000000 ) ) ;
#4299 = VERTEX_POINT ( 'NONE', #10883 ) ;
#4300 = VERTEX_POINT ( 'NONE', #8709 ) ;
#4301 = CARTESIAN_POINT ( 'NONE',  ( 4.830000000000001847, 14.56261116223714147, -0.04450167309616086947 ) ) ;
#4302 = DIRECTION ( 'NONE',  ( -1.000000000000000000, 0.000000000000000000, 0.000000000000000000 ) ) ;
#4303 = EDGE_CURVE ( 'NONE', #1517, #8316, #11851, .T. ) ;
#4304 = CARTESIAN_POINT ( 'NONE',  ( 28.03909090176839669, 0.7437402936630143069, -21.62877342318509477 ) ) ;
#4305 = ORIENTED_EDGE ( 'NONE', *, *, #10926, .T. ) ;
#4306 = CARTESIAN_POINT ( 'NONE',  ( -6.595391950804084580, 13.99999999999998757, -12.00000000000000000 ) ) ;
#4307 = DIRECTION ( 'NONE',  ( 1.000000000000000000, 2.026546116795335870E-16, -0.000000000000000000 ) ) ;
#4308 = CARTESIAN_POINT ( 'NONE',  ( 6.120858375633013715, 14.98520393037187581, -0.1652703644666149441 ) ) ;
#4309 = EDGE_CURVE ( 'NONE', #11854, #11675, #5052, .T. ) ;
#4310 =( NAMED_UNIT ( * ) PLANE_ANGLE_UNIT ( ) SI_UNIT ( $, .RADIAN. ) );
#4311 = FILL_AREA_STYLE_COLOUR ( '', #2797 ) ;
#4312 = VERTEX_POINT ( 'NONE', #4784 ) ;
#4313 = DIRECTION ( 'NONE',  ( 1.000000000000000000, 0.000000000000000000, 0.000000000000000000 ) ) ;
#4314 = ORIENTED_EDGE ( 'NONE', *, *, #12346, .T. ) ;
#4315 = CARTESIAN_POINT ( 'NONE',  ( 19.83000000000000185, 13.64455457845218511, -0.6805538183541350872 ) ) ;
#4316 = CARTESIAN_POINT ( 'NONE',  ( 23.94855866409554679, 2.730887774041955929, 0.000000000000000000 ) ) ;
#4317 = EDGE_LOOP ( 'NONE', ( #4983, #558 ) ) ;
#4318 = FACE_OUTER_BOUND ( 'NONE', #7348, .T. ) ;
#4319 = DIRECTION ( 'NONE',  ( 0.000000000000000000, 0.000000000000000000, 1.000000000000000000 ) ) ;
#4320 = COLOUR_RGB ( '',0.8313725490196077761, 0.8392156862745098200, 0.8313725490196077761 ) ;
#4321 = ORIENTED_EDGE ( 'NONE', *, *, #10989, .F. ) ;
#4322 = CARTESIAN_POINT ( 'NONE',  ( 32.00000000000000000, 0.7437402936630147510, -17.46660796753807432 ) ) ;
#4323 = DIRECTION ( 'NONE',  ( -0.000000000000000000, -0.000000000000000000, 1.000000000000000000 ) ) ;
#4324 = EDGE_CURVE ( 'NONE', #4062, #11473, #2009, .T. ) ;
#4325 = LINE ( 'NONE', #8248, #2568 ) ;
#4326 = EDGE_CURVE ( 'NONE', #7345, #8953, #5943, .T. ) ;
#4327 = CARTESIAN_POINT ( 'NONE',  ( 1.029999999999999805, 11.77659106982886428, -12.00000000000000000 ) ) ;
#4328 = LINE ( 'NONE', #5229, #12735 ) ;
#4329 = ORIENTED_EDGE ( 'NONE', *, *, #2289, .F. ) ;
#4330 = EDGE_LOOP ( 'NONE', ( #7246, #9402, #5449, #1376, #3463, #3657, #5967, #5126, #134, #4528, #12577, #11308, #6388, #12135 ) ) ;
#4331 = SURFACE_STYLE_USAGE ( .BOTH. , #5359 ) ;
#4332 = FILL_AREA_STYLE ('',( #12168 ) ) ;
#4333 = EDGE_CURVE ( 'NONE', #756, #9632, #5071, .T. ) ;
#4334 = UNCERTAINTY_MEASURE_WITH_UNIT (LENGTH_MEASURE( 1.000000000000000082E-05 ), #8403, 'distance_accuracy_value', 'NONE');
#4335 = CONICAL_SURFACE ( 'NONE', #4128, 0.1873162273354038454, 0.4886921905584215020 ) ;
#4336 =( NAMED_UNIT ( * ) PLANE_ANGLE_UNIT ( ) SI_UNIT ( $, .RADIAN. ) );
#4337 = PRESENTATION_LAYER_ASSIGNMENT (  '', '', ( #389 ) ) ;
#4338 = VERTEX_POINT ( 'NONE', #2919 ) ;
#4339 = DIRECTION ( 'NONE',  ( -1.000000000000000000, 0.000000000000000000, 0.000000000000000000 ) ) ;
#4340 = CARTESIAN_POINT ( 'NONE',  ( 7.950000000000000178, -5.000000000000000000, -15.62999999999999723 ) ) ;
#4341 = VERTEX_POINT ( 'NONE', #10741 ) ;
#4342 = VERTEX_POINT ( 'NONE', #8841 ) ;
#4343 = AXIS2_PLACEMENT_3D ( 'NONE', #1690, #11367, #5406 ) ;
#4344 = STYLED_ITEM ( 'NONE', ( #11266 ), #6301 ) ;
#4345 = CARTESIAN_POINT ( 'NONE',  ( 5.000000000000000000, 0.7437402936630139738, 0.5000000000000000000 ) ) ;
#4346 = ADVANCED_FACE ( 'NONE', ( #36 ), #2985, .F. ) ;
#4347 =( LENGTH_UNIT ( ) NAMED_UNIT ( * ) SI_UNIT ( .MILLI., .METRE. ) );
#4348 = EDGE_CURVE ( 'NONE', #11955, #3725, #1930, .T. ) ;
#4349 = SURFACE_STYLE_USAGE ( .BOTH. , #5188 ) ;
#4350 = MECHANICAL_DESIGN_GEOMETRIC_PRESENTATION_REPRESENTATION (  '', ( #8255 ), #7029 ) ;
#4351 = CYLINDRICAL_SURFACE ( 'NONE', #993, 0.2500000000000002220 ) ;
#4352 = STYLED_ITEM ( 'NONE', ( #1619 ), #10585 ) ;
#4353 = DIRECTION ( 'NONE',  ( -1.000000000000000000, -1.070256409758549784E-16, 0.000000000000000000 ) ) ;
#4354 = UNCERTAINTY_MEASURE_WITH_UNIT (LENGTH_MEASURE( 1.000000000000000082E-05 ), #5260, 'distance_accuracy_value', 'NONE');
#4355 = VECTOR ( 'NONE', #12333, 1000.000000000000000 ) ;
#4356 = DIRECTION ( 'NONE',  ( 0.000000000000000000, 1.000000000000000000, -0.000000000000000000 ) ) ;
#4357 = CIRCLE ( 'NONE', #5993, 1.000000000000000000 ) ;
#4358 = ORIENTED_EDGE ( 'NONE', *, *, #6214, .T. ) ;
#4359 = ORIENTED_EDGE ( 'NONE', *, *, #2470, .F. ) ;
#4360 = PRESENTATION_LAYER_ASSIGNMENT (  '', '', ( #9887 ) ) ;
#4361 = LINE ( 'NONE', #8174, #8325 ) ;
#4362 = ORIENTED_EDGE ( 'NONE', *, *, #5366, .F. ) ;
#4363 = EDGE_CURVE ( 'NONE', #5087, #4384, #10804, .T. ) ;
#4364 = CARTESIAN_POINT ( 'NONE',  ( 2.950000000000000178, 0.000000000000000000, -15.22999999999999687 ) ) ;
#4365 = LINE ( 'NONE', #10386, #7548 ) ;
#4366 = FILL_AREA_STYLE_COLOUR ( '', #7088 ) ;
#4367 = VECTOR ( 'NONE', #1201, 1000.000000000000000 ) ;
#4368 = SURFACE_SIDE_STYLE ('',( #11301 ) ) ;
#4369 = DIRECTION ( 'NONE',  ( -0.000000000000000000, -0.000000000000000000, 1.000000000000000000 ) ) ;
#4370 = EDGE_LOOP ( 'NONE', ( #6257, #11403, #12669, #12117, #5734, #9752 ) ) ;
#4371 = PRESENTATION_STYLE_ASSIGNMENT (( #8302 ) ) ;
#4372 = VERTEX_POINT ( 'NONE', #3051 ) ;
#4373 =( LENGTH_UNIT ( ) NAMED_UNIT ( * ) SI_UNIT ( .MILLI., .METRE. ) );
#4374 = PRESENTATION_STYLE_ASSIGNMENT (( #6319 ) ) ;
#4375 = CARTESIAN_POINT ( 'NONE',  ( 4.705893845872903825, 14.51832180537509132, -0.07518642710997358591 ) ) ;
#4376 = PRESENTATION_STYLE_ASSIGNMENT (( #8308 ) ) ;
#4377 = ORIENTED_EDGE ( 'NONE', *, *, #3485, .F. ) ;
#4378 = DIRECTION ( 'NONE',  ( 0.000000000000000000, -0.000000000000000000, -1.000000000000000000 ) ) ;
#4379 = DIRECTION ( 'NONE',  ( 0.000000000000000000, 0.8829475928589255451, 0.4694715627858934148 ) ) ;
#4380 = SURFACE_SIDE_STYLE ('',( #11196 ) ) ;
#4381 = SURFACE_SIDE_STYLE ('',( #2130 ) ) ;
#4382 = EDGE_CURVE ( 'NONE', #3236, #7327, #4458, .T. ) ;
#4383 = ADVANCED_FACE ( 'NONE', ( #11780 ), #12749, .F. ) ;
#4384 = VERTEX_POINT ( 'NONE', #5884 ) ;
#4385 = VERTEX_POINT ( 'NONE', #7685 ) ;
#4386 = FILL_AREA_STYLE ('',( #493 ) ) ;
#4387 = VECTOR ( 'NONE', #3113, 1000.000000000000000 ) ;
#4388 = COLOUR_RGB ( '',0.8313725490196077761, 0.8392156862745098200, 0.8313725490196077761 ) ;
#4389 = CIRCLE ( 'NONE', #4190, 0.9999999999999991118 ) ;
#4390 = ORIENTED_EDGE ( 'NONE', *, *, #1548, .F. ) ;
#4391 = PRESENTATION_STYLE_ASSIGNMENT (( #7726 ) ) ;
#4392 = MECHANICAL_DESIGN_GEOMETRIC_PRESENTATION_REPRESENTATION (  '', ( #3170 ), #12396 ) ;
#4393 = DIRECTION ( 'NONE',  ( 0.000000000000000000, 0.000000000000000000, 1.000000000000000000 ) ) ;
#4394 = EDGE_CURVE ( 'NONE', #1286, #1739, #811, .T. ) ;
#4395 = ORIENTED_EDGE ( 'NONE', *, *, #5835, .T. ) ;
#4396 = ORIENTED_EDGE ( 'NONE', *, *, #761, .F. ) ;
#4397 = COLOUR_RGB ( '',1.000000000000000000, 0.5019607843137254832, 0.5019607843137254832 ) ;
#4398 = CIRCLE ( 'NONE', #10337, 1.000000000000000888 ) ;
#4399 = SURFACE_SIDE_STYLE ('',( #317 ) ) ;
#4400 = DIRECTION ( 'NONE',  ( 1.000000000000000000, 2.026546116795335870E-16, -0.000000000000000000 ) ) ;
#4401 = DIRECTION ( 'NONE',  ( -0.000000000000000000, -0.000000000000000000, 1.000000000000000000 ) ) ;
#4402 = PRESENTATION_LAYER_ASSIGNMENT (  '', '', ( #37 ) ) ;
#4403 = CARTESIAN_POINT ( 'NONE',  ( 29.83000000000000185, 15.00000000000000000, -11.00000000000000178 ) ) ;
#4404 = FACE_OUTER_BOUND ( 'NONE', #3371, .T. ) ;
#4405 = LINE ( 'NONE', #12072, #942 ) ;
#4406 = ORIENTED_EDGE ( 'NONE', *, *, #6384, .T. ) ;
#4407 =( NAMED_UNIT ( * ) PLANE_ANGLE_UNIT ( ) SI_UNIT ( $, .RADIAN. ) );
#4408 =( GEOMETRIC_REPRESENTATION_CONTEXT ( 3 ) GLOBAL_UNCERTAINTY_ASSIGNED_CONTEXT ( ( #5362 ) ) GLOBAL_UNIT_ASSIGNED_CONTEXT ( ( #1529, #8502, #5489 ) ) REPRESENTATION_CONTEXT ( 'NONE', 'WORKASPACE' ) );
#4409 = AXIS2_PLACEMENT_3D ( 'NONE', #163, #6004, #1206 ) ;
#4410 = AXIS2_PLACEMENT_3D ( 'NONE', #10267, #1386, #9388 ) ;
#4411 = DIRECTION ( 'NONE',  ( 1.000000000000000000, 0.000000000000000000, 0.000000000000000000 ) ) ;
#4412 = ADVANCED_FACE ( 'NONE', ( #3831 ), #4921, .T. ) ;
#4413 = ORIENTED_EDGE ( 'NONE', *, *, #53, .T. ) ;
#4414 = STYLED_ITEM ( 'NONE', ( #10502 ), #11673 ) ;
#4415 = EDGE_CURVE ( 'NONE', #4338, #6360, #6783, .T. ) ;
#4416 = ORIENTED_EDGE ( 'NONE', *, *, #11085, .T. ) ;
#4417 = ORIENTED_EDGE ( 'NONE', *, *, #3638, .F. ) ;
#4418 = VECTOR ( 'NONE', #4511, 1000.000000000000000 ) ;
#4419 = DIRECTION ( 'NONE',  ( 0.000000000000000000, 0.000000000000000000, 1.000000000000000000 ) ) ;
#4420 = LINE ( 'NONE', #7516, #7434 ) ;
#4421 = B_SPLINE_CURVE_WITH_KNOTS ( 'NONE', 3,
 ( #8035, #913, #11941, #9882, #10785, #1038 ),
 .UNSPECIFIED., .F., .F.,
 ( 4, 2, 4 ),
 ( -3.162297181310621413E-06, 0.0001813771899212647044, 0.0003659166770238400234 ),
 .UNSPECIFIED. ) ;
#4422 = DIRECTION ( 'NONE',  ( 1.000000000000000000, 0.000000000000000000, 0.000000000000000000 ) ) ;
#4423 = EDGE_CURVE ( 'NONE', #10787, #675, #3945, .T. ) ;
#4424 = VECTOR ( 'NONE', #11034, 1000.000000000000000 ) ;
#4425 = VECTOR ( 'NONE', #5860, 1000.000000000000000 ) ;
#4426 = AXIS2_PLACEMENT_3D ( 'NONE', #12283, #9211, #6513 ) ;
#4427 = UNCERTAINTY_MEASURE_WITH_UNIT (LENGTH_MEASURE( 1.000000000000000082E-05 ), #9689, 'distance_accuracy_value', 'NONE');
#4428 = CARTESIAN_POINT ( 'NONE',  ( 6.120858375633014603, 14.38829763613029478, -0.1652703644666158045 ) ) ;
#4429 = STYLED_ITEM ( 'NONE', ( #10630 ), #12121 ) ;
#4430 = LINE ( 'NONE', #5339, #6317 ) ;
#4431 = STYLED_ITEM ( 'NONE', ( #2951 ), #5138 ) ;
#4432 = SURFACE_STYLE_FILL_AREA ( #11168 ) ;
#4433 = FACE_OUTER_BOUND ( 'NONE', #11918, .T. ) ;
#4434 = VECTOR ( 'NONE', #4179, 1000.000000000000000 ) ;
#4435 = VECTOR ( 'NONE', #12513, 1000.000000000000000 ) ;
#4436 = EDGE_CURVE ( 'NONE', #10045, #771, #4987, .T. ) ;
#4437 = ORIENTED_EDGE ( 'NONE', *, *, #3996, .T. ) ;
#4438 = VECTOR ( 'NONE', #8125, 1000.000000000000000 ) ;
#4439 = ORIENTED_EDGE ( 'NONE', *, *, #7234, .F. ) ;
#4440 = VECTOR ( 'NONE', #11908, 1000.000000000000000 ) ;
#4441 = CARTESIAN_POINT ( 'NONE',  ( 8.039090901768393138, 0.000000000000000000, 0.5000000000000000000 ) ) ;
#4442 = LINE ( 'NONE', #7404, #4196 ) ;
#4443 = ORIENTED_EDGE ( 'NONE', *, *, #12479, .T. ) ;
#4444 = DIRECTION ( 'NONE',  ( -1.000000000000000000, -1.013273058397667935E-16, 0.000000000000000000 ) ) ;
#4445 = ORIENTED_EDGE ( 'NONE', *, *, #8819, .F. ) ;
#4446 = ORIENTED_EDGE ( 'NONE', *, *, #5570, .T. ) ;
#4447 = CARTESIAN_POINT ( 'NONE',  ( 5.000000000000000000, -3.659182332138577465E-16, -18.00000000000000355 ) ) ;
#4448 = PRESENTATION_LAYER_ASSIGNMENT (  '', '', ( #7331 ) ) ;
#4449 = PRESENTATION_STYLE_ASSIGNMENT (( #9272 ) ) ;
#4450 = AXIS2_PLACEMENT_3D ( 'NONE', #10257, #457, #4419 ) ;
#4451 = LINE ( 'NONE', #543, #4418 ) ;
#4452 = STYLED_ITEM ( 'NONE', ( #1830 ), #12458 ) ;
#4453 = DIRECTION ( 'NONE',  ( -0.000000000000000000, -0.000000000000000000, -1.000000000000000000 ) ) ;
#4454 = AXIS2_PLACEMENT_3D ( 'NONE', #865, #1067, #1997 ) ;
#4455 = AXIS2_PLACEMENT_3D ( 'NONE', #11479, #5826, #11668 ) ;
#4456 = DIRECTION ( 'NONE',  ( 1.000000000000000000, 2.026546116795335870E-16, -0.000000000000000000 ) ) ;
#4457 = FILL_AREA_STYLE ('',( #9590 ) ) ;
#4458 = CIRCLE ( 'NONE', #11223, 0.4000000000000010214 ) ;
#4459 = ORIENTED_EDGE ( 'NONE', *, *, #1235, .F. ) ;
#4460 = VECTOR ( 'NONE', #4691, 1000.000000000000000 ) ;
#4461 =( NAMED_UNIT ( * ) SI_UNIT ( $, .STERADIAN. ) SOLID_ANGLE_UNIT ( ) );
#4462 = ORIENTED_EDGE ( 'NONE', *, *, #804, .F. ) ;
#4463 = PLANE ( 'NONE',  #6895 ) ;
#4464 = AXIS2_PLACEMENT_3D ( 'NONE', #11902, #798, #7745 ) ;
#4465 = PRESENTATION_LAYER_ASSIGNMENT (  '', '', ( #11030 ) ) ;
#4466 = VECTOR ( 'NONE', #7832, 1000.000000000000114 ) ;
#4467 = ADVANCED_FACE ( 'NONE', ( #5364 ), #3248, .T. ) ;
#4468 = ORIENTED_EDGE ( 'NONE', *, *, #9522, .T. ) ;
#4469 = CARTESIAN_POINT ( 'NONE',  ( 12.94999999999999929, -5.000000000000000000, -15.81731622733540199 ) ) ;
#4470 = VERTEX_POINT ( 'NONE', #2268 ) ;
#4471 = ORIENTED_EDGE ( 'NONE', *, *, #188, .T. ) ;
#4472 = ORIENTED_EDGE ( 'NONE', *, *, #1232, .F. ) ;
#4473 = DIRECTION ( 'NONE',  ( -1.000000000000000000, -1.013273058397667935E-16, -0.000000000000000000 ) ) ;
#4474 = CARTESIAN_POINT ( 'NONE',  ( 24.75408174517711757, 15.00000000000000000, -0.2500000000000014988 ) ) ;
#4475 = CARTESIAN_POINT ( 'NONE',  ( 27.95000000000000284, -5.000000000000000000, -7.830000000000000071 ) ) ;
#4476 = CARTESIAN_POINT ( 'NONE',  ( 3.039090901768394026, 0.000000000000000000, -1.000000000000007105 ) ) ;
#4477 = LINE ( 'NONE', #5505, #10076 ) ;
#4478 = EDGE_CURVE ( 'NONE', #2828, #7729, #9389, .T. ) ;
#4479 = VERTEX_POINT ( 'NONE', #8010 ) ;
#4480 = DIRECTION ( 'NONE',  ( -0.000000000000000000, 0.000000000000000000, 1.000000000000000000 ) ) ;
#4481 = DIRECTION ( 'NONE',  ( -1.000000000000000000, 0.000000000000000000, 0.000000000000000000 ) ) ;
#4482 = CARTESIAN_POINT ( 'NONE',  ( 3.404608049195914532, 11.77659106982886428, -12.00000000000000000 ) ) ;
#4483 = ORIENTED_EDGE ( 'NONE', *, *, #5175, .F. ) ;
#4484 = VERTEX_POINT ( 'NONE', #2141 ) ;
#4485 = DIRECTION ( 'NONE',  ( -2.922285384827992868E-16, 1.000000000000000000, 0.000000000000000000 ) ) ;
#4486 = CARTESIAN_POINT ( 'NONE',  ( 32.00000000000000000, 15.00000000000000000, -4.000000000000028422 ) ) ;
#4487 =( NAMED_UNIT ( * ) SI_UNIT ( $, .STERADIAN. ) SOLID_ANGLE_UNIT ( ) );
#4488 = FACE_OUTER_BOUND ( 'NONE', #3494, .T. ) ;
#4489 = ORIENTED_EDGE ( 'NONE', *, *, #2916, .F. ) ;
#4490 = STYLED_ITEM ( 'NONE', ( #11509 ), #4597 ) ;
#4491 = FACE_OUTER_BOUND ( 'NONE', #12213, .T. ) ;
#4492 = EDGE_CURVE ( 'NONE', #8559, #1191, #2407, .T. ) ;
#4493 = SURFACE_STYLE_USAGE ( .BOTH. , #7449 ) ;
#4494 = ADVANCED_FACE ( 'NONE', ( #11019 ), #11980, .T. ) ;
#4495 = CYLINDRICAL_SURFACE ( 'NONE', #11429, 1.000000000000000000 ) ;
#4496 = VECTOR ( 'NONE', #8757, 1000.000000000000000 ) ;
#4497 = CARTESIAN_POINT ( 'NONE',  ( 26.12085837563301283, 14.98520393037187581, -0.1652703644666149441 ) ) ;
#4498 = ORIENTED_EDGE ( 'NONE', *, *, #7534, .F. ) ;
#4499 = CARTESIAN_POINT ( 'NONE',  ( 14.54218007376454302, 14.75000000000000000, -2.385244779468109755E-15 ) ) ;
#4500 = DIRECTION ( 'NONE',  ( 1.000000000000000000, 0.000000000000000000, 0.000000000000000000 ) ) ;
#4501 = CARTESIAN_POINT ( 'NONE',  ( 4.830000000000000071, 15.00000000000000000, -0.6805538183541270936 ) ) ;
#4502 = AXIS2_PLACEMENT_3D ( 'NONE', #1426, #380, #5382 ) ;
#4503 = VERTEX_POINT ( 'NONE', #308 ) ;
#4504 = EDGE_LOOP ( 'NONE', ( #3316, #10783, #2158, #8150 ) ) ;
#4505 = ORIENTED_EDGE ( 'NONE', *, *, #6134, .F. ) ;
#4506 = CARTESIAN_POINT ( 'NONE',  ( 20.83000000000000185, 8.410166384700659243E-17, -12.00000000000000000 ) ) ;
#4507 = EDGE_CURVE ( 'NONE', #5307, #4300, #10109, .T. ) ;
#4508 = EDGE_CURVE ( 'NONE', #641, #10528, #8607, .T. ) ;
#4509 = ADVANCED_FACE ( 'NONE', ( #9098 ), #3180, .T. ) ;
#4510 = ORIENTED_EDGE ( 'NONE', *, *, #804, .T. ) ;
#4511 = DIRECTION ( 'NONE',  ( -0.000000000000000000, 1.000000000000000000, -0.000000000000000000 ) ) ;
#4512 = AXIS2_PLACEMENT_3D ( 'NONE', #12450, #9685, #12636 ) ;
#4513 = CARTESIAN_POINT ( 'NONE',  ( 21.12172775006447267, 6.531472162044073215, -10.00000000000000000 ) ) ;
#4514 = ORIENTED_EDGE ( 'NONE', *, *, #10987, .T. ) ;
#4515 = DIRECTION ( 'NONE',  ( -0.000000000000000000, 0.000000000000000000, 1.000000000000000000 ) ) ;
#4516 = CARTESIAN_POINT ( 'NONE',  ( 1.567688435743064268, 7.363962665405081154, -10.00000000000000000 ) ) ;
#4517 = ORIENTED_EDGE ( 'NONE', *, *, #10646, .F. ) ;
#4518 = DIRECTION ( 'NONE',  ( 1.013273058397668058E-16, -1.000000000000000000, -5.746557074399123046E-16 ) ) ;
#4519 = VERTEX_POINT ( 'NONE', #10545 ) ;
#4520 = DIRECTION ( 'NONE',  ( -0.1736481776669304700, 0.000000000000000000, -0.9848077530122081313 ) ) ;
#4521 = CARTESIAN_POINT ( 'NONE',  ( 11.12085837563301460, 14.98520393037187581, -0.1652703644666149441 ) ) ;
#4522 = ADVANCED_FACE ( 'NONE', ( #12474 ), #8324, .F. ) ;
#4523 = DIRECTION ( 'NONE',  ( -1.000000000000000000, -1.013273058397667935E-16, 0.000000000000000000 ) ) ;
#4524 = VECTOR ( 'NONE', #1171, 1000.000000000000000 ) ;
#4525 = DIRECTION ( 'NONE',  ( 1.000000000000000000, 0.000000000000000000, 0.000000000000000000 ) ) ;
#4526 = VERTEX_POINT ( 'NONE', #2600 ) ;
#4527 = DIRECTION ( 'NONE',  ( -1.000000000000000000, -2.026546116795335870E-16, -0.000000000000000000 ) ) ;
#4528 = ORIENTED_EDGE ( 'NONE', *, *, #8471, .F. ) ;
#4529 = EDGE_LOOP ( 'NONE', ( #1003, #5262, #7235, #1477, #12309 ) ) ;
#4530 =( LENGTH_UNIT ( ) NAMED_UNIT ( * ) SI_UNIT ( .MILLI., .METRE. ) );
#4531 =( NAMED_UNIT ( * ) PLANE_ANGLE_UNIT ( ) SI_UNIT ( $, .RADIAN. ) );
#4532 = VECTOR ( 'NONE', #10042, 1000.000000000000000 ) ;
#4533 = FILL_AREA_STYLE_COLOUR ( '', #5637 ) ;
#4534 = VECTOR ( 'NONE', #7148, 1000.000000000000000 ) ;
#4535 = DIRECTION ( 'NONE',  ( -0.09991521791465265978, -0.8178800156032710600, -0.5666473588625120517 ) ) ;
#4536 = DIRECTION ( 'NONE',  ( -1.000000000000000000, -0.000000000000000000, -0.000000000000000000 ) ) ;
#4537 =( NAMED_UNIT ( * ) PLANE_ANGLE_UNIT ( ) SI_UNIT ( $, .RADIAN. ) );
#4538 =( GEOMETRIC_REPRESENTATION_CONTEXT ( 3 ) GLOBAL_UNCERTAINTY_ASSIGNED_CONTEXT ( ( #7788 ) ) GLOBAL_UNIT_ASSIGNED_CONTEXT ( ( #9767, #11760, #4964 ) ) REPRESENTATION_CONTEXT ( 'NONE', 'WORKASPACE' ) );
#4539 =( LENGTH_UNIT ( ) NAMED_UNIT ( * ) SI_UNIT ( .MILLI., .METRE. ) );
#4540 = PLANE ( 'NONE',  #44 ) ;
#4541 =( BOUNDED_CURVE ( )  B_SPLINE_CURVE ( 3, ( #8425, #3279, #1320, #4497 ),
 .UNSPECIFIED., .F., .F. ) 
 B_SPLINE_CURVE_WITH_KNOTS ( ( 4, 4 ),
 ( 4.712388980384680792, 5.058156149985443051 ),
 .UNSPECIFIED. ) 
 CURVE ( )  GEOMETRIC_REPRESENTATION_ITEM ( )  RATIONAL_B_SPLINE_CURVE ( ( 1.000000000000000000, 0.9900618788928975400, 0.9900618788928975400, 1.000000000000000000 ) ) 
 REPRESENTATION_ITEM ( '' )  );
#4542 = VERTEX_POINT ( 'NONE', #11397 ) ;
#4543 = ORIENTED_EDGE ( 'NONE', *, *, #4749, .F. ) ;
#4544 = ORIENTED_EDGE ( 'NONE', *, *, #12635, .F. ) ;
#4545 = SURFACE_STYLE_USAGE ( .BOTH. , #2551 ) ;
#4546 = DIRECTION ( 'NONE',  ( 0.000000000000000000, 0.000000000000000000, 1.000000000000000000 ) ) ;
#4547 = CARTESIAN_POINT ( 'NONE',  ( 7.950000000000000178, -4.599999999999999645, -7.429999999999998828 ) ) ;
#4548 = EDGE_CURVE ( 'NONE', #5613, #503, #432, .T. ) ;
#4549 = DIRECTION ( 'NONE',  ( 0.000000000000000000, 0.000000000000000000, 1.000000000000000000 ) ) ;
#4550 = EDGE_CURVE ( 'NONE', #11401, #3796, #5494, .T. ) ;
#4551 = AXIS2_PLACEMENT_3D ( 'NONE', #3432, #12386, #10273 ) ;
#4552 = FACE_OUTER_BOUND ( 'NONE', #6535, .T. ) ;
#4553 = CARTESIAN_POINT ( 'NONE',  ( 6.675767064385880190, 5.698981658683065277, -10.00000000000000000 ) ) ;
#4554 = AXIS2_PLACEMENT_3D ( 'NONE', #6081, #11982, #2145 ) ;
#4555 = ORIENTED_EDGE ( 'NONE', *, *, #7484, .T. ) ;
#4556 = PRESENTATION_LAYER_ASSIGNMENT (  '', '', ( #10688 ) ) ;
#4557 = LINE ( 'NONE', #1813, #8092 ) ;
#4558 = FILL_AREA_STYLE_COLOUR ( '', #6296 ) ;
#4559 = DIRECTION ( 'NONE',  ( -0.000000000000000000, 1.000000000000000000, -0.000000000000000000 ) ) ;
#4560 = VERTEX_POINT ( 'NONE', #6640 ) ;
#4561 = AXIS2_PLACEMENT_3D ( 'NONE', #11356, #3595, #2629 ) ;
#4562 = CARTESIAN_POINT ( 'NONE',  ( 14.83000000000000185, 15.00000000000000000, -10.99999999999999289 ) ) ;
#4563 = EDGE_CURVE ( 'NONE', #9448, #8787, #333, .T. ) ;
#4564 = EDGE_LOOP ( 'NONE', ( #724, #7950, #834, #11882 ) ) ;
#4565 = ORIENTED_EDGE ( 'NONE', *, *, #4303, .F. ) ;
#4566 = MECHANICAL_DESIGN_GEOMETRIC_PRESENTATION_REPRESENTATION (  '', ( #3736 ), #6822 ) ;
#4567 = DIRECTION ( 'NONE',  ( 1.000000000000000000, 0.000000000000000000, 0.000000000000000000 ) ) ;
#4568 = ORIENTED_EDGE ( 'NONE', *, *, #2224, .T. ) ;
#4569 =( LENGTH_UNIT ( ) NAMED_UNIT ( * ) SI_UNIT ( .MILLI., .METRE. ) );
#4570 = CARTESIAN_POINT ( 'NONE',  ( 20.00000000000000000, 10.99999999999997158, 0.000000000000000000 ) ) ;
#4571 = ORIENTED_EDGE ( 'NONE', *, *, #1149, .F. ) ;
#4572 = FILL_AREA_STYLE ('',( #5535 ) ) ;
#4573 = COLOUR_RGB ( '',1.000000000000000000, 0.5019607843137254832, 0.5019607843137254832 ) ;
#4574 = DIRECTION ( 'NONE',  ( -0.09991521791465265978, -0.8178800156032710600, -0.5666473588625120517 ) ) ;
#4575 = UNCERTAINTY_MEASURE_WITH_UNIT (LENGTH_MEASURE( 1.000000000000000082E-05 ), #10058, 'distance_accuracy_value', 'NONE');
#4576 = VERTEX_POINT ( 'NONE', #10416 ) ;
#4577 = LINE ( 'NONE', #10281, #4621 ) ;
#4578 = CARTESIAN_POINT ( 'NONE',  ( 26.67576706438588019, 5.698981658683065277, 0.000000000000000000 ) ) ;
#4579 = VECTOR ( 'NONE', #12049, 1000.000000000000000 ) ;
#4580 = DIRECTION ( 'NONE',  ( 0.000000000000000000, 1.000000000000000000, 0.000000000000000000 ) ) ;
#4581 = EDGE_CURVE ( 'NONE', #4243, #5477, #11258, .T. ) ;
#4582 = ORIENTED_EDGE ( 'NONE', *, *, #10202, .T. ) ;
#4583 = EDGE_CURVE ( 'NONE', #9717, #4811, #2409, .T. ) ;
#4584 = DIRECTION ( 'NONE',  ( -1.000000000000000000, -2.026546116795335870E-16, 0.000000000000000000 ) ) ;
#4585 = CARTESIAN_POINT ( 'NONE',  ( 4.068332036170907884, 9.242953882361234719, -10.00000000000000000 ) ) ;
#4586 = AXIS2_PLACEMENT_3D ( 'NONE', #10903, #11935, #7425 ) ;
#4587 = VERTEX_POINT ( 'NONE', #1725 ) ;
#4588 = CIRCLE ( 'NONE', #2315, 0.4000000000000010214 ) ;
#4589 = CARTESIAN_POINT ( 'NONE',  ( 12.94999999999999929, -5.000000000000000000, -15.62999999999999723 ) ) ;
#4590 = ORIENTED_EDGE ( 'NONE', *, *, #4508, .F. ) ;
#4591 = DIRECTION ( 'NONE',  ( 0.9848077530122081313, 1.995758327656830446E-16, -0.1736481776669304700 ) ) ;
#4592 = CARTESIAN_POINT ( 'NONE',  ( 10.83000000000000185, 8.410166384700659243E-17, -12.00000000000000000 ) ) ;
#4593 = SURFACE_STYLE_FILL_AREA ( #5548 ) ;
#4594 = VECTOR ( 'NONE', #2956, 1000.000000000000000 ) ;
#4595 = ORIENTED_EDGE ( 'NONE', *, *, #1235, .T. ) ;
#4596 = EDGE_LOOP ( 'NONE', ( #6405, #11713, #8692, #6340 ) ) ;
#4597 = ADVANCED_FACE ( 'NONE', ( #11271 ), #3457, .F. ) ;
#4598 = ORIENTED_EDGE ( 'NONE', *, *, #6916, .T. ) ;
#4599 = SURFACE_STYLE_USAGE ( .BOTH. , #6581 ) ;
#4600 = SURFACE_STYLE_FILL_AREA ( #566 ) ;
#4601 = CARTESIAN_POINT ( 'NONE',  ( 15.00000000000000000, 0.7437402936630139738, 0.5000000000000000000 ) ) ;
#4602 = DIRECTION ( 'NONE',  ( -2.922285384827992868E-16, 1.000000000000000000, 0.000000000000000000 ) ) ;
#4603 = CARTESIAN_POINT ( 'NONE',  ( 6.029999999999999361, 12.20709392125342418, -1.676461860280853200 ) ) ;
#4604 =( NAMED_UNIT ( * ) PLANE_ANGLE_UNIT ( ) SI_UNIT ( $, .RADIAN. ) );
#4605 = CARTESIAN_POINT ( 'NONE',  ( 24.83000000000000185, 13.99999999999999112, -12.00000000000000000 ) ) ;
#4606 = LINE ( 'NONE', #8715, #1368 ) ;
#4607 = FACE_OUTER_BOUND ( 'NONE', #10885, .T. ) ;
#4608 = ORIENTED_EDGE ( 'NONE', *, *, #7976, .T. ) ;
#4609 = VECTOR ( 'NONE', #6718, 1000.000000000000000 ) ;
#4610 = ORIENTED_EDGE ( 'NONE', *, *, #11169, .F. ) ;
#4611 =( GEOMETRIC_REPRESENTATION_CONTEXT ( 3 ) GLOBAL_UNCERTAINTY_ASSIGNED_CONTEXT ( ( #430 ) ) GLOBAL_UNIT_ASSIGNED_CONTEXT ( ( #9957, #11, #978 ) ) REPRESENTATION_CONTEXT ( 'NONE', 'WORKASPACE' ) );
#4612 = FILL_AREA_STYLE ('',( #3045 ) ) ;
#4613 =( NAMED_UNIT ( * ) SI_UNIT ( $, .STERADIAN. ) SOLID_ANGLE_UNIT ( ) );
#4614 = CARTESIAN_POINT ( 'NONE',  ( 6.192041270136349418, 14.56261116223706154, -0.04450167309611528788 ) ) ;
#4615 = LINE ( 'NONE', #5768, #6714 ) ;
#4616 = MECHANICAL_DESIGN_GEOMETRIC_PRESENTATION_REPRESENTATION (  '', ( #6874 ), #8147 ) ;
#4617 = DIRECTION ( 'NONE',  ( -0.000000000000000000, -1.000000000000000000, -0.000000000000000000 ) ) ;
#4618 = UNCERTAINTY_MEASURE_WITH_UNIT (LENGTH_MEASURE( 1.000000000000000082E-05 ), #7983, 'distance_accuracy_value', 'NONE');
#4619 = AXIS2_PLACEMENT_3D ( 'NONE', #10631, #824, #9862 ) ;
#4620 = ADVANCED_FACE ( 'NONE', ( #9349 ), #3513, .T. ) ;
#4621 = VECTOR ( 'NONE', #8495, 1000.000000000000114 ) ;
#4622 = CARTESIAN_POINT ( 'NONE',  ( 32.00000000000000000, 10.99999999999997158, 0.000000000000000000 ) ) ;
#4623 = ORIENTED_EDGE ( 'NONE', *, *, #8365, .T. ) ;
#4624 = DIRECTION ( 'NONE',  ( -0.000000000000000000, -0.000000000000000000, -1.000000000000000000 ) ) ;
#4625 = ORIENTED_EDGE ( 'NONE', *, *, #4708, .T. ) ;
#4626 =( GEOMETRIC_REPRESENTATION_CONTEXT ( 3 ) GLOBAL_UNCERTAINTY_ASSIGNED_CONTEXT ( ( #8854 ) ) GLOBAL_UNIT_ASSIGNED_CONTEXT ( ( #3599, #6553, #705 ) ) REPRESENTATION_CONTEXT ( 'NONE', 'WORKASPACE' ) );
#4627 = CARTESIAN_POINT ( 'NONE',  ( 0.000000000000000000, 15.00000000000000000, -4.000000000000028422 ) ) ;
#4628 = LINE ( 'NONE', #3671, #4777 ) ;
#4629 = VECTOR ( 'NONE', #6862, 1000.000000000000000 ) ;
#4630 = ORIENTED_EDGE ( 'NONE', *, *, #1256, .F. ) ;
#4631 = CIRCLE ( 'NONE', #2575, 1.000000000000000000 ) ;
#4632 = CARTESIAN_POINT ( 'NONE',  ( 22.95000000000000284, -5.000000000000000000, -16.02999999999999758 ) ) ;
#4633 = CARTESIAN_POINT ( 'NONE',  ( 7.950000000000000178, -5.000000000000000000, -15.81731622733540199 ) ) ;
#4634 = ORIENTED_EDGE ( 'NONE', *, *, #10422, .T. ) ;
#4635 = PRESENTATION_LAYER_ASSIGNMENT (  '', '', ( #12030 ) ) ;
#4636 = CARTESIAN_POINT ( 'NONE',  ( 4.739141624366985717, 14.98520393037187937, -0.1652703644666174421 ) ) ;
#4637 = VERTEX_POINT ( 'NONE', #1539 ) ;
#4638 = ORIENTED_EDGE ( 'NONE', *, *, #10044, .T. ) ;
#4639 = DIRECTION ( 'NONE',  ( 0.000000000000000000, 0.000000000000000000, 1.000000000000000000 ) ) ;
#4640 = LINE ( 'NONE', #5414, #11796 ) ;
#4641 = EDGE_CURVE ( 'NONE', #11752, #7821, #7922, .T. ) ;
#4642 = AXIS2_PLACEMENT_3D ( 'NONE', #3760, #1667, #9546 ) ;
#4643 = VECTOR ( 'NONE', #4356, 1000.000000000000000 ) ;
#4644 =( GEOMETRIC_REPRESENTATION_CONTEXT ( 3 ) GLOBAL_UNCERTAINTY_ASSIGNED_CONTEXT ( ( #9383 ) ) GLOBAL_UNIT_ASSIGNED_CONTEXT ( ( #9411, #9772, #2842 ) ) REPRESENTATION_CONTEXT ( 'NONE', 'WORKASPACE' ) );
#4645 = CARTESIAN_POINT ( 'NONE',  ( 2.950000000000000178, -5.000000000000000000, -15.62999999999999723 ) ) ;
#4646 = EDGE_CURVE ( 'NONE', #6103, #5160, #8771, .T. ) ;
#4647 =( GEOMETRIC_REPRESENTATION_CONTEXT ( 3 ) GLOBAL_UNCERTAINTY_ASSIGNED_CONTEXT ( ( #3823 ) ) GLOBAL_UNIT_ASSIGNED_CONTEXT ( ( #6779, #871, #3173 ) ) REPRESENTATION_CONTEXT ( 'NONE', 'WORKASPACE' ) );
#4648 =( NAMED_UNIT ( * ) SI_UNIT ( $, .STERADIAN. ) SOLID_ANGLE_UNIT ( ) );
#4649 = CARTESIAN_POINT ( 'NONE',  ( 26.03000000000000114, 14.56261116223713969, -0.04450167309616145928 ) ) ;
#4650 = VECTOR ( 'NONE', #5744, 1000.000000000000000 ) ;
#4651 = EDGE_LOOP ( 'NONE', ( #10616, #12048, #742, #2982 ) ) ;
#4652 = LINE ( 'NONE', #1791, #7437 ) ;
#4653 = CIRCLE ( 'NONE', #1336, 0.1873162273354038454 ) ;
#4654 = VECTOR ( 'NONE', #1498, 1000.000000000000000 ) ;
#4655 = ORIENTED_EDGE ( 'NONE', *, *, #12190, .T. ) ;
#4656 = CYLINDRICAL_SURFACE ( 'NONE', #10359, 0.2500000000000002220 ) ;
#4657 = MECHANICAL_DESIGN_GEOMETRIC_PRESENTATION_REPRESENTATION (  '', ( #3445 ), #11422 ) ;
#4658 = DIRECTION ( 'NONE',  ( -1.000000000000000000, -1.013273058397667935E-16, -0.000000000000000000 ) ) ;
#4659 = EDGE_CURVE ( 'NONE', #4887, #12089, #5652, .T. ) ;
#4660 = EDGE_CURVE ( 'NONE', #5333, #2861, #7742, .T. ) ;
#4661 = AXIS2_PLACEMENT_3D ( 'NONE', #1938, #11524, #3653 ) ;
#4662 = AXIS2_PLACEMENT_3D ( 'NONE', #3064, #1954, #8793 ) ;
#4663 = DIRECTION ( 'NONE',  ( 0.000000000000000000, 0.000000000000000000, 1.000000000000000000 ) ) ;
#4664 = ORIENTED_EDGE ( 'NONE', *, *, #12664, .F. ) ;
#4665 = CARTESIAN_POINT ( 'NONE',  ( 17.94999999999999929, 0.000000000000000000, -16.02999999999999758 ) ) ;
#4666 = CARTESIAN_POINT ( 'NONE',  ( 16.67576706438588019, 2.730887774041955929, -10.00000000000000000 ) ) ;
#4667 = COLOUR_RGB ( '',0.8313725490196077761, 0.8392156862745098200, 0.8313725490196077761 ) ;
#4668 = CARTESIAN_POINT ( 'NONE',  ( 16.10591825482288186, 14.99999999999999822, -0.2500000000000021094 ) ) ;
#4669 = CIRCLE ( 'NONE', #4261, 0.4000000000000001887 ) ;
#4670 = CARTESIAN_POINT ( 'NONE',  ( 21.67576706438588019, 5.698981658683065277, -10.00000000000000000 ) ) ;
#4671 = SURFACE_SIDE_STYLE ('',( #2541 ) ) ;
#4672 = EDGE_CURVE ( 'NONE', #6226, #12691, #6837, .T. ) ;
#4673 = FILL_AREA_STYLE ('',( #10312 ) ) ;
#4674 = CARTESIAN_POINT ( 'NONE',  ( 5.029999999999999361, 15.00000000000000000, -12.00000000000000000 ) ) ;
#4675 =( GEOMETRIC_REPRESENTATION_CONTEXT ( 3 ) GLOBAL_UNCERTAINTY_ASSIGNED_CONTEXT ( ( #12294 ) ) GLOBAL_UNIT_ASSIGNED_CONTEXT ( ( #8065, #3164, #7113 ) ) REPRESENTATION_CONTEXT ( 'NONE', 'WORKASPACE' ) );
#4676 = ORIENTED_EDGE ( 'NONE', *, *, #9143, .F. ) ;
#4677 = EDGE_LOOP ( 'NONE', ( #12387, #1444, #11512, #12262, #9786, #4191, #7135, #1929, #6712, #5942, #5007, #5249, #7669, #4291, #11551, #6088 ) ) ;
#4678 = CARTESIAN_POINT ( 'NONE',  ( 4.554990954510135914, 15.89570717673226241, 0.8790999815629499947 ) ) ;
#4679 = STYLED_ITEM ( 'NONE', ( #6143 ), #4509 ) ;
#4680 =( NAMED_UNIT ( * ) PLANE_ANGLE_UNIT ( ) SI_UNIT ( $, .RADIAN. ) );
#4681 = DIRECTION ( 'NONE',  ( -0.000000000000000000, 0.000000000000000000, 1.000000000000000000 ) ) ;
#4682 = CARTESIAN_POINT ( 'NONE',  ( 6.030000000000000249, 13.64455457845219932, -0.6805538183541244290 ) ) ;
#4683 = LINE ( 'NONE', #7636, #3010 ) ;
#4684 = DIRECTION ( 'NONE',  ( -0.000000000000000000, 0.000000000000000000, 1.000000000000000000 ) ) ;
#4685 = FACE_OUTER_BOUND ( 'NONE', #2014, .T. ) ;
#4686 = PRODUCT_DEFINITION_SHAPE ( 'NONE', 'NONE',  #6194 ) ;
#4687 = CYLINDRICAL_SURFACE ( 'NONE', #8043, 0.4000000000000010214 ) ;
#4688 = DIRECTION ( 'NONE',  ( 0.000000000000000000, 0.000000000000000000, 1.000000000000000000 ) ) ;
#4689 = VERTEX_POINT ( 'NONE', #3040 ) ;
#4690 = DIRECTION ( 'NONE',  ( 1.000000000000000000, 0.000000000000000000, 0.000000000000000000 ) ) ;
#4691 = DIRECTION ( 'NONE',  ( 0.000000000000000000, -1.000000000000000000, 0.000000000000000000 ) ) ;
#4692 = DIRECTION ( 'NONE',  ( -1.000000000000000000, -1.013273058397667935E-16, 0.000000000000000000 ) ) ;
#4693 = ORIENTED_EDGE ( 'NONE', *, *, #1687, .F. ) ;
#4694 = DIRECTION ( 'NONE',  ( 1.000000000000000000, 1.204038460978368338E-16, -0.000000000000000000 ) ) ;
#4695 = VERTEX_POINT ( 'NONE', #11839 ) ;
#4696 = FILL_AREA_STYLE ('',( #775 ) ) ;
#4697 = ORIENTED_EDGE ( 'NONE', *, *, #2589, .F. ) ;
#4698 = FILL_AREA_STYLE ('',( #5729 ) ) ;
#4699 = FACE_OUTER_BOUND ( 'NONE', #8050, .T. ) ;
#4700 = ORIENTED_EDGE ( 'NONE', *, *, #6362, .T. ) ;
#4701 = STYLED_ITEM ( 'NONE', ( #7240 ), #9302 ) ;
#4702 = ORIENTED_EDGE ( 'NONE', *, *, #9203, .T. ) ;
#4703 = CARTESIAN_POINT ( 'NONE',  ( 12.94999999999999929, -5.000000000000000000, -7.830000000000000071 ) ) ;
#4704 = SURFACE_STYLE_USAGE ( .BOTH. , #732 ) ;
#4705 = EDGE_CURVE ( 'NONE', #7309, #2828, #9835, .T. ) ;
#4706 = ORIENTED_EDGE ( 'NONE', *, *, #10521, .T. ) ;
#4707 =( NAMED_UNIT ( * ) PLANE_ANGLE_UNIT ( ) SI_UNIT ( $, .RADIAN. ) );
#4708 = EDGE_CURVE ( 'NONE', #10700, #11341, #7672, .T. ) ;
#4709 = ORIENTED_EDGE ( 'NONE', *, *, #218, .T. ) ;
#4710 = EDGE_CURVE ( 'NONE', #7593, #730, #4228, .T. ) ;
#4711 = PRESENTATION_STYLE_ASSIGNMENT (( #3876 ) ) ;
#4712 = AXIS2_PLACEMENT_3D ( 'NONE', #1446, #3495, #7777 ) ;
#4713 = CARTESIAN_POINT ( 'NONE',  ( 1.163365224946851129, 14.92559238504415120, -0.06527167913285193690 ) ) ;
#4714 = VERTEX_POINT ( 'NONE', #11571 ) ;
#4715 = DIRECTION ( 'NONE',  ( 0.000000000000000000, 1.000000000000000000, 0.000000000000000000 ) ) ;
#4716 = ORIENTED_EDGE ( 'NONE', *, *, #12468, .T. ) ;
#4717 = DIRECTION ( 'NONE',  ( 0.000000000000000000, -1.000000000000000000, -0.000000000000000000 ) ) ;
#4718 = EDGE_CURVE ( 'NONE', #9202, #3247, #3973, .T. ) ;
#4719 = LINE ( 'NONE', #12541, #1943 ) ;
#4720 = DIRECTION ( 'NONE',  ( -0.000000000000000000, -0.000000000000000000, 1.000000000000000000 ) ) ;
#4721 = FILL_AREA_STYLE ('',( #12606 ) ) ;
#4722 = AXIS2_PLACEMENT_3D ( 'NONE', #6969, #103, #27 ) ;
#4723 =( NAMED_UNIT ( * ) PLANE_ANGLE_UNIT ( ) SI_UNIT ( $, .RADIAN. ) );
#4724 = CARTESIAN_POINT ( 'NONE',  ( 5.000000000000000000, 0.000000000000000000, -10.00000000000000000 ) ) ;
#4725 = CARTESIAN_POINT ( 'NONE',  ( 5.675767064385880190, 5.698981658683065277, -10.00000000000000000 ) ) ;
#4726 = DIRECTION ( 'NONE',  ( 0.000000000000000000, -1.000000000000000000, 0.000000000000000000 ) ) ;
#4727 =( GEOMETRIC_REPRESENTATION_CONTEXT ( 3 ) GLOBAL_UNCERTAINTY_ASSIGNED_CONTEXT ( ( #12053 ) ) GLOBAL_UNIT_ASSIGNED_CONTEXT ( ( #10252, #1372, #2422 ) ) REPRESENTATION_CONTEXT ( 'NONE', 'WORKASPACE' ) );
#4728 = ORIENTED_EDGE ( 'NONE', *, *, #12753, .T. ) ;
#4729 = ORIENTED_EDGE ( 'NONE', *, *, #10826, .T. ) ;
#4730 = VERTEX_POINT ( 'NONE', #11642 ) ;
#4731 = VECTOR ( 'NONE', #1409, 1000.000000000000000 ) ;
#4732 = EDGE_CURVE ( 'NONE', #11329, #413, #5208, .T. ) ;
#4733 = CARTESIAN_POINT ( 'NONE',  ( 29.73914162436698660, 14.38829763613029478, -0.1652703644666174421 ) ) ;
#4734 = EDGE_CURVE ( 'NONE', #10425, #8256, #3930, .T. ) ;
#4735 = DIRECTION ( 'NONE',  ( 0.000000000000000000, -0.7071067811865489050, 0.7071067811865462405 ) ) ;
#4736 = SURFACE_SIDE_STYLE ('',( #760 ) ) ;
#4737 =( NAMED_UNIT ( * ) SI_UNIT ( $, .STERADIAN. ) SOLID_ANGLE_UNIT ( ) );
#4738 = CARTESIAN_POINT ( 'NONE',  ( 21.56768843574306516, 7.363962665405081154, -10.00000000000000000 ) ) ;
#4739 = VECTOR ( 'NONE', #4185, 1000.000000000000000 ) ;
#4740 = CARTESIAN_POINT ( 'NONE',  ( 19.83000000000000185, 9.999999999999998224, -0.6805538183541270936 ) ) ;
#4741 = SURFACE_SIDE_STYLE ('',( #903 ) ) ;
#4742 = FACE_OUTER_BOUND ( 'NONE', #252, .T. ) ;
#4743 = CARTESIAN_POINT ( 'NONE',  ( 12.94999999999999929, 0.000000000000000000, -15.62999999999999723 ) ) ;
#4744 = VERTEX_POINT ( 'NONE', #9652 ) ;
#4745 = CARTESIAN_POINT ( 'NONE',  ( 25.00000000000000000, 0.7437402936630139738, -18.00000000000000355 ) ) ;
#4746 = B_SPLINE_CURVE_WITH_KNOTS ( 'NONE', 3,
 ( #10666, #5870, #4713, #932, #859, #8828 ),
 .UNSPECIFIED., .F., .F.,
 ( 4, 2, 4 ),
 ( 1.294532399706945705E-18, 0.0001836758004188033730, 0.0003673516008376054450 ),
 .UNSPECIFIED. ) ;
#4747 = FACE_OUTER_BOUND ( 'NONE', #8677, .T. ) ;
#4748 = MECHANICAL_DESIGN_GEOMETRIC_PRESENTATION_REPRESENTATION (  '', ( #10283 ), #4136 ) ;
#4749 = EDGE_CURVE ( 'NONE', #1140, #4010, #71, .T. ) ;
#4750 =( NAMED_UNIT ( * ) PLANE_ANGLE_UNIT ( ) SI_UNIT ( $, .RADIAN. ) );
#4751 =( GEOMETRIC_REPRESENTATION_CONTEXT ( 3 ) GLOBAL_UNCERTAINTY_ASSIGNED_CONTEXT ( ( #2492 ) ) GLOBAL_UNIT_ASSIGNED_CONTEXT ( ( #10586, #4750, #9749 ) ) REPRESENTATION_CONTEXT ( 'NONE', 'WORKASPACE' ) );
#4752 = EDGE_LOOP ( 'NONE', ( #8410, #2223, #12476, #3375 ) ) ;
#4753 =( NAMED_UNIT ( * ) SI_UNIT ( $, .STERADIAN. ) SOLID_ANGLE_UNIT ( ) );
#4754 = COLOUR_RGB ( '',0.8313725490196077761, 0.8392156862745098200, 0.8313725490196077761 ) ;
#4755 = PRESENTATION_LAYER_ASSIGNMENT (  '', '', ( #6192 ) ) ;
#4756 = DIRECTION ( 'NONE',  ( -0.000000000000000000, -0.000000000000000000, 1.000000000000000000 ) ) ;
#4757 = CYLINDRICAL_SURFACE ( 'NONE', #5479, 0.4000000000000001887 ) ;
#4758 = FILL_AREA_STYLE ('',( #10648 ) ) ;
#4759 =( GEOMETRIC_REPRESENTATION_CONTEXT ( 3 ) GLOBAL_UNCERTAINTY_ASSIGNED_CONTEXT ( ( #4575 ) ) GLOBAL_UNIT_ASSIGNED_CONTEXT ( ( #10058, #7889, #7194 ) ) REPRESENTATION_CONTEXT ( 'NONE', 'WORKASPACE' ) );
#4760 = DIRECTION ( 'NONE',  ( 0.000000000000000000, -1.000000000000000000, 0.000000000000000000 ) ) ;
#4761 =( GEOMETRIC_REPRESENTATION_CONTEXT ( 3 ) GLOBAL_UNCERTAINTY_ASSIGNED_CONTEXT ( ( #2544 ) ) GLOBAL_UNIT_ASSIGNED_CONTEXT ( ( #2459, #5543, #4461 ) ) REPRESENTATION_CONTEXT ( 'NONE', 'WORKASPACE' ) );
#4762 = VERTEX_POINT ( 'NONE', #9596 ) ;
#4763 = DIRECTION ( 'NONE',  ( 1.000000000000000000, 0.000000000000000000, -0.000000000000000000 ) ) ;
#4764 = ORIENTED_EDGE ( 'NONE', *, *, #10220, .F. ) ;
#4765 = UNCERTAINTY_MEASURE_WITH_UNIT (LENGTH_MEASURE( 1.000000000000000082E-05 ), #7621, 'distance_accuracy_value', 'NONE');
#4766 = PLANE ( 'NONE',  #5854 ) ;
#4767 = SURFACE_STYLE_USAGE ( .BOTH. , #785 ) ;
#4768 = VERTEX_POINT ( 'NONE', #794 ) ;
#4769 = ORIENTED_EDGE ( 'NONE', *, *, #2707, .T. ) ;
#4770 = LINE ( 'NONE', #1793, #8544 ) ;
#4771 =( NAMED_UNIT ( * ) SI_UNIT ( $, .STERADIAN. ) SOLID_ANGLE_UNIT ( ) );
#4772 =( GEOMETRIC_REPRESENTATION_CONTEXT ( 3 ) GLOBAL_UNCERTAINTY_ASSIGNED_CONTEXT ( ( #1231 ) ) GLOBAL_UNIT_ASSIGNED_CONTEXT ( ( #8377, #3435, #4753 ) ) REPRESENTATION_CONTEXT ( 'NONE', 'WORKASPACE' ) );
#4773 = DIRECTION ( 'NONE',  ( -0.000000000000000000, -0.000000000000000000, 1.000000000000000000 ) ) ;
#4774 = CARTESIAN_POINT ( 'NONE',  ( 26.31781992623545818, 9.999999999999998224, -0.1999999999999998446 ) ) ;
#4775 = ORIENTED_EDGE ( 'NONE', *, *, #529, .F. ) ;
#4776 = VECTOR ( 'NONE', #8029, 1000.000000000000000 ) ;
#4777 = VECTOR ( 'NONE', #7592, 1000.000000000000000 ) ;
#4778 = EDGE_CURVE ( 'NONE', #7150, #461, #8701, .T. ) ;
#4779 = EDGE_CURVE ( 'NONE', #253, #2247, #4746, .T. ) ;
#4780 = VECTOR ( 'NONE', #3030, 1000.000000000000000 ) ;
#4781 = DIRECTION ( 'NONE',  ( 1.000000000000000000, 2.026546116795335870E-16, -0.000000000000000000 ) ) ;
#4782 = SURFACE_STYLE_USAGE ( .BOTH. , #1928 ) ;
#4783 = ORIENTED_EDGE ( 'NONE', *, *, #4046, .F. ) ;
#4784 = CARTESIAN_POINT ( 'NONE',  ( 7.950000000000000178, 0.000000000000000000, -7.830000000000000071 ) ) ;
#4785 = CARTESIAN_POINT ( 'NONE',  ( 19.54218007376454125, 14.70498544938100416, -2.385244779468109755E-15 ) ) ;
#4786 = EDGE_CURVE ( 'NONE', #9948, #9919, #11769, .T. ) ;
#4787 = DIRECTION ( 'NONE',  ( -1.000000000000000000, -2.026546116795335870E-16, 0.000000000000000000 ) ) ;
#4788 = CARTESIAN_POINT ( 'NONE',  ( 11.10591825482288364, 14.99999999999999822, -0.2500000000000021094 ) ) ;
#4789 = EDGE_CURVE ( 'NONE', #11472, #3874, #740, .T. ) ;
#4790 = CARTESIAN_POINT ( 'NONE',  ( 20.83000000000000185, 10.99999999999997158, 0.000000000000000000 ) ) ;
#4791 = ORIENTED_EDGE ( 'NONE', *, *, #3190, .T. ) ;
#4792 = ORIENTED_EDGE ( 'NONE', *, *, #10487, .T. ) ;
#4793 = CARTESIAN_POINT ( 'NONE',  ( 23.03909090176839314, 2.407412430484044816E-31, -18.00000000000000355 ) ) ;
#4794 = DIRECTION ( 'NONE',  ( -1.000000000000000000, 0.000000000000000000, -0.000000000000000000 ) ) ;
#4795 = LINE ( 'NONE', #1821, #9544 ) ;
#4796 = CARTESIAN_POINT ( 'NONE',  ( 27.95000000000000284, -5.000000000000000000, -7.429999999999998828 ) ) ;
#4797 = DIRECTION ( 'NONE',  ( 0.000000000000000000, 0.000000000000000000, -1.000000000000000000 ) ) ;
#4798 = CARTESIAN_POINT ( 'NONE',  ( 0.000000000000000000, 10.77659106982886783, -1.974724807276290628 ) ) ;
#4799 = EDGE_CURVE ( 'NONE', #12177, #12192, #8636, .T. ) ;
#4800 = LINE ( 'NONE', #5002, #4629 ) ;
#4801 = AXIS2_PLACEMENT_3D ( 'NONE', #2609, #9476, #10426 ) ;
#4802 = EDGE_CURVE ( 'NONE', #409, #10056, #7231, .T. ) ;
#4803 = CARTESIAN_POINT ( 'NONE',  ( 12.94999999999999929, -5.000000000000000000, -15.62999999999999723 ) ) ;
#4804 = CARTESIAN_POINT ( 'NONE',  ( 19.06833203617090788, 9.242953882361234719, 0.000000000000000000 ) ) ;
#4805 = ORIENTED_EDGE ( 'NONE', *, *, #1979, .F. ) ;
#4806 = CARTESIAN_POINT ( 'NONE',  ( 6.567688435743064268, 9.242953882361234719, -10.00000000000000000 ) ) ;
#4807 = CARTESIAN_POINT ( 'NONE',  ( 14.83000000000000362, 13.99999999999999112, -12.00000000000000000 ) ) ;
#4808 = SURFACE_STYLE_FILL_AREA ( #836 ) ;
#4809 = ORIENTED_EDGE ( 'NONE', *, *, #954, .T. ) ;
#4810 = CARTESIAN_POINT ( 'NONE',  ( 21.12172775006447267, 6.531472162044073215, -10.00000000000000000 ) ) ;
#4811 = VERTEX_POINT ( 'NONE', #219 ) ;
#4812 = CIRCLE ( 'NONE', #7905, 1.000000000000000888 ) ;
#4813 =( GEOMETRIC_REPRESENTATION_CONTEXT ( 3 ) GLOBAL_UNCERTAINTY_ASSIGNED_CONTEXT ( ( #3177 ) ) GLOBAL_UNIT_ASSIGNED_CONTEXT ( ( #7116, #6132, #6386 ) ) REPRESENTATION_CONTEXT ( 'NONE', 'WORKASPACE' ) );
#4814 = CARTESIAN_POINT ( 'NONE',  ( 27.95000000000000284, -5.000000000000000000, -15.62999999999999723 ) ) ;
#4815 = CARTESIAN_POINT ( 'NONE',  ( 11.56768843574306516, 7.363962665405081154, -10.00000000000000000 ) ) ;
#4816 = VECTOR ( 'NONE', #8190, 1000.000000000000000 ) ;
#4817 = FILL_AREA_STYLE_COLOUR ( '', #1962 ) ;
#4818 = DIRECTION ( 'NONE',  ( 1.000000000000000000, 0.000000000000000000, 0.000000000000000000 ) ) ;
#4819 = CONICAL_SURFACE ( 'NONE', #11174, 0.1873162273354038454, 0.4886921905584215020 ) ;
#4820 = EDGE_CURVE ( 'NONE', #4861, #7327, #1141, .T. ) ;
#4821 = CARTESIAN_POINT ( 'NONE',  ( 32.00000000000000000, 0.000000000000000000, -1.000000000000007105 ) ) ;
#4822 = CARTESIAN_POINT ( 'NONE',  ( 20.03000000000000114, 1.019352696748054822E-15, -12.00000000000000000 ) ) ;
#4823 = CIRCLE ( 'NONE', #2978, 0.4000000000000010214 ) ;
#4824 = AXIS2_PLACEMENT_3D ( 'NONE', #3379, #5422, #7482 ) ;
#4825 = ORIENTED_EDGE ( 'NONE', *, *, #9721, .F. ) ;
#4826 = LINE ( 'NONE', #3987, #3372 ) ;
#4827 = VECTOR ( 'NONE', #5575, 1000.000000000000000 ) ;
#4828 = CARTESIAN_POINT ( 'NONE',  ( 26.12085837563301283, 14.98520393037187581, -0.1652703644666149441 ) ) ;
#4829 = FILL_AREA_STYLE_COLOUR ( '', #6182 ) ;
#4830 = ORIENTED_EDGE ( 'NONE', *, *, #3587, .F. ) ;
#4831 = FACE_OUTER_BOUND ( 'NONE', #7836, .T. ) ;
#4832 = EDGE_LOOP ( 'NONE', ( #10599, #3806, #3299, #6176 ) ) ;
#4833 = LINE ( 'NONE', #3926, #6492 ) ;
#4834 = AXIS2_PLACEMENT_3D ( 'NONE', #3004, #6797, #5000 ) ;
#4835 = AXIS2_PLACEMENT_3D ( 'NONE', #9806, #5830, #1170 ) ;
#4836 = DIRECTION ( 'NONE',  ( -0.000000000000000000, -0.000000000000000000, 1.000000000000000000 ) ) ;
#4837 = PRESENTATION_LAYER_ASSIGNMENT (  '', '', ( #5457 ) ) ;
#4838 = DIRECTION ( 'NONE',  ( -1.000000000000000000, 0.000000000000000000, -0.000000000000000000 ) ) ;
#4839 = COLOUR_RGB ( '',0.8313725490196077761, 0.8392156862745098200, 0.8313725490196077761 ) ;
#4840 = DIRECTION ( 'NONE',  ( -2.026546116795335870E-16, 1.000000000000000000, -0.000000000000000000 ) ) ;
#4841 = COLOUR_RGB ( '',0.8313725490196077761, 0.8392156862745098200, 0.8313725490196077761 ) ;
#4842 = ORIENTED_EDGE ( 'NONE', *, *, #8117, .T. ) ;
#4843 = FILL_AREA_STYLE_COLOUR ( '', #4667 ) ;
#4844 = VECTOR ( 'NONE', #9131, 1000.000000000000000 ) ;
#4845 = COLOUR_RGB ( '',1.000000000000000000, 0.5019607843137254832, 0.5019607843137254832 ) ;
#4846 = MECHANICAL_DESIGN_GEOMETRIC_PRESENTATION_REPRESENTATION (  '', ( #2595 ), #9173 ) ;
#4847 = LINE ( 'NONE', #12601, #7494 ) ;
#4848 = AXIS2_PLACEMENT_3D ( 'NONE', #9960, #6114, #9891 ) ;
#4849 = CARTESIAN_POINT ( 'NONE',  ( 11.56768843574306516, 9.242953882361234719, 0.000000000000000000 ) ) ;
#4850 = EDGE_CURVE ( 'NONE', #572, #12090, #1198, .T. ) ;
#4851 = DIRECTION ( 'NONE',  ( 0.000000000000000000, 0.000000000000000000, 1.000000000000000000 ) ) ;
#4852 = ORIENTED_EDGE ( 'NONE', *, *, #4789, .T. ) ;
#4853 = EDGE_CURVE ( 'NONE', #10588, #236, #5990, .T. ) ;
#4854 = VECTOR ( 'NONE', #2798, 1000.000000000000000 ) ;
#4855 = CARTESIAN_POINT ( 'NONE',  ( 25.00000000000000000, 0.7437402936630139738, -21.62877342318509477 ) ) ;
#4856 = LINE ( 'NONE', #8842, #7687 ) ;
#4857 = VECTOR ( 'NONE', #3381, 1000.000000000000000 ) ;
#4858 =( NAMED_UNIT ( * ) SI_UNIT ( $, .STERADIAN. ) SOLID_ANGLE_UNIT ( ) );
#4859 = MECHANICAL_DESIGN_GEOMETRIC_PRESENTATION_REPRESENTATION (  '', ( #1326 ), #5073 ) ;
#4860 = DIRECTION ( 'NONE',  ( 1.084202172485503448E-16, -1.000000000000000000, 0.000000000000000000 ) ) ;
#4861 = VERTEX_POINT ( 'NONE', #11965 ) ;
#4862 = ORIENTED_EDGE ( 'NONE', *, *, #8202, .F. ) ;
#4863 = PLANE ( 'NONE',  #4055 ) ;
#4864 = AXIS2_PLACEMENT_3D ( 'NONE', #2228, #12767, #6929 ) ;
#4865 = DIRECTION ( 'NONE',  ( 0.000000000000000000, -1.000000000000000000, -0.000000000000000000 ) ) ;
#4866 = CARTESIAN_POINT ( 'NONE',  ( 25.00000000000000000, 11.77659106982886783, -1.974724807276291516 ) ) ;
#4867 = FACE_OUTER_BOUND ( 'NONE', #9513, .T. ) ;
#4868 = ADVANCED_FACE ( 'NONE', ( #5164 ), #2132, .T. ) ;
#4869 = CARTESIAN_POINT ( 'NONE',  ( 26.03000000000000114, 13.99999999999998934, -12.00000000000000000 ) ) ;
#4870 = CARTESIAN_POINT ( 'NONE',  ( 10.83000000000000007, 15.00000000000000000, -4.000000000000027534 ) ) ;
#4871 = UNCERTAINTY_MEASURE_WITH_UNIT (LENGTH_MEASURE( 1.000000000000000082E-05 ), #5351, 'distance_accuracy_value', 'NONE');
#4872 = AXIS2_PLACEMENT_3D ( 'NONE', #12484, #4918, #5619 ) ;
#4873 = CARTESIAN_POINT ( 'NONE',  ( 10.83000000000000185, 11.77659106982886783, -1.974724807276291516 ) ) ;
#4874 = CARTESIAN_POINT ( 'NONE',  ( 25.00000000000000000, 0.000000000000000000, 0.5000000000000000000 ) ) ;
#4875 = SURFACE_SIDE_STYLE ('',( #4041 ) ) ;
#4876 = VECTOR ( 'NONE', #7242, 1000.000000000000000 ) ;
#4877 = VERTEX_POINT ( 'NONE', #11063 ) ;
#4878 = EDGE_CURVE ( 'NONE', #11756, #9195, #8062, .T. ) ;
#4879 = DIRECTION ( 'NONE',  ( 0.000000000000000000, -1.000000000000000000, 0.000000000000000000 ) ) ;
#4880 =( LENGTH_UNIT ( ) NAMED_UNIT ( * ) SI_UNIT ( .MILLI., .METRE. ) );
#4881 = CARTESIAN_POINT ( 'NONE',  ( 15.83000000000000007, 15.00000000000000000, -12.00000000000000000 ) ) ;
#4882 = FACE_BOUND ( 'NONE', #8684, .T. ) ;
#4883 = ORIENTED_EDGE ( 'NONE', *, *, #1256, .T. ) ;
#4884 = EDGE_CURVE ( 'NONE', #6921, #9691, #7104, .T. ) ;
#4885 = DIRECTION ( 'NONE',  ( 0.000000000000000000, 1.000000000000000000, 0.000000000000000000 ) ) ;
#4886 = EDGE_CURVE ( 'NONE', #7091, #9764, #2256, .T. ) ;
#4887 = VERTEX_POINT ( 'NONE', #8962 ) ;
#4888 = SURFACE_STYLE_USAGE ( .BOTH. , #1180 ) ;
#4889 = CARTESIAN_POINT ( 'NONE',  ( 25.67576706438588019, 5.698981658683065277, -10.00000000000000000 ) ) ;
#4890 = SURFACE_STYLE_USAGE ( .BOTH. , #6112 ) ;
#4891 = ORIENTED_EDGE ( 'NONE', *, *, #7791, .T. ) ;
#4892 = CARTESIAN_POINT ( 'NONE',  ( 2.950000000000000178, -5.000000000000000000, -15.62999999999999723 ) ) ;
#4893 = ORIENTED_EDGE ( 'NONE', *, *, #4271, .T. ) ;
#4894 = CARTESIAN_POINT ( 'NONE',  ( 9.948558664095548565, 1.446110066005035942E-15, -10.00000000000000000 ) ) ;
#4895 =( NAMED_UNIT ( * ) PLANE_ANGLE_UNIT ( ) SI_UNIT ( $, .RADIAN. ) );
#4896 = DIRECTION ( 'NONE',  ( 1.000000000000000000, 2.026546116795335870E-16, -0.000000000000000000 ) ) ;
#4897 = AXIS2_PLACEMENT_3D ( 'NONE', #3516, #1541, #8393 ) ;
#4898 = ADVANCED_FACE ( 'NONE', ( #8194 ), #12100, .T. ) ;
#4899 = ORIENTED_EDGE ( 'NONE', *, *, #365, .F. ) ;
#4900 = CARTESIAN_POINT ( 'NONE',  ( 10.02999999999999758, 15.00000000000000000, -12.00000000000000000 ) ) ;
#4901 = EDGE_CURVE ( 'NONE', #10182, #655, #2298, .T. ) ;
#4902 = EDGE_CURVE ( 'NONE', #12258, #9448, #4325, .T. ) ;
#4903 = ORIENTED_EDGE ( 'NONE', *, *, #6077, .F. ) ;
#4904 = CARTESIAN_POINT ( 'NONE',  ( 23.94855866409554679, 2.730887774041955929, -10.00000000000000000 ) ) ;
#4905 = CARTESIAN_POINT ( 'NONE',  ( 8.568332036170907884, 9.242953882361238271, -10.00000000000000000 ) ) ;
#4906 = EDGE_CURVE ( 'NONE', #3304, #10166, #5031, .T. ) ;
#4907 = DIRECTION ( 'NONE',  ( -0.000000000000000000, 1.000000000000000000, -0.000000000000000000 ) ) ;
#4908 = CARTESIAN_POINT ( 'NONE',  ( 21.03000000000000114, 13.64455457845219932, -0.6805538183541244290 ) ) ;
#4909 =( GEOMETRIC_REPRESENTATION_CONTEXT ( 3 ) GLOBAL_UNCERTAINTY_ASSIGNED_CONTEXT ( ( #12063 ) ) GLOBAL_UNIT_ASSIGNED_CONTEXT ( ( #11134, #12237, #9018 ) ) REPRESENTATION_CONTEXT ( 'NONE', 'WORKASPACE' ) );
#4910 = ORIENTED_EDGE ( 'NONE', *, *, #11407, .T. ) ;
#4911 = CARTESIAN_POINT ( 'NONE',  ( 12.94999999999999929, -5.000000000000000000, -7.242683772664591402 ) ) ;
#4912 = SURFACE_STYLE_USAGE ( .BOTH. , #11968 ) ;
#4913 = EDGE_LOOP ( 'NONE', ( #8639, #1396, #3878, #2507 ) ) ;
#4914 = EDGE_CURVE ( 'NONE', #2597, #3247, #2514, .T. ) ;
#4915 = DIRECTION ( 'NONE',  ( -0.000000000000000000, -0.000000000000000000, 1.000000000000000000 ) ) ;
#4916 = EDGE_LOOP ( 'NONE', ( #8351, #2410, #11027, #10255 ) ) ;
#4917 = FACE_OUTER_BOUND ( 'NONE', #3589, .T. ) ;
#4918 = DIRECTION ( 'NONE',  ( -0.000000000000000000, 0.000000000000000000, 1.000000000000000000 ) ) ;
#4919 = ORIENTED_EDGE ( 'NONE', *, *, #12099, .T. ) ;
#4920 =( GEOMETRIC_REPRESENTATION_CONTEXT ( 3 ) GLOBAL_UNCERTAINTY_ASSIGNED_CONTEXT ( ( #10107 ) ) GLOBAL_UNIT_ASSIGNED_CONTEXT ( ( #12487, #10563, #11195 ) ) REPRESENTATION_CONTEXT ( 'NONE', 'WORKASPACE' ) );
#4921 = PLANE ( 'NONE',  #1137 ) ;
#4922 = LINE ( 'NONE', #11719, #11770 ) ;
#4923 = CARTESIAN_POINT ( 'NONE',  ( 29.73914162436698660, 14.98520393037187937, -0.1652703644666174421 ) ) ;
#4924 = LINE ( 'NONE', #4025, #797 ) ;
#4925 =( NAMED_UNIT ( * ) SI_UNIT ( $, .STERADIAN. ) SOLID_ANGLE_UNIT ( ) );
#4926 = ORIENTED_EDGE ( 'NONE', *, *, #12005, .F. ) ;
#4927 = VERTEX_POINT ( 'NONE', #11190 ) ;
#4928 =( NAMED_UNIT ( * ) SI_UNIT ( $, .STERADIAN. ) SOLID_ANGLE_UNIT ( ) );
#4929 = CARTESIAN_POINT ( 'NONE',  ( 26.03000000000000114, 12.77659106982886783, -2.498455167896214579 ) ) ;
#4930 = AXIS2_PLACEMENT_3D ( 'NONE', #4044, #2099, #12006 ) ;
#4931 =( LENGTH_UNIT ( ) NAMED_UNIT ( * ) SI_UNIT ( .MILLI., .METRE. ) );
#4932 = ADVANCED_FACE ( 'NONE', ( #9275 ), #12338, .T. ) ;
#4933 = CARTESIAN_POINT ( 'NONE',  ( 24.94855866409554679, 5.698981658683065277, -10.00000000000000000 ) ) ;
#4934 =( NAMED_UNIT ( * ) PLANE_ANGLE_UNIT ( ) SI_UNIT ( $, .RADIAN. ) );
#4935 = DIRECTION ( 'NONE',  ( 0.000000000000000000, -0.000000000000000000, -1.000000000000000000 ) ) ;
#4936 = CARTESIAN_POINT ( 'NONE',  ( 16.19204127013634675, 14.56261116223706154, -0.04450167309611528788 ) ) ;
#4937 = VERTEX_POINT ( 'NONE', #10224 ) ;
#4938 = FILL_AREA_STYLE ('',( #3779 ) ) ;
#4939 = DIRECTION ( 'NONE',  ( 0.000000000000000000, 1.000000000000000000, 0.000000000000000000 ) ) ;
#4940 = ADVANCED_FACE ( 'NONE', ( #3562 ), #2585, .T. ) ;
#4941 = DIRECTION ( 'NONE',  ( 1.000000000000000000, 2.026546116795335870E-16, -0.000000000000000000 ) ) ;
#4942 = EDGE_CURVE ( 'NONE', #9895, #5122, #3409, .T. ) ;
#4943 = DIRECTION ( 'NONE',  ( 0.000000000000000000, 0.000000000000000000, 1.000000000000000000 ) ) ;
#4944 = ADVANCED_FACE ( 'NONE', ( #10334 ), #3504, .F. ) ;
#4945 = DIRECTION ( 'NONE',  ( 0.000000000000000000, 0.000000000000000000, 1.000000000000000000 ) ) ;
#4946 = ORIENTED_EDGE ( 'NONE', *, *, #6835, .F. ) ;
#4947 = CARTESIAN_POINT ( 'NONE',  ( 25.03000000000000114, 15.00000000000000000, -4.000000000000027534 ) ) ;
#4948 = AXIS2_PLACEMENT_3D ( 'NONE', #9825, #7926, #8823 ) ;
#4949 = ORIENTED_EDGE ( 'NONE', *, *, #786, .F. ) ;
#4950 = PLANE ( 'NONE',  #78 ) ;
#4951 =( LENGTH_UNIT ( ) NAMED_UNIT ( * ) SI_UNIT ( .MILLI., .METRE. ) );
#4952 =( NAMED_UNIT ( * ) SI_UNIT ( $, .STERADIAN. ) SOLID_ANGLE_UNIT ( ) );
#4953 = DIRECTION ( 'NONE',  ( 2.026546116795336363E-16, -1.000000000000000000, -1.376838949271375885E-31 ) ) ;
#4954 = CARTESIAN_POINT ( 'NONE',  ( 5.000000000000000888, 0.9999999999999997780, -0.9999999999999997780 ) ) ;
#4955 = EDGE_CURVE ( 'NONE', #469, #1843, #9545, .T. ) ;
#4956 = VECTOR ( 'NONE', #2238, 1000.000000000000000 ) ;
#4957 = PRESENTATION_STYLE_ASSIGNMENT (( #4115 ) ) ;
#4958 = ORIENTED_EDGE ( 'NONE', *, *, #1162, .F. ) ;
#4959 = AXIS2_PLACEMENT_3D ( 'NONE', #8863, #10846, #5650 ) ;
#4960 = CARTESIAN_POINT ( 'NONE',  ( 17.94999999999999929, -5.000000000000000000, -7.429999999999998828 ) ) ;
#4961 = ORIENTED_EDGE ( 'NONE', *, *, #6545, .F. ) ;
#4962 =( BOUNDED_CURVE ( )  B_SPLINE_CURVE ( 3, ( #11989, #3196, #11031, #2220 ),
 .UNSPECIFIED., .F., .F. ) 
 B_SPLINE_CURVE_WITH_KNOTS ( ( 4, 4 ),
 ( 4.886921905584117987, 5.603056365278460405 ),
 .UNSPECIFIED. ) 
 CURVE ( )  GEOMETRIC_REPRESENTATION_ITEM ( )  RATIONAL_B_SPLINE_CURVE ( ( 1.000000000000000000, 0.9577172935399685949, 0.9577172935399685949, 1.000000000000000000 ) ) 
 REPRESENTATION_ITEM ( '' )  );
#4963 = CARTESIAN_POINT ( 'NONE',  ( 22.06768843574306516, 9.242953882361238271, -10.00000000000000000 ) ) ;
#4964 =( NAMED_UNIT ( * ) SI_UNIT ( $, .STERADIAN. ) SOLID_ANGLE_UNIT ( ) );
#4965 = EDGE_LOOP ( 'NONE', ( #10374, #5426, #1650, #5487 ) ) ;
#4966 = DIRECTION ( 'NONE',  ( 1.000000000000000000, 0.000000000000000000, 0.000000000000000000 ) ) ;
#4967 = PRESENTATION_STYLE_ASSIGNMENT (( #3159 ) ) ;
#4968 = VECTOR ( 'NONE', #12502, 1000.000000000000000 ) ;
#4969 = LINE ( 'NONE', #2719, #999 ) ;
#4970 = STYLED_ITEM ( 'NONE', ( #2748 ), #10419 ) ;
#4971 = CARTESIAN_POINT ( 'NONE',  ( 19.73914162436698305, 14.98520393037187937, -0.1652703644666174421 ) ) ;
#4972 = AXIS2_PLACEMENT_3D ( 'NONE', #4589, #2655, #7611 ) ;
#4973 = VECTOR ( 'NONE', #7572, 1000.000000000000000 ) ;
#4974 = EDGE_CURVE ( 'NONE', #8256, #4300, #6383, .T. ) ;
#4975 = EDGE_CURVE ( 'NONE', #4385, #7371, #8310, .T. ) ;
#4976 = VERTEX_POINT ( 'NONE', #1587 ) ;
#4977 = LINE ( 'NONE', #6902, #8519 ) ;
#4978 = CARTESIAN_POINT ( 'NONE',  ( 11.02999999999999936, 11.77659106982886605, -2.498455167896218576 ) ) ;
#4979 = CIRCLE ( 'NONE', #7030, 0.4000000000000001887 ) ;
#4980 = ORIENTED_EDGE ( 'NONE', *, *, #3262, .F. ) ;
#4981 = SURFACE_STYLE_USAGE ( .BOTH. , #7948 ) ;
#4982 = VERTEX_POINT ( 'NONE', #5536 ) ;
#4983 = ORIENTED_EDGE ( 'NONE', *, *, #11140, .T. ) ;
#4984 = DIRECTION ( 'NONE',  ( 1.000000000000000000, 2.026546116795335870E-16, -0.000000000000000000 ) ) ;
#4985 = UNCERTAINTY_MEASURE_WITH_UNIT (LENGTH_MEASURE( 1.000000000000000082E-05 ), #5135, 'distance_accuracy_value', 'NONE');
#4986 = ORIENTED_EDGE ( 'NONE', *, *, #3326, .T. ) ;
#4987 = LINE ( 'NONE', #11075, #5285 ) ;
#4988 = MECHANICAL_DESIGN_GEOMETRIC_PRESENTATION_REPRESENTATION (  '', ( #10701 ), #2513 ) ;
#4989 = CARTESIAN_POINT ( 'NONE',  ( 27.06768843574306871, 9.742953882361238271, -10.00000000000000000 ) ) ;
#4990 = CARTESIAN_POINT ( 'NONE',  ( 27.95000000000000284, -5.000000000000000000, -7.617316227335406253 ) ) ;
#4991 = EDGE_CURVE ( 'NONE', #4299, #10116, #3444, .T. ) ;
#4992 = ORIENTED_EDGE ( 'NONE', *, *, #11776, .F. ) ;
#4993 = DIRECTION ( 'NONE',  ( 0.000000000000000000, 1.000000000000000000, -0.000000000000000000 ) ) ;
#4994 = ORIENTED_EDGE ( 'NONE', *, *, #9827, .F. ) ;
#4995 = ORIENTED_EDGE ( 'NONE', *, *, #1532, .F. ) ;
#4996 = MECHANICAL_DESIGN_GEOMETRIC_PRESENTATION_REPRESENTATION (  '', ( #10499 ), #1480 ) ;
#4997 = MECHANICAL_DESIGN_GEOMETRIC_PRESENTATION_REPRESENTATION (  '', ( #7048 ), #8891 ) ;
#4998 = DIRECTION ( 'NONE',  ( -2.026546116795335870E-16, 1.000000000000000000, 0.000000000000000000 ) ) ;
#4999 = CARTESIAN_POINT ( 'NONE',  ( 25.67576706438588019, 5.698981658683065277, -10.00000000000000000 ) ) ;
#5000 = DIRECTION ( 'NONE',  ( 0.000000000000000000, 0.000000000000000000, 1.000000000000000000 ) ) ;
#5001 =( NAMED_UNIT ( * ) SI_UNIT ( $, .STERADIAN. ) SOLID_ANGLE_UNIT ( ) );
#5002 = CARTESIAN_POINT ( 'NONE',  ( 10.00000000000000000, 10.99999999999997158, 0.000000000000000000 ) ) ;
#5003 = CARTESIAN_POINT ( 'NONE',  ( 26.03000000000000114, 11.77659106982886605, -2.498455167896218576 ) ) ;
#5004 =( LENGTH_UNIT ( ) NAMED_UNIT ( * ) SI_UNIT ( .MILLI., .METRE. ) );
#5005 = DIRECTION ( 'NONE',  ( 0.000000000000000000, 0.000000000000000000, 1.000000000000000000 ) ) ;
#5006 = CARTESIAN_POINT ( 'NONE',  ( 6.317819926235457295, 9.999999999999998224, -0.1999999999999998446 ) ) ;
#5007 = ORIENTED_EDGE ( 'NONE', *, *, #2020, .T. ) ;
#5008 = CARTESIAN_POINT ( 'NONE',  ( 25.83000000000000185, 11.77659106982886783, -12.00000000000000000 ) ) ;
#5009 = ORIENTED_EDGE ( 'NONE', *, *, #3485, .T. ) ;
#5010 = SURFACE_STYLE_USAGE ( .BOTH. , #2105 ) ;
#5011 = EDGE_LOOP ( 'NONE', ( #5246, #1518, #423, #5096 ) ) ;
#5012 = VECTOR ( 'NONE', #11623, 1000.000000000000000 ) ;
#5013 = ADVANCED_FACE ( 'NONE', ( #6325 ), #12462, .F. ) ;
#5014 = ORIENTED_EDGE ( 'NONE', *, *, #6077, .T. ) ;
#5015 = FILL_AREA_STYLE ('',( #9581 ) ) ;
#5016 = DIRECTION ( 'NONE',  ( 1.000000000000000000, 2.026546116795335870E-16, -0.000000000000000000 ) ) ;
#5017 = DIRECTION ( 'NONE',  ( 0.000000000000000000, -1.000000000000000000, 0.000000000000000000 ) ) ;
#5018 = EDGE_LOOP ( 'NONE', ( #7664, #4910, #2777, #9881 ) ) ;
#5019 = DIRECTION ( 'NONE',  ( -1.000000000000000000, 0.000000000000000000, 0.000000000000000000 ) ) ;
#5020 = ORIENTED_EDGE ( 'NONE', *, *, #4718, .F. ) ;
#5021 =( GEOMETRIC_REPRESENTATION_CONTEXT ( 3 ) GLOBAL_UNCERTAINTY_ASSIGNED_CONTEXT ( ( #165 ) ) GLOBAL_UNIT_ASSIGNED_CONTEXT ( ( #4530, #5551, #7492 ) ) REPRESENTATION_CONTEXT ( 'NONE', 'WORKASPACE' ) );
#5022 = VECTOR ( 'NONE', #7719, 1000.000000000000000 ) ;
#5023 = LINE ( 'NONE', #10862, #11192 ) ;
#5024 = CYLINDRICAL_SURFACE ( 'NONE', #3919, 0.4000000000000010214 ) ;
#5025 = ORIENTED_EDGE ( 'NONE', *, *, #3695, .T. ) ;
#5026 = VERTEX_POINT ( 'NONE', #606 ) ;
#5027 = AXIS2_PLACEMENT_3D ( 'NONE', #3976, #7841, #11744 ) ;
#5028 = AXIS2_PLACEMENT_3D ( 'NONE', #12172, #5174, #4208 ) ;
#5029 = CARTESIAN_POINT ( 'NONE',  ( 5.000000000000000888, 0.7437402936630139738, -0.03339203246192836566 ) ) ;
#5030 = EDGE_CURVE ( 'NONE', #3759, #7227, #4577, .T. ) ;
#5031 = LINE ( 'NONE', #11444, #9339 ) ;
#5032 = AXIS2_PLACEMENT_3D ( 'NONE', #6778, #3044, #5805 ) ;
#5033 = LINE ( 'NONE', #10871, #1097 ) ;
#5034 = VERTEX_POINT ( 'NONE', #12398 ) ;
#5035 = PRESENTATION_LAYER_ASSIGNMENT (  '', '', ( #875 ) ) ;
#5036 = VECTOR ( 'NONE', #11318, 1000.000000000000114 ) ;
#5037 = AXIS2_PLACEMENT_3D ( 'NONE', #1760, #9497, #9559 ) ;
#5038 = ORIENTED_EDGE ( 'NONE', *, *, #10853, .F. ) ;
#5039 = PLANE ( 'NONE',  #4722 ) ;
#5040 = VECTOR ( 'NONE', #5803, 1000.000000000000000 ) ;
#5041 = AXIS2_PLACEMENT_3D ( 'NONE', #7031, #6126, #8123 ) ;
#5042 = VECTOR ( 'NONE', #3033, 1000.000000000000114 ) ;
#5043 = PRESENTATION_STYLE_ASSIGNMENT (( #11907 ) ) ;
#5044 = STYLED_ITEM ( 'NONE', ( #4076 ), #7212 ) ;
#5045 = FILL_AREA_STYLE_COLOUR ( '', #278 ) ;
#5046 = VERTEX_POINT ( 'NONE', #7544 ) ;
#5047 = DIRECTION ( 'NONE',  ( 1.000000000000000000, 0.000000000000000000, 0.000000000000000000 ) ) ;
#5048 = EDGE_CURVE ( 'NONE', #4587, #8976, #6568, .T. ) ;
#5049 =( LENGTH_UNIT ( ) NAMED_UNIT ( * ) SI_UNIT ( .MILLI., .METRE. ) );
#5050 = EDGE_CURVE ( 'NONE', #1371, #5295, #9403, .T. ) ;
#5051 = EDGE_LOOP ( 'NONE', ( #4437, #12061, #12574, #11364, #5962 ) ) ;
#5052 = LINE ( 'NONE', #8903, #3443 ) ;
#5053 = LINE ( 'NONE', #1870, #439 ) ;
#5054 = PRESENTATION_LAYER_ASSIGNMENT (  '', '', ( #12228 ) ) ;
#5055 = LINE ( 'NONE', #8714, #3738 ) ;
#5056 = AXIS2_PLACEMENT_3D ( 'NONE', #3267, #3336, #250 ) ;
#5057 = STYLED_ITEM ( 'NONE', ( #1195 ), #7553 ) ;
#5058 = ORIENTED_EDGE ( 'NONE', *, *, #7848, .T. ) ;
#5059 = UNCERTAINTY_MEASURE_WITH_UNIT (LENGTH_MEASURE( 1.000000000000000082E-05 ), #10445, 'distance_accuracy_value', 'NONE');
#5060 = CARTESIAN_POINT ( 'NONE',  ( 20.02999999999999758, 10.99999999999997158, -1.000000000000000000 ) ) ;
#5061 = CARTESIAN_POINT ( 'NONE',  ( 0.000000000000000000, 1.730887774041955929, -10.00000000000000000 ) ) ;
#5062 = VERTEX_POINT ( 'NONE', #1457 ) ;
#5063 =( GEOMETRIC_REPRESENTATION_CONTEXT ( 3 ) GLOBAL_UNCERTAINTY_ASSIGNED_CONTEXT ( ( #1857 ) ) GLOBAL_UNIT_ASSIGNED_CONTEXT ( ( #4931, #50, #9930 ) ) REPRESENTATION_CONTEXT ( 'NONE', 'WORKASPACE' ) );
#5064 = EDGE_LOOP ( 'NONE', ( #1091, #76, #12320, #12465 ) ) ;
#5065 = DIRECTION ( 'NONE',  ( -2.026546116795335870E-16, 1.000000000000000000, -0.000000000000000000 ) ) ;
#5066 = CARTESIAN_POINT ( 'NONE',  ( 20.00000000000000000, 9.742953882361238271, -10.00000000000000000 ) ) ;
#5067 = EDGE_CURVE ( 'NONE', #2325, #9205, #4640, .T. ) ;
#5068 = VECTOR ( 'NONE', #12198, 1000.000000000000000 ) ;
#5069 = EDGE_CURVE ( 'NONE', #1739, #11752, #4451, .T. ) ;
#5070 = PLANE ( 'NONE',  #7341 ) ;
#5071 = CIRCLE ( 'NONE', #1758, 1.000000000000000888 ) ;
#5072 = LINE ( 'NONE', #9677, #6965 ) ;
#5073 =( GEOMETRIC_REPRESENTATION_CONTEXT ( 3 ) GLOBAL_UNCERTAINTY_ASSIGNED_CONTEXT ( ( #7806 ) ) GLOBAL_UNIT_ASSIGNED_CONTEXT ( ( #1186, #8046, #3229 ) ) REPRESENTATION_CONTEXT ( 'NONE', 'WORKASPACE' ) );
#5074 = DIRECTION ( 'NONE',  ( 0.000000000000000000, -1.000000000000000000, 0.000000000000000000 ) ) ;
#5075 = LINE ( 'NONE', #10067, #6828 ) ;
#5076 = VECTOR ( 'NONE', #9722, 1000.000000000000000 ) ;
#5077 = DIRECTION ( 'NONE',  ( 0.000000000000000000, 0.000000000000000000, 1.000000000000000000 ) ) ;
#5078 = CIRCLE ( 'NONE', #8983, 0.1873162273354073148 ) ;
#5079 =( GEOMETRIC_REPRESENTATION_CONTEXT ( 3 ) GLOBAL_UNCERTAINTY_ASSIGNED_CONTEXT ( ( #11395 ) ) GLOBAL_UNIT_ASSIGNED_CONTEXT ( ( #11558, #6757, #11110 ) ) REPRESENTATION_CONTEXT ( 'NONE', 'WORKASPACE' ) );
#5080 = ORIENTED_EDGE ( 'NONE', *, *, #7791, .F. ) ;
#5081 = CARTESIAN_POINT ( 'NONE',  ( 2.950000000000000178, -5.000000000000000000, -15.22999999999999687 ) ) ;
#5082 =( NAMED_UNIT ( * ) SI_UNIT ( $, .STERADIAN. ) SOLID_ANGLE_UNIT ( ) );
#5083 = FILL_AREA_STYLE ('',( #1114 ) ) ;
#5084 = ORIENTED_EDGE ( 'NONE', *, *, #4942, .T. ) ;
#5085 = EDGE_LOOP ( 'NONE', ( #12741, #3708, #6367, #10818, #4805 ) ) ;
#5086 = CARTESIAN_POINT ( 'NONE',  ( 22.95000000000000284, 0.000000000000000000, -7.029999999999999361 ) ) ;
#5087 = VERTEX_POINT ( 'NONE', #8441 ) ;
#5088 = CARTESIAN_POINT ( 'NONE',  ( 29.83000000000000185, 9.999999999999998224, -0.6805538183541270936 ) ) ;
#5089 = ORIENTED_EDGE ( 'NONE', *, *, #11717, .T. ) ;
#5090 = FILL_AREA_STYLE ('',( #8179 ) ) ;
#5091 = CARTESIAN_POINT ( 'NONE',  ( 13.03909090176839314, 0.7437402936630143069, -21.62877342318509477 ) ) ;
#5092 = DIRECTION ( 'NONE',  ( -1.000000000000000000, -2.026546116795335870E-16, 0.000000000000000000 ) ) ;
#5093 = SURFACE_SIDE_STYLE ('',( #5209 ) ) ;
#5094 = ORIENTED_EDGE ( 'NONE', *, *, #7338, .T. ) ;
#5095 = CARTESIAN_POINT ( 'NONE',  ( 3.404608049195914532, 12.77659106982886605, -2.498455167896214579 ) ) ;
#5096 = ORIENTED_EDGE ( 'NONE', *, *, #12042, .F. ) ;
#5097 = DIRECTION ( 'NONE',  ( 0.000000000000000000, -1.000000000000000000, 0.000000000000000000 ) ) ;
#5098 = LINE ( 'NONE', #214, #9265 ) ;
#5099 = ORIENTED_EDGE ( 'NONE', *, *, #11471, .F. ) ;
#5100 = FACE_OUTER_BOUND ( 'NONE', #10805, .T. ) ;
#5101 = ORIENTED_EDGE ( 'NONE', *, *, #4732, .F. ) ;
#5102 = FACE_OUTER_BOUND ( 'NONE', #4965, .T. ) ;
#5103 =( NAMED_UNIT ( * ) PLANE_ANGLE_UNIT ( ) SI_UNIT ( $, .RADIAN. ) );
#5104 = DIRECTION ( 'NONE',  ( 1.000000000000000000, 0.000000000000000000, 0.000000000000000000 ) ) ;
#5105 = VERTEX_POINT ( 'NONE', #7658 ) ;
#5106 = DIRECTION ( 'NONE',  ( 0.000000000000000000, -1.000000000000000000, 0.000000000000000000 ) ) ;
#5107 = EDGE_CURVE ( 'NONE', #8846, #9247, #9, .T. ) ;
#5108 = ORIENTED_EDGE ( 'NONE', *, *, #10009, .F. ) ;
#5109 = DIRECTION ( 'NONE',  ( -1.000000000000000000, -1.070256409758549661E-16, 0.000000000000000000 ) ) ;
#5110 = CARTESIAN_POINT ( 'NONE',  ( 0.000000000000000000, 0.000000000000000000, -12.00000000000000000 ) ) ;
#5111 = EDGE_CURVE ( 'NONE', #10000, #6731, #5243, .T. ) ;
#5112 = ADVANCED_FACE ( 'NONE', ( #8814 ), #6818, .T. ) ;
#5113 = ORIENTED_EDGE ( 'NONE', *, *, #3321, .F. ) ;
#5114 = LINE ( 'NONE', #6135, #4579 ) ;
#5115 = DIRECTION ( 'NONE',  ( -1.000000000000000000, -1.013273058397667935E-16, -0.000000000000000000 ) ) ;
#5116 = AXIS2_PLACEMENT_3D ( 'NONE', #7420, #4658, #5546 ) ;
#5117 = DIRECTION ( 'NONE',  ( 0.000000000000000000, 0.000000000000000000, 1.000000000000000000 ) ) ;
#5118 = UNCERTAINTY_MEASURE_WITH_UNIT (LENGTH_MEASURE( 1.000000000000000082E-05 ), #11561, 'distance_accuracy_value', 'NONE');
#5119 = FILL_AREA_STYLE ('',( #12111 ) ) ;
#5120 = FACE_OUTER_BOUND ( 'NONE', #11761, .T. ) ;
#5121 = CARTESIAN_POINT ( 'NONE',  ( 13.94855866409554146, 1.730887774041955929, -10.00000000000000000 ) ) ;
#5122 = VERTEX_POINT ( 'NONE', #6755 ) ;
#5123 = LINE ( 'NONE', #5060, #979 ) ;
#5124 = EDGE_CURVE ( 'NONE', #119, #5526, #12656, .T. ) ;
#5125 = ORIENTED_EDGE ( 'NONE', *, *, #4333, .F. ) ;
#5126 = ORIENTED_EDGE ( 'NONE', *, *, #5979, .T. ) ;
#5127 = DIRECTION ( 'NONE',  ( 0.000000000000000000, 0.000000000000000000, 1.000000000000000000 ) ) ;
#5128 = SURFACE_STYLE_USAGE ( .BOTH. , #1222 ) ;
#5129 = CARTESIAN_POINT ( 'NONE',  ( 25.00000000000000000, -3.659182332138577465E-16, -18.00000000000000355 ) ) ;
#5130 = ORIENTED_EDGE ( 'NONE', *, *, #10070, .F. ) ;
#5131 = CARTESIAN_POINT ( 'NONE',  ( 25.00000000000000000, 0.9999999999999997780, -0.9999999999999997780 ) ) ;
#5132 = CARTESIAN_POINT ( 'NONE',  ( 9.667958729863647349, 14.56261116223706154, -0.04450167309611560706 ) ) ;
#5133 = PRESENTATION_STYLE_ASSIGNMENT (( #5191 ) ) ;
#5134 = SURFACE_SIDE_STYLE ('',( #11998 ) ) ;
#5135 =( LENGTH_UNIT ( ) NAMED_UNIT ( * ) SI_UNIT ( .MILLI., .METRE. ) );
#5136 = PRESENTATION_STYLE_ASSIGNMENT (( #3968 ) ) ;
#5137 = EDGE_CURVE ( 'NONE', #12745, #7091, #65, .T. ) ;
#5138 = ADVANCED_FACE ( 'NONE', ( #777 ), #11685, .T. ) ;
#5139 = VERTEX_POINT ( 'NONE', #3914 ) ;
#5140 = CARTESIAN_POINT ( 'NONE',  ( 29.58567717043704448, 14.65635408178981081, -1.400895289688119902E-15 ) ) ;
#5141 = DIRECTION ( 'NONE',  ( 0.000000000000000000, -1.000000000000000000, 0.000000000000000000 ) ) ;
#5142 = ORIENTED_EDGE ( 'NONE', *, *, #8244, .T. ) ;
#5143 = DIRECTION ( 'NONE',  ( -0.000000000000000000, -0.000000000000000000, 1.000000000000000000 ) ) ;
#5144 = ORIENTED_EDGE ( 'NONE', *, *, #4087, .T. ) ;
#5145 = LINE ( 'NONE', #9065, #9332 ) ;
#5146 = ORIENTED_EDGE ( 'NONE', *, *, #3707, .T. ) ;
#5147 = FACE_OUTER_BOUND ( 'NONE', #10409, .T. ) ;
#5148 = CARTESIAN_POINT ( 'NONE',  ( 20.02999999999999758, 11.77659106982886783, -12.00000000000000000 ) ) ;
#5149 = EDGE_LOOP ( 'NONE', ( #3974, #2756, #5163, #2150 ) ) ;
#5150 = SURFACE_STYLE_FILL_AREA ( #1183 ) ;
#5151 = SURFACE_STYLE_USAGE ( .BOTH. , #3148 ) ;
#5152 = LINE ( 'NONE', #2243, #3774 ) ;
#5153 = ADVANCED_FACE ( 'NONE', ( #9756 ), #921, .T. ) ;
#5154 = SURFACE_STYLE_USAGE ( .BOTH. , #5093 ) ;
#5155 = VERTEX_POINT ( 'NONE', #6950 ) ;
#5156 =( NAMED_UNIT ( * ) SI_UNIT ( $, .STERADIAN. ) SOLID_ANGLE_UNIT ( ) );
#5157 = ORIENTED_EDGE ( 'NONE', *, *, #2674, .F. ) ;
#5158 = CARTESIAN_POINT ( 'NONE',  ( 24.94855866409554679, 2.730887774041963034, -10.00000000000000000 ) ) ;
#5159 = LINE ( 'NONE', #11183, #2686 ) ;
#5160 = VERTEX_POINT ( 'NONE', #8105 ) ;
#5161 = ORIENTED_EDGE ( 'NONE', *, *, #3423, .T. ) ;
#5162 = PRESENTATION_STYLE_ASSIGNMENT (( #21 ) ) ;
#5163 = ORIENTED_EDGE ( 'NONE', *, *, #10735, .T. ) ;
#5164 = FACE_OUTER_BOUND ( 'NONE', #2468, .T. ) ;
#5165 = VECTOR ( 'NONE', #1190, 1000.000000000000000 ) ;
#5166 = CARTESIAN_POINT ( 'NONE',  ( 1.029999999999999583, 14.99999999999999822, -11.00000000000000178 ) ) ;
#5167 = PLANE ( 'NONE',  #8322 ) ;
#5168 = AXIS2_PLACEMENT_3D ( 'NONE', #9257, #4307, #11106 ) ;
#5169 = ORIENTED_EDGE ( 'NONE', *, *, #11036, .F. ) ;
#5170 = CARTESIAN_POINT ( 'NONE',  ( 21.31781992623545818, 14.70498544938100416, 2.168404344971008621E-16 ) ) ;
#5171 = LINE ( 'NONE', #1006, #3655 ) ;
#5172 = STYLED_ITEM ( 'NONE', ( #11200 ), #6320 ) ;
#5173 = ORIENTED_EDGE ( 'NONE', *, *, #2918, .T. ) ;
#5174 = DIRECTION ( 'NONE',  ( -1.000000000000000000, -2.026546116795335870E-16, 0.000000000000000000 ) ) ;
#5175 = EDGE_CURVE ( 'NONE', #8245, #12584, #12034, .T. ) ;
#5176 = EDGE_CURVE ( 'NONE', #2519, #6511, #4056, .T. ) ;
#5177 = CARTESIAN_POINT ( 'NONE',  ( 32.00000000000000000, 0.000000000000000000, -16.49999999999999289 ) ) ;
#5178 = VERTEX_POINT ( 'NONE', #11822 ) ;
#5179 = AXIS2_PLACEMENT_3D ( 'NONE', #5709, #2927, #2804 ) ;
#5180 = CARTESIAN_POINT ( 'NONE',  ( 14.66795872986364735, 14.56261116223706154, -0.04450167309611560706 ) ) ;
#5181 = VERTEX_POINT ( 'NONE', #7986 ) ;
#5182 = AXIS2_PLACEMENT_3D ( 'NONE', #3238, #93, #9829 ) ;
#5183 = ORIENTED_EDGE ( 'NONE', *, *, #1162, .T. ) ;
#5184 = DIRECTION ( 'NONE',  ( 0.000000000000000000, -1.000000000000000000, 0.000000000000000000 ) ) ;
#5185 =( LENGTH_UNIT ( ) NAMED_UNIT ( * ) SI_UNIT ( .MILLI., .METRE. ) );
#5186 = VERTEX_POINT ( 'NONE', #7084 ) ;
#5187 = AXIS2_PLACEMENT_3D ( 'NONE', #6277, #8210, #12180 ) ;
#5188 = SURFACE_SIDE_STYLE ('',( #10121 ) ) ;
#5189 = ADVANCED_FACE ( 'NONE', ( #10023 ), #5205, .T. ) ;
#5190 = CARTESIAN_POINT ( 'NONE',  ( 11.67576706438588019, 5.698981658683065277, -10.00000000000000000 ) ) ;
#5191 = SURFACE_STYLE_USAGE ( .BOTH. , #6096 ) ;
#5192 = ADVANCED_FACE ( 'NONE', ( #10921 ), #7914, .T. ) ;
#5193 = ADVANCED_FACE ( 'NONE', ( #338 ), #4819, .T. ) ;
#5194 = LINE ( 'NONE', #9117, #1490 ) ;
#5195 = LINE ( 'NONE', #6157, #6893 ) ;
#5196 = ORIENTED_EDGE ( 'NONE', *, *, #12667, .T. ) ;
#5197 =( NAMED_UNIT ( * ) SI_UNIT ( $, .STERADIAN. ) SOLID_ANGLE_UNIT ( ) );
#5198 = LINE ( 'NONE', #7980, #5779 ) ;
#5199 = FACE_OUTER_BOUND ( 'NONE', #3591, .T. ) ;
#5200 = ORIENTED_EDGE ( 'NONE', *, *, #5961, .T. ) ;
#5201 = EDGE_CURVE ( 'NONE', #7792, #1203, #3603, .T. ) ;
#5202 = ADVANCED_FACE ( 'NONE', ( #3421 ), #10621, .T. ) ;
#5203 = SURFACE_SIDE_STYLE ('',( #2108 ) ) ;
#5204 = ORIENTED_EDGE ( 'NONE', *, *, #9372, .F. ) ;
#5205 = CYLINDRICAL_SURFACE ( 'NONE', #2336, 0.4000000000000001887 ) ;
#5206 = DIRECTION ( 'NONE',  ( -0.1736481776669304700, -0.000000000000000000, -0.9848077530122080203 ) ) ;
#5207 = CARTESIAN_POINT ( 'NONE',  ( 19.74394556828654856, 14.99501846973960184, -0.1925148842800870619 ) ) ;
#5208 = B_SPLINE_CURVE_WITH_KNOTS ( 'NONE', 3,
 ( #9775, #1855, #12672, #10608, #5800, #4971 ),
 .UNSPECIFIED., .F., .F.,
 ( 4, 2, 4 ),
 ( -3.162297181311778037E-06, 0.0001813771899212638099, 0.0003659166770238394270 ),
 .UNSPECIFIED. ) ;
#5209 = SURFACE_STYLE_FILL_AREA ( #273 ) ;
#5210 = ORIENTED_EDGE ( 'NONE', *, *, #3869, .F. ) ;
#5211 = COLOUR_RGB ( '',1.000000000000000000, 0.5019607843137254832, 0.5019607843137254832 ) ;
#5212 = DIRECTION ( 'NONE',  ( 0.000000000000000000, -0.000000000000000000, -1.000000000000000000 ) ) ;
#5213 = ORIENTED_EDGE ( 'NONE', *, *, #5570, .F. ) ;
#5214 = DIRECTION ( 'NONE',  ( -1.000000000000000000, 0.000000000000000000, 0.000000000000000000 ) ) ;
#5215 = DIRECTION ( 'NONE',  ( 1.000000000000000000, 0.000000000000000000, 0.000000000000000000 ) ) ;
#5216 = ORIENTED_EDGE ( 'NONE', *, *, #7989, .T. ) ;
#5217 = DIRECTION ( 'NONE',  ( -1.000000000000000000, 0.000000000000000000, 0.000000000000000000 ) ) ;
#5218 = COLOUR_RGB ( '',0.8313725490196077761, 0.8392156862745098200, 0.8313725490196077761 ) ;
#5219 = ORIENTED_EDGE ( 'NONE', *, *, #7848, .F. ) ;
#5220 = CARTESIAN_POINT ( 'NONE',  ( 15.67576706438587841, 2.730887774041955929, -10.00000000000000000 ) ) ;
#5221 = EDGE_CURVE ( 'NONE', #10858, #10357, #4557, .T. ) ;
#5222 = CARTESIAN_POINT ( 'NONE',  ( 4.948558664095547677, 5.698981658683065277, 0.000000000000000000 ) ) ;
#5223 = ORIENTED_EDGE ( 'NONE', *, *, #3498, .T. ) ;
#5224 = CARTESIAN_POINT ( 'NONE',  ( 24.69663733748041423, 14.92559551406763063, -0.06527507787064738831 ) ) ;
#5225 = FACE_OUTER_BOUND ( 'NONE', #12392, .T. ) ;
#5226 = AXIS2_PLACEMENT_3D ( 'NONE', #8206, #3252, #8146 ) ;
#5227 = COLOUR_RGB ( '',1.000000000000000000, 0.5019607843137254832, 0.5019607843137254832 ) ;
#5228 = DIRECTION ( 'NONE',  ( 0.000000000000000000, 0.000000000000000000, 1.000000000000000000 ) ) ;
#5229 = CARTESIAN_POINT ( 'NONE',  ( 0.6757670643858804116, 5.698981658683065277, -10.00000000000000000 ) ) ;
#5230 = STYLED_ITEM ( 'NONE', ( #2660 ), #5473 ) ;
#5231 =( GEOMETRIC_REPRESENTATION_CONTEXT ( 3 ) GLOBAL_UNCERTAINTY_ASSIGNED_CONTEXT ( ( #554 ) ) GLOBAL_UNIT_ASSIGNED_CONTEXT ( ( #6059, #7032, #8000 ) ) REPRESENTATION_CONTEXT ( 'NONE', 'WORKASPACE' ) );
#5232 = VERTEX_POINT ( 'NONE', #1931 ) ;
#5233 = LINE ( 'NONE', #225, #6014 ) ;
#5234 = DIRECTION ( 'NONE',  ( 0.000000000000000000, -0.000000000000000000, -1.000000000000000000 ) ) ;
#5235 = VECTOR ( 'NONE', #4151, 1000.000000000000000 ) ;
#5236 = DIRECTION ( 'NONE',  ( -1.000000000000000000, -2.026546116795335870E-16, 0.000000000000000000 ) ) ;
#5237 = FACE_OUTER_BOUND ( 'NONE', #11745, .T. ) ;
#5238 = UNCERTAINTY_MEASURE_WITH_UNIT (LENGTH_MEASURE( 1.000000000000000082E-05 ), #2898, 'distance_accuracy_value', 'NONE');
#5239 = AXIS2_PLACEMENT_3D ( 'NONE', #10098, #1272, #5228 ) ;
#5240 = AXIS2_PLACEMENT_3D ( 'NONE', #8523, #12012, #632 ) ;
#5241 = ORIENTED_EDGE ( 'NONE', *, *, #12254, .F. ) ;
#5242 = VECTOR ( 'NONE', #2103, 1000.000000000000000 ) ;
#5243 = CIRCLE ( 'NONE', #6673, 1.000000000000000888 ) ;
#5244 = VERTEX_POINT ( 'NONE', #11852 ) ;
#5245 = CARTESIAN_POINT ( 'NONE',  ( 27.95000000000000284, -4.599999999999999645, -15.62999999999999723 ) ) ;
#5246 = ORIENTED_EDGE ( 'NONE', *, *, #11717, .F. ) ;
#5247 = CARTESIAN_POINT ( 'NONE',  ( 14.73066903961865215, 14.45765201367955299, -0.1172199486182097933 ) ) ;
#5248 = VECTOR ( 'NONE', #1659, 1000.000000000000000 ) ;
#5249 = ORIENTED_EDGE ( 'NONE', *, *, #4157, .T. ) ;
#5250 = VECTOR ( 'NONE', #7731, 1000.000000000000000 ) ;
#5251 = AXIS2_PLACEMENT_3D ( 'NONE', #5245, #3184, #6197 ) ;
#5252 = VERTEX_POINT ( 'NONE', #7958 ) ;
#5253 = DIRECTION ( 'NONE',  ( -1.000000000000000000, -1.204038460978368338E-16, 0.000000000000000000 ) ) ;
#5254 =( GEOMETRIC_REPRESENTATION_CONTEXT ( 3 ) GLOBAL_UNCERTAINTY_ASSIGNED_CONTEXT ( ( #11855 ) ) GLOBAL_UNIT_ASSIGNED_CONTEXT ( ( #5185, #7058, #2279 ) ) REPRESENTATION_CONTEXT ( 'NONE', 'WORKASPACE' ) );
#5255 = EDGE_CURVE ( 'NONE', #9924, #9573, #10743, .T. ) ;
#5256 = CARTESIAN_POINT ( 'NONE',  ( 15.83000000000000007, 10.77659106982886783, -1.974724807276290628 ) ) ;
#5257 = LINE ( 'NONE', #11035, #5746 ) ;
#5258 = VECTOR ( 'NONE', #8401, 1000.000000000000000 ) ;
#5259 = PRESENTATION_LAYER_ASSIGNMENT (  '', '', ( #1113 ) ) ;
#5260 =( LENGTH_UNIT ( ) NAMED_UNIT ( * ) SI_UNIT ( .MILLI., .METRE. ) );
#5261 = UNCERTAINTY_MEASURE_WITH_UNIT (LENGTH_MEASURE( 1.000000000000000082E-05 ), #2064, 'distance_accuracy_value', 'NONE');
#5262 = ORIENTED_EDGE ( 'NONE', *, *, #6234, .F. ) ;
#5263 = SURFACE_STYLE_FILL_AREA ( #9244 ) ;
#5264 = VECTOR ( 'NONE', #4014, 1000.000000000000000 ) ;
#5265 = ORIENTED_EDGE ( 'NONE', *, *, #721, .F. ) ;
#5266 = DIRECTION ( 'NONE',  ( -1.000000000000000000, -2.026546116795335870E-16, 0.000000000000000000 ) ) ;
#5267 = LINE ( 'NONE', #12126, #10167 ) ;
#5268 = VERTEX_POINT ( 'NONE', #4021 ) ;
#5269 = VERTEX_POINT ( 'NONE', #12750 ) ;
#5270 = ORIENTED_EDGE ( 'NONE', *, *, #10069, .F. ) ;
#5271 = EDGE_CURVE ( 'NONE', #8515, #10858, #6915, .T. ) ;
#5272 = LINE ( 'NONE', #6364, #1125 ) ;
#5273 = VECTOR ( 'NONE', #10829, 1000.000000000000000 ) ;
#5274 = COLOUR_RGB ( '',1.000000000000000000, 0.5019607843137254832, 0.5019607843137254832 ) ;
#5275 = DIRECTION ( 'NONE',  ( -0.000000000000000000, -0.000000000000000000, 1.000000000000000000 ) ) ;
#5276 = EDGE_CURVE ( 'NONE', #7327, #3236, #12375, .T. ) ;
#5277 = CYLINDRICAL_SURFACE ( 'NONE', #11586, 0.9999999999999995559 ) ;
#5278 = ORIENTED_EDGE ( 'NONE', *, *, #1389, .T. ) ;
#5279 = EDGE_CURVE ( 'NONE', #3084, #1565, #2735, .T. ) ;
#5280 = CARTESIAN_POINT ( 'NONE',  ( 24.83000000000000185, 14.56261116223714147, -0.04450167309616086947 ) ) ;
#5281 = DIRECTION ( 'NONE',  ( 0.000000000000000000, 0.000000000000000000, 1.000000000000000000 ) ) ;
#5282 = EDGE_LOOP ( 'NONE', ( #12519, #7556 ) ) ;
#5283 = AXIS2_PLACEMENT_3D ( 'NONE', #7268, #9125, #11360 ) ;
#5284 = CARTESIAN_POINT ( 'NONE',  ( 21.31781992623545818, 14.75000000000000000, 2.168404344971008621E-16 ) ) ;
#5285 = VECTOR ( 'NONE', #7047, 1000.000000000000000 ) ;
#5286 = ORIENTED_EDGE ( 'NONE', *, *, #3498, .F. ) ;
#5287 = EDGE_CURVE ( 'NONE', #9007, #5295, #9785, .T. ) ;
#5288 = VERTEX_POINT ( 'NONE', #11913 ) ;
#5289 = DIRECTION ( 'NONE',  ( 0.000000000000000000, 0.000000000000000000, 1.000000000000000000 ) ) ;
#5290 =( NAMED_UNIT ( * ) SI_UNIT ( $, .STERADIAN. ) SOLID_ANGLE_UNIT ( ) );
#5291 = EDGE_LOOP ( 'NONE', ( #7507, #10913 ) ) ;
#5292 = DIRECTION ( 'NONE',  ( 0.000000000000000000, -1.000000000000000000, 0.000000000000000000 ) ) ;
#5293 = VECTOR ( 'NONE', #2178, 1000.000000000000000 ) ;
#5294 = SURFACE_SIDE_STYLE ('',( #352 ) ) ;
#5295 = VERTEX_POINT ( 'NONE', #2856 ) ;
#5296 =( NAMED_UNIT ( * ) SI_UNIT ( $, .STERADIAN. ) SOLID_ANGLE_UNIT ( ) );
#5297 = DIRECTION ( 'NONE',  ( 0.000000000000000000, 1.000000000000000000, 0.000000000000000000 ) ) ;
#5298 = ORIENTED_EDGE ( 'NONE', *, *, #1164, .F. ) ;
#5299 = CARTESIAN_POINT ( 'NONE',  ( 24.58318903853986725, 14.79584954382815987, -1.336935628122505903E-15 ) ) ;
#5300 = CARTESIAN_POINT ( 'NONE',  ( 13.40460804919591631, 14.99999999999999645, -10.99999999999999289 ) ) ;
#5301 = AXIS2_PLACEMENT_3D ( 'NONE', #4798, #2867, #9679 ) ;
#5302 = DIRECTION ( 'NONE',  ( 1.000000000000000000, -8.673617379884035472E-16, 0.000000000000000000 ) ) ;
#5303 = EDGE_CURVE ( 'NONE', #211, #10643, #4922, .T. ) ;
#5304 = EDGE_CURVE ( 'NONE', #11587, #9128, #38, .T. ) ;
#5305 = CARTESIAN_POINT ( 'NONE',  ( 26.10591825482288542, 14.99999999999999822, -0.2500000000000021094 ) ) ;
#5306 = DIRECTION ( 'NONE',  ( 1.000000000000000000, 2.026546116795335870E-16, -0.000000000000000000 ) ) ;
#5307 = VERTEX_POINT ( 'NONE', #6976 ) ;
#5308 = ORIENTED_EDGE ( 'NONE', *, *, #5221, .T. ) ;
#5309 = LINE ( 'NONE', #6457, #7638 ) ;
#5310 = LINE ( 'NONE', #7296, #8758 ) ;
#5311 = CARTESIAN_POINT ( 'NONE',  ( 10.67576706438588197, 5.698981658683065277, -10.00000000000000000 ) ) ;
#5312 =( BOUNDED_CURVE ( )  B_SPLINE_CURVE ( 3, ( #10054, #5247, #1217, #5180 ),
 .UNSPECIFIED., .F., .T. ) 
 B_SPLINE_CURVE_WITH_KNOTS ( ( 4, 4 ),
 ( 4.886921905584117987, 5.603056365278469286 ),
 .UNSPECIFIED. ) 
 CURVE ( )  GEOMETRIC_REPRESENTATION_ITEM ( )  RATIONAL_B_SPLINE_CURVE ( ( 1.000000000000000000, 0.9577172935399675957, 0.9577172935399675957, 1.000000000000000000 ) ) 
 REPRESENTATION_ITEM ( '' )  );
#5313 = CARTESIAN_POINT ( 'NONE',  ( 19.83000000000000185, 14.56261116223714147, -0.04450167309616086947 ) ) ;
#5314 = ORIENTED_EDGE ( 'NONE', *, *, #6305, .F. ) ;
#5315 = SURFACE_STYLE_FILL_AREA ( #5119 ) ;
#5316 =( NAMED_UNIT ( * ) SI_UNIT ( $, .STERADIAN. ) SOLID_ANGLE_UNIT ( ) );
#5317 = MECHANICAL_DESIGN_GEOMETRIC_PRESENTATION_REPRESENTATION (  '', ( #9180 ), #6129 ) ;
#5318 = ORIENTED_EDGE ( 'NONE', *, *, #10612, .T. ) ;
#5319 = PLANE ( 'NONE',  #9136 ) ;
#5320 = ORIENTED_EDGE ( 'NONE', *, *, #7157, .F. ) ;
#5321 = EDGE_CURVE ( 'NONE', #11832, #11007, #9918, .T. ) ;
#5322 = CARTESIAN_POINT ( 'NONE',  ( 24.73914162436698660, 14.38829763613029478, -0.1652703644666174421 ) ) ;
#5323 = FILL_AREA_STYLE_COLOUR ( '', #8739 ) ;
#5324 = DIRECTION ( 'NONE',  ( 0.000000000000000000, 0.000000000000000000, -1.000000000000000000 ) ) ;
#5325 = FILL_AREA_STYLE_COLOUR ( '', #9081 ) ;
#5326 = ORIENTED_EDGE ( 'NONE', *, *, #7876, .T. ) ;
#5327 = VECTOR ( 'NONE', #11365, 1000.000000000000000 ) ;
#5328 =( NAMED_UNIT ( * ) SI_UNIT ( $, .STERADIAN. ) SOLID_ANGLE_UNIT ( ) );
#5329 = ORIENTED_EDGE ( 'NONE', *, *, #1164, .T. ) ;
#5330 = VERTEX_POINT ( 'NONE', #2920 ) ;
#5331 = CARTESIAN_POINT ( 'NONE',  ( 25.03000000000000469, 15.00000000000000000, -12.00000000000000000 ) ) ;
#5332 = CYLINDRICAL_SURFACE ( 'NONE', #10180, 0.4000000000000010214 ) ;
#5333 = VERTEX_POINT ( 'NONE', #9720 ) ;
#5334 = DIRECTION ( 'NONE',  ( -0.000000000000000000, 0.000000000000000000, 1.000000000000000000 ) ) ;
#5335 = ORIENTED_EDGE ( 'NONE', *, *, #7846, .T. ) ;
#5336 = CIRCLE ( 'NONE', #1403, 0.9999999999999991118 ) ;
#5337 =( NAMED_UNIT ( * ) PLANE_ANGLE_UNIT ( ) SI_UNIT ( $, .RADIAN. ) );
#5338 = LINE ( 'NONE', #4246, #4956 ) ;
#5339 = CARTESIAN_POINT ( 'NONE',  ( 20.00000000000000000, 11.77659106982886783, -1.974724807276291516 ) ) ;
#5340 = SURFACE_STYLE_USAGE ( .BOTH. , #7686 ) ;
#5341 = CARTESIAN_POINT ( 'NONE',  ( 20.00000000000000000, 15.00000000000000000, -12.00000000000000000 ) ) ;
#5342 = EDGE_CURVE ( 'NONE', #9205, #12490, #9852, .T. ) ;
#5343 = CARTESIAN_POINT ( 'NONE',  ( 4.542180073764543913, 9.999999999999998224, -2.385244779468109755E-15 ) ) ;
#5344 = EDGE_CURVE ( 'NONE', #7629, #12713, #5053, .T. ) ;
#5345 = VERTEX_POINT ( 'NONE', #4989 ) ;
#5346 = FILL_AREA_STYLE ('',( #11177 ) ) ;
#5347 = DIRECTION ( 'NONE',  ( -0.000000000000000000, 1.000000000000000000, -0.000000000000000000 ) ) ;
#5348 = CARTESIAN_POINT ( 'NONE',  ( 6.014993594864718851, 13.52171604471974931, -0.7656593709756721600 ) ) ;
#5349 = VECTOR ( 'NONE', #12264, 1000.000000000000000 ) ;
#5350 = ORIENTED_EDGE ( 'NONE', *, *, #4563, .T. ) ;
#5351 =( LENGTH_UNIT ( ) NAMED_UNIT ( * ) SI_UNIT ( .MILLI., .METRE. ) );
#5352 = DIRECTION ( 'NONE',  ( 1.000000000000000000, 2.026546116795335870E-16, -0.000000000000000000 ) ) ;
#5353 = CARTESIAN_POINT ( 'NONE',  ( 30.03000000000000469, 1.019352696748054822E-15, -12.00000000000000000 ) ) ;
#5354 = EDGE_CURVE ( 'NONE', #11697, #9104, #3950, .T. ) ;
#5355 = DIRECTION ( 'NONE',  ( 0.000000000000000000, 0.000000000000000000, 1.000000000000000000 ) ) ;
#5356 = DIRECTION ( 'NONE',  ( 1.000000000000000000, 2.081668171172168513E-14, 0.000000000000000000 ) ) ;
#5357 = ORIENTED_EDGE ( 'NONE', *, *, #8012, .F. ) ;
#5358 = ORIENTED_EDGE ( 'NONE', *, *, #5201, .F. ) ;
#5359 = SURFACE_SIDE_STYLE ('',( #2460 ) ) ;
#5360 = CARTESIAN_POINT ( 'NONE',  ( 7.067688435743064268, 9.242953882361238271, -10.00000000000000000 ) ) ;
#5361 =( NAMED_UNIT ( * ) PLANE_ANGLE_UNIT ( ) SI_UNIT ( $, .RADIAN. ) );
#5362 = UNCERTAINTY_MEASURE_WITH_UNIT (LENGTH_MEASURE( 1.000000000000000082E-05 ), #1529, 'distance_accuracy_value', 'NONE');
#5363 = COLOUR_RGB ( '',0.8313725490196077761, 0.8392156862745098200, 0.8313725490196077761 ) ;
#5364 = FACE_OUTER_BOUND ( 'NONE', #8990, .T. ) ;
#5365 = EDGE_CURVE ( 'NONE', #11675, #8454, #4856, .T. ) ;
#5366 = EDGE_CURVE ( 'NONE', #1203, #1017, #6283, .T. ) ;
#5367 = ORIENTED_EDGE ( 'NONE', *, *, #639, .T. ) ;
#5368 =( NAMED_UNIT ( * ) SI_UNIT ( $, .STERADIAN. ) SOLID_ANGLE_UNIT ( ) );
#5369 = LINE ( 'NONE', #175, #5235 ) ;
#5370 = ORIENTED_EDGE ( 'NONE', *, *, #1311, .F. ) ;
#5371 = AXIS2_PLACEMENT_3D ( 'NONE', #5929, #7741, #8769 ) ;
#5372 = ORIENTED_EDGE ( 'NONE', *, *, #6149, .T. ) ;
#5373 = UNCERTAINTY_MEASURE_WITH_UNIT (LENGTH_MEASURE( 1.000000000000000082E-05 ), #4951, 'distance_accuracy_value', 'NONE');
#5374 =( NAMED_UNIT ( * ) SI_UNIT ( $, .STERADIAN. ) SOLID_ANGLE_UNIT ( ) );
#5375 = MECHANICAL_DESIGN_GEOMETRIC_PRESENTATION_REPRESENTATION (  '', ( #1435 ), #2066 ) ;
#5376 = COLOUR_RGB ( '',0.8313725490196077761, 0.8392156862745098200, 0.8313725490196077761 ) ;
#5377 =( BOUNDED_CURVE ( )  B_SPLINE_CURVE ( 3, ( #4733, #8660, #3770, #7694 ),
 .UNSPECIFIED., .F., .F. ) 
 B_SPLINE_CURVE_WITH_KNOTS ( ( 4, 4 ),
 ( 4.886921905584117987, 5.603056365278454187 ),
 .UNSPECIFIED. ) 
 CURVE ( )  GEOMETRIC_REPRESENTATION_ITEM ( )  RATIONAL_B_SPLINE_CURVE ( ( 1.000000000000000000, 0.9577172935399693721, 0.9577172935399693721, 1.000000000000000000 ) ) 
 REPRESENTATION_ITEM ( '' )  );
#5378 = DIRECTION ( 'NONE',  ( 1.000000000000000000, 0.000000000000000000, 0.000000000000000000 ) ) ;
#5379 = AXIS2_PLACEMENT_3D ( 'NONE', #11948, #1046, #3027 ) ;
#5380 = PRESENTATION_STYLE_ASSIGNMENT (( #6163 ) ) ;
#5381 = COLOUR_RGB ( '',0.8313725490196077761, 0.8392156862745098200, 0.8313725490196077761 ) ;
#5382 = DIRECTION ( 'NONE',  ( 1.000000000000000000, 0.000000000000000000, 0.000000000000000000 ) ) ;
#5383 = EDGE_CURVE ( 'NONE', #9823, #1906, #12611, .T. ) ;
#5384 = VECTOR ( 'NONE', #10003, 1000.000000000000000 ) ;
#5385 = DIRECTION ( 'NONE',  ( 0.000000000000000000, 0.000000000000000000, 1.000000000000000000 ) ) ;
#5386 = ORIENTED_EDGE ( 'NONE', *, *, #6459, .T. ) ;
#5387 = COLOUR_RGB ( '',1.000000000000000000, 0.5019607843137254832, 0.5019607843137254832 ) ;
#5388 = CARTESIAN_POINT ( 'NONE',  ( 22.95000000000000284, -5.000000000000000000, -15.62999999999999723 ) ) ;
#5389 = DIRECTION ( 'NONE',  ( 1.000000000000000000, 2.026546116795335870E-16, -0.000000000000000000 ) ) ;
#5390 = EDGE_LOOP ( 'NONE', ( #9509, #12731, #8645, #8811 ) ) ;
#5391 = EDGE_LOOP ( 'NONE', ( #3254, #2661, #12748, #593 ) ) ;
#5392 = LINE ( 'NONE', #454, #12200 ) ;
#5393 = CARTESIAN_POINT ( 'NONE',  ( 1.317819926235458183, 9.999999999999998224, 2.168404344971008621E-16 ) ) ;
#5394 = DIRECTION ( 'NONE',  ( 0.000000000000000000, 0.000000000000000000, 1.000000000000000000 ) ) ;
#5395 = DIRECTION ( 'NONE',  ( -0.000000000000000000, 0.000000000000000000, 1.000000000000000000 ) ) ;
#5396 = EDGE_LOOP ( 'NONE', ( #123, #7674, #7161, #7098 ) ) ;
#5397 = LINE ( 'NONE', #7213, #8160 ) ;
#5398 = CARTESIAN_POINT ( 'NONE',  ( 7.950000000000000178, -5.000000000000000000, -15.44268377266459424 ) ) ;
#5399 = DIRECTION ( 'NONE',  ( 1.000000000000000000, -0.000000000000000000, -0.000000000000000000 ) ) ;
#5400 = CIRCLE ( 'NONE', #7264, 0.1873162273354073148 ) ;
#5401 = LINE ( 'NONE', #5341, #11824 ) ;
#5402 = DIRECTION ( 'NONE',  ( 0.000000000000000000, 0.000000000000000000, 1.000000000000000000 ) ) ;
#5403 = CARTESIAN_POINT ( 'NONE',  ( -1.595391950804084580, 11.77659106982886428, -12.00000000000000000 ) ) ;
#5404 = EDGE_LOOP ( 'NONE', ( #4544, #4116, #1474, #12589 ) ) ;
#5405 =( NAMED_UNIT ( * ) SI_UNIT ( $, .STERADIAN. ) SOLID_ANGLE_UNIT ( ) );
#5406 = DIRECTION ( 'NONE',  ( 0.000000000000000000, 0.000000000000000000, -1.000000000000000000 ) ) ;
#5407 = PLANE ( 'NONE',  #5832 ) ;
#5408 = PLANE ( 'NONE',  #9495 ) ;
#5409 = EDGE_CURVE ( 'NONE', #10802, #7734, #6848, .T. ) ;
#5410 = ORIENTED_EDGE ( 'NONE', *, *, #2689, .T. ) ;
#5411 = ORIENTED_EDGE ( 'NONE', *, *, #11940, .T. ) ;
#5412 = SURFACE_STYLE_FILL_AREA ( #12155 ) ;
#5413 = ORIENTED_EDGE ( 'NONE', *, *, #3011, .F. ) ;
#5414 = CARTESIAN_POINT ( 'NONE',  ( 1.029999999999999805, 14.99999999999999822, -0.6805538183541244290 ) ) ;
#5415 = STYLED_ITEM ( 'NONE', ( #9519 ), #5684 ) ;
#5416 = PLANE ( 'NONE',  #3959 ) ;
#5417 = DIRECTION ( 'NONE',  ( 0.000000000000000000, -1.000000000000000000, 0.000000000000000000 ) ) ;
#5418 = ORIENTED_EDGE ( 'NONE', *, *, #5271, .F. ) ;
#5419 = DIRECTION ( 'NONE',  ( -0.000000000000000000, -1.000000000000000000, -0.000000000000000000 ) ) ;
#5420 = EDGE_CURVE ( 'NONE', #11505, #282, #11784, .T. ) ;
#5421 = ORIENTED_EDGE ( 'NONE', *, *, #10207, .T. ) ;
#5422 = DIRECTION ( 'NONE',  ( 0.000000000000000000, 0.000000000000000000, 1.000000000000000000 ) ) ;
#5423 = DIRECTION ( 'NONE',  ( 0.000000000000000000, 0.000000000000000000, 1.000000000000000000 ) ) ;
#5424 = EDGE_CURVE ( 'NONE', #3459, #1188, #7089, .T. ) ;
#5425 = DIRECTION ( 'NONE',  ( -0.1736481776669304700, 0.000000000000000000, -0.9848077530122081313 ) ) ;
#5426 = ORIENTED_EDGE ( 'NONE', *, *, #11702, .F. ) ;
#5427 =( NAMED_UNIT ( * ) SI_UNIT ( $, .STERADIAN. ) SOLID_ANGLE_UNIT ( ) );
#5428 = ORIENTED_EDGE ( 'NONE', *, *, #7405, .T. ) ;
#5429 =( NAMED_UNIT ( * ) PLANE_ANGLE_UNIT ( ) SI_UNIT ( $, .RADIAN. ) );
#5430 = ADVANCED_FACE ( 'NONE', ( #5120 ), #2269, .F. ) ;
#5431 = CONICAL_SURFACE ( 'NONE', #9540, 0.1873162273354073148, 0.4886921905584152848 ) ;
#5432 =( GEOMETRIC_REPRESENTATION_CONTEXT ( 3 ) GLOBAL_UNCERTAINTY_ASSIGNED_CONTEXT ( ( #1762 ) ) GLOBAL_UNIT_ASSIGNED_CONTEXT ( ( #567, #10366, #690 ) ) REPRESENTATION_CONTEXT ( 'NONE', 'WORKASPACE' ) );
#5433 = EDGE_CURVE ( 'NONE', #9662, #9587, #310, .T. ) ;
#5434 = CARTESIAN_POINT ( 'NONE',  ( 24.74394556828654856, 14.99501846973960184, -0.1925148842800877280 ) ) ;
#5435 = CARTESIAN_POINT ( 'NONE',  ( 17.94999999999999929, -5.000000000000000000, -7.429999999999998828 ) ) ;
#5436 = CARTESIAN_POINT ( 'NONE',  ( 2.950000000000000178, -5.000000000000000000, -7.429999999999998828 ) ) ;
#5437 = AXIS2_PLACEMENT_3D ( 'NONE', #5531, #11621, #2823 ) ;
#5438 =( NAMED_UNIT ( * ) PLANE_ANGLE_UNIT ( ) SI_UNIT ( $, .RADIAN. ) );
#5439 = SURFACE_SIDE_STYLE ('',( #6213 ) ) ;
#5440 = ORIENTED_EDGE ( 'NONE', *, *, #10676, .T. ) ;
#5441 = DIRECTION ( 'NONE',  ( 1.000000000000000000, 2.081668171172166620E-14, 0.000000000000000000 ) ) ;
#5442 = AXIS2_PLACEMENT_3D ( 'NONE', #12227, #357, #3168 ) ;
#5443 = VECTOR ( 'NONE', #6973, 1000.000000000000114 ) ;
#5444 = VECTOR ( 'NONE', #4688, 1000.000000000000000 ) ;
#5445 = DIRECTION ( 'NONE',  ( 0.000000000000000000, 0.000000000000000000, 1.000000000000000000 ) ) ;
#5446 = VERTEX_POINT ( 'NONE', #11076 ) ;
#5447 = CIRCLE ( 'NONE', #2156, 1.000000000000000888 ) ;
#5448 = VERTEX_POINT ( 'NONE', #12113 ) ;
#5449 = ORIENTED_EDGE ( 'NONE', *, *, #2194, .F. ) ;
#5450 = CARTESIAN_POINT ( 'NONE',  ( 19.54218007376454125, 14.70498544938100416, -2.385244779468109755E-15 ) ) ;
#5451 = ADVANCED_FACE ( 'NONE', ( #169 ), #1073, .T. ) ;
#5452 = DIRECTION ( 'NONE',  ( 0.000000000000000000, 0.000000000000000000, 1.000000000000000000 ) ) ;
#5453 = ADVANCED_FACE ( 'NONE', ( #7367 ), #9040, .F. ) ;
#5454 = FILL_AREA_STYLE_COLOUR ( '', #6483 ) ;
#5455 = VECTOR ( 'NONE', #1295, 1000.000000000000000 ) ;
#5456 = CIRCLE ( 'NONE', #9733, 0.4000000000000010214 ) ;
#5457 = STYLED_ITEM ( 'NONE', ( #4967 ), #7457 ) ;
#5458 = LINE ( 'NONE', #6303, #8364 ) ;
#5459 = LINE ( 'NONE', #1621, #11817 ) ;
#5460 = AXIS2_PLACEMENT_3D ( 'NONE', #5256, #2343, #11462 ) ;
#5461 = CARTESIAN_POINT ( 'NONE',  ( 20.00000000000000000, -3.659182332138577465E-16, -21.62877342318509477 ) ) ;
#5462 = DIRECTION ( 'NONE',  ( 1.000000000000000000, 0.000000000000000000, 0.000000000000000000 ) ) ;
#5463 = CARTESIAN_POINT ( 'NONE',  ( 21.23561760880625471, 14.84182210956595327, -0.01224815792354574072 ) ) ;
#5464 = AXIS2_PLACEMENT_3D ( 'NONE', #7102, #10034, #10093 ) ;
#5465 = COLOUR_RGB ( '',1.000000000000000000, 0.5019607843137254832, 0.5019607843137254832 ) ;
#5466 = VECTOR ( 'NONE', #3080, 1000.000000000000000 ) ;
#5467 = SURFACE_STYLE_FILL_AREA ( #8426 ) ;
#5468 = EDGE_LOOP ( 'NONE', ( #8833, #4946, #7009, #1128 ) ) ;
#5469 = DIRECTION ( 'NONE',  ( -0.1736481776669304700, -0.000000000000000000, -0.9848077530122080203 ) ) ;
#5470 =( GEOMETRIC_REPRESENTATION_CONTEXT ( 3 ) GLOBAL_UNCERTAINTY_ASSIGNED_CONTEXT ( ( #4334 ) ) GLOBAL_UNIT_ASSIGNED_CONTEXT ( ( #8403, #4604, #571 ) ) REPRESENTATION_CONTEXT ( 'NONE', 'WORKASPACE' ) );
#5471 = ORIENTED_EDGE ( 'NONE', *, *, #1252, .F. ) ;
#5472 =( GEOMETRIC_REPRESENTATION_CONTEXT ( 3 ) GLOBAL_UNCERTAINTY_ASSIGNED_CONTEXT ( ( #11644 ) ) GLOBAL_UNIT_ASSIGNED_CONTEXT ( ( #2207, #1926, #10945 ) ) REPRESENTATION_CONTEXT ( 'NONE', 'WORKASPACE' ) );
#5473 = ADVANCED_FACE ( 'NONE', ( #3251 ), #7303, .T. ) ;
#5474 = FACE_OUTER_BOUND ( 'NONE', #11443, .T. ) ;
#5475 = LINE ( 'NONE', #3287, #4816 ) ;
#5476 = DIRECTION ( 'NONE',  ( -1.000000000000000000, -1.013273058397667935E-16, -0.000000000000000000 ) ) ;
#5477 = VERTEX_POINT ( 'NONE', #8391 ) ;
#5478 = DIRECTION ( 'NONE',  ( 0.000000000000000000, 0.000000000000000000, 1.000000000000000000 ) ) ;
#5479 = AXIS2_PLACEMENT_3D ( 'NONE', #12461, #11555, #5849 ) ;
#5480 = VECTOR ( 'NONE', #265, 1000.000000000000227 ) ;
#5481 = CARTESIAN_POINT ( 'NONE',  ( 10.83000000000000007, 15.00000000000000000, -12.00000000000000000 ) ) ;
#5482 = ORIENTED_EDGE ( 'NONE', *, *, #5303, .F. ) ;
#5483 = CARTESIAN_POINT ( 'NONE',  ( 5.000000000000000000, 11.77659106982886783, -12.00000000000000000 ) ) ;
#5484 = MECHANICAL_DESIGN_GEOMETRIC_PRESENTATION_REPRESENTATION (  '', ( #9982 ), #8975 ) ;
#5485 = SURFACE_SIDE_STYLE ('',( #10530 ) ) ;
#5486 = AXIS2_PLACEMENT_3D ( 'NONE', #3542, #9321, #10213 ) ;
#5487 = ORIENTED_EDGE ( 'NONE', *, *, #11470, .T. ) ;
#5488 = CIRCLE ( 'NONE', #10810, 4.000000000000000000 ) ;
#5489 =( NAMED_UNIT ( * ) SI_UNIT ( $, .STERADIAN. ) SOLID_ANGLE_UNIT ( ) );
#5490 = SURFACE_STYLE_USAGE ( .BOTH. , #3630 ) ;
#5491 = ORIENTED_EDGE ( 'NONE', *, *, #10893, .T. ) ;
#5492 = CARTESIAN_POINT ( 'NONE',  ( 10.83000000000000185, 8.410166384700659243E-17, -12.00000000000000000 ) ) ;
#5493 = VERTEX_POINT ( 'NONE', #12298 ) ;
#5494 = LINE ( 'NONE', #12353, #739 ) ;
#5495 = MECHANICAL_DESIGN_GEOMETRIC_PRESENTATION_REPRESENTATION (  '', ( #2416 ), #925 ) ;
#5496 = LINE ( 'NONE', #9413, #12599 ) ;
#5497 = DIRECTION ( 'NONE',  ( 0.000000000000000000, 0.000000000000000000, 1.000000000000000000 ) ) ;
#5498 = ADVANCED_FACE ( 'NONE', ( #6461 ), #10352, .F. ) ;
#5499 = CARTESIAN_POINT ( 'NONE',  ( 28.94855866409554324, 1.730887774041955929, 0.000000000000000000 ) ) ;
#5500 = EDGE_CURVE ( 'NONE', #360, #3347, #5496, .T. ) ;
#5501 = ORIENTED_EDGE ( 'NONE', *, *, #9798, .T. ) ;
#5502 = DIRECTION ( 'NONE',  ( 0.000000000000000000, -1.000000000000000000, 0.000000000000000000 ) ) ;
#5503 = LINE ( 'NONE', #4866, #7511 ) ;
#5504 = PLANE ( 'NONE',  #2560 ) ;
#5505 = CARTESIAN_POINT ( 'NONE',  ( 22.95000000000000284, -5.000000000000000000, -7.617316227335406253 ) ) ;
#5506 = VERTEX_POINT ( 'NONE', #7673 ) ;
#5507 = ADVANCED_FACE ( 'NONE', ( #2464 ), #6394, .F. ) ;
#5508 = CARTESIAN_POINT ( 'NONE',  ( 10.83000000000000007, 15.00000000000000000, -12.00000000000000000 ) ) ;
#5509 = CARTESIAN_POINT ( 'NONE',  ( 6.277002892719797167, 14.79563495755398606, 1.270549420881518687E-18 ) ) ;
#5510 = ORIENTED_EDGE ( 'NONE', *, *, #5287, .F. ) ;
#5511 = EDGE_LOOP ( 'NONE', ( #233, #12276, #10073, #12525 ) ) ;
#5512 = EDGE_LOOP ( 'NONE', ( #12772, #6007 ) ) ;
#5513 = DIRECTION ( 'NONE',  ( -1.000000000000000000, -0.000000000000000000, -0.000000000000000000 ) ) ;
#5514 = FACE_OUTER_BOUND ( 'NONE', #7476, .T. ) ;
#5515 = CYLINDRICAL_SURFACE ( 'NONE', #5179, 0.1999999999999987899 ) ;
#5516 = DIRECTION ( 'NONE',  ( 1.000000000000000000, 2.026546116795335870E-16, 0.000000000000000000 ) ) ;
#5517 = DIRECTION ( 'NONE',  ( -0.000000000000000000, -0.000000000000000000, 1.000000000000000000 ) ) ;
#5518 = CARTESIAN_POINT ( 'NONE',  ( 5.000000000000000000, 11.77659106982886783, -12.00000000000000000 ) ) ;
#5519 = UNCERTAINTY_MEASURE_WITH_UNIT (LENGTH_MEASURE( 1.000000000000000082E-05 ), #842, 'distance_accuracy_value', 'NONE');
#5520 = ORIENTED_EDGE ( 'NONE', *, *, #4901, .T. ) ;
#5521 = EDGE_CURVE ( 'NONE', #8392, #9976, #4209, .T. ) ;
#5522 = ADVANCED_FACE ( 'NONE', ( #6530 ), #10417, .F. ) ;
#5523 = DIRECTION ( 'NONE',  ( 0.000000000000000000, 1.000000000000000000, -1.452744208007547927E-16 ) ) ;
#5524 = LINE ( 'NONE', #7525, #11924 ) ;
#5525 =( NAMED_UNIT ( * ) PLANE_ANGLE_UNIT ( ) SI_UNIT ( $, .RADIAN. ) );
#5526 = VERTEX_POINT ( 'NONE', #9654 ) ;
#5527 = CARTESIAN_POINT ( 'NONE',  ( 4.754081745177116680, 15.00000000000000000, -0.2500000000000014988 ) ) ;
#5528 = CARTESIAN_POINT ( 'NONE',  ( 8.039090901768393138, 0.000000000000000000, -16.50000000000000000 ) ) ;
#5529 = ORIENTED_EDGE ( 'NONE', *, *, #7659, .T. ) ;
#5530 = ORIENTED_EDGE ( 'NONE', *, *, #8195, .F. ) ;
#5531 = CARTESIAN_POINT ( 'NONE',  ( 4.068332036170907884, 0.000000000000000000, -10.00000000000000000 ) ) ;
#5532 = PRESENTATION_STYLE_ASSIGNMENT (( #12390 ) ) ;
#5533 = ORIENTED_EDGE ( 'NONE', *, *, #7720, .F. ) ;
#5534 = VERTEX_POINT ( 'NONE', #4908 ) ;
#5535 = FILL_AREA_STYLE_COLOUR ( '', #5274 ) ;
#5536 = CARTESIAN_POINT ( 'NONE',  ( 14.06833203617090788, 7.356120034073296843, -10.00000000000000000 ) ) ;
#5537 = EDGE_CURVE ( 'NONE', #1074, #6827, #5836, .T. ) ;
#5538 = LINE ( 'NONE', #9461, #10726 ) ;
#5539 = FILL_AREA_STYLE ('',( #8251 ) ) ;
#5540 = ORIENTED_EDGE ( 'NONE', *, *, #4718, .T. ) ;
#5541 = FILL_AREA_STYLE_COLOUR ( '', #11711 ) ;
#5542 = ORIENTED_EDGE ( 'NONE', *, *, #8499, .F. ) ;
#5543 =( NAMED_UNIT ( * ) PLANE_ANGLE_UNIT ( ) SI_UNIT ( $, .RADIAN. ) );
#5544 = ORIENTED_EDGE ( 'NONE', *, *, #11218, .T. ) ;
#5545 = LINE ( 'NONE', #11202, #1724 ) ;
#5546 = DIRECTION ( 'NONE',  ( 0.000000000000000000, -1.000000000000000000, 0.000000000000000000 ) ) ;
#5547 = COLOUR_RGB ( '',1.000000000000000000, 0.5019607843137254832, 0.5019607843137254832 ) ;
#5548 = FILL_AREA_STYLE ('',( #1597 ) ) ;
#5549 = VERTEX_POINT ( 'NONE', #10809 ) ;
#5550 = ORIENTED_EDGE ( 'NONE', *, *, #1984, .T. ) ;
#5551 =( NAMED_UNIT ( * ) PLANE_ANGLE_UNIT ( ) SI_UNIT ( $, .RADIAN. ) );
#5552 = DIRECTION ( 'NONE',  ( 0.000000000000000000, -0.000000000000000000, -1.000000000000000000 ) ) ;
#5553 = PRESENTATION_LAYER_ASSIGNMENT (  '', '', ( #10066 ) ) ;
#5554 = LINE ( 'NONE', #4475, #1080 ) ;
#5555 = FACE_OUTER_BOUND ( 'NONE', #5784, .T. ) ;
#5556 = EDGE_CURVE ( 'NONE', #12090, #10627, #7488, .T. ) ;
#5557 = DIRECTION ( 'NONE',  ( 0.000000000000000000, 0.000000000000000000, 1.000000000000000000 ) ) ;
#5558 = ADVANCED_FACE ( 'NONE', ( #5932 ), #7743, .T. ) ;
#5559 = LINE ( 'NONE', #2618, #11709 ) ;
#5560 = SURFACE_SIDE_STYLE ('',( #6415 ) ) ;
#5561 = MECHANICAL_DESIGN_GEOMETRIC_PRESENTATION_REPRESENTATION (  '', ( #546 ), #8239 ) ;
#5562 = PRESENTATION_LAYER_ASSIGNMENT (  '', '', ( #3718 ) ) ;
#5563 = FACE_OUTER_BOUND ( 'NONE', #1942, .T. ) ;
#5564 = ORIENTED_EDGE ( 'NONE', *, *, #7392, .T. ) ;
#5565 = ORIENTED_EDGE ( 'NONE', *, *, #1932, .F. ) ;
#5566 = LINE ( 'NONE', #9489, #4108 ) ;
#5567 = DIRECTION ( 'NONE',  ( 0.000000000000000000, 0.000000000000000000, 1.000000000000000000 ) ) ;
#5568 = CARTESIAN_POINT ( 'NONE',  ( 22.95000000000000284, -5.000000000000000000, -15.44268377266459424 ) ) ;
#5569 = CARTESIAN_POINT ( 'NONE',  ( 14.94855866409554856, 2.730887774041963034, 0.000000000000000000 ) ) ;
#5570 = EDGE_CURVE ( 'NONE', #3925, #8379, #3820, .T. ) ;
#5571 = AXIS2_PLACEMENT_3D ( 'NONE', #2249, #1260, #5215 ) ;
#5572 = EDGE_CURVE ( 'NONE', #6331, #3122, #5033, .T. ) ;
#5573 = CARTESIAN_POINT ( 'NONE',  ( 1.675767064385880190, 5.698981658683065277, -10.00000000000000000 ) ) ;
#5574 = LINE ( 'NONE', #4037, #1738 ) ;
#5575 = DIRECTION ( 'NONE',  ( 0.000000000000000000, 0.000000000000000000, 1.000000000000000000 ) ) ;
#5576 = CIRCLE ( 'NONE', #1649, 4.000000000000000000 ) ;
#5577 = PRESENTATION_LAYER_ASSIGNMENT (  '', '', ( #8463 ) ) ;
#5578 = EDGE_LOOP ( 'NONE', ( #3675, #1133, #7020, #6075 ) ) ;
#5579 = CIRCLE ( 'NONE', #9483, 0.9999999999999991118 ) ;
#5580 = DIRECTION ( 'NONE',  ( -0.000000000000000000, -0.000000000000000000, 1.000000000000000000 ) ) ;
#5581 = DIRECTION ( 'NONE',  ( 0.000000000000000000, -1.000000000000000000, 0.000000000000000000 ) ) ;
#5582 = CYLINDRICAL_SURFACE ( 'NONE', #7237, 0.9999999999999991118 ) ;
#5583 = ORIENTED_EDGE ( 'NONE', *, *, #9609, .F. ) ;
#5584 = LINE ( 'NONE', #2577, #10742 ) ;
#5585 = MECHANICAL_DESIGN_GEOMETRIC_PRESENTATION_REPRESENTATION (  '', ( #10285 ), #6824 ) ;
#5586 = ORIENTED_EDGE ( 'NONE', *, *, #4991, .F. ) ;
#5587 = EDGE_CURVE ( 'NONE', #6913, #9195, #6775, .T. ) ;
#5588 = LINE ( 'NONE', #11491, #11573 ) ;
#5589 = ADVANCED_FACE ( 'NONE', ( #9706 ), #2393, .F. ) ;
#5590 = ORIENTED_EDGE ( 'NONE', *, *, #11142, .T. ) ;
#5591 = ADVANCED_FACE ( 'NONE', ( #5225 ), #3297, .T. ) ;
#5592 = VERTEX_POINT ( 'NONE', #12040 ) ;
#5593 = PRESENTATION_STYLE_ASSIGNMENT (( #5785 ) ) ;
#5594 = AXIS2_PLACEMENT_3D ( 'NONE', #4743, #1889, #6937 ) ;
#5595 = SURFACE_SIDE_STYLE ('',( #6625 ) ) ;
#5596 = UNCERTAINTY_MEASURE_WITH_UNIT (LENGTH_MEASURE( 1.000000000000000082E-05 ), #4880, 'distance_accuracy_value', 'NONE');
#5597 = ORIENTED_EDGE ( 'NONE', *, *, #8402, .F. ) ;
#5598 = CARTESIAN_POINT ( 'NONE',  ( 27.95000000000000284, -5.000000000000000000, -7.029999999999999361 ) ) ;
#5599 = PRESENTATION_STYLE_ASSIGNMENT (( #7358 ) ) ;
#5600 = ORIENTED_EDGE ( 'NONE', *, *, #3994, .F. ) ;
#5601 = LINE ( 'NONE', #4703, #12614 ) ;
#5602 = SURFACE_STYLE_FILL_AREA ( #6524 ) ;
#5603 = AXIS2_PLACEMENT_3D ( 'NONE', #5006, #8926, #7978 ) ;
#5604 = ORIENTED_EDGE ( 'NONE', *, *, #4646, .F. ) ;
#5605 = CARTESIAN_POINT ( 'NONE',  ( 16.67576706438588019, 5.698981658683065277, -10.00000000000000000 ) ) ;
#5606 = EDGE_CURVE ( 'NONE', #4144, #3982, #10163, .T. ) ;
#5607 = ORIENTED_EDGE ( 'NONE', *, *, #4778, .T. ) ;
#5608 = FACE_OUTER_BOUND ( 'NONE', #9398, .T. ) ;
#5609 = UNCERTAINTY_MEASURE_WITH_UNIT (LENGTH_MEASURE( 1.000000000000000082E-05 ), #7865, 'distance_accuracy_value', 'NONE');
#5610 = SURFACE_STYLE_USAGE ( .BOTH. , #11454 ) ;
#5611 = LINE ( 'NONE', #2784, #6880 ) ;
#5612 = EDGE_LOOP ( 'NONE', ( #6146, #11157, #576, #2096, #7385, #5731, #3515 ) ) ;
#5613 = VERTEX_POINT ( 'NONE', #2199 ) ;
#5614 = CARTESIAN_POINT ( 'NONE',  ( 19.66795872986364913, 14.56261116223706154, -0.04450167309611560706 ) ) ;
#5615 = AXIS2_PLACEMENT_3D ( 'NONE', #11873, #2229, #6996 ) ;
#5616 = CYLINDRICAL_SURFACE ( 'NONE', #8279, 1.000000000000000888 ) ;
#5617 = LINE ( 'NONE', #1482, #10362 ) ;
#5618 = FACE_OUTER_BOUND ( 'NONE', #11527, .T. ) ;
#5619 = DIRECTION ( 'NONE',  ( 1.000000000000000000, 0.000000000000000000, 0.000000000000000000 ) ) ;
#5620 =( NAMED_UNIT ( * ) SI_UNIT ( $, .STERADIAN. ) SOLID_ANGLE_UNIT ( ) );
#5621 = DIRECTION ( 'NONE',  ( 0.000000000000000000, 0.000000000000000000, 1.000000000000000000 ) ) ;
#5622 = PRESENTATION_STYLE_ASSIGNMENT (( #1670 ) ) ;
#5623 = LINE ( 'NONE', #6594, #12037 ) ;
#5624 = VERTEX_POINT ( 'NONE', #9153 ) ;
#5625 = PRESENTATION_LAYER_ASSIGNMENT (  '', '', ( #10739 ) ) ;
#5626 = ORIENTED_EDGE ( 'NONE', *, *, #1679, .F. ) ;
#5627 = EDGE_CURVE ( 'NONE', #12230, #9493, #2487, .T. ) ;
#5628 = PRESENTATION_STYLE_ASSIGNMENT (( #7577 ) ) ;
#5629 = DIRECTION ( 'NONE',  ( 1.000000000000000000, 0.000000000000000000, 0.000000000000000000 ) ) ;
#5630 = VECTOR ( 'NONE', #10912, 1000.000000000000000 ) ;
#5631 = LINE ( 'NONE', #2738, #6604 ) ;
#5632 = DIRECTION ( 'NONE',  ( 1.000000000000000000, 0.000000000000000000, 0.000000000000000000 ) ) ;
#5633 = DIRECTION ( 'NONE',  ( -0.000000000000000000, -0.000000000000000000, 1.000000000000000000 ) ) ;
#5634 = VECTOR ( 'NONE', #8298, 1000.000000000000000 ) ;
#5635 = LINE ( 'NONE', #4738, #9770 ) ;
#5636 = DIRECTION ( 'NONE',  ( -1.154112234971584564E-16, 0.5694971485754449780, -0.8219933076153586038 ) ) ;
#5637 = COLOUR_RGB ( '',1.000000000000000000, 0.5019607843137254832, 0.5019607843137254832 ) ;
#5638 = FACE_OUTER_BOUND ( 'NONE', #10924, .T. ) ;
#5639 = AXIS2_PLACEMENT_3D ( 'NONE', #3715, #8541, #5516 ) ;
#5640 = CARTESIAN_POINT ( 'NONE',  ( 17.94999999999999929, 0.000000000000000000, -15.22999999999999687 ) ) ;
#5641 = ORIENTED_EDGE ( 'NONE', *, *, #12027, .T. ) ;
#5642 = EDGE_CURVE ( 'NONE', #7077, #6447, #2893, .T. ) ;
#5643 = DIRECTION ( 'NONE',  ( 0.000000000000000000, -0.000000000000000000, -1.000000000000000000 ) ) ;
#5644 = ADVANCED_FACE ( 'NONE', ( #9089 ), #6429, .T. ) ;
#5645 = AXIS2_PLACEMENT_3D ( 'NONE', #12362, #2672, #5557 ) ;
#5646 = CARTESIAN_POINT ( 'NONE',  ( 26.12172775006447267, 6.531472162044073215, -10.00000000000000000 ) ) ;
#5647 = AXIS2_PLACEMENT_3D ( 'NONE', #11054, #2248, #9078 ) ;
#5648 = EDGE_LOOP ( 'NONE', ( #83, #8285, #1465, #5099 ) ) ;
#5649 = VECTOR ( 'NONE', #1740, 1000.000000000000000 ) ;
#5650 = DIRECTION ( 'NONE',  ( 1.000000000000000000, 0.000000000000000000, -0.000000000000000000 ) ) ;
#5651 = SURFACE_STYLE_USAGE ( .BOTH. , #9450 ) ;
#5652 = CIRCLE ( 'NONE', #8949, 0.4000000000000001887 ) ;
#5653 = ORIENTED_EDGE ( 'NONE', *, *, #5667, .T. ) ;
#5654 = DIRECTION ( 'NONE',  ( 1.000000000000000000, 2.026546116795335870E-16, 0.000000000000000000 ) ) ;
#5655 = ORIENTED_EDGE ( 'NONE', *, *, #5137, .T. ) ;
#5656 = AXIS2_PLACEMENT_3D ( 'NONE', #11628, #5786, #4818 ) ;
#5657 = ORIENTED_EDGE ( 'NONE', *, *, #5627, .T. ) ;
#5658 = DIRECTION ( 'NONE',  ( 0.000000000000000000, 0.8829475928589255451, 0.4694715627858934148 ) ) ;
#5659 = LINE ( 'NONE', #9579, #7330 ) ;
#5660 = EDGE_LOOP ( 'NONE', ( #984, #3327, #5550, #3612 ) ) ;
#5661 = CIRCLE ( 'NONE', #3620, 1.000000000000000000 ) ;
#5662 = DIRECTION ( 'NONE',  ( -1.000000000000000000, 0.000000000000000000, -0.000000000000000000 ) ) ;
#5663 = VECTOR ( 'NONE', #4323, 1000.000000000000000 ) ;
#5664 = CIRCLE ( 'NONE', #5056, 0.4000000000000001887 ) ;
#5665 = VECTOR ( 'NONE', #1397, 1000.000000000000000 ) ;
#5666 = FACE_OUTER_BOUND ( 'NONE', #11946, .T. ) ;
#5667 = EDGE_CURVE ( 'NONE', #751, #5252, #3447, .T. ) ;
#5668 = PRESENTATION_LAYER_ASSIGNMENT (  '', '', ( #11404 ) ) ;
#5669 = EDGE_LOOP ( 'NONE', ( #10270, #7897, #10015, #4416 ) ) ;
#5670 = ORIENTED_EDGE ( 'NONE', *, *, #1314, .F. ) ;
#5671 = LINE ( 'NONE', #6456, #2574 ) ;
#5672 = DIRECTION ( 'NONE',  ( -2.922285384827992868E-16, 1.000000000000000000, 0.000000000000000000 ) ) ;
#5673 = AXIS2_PLACEMENT_3D ( 'NONE', #11751, #11626, #10593 ) ;
#5674 = ORIENTED_EDGE ( 'NONE', *, *, #8770, .T. ) ;
#5675 = CARTESIAN_POINT ( 'NONE',  ( 0.8300000000000001821, 10.99999999999997158, 0.000000000000000000 ) ) ;
#5676 =( GEOMETRIC_REPRESENTATION_CONTEXT ( 3 ) GLOBAL_UNCERTAINTY_ASSIGNED_CONTEXT ( ( #12701 ) ) GLOBAL_UNIT_ASSIGNED_CONTEXT ( ( #2107, #9010, #8295 ) ) REPRESENTATION_CONTEXT ( 'NONE', 'WORKASPACE' ) );
#5677 = ORIENTED_EDGE ( 'NONE', *, *, #2302, .T. ) ;
#5678 = CARTESIAN_POINT ( 'NONE',  ( 9.830000000000001847, 13.99999999999999112, -12.00000000000000000 ) ) ;
#5679 = DIRECTION ( 'NONE',  ( 1.000000000000000000, 0.000000000000000000, 0.000000000000000000 ) ) ;
#5680 = DIRECTION ( 'NONE',  ( 0.000000000000000000, 0.000000000000000000, 1.000000000000000000 ) ) ;
#5681 = MANIFOLD_SOLID_BREP ( 'LPattern1', #2785 ) ;
#5682 = DIRECTION ( 'NONE',  ( -2.026546116795335870E-16, 1.000000000000000000, -0.000000000000000000 ) ) ;
#5683 = CIRCLE ( 'NONE', #6514, 0.4000000000000010214 ) ;
#5684 = ADVANCED_FACE ( 'NONE', ( #8496 ), #7472, .T. ) ;
#5685 = AXIS2_PLACEMENT_3D ( 'NONE', #10384, #3775, #11666 ) ;
#5686 = EDGE_CURVE ( 'NONE', #1774, #10412, #4182, .T. ) ;
#5687 = PRESENTATION_LAYER_ASSIGNMENT (  '', '', ( #12637 ) ) ;
#5688 = CARTESIAN_POINT ( 'NONE',  ( 22.95000000000000284, -5.000000000000000000, -15.62999999999999723 ) ) ;
#5689 = ORIENTED_EDGE ( 'NONE', *, *, #12097, .F. ) ;
#5690 = DIRECTION ( 'NONE',  ( 0.000000000000000000, -1.000000000000000000, 0.000000000000000000 ) ) ;
#5691 = LINE ( 'NONE', #10552, #1882 ) ;
#5692 = FACE_OUTER_BOUND ( 'NONE', #8435, .T. ) ;
#5693 = CARTESIAN_POINT ( 'NONE',  ( 7.950000000000000178, -5.000000000000000000, -7.242683772664591402 ) ) ;
#5694 = AXIS2_PLACEMENT_3D ( 'NONE', #11108, #7215, #5281 ) ;
#5695 = DIRECTION ( 'NONE',  ( -1.000000000000000000, 0.000000000000000000, 0.000000000000000000 ) ) ;
#5696 = EDGE_LOOP ( 'NONE', ( #4595, #5308, #522, #5705 ) ) ;
#5697 = VECTOR ( 'NONE', #1657, 1000.000000000000000 ) ;
#5698 = PRESENTATION_STYLE_ASSIGNMENT (( #7622 ) ) ;
#5699 = DIRECTION ( 'NONE',  ( 1.000000000000000000, 0.000000000000000000, 0.000000000000000000 ) ) ;
#5700 = DIRECTION ( 'NONE',  ( 0.000000000000000000, 1.000000000000000000, -0.000000000000000000 ) ) ;
#5701 = EDGE_CURVE ( 'NONE', #7150, #1224, #9651, .T. ) ;
#5702 = CARTESIAN_POINT ( 'NONE',  ( 8.039090901768393138, -4.814824860968089633E-32, -18.00000000000000355 ) ) ;
#5703 = DIRECTION ( 'NONE',  ( 1.000000000000000000, 2.026546116795335870E-16, -0.000000000000000000 ) ) ;
#5704 = VECTOR ( 'NONE', #10486, 1000.000000000000000 ) ;
#5705 = ORIENTED_EDGE ( 'NONE', *, *, #2976, .F. ) ;
#5706 = ORIENTED_EDGE ( 'NONE', *, *, #1939, .F. ) ;
#5707 = SURFACE_STYLE_FILL_AREA ( #7870 ) ;
#5708 =( NAMED_UNIT ( * ) PLANE_ANGLE_UNIT ( ) SI_UNIT ( $, .RADIAN. ) );
#5709 = CARTESIAN_POINT ( 'NONE',  ( 16.31781992623545818, 9.999999999999998224, -0.1999999999999998446 ) ) ;
#5710 = FACE_OUTER_BOUND ( 'NONE', #6032, .T. ) ;
#5711 = DIRECTION ( 'NONE',  ( 0.000000000000000000, -0.000000000000000000, -1.000000000000000000 ) ) ;
#5712 = CARTESIAN_POINT ( 'NONE',  ( 11.02999999999999936, 13.64455457845219932, -0.6805538183541244290 ) ) ;
#5713 = DIRECTION ( 'NONE',  ( -0.000000000000000000, 0.000000000000000000, 1.000000000000000000 ) ) ;
#5714 = B_SPLINE_CURVE_WITH_KNOTS ( 'NONE', 3,
 ( #5945, #7817, #2988, #2921, #943, #4923 ),
 .UNSPECIFIED., .F., .F.,
 ( 4, 2, 4 ),
 ( -3.162297181311778037E-06, 0.0001813771899212638099, 0.0003659166770238394270 ),
 .UNSPECIFIED. ) ;
#5715 = CARTESIAN_POINT ( 'NONE',  ( -6.595391950804084580, 14.99999999999999645, -0.2500000000000017208 ) ) ;
#5716 = CARTESIAN_POINT ( 'NONE',  ( 19.83000000000000185, 11.77659106982886783, -12.00000000000000000 ) ) ;
#5717 = ORIENTED_EDGE ( 'NONE', *, *, #2596, .T. ) ;
#5718 = DIRECTION ( 'NONE',  ( -0.000000000000000000, -0.000000000000000000, 1.000000000000000000 ) ) ;
#5719 = DIRECTION ( 'NONE',  ( -1.000000000000000000, -2.026546116795335870E-16, 0.000000000000000000 ) ) ;
#5720 = FACE_OUTER_BOUND ( 'NONE', #783, .T. ) ;
#5721 = VERTEX_POINT ( 'NONE', #11496 ) ;
#5722 = FACE_OUTER_BOUND ( 'NONE', #4210, .T. ) ;
#5723 = ADVANCED_FACE ( 'NONE', ( #5666 ), #9404, .T. ) ;
#5724 = ORIENTED_EDGE ( 'NONE', *, *, #2662, .T. ) ;
#5725 = VECTOR ( 'NONE', #9416, 1000.000000000000000 ) ;
#5726 = CARTESIAN_POINT ( 'NONE',  ( 4.754081745177116680, 15.00000000000000000, -0.2500000000000014988 ) ) ;
#5727 = EDGE_CURVE ( 'NONE', #4010, #12230, #5538, .T. ) ;
#5728 = EDGE_CURVE ( 'NONE', #6142, #6731, #1489, .T. ) ;
#5729 = FILL_AREA_STYLE_COLOUR ( '', #5211 ) ;
#5730 = LINE ( 'NONE', #4822, #5725 ) ;
#5731 = ORIENTED_EDGE ( 'NONE', *, *, #12058, .T. ) ;
#5732 = VECTOR ( 'NONE', #2329, 1000.000000000000114 ) ;
#5733 = DIRECTION ( 'NONE',  ( 0.000000000000000000, -1.000000000000000000, 0.000000000000000000 ) ) ;
#5734 = ORIENTED_EDGE ( 'NONE', *, *, #5354, .F. ) ;
#5735 = CARTESIAN_POINT ( 'NONE',  ( 14.06833203617090788, 9.242953882361234719, 0.000000000000000000 ) ) ;
#5736 = VERTEX_POINT ( 'NONE', #7545 ) ;
#5737 = ORIENTED_EDGE ( 'NONE', *, *, #12268, .F. ) ;
#5738 = DIRECTION ( 'NONE',  ( 0.000000000000000000, -1.000000000000000000, 0.000000000000000000 ) ) ;
#5739 = ORIENTED_EDGE ( 'NONE', *, *, #9229, .T. ) ;
#5740 = DIRECTION ( 'NONE',  ( 1.000000000000000000, 0.000000000000000000, 0.000000000000000000 ) ) ;
#5741 = EDGE_CURVE ( 'NONE', #2766, #3478, #1901, .T. ) ;
#5742 = UNCERTAINTY_MEASURE_WITH_UNIT (LENGTH_MEASURE( 1.000000000000000082E-05 ), #10081, 'distance_accuracy_value', 'NONE');
#5743 = CARTESIAN_POINT ( 'NONE',  ( 11.31781992623545818, 14.75000000000000000, 2.168404344971008621E-16 ) ) ;
#5744 = DIRECTION ( 'NONE',  ( 1.000000000000000000, 0.000000000000000000, 0.000000000000000000 ) ) ;
#5745 = ORIENTED_EDGE ( 'NONE', *, *, #5287, .T. ) ;
#5746 = VECTOR ( 'NONE', #2227, 1000.000000000000000 ) ;
#5747 = VECTOR ( 'NONE', #10702, 1000.000000000000000 ) ;
#5748 = FILL_AREA_STYLE ('',( #1737 ) ) ;
#5749 = ORIENTED_EDGE ( 'NONE', *, *, #954, .F. ) ;
#5750 = CARTESIAN_POINT ( 'NONE',  ( 26.19204127013635031, 14.56261116223706154, -0.04450167309611528788 ) ) ;
#5751 = ADVANCED_FACE ( 'NONE', ( #11686, #10855, #8756, #5852, #8874, #1839, #6820, #1980, #12657, #5921, #10650, #5787, #726 ), #7915, .F. ) ;
#5752 =( NAMED_UNIT ( * ) SI_UNIT ( $, .STERADIAN. ) SOLID_ANGLE_UNIT ( ) );
#5753 = ADVANCED_FACE ( 'NONE', ( #6694 ), #9761, .F. ) ;
#5754 = PRESENTATION_LAYER_ASSIGNMENT (  '', '', ( #12531 ) ) ;
#5755 = VERTEX_POINT ( 'NONE', #8690 ) ;
#5756 = DIRECTION ( 'NONE',  ( 0.000000000000000000, -1.000000000000000000, 0.000000000000000000 ) ) ;
#5757 = DIRECTION ( 'NONE',  ( 1.000000000000000000, 2.026546116795335870E-16, -0.000000000000000000 ) ) ;
#5758 = DIRECTION ( 'NONE',  ( 0.000000000000000000, -1.000000000000000000, 0.000000000000000000 ) ) ;
#5759 = DIRECTION ( 'NONE',  ( 1.000000000000000000, 0.000000000000000000, 0.000000000000000000 ) ) ;
#5760 = LINE ( 'NONE', #2858, #3269 ) ;
#5761 = CARTESIAN_POINT ( 'NONE',  ( 10.00000000000000000, 1.730887774041955929, -10.00000000000000000 ) ) ;
#5762 = VERTEX_POINT ( 'NONE', #2041 ) ;
#5763 = ORIENTED_EDGE ( 'NONE', *, *, #2445, .F. ) ;
#5764 = PLANE ( 'NONE',  #11515 ) ;
#5765 = DIRECTION ( 'NONE',  ( -0.000000000000000000, 1.000000000000000000, -0.000000000000000000 ) ) ;
#5766 = CARTESIAN_POINT ( 'NONE',  ( 27.95000000000000284, 0.000000000000000000, -15.22999999999999687 ) ) ;
#5767 = EDGE_CURVE ( 'NONE', #12584, #10627, #2952, .T. ) ;
#5768 = CARTESIAN_POINT ( 'NONE',  ( 8.568332036170904331, 9.742953882361238271, -10.00000000000000000 ) ) ;
#5769 = LINE ( 'NONE', #7523, #3839 ) ;
#5770 = DIRECTION ( 'NONE',  ( 1.000000000000000000, 0.000000000000000000, 0.000000000000000000 ) ) ;
#5771 = LINE ( 'NONE', #6557, #3329 ) ;
#5772 = SURFACE_SIDE_STYLE ('',( #2028 ) ) ;
#5773 = VERTEX_POINT ( 'NONE', #3915 ) ;
#5774 = LINE ( 'NONE', #4806, #2882 ) ;
#5775 = DIRECTION ( 'NONE',  ( 0.000000000000000000, 1.000000000000000000, 0.000000000000000000 ) ) ;
#5776 = FILL_AREA_STYLE ('',( #11678 ) ) ;
#5777 = VECTOR ( 'NONE', #4836, 1000.000000000000000 ) ;
#5778 = DIRECTION ( 'NONE',  ( 1.000000000000000000, 0.000000000000000000, 0.000000000000000000 ) ) ;
#5779 = VECTOR ( 'NONE', #5275, 1000.000000000000000 ) ;
#5780 = CARTESIAN_POINT ( 'NONE',  ( 15.06833203617090611, 7.356120034073296843, -10.00000000000000000 ) ) ;
#5781 = ORIENTED_EDGE ( 'NONE', *, *, #5916, .F. ) ;
#5782 = MANIFOLD_SOLID_BREP ( 'LPattern2[5]', #8741 ) ;
#5783 = AXIS2_PLACEMENT_3D ( 'NONE', #3377, #3305, #361 ) ;
#5784 = EDGE_LOOP ( 'NONE', ( #5421, #5101, #8015, #4362, #2955 ) ) ;
#5785 = SURFACE_STYLE_USAGE ( .BOTH. , #8750 ) ;
#5786 = DIRECTION ( 'NONE',  ( -0.000000000000000000, 0.000000000000000000, 1.000000000000000000 ) ) ;
#5787 = FACE_BOUND ( 'NONE', #3511, .T. ) ;
#5788 = CARTESIAN_POINT ( 'NONE',  ( 32.00000000000000000, 1.000000000000007105, -17.50000000000000000 ) ) ;
#5789 = MECHANICAL_DESIGN_GEOMETRIC_PRESENTATION_REPRESENTATION (  '', ( #4132 ), #6001 ) ;
#5790 = ORIENTED_EDGE ( 'NONE', *, *, #8440, .F. ) ;
#5791 = ORIENTED_EDGE ( 'NONE', *, *, #11703, .F. ) ;
#5792 = CARTESIAN_POINT ( 'NONE',  ( 24.94855866409554679, 1.446110066005035942E-15, -10.00000000000000000 ) ) ;
#5793 = DIRECTION ( 'NONE',  ( -0.000000000000000000, -0.000000000000000000, 1.000000000000000000 ) ) ;
#5794 = EDGE_CURVE ( 'NONE', #9895, #318, #3984, .T. ) ;
#5795 = ORIENTED_EDGE ( 'NONE', *, *, #2430, .F. ) ;
#5796 = AXIS2_PLACEMENT_3D ( 'NONE', #6998, #4941, #9682 ) ;
#5797 = CARTESIAN_POINT ( 'NONE',  ( 21.12172775006447267, 6.531472162044073215, 0.000000000000000000 ) ) ;
#5798 = LINE ( 'NONE', #1723, #9277 ) ;
#5799 = AXIS2_PLACEMENT_3D ( 'NONE', #1451, #3554, #12215 ) ;
#5800 = CARTESIAN_POINT ( 'NONE',  ( 19.72894227661926791, 14.96436648895475763, -0.1074269890130547106 ) ) ;
#5801 = DIRECTION ( 'NONE',  ( 0.000000000000000000, 0.000000000000000000, 1.000000000000000000 ) ) ;
#5802 = VERTEX_POINT ( 'NONE', #11172 ) ;
#5803 = DIRECTION ( 'NONE',  ( -1.000000000000000000, -0.000000000000000000, -0.000000000000000000 ) ) ;
#5804 = ORIENTED_EDGE ( 'NONE', *, *, #1268, .F. ) ;
#5805 = DIRECTION ( 'NONE',  ( 1.000000000000000000, 0.000000000000000000, 0.000000000000000000 ) ) ;
#5806 = EDGE_CURVE ( 'NONE', #4153, #8780, #8107, .T. ) ;
#5807 = DIRECTION ( 'NONE',  ( 0.000000000000000000, 0.000000000000000000, 1.000000000000000000 ) ) ;
#5808 =( LENGTH_UNIT ( ) NAMED_UNIT ( * ) SI_UNIT ( .MILLI., .METRE. ) );
#5809 =( NAMED_UNIT ( * ) PLANE_ANGLE_UNIT ( ) SI_UNIT ( $, .RADIAN. ) );
#5810 = ORIENTED_EDGE ( 'NONE', *, *, #4234, .F. ) ;
#5811 = DIRECTION ( 'NONE',  ( -0.000000000000000000, -0.000000000000000000, 1.000000000000000000 ) ) ;
#5812 = CARTESIAN_POINT ( 'NONE',  ( 26.03000000000000114, 14.99999999999999822, -10.99999999999999289 ) ) ;
#5813 = DIRECTION ( 'NONE',  ( 0.000000000000000000, -1.000000000000000000, 0.000000000000000000 ) ) ;
#5814 = LINE ( 'NONE', #11468, #4854 ) ;
#5815 = FACE_OUTER_BOUND ( 'NONE', #1509, .T. ) ;
#5816 = EDGE_CURVE ( 'NONE', #11969, #5506, #1135, .T. ) ;
#5817 = MANIFOLD_SOLID_BREP ( 'Cut-Extrude4', #2375 ) ;
#5818 = ORIENTED_EDGE ( 'NONE', *, *, #10420, .F. ) ;
#5819 = ADVANCED_FACE ( 'NONE', ( #1251 ), #2242, .F. ) ;
#5820 = ORIENTED_EDGE ( 'NONE', *, *, #10774, .F. ) ;
#5821 = CYLINDRICAL_SURFACE ( 'NONE', #9154, 0.9999999999999991118 ) ;
#5822 = DIRECTION ( 'NONE',  ( -0.000000000000000000, 0.000000000000000000, 1.000000000000000000 ) ) ;
#5823 = DIRECTION ( 'NONE',  ( -0.000000000000000000, 0.000000000000000000, 1.000000000000000000 ) ) ;
#5824 = FACE_OUTER_BOUND ( 'NONE', #2724, .T. ) ;
#5825 = DIRECTION ( 'NONE',  ( -0.000000000000000000, -0.000000000000000000, 1.000000000000000000 ) ) ;
#5826 = DIRECTION ( 'NONE',  ( -0.000000000000000000, 0.000000000000000000, 1.000000000000000000 ) ) ;
#5827 = CARTESIAN_POINT ( 'NONE',  ( 5.000000000000000000, 0.7437402936630139738, -18.00000000000000355 ) ) ;
#5828 = AXIS2_PLACEMENT_3D ( 'NONE', #1479, #2471, #8397 ) ;
#5829 = DIRECTION ( 'NONE',  ( -0.000000000000000000, -0.000000000000000000, 1.000000000000000000 ) ) ;
#5830 = DIRECTION ( 'NONE',  ( -0.000000000000000000, -0.000000000000000000, 1.000000000000000000 ) ) ;
#5831 = EDGE_CURVE ( 'NONE', #9811, #7383, #2183, .T. ) ;
#5832 = AXIS2_PLACEMENT_3D ( 'NONE', #9142, #5292, #4260 ) ;
#5833 = EDGE_CURVE ( 'NONE', #7393, #4062, #4057, .T. ) ;
#5834 = ORIENTED_EDGE ( 'NONE', *, *, #2689, .F. ) ;
#5835 = EDGE_CURVE ( 'NONE', #11638, #11583, #1124, .T. ) ;
#5836 = CIRCLE ( 'NONE', #245, 0.4000000000000001887 ) ;
#5837 = DIRECTION ( 'NONE',  ( 1.000000000000000000, 1.070256409758549784E-16, -0.000000000000000000 ) ) ;
#5838 = LINE ( 'NONE', #3906, #4460 ) ;
#5839 = SURFACE_SIDE_STYLE ('',( #5910 ) ) ;
#5840 = CARTESIAN_POINT ( 'NONE',  ( 21.56768843574306516, 9.242953882361234719, -10.00000000000000000 ) ) ;
#5841 = FACE_BOUND ( 'NONE', #6256, .T. ) ;
#5842 = ORIENTED_EDGE ( 'NONE', *, *, #12023, .T. ) ;
#5843 = VECTOR ( 'NONE', #5703, 1000.000000000000000 ) ;
#5844 = MECHANICAL_DESIGN_GEOMETRIC_PRESENTATION_REPRESENTATION (  '', ( #7701 ), #2968 ) ;
#5845 = LINE ( 'NONE', #5913, #1706 ) ;
#5846 = PRESENTATION_LAYER_ASSIGNMENT (  '', '', ( #3402 ) ) ;
#5847 = EDGE_LOOP ( 'NONE', ( #4582, #2634, #3049, #12302 ) ) ;
#5848 = VECTOR ( 'NONE', #11044, 1000.000000000000000 ) ;
#5849 = DIRECTION ( 'NONE',  ( 0.000000000000000000, 0.000000000000000000, 1.000000000000000000 ) ) ;
#5850 = MECHANICAL_DESIGN_GEOMETRIC_PRESENTATION_REPRESENTATION (  '', ( #1701 ), #10744 ) ;
#5851 =( LENGTH_UNIT ( ) NAMED_UNIT ( * ) SI_UNIT ( .MILLI., .METRE. ) );
#5852 = FACE_BOUND ( 'NONE', #6938, .T. ) ;
#5853 = LINE ( 'NONE', #10353, #10418 ) ;
#5854 = AXIS2_PLACEMENT_3D ( 'NONE', #5792, #9698, #12587 ) ;
#5855 = AXIS2_PLACEMENT_3D ( 'NONE', #5360, #8388, #11393 ) ;
#5856 = EDGE_CURVE ( 'NONE', #3644, #2995, #7342, .T. ) ;
#5857 = EDGE_LOOP ( 'NONE', ( #12357, #4, #12729, #378 ) ) ;
#5858 = CYLINDRICAL_SURFACE ( 'NONE', #239, 0.4000000000000010214 ) ;
#5859 = CIRCLE ( 'NONE', #5460, 1.000000000000000888 ) ;
#5860 = DIRECTION ( 'NONE',  ( -0.000000000000000000, -0.000000000000000000, 1.000000000000000000 ) ) ;
#5861 = DIRECTION ( 'NONE',  ( 0.9848077530122081313, 1.995758327656830446E-16, -0.1736481776669304700 ) ) ;
#5862 = ORIENTED_EDGE ( 'NONE', *, *, #3716, .F. ) ;
#5863 = CARTESIAN_POINT ( 'NONE',  ( 15.67576706438587841, 5.698981658683065277, 0.000000000000000000 ) ) ;
#5864 = ORIENTED_EDGE ( 'NONE', *, *, #12295, .F. ) ;
#5865 = DIRECTION ( 'NONE',  ( 0.000000000000000000, -1.000000000000000000, 0.000000000000000000 ) ) ;
#5866 = COLOUR_RGB ( '',1.000000000000000000, 0.5019607843137254832, 0.5019607843137254832 ) ;
#5867 = AXIS2_PLACEMENT_3D ( 'NONE', #5906, #8859, #8094 ) ;
#5868 = DIRECTION ( 'NONE',  ( 1.000000000000000000, 2.026546116795335870E-16, -0.000000000000000000 ) ) ;
#5869 = CIRCLE ( 'NONE', #12025, 0.9999999999999991118 ) ;
#5870 = CARTESIAN_POINT ( 'NONE',  ( 1.131058137871443936, 14.96436564214315013, -0.1074246383193842302 ) ) ;
#5871 = PRESENTATION_LAYER_ASSIGNMENT (  '', '', ( #4033 ) ) ;
#5872 =( NAMED_UNIT ( * ) PLANE_ANGLE_UNIT ( ) SI_UNIT ( $, .RADIAN. ) );
#5873 = VECTOR ( 'NONE', #7326, 1000.000000000000000 ) ;
#5874 = CIRCLE ( 'NONE', #3633, 4.000000000000000000 ) ;
#5875 = EDGE_LOOP ( 'NONE', ( #5781, #2879, #6959, #343, #3555 ) ) ;
#5876 = SURFACE_STYLE_USAGE ( .BOTH. , #1859 ) ;
#5877 = PRESENTATION_LAYER_ASSIGNMENT (  '', '', ( #2796 ) ) ;
#5878 = DIRECTION ( 'NONE',  ( 0.000000000000000000, -1.000000000000000000, 0.000000000000000000 ) ) ;
#5879 = ORIENTED_EDGE ( 'NONE', *, *, #1248, .T. ) ;
#5880 = CARTESIAN_POINT ( 'NONE',  ( 10.03000000000000469, 1.019352696748054822E-15, -12.00000000000000000 ) ) ;
#5881 = LINE ( 'NONE', #6845, #2811 ) ;
#5882 = VERTEX_POINT ( 'NONE', #9501 ) ;
#5883 = VECTOR ( 'NONE', #7627, 1000.000000000000000 ) ;
#5884 = CARTESIAN_POINT ( 'NONE',  ( 17.94999999999999929, -5.000000000000000000, -15.81731622733540199 ) ) ;
#5885 = AXIS2_PLACEMENT_3D ( 'NONE', #2631, #9619, #7519 ) ;
#5886 = CARTESIAN_POINT ( 'NONE',  ( 8.404608049195916308, 13.99999999999998757, -12.00000000000000000 ) ) ;
#5887 = EDGE_CURVE ( 'NONE', #393, #9811, #5401, .T. ) ;
#5888 = ADVANCED_FACE ( 'NONE', ( #401 ), #10323, .T. ) ;
#5889 = CARTESIAN_POINT ( 'NONE',  ( 13.03909090176839314, -1.444447458290426890E-31, -18.00000000000000355 ) ) ;
#5890 = AXIS2_PLACEMENT_3D ( 'NONE', #6310, #11112, #1443 ) ;
#5891 = CARTESIAN_POINT ( 'NONE',  ( 14.73914162436698660, 14.98520393037187937, -0.1652703644666174421 ) ) ;
#5892 = ORIENTED_EDGE ( 'NONE', *, *, #2751, .T. ) ;
#5893 = EDGE_LOOP ( 'NONE', ( #1459, #3658, #10863, #9282 ) ) ;
#5894 = VECTOR ( 'NONE', #12319, 1000.000000000000000 ) ;
#5895 = CARTESIAN_POINT ( 'NONE',  ( 23.03909090176839314, 0.000000000000000000, -21.62877342318509477 ) ) ;
#5896 = CARTESIAN_POINT ( 'NONE',  ( 20.00000000000000000, 0.000000000000000000, -10.00000000000000000 ) ) ;
#5897 = COLOUR_RGB ( '',1.000000000000000000, 0.5019607843137254832, 0.5019607843137254832 ) ;
#5898 = DIRECTION ( 'NONE',  ( 1.000000000000000000, 0.000000000000000000, 0.000000000000000000 ) ) ;
#5899 = EDGE_CURVE ( 'NONE', #8374, #5269, #8145, .T. ) ;
#5900 = FACE_OUTER_BOUND ( 'NONE', #3345, .T. ) ;
#5901 = DIRECTION ( 'NONE',  ( -0.000000000000000000, -0.000000000000000000, 1.000000000000000000 ) ) ;
#5902 = PRESENTATION_LAYER_ASSIGNMENT (  '', '', ( #10820 ) ) ;
#5903 = CARTESIAN_POINT ( 'NONE',  ( 26.56768843574306516, 7.363962665405081154, -10.00000000000000000 ) ) ;
#5904 = ORIENTED_EDGE ( 'NONE', *, *, #4363, .T. ) ;
#5905 = PRESENTATION_STYLE_ASSIGNMENT (( #8611 ) ) ;
#5906 = CARTESIAN_POINT ( 'NONE',  ( 28.03909090176839669, 0.000000000000000000, -21.62877342318509477 ) ) ;
#5907 = PRESENTATION_STYLE_ASSIGNMENT (( #1964 ) ) ;
#5908 = CARTESIAN_POINT ( 'NONE',  ( 7.950000000000000178, -5.000000000000000000, -7.429999999999998828 ) ) ;
#5909 = DIRECTION ( 'NONE',  ( 0.000000000000000000, 1.000000000000000000, 0.000000000000000000 ) ) ;
#5910 = SURFACE_STYLE_FILL_AREA ( #5776 ) ;
#5911 =( NAMED_UNIT ( * ) SI_UNIT ( $, .STERADIAN. ) SOLID_ANGLE_UNIT ( ) );
#5912 = ORIENTED_EDGE ( 'NONE', *, *, #9798, .F. ) ;
#5913 = CARTESIAN_POINT ( 'NONE',  ( 32.00000000000000000, 0.000000000000000000, -1.000000000000007105 ) ) ;
#5914 = ORIENTED_EDGE ( 'NONE', *, *, #2052, .F. ) ;
#5915 = FILL_AREA_STYLE ('',( #10918 ) ) ;
#5916 = EDGE_CURVE ( 'NONE', #3971, #5330, #11950, .T. ) ;
#5917 = ADVANCED_FACE ( 'NONE', ( #6308 ), #2566, .F. ) ;
#5918 = PLANE ( 'NONE',  #8167 ) ;
#5919 = ORIENTED_EDGE ( 'NONE', *, *, #11600, .T. ) ;
#5920 = VECTOR ( 'NONE', #10298, 1000.000000000000000 ) ;
#5921 = FACE_BOUND ( 'NONE', #8423, .T. ) ;
#5922 = DIRECTION ( 'NONE',  ( 1.000000000000000000, 0.000000000000000000, -0.000000000000000000 ) ) ;
#5923 = ORIENTED_EDGE ( 'NONE', *, *, #5627, .F. ) ;
#5924 = DIRECTION ( 'NONE',  ( 0.000000000000000000, 0.000000000000000000, 1.000000000000000000 ) ) ;
#5925 = VERTEX_POINT ( 'NONE', #9442 ) ;
#5926 = DIRECTION ( 'NONE',  ( 0.000000000000000000, -1.000000000000000000, 0.000000000000000000 ) ) ;
#5927 = ORIENTED_EDGE ( 'NONE', *, *, #4326, .F. ) ;
#5928 = CARTESIAN_POINT ( 'NONE',  ( 13.94855866409554146, 1.730887774041955929, 0.000000000000000000 ) ) ;
#5929 = CARTESIAN_POINT ( 'NONE',  ( 22.95000000000000284, 0.000000000000000000, -15.62999999999999723 ) ) ;
#5930 = EDGE_CURVE ( 'NONE', #4695, #9384, #11431, .T. ) ;
#5931 = CARTESIAN_POINT ( 'NONE',  ( 11.27700289271979450, 14.79563495755399316, 1.270549420881518494E-18 ) ) ;
#5932 = FACE_OUTER_BOUND ( 'NONE', #6717, .T. ) ;
#5933 = CARTESIAN_POINT ( 'NONE',  ( 2.950000000000000178, -5.000000000000000000, -7.617316227335406253 ) ) ;
#5934 = DIRECTION ( 'NONE',  ( -1.000000000000000000, -0.000000000000000000, -0.000000000000000000 ) ) ;
#5935 = ORIENTED_EDGE ( 'NONE', *, *, #5050, .T. ) ;
#5936 = DIRECTION ( 'NONE',  ( 0.000000000000000000, 0.8219933076153586038, 0.5694971485754449780 ) ) ;
#5937 = FACE_OUTER_BOUND ( 'NONE', #8306, .T. ) ;
#5938 = FILL_AREA_STYLE_COLOUR ( '', #815 ) ;
#5939 = CARTESIAN_POINT ( 'NONE',  ( 28.56833203617090433, 9.742953882361238271, -10.00000000000000000 ) ) ;
#5940 = LINE ( 'NONE', #3943, #4013 ) ;
#5941 = CARTESIAN_POINT ( 'NONE',  ( 13.56833203617090433, 9.742953882361238271, -10.00000000000000000 ) ) ;
#5942 = ORIENTED_EDGE ( 'NONE', *, *, #6842, .T. ) ;
#5943 = LINE ( 'NONE', #12686, #10181 ) ;
#5944 = CARTESIAN_POINT ( 'NONE',  ( 14.66795872986364735, 14.56261116223706154, -0.04450167309611560706 ) ) ;
#5945 = CARTESIAN_POINT ( 'NONE',  ( 29.54218007376454480, 14.75000000000000000, -2.385244779468109755E-15 ) ) ;
#5946 = ORIENTED_EDGE ( 'NONE', *, *, #9124, .T. ) ;
#5947 = DIRECTION ( 'NONE',  ( 1.000000000000000000, 1.734723475976805517E-15, 0.000000000000000000 ) ) ;
#5948 = ORIENTED_EDGE ( 'NONE', *, *, #9438, .T. ) ;
#5949 = ORIENTED_EDGE ( 'NONE', *, *, #1797, .F. ) ;
#5950 = DIRECTION ( 'NONE',  ( -0.000000000000000000, 1.000000000000000000, -0.000000000000000000 ) ) ;
#5951 = CARTESIAN_POINT ( 'NONE',  ( 8.948558664095548565, 5.698981658683065277, -10.00000000000000000 ) ) ;
#5952 = PRESENTATION_LAYER_ASSIGNMENT (  '', '', ( #578 ) ) ;
#5953 = EDGE_CURVE ( 'NONE', #7953, #2121, #6861, .T. ) ;
#5954 = CARTESIAN_POINT ( 'NONE',  ( 16.03000000000000114, -6.400417228326760234E-15, -0.6805538183541330888 ) ) ;
#5955 = DIRECTION ( 'NONE',  ( -0.000000000000000000, -0.000000000000000000, 1.000000000000000000 ) ) ;
#5956 = LINE ( 'NONE', #8028, #7917 ) ;
#5957 = CARTESIAN_POINT ( 'NONE',  ( 20.02999999999999758, 10.99999999999997158, -1.000000000000000000 ) ) ;
#5958 = FILL_AREA_STYLE_COLOUR ( '', #5376 ) ;
#5959 = DIRECTION ( 'NONE',  ( -1.000000000000000000, 0.000000000000000000, -0.000000000000000000 ) ) ;
#5960 = ORIENTED_EDGE ( 'NONE', *, *, #9796, .F. ) ;
#5961 = EDGE_CURVE ( 'NONE', #10888, #10471, #5488, .T. ) ;
#5962 = ORIENTED_EDGE ( 'NONE', *, *, #6183, .F. ) ;
#5963 = CARTESIAN_POINT ( 'NONE',  ( 26.12172775006447267, 6.531472162044073215, -10.00000000000000000 ) ) ;
#5964 = ORIENTED_EDGE ( 'NONE', *, *, #12644, .F. ) ;
#5965 = FACE_OUTER_BOUND ( 'NONE', #12368, .T. ) ;
#5966 = MECHANICAL_DESIGN_GEOMETRIC_PRESENTATION_REPRESENTATION (  '', ( #3718 ), #9066 ) ;
#5967 = ORIENTED_EDGE ( 'NONE', *, *, #6590, .T. ) ;
#5968 = LINE ( 'NONE', #8038, #5466 ) ;
#5969 = ORIENTED_EDGE ( 'NONE', *, *, #10228, .F. ) ;
#5970 = DIRECTION ( 'NONE',  ( 1.013273058397667935E-16, -1.000000000000000000, 0.000000000000000000 ) ) ;
#5971 = DIRECTION ( 'NONE',  ( 0.000000000000000000, -0.000000000000000000, -1.000000000000000000 ) ) ;
#5972 = FACE_OUTER_BOUND ( 'NONE', #11762, .T. ) ;
#5973 = ORIENTED_EDGE ( 'NONE', *, *, #8498, .T. ) ;
#5974 = VECTOR ( 'NONE', #12571, 1000.000000000000000 ) ;
#5975 = SURFACE_STYLE_USAGE ( .BOTH. , #2045 ) ;
#5976 = FACE_OUTER_BOUND ( 'NONE', #11566, .T. ) ;
#5977 = EDGE_CURVE ( 'NONE', #9247, #11838, #8090, .T. ) ;
#5978 = ORIENTED_EDGE ( 'NONE', *, *, #12535, .F. ) ;
#5979 = EDGE_CURVE ( 'NONE', #1545, #9128, #10201, .T. ) ;
#5980 = CARTESIAN_POINT ( 'NONE',  ( 18.56833203617090788, 9.242953882361238271, 0.000000000000000000 ) ) ;
#5981 = FILL_AREA_STYLE ('',( #4829 ) ) ;
#5982 = ORIENTED_EDGE ( 'NONE', *, *, #2885, .F. ) ;
#5983 = VECTOR ( 'NONE', #12630, 1000.000000000000000 ) ;
#5984 = EDGE_LOOP ( 'NONE', ( #7083, #2458, #8169, #6368 ) ) ;
#5985 = CARTESIAN_POINT ( 'NONE',  ( 20.00000000000000000, 0.9999999999999997780, -0.9999999999999997780 ) ) ;
#5986 = FACE_OUTER_BOUND ( 'NONE', #2824, .T. ) ;
#5987 = COLOUR_RGB ( '',0.8313725490196077761, 0.8392156862745098200, 0.8313725490196077761 ) ;
#5988 = VECTOR ( 'NONE', #6297, 1000.000000000000000 ) ;
#5989 = FILL_AREA_STYLE_COLOUR ( '', #289 ) ;
#5990 = LINE ( 'NONE', #4193, #3204 ) ;
#5991 =( GEOMETRIC_REPRESENTATION_CONTEXT ( 3 ) GLOBAL_UNCERTAINTY_ASSIGNED_CONTEXT ( ( #187 ) ) GLOBAL_UNIT_ASSIGNED_CONTEXT ( ( #11836, #8955, #6891 ) ) REPRESENTATION_CONTEXT ( 'NONE', 'WORKASPACE' ) );
#5992 = SURFACE_STYLE_FILL_AREA ( #9777 ) ;
#5993 = AXIS2_PLACEMENT_3D ( 'NONE', #813, #6849, #9922 ) ;
#5994 = LINE ( 'NONE', #9908, #11611 ) ;
#5995 = STYLED_ITEM ( 'NONE', ( #9869 ), #3126 ) ;
#5996 = CARTESIAN_POINT ( 'NONE',  ( 19.94855866409554679, 1.446110066005035942E-15, -10.00000000000000000 ) ) ;
#5997 = ADVANCED_FACE ( 'NONE', ( #10010 ), #10837, .F. ) ;
#5998 = EDGE_LOOP ( 'NONE', ( #8149, #11821, #7993, #167, #30 ) ) ;
#5999 =( LENGTH_UNIT ( ) NAMED_UNIT ( * ) SI_UNIT ( .MILLI., .METRE. ) );
#6000 = MECHANICAL_DESIGN_GEOMETRIC_PRESENTATION_REPRESENTATION (  '', ( #10299 ), #9294 ) ;
#6001 =( GEOMETRIC_REPRESENTATION_CONTEXT ( 3 ) GLOBAL_UNCERTAINTY_ASSIGNED_CONTEXT ( ( #2915 ) ) GLOBAL_UNIT_ASSIGNED_CONTEXT ( ( #10532, #9463, #4648 ) ) REPRESENTATION_CONTEXT ( 'NONE', 'WORKASPACE' ) );
#6002 = PLANE ( 'NONE',  #2599 ) ;
#6003 = ORIENTED_EDGE ( 'NONE', *, *, #4303, .T. ) ;
#6004 = DIRECTION ( 'NONE',  ( -0.000000000000000000, 0.000000000000000000, 1.000000000000000000 ) ) ;
#6005 = VERTEX_POINT ( 'NONE', #1230 ) ;
#6006 = LINE ( 'NONE', #11073, #12261 ) ;
#6007 = ORIENTED_EDGE ( 'NONE', *, *, #9649, .T. ) ;
#6008 = CARTESIAN_POINT ( 'NONE',  ( 32.00000000000000000, 1.000000000000007105, -18.00000000000000355 ) ) ;
#6009 = AXIS2_PLACEMENT_3D ( 'NONE', #5996, #10534, #8186 ) ;
#6010 = CARTESIAN_POINT ( 'NONE',  ( 29.74897559759705601, 15.00000000000000000, -0.2210415980608897157 ) ) ;
#6011 = DIRECTION ( 'NONE',  ( 0.000000000000000000, 0.000000000000000000, -1.000000000000000000 ) ) ;
#6012 = EDGE_LOOP ( 'NONE', ( #11484, #1263, #889, #1146 ) ) ;
#6013 = CARTESIAN_POINT ( 'NONE',  ( 25.67576706438588019, 0.000000000000000000, -10.00000000000000000 ) ) ;
#6014 = VECTOR ( 'NONE', #9913, 1000.000000000000000 ) ;
#6015 = SURFACE_STYLE_USAGE ( .BOTH. , #8845 ) ;
#6016 = VERTEX_POINT ( 'NONE', #11037 ) ;
#6017 = ORIENTED_EDGE ( 'NONE', *, *, #10731, .T. ) ;
#6018 = DIRECTION ( 'NONE',  ( 1.013273058397667935E-16, -1.000000000000000000, 0.000000000000000000 ) ) ;
#6019 = CARTESIAN_POINT ( 'NONE',  ( 26.03000000000000114, 14.99999999999999822, -0.6805538183541244290 ) ) ;
#6020 = EDGE_CURVE ( 'NONE', #8164, #6448, #10063, .T. ) ;
#6021 = ORIENTED_EDGE ( 'NONE', *, *, #7878, .F. ) ;
#6022 = CARTESIAN_POINT ( 'NONE',  ( 16.56768843574306516, 9.242953882361234719, -10.00000000000000000 ) ) ;
#6023 = PRESENTATION_STYLE_ASSIGNMENT (( #12627 ) ) ;
#6024 = DIRECTION ( 'NONE',  ( 0.000000000000000000, 0.000000000000000000, 1.000000000000000000 ) ) ;
#6025 = FACE_OUTER_BOUND ( 'NONE', #8912, .T. ) ;
#6026 = LINE ( 'NONE', #2027, #1534 ) ;
#6027 = EDGE_LOOP ( 'NONE', ( #3059, #11725, #10440, #627 ) ) ;
#6028 = DIRECTION ( 'NONE',  ( 1.000000000000000000, 2.081668171172166620E-14, 0.000000000000000000 ) ) ;
#6029 = CARTESIAN_POINT ( 'NONE',  ( 15.00000000000000000, 10.99999999999997158, -1.000000000000000000 ) ) ;
#6030 = CARTESIAN_POINT ( 'NONE',  ( 16.02999999999999758, 13.99999999999998934, -12.00000000000000000 ) ) ;
#6031 = SURFACE_SIDE_STYLE ('',( #12712 ) ) ;
#6032 = EDGE_LOOP ( 'NONE', ( #5210, #9141, #3313, #6703 ) ) ;
#6033 = ORIENTED_EDGE ( 'NONE', *, *, #8550, .F. ) ;
#6034 = CARTESIAN_POINT ( 'NONE',  ( 12.06768843574306516, 9.242953882361238271, -10.00000000000000000 ) ) ;
#6035 =( NAMED_UNIT ( * ) SI_UNIT ( $, .STERADIAN. ) SOLID_ANGLE_UNIT ( ) );
#6036 = AXIS2_PLACEMENT_3D ( 'NONE', #3086, #5922, #2953 ) ;
#6037 = EDGE_LOOP ( 'NONE', ( #3295, #10086, #1353, #2003, #11374, #8115 ) ) ;
#6038 =( LENGTH_UNIT ( ) NAMED_UNIT ( * ) SI_UNIT ( .MILLI., .METRE. ) );
#6039 = DIRECTION ( 'NONE',  ( -0.000000000000000000, 0.000000000000000000, 1.000000000000000000 ) ) ;
#6040 = EDGE_CURVE ( 'NONE', #3755, #5534, #957, .T. ) ;
#6041 = LINE ( 'NONE', #9820, #11556 ) ;
#6042 = EDGE_CURVE ( 'NONE', #11056, #9415, #8853, .T. ) ;
#6043 = ORIENTED_EDGE ( 'NONE', *, *, #12416, .T. ) ;
#6044 = SURFACE_SIDE_STYLE ('',( #3531 ) ) ;
#6045 = DIRECTION ( 'NONE',  ( -1.000000000000000000, 0.000000000000000000, 0.000000000000000000 ) ) ;
#6046 = ORIENTED_EDGE ( 'NONE', *, *, #4906, .T. ) ;
#6047 = AXIS2_PLACEMENT_3D ( 'NONE', #5095, #9017, #148 ) ;
#6048 = MECHANICAL_DESIGN_GEOMETRIC_PRESENTATION_REPRESENTATION (  '', ( #6265 ), #860 ) ;
#6049 = CARTESIAN_POINT ( 'NONE',  ( 20.02999999999999758, 10.99999999999997158, 0.000000000000000000 ) ) ;
#6050 = ORIENTED_EDGE ( 'NONE', *, *, #1527, .F. ) ;
#6051 = ORIENTED_EDGE ( 'NONE', *, *, #10692, .T. ) ;
#6052 = AXIS2_PLACEMENT_3D ( 'NONE', #11369, #7649, #10400 ) ;
#6053 =( NAMED_UNIT ( * ) SI_UNIT ( $, .STERADIAN. ) SOLID_ANGLE_UNIT ( ) );
#6054 = ORIENTED_EDGE ( 'NONE', *, *, #737, .F. ) ;
#6055 = DIRECTION ( 'NONE',  ( 0.000000000000000000, -0.000000000000000000, -1.000000000000000000 ) ) ;
#6056 = COLOUR_RGB ( '',1.000000000000000000, 0.5019607843137254832, 0.5019607843137254832 ) ;
#6057 =( NAMED_UNIT ( * ) PLANE_ANGLE_UNIT ( ) SI_UNIT ( $, .RADIAN. ) );
#6058 = VERTEX_POINT ( 'NONE', #126 ) ;
#6059 =( LENGTH_UNIT ( ) NAMED_UNIT ( * ) SI_UNIT ( .MILLI., .METRE. ) );
#6060 = ADVANCED_FACE ( 'NONE', ( #7970 ), #3067, .T. ) ;
#6061 = VECTOR ( 'NONE', #7869, 1000.000000000000000 ) ;
#6062 = AXIS2_PLACEMENT_3D ( 'NONE', #2068, #3047, #10880 ) ;
#6063 = SURFACE_STYLE_USAGE ( .BOTH. , #8128 ) ;
#6064 = VECTOR ( 'NONE', #6435, 1000.000000000000000 ) ;
#6065 = AXIS2_PLACEMENT_3D ( 'NONE', #11235, #5395, #3344 ) ;
#6066 =( GEOMETRIC_REPRESENTATION_CONTEXT ( 3 ) GLOBAL_UNCERTAINTY_ASSIGNED_CONTEXT ( ( #6930 ) ) GLOBAL_UNIT_ASSIGNED_CONTEXT ( ( #6725, #692, #1742 ) ) REPRESENTATION_CONTEXT ( 'NONE', 'WORKASPACE' ) );
#6067 = CIRCLE ( 'NONE', #2364, 0.4000000000000001887 ) ;
#6068 = SURFACE_STYLE_FILL_AREA ( #1000 ) ;
#6069 = CIRCLE ( 'NONE', #490, 0.9999999999999991118 ) ;
#6070 = PRESENTATION_STYLE_ASSIGNMENT (( #1205 ) ) ;
#6071 = DIRECTION ( 'NONE',  ( 1.000000000000000000, 0.000000000000000000, -0.000000000000000000 ) ) ;
#6072 = ORIENTED_EDGE ( 'NONE', *, *, #761, .T. ) ;
#6073 = SURFACE_STYLE_USAGE ( .BOTH. , #10947 ) ;
#6074 = PRESENTATION_LAYER_ASSIGNMENT (  '', '', ( #4219 ) ) ;
#6075 = ORIENTED_EDGE ( 'NONE', *, *, #9301, .T. ) ;
#6076 = FILL_AREA_STYLE_COLOUR ( '', #10594 ) ;
#6077 = EDGE_CURVE ( 'NONE', #4689, #5062, #10898, .T. ) ;
#6078 = EDGE_CURVE ( 'NONE', #7855, #10218, #6992, .T. ) ;
#6079 = FILL_AREA_STYLE_COLOUR ( '', #8900 ) ;
#6080 = COLOUR_RGB ( '',0.8313725490196077761, 0.8392156862745098200, 0.8313725490196077761 ) ;
#6081 = CARTESIAN_POINT ( 'NONE',  ( 2.950000000000000178, 0.000000000000000000, -15.62999999999999723 ) ) ;
#6082 = VECTOR ( 'NONE', #6865, 1000.000000000000000 ) ;
#6083 = VECTOR ( 'NONE', #774, 1000.000000000000000 ) ;
#6084 = ORIENTED_EDGE ( 'NONE', *, *, #2820, .F. ) ;
#6085 = CARTESIAN_POINT ( 'NONE',  ( 26.31781992623545818, 14.75000000000000000, 2.168404344971008621E-16 ) ) ;
#6086 = LINE ( 'NONE', #1940, #5273 ) ;
#6087 = VECTOR ( 'NONE', #2844, 1000.000000000000000 ) ;
#6088 = ORIENTED_EDGE ( 'NONE', *, *, #10361, .T. ) ;
#6089 = AXIS2_PLACEMENT_3D ( 'NONE', #12106, #9343, #8261 ) ;
#6090 = ORIENTED_EDGE ( 'NONE', *, *, #12154, .T. ) ;
#6091 = LINE ( 'NONE', #1166, #11805 ) ;
#6092 = COLOUR_RGB ( '',0.8313725490196077761, 0.8392156862745098200, 0.8313725490196077761 ) ;
#6093 = DIRECTION ( 'NONE',  ( -0.000000000000000000, -0.000000000000000000, 1.000000000000000000 ) ) ;
#6094 = CYLINDRICAL_SURFACE ( 'NONE', #1802, 0.5000000000000004441 ) ;
#6095 = ADVANCED_FACE ( 'NONE', ( #2024 ), #4095, .T. ) ;
#6096 = SURFACE_SIDE_STYLE ('',( #8027 ) ) ;
#6097 = LINE ( 'NONE', #3070, #4776 ) ;
#6098 = CIRCLE ( 'NONE', #11427, 1.000000000000000888 ) ;
#6099 = CARTESIAN_POINT ( 'NONE',  ( 12.94999999999999929, 0.000000000000000000, -15.22999999999999687 ) ) ;
#6100 = VECTOR ( 'NONE', #12130, 1000.000000000000000 ) ;
#6101 = DIRECTION ( 'NONE',  ( 0.000000000000000000, -0.000000000000000000, -1.000000000000000000 ) ) ;
#6102 = LINE ( 'NONE', #1116, #5630 ) ;
#6103 = VERTEX_POINT ( 'NONE', #7202 ) ;
#6104 = CARTESIAN_POINT ( 'NONE',  ( 8.404608049195916308, 12.77659106982886605, -2.498455167896214579 ) ) ;
#6105 = VERTEX_POINT ( 'NONE', #7379 ) ;
#6106 =( NAMED_UNIT ( * ) PLANE_ANGLE_UNIT ( ) SI_UNIT ( $, .RADIAN. ) );
#6107 = COLOUR_RGB ( '',1.000000000000000000, 0.5019607843137254832, 0.5019607843137254832 ) ;
#6108 = CARTESIAN_POINT ( 'NONE',  ( 20.02999999999999758, 10.77659106982886783, -1.974724807276290628 ) ) ;
#6109 = ORIENTED_EDGE ( 'NONE', *, *, #2857, .T. ) ;
#6110 = CARTESIAN_POINT ( 'NONE',  ( 21.03000000000000469, 1.043671250149599536E-16, -12.00000000000000000 ) ) ;
#6111 = FILL_AREA_STYLE ('',( #3223 ) ) ;
#6112 = SURFACE_SIDE_STYLE ('',( #2184 ) ) ;
#6113 = UNCERTAINTY_MEASURE_WITH_UNIT (LENGTH_MEASURE( 1.000000000000000082E-05 ), #6600, 'distance_accuracy_value', 'NONE');
#6114 = DIRECTION ( 'NONE',  ( 0.000000000000000000, -0.000000000000000000, -1.000000000000000000 ) ) ;
#6115 = ORIENTED_EDGE ( 'NONE', *, *, #2665, .F. ) ;
#6116 = CARTESIAN_POINT ( 'NONE',  ( 24.83000000000000185, 11.77659106982886783, -2.498455167896218576 ) ) ;
#6117 = EDGE_LOOP ( 'NONE', ( #7510, #8991, #11494, #5108, #480, #5471, #8585 ) ) ;
#6118 = CARTESIAN_POINT ( 'NONE',  ( 32.00000000000000000, 15.00000000000000000, -4.000000000000028422 ) ) ;
#6119 = ORIENTED_EDGE ( 'NONE', *, *, #7183, .T. ) ;
#6120 = CARTESIAN_POINT ( 'NONE',  ( 14.06833203617090788, 9.242953882361234719, -10.00000000000000000 ) ) ;
#6121 = ORIENTED_EDGE ( 'NONE', *, *, #5255, .F. ) ;
#6122 = DIRECTION ( 'NONE',  ( 1.000000000000000000, 0.000000000000000000, -0.000000000000000000 ) ) ;
#6123 = EDGE_CURVE ( 'NONE', #1565, #3084, #7571, .T. ) ;
#6124 = CARTESIAN_POINT ( 'NONE',  ( 29.06833203617090788, 9.242953882361234719, -10.00000000000000000 ) ) ;
#6125 = ADVANCED_FACE ( 'NONE', ( #6413 ), #12256, .T. ) ;
#6126 = DIRECTION ( 'NONE',  ( -1.070256409758549784E-16, 1.000000000000000000, 0.000000000000000000 ) ) ;
#6127 = DIRECTION ( 'NONE',  ( -1.000000000000000000, -0.000000000000000000, -0.000000000000000000 ) ) ;
#6128 = DIRECTION ( 'NONE',  ( 0.000000000000000000, -0.000000000000000000, -1.000000000000000000 ) ) ;
#6129 =( GEOMETRIC_REPRESENTATION_CONTEXT ( 3 ) GLOBAL_UNCERTAINTY_ASSIGNED_CONTEXT ( ( #9225 ) ) GLOBAL_UNIT_ASSIGNED_CONTEXT ( ( #10897, #4934, #1823 ) ) REPRESENTATION_CONTEXT ( 'NONE', 'WORKASPACE' ) );
#6130 = AXIS2_PLACEMENT_3D ( 'NONE', #5788, #3866, #844 ) ;
#6131 = FILL_AREA_STYLE ('',( #933 ) ) ;
#6132 =( NAMED_UNIT ( * ) PLANE_ANGLE_UNIT ( ) SI_UNIT ( $, .RADIAN. ) );
#6133 = CARTESIAN_POINT ( 'NONE',  ( 19.83000000000000185, 12.77659106982886783, -2.498455167896214579 ) ) ;
#6134 = EDGE_CURVE ( 'NONE', #7371, #4519, #9306, .T. ) ;
#6135 = CARTESIAN_POINT ( 'NONE',  ( 20.00000000000000000, 10.99999999999997158, -1.000000000000000000 ) ) ;
#6136 = DIRECTION ( 'NONE',  ( 1.000000000000000000, 2.026546116795335870E-16, -0.000000000000000000 ) ) ;
#6137 = EDGE_CURVE ( 'NONE', #11860, #3908, #4405, .T. ) ;
#6138 = SURFACE_STYLE_USAGE ( .BOTH. , #107 ) ;
#6139 = PRESENTATION_STYLE_ASSIGNMENT (( #6073 ) ) ;
#6140 = UNCERTAINTY_MEASURE_WITH_UNIT (LENGTH_MEASURE( 1.000000000000000082E-05 ), #2284, 'distance_accuracy_value', 'NONE');
#6141 = COLOUR_RGB ( '',1.000000000000000000, 0.5019607843137254832, 0.5019607843137254832 ) ;
#6142 = VERTEX_POINT ( 'NONE', #3474 ) ;
#6143 = PRESENTATION_STYLE_ASSIGNMENT (( #2331 ) ) ;
#6144 = CARTESIAN_POINT ( 'NONE',  ( -11.59539195080408547, 11.77659106982886428, -2.498455167896218576 ) ) ;
#6145 = EDGE_LOOP ( 'NONE', ( #12665, #1115, #7005, #9399 ) ) ;
#6146 = ORIENTED_EDGE ( 'NONE', *, *, #8565, .F. ) ;
#6147 = SURFACE_STYLE_FILL_AREA ( #10118 ) ;
#6148 = AXIS2_PLACEMENT_3D ( 'NONE', #1228, #3199, #5324 ) ;
#6149 = EDGE_CURVE ( 'NONE', #3908, #7361, #10033, .T. ) ;
#6150 = EDGE_CURVE ( 'NONE', #10114, #10787, #10195, .T. ) ;
#6151 = PRESENTATION_STYLE_ASSIGNMENT (( #5128 ) ) ;
#6152 = CARTESIAN_POINT ( 'NONE',  ( 4.948558664095548565, 2.730887774041963034, -10.00000000000000000 ) ) ;
#6153 = CARTESIAN_POINT ( 'NONE',  ( 6.192041270136349418, 14.56261116223706154, -0.04450167309611528788 ) ) ;
#6154 = CARTESIAN_POINT ( 'NONE',  ( 21.67576706438588019, 5.698981658683065277, -10.00000000000000000 ) ) ;
#6155 = DIRECTION ( 'NONE',  ( -0.000000000000000000, -0.000000000000000000, 1.000000000000000000 ) ) ;
#6156 = AXIS2_PLACEMENT_3D ( 'NONE', #9854, #2394, #7053 ) ;
#6157 = CARTESIAN_POINT ( 'NONE',  ( 32.00000000000000000, 0.7437402936630147510, -0.03339203246192825464 ) ) ;
#6158 = CARTESIAN_POINT ( 'NONE',  ( 25.83000000000000185, 10.77659106982886783, -1.974724807276290628 ) ) ;
#6159 = ADVANCED_FACE ( 'NONE', ( #4294 ), #2478, .T. ) ;
#6160 = FILL_AREA_STYLE ('',( #10909 ) ) ;
#6161 = CARTESIAN_POINT ( 'NONE',  ( 9.948558664095548565, 2.730887774041963034, 0.000000000000000000 ) ) ;
#6162 = ORIENTED_EDGE ( 'NONE', *, *, #11142, .F. ) ;
#6163 = SURFACE_STYLE_USAGE ( .BOTH. , #7498 ) ;
#6164 = DIRECTION ( 'NONE',  ( -0.000000000000000000, 0.000000000000000000, 1.000000000000000000 ) ) ;
#6165 = CARTESIAN_POINT ( 'NONE',  ( 18.94855866409554679, 2.730887774041955929, -10.00000000000000000 ) ) ;
#6166 = PRESENTATION_STYLE_ASSIGNMENT (( #8178 ) ) ;
#6167 = ORIENTED_EDGE ( 'NONE', *, *, #1893, .T. ) ;
#6168 = DIRECTION ( 'NONE',  ( -0.000000000000000000, -0.000000000000000000, 1.000000000000000000 ) ) ;
#6169 = DIRECTION ( 'NONE',  ( 0.000000000000000000, 0.000000000000000000, -1.000000000000000000 ) ) ;
#6170 = DIRECTION ( 'NONE',  ( 1.000000000000000000, 0.000000000000000000, 0.000000000000000000 ) ) ;
#6171 = PLANE ( 'NONE',  #6906 ) ;
#6172 = ORIENTED_EDGE ( 'NONE', *, *, #11292, .F. ) ;
#6173 = CARTESIAN_POINT ( 'NONE',  ( 10.00000000000000000, 1.730887774041955929, -10.00000000000000000 ) ) ;
#6174 = ORIENTED_EDGE ( 'NONE', *, *, #8328, .F. ) ;
#6175 = CARTESIAN_POINT ( 'NONE',  ( 32.00000000000000000, 0.9999999999999997780, -16.50000000000000000 ) ) ;
#6176 = ORIENTED_EDGE ( 'NONE', *, *, #12668, .T. ) ;
#6177 = CARTESIAN_POINT ( 'NONE',  ( 20.00000000000000000, 11.77659106982886783, -12.00000000000000000 ) ) ;
#6178 = VERTEX_POINT ( 'NONE', #2350 ) ;
#6179 = LINE ( 'NONE', #1264, #2586 ) ;
#6180 = DIRECTION ( 'NONE',  ( -0.1736481776669308585, 0.000000000000000000, 0.9848077530122080203 ) ) ;
#6181 = DIRECTION ( 'NONE',  ( 0.000000000000000000, -1.000000000000000000, 0.000000000000000000 ) ) ;
#6182 = COLOUR_RGB ( '',1.000000000000000000, 0.5019607843137254832, 0.5019607843137254832 ) ;
#6183 = EDGE_CURVE ( 'NONE', #1375, #613, #6287, .T. ) ;
#6184 = ORIENTED_EDGE ( 'NONE', *, *, #2885, .T. ) ;
#6185 = CARTESIAN_POINT ( 'NONE',  ( 19.83000000000000185, 13.99999999999999112, -12.00000000000000000 ) ) ;
#6186 = AXIS2_PLACEMENT_3D ( 'NONE', #650, #6674, #8612 ) ;
#6187 = ORIENTED_EDGE ( 'NONE', *, *, #6662, .T. ) ;
#6188 = ORIENTED_EDGE ( 'NONE', *, *, #2332, .F. ) ;
#6189 = CIRCLE ( 'NONE', #4139, 0.9999999999999997780 ) ;
#6190 = DIRECTION ( 'NONE',  ( 1.000000000000000000, 2.026546116795335870E-16, -0.000000000000000000 ) ) ;
#6191 = CARTESIAN_POINT ( 'NONE',  ( 7.950000000000000178, -4.599999999999999645, -15.22999999999999687 ) ) ;
#6192 = STYLED_ITEM ( 'NONE', ( #448 ), #2179 ) ;
#6193 = CARTESIAN_POINT ( 'NONE',  ( -6.595391950804084580, 14.74999999999999645, -0.2499999999999999445 ) ) ;
#6194 = PRODUCT_DEFINITION ( 'UNKNOWN', '', #1600, #144 ) ;
#6195 = DIRECTION ( 'NONE',  ( 1.013273058397667935E-16, -1.000000000000000000, 0.000000000000000000 ) ) ;
#6196 = ORIENTED_EDGE ( 'NONE', *, *, #570, .T. ) ;
#6197 = DIRECTION ( 'NONE',  ( 0.000000000000000000, 0.000000000000000000, -1.000000000000000000 ) ) ;
#6198 = ORIENTED_EDGE ( 'NONE', *, *, #7846, .F. ) ;
#6199 = EDGE_CURVE ( 'NONE', #572, #5105, #10250, .T. ) ;
#6200 = DIRECTION ( 'NONE',  ( 1.000000000000000000, 0.000000000000000000, -0.000000000000000000 ) ) ;
#6201 = ORIENTED_EDGE ( 'NONE', *, *, #9843, .T. ) ;
#6202 = ORIENTED_EDGE ( 'NONE', *, *, #9907, .F. ) ;
#6203 = MECHANICAL_DESIGN_GEOMETRIC_PRESENTATION_REPRESENTATION (  '', ( #3121 ), #3333 ) ;
#6204 = ORIENTED_EDGE ( 'NONE', *, *, #4478, .F. ) ;
#6205 = CARTESIAN_POINT ( 'NONE',  ( 12.94999999999999929, -5.000000000000000000, -7.429999999999998828 ) ) ;
#6206 = FILL_AREA_STYLE_COLOUR ( '', #12538 ) ;
#6207 = CARTESIAN_POINT ( 'NONE',  ( 14.54218007376454480, 9.999999999999998224, -0.2000000000000024536 ) ) ;
#6208 = ORIENTED_EDGE ( 'NONE', *, *, #11456, .T. ) ;
#6209 = COLOUR_RGB ( '',1.000000000000000000, 0.5019607843137254832, 0.5019607843137254832 ) ;
#6210 = CARTESIAN_POINT ( 'NONE',  ( 6.273908095053161382, 14.65589039322995291, 3.547410800721976959E-17 ) ) ;
#6211 = CARTESIAN_POINT ( 'NONE',  ( 20.06833203617090788, 7.356120034073296843, 0.000000000000000000 ) ) ;
#6212 = EDGE_CURVE ( 'NONE', #10108, #2189, #2263, .T. ) ;
#6213 = SURFACE_STYLE_FILL_AREA ( #1367 ) ;
#6214 = EDGE_CURVE ( 'NONE', #2448, #6016, #5233, .T. ) ;
#6215 = B_SPLINE_CURVE_WITH_KNOTS ( 'NONE', 3,
 ( #3130, #8024, #124, #6859 ),
 .UNSPECIFIED., .F., .F.,
 ( 4, 4 ),
 ( -3.162297181307102415E-06, 0.0001944400282724697757 ),
 .UNSPECIFIED. ) ;
#6216 = CARTESIAN_POINT ( 'NONE',  ( 20.00000000000000000, 0.000000000000000000, 0.5000000000000000000 ) ) ;
#6217 = CYLINDRICAL_SURFACE ( 'NONE', #8113, 4.000000000000000000 ) ;
#6218 = ORIENTED_EDGE ( 'NONE', *, *, #723, .F. ) ;
#6219 = ORIENTED_EDGE ( 'NONE', *, *, #6665, .F. ) ;
#6220 = MECHANICAL_DESIGN_GEOMETRIC_PRESENTATION_REPRESENTATION (  '', ( #6433 ), #4164 ) ;
#6221 = FACE_OUTER_BOUND ( 'NONE', #7630, .T. ) ;
#6222 = DIRECTION ( 'NONE',  ( -0.1736481776669308585, 0.000000000000000000, 0.9848077530122080203 ) ) ;
#6223 =( LENGTH_UNIT ( ) NAMED_UNIT ( * ) SI_UNIT ( .MILLI., .METRE. ) );
#6224 = VERTEX_POINT ( 'NONE', #4199 ) ;
#6225 = SURFACE_SIDE_STYLE ('',( #2294 ) ) ;
#6226 = VERTEX_POINT ( 'NONE', #2206 ) ;
#6227 = STYLED_ITEM ( 'NONE', ( #8442 ), #5681 ) ;
#6228 = CARTESIAN_POINT ( 'NONE',  ( 1.116054431713453310, 14.99501846973959829, -0.1925148842800862292 ) ) ;
#6229 = DIRECTION ( 'NONE',  ( -0.000000000000000000, -0.000000000000000000, 1.000000000000000000 ) ) ;
#6230 = VERTEX_POINT ( 'NONE', #11844 ) ;
#6231 = EDGE_CURVE ( 'NONE', #5477, #5026, #5114, .T. ) ;
#6232 = AXIS2_PLACEMENT_3D ( 'NONE', #9512, #6686, #840 ) ;
#6233 = ADVANCED_FACE ( 'NONE', ( #4012 ), #8895, .T. ) ;
#6234 = EDGE_CURVE ( 'NONE', #6226, #9626, #11107, .T. ) ;
#6235 = DIRECTION ( 'NONE',  ( -1.000000000000000000, 0.000000000000000000, 0.000000000000000000 ) ) ;
#6236 = ORIENTED_EDGE ( 'NONE', *, *, #8770, .F. ) ;
#6237 = SURFACE_STYLE_FILL_AREA ( #1127 ) ;
#6238 = ORIENTED_EDGE ( 'NONE', *, *, #10911, .F. ) ;
#6239 = CARTESIAN_POINT ( 'NONE',  ( 20.67576706438588019, 2.730887774041955929, 0.000000000000000000 ) ) ;
#6240 = LINE ( 'NONE', #10155, #10991 ) ;
#6241 =( LENGTH_UNIT ( ) NAMED_UNIT ( * ) SI_UNIT ( .MILLI., .METRE. ) );
#6242 = EDGE_LOOP ( 'NONE', ( #9692, #3496, #3387, #3886 ) ) ;
#6243 = CARTESIAN_POINT ( 'NONE',  ( 20.02999999999999758, 15.00000000000000000, -4.000000000000027534 ) ) ;
#6244 = DIRECTION ( 'NONE',  ( 1.013273058397667935E-16, -1.000000000000000000, 0.000000000000000000 ) ) ;
#6245 = FACE_OUTER_BOUND ( 'NONE', #7108, .T. ) ;
#6246 = ORIENTED_EDGE ( 'NONE', *, *, #3370, .F. ) ;
#6247 = CARTESIAN_POINT ( 'NONE',  ( 20.00000000000000000, 0.7437402936630139738, -21.62877342318509477 ) ) ;
#6248 = EDGE_CURVE ( 'NONE', #6103, #4198, #4074, .T. ) ;
#6249 = DIRECTION ( 'NONE',  ( 1.000000000000000000, 2.026546116795335870E-16, 0.000000000000000000 ) ) ;
#6250 = ADVANCED_FACE ( 'NONE', ( #6970 ), #4138, .T. ) ;
#6251 = AXIS2_PLACEMENT_3D ( 'NONE', #1507, #6235, #10216 ) ;
#6252 =( GEOMETRIC_REPRESENTATION_CONTEXT ( 3 ) GLOBAL_UNCERTAINTY_ASSIGNED_CONTEXT ( ( #12754 ) ) GLOBAL_UNIT_ASSIGNED_CONTEXT ( ( #4373, #537, #1515 ) ) REPRESENTATION_CONTEXT ( 'NONE', 'WORKASPACE' ) );
#6253 = CYLINDRICAL_SURFACE ( 'NONE', #10977, 0.2500000000000002220 ) ;
#6254 = CARTESIAN_POINT ( 'NONE',  ( 22.95000000000000284, -5.000000000000000000, -7.617316227335406253 ) ) ;
#6255 =( GEOMETRIC_REPRESENTATION_CONTEXT ( 3 ) GLOBAL_UNCERTAINTY_ASSIGNED_CONTEXT ( ( #2897 ) ) GLOBAL_UNIT_ASSIGNED_CONTEXT ( ( #10214, #8479, #400 ) ) REPRESENTATION_CONTEXT ( 'NONE', 'WORKASPACE' ) );
#6256 = EDGE_LOOP ( 'NONE', ( #11634, #1008, #8504, #4842, #11577, #11490, #7459, #6512, #11830, #7452, #10149, #3334, #2081, #5657 ) ) ;
#6257 = ORIENTED_EDGE ( 'NONE', *, *, #1149, .T. ) ;
#6258 = DIRECTION ( 'NONE',  ( 1.000000000000000000, 2.026546116795335870E-16, -0.000000000000000000 ) ) ;
#6259 = FILL_AREA_STYLE ('',( #10104 ) ) ;
#6260 = AXIS2_PLACEMENT_3D ( 'NONE', #5761, #1671, #8533 ) ;
#6261 = PLANE ( 'NONE',  #12223 ) ;
#6262 = CARTESIAN_POINT ( 'NONE',  ( 11.10591825482288364, 14.99999999999999822, -0.2500000000000021094 ) ) ;
#6263 = UNCERTAINTY_MEASURE_WITH_UNIT (LENGTH_MEASURE( 1.000000000000000082E-05 ), #6607, 'distance_accuracy_value', 'NONE');
#6264 = VECTOR ( 'NONE', #9589, 1000.000000000000000 ) ;
#6265 = STYLED_ITEM ( 'NONE', ( #5532 ), #6650 ) ;
#6266 =( LENGTH_UNIT ( ) NAMED_UNIT ( * ) SI_UNIT ( .MILLI., .METRE. ) );
#6267 = VECTOR ( 'NONE', #1175, 1000.000000000000000 ) ;
#6268 = ORIENTED_EDGE ( 'NONE', *, *, #12506, .F. ) ;
#6269 = DIRECTION ( 'NONE',  ( 0.000000000000000000, -1.000000000000000000, 0.000000000000000000 ) ) ;
#6270 = CYLINDRICAL_SURFACE ( 'NONE', #1300, 1.000000000000000888 ) ;
#6271 = AXIS2_PLACEMENT_3D ( 'NONE', #4796, #1682, #8606 ) ;
#6272 = ORIENTED_EDGE ( 'NONE', *, *, #8329, .F. ) ;
#6273 = AXIS2_PLACEMENT_3D ( 'NONE', #11871, #10697, #127 ) ;
#6274 = COLOUR_RGB ( '',1.000000000000000000, 0.5019607843137254832, 0.5019607843137254832 ) ;
#6275 = CARTESIAN_POINT ( 'NONE',  ( 20.67576706438588019, 5.698981658683065277, -10.00000000000000000 ) ) ;
#6276 = PRESENTATION_LAYER_ASSIGNMENT (  '', '', ( #4429 ) ) ;
#6277 = CARTESIAN_POINT ( 'NONE',  ( 16.56768843574306516, 0.000000000000000000, -10.00000000000000000 ) ) ;
#6278 = CARTESIAN_POINT ( 'NONE',  ( 6.317819926235457295, 14.70498544938100416, 2.168404344971008621E-16 ) ) ;
#6279 = VERTEX_POINT ( 'NONE', #2979 ) ;
#6280 = ADVANCED_FACE ( 'NONE', ( #6907 ), #2001, .T. ) ;
#6281 = FACE_OUTER_BOUND ( 'NONE', #7524, .T. ) ;
#6282 = EDGE_CURVE ( 'NONE', #12334, #12087, #5309, .T. ) ;
#6283 = B_SPLINE_CURVE_WITH_KNOTS ( 'NONE', 3,
 ( #12687, #10950, #2143, #4785 ),
 .UNSPECIFIED., .F., .F.,
 ( 4, 4 ),
 ( 1.833693609828957664E-17, 0.0001957360288148543494 ),
 .UNSPECIFIED. ) ;
#6284 = DIRECTION ( 'NONE',  ( -1.000000000000000000, -1.013273058397667935E-16, -0.000000000000000000 ) ) ;
#6285 = CLOSED_SHELL ( 'NONE', ( #2179, #2883, #10940, #1348, #3742, #4494, #6586, #2196, #12707, #7336, #3619, #11194, #7280, #11171, #2222 ) ) ;
#6286 = AXIS2_PLACEMENT_3D ( 'NONE', #9400, #1519, #7352 ) ;
#6287 = LINE ( 'NONE', #9242, #9479 ) ;
#6288 = ORIENTED_EDGE ( 'NONE', *, *, #3398, .F. ) ;
#6289 = CARTESIAN_POINT ( 'NONE',  ( 7.067688435743064268, 9.242953882361238271, 0.000000000000000000 ) ) ;
#6290 = FACE_OUTER_BOUND ( 'NONE', #2400, .T. ) ;
#6291 = AXIS2_PLACEMENT_3D ( 'NONE', #9381, #4684, #8608 ) ;
#6292 = ORIENTED_EDGE ( 'NONE', *, *, #10342, .F. ) ;
#6293 = VERTEX_POINT ( 'NONE', #11132 ) ;
#6294 = SURFACE_STYLE_FILL_AREA ( #579 ) ;
#6295 = FACE_OUTER_BOUND ( 'NONE', #5051, .T. ) ;
#6296 = COLOUR_RGB ( '',1.000000000000000000, 0.5019607843137254832, 0.5019607843137254832 ) ;
#6297 = DIRECTION ( 'NONE',  ( 0.000000000000000000, 1.000000000000000000, -0.000000000000000000 ) ) ;
#6298 = CARTESIAN_POINT ( 'NONE',  ( 0.5676884357430644901, 7.363962665405081154, -10.00000000000000000 ) ) ;
#6299 = AXIS2_PLACEMENT_3D ( 'NONE', #8353, #9377, #11293 ) ;
#6300 = ORIENTED_EDGE ( 'NONE', *, *, #8447, .F. ) ;
#6301 = ADVANCED_FACE ( 'NONE', ( #2594 ), #12105, .T. ) ;
#6302 = COLOUR_RGB ( '',1.000000000000000000, 0.5019607843137254832, 0.5019607843137254832 ) ;
#6303 = CARTESIAN_POINT ( 'NONE',  ( 15.00000000000000000, 0.7437402936630139738, -18.00000000000000355 ) ) ;
#6304 = LINE ( 'NONE', #7337, #3105 ) ;
#6305 = EDGE_CURVE ( 'NONE', #8559, #7953, #8318, .T. ) ;
#6306 = LINE ( 'NONE', #12138, #309 ) ;
#6307 = CONICAL_SURFACE ( 'NONE', #3221, 0.1873162273354038454, 0.4886921905584215020 ) ;
#6308 = FACE_OUTER_BOUND ( 'NONE', #2903, .T. ) ;
#6309 = PRESENTATION_LAYER_ASSIGNMENT (  '', '', ( #1542 ) ) ;
#6310 = CARTESIAN_POINT ( 'NONE',  ( 23.56833203617090788, 9.242953882361238271, 0.000000000000000000 ) ) ;
#6311 = ORIENTED_EDGE ( 'NONE', *, *, #12163, .F. ) ;
#6312 = CARTESIAN_POINT ( 'NONE',  ( 1.121727750064472673, 6.531472162044073215, 0.000000000000000000 ) ) ;
#6313 = ORIENTED_EDGE ( 'NONE', *, *, #7733, .F. ) ;
#6314 =( NAMED_UNIT ( * ) PLANE_ANGLE_UNIT ( ) SI_UNIT ( $, .RADIAN. ) );
#6315 = ORIENTED_EDGE ( 'NONE', *, *, #9458, .F. ) ;
#6316 = DIRECTION ( 'NONE',  ( 1.000000000000000000, 2.026546116795335870E-16, -0.000000000000000000 ) ) ;
#6317 = VECTOR ( 'NONE', #5399, 1000.000000000000000 ) ;
#6318 = EDGE_CURVE ( 'NONE', #9110, #502, #12232, .T. ) ;
#6319 = SURFACE_STYLE_USAGE ( .BOTH. , #10276 ) ;
#6320 = ADVANCED_FACE ( 'NONE', ( #4277 ), #11391, .T. ) ;
#6321 =( GEOMETRIC_REPRESENTATION_CONTEXT ( 3 ) GLOBAL_UNCERTAINTY_ASSIGNED_CONTEXT ( ( #3358 ) ) GLOBAL_UNIT_ASSIGNED_CONTEXT ( ( #11420, #5708, #11661 ) ) REPRESENTATION_CONTEXT ( 'NONE', 'WORKASPACE' ) );
#6322 = CARTESIAN_POINT ( 'NONE',  ( 4.739141624366985717, 14.38829763613029478, -0.1652703644666174421 ) ) ;
#6323 = CARTESIAN_POINT ( 'NONE',  ( 11.12085837563301460, 14.38829763613029478, -0.1652703644666158045 ) ) ;
#6324 = ORIENTED_EDGE ( 'NONE', *, *, #268, .T. ) ;
#6325 = FACE_OUTER_BOUND ( 'NONE', #946, .T. ) ;
#6326 = SURFACE_STYLE_USAGE ( .BOTH. , #4129 ) ;
#6327 = AXIS2_PLACEMENT_3D ( 'NONE', #7299, #5423, #7366 ) ;
#6328 = CARTESIAN_POINT ( 'NONE',  ( 10.00000000000000000, -3.659182332138577465E-16, -18.00000000000000355 ) ) ;
#6329 = CARTESIAN_POINT ( 'NONE',  ( 7.950000000000000178, -5.000000000000000000, -7.429999999999998828 ) ) ;
#6330 = PRESENTATION_STYLE_ASSIGNMENT (( #12047 ) ) ;
#6331 = VERTEX_POINT ( 'NONE', #12467 ) ;
#6332 = EDGE_LOOP ( 'NONE', ( #3697, #3079, #5946, #3102, #9687, #11815, #4082 ) ) ;
#6333 = EDGE_CURVE ( 'NONE', #8081, #141, #2892, .T. ) ;
#6334 = CARTESIAN_POINT ( 'NONE',  ( 13.40460804919591631, 14.74999999999999467, 1.626303258728256651E-16 ) ) ;
#6335 = FACE_OUTER_BOUND ( 'NONE', #2159, .T. ) ;
#6336 = CARTESIAN_POINT ( 'NONE',  ( 25.67576706438588019, 2.730887774041955929, -10.00000000000000000 ) ) ;
#6337 = ADVANCED_FACE ( 'NONE', ( #12666 ), #2708, .T. ) ;
#6338 = SURFACE_SIDE_STYLE ('',( #11912 ) ) ;
#6339 =( NAMED_UNIT ( * ) PLANE_ANGLE_UNIT ( ) SI_UNIT ( $, .RADIAN. ) );
#6340 = ORIENTED_EDGE ( 'NONE', *, *, #10420, .T. ) ;
#6341 = CARTESIAN_POINT ( 'NONE',  ( 15.00000000000000000, 0.9999999999999997780, -16.50000000000000000 ) ) ;
#6342 = DIRECTION ( 'NONE',  ( -2.922285384827992868E-16, 1.000000000000000000, 0.000000000000000000 ) ) ;
#6343 = ORIENTED_EDGE ( 'NONE', *, *, #9162, .T. ) ;
#6344 =( NAMED_UNIT ( * ) SI_UNIT ( $, .STERADIAN. ) SOLID_ANGLE_UNIT ( ) );
#6345 = ORIENTED_EDGE ( 'NONE', *, *, #11461, .F. ) ;
#6346 = CARTESIAN_POINT ( 'NONE',  ( 20.83000000000000185, 10.99999999999997158, -1.000000000000000000 ) ) ;
#6347 = CIRCLE ( 'NONE', #3488, 1.000000000000000888 ) ;
#6348 = CARTESIAN_POINT ( 'NONE',  ( 3.039090901768394026, 0.7437402936630143069, -17.46660796753807432 ) ) ;
#6349 = CARTESIAN_POINT ( 'NONE',  ( 13.40460804919591631, 12.77659106982886605, -2.498455167896214579 ) ) ;
#6350 = CARTESIAN_POINT ( 'NONE',  ( 10.00000000000000000, -3.659182332138577465E-16, -1.000000000000007772 ) ) ;
#6351 = DIRECTION ( 'NONE',  ( 1.000000000000000000, 0.000000000000000000, 0.000000000000000000 ) ) ;
#6352 = COLOUR_RGB ( '',0.8313725490196077761, 0.8392156862745098200, 0.8313725490196077761 ) ;
#6353 =( NAMED_UNIT ( * ) SI_UNIT ( $, .STERADIAN. ) SOLID_ANGLE_UNIT ( ) );
#6354 = ORIENTED_EDGE ( 'NONE', *, *, #2515, .T. ) ;
#6355 =( GEOMETRIC_REPRESENTATION_CONTEXT ( 3 ) GLOBAL_UNCERTAINTY_ASSIGNED_CONTEXT ( ( #9073 ) ) GLOBAL_UNIT_ASSIGNED_CONTEXT ( ( #2017, #10002, #1947 ) ) REPRESENTATION_CONTEXT ( 'NONE', 'WORKASPACE' ) );
#6356 =( NAMED_UNIT ( * ) SI_UNIT ( $, .STERADIAN. ) SOLID_ANGLE_UNIT ( ) );
#6357 = VECTOR ( 'NONE', #3400, 1000.000000000000000 ) ;
#6358 = PRESENTATION_LAYER_ASSIGNMENT (  '', '', ( #11881 ) ) ;
#6359 = DIRECTION ( 'NONE',  ( 0.000000000000000000, 0.000000000000000000, 1.000000000000000000 ) ) ;
#6360 = VERTEX_POINT ( 'NONE', #7735 ) ;
#6361 = EDGE_LOOP ( 'NONE', ( #6292, #9208, #11334, #7667 ) ) ;
#6362 = EDGE_CURVE ( 'NONE', #109, #730, #7554, .T. ) ;
#6363 = LINE ( 'NONE', #10256, #10873 ) ;
#6364 = CARTESIAN_POINT ( 'NONE',  ( 9.830000000000000071, 15.00000000000000000, -0.6805538183541270936 ) ) ;
#6365 = DIRECTION ( 'NONE',  ( -1.000000000000000000, -2.026546116795335870E-16, 0.000000000000000000 ) ) ;
#6366 = CARTESIAN_POINT ( 'NONE',  ( 23.94855866409554679, 5.698981658683065277, -10.00000000000000000 ) ) ;
#6367 = ORIENTED_EDGE ( 'NONE', *, *, #9986, .F. ) ;
#6368 = ORIENTED_EDGE ( 'NONE', *, *, #5606, .T. ) ;
#6369 = FILL_AREA_STYLE ('',( #1382 ) ) ;
#6370 = FACE_OUTER_BOUND ( 'NONE', #11835, .T. ) ;
#6371 = CARTESIAN_POINT ( 'NONE',  ( 23.03909090176839314, 0.7437402936630143069, -18.00000000000000355 ) ) ;
#6372 = SURFACE_STYLE_FILL_AREA ( #11243 ) ;
#6373 = SURFACE_SIDE_STYLE ('',( #11244 ) ) ;
#6374 = CARTESIAN_POINT ( 'NONE',  ( 19.73914162436698305, 14.98520393037187937, -0.1652703644666174421 ) ) ;
#6375 =( NAMED_UNIT ( * ) PLANE_ANGLE_UNIT ( ) SI_UNIT ( $, .RADIAN. ) );
#6376 = ORIENTED_EDGE ( 'NONE', *, *, #2430, .T. ) ;
#6377 = ADVANCED_FACE ( 'NONE', ( #4831 ), #10472, .T. ) ;
#6378 = DIRECTION ( 'NONE',  ( -1.000000000000000000, 0.000000000000000000, 0.000000000000000000 ) ) ;
#6379 = CARTESIAN_POINT ( 'NONE',  ( 17.06768843574306516, 9.242953882361238271, 0.000000000000000000 ) ) ;
#6380 = EDGE_CURVE ( 'NONE', #12219, #11007, #10539, .T. ) ;
#6381 = FILL_AREA_STYLE ('',( #605 ) ) ;
#6382 = CARTESIAN_POINT ( 'NONE',  ( 25.00000000000000000, 9.742953882361238271, 0.000000000000000000 ) ) ;
#6383 = LINE ( 'NONE', #10407, #255 ) ;
#6384 = EDGE_CURVE ( 'NONE', #2769, #3101, #8266, .T. ) ;
#6385 = EDGE_CURVE ( 'NONE', #12331, #7481, #9527, .T. ) ;
#6386 =( NAMED_UNIT ( * ) SI_UNIT ( $, .STERADIAN. ) SOLID_ANGLE_UNIT ( ) );
#6387 = PRESENTATION_STYLE_ASSIGNMENT (( #5490 ) ) ;
#6388 = ORIENTED_EDGE ( 'NONE', *, *, #12644, .T. ) ;
#6389 =( LENGTH_UNIT ( ) NAMED_UNIT ( * ) SI_UNIT ( .MILLI., .METRE. ) );
#6390 = SURFACE_STYLE_USAGE ( .BOTH. , #10414 ) ;
#6391 = PRESENTATION_LAYER_ASSIGNMENT (  '', '', ( #546 ) ) ;
#6392 = VECTOR ( 'NONE', #3568, 1000.000000000000000 ) ;
#6393 = DIRECTION ( 'NONE',  ( 1.000000000000000000, 2.026546116795335870E-16, -0.000000000000000000 ) ) ;
#6394 = CYLINDRICAL_SURFACE ( 'NONE', #39, 0.9999999999999997780 ) ;
#6395 = ORIENTED_EDGE ( 'NONE', *, *, #260, .F. ) ;
#6396 = EDGE_CURVE ( 'NONE', #10056, #3821, #7033, .T. ) ;
#6397 = PLANE ( 'NONE',  #6130 ) ;
#6398 = EDGE_CURVE ( 'NONE', #10197, #4299, #10722, .T. ) ;
#6399 = DIRECTION ( 'NONE',  ( 0.000000000000000000, -1.000000000000000000, 0.000000000000000000 ) ) ;
#6400 = CIRCLE ( 'NONE', #10478, 1.000000000000000888 ) ;
#6401 = ORIENTED_EDGE ( 'NONE', *, *, #1268, .T. ) ;
#6402 = ORIENTED_EDGE ( 'NONE', *, *, #1959, .F. ) ;
#6403 = DIRECTION ( 'NONE',  ( 2.026546116795335870E-16, -1.000000000000000000, 0.000000000000000000 ) ) ;
#6404 = CIRCLE ( 'NONE', #3538, 1.000000000000000888 ) ;
#6405 = ORIENTED_EDGE ( 'NONE', *, *, #3564, .T. ) ;
#6406 = UNCERTAINTY_MEASURE_WITH_UNIT (LENGTH_MEASURE( 1.000000000000000082E-05 ), #4347, 'distance_accuracy_value', 'NONE');
#6407 = FACE_OUTER_BOUND ( 'NONE', #6012, .T. ) ;
#6408 = MECHANICAL_DESIGN_GEOMETRIC_PRESENTATION_REPRESENTATION (  '', ( #11927 ), #8048 ) ;
#6409 = CARTESIAN_POINT ( 'NONE',  ( 24.73914162436698660, 14.98520393037187937, -0.1652703644666174421 ) ) ;
#6410 = AXIS2_PLACEMENT_3D ( 'NONE', #3652, #752, #8648 ) ;
#6411 = PLANE ( 'NONE',  #12612 ) ;
#6412 = CARTESIAN_POINT ( 'NONE',  ( 3.404608049195914532, 14.74999999999999645, -0.2499999999999999445 ) ) ;
#6413 = FACE_OUTER_BOUND ( 'NONE', #12278, .T. ) ;
#6414 = EDGE_LOOP ( 'NONE', ( #4926, #496, #4110, #8696 ) ) ;
#6415 = SURFACE_STYLE_FILL_AREA ( #4673 ) ;
#6416 = AXIS2_PLACEMENT_3D ( 'NONE', #5985, #10865, #8057 ) ;
#6417 = DIRECTION ( 'NONE',  ( 1.000000000000000000, 0.000000000000000000, 0.000000000000000000 ) ) ;
#6418 = CARTESIAN_POINT ( 'NONE',  ( 13.56833203617090433, 9.742953882361238271, -10.00000000000000000 ) ) ;
#6419 = ORIENTED_EDGE ( 'NONE', *, *, #2994, .F. ) ;
#6420 = VERTEX_POINT ( 'NONE', #5863 ) ;
#6421 = ORIENTED_EDGE ( 'NONE', *, *, #3009, .F. ) ;
#6422 = AXIS2_PLACEMENT_3D ( 'NONE', #4162, #2026, #8165 ) ;
#6423 = SURFACE_STYLE_USAGE ( .BOTH. , #7388 ) ;
#6424 = COLOUR_RGB ( '',1.000000000000000000, 0.5019607843137254832, 0.5019607843137254832 ) ;
#6425 = CARTESIAN_POINT ( 'NONE',  ( 7.950000000000000178, -5.000000000000000000, -15.22999999999999687 ) ) ;
#6426 = LINE ( 'NONE', #6490, #9726 ) ;
#6427 =( NAMED_UNIT ( * ) SI_UNIT ( $, .STERADIAN. ) SOLID_ANGLE_UNIT ( ) );
#6428 = LINE ( 'NONE', #5518, #5894 ) ;
#6429 = CONICAL_SURFACE ( 'NONE', #821, 0.1873162273354073148, 0.4886921905584152848 ) ;
#6430 = ORIENTED_EDGE ( 'NONE', *, *, #5409, .F. ) ;
#6431 = SURFACE_SIDE_STYLE ('',( #6372 ) ) ;
#6432 = AXIS2_PLACEMENT_3D ( 'NONE', #1303, #5266, #322 ) ;
#6433 = STYLED_ITEM ( 'NONE', ( #9876 ), #11194 ) ;
#6434 = CARTESIAN_POINT ( 'NONE',  ( 1.192041270136349418, 14.56261116223706154, -0.04450167309611528788 ) ) ;
#6435 = DIRECTION ( 'NONE',  ( -1.000000000000000000, -0.000000000000000000, -0.000000000000000000 ) ) ;
#6436 = PLANE ( 'NONE',  #1748 ) ;
#6437 = ORIENTED_EDGE ( 'NONE', *, *, #3703, .T. ) ;
#6438 = CARTESIAN_POINT ( 'NONE',  ( 14.73914162436698660, 14.98520393037187937, -0.1652703644666174421 ) ) ;
#6439 = UNCERTAINTY_MEASURE_WITH_UNIT (LENGTH_MEASURE( 1.000000000000000082E-05 ), #8300, 'distance_accuracy_value', 'NONE');
#6440 = DIRECTION ( 'NONE',  ( 0.000000000000000000, 0.000000000000000000, 1.000000000000000000 ) ) ;
#6441 = EDGE_LOOP ( 'NONE', ( #8880, #2801, #10315, #10520 ) ) ;
#6442 = CARTESIAN_POINT ( 'NONE',  ( 10.06833203617090788, 7.356120034073296843, -10.00000000000000000 ) ) ;
#6443 = ORIENTED_EDGE ( 'NONE', *, *, #3695, .F. ) ;
#6444 = COLOUR_RGB ( '',1.000000000000000000, 0.5019607843137254832, 0.5019607843137254832 ) ;
#6445 = EDGE_CURVE ( 'NONE', #7953, #2483, #4652, .T. ) ;
#6446 = PLANE ( 'NONE',  #406 ) ;
#6447 = VERTEX_POINT ( 'NONE', #6634 ) ;
#6448 = VERTEX_POINT ( 'NONE', #5675 ) ;
#6449 =( NAMED_UNIT ( * ) PLANE_ANGLE_UNIT ( ) SI_UNIT ( $, .RADIAN. ) );
#6450 =( LENGTH_UNIT ( ) NAMED_UNIT ( * ) SI_UNIT ( .MILLI., .METRE. ) );
#6451 = EDGE_CURVE ( 'NONE', #1188, #1247, #6704, .T. ) ;
#6452 = CARTESIAN_POINT ( 'NONE',  ( 20.83000000000000185, 11.00000000000000000, -3.999999999999999112 ) ) ;
#6453 = ADVANCED_FACE ( 'NONE', ( #12590 ), #9900, .F. ) ;
#6454 = CARTESIAN_POINT ( 'NONE',  ( 21.23015815089469527, 14.60711272996574195, -0.01366989418290124637 ) ) ;
#6455 = DIRECTION ( 'NONE',  ( 2.026546116795335870E-16, -1.000000000000000000, 0.000000000000000000 ) ) ;
#6456 = CARTESIAN_POINT ( 'NONE',  ( 6.567688435743064268, 0.000000000000000000, -10.00000000000000000 ) ) ;
#6457 = CARTESIAN_POINT ( 'NONE',  ( 6.030000000000001137, -6.400417228326760234E-15, -0.6805538183541330888 ) ) ;
#6458 = VERTEX_POINT ( 'NONE', #2054 ) ;
#6459 = EDGE_CURVE ( 'NONE', #12677, #9697, #7858, .T. ) ;
#6460 = AXIS2_PLACEMENT_3D ( 'NONE', #10482, #8517, #563 ) ;
#6461 = FACE_OUTER_BOUND ( 'NONE', #1783, .T. ) ;
#6462 = FILL_AREA_STYLE ('',( #11688 ) ) ;
#6463 = ORIENTED_EDGE ( 'NONE', *, *, #10692, .F. ) ;
#6464 =( NAMED_UNIT ( * ) PLANE_ANGLE_UNIT ( ) SI_UNIT ( $, .RADIAN. ) );
#6465 = AXIS2_PLACEMENT_3D ( 'NONE', #2010, #4146, #9290 ) ;
#6466 = CARTESIAN_POINT ( 'NONE',  ( 16.12172775006447267, 6.531472162044073215, -10.00000000000000000 ) ) ;
#6467 = VECTOR ( 'NONE', #5389, 1000.000000000000000 ) ;
#6468 = VECTOR ( 'NONE', #11578, 1000.000000000000114 ) ;
#6469 = AXIS2_PLACEMENT_3D ( 'NONE', #3909, #7843, #1895 ) ;
#6470 = PLANE ( 'NONE',  #11520 ) ;
#6471 = DIRECTION ( 'NONE',  ( -1.000000000000000000, 0.000000000000000000, 0.000000000000000000 ) ) ;
#6472 = EDGE_CURVE ( 'NONE', #9955, #756, #12148, .T. ) ;
#6473 = CIRCLE ( 'NONE', #9130, 0.9999999999999991118 ) ;
#6474 = EDGE_CURVE ( 'NONE', #2717, #4169, #10695, .T. ) ;
#6475 = AXIS2_PLACEMENT_3D ( 'NONE', #5483, #7357, #9460 ) ;
#6476 = ORIENTED_EDGE ( 'NONE', *, *, #12027, .F. ) ;
#6477 =( NAMED_UNIT ( * ) SI_UNIT ( $, .STERADIAN. ) SOLID_ANGLE_UNIT ( ) );
#6478 = AXIS2_PLACEMENT_3D ( 'NONE', #4963, #8881, #8240 ) ;
#6479 = VECTOR ( 'NONE', #9846, 1000.000000000000000 ) ;
#6480 = AXIS2_PLACEMENT_3D ( 'NONE', #3605, #830, #2814 ) ;
#6481 = DIRECTION ( 'NONE',  ( 1.000000000000000000, 2.026546116795335870E-16, -0.000000000000000000 ) ) ;
#6482 = EDGE_LOOP ( 'NONE', ( #115, #6595, #4212, #477 ) ) ;
#6483 = COLOUR_RGB ( '',0.8313725490196077761, 0.8392156862745098200, 0.8313725490196077761 ) ;
#6484 = VERTEX_POINT ( 'NONE', #4900 ) ;
#6485 = EDGE_LOOP ( 'NONE', ( #5200, #7466, #10314, #10333, #11276, #7853 ) ) ;
#6486 = PRESENTATION_STYLE_ASSIGNMENT (( #11290 ) ) ;
#6487 =( NAMED_UNIT ( * ) SI_UNIT ( $, .STERADIAN. ) SOLID_ANGLE_UNIT ( ) );
#6488 = CARTESIAN_POINT ( 'NONE',  ( 21.56768843574306516, 0.000000000000000000, -10.00000000000000000 ) ) ;
#6489 = CARTESIAN_POINT ( 'NONE',  ( 25.00000000000000000, 0.000000000000000000, -18.00000000000000355 ) ) ;
#6490 = CARTESIAN_POINT ( 'NONE',  ( 3.404608049195914532, 14.99999999999999645, -11.00000000000000178 ) ) ;
#6491 = PRESENTATION_LAYER_ASSIGNMENT (  '', '', ( #3200 ) ) ;
#6492 = VECTOR ( 'NONE', #1654, 1000.000000000000000 ) ;
#6493 = ADVANCED_FACE ( 'NONE', ( #7930 ), #1993, .F. ) ;
#6494 = DIRECTION ( 'NONE',  ( 1.000000000000000000, 0.000000000000000000, 0.000000000000000000 ) ) ;
#6495 = LINE ( 'NONE', #2632, #476 ) ;
#6496 = DIRECTION ( 'NONE',  ( -1.000000000000000000, -0.000000000000000000, -0.000000000000000000 ) ) ;
#6497 = PRESENTATION_LAYER_ASSIGNMENT (  '', '', ( #9169 ) ) ;
#6498 = ORIENTED_EDGE ( 'NONE', *, *, #10344, .T. ) ;
#6499 = CARTESIAN_POINT ( 'NONE',  ( 4.830000000000000071, 15.00000000000000000, -0.6805538183541270936 ) ) ;
#6500 = STYLED_ITEM ( 'NONE', ( #3836 ), #456 ) ;
#6501 = CIRCLE ( 'NONE', #12624, 0.5000000000000004441 ) ;
#6502 = CARTESIAN_POINT ( 'NONE',  ( 23.03909090176839314, 0.9999999999999997780, -16.50000000000000000 ) ) ;
#6503 = ORIENTED_EDGE ( 'NONE', *, *, #642, .F. ) ;
#6504 = CARTESIAN_POINT ( 'NONE',  ( 4.739141624366985717, 14.98520393037187937, -0.1652703644666174421 ) ) ;
#6505 = VECTOR ( 'NONE', #2795, 1000.000000000000000 ) ;
#6506 = ORIENTED_EDGE ( 'NONE', *, *, #618, .T. ) ;
#6507 = AXIS2_PLACEMENT_3D ( 'NONE', #9107, #3197, #6986 ) ;
#6508 = DIRECTION ( 'NONE',  ( 1.000000000000000000, 0.000000000000000000, 0.000000000000000000 ) ) ;
#6509 = CARTESIAN_POINT ( 'NONE',  ( 29.50844535013322911, 6.527550846378181504, 0.000000000000000000 ) ) ;
#6510 = DIRECTION ( 'NONE',  ( 1.000000000000000000, 0.000000000000000000, 0.000000000000000000 ) ) ;
#6511 = VERTEX_POINT ( 'NONE', #5928 ) ;
#6512 = ORIENTED_EDGE ( 'NONE', *, *, #748, .T. ) ;
#6513 = DIRECTION ( 'NONE',  ( 0.000000000000000000, 0.000000000000000000, -1.000000000000000000 ) ) ;
#6514 = AXIS2_PLACEMENT_3D ( 'NONE', #9634, #10645, #9516 ) ;
#6515 = CONICAL_SURFACE ( 'NONE', #8764, 0.1873162273354073148, 0.4886921905584152848 ) ;
#6516 = UNCERTAINTY_MEASURE_WITH_UNIT (LENGTH_MEASURE( 1.000000000000000082E-05 ), #4101, 'distance_accuracy_value', 'NONE');
#6517 = DIRECTION ( 'NONE',  ( -1.000000000000000000, -2.026546116795335870E-16, 0.000000000000000000 ) ) ;
#6518 =( NAMED_UNIT ( * ) SI_UNIT ( $, .STERADIAN. ) SOLID_ANGLE_UNIT ( ) );
#6519 =( NAMED_UNIT ( * ) SI_UNIT ( $, .STERADIAN. ) SOLID_ANGLE_UNIT ( ) );
#6520 = AXIS2_PLACEMENT_3D ( 'NONE', #1505, #9258, #10322 ) ;
#6521 = ORIENTED_EDGE ( 'NONE', *, *, #530, .F. ) ;
#6522 = AXIS2_PLACEMENT_3D ( 'NONE', #2830, #7850, #8815 ) ;
#6523 = LINE ( 'NONE', #731, #11396 ) ;
#6524 = FILL_AREA_STYLE ('',( #5541 ) ) ;
#6525 = ADVANCED_FACE ( 'NONE', ( #5102 ), #9025, .F. ) ;
#6526 = EDGE_CURVE ( 'NONE', #3992, #3925, #18, .T. ) ;
#6527 = VERTEX_POINT ( 'NONE', #2384 ) ;
#6528 = FILL_AREA_STYLE_COLOUR ( '', #10686 ) ;
#6529 = FACE_OUTER_BOUND ( 'NONE', #237, .T. ) ;
#6530 = FACE_OUTER_BOUND ( 'NONE', #11096, .T. ) ;
#6531 = DIRECTION ( 'NONE',  ( 0.000000000000000000, -1.000000000000000000, 0.000000000000000000 ) ) ;
#6532 = ADVANCED_FACE ( 'NONE', ( #8243 ), #6446, .F. ) ;
#6533 = VERTEX_POINT ( 'NONE', #1395 ) ;
#6534 = ORIENTED_EDGE ( 'NONE', *, *, #5067, .F. ) ;
#6535 = EDGE_LOOP ( 'NONE', ( #12724, #5326, #6751, #12648, #4919, #11253, #7282, #11440 ) ) ;
#6536 = EDGE_CURVE ( 'NONE', #3827, #12087, #9397, .T. ) ;
#6537 =( LENGTH_UNIT ( ) NAMED_UNIT ( * ) SI_UNIT ( .MILLI., .METRE. ) );
#6538 = SURFACE_SIDE_STYLE ('',( #4600 ) ) ;
#6539 = MECHANICAL_DESIGN_GEOMETRIC_PRESENTATION_REPRESENTATION (  '', ( #4679 ), #11658 ) ;
#6540 = DIRECTION ( 'NONE',  ( 0.000000000000000000, 0.000000000000000000, 1.000000000000000000 ) ) ;
#6541 = FILL_AREA_STYLE ('',( #2617 ) ) ;
#6542 = SURFACE_STYLE_FILL_AREA ( #8647 ) ;
#6543 = CARTESIAN_POINT ( 'NONE',  ( 24.50844535013322911, 6.527550846378181504, -10.00000000000000000 ) ) ;
#6544 = DIRECTION ( 'NONE',  ( 0.000000000000000000, 1.000000000000000000, -0.000000000000000000 ) ) ;
#6545 = EDGE_CURVE ( 'NONE', #9104, #8081, #9678, .T. ) ;
#6546 = VERTEX_POINT ( 'NONE', #12281 ) ;
#6547 = ADVANCED_FACE ( 'NONE', ( #10330 ), #5408, .T. ) ;
#6548 = VERTEX_POINT ( 'NONE', #8432 ) ;
#6549 =( NAMED_UNIT ( * ) PLANE_ANGLE_UNIT ( ) SI_UNIT ( $, .RADIAN. ) );
#6550 = DIRECTION ( 'NONE',  ( -0.000000000000000000, -0.000000000000000000, 1.000000000000000000 ) ) ;
#6551 = SURFACE_SIDE_STYLE ('',( #11421 ) ) ;
#6552 = EDGE_LOOP ( 'NONE', ( #6443, #7793, #9511, #287, #5298, #4623 ) ) ;
#6553 =( NAMED_UNIT ( * ) PLANE_ANGLE_UNIT ( ) SI_UNIT ( $, .RADIAN. ) );
#6554 = PRESENTATION_STYLE_ASSIGNMENT (( #6668 ) ) ;
#6555 = CARTESIAN_POINT ( 'NONE',  ( 11.27390809505316227, 14.65589039322995291, 3.547410800721976959E-17 ) ) ;
#6556 = CARTESIAN_POINT ( 'NONE',  ( 19.06833203617090788, 9.242953882361234719, -10.00000000000000000 ) ) ;
#6557 = CARTESIAN_POINT ( 'NONE',  ( 8.039090901768393138, 0.000000000000000000, 0.5000000000000000000 ) ) ;
#6558 = ADVANCED_FACE ( 'NONE', ( #1331 ), #9144, .T. ) ;
#6559 = ORIENTED_EDGE ( 'NONE', *, *, #5537, .F. ) ;
#6560 = CARTESIAN_POINT ( 'NONE',  ( 4.748975597597052456, 15.00000000000000000, -0.2210415980608901598 ) ) ;
#6561 = PLANE ( 'NONE',  #1001 ) ;
#6562 = ORIENTED_EDGE ( 'NONE', *, *, #5831, .T. ) ;
#6563 = LINE ( 'NONE', #8560, #10154 ) ;
#6564 = ORIENTED_EDGE ( 'NONE', *, *, #1860, .F. ) ;
#6565 = DIRECTION ( 'NONE',  ( -0.000000000000000000, -0.000000000000000000, 1.000000000000000000 ) ) ;
#6566 = CARTESIAN_POINT ( 'NONE',  ( 21.03000000000000469, -6.400417228326760234E-15, -0.6805538183541330888 ) ) ;
#6567 = ORIENTED_EDGE ( 'NONE', *, *, #3053, .F. ) ;
#6568 = LINE ( 'NONE', #5598, #10558 ) ;
#6569 = SURFACE_SIDE_STYLE ('',( #11445 ) ) ;
#6570 = DIRECTION ( 'NONE',  ( -0.000000000000000000, -0.000000000000000000, 1.000000000000000000 ) ) ;
#6571 = ORIENTED_EDGE ( 'NONE', *, *, #1765, .F. ) ;
#6572 = SURFACE_STYLE_USAGE ( .BOTH. , #2715 ) ;
#6573 = ORIENTED_EDGE ( 'NONE', *, *, #10009, .T. ) ;
#6574 = DIRECTION ( 'NONE',  ( -1.000000000000000000, -2.026546116795335870E-16, 0.000000000000000000 ) ) ;
#6575 = FILL_AREA_STYLE_COLOUR ( '', #6750 ) ;
#6576 = SURFACE_SIDE_STYLE ('',( #4593 ) ) ;
#6577 = EDGE_CURVE ( 'NONE', #10277, #7822, #8681, .T. ) ;
#6578 = CARTESIAN_POINT ( 'NONE',  ( 25.83000000000000185, 8.410166384700659243E-17, -12.00000000000000000 ) ) ;
#6579 = ORIENTED_EDGE ( 'NONE', *, *, #7594, .F. ) ;
#6580 = ORIENTED_EDGE ( 'NONE', *, *, #12479, .F. ) ;
#6581 = SURFACE_SIDE_STYLE ('',( #7428 ) ) ;
#6582 = AXIS2_PLACEMENT_3D ( 'NONE', #5388, #11415, #2545 ) ;
#6583 = PRESENTATION_LAYER_ASSIGNMENT (  '', '', ( #3308 ) ) ;
#6584 = AXIS2_PLACEMENT_3D ( 'NONE', #9699, #6889, #6826 ) ;
#6585 = DIRECTION ( 'NONE',  ( 0.000000000000000000, 0.000000000000000000, 1.000000000000000000 ) ) ;
#6586 = ADVANCED_FACE ( 'NONE', ( #411 ), #286, .F. ) ;
#6587 = CARTESIAN_POINT ( 'NONE',  ( 9.068332036170907884, 0.000000000000000000, -10.00000000000000000 ) ) ;
#6588 = DIRECTION ( 'NONE',  ( 0.000000000000000000, 0.000000000000000000, 1.000000000000000000 ) ) ;
#6589 = EDGE_CURVE ( 'NONE', #10687, #5624, #8905, .T. ) ;
#6590 = EDGE_CURVE ( 'NONE', #1790, #1545, #7288, .T. ) ;
#6591 = CARTESIAN_POINT ( 'NONE',  ( 25.00000000000000000, 0.9999999999999997780, -16.50000000000000000 ) ) ;
#6592 = VECTOR ( 'NONE', #11699, 1000.000000000000000 ) ;
#6593 = CARTESIAN_POINT ( 'NONE',  ( 0.8300000000000004041, 10.77659106982886783, -1.974724807276290628 ) ) ;
#6594 = CARTESIAN_POINT ( 'NONE',  ( 23.03909090176839314, 0.7437402936630143069, -21.62877342318509477 ) ) ;
#6595 = ORIENTED_EDGE ( 'NONE', *, *, #10933, .F. ) ;
#6596 = ORIENTED_EDGE ( 'NONE', *, *, #3398, .T. ) ;
#6597 = PRESENTATION_LAYER_ASSIGNMENT (  '', '', ( #631 ) ) ;
#6598 = DIRECTION ( 'NONE',  ( -0.000000000000000000, -0.000000000000000000, 1.000000000000000000 ) ) ;
#6599 =( GEOMETRIC_REPRESENTATION_CONTEXT ( 3 ) GLOBAL_UNCERTAINTY_ASSIGNED_CONTEXT ( ( #9849 ) ) GLOBAL_UNIT_ASSIGNED_CONTEXT ( ( #11284, #7323, #6356 ) ) REPRESENTATION_CONTEXT ( 'NONE', 'WORKASPACE' ) );
#6600 =( LENGTH_UNIT ( ) NAMED_UNIT ( * ) SI_UNIT ( .MILLI., .METRE. ) );
#6601 = DIRECTION ( 'NONE',  ( -0.000000000000000000, -0.000000000000000000, 1.000000000000000000 ) ) ;
#6602 = CARTESIAN_POINT ( 'NONE',  ( 30.03000000000000114, 10.99999999999997158, -1.000000000000000000 ) ) ;
#6603 =( NAMED_UNIT ( * ) PLANE_ANGLE_UNIT ( ) SI_UNIT ( $, .RADIAN. ) );
#6604 = VECTOR ( 'NONE', #6661, 1000.000000000000000 ) ;
#6605 = CARTESIAN_POINT ( 'NONE',  ( 9.948558664095548565, 2.730887774041963034, -10.00000000000000000 ) ) ;
#6606 = EDGE_CURVE ( 'NONE', #5034, #469, #602, .T. ) ;
#6607 =( LENGTH_UNIT ( ) NAMED_UNIT ( * ) SI_UNIT ( .MILLI., .METRE. ) );
#6608 = VECTOR ( 'NONE', #853, 1000.000000000000000 ) ;
#6609 = SURFACE_SIDE_STYLE ('',( #3666 ) ) ;
#6610 = DIRECTION ( 'NONE',  ( 0.000000000000000000, -1.000000000000000000, 0.000000000000000000 ) ) ;
#6611 = CARTESIAN_POINT ( 'NONE',  ( 11.56768843574306516, 9.242953882361234719, -10.00000000000000000 ) ) ;
#6612 = COLOUR_RGB ( '',0.8313725490196077761, 0.8392156862745098200, 0.8313725490196077761 ) ;
#6613 = ORIENTED_EDGE ( 'NONE', *, *, #10268, .T. ) ;
#6614 = DIRECTION ( 'NONE',  ( 0.000000000000000000, -1.000000000000000000, 0.000000000000000000 ) ) ;
#6615 = PLANE ( 'NONE',  #1546 ) ;
#6616 = DIRECTION ( 'NONE',  ( 0.000000000000000000, -1.000000000000000000, 0.000000000000000000 ) ) ;
#6617 = SURFACE_STYLE_FILL_AREA ( #8430 ) ;
#6618 = ORIENTED_EDGE ( 'NONE', *, *, #12416, .F. ) ;
#6619 = ORIENTED_EDGE ( 'NONE', *, *, #3648, .F. ) ;
#6620 = CARTESIAN_POINT ( 'NONE',  ( 20.02999999999999758, 11.00000000000000000, -3.999999999999999112 ) ) ;
#6621 = EDGE_CURVE ( 'NONE', #12090, #3925, #3787, .T. ) ;
#6622 = MECHANICAL_DESIGN_GEOMETRIC_PRESENTATION_REPRESENTATION (  '', ( #8463 ), #7037 ) ;
#6623 = EDGE_CURVE ( 'NONE', #8586, #7077, #8747, .T. ) ;
#6624 = VECTOR ( 'NONE', #10427, 1000.000000000000000 ) ;
#6625 = SURFACE_STYLE_FILL_AREA ( #4696 ) ;
#6626 = EDGE_LOOP ( 'NONE', ( #10737, #5113, #8448, #8386 ) ) ;
#6627 = SURFACE_STYLE_FILL_AREA ( #4758 ) ;
#6628 = CARTESIAN_POINT ( 'NONE',  ( 12.94999999999999929, -5.000000000000000000, -7.242683772664591402 ) ) ;
#6629 = VERTEX_POINT ( 'NONE', #4636 ) ;
#6630 = DIRECTION ( 'NONE',  ( 0.000000000000000000, -1.000000000000000000, 8.673617379884027583E-16 ) ) ;
#6631 = ORIENTED_EDGE ( 'NONE', *, *, #3858, .F. ) ;
#6632 = CARTESIAN_POINT ( 'NONE',  ( -11.59539195080408547, 14.99999999999999645, -0.2500000000000017208 ) ) ;
#6633 = ORIENTED_EDGE ( 'NONE', *, *, #6589, .T. ) ;
#6634 = CARTESIAN_POINT ( 'NONE',  ( 22.95000000000000284, 0.000000000000000000, -16.02999999999999758 ) ) ;
#6635 = CIRCLE ( 'NONE', #7871, 0.9999999999999991118 ) ;
#6636 = ORIENTED_EDGE ( 'NONE', *, *, #721, .T. ) ;
#6637 = DIRECTION ( 'NONE',  ( 1.000000000000000000, 0.000000000000000000, 0.000000000000000000 ) ) ;
#6638 = PLANE ( 'NONE',  #12527 ) ;
#6639 = EDGE_CURVE ( 'NONE', #2121, #9134, #10522, .T. ) ;
#6640 = CARTESIAN_POINT ( 'NONE',  ( 25.67576706438588019, 2.730887774041955929, 0.000000000000000000 ) ) ;
#6641 = FACE_OUTER_BOUND ( 'NONE', #11683, .T. ) ;
#6642 = LINE ( 'NONE', #7566, #4609 ) ;
#6643 = CARTESIAN_POINT ( 'NONE',  ( 5.030000000000000249, 15.00000000000000000, -4.000000000000027534 ) ) ;
#6644 = ORIENTED_EDGE ( 'NONE', *, *, #5833, .F. ) ;
#6645 = SURFACE_SIDE_STYLE ('',( #8643 ) ) ;
#6646 = LINE ( 'NONE', #1864, #5704 ) ;
#6647 = VECTOR ( 'NONE', #11887, 1000.000000000000000 ) ;
#6648 = PLANE ( 'NONE',  #3623 ) ;
#6649 = CARTESIAN_POINT ( 'NONE',  ( 9.667958729863647349, 14.56261116223706154, -0.04450167309611560706 ) ) ;
#6650 = ADVANCED_FACE ( 'NONE', ( #5722 ), #12211, .T. ) ;
#6651 = COLOUR_RGB ( '',1.000000000000000000, 0.5019607843137254832, 0.5019607843137254832 ) ;
#6652 = CARTESIAN_POINT ( 'NONE',  ( 23.94855866409553968, 1.730887774041955929, -10.00000000000000000 ) ) ;
#6653 = LINE ( 'NONE', #2922, #4049 ) ;
#6654 = DIRECTION ( 'NONE',  ( -1.000000000000000000, 0.000000000000000000, 0.000000000000000000 ) ) ;
#6655 = EDGE_LOOP ( 'NONE', ( #8395, #1804, #3556, #8934 ) ) ;
#6656 = PRESENTATION_LAYER_ASSIGNMENT (  '', '', ( #11572 ) ) ;
#6657 = VECTOR ( 'NONE', #9300, 1000.000000000000000 ) ;
#6658 = ORIENTED_EDGE ( 'NONE', *, *, #10215, .F. ) ;
#6659 =( NAMED_UNIT ( * ) PLANE_ANGLE_UNIT ( ) SI_UNIT ( $, .RADIAN. ) );
#6660 = VECTOR ( 'NONE', #3076, 1000.000000000000000 ) ;
#6661 = DIRECTION ( 'NONE',  ( 1.000000000000000000, 2.026546116795335870E-16, -0.000000000000000000 ) ) ;
#6662 = EDGE_CURVE ( 'NONE', #10197, #109, #6563, .T. ) ;
#6663 = CARTESIAN_POINT ( 'NONE',  ( 3.404608049195914532, 14.70498544938100061, 4.285806796896921512E-17 ) ) ;
#6664 = FILL_AREA_STYLE ('',( #5454 ) ) ;
#6665 = EDGE_CURVE ( 'NONE', #9850, #6420, #5588, .T. ) ;
#6666 = FACE_OUTER_BOUND ( 'NONE', #489, .T. ) ;
#6667 = AXIS2_PLACEMENT_3D ( 'NONE', #10300, #1473, #7940 ) ;
#6668 = SURFACE_STYLE_USAGE ( .BOTH. , #647 ) ;
#6669 = AXIS2_PLACEMENT_3D ( 'NONE', #3880, #26, #7943 ) ;
#6670 = DIRECTION ( 'NONE',  ( 0.000000000000000000, -1.000000000000000000, 0.000000000000000000 ) ) ;
#6671 = AXIS2_PLACEMENT_3D ( 'NONE', #1021, #9675, #4091 ) ;
#6672 = CARTESIAN_POINT ( 'NONE',  ( 20.00000000000000000, 0.000000000000000000, -16.49999999999999289 ) ) ;
#6673 = AXIS2_PLACEMENT_3D ( 'NONE', #1900, #8754, #1703 ) ;
#6674 = DIRECTION ( 'NONE',  ( -1.000000000000000000, -2.026546116795335870E-16, 0.000000000000000000 ) ) ;
#6675 = ORIENTED_EDGE ( 'NONE', *, *, #5806, .T. ) ;
#6676 = DIRECTION ( 'NONE',  ( 0.000000000000000000, 0.000000000000000000, -1.000000000000000000 ) ) ;
#6677 = EDGE_CURVE ( 'NONE', #8506, #12094, #4398, .T. ) ;
#6678 = CIRCLE ( 'NONE', #2779, 4.000000000000000000 ) ;
#6679 = CIRCLE ( 'NONE', #1312, 0.5000000000000004441 ) ;
#6680 = VERTEX_POINT ( 'NONE', #772 ) ;
#6681 = FILL_AREA_STYLE_COLOUR ( '', #10483 ) ;
#6682 = FACE_OUTER_BOUND ( 'NONE', #10657, .T. ) ;
#6683 = ORIENTED_EDGE ( 'NONE', *, *, #530, .T. ) ;
#6684 =( BOUNDED_CURVE ( )  B_SPLINE_CURVE ( 3, ( #6924, #10891, #6983, #2085 ),
 .UNSPECIFIED., .F., .T. ) 
 B_SPLINE_CURVE_WITH_KNOTS ( ( 4, 4 ),
 ( 4.886921905584117987, 5.603056365278454187 ),
 .UNSPECIFIED. ) 
 CURVE ( )  GEOMETRIC_REPRESENTATION_ITEM ( )  RATIONAL_B_SPLINE_CURVE ( ( 1.000000000000000000, 0.9577172935399693721, 0.9577172935399693721, 1.000000000000000000 ) ) 
 REPRESENTATION_ITEM ( '' )  );
#6685 = AXIS2_PLACEMENT_3D ( 'NONE', #5435, #7568, #9360 ) ;
#6686 = DIRECTION ( 'NONE',  ( 2.026546116795335870E-16, -1.000000000000000000, 0.000000000000000000 ) ) ;
#6687 = ORIENTED_EDGE ( 'NONE', *, *, #9301, .F. ) ;
#6688 = EDGE_LOOP ( 'NONE', ( #1581, #8099, #180, #5089, #9097, #8557, #8309 ) ) ;
#6689 = DIRECTION ( 'NONE',  ( -0.000000000000000000, 1.000000000000000000, -0.000000000000000000 ) ) ;
#6690 = ORIENTED_EDGE ( 'NONE', *, *, #2289, .T. ) ;
#6691 = SURFACE_SIDE_STYLE ('',( #2829 ) ) ;
#6692 = COLOUR_RGB ( '',1.000000000000000000, 0.5019607843137254832, 0.5019607843137254832 ) ;
#6693 = VECTOR ( 'NONE', #8076, 1000.000000000000000 ) ;
#6694 = FACE_OUTER_BOUND ( 'NONE', #9274, .T. ) ;
#6695 = CARTESIAN_POINT ( 'NONE',  ( 23.56833203617090788, 9.242953882361238271, -10.00000000000000000 ) ) ;
#6696 = PRESENTATION_LAYER_ASSIGNMENT (  '', '', ( #900 ) ) ;
#6697 = ORIENTED_EDGE ( 'NONE', *, *, #8257, .F. ) ;
#6698 = EDGE_CURVE ( 'NONE', #3992, #713, #8685, .T. ) ;
#6699 = ORIENTED_EDGE ( 'NONE', *, *, #6362, .F. ) ;
#6700 = UNCERTAINTY_MEASURE_WITH_UNIT (LENGTH_MEASURE( 1.000000000000000082E-05 ), #1042, 'distance_accuracy_value', 'NONE');
#6701 = EDGE_CURVE ( 'NONE', #11742, #1790, #11548, .T. ) ;
#6702 = DIRECTION ( 'NONE',  ( -8.329036727898294339E-17, 0.8219933076153586038, 0.5694971485754449780 ) ) ;
#6703 = ORIENTED_EDGE ( 'NONE', *, *, #6990, .F. ) ;
#6704 = LINE ( 'NONE', #9645, #10915 ) ;
#6705 = VECTOR ( 'NONE', #4051, 1000.000000000000000 ) ;
#6706 = CIRCLE ( 'NONE', #3212, 1.000000000000000888 ) ;
#6707 = VERTEX_POINT ( 'NONE', #7007 ) ;
#6708 = SURFACE_SIDE_STYLE ('',( #1719 ) ) ;
#6709 = STYLED_ITEM ( 'NONE', ( #4957 ), #12381 ) ;
#6710 = CARTESIAN_POINT ( 'NONE',  ( 2.950000000000000178, -5.000000000000000000, -16.02999999999999758 ) ) ;
#6711 = CARTESIAN_POINT ( 'NONE',  ( 11.12085837563301460, 14.98520393037187581, -0.1652703644666149441 ) ) ;
#6712 = ORIENTED_EDGE ( 'NONE', *, *, #12005, .T. ) ;
#6713 = STYLED_ITEM ( 'NONE', ( #9561 ), #8963 ) ;
#6714 = VECTOR ( 'NONE', #2685, 1000.000000000000000 ) ;
#6715 = VECTOR ( 'NONE', #5206, 1000.000000000000114 ) ;
#6716 = EDGE_CURVE ( 'NONE', #4526, #6629, #4421, .T. ) ;
#6717 = EDGE_LOOP ( 'NONE', ( #12598, #10740, #2736, #11148, #6814 ) ) ;
#6718 = DIRECTION ( 'NONE',  ( -0.000000000000000000, -0.000000000000000000, 1.000000000000000000 ) ) ;
#6719 = PLANE ( 'NONE',  #10784 ) ;
#6720 = EDGE_LOOP ( 'NONE', ( #5482, #2383, #3615, #8871, #3191, #12335 ) ) ;
#6721 = CARTESIAN_POINT ( 'NONE',  ( 5.030000000000000249, 15.00000000000000000, -12.00000000000000000 ) ) ;
#6722 = COLOUR_RGB ( '',1.000000000000000000, 0.5019607843137254832, 0.5019607843137254832 ) ;
#6723 = DIRECTION ( 'NONE',  ( -2.026546116795335870E-16, 1.000000000000000000, -0.000000000000000000 ) ) ;
#6724 = VERTEX_POINT ( 'NONE', #3143 ) ;
#6725 =( LENGTH_UNIT ( ) NAMED_UNIT ( * ) SI_UNIT ( .MILLI., .METRE. ) );
#6726 = CARTESIAN_POINT ( 'NONE',  ( 24.83000000000000185, 15.00000000000000000, -10.99999999999999289 ) ) ;
#6727 = PRESENTATION_STYLE_ASSIGNMENT (( #10265 ) ) ;
#6728 = SURFACE_STYLE_FILL_AREA ( #114 ) ;
#6729 = LINE ( 'NONE', #11722, #12647 ) ;
#6730 = CARTESIAN_POINT ( 'NONE',  ( 6.317819926235457295, 14.75000000000000000, 2.168404344971008621E-16 ) ) ;
#6731 = VERTEX_POINT ( 'NONE', #8932 ) ;
#6732 = ORIENTED_EDGE ( 'NONE', *, *, #5572, .F. ) ;
#6733 = COLOUR_RGB ( '',0.8313725490196077761, 0.8392156862745098200, 0.8313725490196077761 ) ;
#6734 = PRESENTATION_STYLE_ASSIGNMENT (( #7631 ) ) ;
#6735 = CARTESIAN_POINT ( 'NONE',  ( 32.00000000000000000, 0.000000000000000000, -1.000000000000007105 ) ) ;
#6736 = SURFACE_STYLE_USAGE ( .BOTH. , #4736 ) ;
#6737 =( LENGTH_UNIT ( ) NAMED_UNIT ( * ) SI_UNIT ( .MILLI., .METRE. ) );
#6738 = DIRECTION ( 'NONE',  ( -0.000000000000000000, -0.000000000000000000, 1.000000000000000000 ) ) ;
#6739 = DIRECTION ( 'NONE',  ( -0.09991521791465321489, 0.8178800156032710600, 0.5666473588625119406 ) ) ;
#6740 = CARTESIAN_POINT ( 'NONE',  ( 18.94855866409554679, 5.698981658683065277, -10.00000000000000000 ) ) ;
#6741 = STYLED_ITEM ( 'NONE', ( #11920 ), #12738 ) ;
#6742 = DIRECTION ( 'NONE',  ( -0.000000000000000000, 1.000000000000000000, -0.000000000000000000 ) ) ;
#6743 = EDGE_CURVE ( 'NONE', #3016, #7734, #6876, .T. ) ;
#6744 = LINE ( 'NONE', #591, #1011 ) ;
#6745 = PLANE ( 'NONE',  #9901 ) ;
#6746 = ORIENTED_EDGE ( 'NONE', *, *, #2688, .T. ) ;
#6747 = CARTESIAN_POINT ( 'NONE',  ( 7.950000000000000178, 0.000000000000000000, -7.429999999999998828 ) ) ;
#6748 = FACE_OUTER_BOUND ( 'NONE', #10986, .T. ) ;
#6749 =( NAMED_UNIT ( * ) PLANE_ANGLE_UNIT ( ) SI_UNIT ( $, .RADIAN. ) );
#6750 = COLOUR_RGB ( '',1.000000000000000000, 0.5019607843137254832, 0.5019607843137254832 ) ;
#6751 = ORIENTED_EDGE ( 'NONE', *, *, #12737, .T. ) ;
#6752 = ORIENTED_EDGE ( 'NONE', *, *, #500, .T. ) ;
#6753 = FACE_OUTER_BOUND ( 'NONE', #9792, .T. ) ;
#6754 = ORIENTED_EDGE ( 'NONE', *, *, #6396, .T. ) ;
#6755 = CARTESIAN_POINT ( 'NONE',  ( 11.02999999999999936, 12.20709392125342418, -1.676461860280853200 ) ) ;
#6756 = ADVANCED_FACE ( 'NONE', ( #9949 ), #10707, .T. ) ;
#6757 =( NAMED_UNIT ( * ) PLANE_ANGLE_UNIT ( ) SI_UNIT ( $, .RADIAN. ) );
#6758 = EDGE_CURVE ( 'NONE', #12421, #2704, #7692, .T. ) ;
#6759 = CARTESIAN_POINT ( 'NONE',  ( 14.83000000000000185, 9.999999999999998224, -0.6805538183541270936 ) ) ;
#6760 = ORIENTED_EDGE ( 'NONE', *, *, #2225, .F. ) ;
#6761 = CIRCLE ( 'NONE', #1178, 1.000000000000000888 ) ;
#6762 = FACE_OUTER_BOUND ( 'NONE', #4107, .T. ) ;
#6763 = ORIENTED_EDGE ( 'NONE', *, *, #9986, .T. ) ;
#6764 = DIRECTION ( 'NONE',  ( 0.000000000000000000, 0.000000000000000000, -1.000000000000000000 ) ) ;
#6765 = DIRECTION ( 'NONE',  ( -0.1736481776669304700, 0.000000000000000000, -0.9848077530122081313 ) ) ;
#6766 = ORIENTED_EDGE ( 'NONE', *, *, #966, .T. ) ;
#6767 =( LENGTH_UNIT ( ) NAMED_UNIT ( * ) SI_UNIT ( .MILLI., .METRE. ) );
#6768 = ORIENTED_EDGE ( 'NONE', *, *, #4581, .T. ) ;
#6769 = CARTESIAN_POINT ( 'NONE',  ( 2.950000000000000178, 0.000000000000000000, -7.029999999999999361 ) ) ;
#6770 = UNCERTAINTY_MEASURE_WITH_UNIT (LENGTH_MEASURE( 1.000000000000000082E-05 ), #10110, 'distance_accuracy_value', 'NONE');
#6771 = CARTESIAN_POINT ( 'NONE',  ( 26.56768843574306516, 9.242953882361234719, -10.00000000000000000 ) ) ;
#6772 = DIRECTION ( 'NONE',  ( 0.000000000000000000, -0.000000000000000000, -1.000000000000000000 ) ) ;
#6773 = EDGE_CURVE ( 'NONE', #969, #7593, #10849, .T. ) ;
#6774 = EDGE_CURVE ( 'NONE', #3644, #10994, #5145, .T. ) ;
#6775 = LINE ( 'NONE', #10669, #11708 ) ;
#6776 = FACE_OUTER_BOUND ( 'NONE', #2076, .T. ) ;
#6777 = UNCERTAINTY_MEASURE_WITH_UNIT (LENGTH_MEASURE( 1.000000000000000082E-05 ), #11863, 'distance_accuracy_value', 'NONE');
#6778 = CARTESIAN_POINT ( 'NONE',  ( 20.56768843574306516, 7.363962665405081154, 0.000000000000000000 ) ) ;
#6779 =( LENGTH_UNIT ( ) NAMED_UNIT ( * ) SI_UNIT ( .MILLI., .METRE. ) );
#6780 = LINE ( 'NONE', #9714, #1102 ) ;
#6781 = DIRECTION ( 'NONE',  ( 1.000000000000000000, 2.026546116795335870E-16, -0.000000000000000000 ) ) ;
#6782 = ORIENTED_EDGE ( 'NONE', *, *, #10749, .F. ) ;
#6783 = LINE ( 'NONE', #10680, #9184 ) ;
#6784 = EDGE_CURVE ( 'NONE', #6448, #8562, #4001, .T. ) ;
#6785 = EDGE_CURVE ( 'NONE', #10404, #7211, #4171, .T. ) ;
#6786 = EDGE_CURVE ( 'NONE', #6548, #11919, #3788, .T. ) ;
#6787 = DIRECTION ( 'NONE',  ( 0.000000000000000000, 0.000000000000000000, -1.000000000000000000 ) ) ;
#6788 = PLANE ( 'NONE',  #2923 ) ;
#6789 = SURFACE_STYLE_FILL_AREA ( #12434 ) ;
#6790 = DIRECTION ( 'NONE',  ( 1.013273058397668058E-16, -1.000000000000000000, -5.746557074399123046E-16 ) ) ;
#6791 = ORIENTED_EDGE ( 'NONE', *, *, #12295, .T. ) ;
#6792 = ORIENTED_EDGE ( 'NONE', *, *, #7338, .F. ) ;
#6793 =( GEOMETRIC_REPRESENTATION_CONTEXT ( 3 ) GLOBAL_UNCERTAINTY_ASSIGNED_CONTEXT ( ( #1584 ) ) GLOBAL_UNIT_ASSIGNED_CONTEXT ( ( #11197, #9981, #10230 ) ) REPRESENTATION_CONTEXT ( 'NONE', 'WORKASPACE' ) );
#6794 = CYLINDRICAL_SURFACE ( 'NONE', #3733, 1.000000000000000000 ) ;
#6795 = LINE ( 'NONE', #12442, #11398 ) ;
#6796 = DIRECTION ( 'NONE',  ( 0.000000000000000000, -1.000000000000000000, 0.000000000000000000 ) ) ;
#6797 = DIRECTION ( 'NONE',  ( -1.000000000000000000, 0.000000000000000000, 0.000000000000000000 ) ) ;
#6798 = CARTESIAN_POINT ( 'NONE',  ( 13.03909090176839314, 0.7437402936630143069, 0.5000000000000000000 ) ) ;
#6799 = EDGE_CURVE ( 'NONE', #4479, #10277, #5845, .T. ) ;
#6800 = DIRECTION ( 'NONE',  ( 1.000000000000000000, 0.000000000000000000, 0.000000000000000000 ) ) ;
#6801 = CARTESIAN_POINT ( 'NONE',  ( 13.94855866409554856, 5.698981658683065277, 0.000000000000000000 ) ) ;
#6802 = DIRECTION ( 'NONE',  ( -0.000000000000000000, -0.000000000000000000, 1.000000000000000000 ) ) ;
#6803 = DIRECTION ( 'NONE',  ( -1.000000000000000000, -2.026546116795335870E-16, 0.000000000000000000 ) ) ;
#6804 = VERTEX_POINT ( 'NONE', #4947 ) ;
#6805 = CARTESIAN_POINT ( 'NONE',  ( 5.000000000000000000, 10.99999999999997158, -1.000000000000000000 ) ) ;
#6806 = MECHANICAL_DESIGN_GEOMETRIC_PRESENTATION_REPRESENTATION (  '', ( #607 ), #9090 ) ;
#6807 =( LENGTH_UNIT ( ) NAMED_UNIT ( * ) SI_UNIT ( .MILLI., .METRE. ) );
#6808 = CYLINDRICAL_SURFACE ( 'NONE', #3569, 0.2000000000000005107 ) ;
#6809 = CIRCLE ( 'NONE', #1229, 1.000000000000000888 ) ;
#6810 = PLANE ( 'NONE',  #4959 ) ;
#6811 = CYLINDRICAL_SURFACE ( 'NONE', #12203, 0.1999999999999996503 ) ;
#6812 = ORIENTED_EDGE ( 'NONE', *, *, #6333, .F. ) ;
#6813 = DIRECTION ( 'NONE',  ( 0.000000000000000000, -1.000000000000000000, 0.000000000000000000 ) ) ;
#6814 = ORIENTED_EDGE ( 'NONE', *, *, #12099, .F. ) ;
#6815 = SURFACE_STYLE_FILL_AREA ( #2880 ) ;
#6816 = FACE_OUTER_BOUND ( 'NONE', #6817, .T. ) ;
#6817 = EDGE_LOOP ( 'NONE', ( #12410, #9899, #12151, #3157 ) ) ;
#6818 = PLANE ( 'NONE',  #12019 ) ;
#6819 = AXIS2_PLACEMENT_3D ( 'NONE', #5300, #1199, #6249 ) ;
#6820 = FACE_BOUND ( 'NONE', #314, .T. ) ;
#6821 = SURFACE_SIDE_STYLE ('',( #12581 ) ) ;
#6822 =( GEOMETRIC_REPRESENTATION_CONTEXT ( 3 ) GLOBAL_UNCERTAINTY_ASSIGNED_CONTEXT ( ( #7064 ) ) GLOBAL_UNIT_ASSIGNED_CONTEXT ( ( #6767, #4707, #10605 ) ) REPRESENTATION_CONTEXT ( 'NONE', 'WORKASPACE' ) );
#6823 = CYLINDRICAL_SURFACE ( 'NONE', #11962, 1.000000000000000000 ) ;
#6824 =( GEOMETRIC_REPRESENTATION_CONTEXT ( 3 ) GLOBAL_UNCERTAINTY_ASSIGNED_CONTEXT ( ( #1209 ) ) GLOBAL_UNIT_ASSIGNED_CONTEXT ( ( #3524, #4537, #6477 ) ) REPRESENTATION_CONTEXT ( 'NONE', 'WORKASPACE' ) );
#6825 = LINE ( 'NONE', #8822, #12222 ) ;
#6826 = DIRECTION ( 'NONE',  ( 1.013273058397667935E-16, -1.000000000000000000, 0.000000000000000000 ) ) ;
#6827 = VERTEX_POINT ( 'NONE', #5086 ) ;
#6828 = VECTOR ( 'NONE', #6155, 1000.000000000000000 ) ;
#6829 = ORIENTED_EDGE ( 'NONE', *, *, #9907, .T. ) ;
#6830 = CARTESIAN_POINT ( 'NONE',  ( 14.06833203617090788, 0.000000000000000000, -10.00000000000000000 ) ) ;
#6831 = CIRCLE ( 'NONE', #3745, 1.000000000000000888 ) ;
#6832 = ADVANCED_FACE ( 'NONE', ( #5965 ), #3, .F. ) ;
#6833 = VERTEX_POINT ( 'NONE', #3078 ) ;
#6834 = CARTESIAN_POINT ( 'NONE',  ( 9.830000000000000071, 15.00000000000000000, -0.6805538183541270936 ) ) ;
#6835 = EDGE_CURVE ( 'NONE', #12244, #10479, #9542, .T. ) ;
#6836 = DIRECTION ( 'NONE',  ( -0.000000000000000000, 1.000000000000000000, -0.000000000000000000 ) ) ;
#6837 = LINE ( 'NONE', #1795, #11584 ) ;
#6838 = DIRECTION ( 'NONE',  ( 1.000000000000000000, 2.026546116795335870E-16, 0.000000000000000000 ) ) ;
#6839 = EDGE_LOOP ( 'NONE', ( #5357, #3578, #10152, #4949 ) ) ;
#6840 = COLOUR_RGB ( '',0.8313725490196077761, 0.8392156862745098200, 0.8313725490196077761 ) ;
#6841 = CARTESIAN_POINT ( 'NONE',  ( 29.83000000000000185, 15.00000000000000000, -0.6805538183541270936 ) ) ;
#6842 = EDGE_CURVE ( 'NONE', #3233, #1976, #10307, .T. ) ;
#6843 = CARTESIAN_POINT ( 'NONE',  ( 17.94999999999999929, 0.000000000000000000, -7.029999999999999361 ) ) ;
#6844 =( NAMED_UNIT ( * ) SI_UNIT ( $, .STERADIAN. ) SOLID_ANGLE_UNIT ( ) );
#6845 = CARTESIAN_POINT ( 'NONE',  ( 6.029999999999999361, 13.99999999999998934, -12.00000000000000000 ) ) ;
#6846 = ORIENTED_EDGE ( 'NONE', *, *, #4660, .F. ) ;
#6847 = DIRECTION ( 'NONE',  ( 0.000000000000000000, -1.000000000000000000, 0.000000000000000000 ) ) ;
#6848 = LINE ( 'NONE', #5886, #12400 ) ;
#6849 = DIRECTION ( 'NONE',  ( -0.000000000000000000, 0.000000000000000000, 1.000000000000000000 ) ) ;
#6850 = CARTESIAN_POINT ( 'NONE',  ( 24.83000000000000185, 13.64455457845218511, -0.6805538183541350872 ) ) ;
#6851 = CARTESIAN_POINT ( 'NONE',  ( 21.67576706438588019, 5.698981658683065277, 0.000000000000000000 ) ) ;
#6852 = ORIENTED_EDGE ( 'NONE', *, *, #6897, .T. ) ;
#6853 = ORIENTED_EDGE ( 'NONE', *, *, #1812, .F. ) ;
#6854 = ADVANCED_FACE ( 'NONE', ( #5618 ), #5504, .T. ) ;
#6855 = ADVANCED_FACE ( 'NONE', ( #2671 ), #8460, .T. ) ;
#6856 = CARTESIAN_POINT ( 'NONE',  ( 29.94855866409555034, 2.730887774041963034, -10.00000000000000000 ) ) ;
#6857 = CARTESIAN_POINT ( 'NONE',  ( 10.56768843574306516, 7.363962665405081154, -10.00000000000000000 ) ) ;
#6858 = CARTESIAN_POINT ( 'NONE',  ( 27.95000000000000284, -5.000000000000000000, -7.429999999999998828 ) ) ;
#6859 = CARTESIAN_POINT ( 'NONE',  ( 16.19204127013634675, 14.56261116223706154, -0.04450167309611528788 ) ) ;
#6860 = DIRECTION ( 'NONE',  ( -2.026546116795335870E-16, 1.000000000000000000, -0.000000000000000000 ) ) ;
#6861 = LINE ( 'NONE', #1026, #11207 ) ;
#6862 = DIRECTION ( 'NONE',  ( -1.000000000000000000, 0.000000000000000000, -0.000000000000000000 ) ) ;
#6863 = VECTOR ( 'NONE', #5253, 1000.000000000000000 ) ;
#6864 = FILL_AREA_STYLE_COLOUR ( '', #6612 ) ;
#6865 = DIRECTION ( 'NONE',  ( 1.000000000000000000, 1.070256409758549784E-16, -0.000000000000000000 ) ) ;
#6866 = MECHANICAL_DESIGN_GEOMETRIC_PRESENTATION_REPRESENTATION (  '', ( #8722 ), #3181 ) ;
#6867 = CARTESIAN_POINT ( 'NONE',  ( 5.030000000000003801, 1.019352696748054822E-15, -12.00000000000000000 ) ) ;
#6868 = DIRECTION ( 'NONE',  ( 0.000000000000000000, 0.000000000000000000, 1.000000000000000000 ) ) ;
#6869 = CARTESIAN_POINT ( 'NONE',  ( 9.542180073764544801, 9.999999999999998224, -0.2000000000000024536 ) ) ;
#6870 = EDGE_CURVE ( 'NONE', #967, #988, #10485, .T. ) ;
#6871 = CARTESIAN_POINT ( 'NONE',  ( 1.963058348288221497E-21, 0.7437402936630139738, -21.62877342318509477 ) ) ;
#6872 = FACE_BOUND ( 'NONE', #8657, .T. ) ;
#6873 = ORIENTED_EDGE ( 'NONE', *, *, #6020, .F. ) ;
#6874 = STYLED_ITEM ( 'NONE', ( #741 ), #654 ) ;
#6875 = DIRECTION ( 'NONE',  ( 0.000000000000000000, -1.000000000000000000, 0.000000000000000000 ) ) ;
#6876 = CIRCLE ( 'NONE', #2969, 0.9999999999999991118 ) ;
#6877 = ORIENTED_EDGE ( 'NONE', *, *, #6774, .F. ) ;
#6878 = LINE ( 'NONE', #10788, #6705 ) ;
#6879 =( NAMED_UNIT ( * ) SI_UNIT ( $, .STERADIAN. ) SOLID_ANGLE_UNIT ( ) );
#6880 = VECTOR ( 'NONE', #7617, 1000.000000000000000 ) ;
#6881 = VECTOR ( 'NONE', #2890, 1000.000000000000000 ) ;
#6882 =( GEOMETRIC_REPRESENTATION_CONTEXT ( 3 ) GLOBAL_UNCERTAINTY_ASSIGNED_CONTEXT ( ( #8730 ) ) GLOBAL_UNIT_ASSIGNED_CONTEXT ( ( #10290, #1595, #2403 ) ) REPRESENTATION_CONTEXT ( 'NONE', 'WORKASPACE' ) );
#6883 = DIRECTION ( 'NONE',  ( 0.000000000000000000, 0.8219933076153586038, 0.5694971485754449780 ) ) ;
#6884 = ORIENTED_EDGE ( 'NONE', *, *, #6842, .F. ) ;
#6885 = CARTESIAN_POINT ( 'NONE',  ( 32.00000000000000000, 1.000000000000007105, -18.00000000000000355 ) ) ;
#6886 = ORIENTED_EDGE ( 'NONE', *, *, #3869, .T. ) ;
#6887 = COLOUR_RGB ( '',1.000000000000000000, 0.5019607843137254832, 0.5019607843137254832 ) ;
#6888 = CARTESIAN_POINT ( 'NONE',  ( 26.23561760880625471, 14.84182210956595327, -0.01224815792354574072 ) ) ;
#6889 = DIRECTION ( 'NONE',  ( -1.000000000000000000, -1.013273058397667935E-16, 0.000000000000000000 ) ) ;
#6890 = EDGE_LOOP ( 'NONE', ( #10730, #5501, #4903, #8516 ) ) ;
#6891 =( NAMED_UNIT ( * ) SI_UNIT ( $, .STERADIAN. ) SOLID_ANGLE_UNIT ( ) );
#6892 =( NAMED_UNIT ( * ) SI_UNIT ( $, .STERADIAN. ) SOLID_ANGLE_UNIT ( ) );
#6893 = VECTOR ( 'NONE', #12260, 1000.000000000000000 ) ;
#6894 = DIRECTION ( 'NONE',  ( -1.000000000000000000, -1.013273058397667935E-16, 0.000000000000000000 ) ) ;
#6895 = AXIS2_PLACEMENT_3D ( 'NONE', #2718, #6574, #12526 ) ;
#6896 = DIRECTION ( 'NONE',  ( 1.000000000000000000, 0.000000000000000000, 0.000000000000000000 ) ) ;
#6897 = EDGE_CURVE ( 'NONE', #10518, #9232, #510, .T. ) ;
#6898 = CARTESIAN_POINT ( 'NONE',  ( 3.948558664095548121, 5.698981658683065277, 0.000000000000000000 ) ) ;
#6899 = EDGE_CURVE ( 'NONE', #3616, #5186, #9138, .T. ) ;
#6900 = AXIS2_PLACEMENT_3D ( 'NONE', #7370, #3461, #11274 ) ;
#6901 = PRESENTATION_LAYER_ASSIGNMENT (  '', '', ( #291 ) ) ;
#6902 = CARTESIAN_POINT ( 'NONE',  ( 22.95000000000000284, -5.000000000000000000, -15.44268377266459424 ) ) ;
#6903 = CARTESIAN_POINT ( 'NONE',  ( 17.94999999999999929, -5.000000000000000000, -7.429999999999998828 ) ) ;
#6904 = MECHANICAL_DESIGN_GEOMETRIC_PRESENTATION_REPRESENTATION (  '', ( #9567 ), #11003 ) ;
#6905 = VECTOR ( 'NONE', #11715, 1000.000000000000000 ) ;
#6906 = AXIS2_PLACEMENT_3D ( 'NONE', #208, #2954, #6883 ) ;
#6907 = FACE_OUTER_BOUND ( 'NONE', #7842, .T. ) ;
#6908 = LINE ( 'NONE', #2002, #4440 ) ;
#6909 = ORIENTED_EDGE ( 'NONE', *, *, #5221, .F. ) ;
#6910 =( NAMED_UNIT ( * ) PLANE_ANGLE_UNIT ( ) SI_UNIT ( $, .RADIAN. ) );
#6911 = CARTESIAN_POINT ( 'NONE',  ( -1.595391950804084580, 14.56261116223713792, -0.04450167309616086947 ) ) ;
#6912 = UNCERTAINTY_MEASURE_WITH_UNIT (LENGTH_MEASURE( 1.000000000000000082E-05 ), #1362, 'distance_accuracy_value', 'NONE');
#6913 = VERTEX_POINT ( 'NONE', #9361 ) ;
#6914 = CARTESIAN_POINT ( 'NONE',  ( 2.950000000000000178, -4.599999999999999645, -15.62999999999999723 ) ) ;
#6915 = LINE ( 'NONE', #7816, #8913 ) ;
#6916 = EDGE_CURVE ( 'NONE', #4118, #6058, #5554, .T. ) ;
#6917 = FACE_OUTER_BOUND ( 'NONE', #7690, .T. ) ;
#6918 = SURFACE_STYLE_FILL_AREA ( #11984 ) ;
#6919 = EDGE_CURVE ( 'NONE', #1140, #6105, #3646, .T. ) ;
#6920 = CARTESIAN_POINT ( 'NONE',  ( 21.31781992623545818, 14.75000000000000000, 2.168404344971008621E-16 ) ) ;
#6921 = VERTEX_POINT ( 'NONE', #3522 ) ;
#6922 = ORIENTED_EDGE ( 'NONE', *, *, #3815, .T. ) ;
#6923 = VECTOR ( 'NONE', #8041, 1000.000000000000000 ) ;
#6924 = CARTESIAN_POINT ( 'NONE',  ( 19.73914162436698305, 14.38829763613029478, -0.1652703644666174421 ) ) ;
#6925 = FILL_AREA_STYLE ('',( #9860 ) ) ;
#6926 = LINE ( 'NONE', #5954, #4207 ) ;
#6927 = LINE ( 'NONE', #6022, #5455 ) ;
#6928 = CARTESIAN_POINT ( 'NONE',  ( 19.94855866409554679, 5.698981658683065277, -10.00000000000000000 ) ) ;
#6929 = DIRECTION ( 'NONE',  ( 1.000000000000000000, 0.000000000000000000, 0.000000000000000000 ) ) ;
#6930 = UNCERTAINTY_MEASURE_WITH_UNIT (LENGTH_MEASURE( 1.000000000000000082E-05 ), #6725, 'distance_accuracy_value', 'NONE');
#6931 = VECTOR ( 'NONE', #6723, 1000.000000000000000 ) ;
#6932 = EDGE_CURVE ( 'NONE', #7177, #7479, #8520, .T. ) ;
#6933 = CARTESIAN_POINT ( 'NONE',  ( 23.03909090176839314, 0.000000000000000000, 0.5000000000000000000 ) ) ;
#6934 = EDGE_CURVE ( 'NONE', #4730, #4372, #10752, .T. ) ;
#6935 = CARTESIAN_POINT ( 'NONE',  ( 11.31781992623545818, 14.75000000000000000, 2.168404344971008621E-16 ) ) ;
#6936 = CARTESIAN_POINT ( 'NONE',  ( -11.59539195080408547, 14.99999999999999645, -10.99999999999999289 ) ) ;
#6937 = DIRECTION ( 'NONE',  ( 0.000000000000000000, 0.000000000000000000, 1.000000000000000000 ) ) ;
#6938 = EDGE_LOOP ( 'NONE', ( #1902, #4630 ) ) ;
#6939 = DIRECTION ( 'NONE',  ( 1.000000000000000000, 0.000000000000000000, -0.000000000000000000 ) ) ;
#6940 = EDGE_CURVE ( 'NONE', #11756, #2746, #11345, .T. ) ;
#6941 = CARTESIAN_POINT ( 'NONE',  ( 2.950000000000000178, -5.000000000000000000, -15.81731622733540199 ) ) ;
#6942 = EDGE_LOOP ( 'NONE', ( #8111, #11758, #1081, #176 ) ) ;
#6943 = LINE ( 'NONE', #5963, #7499 ) ;
#6944 = ORIENTED_EDGE ( 'NONE', *, *, #11471, .T. ) ;
#6945 = CIRCLE ( 'NONE', #4554, 0.4000000000000010214 ) ;
#6946 = DIRECTION ( 'NONE',  ( 1.000000000000000000, 2.026546116795335870E-16, -0.000000000000000000 ) ) ;
#6947 = ORIENTED_EDGE ( 'NONE', *, *, #9070, .F. ) ;
#6948 = CARTESIAN_POINT ( 'NONE',  ( 16.19204127013634675, 14.56261116223706154, -0.04450167309611528788 ) ) ;
#6949 = ORIENTED_EDGE ( 'NONE', *, *, #3472, .F. ) ;
#6950 = CARTESIAN_POINT ( 'NONE',  ( 29.54218007376454480, 14.75000000000000000, -2.385244779468109755E-15 ) ) ;
#6951 = EDGE_CURVE ( 'NONE', #8185, #10798, #470, .T. ) ;
#6952 = LINE ( 'NONE', #2042, #6647 ) ;
#6953 = DIRECTION ( 'NONE',  ( 0.000000000000000000, 1.000000000000000000, 0.000000000000000000 ) ) ;
#6954 = CYLINDRICAL_SURFACE ( 'NONE', #136, 0.4000000000000010214 ) ;
#6955 = ORIENTED_EDGE ( 'NONE', *, *, #8840, .T. ) ;
#6956 = CARTESIAN_POINT ( 'NONE',  ( 4.068332036170907884, 7.356120034073296843, -10.00000000000000000 ) ) ;
#6957 = ORIENTED_EDGE ( 'NONE', *, *, #1389, .F. ) ;
#6958 = FILL_AREA_STYLE ('',( #9769 ) ) ;
#6959 = ORIENTED_EDGE ( 'NONE', *, *, #4779, .F. ) ;
#6960 = DIRECTION ( 'NONE',  ( -1.000000000000000000, -1.070256409758549784E-16, 0.000000000000000000 ) ) ;
#6961 = VECTOR ( 'NONE', #8343, 1000.000000000000000 ) ;
#6962 =( LENGTH_UNIT ( ) NAMED_UNIT ( * ) SI_UNIT ( .MILLI., .METRE. ) );
#6963 = CARTESIAN_POINT ( 'NONE',  ( 11.23561760880624938, 14.84182210956595327, -0.01224815792354590378 ) ) ;
#6964 = DIRECTION ( 'NONE',  ( -1.000000000000000000, -1.204038460978368338E-16, 0.000000000000000000 ) ) ;
#6965 = VECTOR ( 'NONE', #10836, 1000.000000000000000 ) ;
#6966 = CIRCLE ( 'NONE', #9622, 1.000000000000000888 ) ;
#6967 = ORIENTED_EDGE ( 'NONE', *, *, #12285, .F. ) ;
#6968 = FACE_OUTER_BOUND ( 'NONE', #5696, .T. ) ;
#6969 = CARTESIAN_POINT ( 'NONE',  ( 25.00000000000000000, 0.000000000000000000, -12.00000000000000000 ) ) ;
#6970 = FACE_OUTER_BOUND ( 'NONE', #8694, .T. ) ;
#6971 = CARTESIAN_POINT ( 'NONE',  ( -6.595391950804084580, 14.70498544938100061, 4.285806796896921512E-17 ) ) ;
#6972 = ORIENTED_EDGE ( 'NONE', *, *, #10771, .T. ) ;
#6973 = DIRECTION ( 'NONE',  ( 0.000000000000000000, 0.8829475928589225475, 0.4694715627858989104 ) ) ;
#6974 = ORIENTED_EDGE ( 'NONE', *, *, #218, .F. ) ;
#6975 = DIRECTION ( 'NONE',  ( 0.000000000000000000, 1.000000000000000000, 0.000000000000000000 ) ) ;
#6976 = CARTESIAN_POINT ( 'NONE',  ( 0.000000000000000000, 13.00000000000000711, -17.50000000000000000 ) ) ;
#6977 = PLANE ( 'NONE',  #3762 ) ;
#6978 = ORIENTED_EDGE ( 'NONE', *, *, #2688, .F. ) ;
#6979 = DIRECTION ( 'NONE',  ( 1.000000000000000000, 0.000000000000000000, 0.000000000000000000 ) ) ;
#6980 = CARTESIAN_POINT ( 'NONE',  ( 2.067688435743064268, 9.242953882361238271, -10.00000000000000000 ) ) ;
#6981 = ORIENTED_EDGE ( 'NONE', *, *, #2146, .T. ) ;
#6982 = ORIENTED_EDGE ( 'NONE', *, *, #12466, .F. ) ;
#6983 = CARTESIAN_POINT ( 'NONE',  ( 19.70589384587290027, 14.51832180537508776, -0.07518642710997522349 ) ) ;
#6984 = PLANE ( 'NONE',  #12773 ) ;
#6985 = VECTOR ( 'NONE', #4485, 1000.000000000000000 ) ;
#6986 = DIRECTION ( 'NONE',  ( 0.000000000000000000, 0.000000000000000000, 1.000000000000000000 ) ) ;
#6987 = ORIENTED_EDGE ( 'NONE', *, *, #7683, .F. ) ;
#6988 = EDGE_CURVE ( 'NONE', #386, #11205, #3581, .T. ) ;
#6989 = DIRECTION ( 'NONE',  ( -0.000000000000000000, 0.000000000000000000, 1.000000000000000000 ) ) ;
#6990 = EDGE_CURVE ( 'NONE', #3161, #9691, #807, .T. ) ;
#6991 = SURFACE_SIDE_STYLE ('',( #3066 ) ) ;
#6992 = LINE ( 'NONE', #3963, #917 ) ;
#6993 = DIRECTION ( 'NONE',  ( -0.000000000000000000, 0.000000000000000000, 1.000000000000000000 ) ) ;
#6994 = ORIENTED_EDGE ( 'NONE', *, *, #6472, .F. ) ;
#6995 = CIRCLE ( 'NONE', #1617, 0.5000000000000000000 ) ;
#6996 = DIRECTION ( 'NONE',  ( 1.000000000000000000, 1.734723475976805517E-15, 0.000000000000000000 ) ) ;
#6997 = PLANE ( 'NONE',  #3825 ) ;
#6998 = CARTESIAN_POINT ( 'NONE',  ( -6.595391950804084580, 12.77659106982886605, -2.498455167896214579 ) ) ;
#6999 = ORIENTED_EDGE ( 'NONE', *, *, #4170, .T. ) ;
#7000 = CARTESIAN_POINT ( 'NONE',  ( 11.56768843574306516, 7.363962665405081154, 0.000000000000000000 ) ) ;
#7001 = PLANE ( 'NONE',  #9176 ) ;
#7002 = EDGE_LOOP ( 'NONE', ( #7904, #4086, #8470, #7920, #9449, #6376, #1630, #744, #6782, #841, #862, #5862, #3544, #12660 ) ) ;
#7003 = EDGE_LOOP ( 'NONE', ( #6791, #10144, #2523, #10660 ) ) ;
#7004 = CARTESIAN_POINT ( 'NONE',  ( 22.95000000000000284, -5.000000000000000000, -7.242683772664591402 ) ) ;
#7005 = ORIENTED_EDGE ( 'NONE', *, *, #2224, .F. ) ;
#7006 = EDGE_CURVE ( 'NONE', #3910, #11056, #2983, .T. ) ;
#7007 = CARTESIAN_POINT ( 'NONE',  ( 29.83000000000000185, 13.64455457845218511, -0.6805538183541350872 ) ) ;
#7008 = AXIS2_PLACEMENT_3D ( 'NONE', #3991, #5861, #6765 ) ;
#7009 = ORIENTED_EDGE ( 'NONE', *, *, #9201, .T. ) ;
#7010 =( NAMED_UNIT ( * ) PLANE_ANGLE_UNIT ( ) SI_UNIT ( $, .RADIAN. ) );
#7011 = ORIENTED_EDGE ( 'NONE', *, *, #1045, .T. ) ;
#7012 = CARTESIAN_POINT ( 'NONE',  ( 22.95000000000000284, -5.000000000000000000, -7.429999999999998828 ) ) ;
#7013 = DIRECTION ( 'NONE',  ( 0.000000000000000000, 0.000000000000000000, 1.000000000000000000 ) ) ;
#7014 = UNCERTAINTY_MEASURE_WITH_UNIT (LENGTH_MEASURE( 1.000000000000000082E-05 ), #1094, 'distance_accuracy_value', 'NONE');
#7015 = CIRCLE ( 'NONE', #8044, 0.5000000000000004441 ) ;
#7016 = FACE_OUTER_BOUND ( 'NONE', #7535, .T. ) ;
#7017 = VERTEX_POINT ( 'NONE', #9783 ) ;
#7018 = VECTOR ( 'NONE', #12454, 1000.000000000000000 ) ;
#7019 = CARTESIAN_POINT ( 'NONE',  ( 3.039090901768393138, 0.000000000000000000, -21.62877342318509477 ) ) ;
#7020 = ORIENTED_EDGE ( 'NONE', *, *, #12506, .T. ) ;
#7021 = CARTESIAN_POINT ( 'NONE',  ( 2.067688435743064268, 9.242953882361238271, -10.00000000000000000 ) ) ;
#7022 = CARTESIAN_POINT ( 'NONE',  ( 27.95000000000000284, -5.000000000000000000, -15.62999999999999723 ) ) ;
#7023 = EDGE_LOOP ( 'NONE', ( #1218, #6437, #4413, #6198 ) ) ;
#7024 =( NAMED_UNIT ( * ) PLANE_ANGLE_UNIT ( ) SI_UNIT ( $, .RADIAN. ) );
#7025 = ADVANCED_FACE ( 'NONE', ( #4917 ), #11518, .T. ) ;
#7026 = ORIENTED_EDGE ( 'NONE', *, *, #4906, .F. ) ;
#7027 = FILL_AREA_STYLE_COLOUR ( '', #806 ) ;
#7028 = EDGE_CURVE ( 'NONE', #2280, #12437, #5940, .T. ) ;
#7029 =( GEOMETRIC_REPRESENTATION_CONTEXT ( 3 ) GLOBAL_UNCERTAINTY_ASSIGNED_CONTEXT ( ( #4204 ) ) GLOBAL_UNIT_ASSIGNED_CONTEXT ( ( #1764, #10636, #10511 ) ) REPRESENTATION_CONTEXT ( 'NONE', 'WORKASPACE' ) );
#7030 = AXIS2_PLACEMENT_3D ( 'NONE', #12495, #4865, #10755 ) ;
#7031 = CARTESIAN_POINT ( 'NONE',  ( 10.00000000000000000, 0.7437402936630139738, -21.62877342318509477 ) ) ;
#7032 =( NAMED_UNIT ( * ) PLANE_ANGLE_UNIT ( ) SI_UNIT ( $, .RADIAN. ) );
#7033 = CIRCLE ( 'NONE', #197, 0.9999999999999995559 ) ;
#7034 = CARTESIAN_POINT ( 'NONE',  ( 1.675767064385880190, 5.698981658683065277, 0.000000000000000000 ) ) ;
#7035 = STYLED_ITEM ( 'NONE', ( #7757 ), #2351 ) ;
#7036 = SURFACE_SIDE_STYLE ('',( #12043 ) ) ;
#7037 =( GEOMETRIC_REPRESENTATION_CONTEXT ( 3 ) GLOBAL_UNCERTAINTY_ASSIGNED_CONTEXT ( ( #3309 ) ) GLOBAL_UNIT_ASSIGNED_CONTEXT ( ( #11478, #1566, #12560 ) ) REPRESENTATION_CONTEXT ( 'NONE', 'WORKASPACE' ) );
#7038 = CARTESIAN_POINT ( 'NONE',  ( 29.06833203617090788, 9.242953882361234719, 0.000000000000000000 ) ) ;
#7039 = DIRECTION ( 'NONE',  ( 1.000000000000000000, 2.026546116795335870E-16, -0.000000000000000000 ) ) ;
#7040 = PRESENTATION_LAYER_ASSIGNMENT (  '', '', ( #10701 ) ) ;
#7041 = ORIENTED_EDGE ( 'NONE', *, *, #8262, .T. ) ;
#7042 = EDGE_CURVE ( 'NONE', #4689, #3942, #8575, .T. ) ;
#7043 = SURFACE_STYLE_FILL_AREA ( #10047 ) ;
#7044 = DIRECTION ( 'NONE',  ( 0.000000000000000000, -0.000000000000000000, -1.000000000000000000 ) ) ;
#7045 = FILL_AREA_STYLE ('',( #4279 ) ) ;
#7046 = EDGE_LOOP ( 'NONE', ( #7844, #10932, #1258, #2140, #3303 ) ) ;
#7047 = DIRECTION ( 'NONE',  ( 5.749368466564500365E-17, 0.8829475928589255451, -0.4694715627858934148 ) ) ;
#7048 = STYLED_ITEM ( 'NONE', ( #8803 ), #11171 ) ;
#7049 = DIRECTION ( 'NONE',  ( -2.922285384827992868E-16, 1.000000000000000000, 0.000000000000000000 ) ) ;
#7050 = LINE ( 'NONE', #11914, #10514 ) ;
#7051 = AXIS2_PLACEMENT_3D ( 'NONE', #3683, #4580, #11499 ) ;
#7052 = ORIENTED_EDGE ( 'NONE', *, *, #1812, .T. ) ;
#7053 = DIRECTION ( 'NONE',  ( 1.000000000000000000, 0.000000000000000000, 0.000000000000000000 ) ) ;
#7054 = PLANE ( 'NONE',  #11178 ) ;
#7055 = VERTEX_POINT ( 'NONE', #12746 ) ;
#7056 = ORIENTED_EDGE ( 'NONE', *, *, #3166, .F. ) ;
#7057 = DIRECTION ( 'NONE',  ( 0.000000000000000000, 1.000000000000000000, 0.000000000000000000 ) ) ;
#7058 =( NAMED_UNIT ( * ) PLANE_ANGLE_UNIT ( ) SI_UNIT ( $, .RADIAN. ) );
#7059 = ORIENTED_EDGE ( 'NONE', *, *, #3860, .F. ) ;
#7060 = CARTESIAN_POINT ( 'NONE',  ( 21.03000000000000114, 13.99999999999999822, -11.00000000000000178 ) ) ;
#7061 = FACE_OUTER_BOUND ( 'NONE', #4564, .T. ) ;
#7062 = DIRECTION ( 'NONE',  ( -1.000000000000000000, 0.000000000000000000, -0.000000000000000000 ) ) ;
#7063 = PRESENTATION_LAYER_ASSIGNMENT (  '', '', ( #5415 ) ) ;
#7064 = UNCERTAINTY_MEASURE_WITH_UNIT (LENGTH_MEASURE( 1.000000000000000082E-05 ), #6767, 'distance_accuracy_value', 'NONE');
#7065 = DIRECTION ( 'NONE',  ( 1.000000000000000000, -1.734723475976808672E-15, 0.000000000000000000 ) ) ;
#7066 = DIRECTION ( 'NONE',  ( 0.000000000000000000, 0.000000000000000000, 1.000000000000000000 ) ) ;
#7067 = FACE_OUTER_BOUND ( 'NONE', #1033, .T. ) ;
#7068 = CARTESIAN_POINT ( 'NONE',  ( 30.03000000000000114, 10.99999999999997158, 0.000000000000000000 ) ) ;
#7069 = ADVANCED_FACE ( 'NONE', ( #7680 ), #1806, .T. ) ;
#7070 = MECHANICAL_DESIGN_GEOMETRIC_PRESENTATION_REPRESENTATION (  '', ( #8095 ), #4611 ) ;
#7071 = SURFACE_SIDE_STYLE ('',( #3972 ) ) ;
#7072 = EDGE_CURVE ( 'NONE', #12584, #713, #9660, .T. ) ;
#7073 = CARTESIAN_POINT ( 'NONE',  ( 15.00000000000000000, 1.730887774041955929, -10.00000000000000000 ) ) ;
#7074 =( LENGTH_UNIT ( ) NAMED_UNIT ( * ) SI_UNIT ( .MILLI., .METRE. ) );
#7075 = EDGE_LOOP ( 'NONE', ( #7814, #8258, #10084, #3317, #7532, #820, #11779 ) ) ;
#7076 = FACE_OUTER_BOUND ( 'NONE', #7131, .T. ) ;
#7077 = VERTEX_POINT ( 'NONE', #3757 ) ;
#7078 = SURFACE_STYLE_FILL_AREA ( #1118 ) ;
#7079 = ORIENTED_EDGE ( 'NONE', *, *, #4008, .T. ) ;
#7080 = DIRECTION ( 'NONE',  ( -1.000000000000000000, -1.070256409758549784E-16, 0.000000000000000000 ) ) ;
#7081 = MECHANICAL_DESIGN_GEOMETRIC_PRESENTATION_REPRESENTATION (  '', ( #12586 ), #5021 ) ;
#7082 = DIRECTION ( 'NONE',  ( 0.000000000000000000, 0.000000000000000000, -1.000000000000000000 ) ) ;
#7083 = ORIENTED_EDGE ( 'NONE', *, *, #11322, .F. ) ;
#7084 = CARTESIAN_POINT ( 'NONE',  ( 2.950000000000000178, -5.000000000000000000, -7.242683772664591402 ) ) ;
#7085 = VECTOR ( 'NONE', #6181, 1000.000000000000000 ) ;
#7086 = CARTESIAN_POINT ( 'NONE',  ( 24.83000000000000185, 15.00000000000000000, -0.6805538183541270936 ) ) ;
#7087 = EDGE_CURVE ( 'NONE', #4153, #3347, #1469, .T. ) ;
#7088 = COLOUR_RGB ( '',0.8313725490196077761, 0.8392156862745098200, 0.8313725490196077761 ) ;
#7089 = CIRCLE ( 'NONE', #6465, 0.4000000000000010214 ) ;
#7090 = DIRECTION ( 'NONE',  ( 0.000000000000000000, 0.000000000000000000, 1.000000000000000000 ) ) ;
#7091 = VERTEX_POINT ( 'NONE', #4849 ) ;
#7092 = CARTESIAN_POINT ( 'NONE',  ( 23.03909090176839314, 0.000000000000000000, -18.00000000000000355 ) ) ;
#7093 = ORIENTED_EDGE ( 'NONE', *, *, #7262, .T. ) ;
#7094 = VECTOR ( 'NONE', #3937, 1000.000000000000000 ) ;
#7095 = AXIS2_PLACEMENT_3D ( 'NONE', #2877, #2946, #6875 ) ;
#7096 = CARTESIAN_POINT ( 'NONE',  ( 21.67576706438588019, 1.730887774041955929, -10.00000000000000000 ) ) ;
#7097 = DIRECTION ( 'NONE',  ( -0.000000000000000000, 0.000000000000000000, 1.000000000000000000 ) ) ;
#7098 = ORIENTED_EDGE ( 'NONE', *, *, #10111, .T. ) ;
#7099 = ORIENTED_EDGE ( 'NONE', *, *, #12346, .F. ) ;
#7100 = SURFACE_STYLE_USAGE ( .BOTH. , #12036 ) ;
#7101 =( LENGTH_UNIT ( ) NAMED_UNIT ( * ) SI_UNIT ( .MILLI., .METRE. ) );
#7102 = CARTESIAN_POINT ( 'NONE',  ( 10.00000000000000000, 0.000000000000000000, -21.62877342318509477 ) ) ;
#7103 = ORIENTED_EDGE ( 'NONE', *, *, #5572, .T. ) ;
#7104 = LINE ( 'NONE', #10094, #11575 ) ;
#7105 = CIRCLE ( 'NONE', #5647, 0.4000000000000010214 ) ;
#7106 = AXIS2_PLACEMENT_3D ( 'NONE', #8507, #7557, #7298 ) ;
#7107 =( GEOMETRIC_REPRESENTATION_CONTEXT ( 3 ) GLOBAL_UNCERTAINTY_ASSIGNED_CONTEXT ( ( #9096 ) ) GLOBAL_UNIT_ASSIGNED_CONTEXT ( ( #10082, #4310, #12142 ) ) REPRESENTATION_CONTEXT ( 'NONE', 'WORKASPACE' ) );
#7108 = EDGE_LOOP ( 'NONE', ( #2186, #7225, #1416, #2839 ) ) ;
#7109 = VECTOR ( 'NONE', #4773, 1000.000000000000000 ) ;
#7110 = EDGE_CURVE ( 'NONE', #7361, #8164, #6780, .T. ) ;
#7111 = AXIS2_PLACEMENT_3D ( 'NONE', #11532, #4549, #1757 ) ;
#7112 = EDGE_CURVE ( 'NONE', #10218, #5178, #1863, .T. ) ;
#7113 =( NAMED_UNIT ( * ) SI_UNIT ( $, .STERADIAN. ) SOLID_ANGLE_UNIT ( ) );
#7114 = CARTESIAN_POINT ( 'NONE',  ( 2.950000000000000178, -5.000000000000000000, -7.429999999999998828 ) ) ;
#7115 = ORIENTED_EDGE ( 'NONE', *, *, #11633, .F. ) ;
#7116 =( LENGTH_UNIT ( ) NAMED_UNIT ( * ) SI_UNIT ( .MILLI., .METRE. ) );
#7117 = LINE ( 'NONE', #10099, #2472 ) ;
#7118 = VECTOR ( 'NONE', #4292, 1000.000000000000000 ) ;
#7119 = VECTOR ( 'NONE', #8951, 1000.000000000000000 ) ;
#7120 = CARTESIAN_POINT ( 'NONE',  ( 0.000000000000000000, 10.99999999999997158, -1.000000000000000000 ) ) ;
#7121 = CARTESIAN_POINT ( 'NONE',  ( 16.12172775006447267, 6.531472162044073215, 0.000000000000000000 ) ) ;
#7122 = LINE ( 'NONE', #9916, #5443 ) ;
#7123 = PLANE ( 'NONE',  #7559 ) ;
#7124 = ORIENTED_EDGE ( 'NONE', *, *, #7945, .T. ) ;
#7125 = PRESENTATION_LAYER_ASSIGNMENT (  '', '', ( #2587 ) ) ;
#7126 =( NAMED_UNIT ( * ) SI_UNIT ( $, .STERADIAN. ) SOLID_ANGLE_UNIT ( ) );
#7127 = FACE_OUTER_BOUND ( 'NONE', #1419, .T. ) ;
#7128 = CIRCLE ( 'NONE', #9557, 0.9999999999999991118 ) ;
#7129 = VECTOR ( 'NONE', #10981, 1000.000000000000000 ) ;
#7130 = ADVANCED_FACE ( 'NONE', ( #3884 ), #1927, .T. ) ;
#7131 = EDGE_LOOP ( 'NONE', ( #8408, #10165, #11045, #12654, #12568 ) ) ;
#7132 = LINE ( 'NONE', #6328, #3692 ) ;
#7133 = FACE_OUTER_BOUND ( 'NONE', #9149, .T. ) ;
#7134 = AXIS2_PLACEMENT_3D ( 'NONE', #11346, #12545, #8462 ) ;
#7135 = ORIENTED_EDGE ( 'NONE', *, *, #6606, .T. ) ;
#7136 = MECHANICAL_DESIGN_GEOMETRIC_PRESENTATION_REPRESENTATION (  '', ( #7522 ), #5472 ) ;
#7137 = ORIENTED_EDGE ( 'NONE', *, *, #11789, .F. ) ;
#7138 = DIRECTION ( 'NONE',  ( 0.000000000000000000, 1.000000000000000000, -0.000000000000000000 ) ) ;
#7139 = FILL_AREA_STYLE_COLOUR ( '', #3627 ) ;
#7140 = SURFACE_SIDE_STYLE ('',( #1223 ) ) ;
#7141 = PRESENTATION_LAYER_ASSIGNMENT (  '', '', ( #8966 ) ) ;
#7142 = ORIENTED_EDGE ( 'NONE', *, *, #667, .T. ) ;
#7143 = VECTOR ( 'NONE', #6738, 1000.000000000000000 ) ;
#7144 = CARTESIAN_POINT ( 'NONE',  ( 16.10591825482288186, 14.99999999999999822, -0.2500000000000021094 ) ) ;
#7145 = DIRECTION ( 'NONE',  ( 0.000000000000000000, 0.000000000000000000, 1.000000000000000000 ) ) ;
#7146 = DIRECTION ( 'NONE',  ( -2.026546116795335870E-16, 1.000000000000000000, 0.000000000000000000 ) ) ;
#7147 = AXIS2_PLACEMENT_3D ( 'NONE', #7637, #5713, #763 ) ;
#7148 = DIRECTION ( 'NONE',  ( 1.013273058397667935E-16, -1.000000000000000000, 0.000000000000000000 ) ) ;
#7149 = FILL_AREA_STYLE ('',( #11877 ) ) ;
#7150 = VERTEX_POINT ( 'NONE', #5170 ) ;
#7151 = DIRECTION ( 'NONE',  ( -2.026546116795335870E-16, 1.000000000000000000, -0.000000000000000000 ) ) ;
#7152 = DIRECTION ( 'NONE',  ( 0.000000000000000000, -0.000000000000000000, -1.000000000000000000 ) ) ;
#7153 = DIRECTION ( 'NONE',  ( 0.000000000000000000, 0.000000000000000000, -1.000000000000000000 ) ) ;
#7154 = EDGE_CURVE ( 'NONE', #5087, #3459, #7122, .T. ) ;
#7155 =( NAMED_UNIT ( * ) PLANE_ANGLE_UNIT ( ) SI_UNIT ( $, .RADIAN. ) );
#7156 = DIRECTION ( 'NONE',  ( -0.000000000000000000, 1.000000000000000000, -0.000000000000000000 ) ) ;
#7157 = EDGE_CURVE ( 'NONE', #920, #1892, #7179, .T. ) ;
#7158 = ORIENTED_EDGE ( 'NONE', *, *, #2260, .T. ) ;
#7159 = SURFACE_SIDE_STYLE ('',( #5150 ) ) ;
#7160 = LINE ( 'NONE', #10856, #3384 ) ;
#7161 = ORIENTED_EDGE ( 'NONE', *, *, #296, .T. ) ;
#7162 = LINE ( 'NONE', #7092, #10039 ) ;
#7163 = LINE ( 'NONE', #12091, #12602 ) ;
#7164 = DIRECTION ( 'NONE',  ( 0.000000000000000000, -1.000000000000000000, 0.000000000000000000 ) ) ;
#7165 = ORIENTED_EDGE ( 'NONE', *, *, #12345, .T. ) ;
#7166 = PLANE ( 'NONE',  #9533 ) ;
#7167 = DIRECTION ( 'NONE',  ( 5.749368466564568157E-17, 0.8829475928589225475, -0.4694715627858989104 ) ) ;
#7168 = AXIS2_PLACEMENT_3D ( 'NONE', #8998, #9801, #1886 ) ;
#7169 = DIRECTION ( 'NONE',  ( 0.000000000000000000, 1.000000000000000000, 0.000000000000000000 ) ) ;
#7170 = CARTESIAN_POINT ( 'NONE',  ( 3.404608049195914532, 14.70498544938099883, -0.2499999999999999445 ) ) ;
#7171 = EDGE_CURVE ( 'NONE', #12229, #12219, #1925, .T. ) ;
#7172 = AXIS2_PLACEMENT_3D ( 'NONE', #10124, #11093, #321 ) ;
#7173 = FILL_AREA_STYLE ('',( #4843 ) ) ;
#7174 = EDGE_LOOP ( 'NONE', ( #8599, #7589, #6311, #4172 ) ) ;
#7175 = CARTESIAN_POINT ( 'NONE',  ( 16.13105813787144172, 14.96436564214315013, -0.1074246383193839666 ) ) ;
#7176 = ORIENTED_EDGE ( 'NONE', *, *, #880, .T. ) ;
#7177 = VERTEX_POINT ( 'NONE', #9037 ) ;
#7178 = CARTESIAN_POINT ( 'NONE',  ( 1.963058348288221497E-21, 0.7437402936630139738, -21.62877342318509477 ) ) ;
#7179 = LINE ( 'NONE', #4141, #8127 ) ;
#7180 = EDGE_CURVE ( 'NONE', #10260, #1768, #1092, .T. ) ;
#7181 = CARTESIAN_POINT ( 'NONE',  ( 23.94855866409554679, 2.730887774041955929, -10.00000000000000000 ) ) ;
#7182 = UNCERTAINTY_MEASURE_WITH_UNIT (LENGTH_MEASURE( 1.000000000000000082E-05 ), #4539, 'distance_accuracy_value', 'NONE');
#7183 = EDGE_CURVE ( 'NONE', #4637, #660, #4631, .T. ) ;
#7184 = ORIENTED_EDGE ( 'NONE', *, *, #1779, .T. ) ;
#7185 = AXIS2_PLACEMENT_3D ( 'NONE', #275, #7220, #8112 ) ;
#7186 = CARTESIAN_POINT ( 'NONE',  ( -7.959928164885467590E-17, 0.7437402936630139738, -21.62877342318509477 ) ) ;
#7187 = CARTESIAN_POINT ( 'NONE',  ( 9.739141624366986605, 9.999999999999998224, -0.1652703644666174421 ) ) ;
#7188 = DIRECTION ( 'NONE',  ( 1.000000000000000000, 2.026546116795335870E-16, -0.000000000000000000 ) ) ;
#7189 = ORIENTED_EDGE ( 'NONE', *, *, #10202, .F. ) ;
#7190 = ORIENTED_EDGE ( 'NONE', *, *, #3686, .F. ) ;
#7191 = ORIENTED_EDGE ( 'NONE', *, *, #10382, .T. ) ;
#7192 = ORIENTED_EDGE ( 'NONE', *, *, #9671, .T. ) ;
#7193 = AXIS2_PLACEMENT_3D ( 'NONE', #6211, #2161, #8163 ) ;
#7194 =( NAMED_UNIT ( * ) SI_UNIT ( $, .STERADIAN. ) SOLID_ANGLE_UNIT ( ) );
#7195 = CARTESIAN_POINT ( 'NONE',  ( 25.83000000000000185, 11.77659106982886783, -12.00000000000000000 ) ) ;
#7196 = EDGE_CURVE ( 'NONE', #9291, #12331, #8335, .T. ) ;
#7197 = VERTEX_POINT ( 'NONE', #10048 ) ;
#7198 = EDGE_CURVE ( 'NONE', #9948, #1976, #9985, .T. ) ;
#7199 = EDGE_CURVE ( 'NONE', #9764, #7729, #12603, .T. ) ;
#7200 = CARTESIAN_POINT ( 'NONE',  ( 6.230158150894696156, 14.60711272996574195, -0.01366989418290164016 ) ) ;
#7201 = FILL_AREA_STYLE ('',( #7257 ) ) ;
#7202 = CARTESIAN_POINT ( 'NONE',  ( 0.000000000000000000, 0.7437402936630139738, -18.00000000000000355 ) ) ;
#7203 = FACE_OUTER_BOUND ( 'NONE', #8047, .T. ) ;
#7204 = DIRECTION ( 'NONE',  ( -0.000000000000000000, 1.000000000000000000, -0.000000000000000000 ) ) ;
#7205 = LINE ( 'NONE', #1373, #4643 ) ;
#7206 = ORIENTED_EDGE ( 'NONE', *, *, #9537, .F. ) ;
#7207 = CARTESIAN_POINT ( 'NONE',  ( 27.95000000000000284, -4.599999999999999645, -16.02999999999999758 ) ) ;
#7208 = FILL_AREA_STYLE_COLOUR ( '', #11413 ) ;
#7209 = CARTESIAN_POINT ( 'NONE',  ( 27.95000000000000284, -5.000000000000000000, -15.62999999999999723 ) ) ;
#7210 = DIRECTION ( 'NONE',  ( 0.000000000000000000, 1.000000000000000000, 0.000000000000000000 ) ) ;
#7211 = VERTEX_POINT ( 'NONE', #8979 ) ;
#7212 = ADVANCED_FACE ( 'NONE', ( #11847 ), #6261, .F. ) ;
#7213 = CARTESIAN_POINT ( 'NONE',  ( 8.039090901768393138, 0.7437402936630143069, -21.62877342318509477 ) ) ;
#7214 = CARTESIAN_POINT ( 'NONE',  ( 1.105918254822883195, 14.99999999999999822, -0.2500000000000021094 ) ) ;
#7215 = DIRECTION ( 'NONE',  ( -1.000000000000000000, 0.000000000000000000, 0.000000000000000000 ) ) ;
#7216 = CARTESIAN_POINT ( 'NONE',  ( -1.595391950804084580, 11.77659106982886428, -2.498455167896218576 ) ) ;
#7217 = CARTESIAN_POINT ( 'NONE',  ( 10.67576706438588197, 5.698981658683065277, 0.000000000000000000 ) ) ;
#7218 = DIRECTION ( 'NONE',  ( -0.000000000000000000, -0.000000000000000000, 1.000000000000000000 ) ) ;
#7219 = VERTEX_POINT ( 'NONE', #12051 ) ;
#7220 = DIRECTION ( 'NONE',  ( -0.000000000000000000, -0.000000000000000000, 1.000000000000000000 ) ) ;
#7221 = VERTEX_POINT ( 'NONE', #2265 ) ;
#7222 = CARTESIAN_POINT ( 'NONE',  ( 8.039090901768394914, 0.9999999999999997780, -16.50000000000000000 ) ) ;
#7223 = SURFACE_STYLE_USAGE ( .BOTH. , #8119 ) ;
#7224 = STYLED_ITEM ( 'NONE', ( #6330 ), #10027 ) ;
#7225 = ORIENTED_EDGE ( 'NONE', *, *, #5366, .T. ) ;
#7226 = CARTESIAN_POINT ( 'NONE',  ( 13.40460804919591631, 13.99999999999999645, -11.00000000000000178 ) ) ;
#7227 = VERTEX_POINT ( 'NONE', #6191 ) ;
#7228 = MECHANICAL_DESIGN_GEOMETRIC_PRESENTATION_REPRESENTATION (  '', ( #7035 ), #1874 ) ;
#7229 = ORIENTED_EDGE ( 'NONE', *, *, #2456, .T. ) ;
#7230 = CARTESIAN_POINT ( 'NONE',  ( 11.02999999999999936, 14.99999999999999822, -10.99999999999999289 ) ) ;
#7231 = LINE ( 'NONE', #10936, #1941 ) ;
#7232 = DIRECTION ( 'NONE',  ( -0.000000000000000000, -0.000000000000000000, 1.000000000000000000 ) ) ;
#7233 = EDGE_CURVE ( 'NONE', #10280, #8573, #2320, .T. ) ;
#7234 = EDGE_CURVE ( 'NONE', #789, #403, #7952, .T. ) ;
#7235 = ORIENTED_EDGE ( 'NONE', *, *, #4672, .T. ) ;
#7236 = VERTEX_POINT ( 'NONE', #12352 ) ;
#7237 = AXIS2_PLACEMENT_3D ( 'NONE', #6442, #2576, #6508 ) ;
#7238 = LINE ( 'NONE', #6334, #4230 ) ;
#7239 = CARTESIAN_POINT ( 'NONE',  ( 25.00000000000000000, -3.659182332138577465E-16, 0.5000000000000000000 ) ) ;
#7240 = PRESENTATION_STYLE_ASSIGNMENT (( #3307 ) ) ;
#7241 = ORIENTED_EDGE ( 'NONE', *, *, #8215, .T. ) ;
#7242 = DIRECTION ( 'NONE',  ( -0.000000000000000000, 0.7071067811865463515, 0.7071067811865487940 ) ) ;
#7243 = SURFACE_SIDE_STYLE ('',( #8075 ) ) ;
#7244 = EDGE_LOOP ( 'NONE', ( #2800, #4610, #7192, #7886 ) ) ;
#7245 = FILL_AREA_STYLE ('',( #11078 ) ) ;
#7246 = ORIENTED_EDGE ( 'NONE', *, *, #7580, .F. ) ;
#7247 = COLOUR_RGB ( '',1.000000000000000000, 0.5019607843137254832, 0.5019607843137254832 ) ;
#7248 = FACE_OUTER_BOUND ( 'NONE', #9555, .T. ) ;
#7249 = EDGE_CURVE ( 'NONE', #5762, #12177, #5545, .T. ) ;
#7250 = ORIENTED_EDGE ( 'NONE', *, *, #2209, .F. ) ;
#7251 = DIRECTION ( 'NONE',  ( 0.000000000000000000, -1.000000000000000000, 0.000000000000000000 ) ) ;
#7252 = DIRECTION ( 'NONE',  ( -0.000000000000000000, 0.000000000000000000, 1.000000000000000000 ) ) ;
#7253 = LINE ( 'NONE', #11147, #3614 ) ;
#7254 = ORIENTED_EDGE ( 'NONE', *, *, #10266, .F. ) ;
#7255 = PRESENTATION_LAYER_ASSIGNMENT (  '', '', ( #10299 ) ) ;
#7256 = CARTESIAN_POINT ( 'NONE',  ( 3.039090901768393138, 0.000000000000000000, 0.5000000000000000000 ) ) ;
#7257 = FILL_AREA_STYLE_COLOUR ( '', #6141 ) ;
#7258 = ORIENTED_EDGE ( 'NONE', *, *, #10770, .F. ) ;
#7259 = FILL_AREA_STYLE ('',( #10198 ) ) ;
#7260 = DIRECTION ( 'NONE',  ( -0.000000000000000000, -0.000000000000000000, 1.000000000000000000 ) ) ;
#7261 = ADVANCED_FACE ( 'NONE', ( #1536 ), #11330, .T. ) ;
#7262 = EDGE_CURVE ( 'NONE', #4169, #6458, #3455, .T. ) ;
#7263 = EDGE_LOOP ( 'NONE', ( #3035, #939, #8078, #3391 ) ) ;
#7264 = AXIS2_PLACEMENT_3D ( 'NONE', #1628, #7462, #11366 ) ;
#7265 = CARTESIAN_POINT ( 'NONE',  ( 27.95000000000000284, -5.000000000000000000, -15.62999999999999723 ) ) ;
#7266 = PLANE ( 'NONE',  #6065 ) ;
#7267 = ORIENTED_EDGE ( 'NONE', *, *, #268, .F. ) ;
#7268 = CARTESIAN_POINT ( 'NONE',  ( 0.8300000000000015143, 8.410166384700659243E-17, -12.00000000000000000 ) ) ;
#7269 = LINE ( 'NONE', #5280, #12144 ) ;
#7270 = VECTOR ( 'NONE', #9100, 1000.000000000000000 ) ;
#7271 = CARTESIAN_POINT ( 'NONE',  ( 25.06833203617090788, 7.356120034073296843, -10.00000000000000000 ) ) ;
#7272 =( LENGTH_UNIT ( ) NAMED_UNIT ( * ) SI_UNIT ( .MILLI., .METRE. ) );
#7273 = DIRECTION ( 'NONE',  ( -0.000000000000000000, 1.000000000000000000, -0.000000000000000000 ) ) ;
#7274 = ADVANCED_FACE ( 'NONE', ( #3572 ), #8449, .F. ) ;
#7275 = ORIENTED_EDGE ( 'NONE', *, *, #7555, .F. ) ;
#7276 = AXIS2_PLACEMENT_3D ( 'NONE', #4645, #12288, #8570 ) ;
#7277 = FACE_OUTER_BOUND ( 'NONE', #11843, .T. ) ;
#7278 = ORIENTED_EDGE ( 'NONE', *, *, #9370, .F. ) ;
#7279 = DIRECTION ( 'NONE',  ( 0.000000000000000000, 1.000000000000000000, 0.000000000000000000 ) ) ;
#7280 = ADVANCED_FACE ( 'NONE', ( #8320 ), #10170, .F. ) ;
#7281 = CARTESIAN_POINT ( 'NONE',  ( 12.94999999999999929, -5.000000000000000000, -15.62999999999999723 ) ) ;
#7282 = ORIENTED_EDGE ( 'NONE', *, *, #1611, .F. ) ;
#7283 = PLANE ( 'NONE',  #1292 ) ;
#7284 = ORIENTED_EDGE ( 'NONE', *, *, #2290, .F. ) ;
#7285 = CARTESIAN_POINT ( 'NONE',  ( 20.02999999999999758, 15.00000000000000000, -12.00000000000000000 ) ) ;
#7286 = FILL_AREA_STYLE ('',( #11254 ) ) ;
#7287 = PRESENTATION_LAYER_ASSIGNMENT (  '', '', ( #2338 ) ) ;
#7288 = CIRCLE ( 'NONE', #1695, 0.9999999999999991118 ) ;
#7289 = COLOUR_RGB ( '',1.000000000000000000, 0.5019607843137254832, 0.5019607843137254832 ) ;
#7290 = DIRECTION ( 'NONE',  ( 1.000000000000000000, 2.026546116795335870E-16, -0.000000000000000000 ) ) ;
#7291 = DIRECTION ( 'NONE',  ( -0.000000000000000000, -0.000000000000000000, 1.000000000000000000 ) ) ;
#7292 = AXIS2_PLACEMENT_3D ( 'NONE', #8452, #12419, #12354 ) ;
#7293 = ORIENTED_EDGE ( 'NONE', *, *, #11021, .F. ) ;
#7294 = ORIENTED_EDGE ( 'NONE', *, *, #4789, .F. ) ;
#7295 = SURFACE_STYLE_USAGE ( .BOTH. , #1594 ) ;
#7296 = CARTESIAN_POINT ( 'NONE',  ( 9.830000000000001847, 14.56261116223714147, -0.04450167309616086947 ) ) ;
#7297 = AXIS2_PLACEMENT_3D ( 'NONE', #9613, #7689, #4726 ) ;
#7298 = DIRECTION ( 'NONE',  ( 0.000000000000000000, 0.000000000000000000, -1.000000000000000000 ) ) ;
#7299 = CARTESIAN_POINT ( 'NONE',  ( 8.404608049195916308, 13.99999999999998757, -12.00000000000000000 ) ) ;
#7300 = AXIS2_PLACEMENT_3D ( 'NONE', #7413, #4584, #7665 ) ;
#7301 = COLOUR_RGB ( '',1.000000000000000000, 0.5019607843137254832, 0.5019607843137254832 ) ;
#7302 = AXIS2_PLACEMENT_3D ( 'NONE', #10691, #6796, #51 ) ;
#7303 = CYLINDRICAL_SURFACE ( 'NONE', #3182, 0.4000000000000001887 ) ;
#7304 = ADVANCED_FACE ( 'NONE', ( #6335 ), #7417, .F. ) ;
#7305 = ORIENTED_EDGE ( 'NONE', *, *, #1736, .F. ) ;
#7306 = PLANE ( 'NONE',  #5226 ) ;
#7307 = CARTESIAN_POINT ( 'NONE',  ( 32.00000000000000000, 11.00000000000000000, -3.999999999999999112 ) ) ;
#7308 = VECTOR ( 'NONE', #11588, 1000.000000000000000 ) ;
#7309 = VERTEX_POINT ( 'NONE', #5311 ) ;
#7310 =( NAMED_UNIT ( * ) SI_UNIT ( $, .STERADIAN. ) SOLID_ANGLE_UNIT ( ) );
#7311 = AXIS2_PLACEMENT_3D ( 'NONE', #7021, #1786, #2048 ) ;
#7312 = VECTOR ( 'NONE', #1277, 1000.000000000000000 ) ;
#7313 = UNCERTAINTY_MEASURE_WITH_UNIT (LENGTH_MEASURE( 1.000000000000000082E-05 ), #9663, 'distance_accuracy_value', 'NONE');
#7314 = LINE ( 'NONE', #6346, #8509 ) ;
#7315 = AXIS2_PLACEMENT_3D ( 'NONE', #10293, #1468, #5425 ) ;
#7316 =( GEOMETRIC_REPRESENTATION_CONTEXT ( 3 ) GLOBAL_UNCERTAINTY_ASSIGNED_CONTEXT ( ( #10828 ) ) GLOBAL_UNIT_ASSIGNED_CONTEXT ( ( #6737, #10188, #10246 ) ) REPRESENTATION_CONTEXT ( 'NONE', 'WORKASPACE' ) );
#7317 = DIRECTION ( 'NONE',  ( 1.000000000000000000, 0.000000000000000000, 0.000000000000000000 ) ) ;
#7318 = PRESENTATION_LAYER_ASSIGNMENT (  '', '', ( #4431 ) ) ;
#7319 = DIRECTION ( 'NONE',  ( -0.000000000000000000, 0.000000000000000000, 1.000000000000000000 ) ) ;
#7320 = MECHANICAL_DESIGN_GEOMETRIC_PRESENTATION_REPRESENTATION (  '', ( #10169 ), #9972 ) ;
#7321 = DIRECTION ( 'NONE',  ( -0.000000000000000000, 1.000000000000000000, -0.000000000000000000 ) ) ;
#7322 = EDGE_CURVE ( 'NONE', #12469, #6105, #9286, .T. ) ;
#7323 =( NAMED_UNIT ( * ) PLANE_ANGLE_UNIT ( ) SI_UNIT ( $, .RADIAN. ) );
#7324 = VECTOR ( 'NONE', #2910, 1000.000000000000000 ) ;
#7325 = CARTESIAN_POINT ( 'NONE',  ( 29.06833203617090788, 9.242953882361234719, -10.00000000000000000 ) ) ;
#7326 = DIRECTION ( 'NONE',  ( -0.000000000000000000, -0.000000000000000000, 1.000000000000000000 ) ) ;
#7327 = VERTEX_POINT ( 'NONE', #2598 ) ;
#7328 = ORIENTED_EDGE ( 'NONE', *, *, #9521, .T. ) ;
#7329 = SURFACE_STYLE_USAGE ( .BOTH. , #390 ) ;
#7330 = VECTOR ( 'NONE', #8623, 1000.000000000000000 ) ;
#7331 = STYLED_ITEM ( 'NONE', ( #9885 ), #7803 ) ;
#7332 = FACE_OUTER_BOUND ( 'NONE', #5085, .T. ) ;
#7333 = DIRECTION ( 'NONE',  ( -0.000000000000000000, -0.000000000000000000, 1.000000000000000000 ) ) ;
#7334 = VERTEX_POINT ( 'NONE', #1414 ) ;
#7335 = FACE_OUTER_BOUND ( 'NONE', #231, .T. ) ;
#7336 = ADVANCED_FACE ( 'NONE', ( #6529 ), #4463, .F. ) ;
#7337 = CARTESIAN_POINT ( 'NONE',  ( 4.405796263627369690E-32, -3.659182332138577465E-16, 0.5000000000000000000 ) ) ;
#7338 = EDGE_CURVE ( 'NONE', #9187, #3185, #4770, .T. ) ;
#7339 = CARTESIAN_POINT ( 'NONE',  ( 10.06833203617090788, 7.356120034073296843, -10.00000000000000000 ) ) ;
#7340 = DIRECTION ( 'NONE',  ( 1.000000000000000000, 2.026546116795335870E-16, -0.000000000000000000 ) ) ;
#7341 = AXIS2_PLACEMENT_3D ( 'NONE', #11867, #6989, #955 ) ;
#7342 = LINE ( 'NONE', #6556, #11604 ) ;
#7343 = CARTESIAN_POINT ( 'NONE',  ( 21.27700289271979273, 14.79563495755399316, 1.270549420881518494E-18 ) ) ;
#7344 = FILL_AREA_STYLE_COLOUR ( '', #12640 ) ;
#7345 = VERTEX_POINT ( 'NONE', #5678 ) ;
#7346 = PLANE ( 'NONE',  #3682 ) ;
#7347 = ORIENTED_EDGE ( 'NONE', *, *, #313, .T. ) ;
#7348 = EDGE_LOOP ( 'NONE', ( #9266, #4265, #733, #2424, #6886, #1152, #3710 ) ) ;
#7349 = COLOUR_RGB ( '',1.000000000000000000, 0.5019607843137254832, 0.5019607843137254832 ) ;
#7350 = MECHANICAL_DESIGN_GEOMETRIC_PRESENTATION_REPRESENTATION (  '', ( #4490 ), #2004 ) ;
#7351 = ORIENTED_EDGE ( 'NONE', *, *, #7594, .T. ) ;
#7352 = DIRECTION ( 'NONE',  ( -1.000000000000000000, 0.000000000000000000, 0.000000000000000000 ) ) ;
#7353 = ADVANCED_FACE ( 'NONE', ( #7860 ), #10474, .F. ) ;
#7354 =( GEOMETRIC_REPRESENTATION_CONTEXT ( 3 ) GLOBAL_UNCERTAINTY_ASSIGNED_CONTEXT ( ( #345 ) ) GLOBAL_UNIT_ASSIGNED_CONTEXT ( ( #7646, #1969, #5082 ) ) REPRESENTATION_CONTEXT ( 'NONE', 'WORKASPACE' ) );
#7355 = ADVANCED_FACE ( 'NONE', ( #12670 ), #9594, .F. ) ;
#7356 = CARTESIAN_POINT ( 'NONE',  ( 32.00000000000000000, 15.00000000000000000, -4.000000000000028422 ) ) ;
#7357 = DIRECTION ( 'NONE',  ( 0.000000000000000000, -1.000000000000000000, 0.000000000000000000 ) ) ;
#7358 = SURFACE_STYLE_USAGE ( .BOTH. , #2650 ) ;
#7359 = SURFACE_SIDE_STYLE ('',( #11012 ) ) ;
#7360 =( NAMED_UNIT ( * ) PLANE_ANGLE_UNIT ( ) SI_UNIT ( $, .RADIAN. ) );
#7361 = VERTEX_POINT ( 'NONE', #1912 ) ;
#7362 = EDGE_LOOP ( 'NONE', ( #3875, #5565, #3188, #2295 ) ) ;
#7363 = SURFACE_STYLE_USAGE ( .BOTH. , #425 ) ;
#7364 = SURFACE_STYLE_FILL_AREA ( #4386 ) ;
#7365 =( GEOMETRIC_REPRESENTATION_CONTEXT ( 3 ) GLOBAL_UNCERTAINTY_ASSIGNED_CONTEXT ( ( #2166 ) ) GLOBAL_UNIT_ASSIGNED_CONTEXT ( ( #8999, #11996, #5001 ) ) REPRESENTATION_CONTEXT ( 'NONE', 'WORKASPACE' ) );
#7366 = DIRECTION ( 'NONE',  ( 1.000000000000000000, 0.000000000000000000, -0.000000000000000000 ) ) ;
#7367 = FACE_OUTER_BOUND ( 'NONE', #7075, .T. ) ;
#7368 = VERTEX_POINT ( 'NONE', #6769 ) ;
#7369 =( NAMED_UNIT ( * ) PLANE_ANGLE_UNIT ( ) SI_UNIT ( $, .RADIAN. ) );
#7370 = CARTESIAN_POINT ( 'NONE',  ( 5.830000000000001847, 8.410166384700659243E-17, -12.00000000000000000 ) ) ;
#7371 = VERTEX_POINT ( 'NONE', #2895 ) ;
#7372 = EDGE_LOOP ( 'NONE', ( #1274, #11352, #1841, #10549 ) ) ;
#7373 = SURFACE_STYLE_USAGE ( .BOTH. , #12246 ) ;
#7374 = CARTESIAN_POINT ( 'NONE',  ( 0.000000000000000000, 11.00000000000000000, -3.999999999999999112 ) ) ;
#7375 =( NAMED_UNIT ( * ) PLANE_ANGLE_UNIT ( ) SI_UNIT ( $, .RADIAN. ) );
#7376 = DIRECTION ( 'NONE',  ( 1.000000000000000000, 0.000000000000000000, 0.000000000000000000 ) ) ;
#7377 = CARTESIAN_POINT ( 'NONE',  ( 4.068332036170907884, 0.000000000000000000, -10.00000000000000000 ) ) ;
#7378 = DIRECTION ( 'NONE',  ( 0.000000000000000000, 1.000000000000000000, 0.000000000000000000 ) ) ;
#7379 = CARTESIAN_POINT ( 'NONE',  ( 3.948558664095541015, 1.730887774041955929, 0.000000000000000000 ) ) ;
#7380 = DIRECTION ( 'NONE',  ( 1.000000000000000000, 0.000000000000000000, 0.000000000000000000 ) ) ;
#7381 = FILL_AREA_STYLE ('',( #9245 ) ) ;
#7382 = CARTESIAN_POINT ( 'NONE',  ( 15.83000000000000007, 11.77659106982886783, -12.00000000000000000 ) ) ;
#7383 = VERTEX_POINT ( 'NONE', #8767 ) ;
#7384 = ORIENTED_EDGE ( 'NONE', *, *, #329, .F. ) ;
#7385 = ORIENTED_EDGE ( 'NONE', *, *, #2034, .T. ) ;
#7386 = DIRECTION ( 'NONE',  ( -0.000000000000000000, 0.8219933076153586038, 0.5694971485754448670 ) ) ;
#7387 = LINE ( 'NONE', #455, #5349 ) ;
#7388 = SURFACE_SIDE_STYLE ('',( #9251 ) ) ;
#7389 = EDGE_CURVE ( 'NONE', #6420, #12165, #3814, .T. ) ;
#7390 = CARTESIAN_POINT ( 'NONE',  ( 7.950000000000000178, -4.599999999999999645, -7.429999999999998828 ) ) ;
#7391 = ORIENTED_EDGE ( 'NONE', *, *, #9709, .F. ) ;
#7392 = EDGE_CURVE ( 'NONE', #6016, #6360, #5869, .T. ) ;
#7393 = VERTEX_POINT ( 'NONE', #676 ) ;
#7394 =( LENGTH_UNIT ( ) NAMED_UNIT ( * ) SI_UNIT ( .MILLI., .METRE. ) );
#7395 = SURFACE_STYLE_FILL_AREA ( #9126 ) ;
#7396 = CARTESIAN_POINT ( 'NONE',  ( 7.950000000000000178, -5.000000000000000000, -7.617316227335406253 ) ) ;
#7397 =( LENGTH_UNIT ( ) NAMED_UNIT ( * ) SI_UNIT ( .MILLI., .METRE. ) );
#7398 = ORIENTED_EDGE ( 'NONE', *, *, #3686, .T. ) ;
#7399 = CARTESIAN_POINT ( 'NONE',  ( 3.039090901768393138, 0.000000000000000000, -21.62877342318509477 ) ) ;
#7400 = ADVANCED_FACE ( 'NONE', ( #12470 ), #7740, .F. ) ;
#7401 = ORIENTED_EDGE ( 'NONE', *, *, #12285, .T. ) ;
#7402 = ORIENTED_EDGE ( 'NONE', *, *, #4326, .T. ) ;
#7403 = CARTESIAN_POINT ( 'NONE',  ( 15.00000000000000000, 0.000000000000000000, -16.49999999999999289 ) ) ;
#7404 = CARTESIAN_POINT ( 'NONE',  ( 30.03000000000000114, 11.77659106982886783, -12.00000000000000000 ) ) ;
#7405 = EDGE_CURVE ( 'NONE', #9255, #4137, #2786, .T. ) ;
#7406 = VERTEX_POINT ( 'NONE', #6834 ) ;
#7407 =( LENGTH_UNIT ( ) NAMED_UNIT ( * ) SI_UNIT ( .MILLI., .METRE. ) );
#7408 = CARTESIAN_POINT ( 'NONE',  ( 15.00000000000000000, 9.742953882361238271, -10.00000000000000000 ) ) ;
#7409 = CARTESIAN_POINT ( 'NONE',  ( 21.31781992623545818, 14.70498544938100416, 2.168404344971008621E-16 ) ) ;
#7410 = DIRECTION ( 'NONE',  ( 1.000000000000000000, 2.026546116795335870E-16, 0.000000000000000000 ) ) ;
#7411 = EDGE_CURVE ( 'NONE', #9823, #2324, #12732, .T. ) ;
#7412 = EDGE_CURVE ( 'NONE', #7891, #9955, #1850, .T. ) ;
#7413 = CARTESIAN_POINT ( 'NONE',  ( 4.830000000000001847, 14.00000000000000000, -11.00000000000000178 ) ) ;
#7414 = AXIS2_PLACEMENT_3D ( 'NONE', #9627, #962, #2819 ) ;
#7415 = ORIENTED_EDGE ( 'NONE', *, *, #7641, .T. ) ;
#7416 = CARTESIAN_POINT ( 'NONE',  ( -1.595391950804084580, 13.99999999999999645, -11.00000000000000178 ) ) ;
#7417 = CYLINDRICAL_SURFACE ( 'NONE', #5855, 0.5000000000000004441 ) ;
#7418 = CIRCLE ( 'NONE', #7830, 1.000000000000000888 ) ;
#7419 = UNCERTAINTY_MEASURE_WITH_UNIT (LENGTH_MEASURE( 1.000000000000000082E-05 ), #12115, 'distance_accuracy_value', 'NONE');
#7420 = CARTESIAN_POINT ( 'NONE',  ( 5.830000000000001847, 11.00000000000000000, -3.999999999999999112 ) ) ;
#7421 =( GEOMETRIC_REPRESENTATION_CONTEXT ( 3 ) GLOBAL_UNCERTAINTY_ASSIGNED_CONTEXT ( ( #12170 ) ) GLOBAL_UNIT_ASSIGNED_CONTEXT ( ( #12242, #7369, #11336 ) ) REPRESENTATION_CONTEXT ( 'NONE', 'WORKASPACE' ) );
#7422 = VERTEX_POINT ( 'NONE', #5797 ) ;
#7423 = CARTESIAN_POINT ( 'NONE',  ( 24.73914162436698660, 14.98520393037187937, -0.1652703644666174421 ) ) ;
#7424 = ORIENTED_EDGE ( 'NONE', *, *, #963, .T. ) ;
#7425 = DIRECTION ( 'NONE',  ( -0.000000000000000000, 0.000000000000000000, 1.000000000000000000 ) ) ;
#7426 = AXIS2_PLACEMENT_3D ( 'NONE', #7671, #2781, #5679 ) ;
#7427 = EDGE_CURVE ( 'NONE', #10798, #3037, #11568, .T. ) ;
#7428 = SURFACE_STYLE_FILL_AREA ( #10550 ) ;
#7429 = COLOUR_RGB ( '',1.000000000000000000, 0.5019607843137254832, 0.5019607843137254832 ) ;
#7430 =( GEOMETRIC_REPRESENTATION_CONTEXT ( 3 ) GLOBAL_UNCERTAINTY_ASSIGNED_CONTEXT ( ( #12185 ) ) GLOBAL_UNIT_ASSIGNED_CONTEXT ( ( #9284, #8259, #1413 ) ) REPRESENTATION_CONTEXT ( 'NONE', 'WORKASPACE' ) );
#7431 = FILL_AREA_STYLE_COLOUR ( '', #6209 ) ;
#7432 = CARTESIAN_POINT ( 'NONE',  ( 21.03000000000000114, 12.20709392125342418, -1.676461860280853200 ) ) ;
#7433 = DIRECTION ( 'NONE',  ( 0.000000000000000000, -0.000000000000000000, -1.000000000000000000 ) ) ;
#7434 = VECTOR ( 'NONE', #3536, 1000.000000000000000 ) ;
#7435 = ORIENTED_EDGE ( 'NONE', *, *, #8484, .F. ) ;
#7436 = PLANE ( 'NONE',  #10495 ) ;
#7437 = VECTOR ( 'NONE', #8574, 1000.000000000000000 ) ;
#7438 = CYLINDRICAL_SURFACE ( 'NONE', #904, 0.1999999999999987899 ) ;
#7439 = CARTESIAN_POINT ( 'NONE',  ( 5.068332036170907884, 7.356120034073296843, -10.00000000000000000 ) ) ;
#7440 = ORIENTED_EDGE ( 'NONE', *, *, #9796, .T. ) ;
#7441 = ORIENTED_EDGE ( 'NONE', *, *, #1249, .T. ) ;
#7442 = ORIENTED_EDGE ( 'NONE', *, *, #8832, .F. ) ;
#7443 = CARTESIAN_POINT ( 'NONE',  ( 32.00000000000000000, 0.000000000000000000, -16.49999999999999289 ) ) ;
#7444 = LINE ( 'NONE', #1563, #3003 ) ;
#7445 = CYLINDRICAL_SURFACE ( 'NONE', #4561, 1.000000000000000888 ) ;
#7446 =( NAMED_UNIT ( * ) SI_UNIT ( $, .STERADIAN. ) SOLID_ANGLE_UNIT ( ) );
#7447 = VERTEX_POINT ( 'NONE', #10724 ) ;
#7448 = DIRECTION ( 'NONE',  ( 0.000000000000000000, 0.000000000000000000, 1.000000000000000000 ) ) ;
#7449 = SURFACE_SIDE_STYLE ('',( #8477 ) ) ;
#7450 = CYLINDRICAL_SURFACE ( 'NONE', #10200, 1.000000000000000888 ) ;
#7451 = UNCERTAINTY_MEASURE_WITH_UNIT (LENGTH_MEASURE( 1.000000000000000082E-05 ), #7101, 'distance_accuracy_value', 'NONE');
#7452 = ORIENTED_EDGE ( 'NONE', *, *, #2368, .F. ) ;
#7453 = VECTOR ( 'NONE', #8824, 1000.000000000000000 ) ;
#7454 =( NAMED_UNIT ( * ) SI_UNIT ( $, .STERADIAN. ) SOLID_ANGLE_UNIT ( ) );
#7455 = EDGE_CURVE ( 'NONE', #3827, #8878, #4833, .T. ) ;
#7456 = PRESENTATION_STYLE_ASSIGNMENT (( #12323 ) ) ;
#7457 = ADVANCED_FACE ( 'NONE', ( #5608 ), #4656, .T. ) ;
#7458 = CIRCLE ( 'NONE', #8689, 1.000000000000000888 ) ;
#7459 = ORIENTED_EDGE ( 'NONE', *, *, #5816, .T. ) ;
#7460 = CARTESIAN_POINT ( 'NONE',  ( 14.69663733748041778, 14.92559551406763063, -0.06527507787064765199 ) ) ;
#7461 = LINE ( 'NONE', #12771, #6082 ) ;
#7462 = DIRECTION ( 'NONE',  ( 0.000000000000000000, -1.000000000000000000, 0.000000000000000000 ) ) ;
#7463 = DIRECTION ( 'NONE',  ( 0.000000000000000000, 0.8219933076153586038, 0.5694971485754449780 ) ) ;
#7464 = CARTESIAN_POINT ( 'NONE',  ( 12.94999999999999929, -4.599999999999999645, -7.429999999999998828 ) ) ;
#7465 =( LENGTH_UNIT ( ) NAMED_UNIT ( * ) SI_UNIT ( .MILLI., .METRE. ) );
#7466 = ORIENTED_EDGE ( 'NONE', *, *, #1847, .F. ) ;
#7467 = ORIENTED_EDGE ( 'NONE', *, *, #11224, .F. ) ;
#7468 = LINE ( 'NONE', #7285, #1745 ) ;
#7469 = CARTESIAN_POINT ( 'NONE',  ( 0.8299999999999999600, 15.00000000000000000, -4.000000000000027534 ) ) ;
#7470 = DIRECTION ( 'NONE',  ( -1.000000000000000000, -1.013273058397667935E-16, -0.000000000000000000 ) ) ;
#7471 = EDGE_CURVE ( 'NONE', #1906, #5139, #288, .T. ) ;
#7472 = PLANE ( 'NONE',  #7276 ) ;
#7473 = EDGE_CURVE ( 'NONE', #468, #2067, #6179, .T. ) ;
#7474 = AXIS2_PLACEMENT_3D ( 'NONE', #4578, #12401, #3625 ) ;
#7475 = VECTOR ( 'NONE', #8711, 1000.000000000000000 ) ;
#7476 = EDGE_LOOP ( 'NONE', ( #1858, #9670, #7802, #11958 ) ) ;
#7477 = PLANE ( 'NONE',  #679 ) ;
#7478 = FACE_OUTER_BOUND ( 'NONE', #10288, .T. ) ;
#7479 = VERTEX_POINT ( 'NONE', #5220 ) ;
#7480 = DIRECTION ( 'NONE',  ( 1.013273058397667935E-16, -1.000000000000000000, 0.000000000000000000 ) ) ;
#7481 = VERTEX_POINT ( 'NONE', #9147 ) ;
#7482 = DIRECTION ( 'NONE',  ( 1.000000000000000000, 0.000000000000000000, -0.000000000000000000 ) ) ;
#7483 = DIRECTION ( 'NONE',  ( 1.013273058397667935E-16, -1.000000000000000000, 0.000000000000000000 ) ) ;
#7484 = EDGE_CURVE ( 'NONE', #1517, #10357, #4266, .T. ) ;
#7485 = COLOUR_RGB ( '',0.8313725490196077761, 0.8392156862745098200, 0.8313725490196077761 ) ;
#7486 = ADVANCED_FACE ( 'NONE', ( #4067 ), #3038, .T. ) ;
#7487 = CARTESIAN_POINT ( 'NONE',  ( 7.950000000000000178, -5.000000000000000000, -7.429999999999998828 ) ) ;
#7488 = CIRCLE ( 'NONE', #1910, 0.9999999999999997780 ) ;
#7489 = SURFACE_SIDE_STYLE ('',( #8584 ) ) ;
#7490 = EDGE_LOOP ( 'NONE', ( #6219, #7099, #560, #11018 ) ) ;
#7491 = ORIENTED_EDGE ( 'NONE', *, *, #11922, .F. ) ;
#7492 =( NAMED_UNIT ( * ) SI_UNIT ( $, .STERADIAN. ) SOLID_ANGLE_UNIT ( ) );
#7493 = AXIS2_PLACEMENT_3D ( 'NONE', #6851, #7759, #5947 ) ;
#7494 = VECTOR ( 'NONE', #2063, 1000.000000000000000 ) ;
#7495 = AXIS2_PLACEMENT_3D ( 'NONE', #2473, #1551, #10431 ) ;
#7496 = FACE_OUTER_BOUND ( 'NONE', #11079, .T. ) ;
#7497 = PLANE ( 'NONE',  #266 ) ;
#7498 = SURFACE_SIDE_STYLE ('',( #12249 ) ) ;
#7499 = VECTOR ( 'NONE', #9880, 1000.000000000000000 ) ;
#7500 = VECTOR ( 'NONE', #12517, 1000.000000000000000 ) ;
#7501 = SURFACE_STYLE_USAGE ( .BOTH. , #12182 ) ;
#7502 = FACE_OUTER_BOUND ( 'NONE', #4079, .T. ) ;
#7503 = EDGE_CURVE ( 'NONE', #1452, #9146, #1994, .T. ) ;
#7504 = DIRECTION ( 'NONE',  ( 1.000000000000000000, 1.070256409758549784E-16, -0.000000000000000000 ) ) ;
#7505 = AXIS2_PLACEMENT_3D ( 'NONE', #6801, #3007, #7065 ) ;
#7506 = AXIS2_PLACEMENT_3D ( 'NONE', #12542, #3701, #8590 ) ;
#7507 = ORIENTED_EDGE ( 'NONE', *, *, #8656, .F. ) ;
#7508 = LINE ( 'NONE', #7325, #1207 ) ;
#7509 = PLANE ( 'NONE',  #6260 ) ;
#7510 = ORIENTED_EDGE ( 'NONE', *, *, #10487, .F. ) ;
#7511 = VECTOR ( 'NONE', #644, 1000.000000000000000 ) ;
#7512 = VERTEX_POINT ( 'NONE', #6124 ) ;
#7513 = VERTEX_POINT ( 'NONE', #11896 ) ;
#7514 = CARTESIAN_POINT ( 'NONE',  ( 1.317819926235456851, 9.999999999999998224, -0.1999999999999998446 ) ) ;
#7515 = DIRECTION ( 'NONE',  ( 1.000000000000000000, -0.000000000000000000, -0.000000000000000000 ) ) ;
#7516 = CARTESIAN_POINT ( 'NONE',  ( 19.83000000000000185, 15.00000000000000000, -10.99999999999999289 ) ) ;
#7517 = ORIENTED_EDGE ( 'NONE', *, *, #5831, .F. ) ;
#7518 = VECTOR ( 'NONE', #19, 1000.000000000000000 ) ;
#7519 = DIRECTION ( 'NONE',  ( 0.000000000000000000, -1.000000000000000000, 0.000000000000000000 ) ) ;
#7520 = AXIS2_PLACEMENT_3D ( 'NONE', #7801, #6772, #2967 ) ;
#7521 =( BOUNDED_CURVE ( )  B_SPLINE_CURVE ( 3, ( #8651, #814, #8597, #2676 ),
 .UNSPECIFIED., .F., .T. ) 
 B_SPLINE_CURVE_WITH_KNOTS ( ( 4, 4 ),
 ( 0.6801289419011479209, 1.396263401595479126 ),
 .UNSPECIFIED. ) 
 CURVE ( )  GEOMETRIC_REPRESENTATION_ITEM ( )  RATIONAL_B_SPLINE_CURVE ( ( 1.000000000000000000, 0.9577172935399699272, 0.9577172935399699272, 1.000000000000000000 ) ) 
 REPRESENTATION_ITEM ( '' )  );
#7522 = STYLED_ITEM ( 'NONE', ( #6070 ), #12179 ) ;
#7523 = CARTESIAN_POINT ( 'NONE',  ( 16.56768843574306516, 0.000000000000000000, 0.000000000000000000 ) ) ;
#7524 = EDGE_LOOP ( 'NONE', ( #6846, #2203, #5641, #3941 ) ) ;
#7525 = CARTESIAN_POINT ( 'NONE',  ( 19.54218007376454125, 9.999999999999998224, -2.385244779468109755E-15 ) ) ;
#7526 = MECHANICAL_DESIGN_GEOMETRIC_PRESENTATION_REPRESENTATION (  '', ( #6500 ), #9172 ) ;
#7527 = MECHANICAL_DESIGN_GEOMETRIC_PRESENTATION_REPRESENTATION (  '', ( #291 ), #5676 ) ;
#7528 = ORIENTED_EDGE ( 'NONE', *, *, #10125, .F. ) ;
#7529 = DIRECTION ( 'NONE',  ( 2.026546116795335870E-16, -1.000000000000000000, 0.000000000000000000 ) ) ;
#7530 = ORIENTED_EDGE ( 'NONE', *, *, #9609, .T. ) ;
#7531 = CARTESIAN_POINT ( 'NONE',  ( -11.59539195080408547, 14.56261116223713792, -0.04450167309616086947 ) ) ;
#7532 = ORIENTED_EDGE ( 'NONE', *, *, #4884, .F. ) ;
#7533 = DIRECTION ( 'NONE',  ( 1.013273058397667935E-16, -1.000000000000000000, 0.000000000000000000 ) ) ;
#7534 = EDGE_CURVE ( 'NONE', #3731, #967, #4124, .T. ) ;
#7535 = EDGE_LOOP ( 'NONE', ( #4417, #673, #577, #8718 ) ) ;
#7536 = VERTEX_POINT ( 'NONE', #7933 ) ;
#7537 = LINE ( 'NONE', #8493, #10579 ) ;
#7538 = VECTOR ( 'NONE', #12514, 1000.000000000000000 ) ;
#7539 = UNCERTAINTY_MEASURE_WITH_UNIT (LENGTH_MEASURE( 1.000000000000000082E-05 ), #6241, 'distance_accuracy_value', 'NONE');
#7540 = STYLED_ITEM ( 'NONE', ( #4245 ), #7892 ) ;
#7541 = LINE ( 'NONE', #11442, #497 ) ;
#7542 = EDGE_LOOP ( 'NONE', ( #5196, #11915, #10851, #12382 ) ) ;
#7543 = AXIS2_PLACEMENT_3D ( 'NONE', #6008, #9920, #9664 ) ;
#7544 = CARTESIAN_POINT ( 'NONE',  ( 16.02999999999999758, 13.64455457845219932, -0.6805538183541244290 ) ) ;
#7545 = CARTESIAN_POINT ( 'NONE',  ( 22.06768843574306871, 9.742953882361238271, -10.00000000000000000 ) ) ;
#7546 = FACE_OUTER_BOUND ( 'NONE', #3462, .T. ) ;
#7547 = EDGE_CURVE ( 'NONE', #9187, #660, #9558, .T. ) ;
#7548 = VECTOR ( 'NONE', #1567, 1000.000000000000000 ) ;
#7549 = LINE ( 'NONE', #11563, #3609 ) ;
#7550 = LINE ( 'NONE', #2713, #10459 ) ;
#7551 = COLOUR_RGB ( '',1.000000000000000000, 0.5019607843137254832, 0.5019607843137254832 ) ;
#7552 = ORIENTED_EDGE ( 'NONE', *, *, #7427, .F. ) ;
#7553 = ADVANCED_FACE ( 'NONE', ( #5986 ), #10935, .T. ) ;
#7554 = LINE ( 'NONE', #1846, #6608 ) ;
#7555 = EDGE_CURVE ( 'NONE', #11955, #5534, #10223, .T. ) ;
#7556 = ORIENTED_EDGE ( 'NONE', *, *, #11791, .T. ) ;
#7557 = DIRECTION ( 'NONE',  ( 1.000000000000000000, 0.000000000000000000, 0.000000000000000000 ) ) ;
#7558 = EDGE_CURVE ( 'NONE', #12397, #4341, #3656, .T. ) ;
#7559 = AXIS2_PLACEMENT_3D ( 'NONE', #3110, #4143, #8073 ) ;
#7560 = ORIENTED_EDGE ( 'NONE', *, *, #2977, .T. ) ;
#7561 = VECTOR ( 'NONE', #7515, 1000.000000000000000 ) ;
#7562 = EDGE_CURVE ( 'NONE', #8586, #6533, #1322, .T. ) ;
#7563 = PLANE ( 'NONE',  #8124 ) ;
#7564 = ORIENTED_EDGE ( 'NONE', *, *, #832, .F. ) ;
#7565 = ORIENTED_EDGE ( 'NONE', *, *, #4200, .F. ) ;
#7566 = CARTESIAN_POINT ( 'NONE',  ( 9.068332036170907884, 9.242953882361234719, -10.00000000000000000 ) ) ;
#7567 = EDGE_CURVE ( 'NONE', #393, #7513, #9455, .T. ) ;
#7568 = DIRECTION ( 'NONE',  ( -0.000000000000000000, 1.000000000000000000, -0.000000000000000000 ) ) ;
#7569 = CARTESIAN_POINT ( 'NONE',  ( 28.56833203617090433, 9.742953882361238271, -10.00000000000000000 ) ) ;
#7570 = PLANE ( 'NONE',  #2987 ) ;
#7571 = CIRCLE ( 'NONE', #7172, 0.4000000000000010214 ) ;
#7572 = DIRECTION ( 'NONE',  ( -1.000000000000000000, -0.000000000000000000, -0.000000000000000000 ) ) ;
#7573 = DIRECTION ( 'NONE',  ( 1.000000000000000000, 0.000000000000000000, 0.000000000000000000 ) ) ;
#7574 = CARTESIAN_POINT ( 'NONE',  ( 16.12085837563301283, 14.38829763613029478, -0.1652703644666158045 ) ) ;
#7575 = ORIENTED_EDGE ( 'NONE', *, *, #4734, .F. ) ;
#7576 = VERTEX_POINT ( 'NONE', #3502 ) ;
#7577 = SURFACE_STYLE_USAGE ( .BOTH. , #8658 ) ;
#7578 = ADVANCED_FACE ( 'NONE', ( #2452 ), #8246, .T. ) ;
#7579 = FILL_AREA_STYLE ('',( #10498 ) ) ;
#7580 = EDGE_CURVE ( 'NONE', #3185, #10895, #6069, .T. ) ;
#7581 = CARTESIAN_POINT ( 'NONE',  ( 32.00000000000000000, 0.7437402936630157502, -0.03339203246192792851 ) ) ;
#7582 = PRESENTATION_LAYER_ASSIGNMENT (  '', '', ( #2646 ) ) ;
#7583 = DIRECTION ( 'NONE',  ( 1.000000000000000000, 0.000000000000000000, 0.000000000000000000 ) ) ;
#7584 = SURFACE_STYLE_FILL_AREA ( #6664 ) ;
#7585 = FACE_OUTER_BOUND ( 'NONE', #45, .T. ) ;
#7586 = DIRECTION ( 'NONE',  ( -0.000000000000000000, -0.000000000000000000, 1.000000000000000000 ) ) ;
#7587 = CARTESIAN_POINT ( 'NONE',  ( 10.56768843574306516, 7.363962665405081154, -10.00000000000000000 ) ) ;
#7588 = DIRECTION ( 'NONE',  ( 1.000000000000000000, 0.000000000000000000, 0.000000000000000000 ) ) ;
#7589 = ORIENTED_EDGE ( 'NONE', *, *, #4099, .T. ) ;
#7590 = DIRECTION ( 'NONE',  ( 1.000000000000000000, 0.000000000000000000, 0.000000000000000000 ) ) ;
#7591 = CARTESIAN_POINT ( 'NONE',  ( 1.030000000000000249, 13.64455457845219932, -0.6805538183541244290 ) ) ;
#7592 = DIRECTION ( 'NONE',  ( -1.000000000000000000, -0.000000000000000000, -0.000000000000000000 ) ) ;
#7593 = VERTEX_POINT ( 'NONE', #10405 ) ;
#7594 = EDGE_CURVE ( 'NONE', #2894, #9232, #12153, .T. ) ;
#7595 = DIRECTION ( 'NONE',  ( -2.026546116795335870E-16, 1.000000000000000000, -0.000000000000000000 ) ) ;
#7596 = COLOUR_RGB ( '',1.000000000000000000, 0.5019607843137254832, 0.5019607843137254832 ) ;
#7597 = ORIENTED_EDGE ( 'NONE', *, *, #2528, .T. ) ;
#7598 =( BOUNDED_CURVE ( )  B_SPLINE_CURVE ( 3, ( #6374, #5207, #269, #2374 ),
 .UNSPECIFIED., .F., .T. ) 
 B_SPLINE_CURVE_WITH_KNOTS ( ( 4, 4 ),
 ( 4.366621810783945179, 4.712388980384693227 ),
 .UNSPECIFIED. ) 
 CURVE ( )  GEOMETRIC_REPRESENTATION_ITEM ( )  RATIONAL_B_SPLINE_CURVE ( ( 1.000000000000000000, 0.9900618788928984282, 0.9900618788928984282, 1.000000000000000000 ) ) 
 REPRESENTATION_ITEM ( '' )  );
#7599 = SURFACE_SIDE_STYLE ('',( #1835 ) ) ;
#7600 = VERTEX_POINT ( 'NONE', #4447 ) ;
#7601 = DIRECTION ( 'NONE',  ( 0.000000000000000000, 1.000000000000000000, 0.000000000000000000 ) ) ;
#7602 = PRESENTATION_STYLE_ASSIGNMENT (( #1838 ) ) ;
#7603 = ORIENTED_EDGE ( 'NONE', *, *, #3700, .T. ) ;
#7604 = DIRECTION ( 'NONE',  ( 0.000000000000000000, -0.000000000000000000, -1.000000000000000000 ) ) ;
#7605 = FILL_AREA_STYLE_COLOUR ( '', #2517 ) ;
#7606 = VECTOR ( 'NONE', #909, 1000.000000000000000 ) ;
#7607 = EDGE_LOOP ( 'NONE', ( #6115, #4555, #6909, #5418 ) ) ;
#7608 =( NAMED_UNIT ( * ) PLANE_ANGLE_UNIT ( ) SI_UNIT ( $, .RADIAN. ) );
#7609 = PRESENTATION_STYLE_ASSIGNMENT (( #4704 ) ) ;
#7610 = EDGE_LOOP ( 'NONE', ( #4390, #12292, #2356, #1161 ) ) ;
#7611 = DIRECTION ( 'NONE',  ( 0.000000000000000000, 0.000000000000000000, 1.000000000000000000 ) ) ;
#7612 = ORIENTED_EDGE ( 'NONE', *, *, #12685, .F. ) ;
#7613 =( NAMED_UNIT ( * ) SI_UNIT ( $, .STERADIAN. ) SOLID_ANGLE_UNIT ( ) );
#7614 = ORIENTED_EDGE ( 'NONE', *, *, #10004, .F. ) ;
#7615 = EDGE_CURVE ( 'NONE', #12156, #11303, #7468, .T. ) ;
#7616 = ADVANCED_FACE ( 'NONE', ( #1583 ), #10158, .F. ) ;
#7617 = DIRECTION ( 'NONE',  ( -2.922285384827992868E-16, 1.000000000000000000, 0.000000000000000000 ) ) ;
#7618 = EDGE_CURVE ( 'NONE', #8374, #9764, #11684, .T. ) ;
#7619 = DIRECTION ( 'NONE',  ( 0.000000000000000000, 0.000000000000000000, 1.000000000000000000 ) ) ;
#7620 = CARTESIAN_POINT ( 'NONE',  ( 16.12085837563301283, 14.98520393037187581, -0.1652703644666149441 ) ) ;
#7621 =( LENGTH_UNIT ( ) NAMED_UNIT ( * ) SI_UNIT ( .MILLI., .METRE. ) );
#7622 = SURFACE_STYLE_USAGE ( .BOTH. , #4671 ) ;
#7623 = FILL_AREA_STYLE_COLOUR ( '', #3318 ) ;
#7624 = EDGE_CURVE ( 'NONE', #4152, #7227, #3826, .T. ) ;
#7625 = CARTESIAN_POINT ( 'NONE',  ( 1.317819926235457295, 14.75000000000000000, 2.168404344971008621E-16 ) ) ;
#7626 = PRESENTATION_LAYER_ASSIGNMENT (  '', '', ( #9666 ) ) ;
#7627 = DIRECTION ( 'NONE',  ( 0.000000000000000000, -1.000000000000000000, 0.000000000000000000 ) ) ;
#7628 = CARTESIAN_POINT ( 'NONE',  ( 20.83000000000000185, 15.00000000000000000, -12.00000000000000000 ) ) ;
#7629 = VERTEX_POINT ( 'NONE', #9515 ) ;
#7630 = EDGE_LOOP ( 'NONE', ( #369, #1653, #3407, #8760 ) ) ;
#7631 = SURFACE_STYLE_USAGE ( .BOTH. , #10567 ) ;
#7632 = CARTESIAN_POINT ( 'NONE',  ( 6.675767064385880190, 2.730887774041955929, -10.00000000000000000 ) ) ;
#7633 = DIRECTION ( 'NONE',  ( 1.000000000000000000, 2.026546116795335870E-16, -0.000000000000000000 ) ) ;
#7634 = ORIENTED_EDGE ( 'NONE', *, *, #3860, .T. ) ;
#7635 = COLOUR_RGB ( '',0.8313725490196077761, 0.8392156862745098200, 0.8313725490196077761 ) ;
#7636 = CARTESIAN_POINT ( 'NONE',  ( 10.00000000000000000, 1.730887774041955929, 0.000000000000000000 ) ) ;
#7637 = CARTESIAN_POINT ( 'NONE',  ( 20.00000000000000000, 0.000000000000000000, 0.5000000000000000000 ) ) ;
#7638 = VECTOR ( 'NONE', #4518, 1000.000000000000000 ) ;
#7639 = AXIS2_PLACEMENT_3D ( 'NONE', #1087, #4787, #11655 ) ;
#7640 = ADVANCED_FACE ( 'NONE', ( #11441 ), #9753, .T. ) ;
#7641 = EDGE_CURVE ( 'NONE', #4982, #8749, #10590, .T. ) ;
#7642 = CARTESIAN_POINT ( 'NONE',  ( 18.03909090176839314, 0.7437402936630143069, -0.03339203246192836566 ) ) ;
#7643 = DIRECTION ( 'NONE',  ( -2.026546116795335870E-16, 1.000000000000000000, -0.000000000000000000 ) ) ;
#7644 = ORIENTED_EDGE ( 'NONE', *, *, #3446, .T. ) ;
#7645 = DIRECTION ( 'NONE',  ( -0.000000000000000000, -0.000000000000000000, 1.000000000000000000 ) ) ;
#7646 =( LENGTH_UNIT ( ) NAMED_UNIT ( * ) SI_UNIT ( .MILLI., .METRE. ) );
#7647 = ORIENTED_EDGE ( 'NONE', *, *, #2055, .T. ) ;
#7648 = SURFACE_STYLE_FILL_AREA ( #12642 ) ;
#7649 = DIRECTION ( 'NONE',  ( -0.000000000000000000, -0.000000000000000000, 1.000000000000000000 ) ) ;
#7650 = EDGE_LOOP ( 'NONE', ( #1615, #5834, #9637, #11724, #11089, #3672, #2039, #262, #6288, #8987, #6187, #4700, #11340, #11627, #9983, #12706, #359, #12128, #10845, #8230, #11788, #3837, #9695, #12310, #3146, #9473, #11236, #9683, #385, #6853, #7229, #9997, #5058, #1751, #10941, #4133, #4446, #11287, #6051, #1037, #2432, #539, #6003, #4280, #8492, #2647, #3356, #1174 ) ) ;
#7651 = DIRECTION ( 'NONE',  ( -1.000000000000000000, -1.070256409758549661E-16, 0.000000000000000000 ) ) ;
#7652 = ORIENTED_EDGE ( 'NONE', *, *, #5137, .F. ) ;
#7653 = ORIENTED_EDGE ( 'NONE', *, *, #3153, .T. ) ;
#7654 = DIRECTION ( 'NONE',  ( 0.000000000000000000, 0.000000000000000000, -1.000000000000000000 ) ) ;
#7655 = LINE ( 'NONE', #2760, #1744 ) ;
#7656 = UNCERTAINTY_MEASURE_WITH_UNIT (LENGTH_MEASURE( 1.000000000000000082E-05 ), #7711, 'distance_accuracy_value', 'NONE');
#7657 = ORIENTED_EDGE ( 'NONE', *, *, #3097, .T. ) ;
#7658 = CARTESIAN_POINT ( 'NONE',  ( 15.00000000000000000, -3.659182332138577465E-16, 0.5000000000000000000 ) ) ;
#7659 = EDGE_CURVE ( 'NONE', #11242, #1768, #1775, .T. ) ;
#7660 = FILL_AREA_STYLE_COLOUR ( '', #12440 ) ;
#7661 = CARTESIAN_POINT ( 'NONE',  ( 4.830000000000001847, 15.00000000000000000, -11.00000000000000178 ) ) ;
#7662 = ORIENTED_EDGE ( 'NONE', *, *, #8276, .F. ) ;
#7663 = CARTESIAN_POINT ( 'NONE',  ( 29.06833203617090788, 7.356120034073296843, -10.00000000000000000 ) ) ;
#7664 = ORIENTED_EDGE ( 'NONE', *, *, #8346, .T. ) ;
#7665 = DIRECTION ( 'NONE',  ( 0.000000000000000000, 1.000000000000000000, 0.000000000000000000 ) ) ;
#7666 =( NAMED_UNIT ( * ) SI_UNIT ( $, .STERADIAN. ) SOLID_ANGLE_UNIT ( ) );
#7667 = ORIENTED_EDGE ( 'NONE', *, *, #7154, .F. ) ;
#7668 = SURFACE_STYLE_FILL_AREA ( #3744 ) ;
#7669 = ORIENTED_EDGE ( 'NONE', *, *, #3902, .T. ) ;
#7670 = DIRECTION ( 'NONE',  ( 1.000000000000000000, 0.000000000000000000, 0.000000000000000000 ) ) ;
#7671 = CARTESIAN_POINT ( 'NONE',  ( 20.06833203617090788, 7.356120034073296843, -10.00000000000000000 ) ) ;
#7672 = LINE ( 'NONE', #10870, #7109 ) ;
#7673 = CARTESIAN_POINT ( 'NONE',  ( 4.508445350133227336, 6.527550846378181504, 0.000000000000000000 ) ) ;
#7674 = ORIENTED_EDGE ( 'NONE', *, *, #4188, .F. ) ;
#7675 = CARTESIAN_POINT ( 'NONE',  ( 25.03000000000000114, 11.00000000000000000, -3.999999999999999112 ) ) ;
#7676 = EDGE_LOOP ( 'NONE', ( #11488, #2817, #6675, #10133, #9409 ) ) ;
#7677 = LINE ( 'NONE', #11460, #2548 ) ;
#7678 = DIRECTION ( 'NONE',  ( 0.000000000000000000, 0.000000000000000000, 1.000000000000000000 ) ) ;
#7679 = EDGE_LOOP ( 'NONE', ( #5025, #1261, #7442, #487 ) ) ;
#7680 = FACE_OUTER_BOUND ( 'NONE', #3518, .T. ) ;
#7681 = DIRECTION ( 'NONE',  ( 0.000000000000000000, -1.000000000000000000, 0.000000000000000000 ) ) ;
#7682 = ORIENTED_EDGE ( 'NONE', *, *, #1085, .F. ) ;
#7683 = EDGE_CURVE ( 'NONE', #9811, #6804, #915, .T. ) ;
#7684 = PRESENTATION_STYLE_ASSIGNMENT (( #7501 ) ) ;
#7685 = CARTESIAN_POINT ( 'NONE',  ( 3.039090901768394026, 0.7437402936630143069, -0.03339203246192836566 ) ) ;
#7686 = SURFACE_SIDE_STYLE ('',( #4432 ) ) ;
#7687 = VECTOR ( 'NONE', #7049, 1000.000000000000000 ) ;
#7688 = LINE ( 'NONE', #9612, #5883 ) ;
#7689 = DIRECTION ( 'NONE',  ( -1.000000000000000000, -1.013273058397667935E-16, -0.000000000000000000 ) ) ;
#7690 = EDGE_LOOP ( 'NONE', ( #8836, #6884, #6167, #4655 ) ) ;
#7691 = PRESENTATION_LAYER_ASSIGNMENT (  '', '', ( #2957 ) ) ;
#7692 = CIRCLE ( 'NONE', #1504, 1.000000000000000888 ) ;
#7693 = ORIENTED_EDGE ( 'NONE', *, *, #7427, .T. ) ;
#7694 = CARTESIAN_POINT ( 'NONE',  ( 29.66795872986364913, 14.56261116223706154, -0.04450167309611560706 ) ) ;
#7695 =( GEOMETRIC_REPRESENTATION_CONTEXT ( 3 ) GLOBAL_UNCERTAINTY_ASSIGNED_CONTEXT ( ( #2991 ) ) GLOBAL_UNIT_ASSIGNED_CONTEXT ( ( #4569, #6749, #11546 ) ) REPRESENTATION_CONTEXT ( 'NONE', 'WORKASPACE' ) );
#7696 = LINE ( 'NONE', #6735, #9878 ) ;
#7697 = FILL_AREA_STYLE ('',( #9618 ) ) ;
#7698 = PRESENTATION_STYLE_ASSIGNMENT (( #8663 ) ) ;
#7699 = EDGE_CURVE ( 'NONE', #3731, #1716, #7537, .T. ) ;
#7700 = DIRECTION ( 'NONE',  ( 0.000000000000000000, 0.000000000000000000, 1.000000000000000000 ) ) ;
#7701 = STYLED_ITEM ( 'NONE', ( #222 ), #1456 ) ;
#7702 = CARTESIAN_POINT ( 'NONE',  ( 27.95000000000000284, 0.000000000000000000, -7.029999999999999361 ) ) ;
#7703 = CARTESIAN_POINT ( 'NONE',  ( 5.675767064385880190, 2.730887774041955929, 0.000000000000000000 ) ) ;
#7704 = DIRECTION ( 'NONE',  ( -1.000000000000000000, 0.000000000000000000, -0.000000000000000000 ) ) ;
#7705 = DIRECTION ( 'NONE',  ( 1.000000000000000000, 2.026546116795335870E-16, -0.000000000000000000 ) ) ;
#7706 = DIRECTION ( 'NONE',  ( 0.000000000000000000, 0.000000000000000000, -1.000000000000000000 ) ) ;
#7707 = ORIENTED_EDGE ( 'NONE', *, *, #8531, .F. ) ;
#7708 = PLANE ( 'NONE',  #2865 ) ;
#7709 = VECTOR ( 'NONE', #2123, 1000.000000000000000 ) ;
#7710 = SURFACE_STYLE_FILL_AREA ( #7779 ) ;
#7711 =( LENGTH_UNIT ( ) NAMED_UNIT ( * ) SI_UNIT ( .MILLI., .METRE. ) );
#7712 = VECTOR ( 'NONE', #9766, 1000.000000000000000 ) ;
#7713 = PRESENTATION_LAYER_ASSIGNMENT (  '', '', ( #10169 ) ) ;
#7714 = DIRECTION ( 'NONE',  ( -0.000000000000000000, -0.000000000000000000, 1.000000000000000000 ) ) ;
#7715 = DIRECTION ( 'NONE',  ( -0.000000000000000000, -0.000000000000000000, 1.000000000000000000 ) ) ;
#7716 = ORIENTED_EDGE ( 'NONE', *, *, #4799, .T. ) ;
#7717 = EDGE_CURVE ( 'NONE', #1800, #11303, #5874, .T. ) ;
#7718 = PRESENTATION_LAYER_ASSIGNMENT (  '', '', ( #62 ) ) ;
#7719 = DIRECTION ( 'NONE',  ( 0.000000000000000000, 0.000000000000000000, 1.000000000000000000 ) ) ;
#7720 = EDGE_CURVE ( 'NONE', #5186, #846, #1636, .T. ) ;
#7721 = VERTEX_POINT ( 'NONE', #9575 ) ;
#7722 = PRESENTATION_LAYER_ASSIGNMENT (  '', '', ( #12391 ) ) ;
#7723 = STYLED_ITEM ( 'NONE', ( #12378 ), #5888 ) ;
#7724 = MECHANICAL_DESIGN_GEOMETRIC_PRESENTATION_REPRESENTATION (  '', ( #7331 ), #2174 ) ;
#7725 = PRESENTATION_STYLE_ASSIGNMENT (( #10596 ) ) ;
#7726 = SURFACE_STYLE_USAGE ( .BOTH. , #6821 ) ;
#7727 = ORIENTED_EDGE ( 'NONE', *, *, #5433, .T. ) ;
#7728 = CARTESIAN_POINT ( 'NONE',  ( 3.039090901768393138, 0.000000000000000000, -18.00000000000000355 ) ) ;
#7729 = VERTEX_POINT ( 'NONE', #8622 ) ;
#7730 = UNCERTAINTY_MEASURE_WITH_UNIT (LENGTH_MEASURE( 1.000000000000000082E-05 ), #3503, 'distance_accuracy_value', 'NONE');
#7731 = DIRECTION ( 'NONE',  ( -2.922285384827992868E-16, 1.000000000000000000, 0.000000000000000000 ) ) ;
#7732 = PRESENTATION_STYLE_ASSIGNMENT (( #4767 ) ) ;
#7733 = EDGE_CURVE ( 'NONE', #4976, #4861, #4653, .T. ) ;
#7734 = VERTEX_POINT ( 'NONE', #2037 ) ;
#7735 = CARTESIAN_POINT ( 'NONE',  ( 10.67576706438588197, 2.730887774041955929, 0.000000000000000000 ) ) ;
#7736 = AXIS2_PLACEMENT_3D ( 'NONE', #4036, #4093, #8997 ) ;
#7737 = EDGE_CURVE ( 'NONE', #771, #7447, #1040, .T. ) ;
#7738 = CIRCLE ( 'NONE', #1746, 1.000000000000000888 ) ;
#7739 = EDGE_LOOP ( 'NONE', ( #7258, #10606, #5674, #4514 ) ) ;
#7740 = CYLINDRICAL_SURFACE ( 'NONE', #12615, 1.000000000000000888 ) ;
#7741 = DIRECTION ( 'NONE',  ( 0.000000000000000000, -1.000000000000000000, -0.000000000000000000 ) ) ;
#7742 = LINE ( 'NONE', #1915, #3194 ) ;
#7743 = CYLINDRICAL_SURFACE ( 'NONE', #12216, 0.1999999999999987899 ) ;
#7744 = VECTOR ( 'NONE', #6496, 1000.000000000000000 ) ;
#7745 = DIRECTION ( 'NONE',  ( 1.000000000000000000, 0.000000000000000000, 0.000000000000000000 ) ) ;
#7746 = ORIENTED_EDGE ( 'NONE', *, *, #1712, .F. ) ;
#7747 = FILL_AREA_STYLE_COLOUR ( '', #8719 ) ;
#7748 = ADVANCED_FACE ( 'NONE', ( #5147 ), #8101, .T. ) ;
#7749 = FACE_OUTER_BOUND ( 'NONE', #9858, .T. ) ;
#7750 = ORIENTED_EDGE ( 'NONE', *, *, #4820, .F. ) ;
#7751 = ORIENTED_EDGE ( 'NONE', *, *, #10893, .F. ) ;
#7752 = DIRECTION ( 'NONE',  ( 0.000000000000000000, 1.000000000000000000, 0.000000000000000000 ) ) ;
#7753 = AXIS2_PLACEMENT_3D ( 'NONE', #4018, #11978, #8901 ) ;
#7754 = ORIENTED_EDGE ( 'NONE', *, *, #4786, .T. ) ;
#7755 = DIRECTION ( 'NONE',  ( -1.070256409758549784E-16, 1.000000000000000000, 0.000000000000000000 ) ) ;
#7756 = CARTESIAN_POINT ( 'NONE',  ( 9.948558664095548565, 1.446110066005035942E-15, 0.000000000000000000 ) ) ;
#7757 = PRESENTATION_STYLE_ASSIGNMENT (( #10682 ) ) ;
#7758 = CARTESIAN_POINT ( 'NONE',  ( 27.95000000000000284, -5.000000000000000000, -7.429999999999998828 ) ) ;
#7759 = DIRECTION ( 'NONE',  ( 0.000000000000000000, -0.000000000000000000, -1.000000000000000000 ) ) ;
#7760 = ORIENTED_EDGE ( 'NONE', *, *, #5701, .T. ) ;
#7761 = ORIENTED_EDGE ( 'NONE', *, *, #2590, .F. ) ;
#7762 = SURFACE_STYLE_FILL_AREA ( #7579 ) ;
#7763 = DIRECTION ( 'NONE',  ( 0.000000000000000000, 0.000000000000000000, 1.000000000000000000 ) ) ;
#7764 = CARTESIAN_POINT ( 'NONE',  ( 13.03909090176839314, 0.000000000000000000, -1.000000000000007772 ) ) ;
#7765 = DIRECTION ( 'NONE',  ( 1.013273058397668058E-16, -1.000000000000000000, -5.746557074399123046E-16 ) ) ;
#7766 = DIRECTION ( 'NONE',  ( -0.000000000000000000, -0.000000000000000000, 1.000000000000000000 ) ) ;
#7767 = DIRECTION ( 'NONE',  ( -8.329036727898294339E-17, 0.8219933076153586038, 0.5694971485754449780 ) ) ;
#7768 = PLANE ( 'NONE',  #511 ) ;
#7769 = PRESENTATION_LAYER_ASSIGNMENT (  '', '', ( #6741 ) ) ;
#7770 = CARTESIAN_POINT ( 'NONE',  ( 16.12933096038134551, 14.45765201367954766, -0.1172199486182099182 ) ) ;
#7771 = EDGE_CURVE ( 'NONE', #6548, #9717, #5968, .T. ) ;
#7772 = CARTESIAN_POINT ( 'NONE',  ( 6.105918254822883640, 14.99999999999999822, -0.2500000000000021094 ) ) ;
#7773 = CARTESIAN_POINT ( 'NONE',  ( 7.950000000000000178, -4.599999999999999645, -7.830000000000000071 ) ) ;
#7774 = CARTESIAN_POINT ( 'NONE',  ( 6.675767064385880190, 1.730887774041955929, 0.000000000000000000 ) ) ;
#7775 = EDGE_LOOP ( 'NONE', ( #1697, #11931, #10173, #11458 ) ) ;
#7776 = EDGE_CURVE ( 'NONE', #215, #4470, #6501, .T. ) ;
#7777 = DIRECTION ( 'NONE',  ( 0.000000000000000000, 0.000000000000000000, 1.000000000000000000 ) ) ;
#7778 = EDGE_CURVE ( 'NONE', #2007, #11919, #2948, .T. ) ;
#7780 = AXIS2_PLACEMENT_3D ( 'NONE', #59, #2165, #3263 ) ;
#7779 = FILL_AREA_STYLE ('',( #8802 ) ) ;
#7781 = DIRECTION ( 'NONE',  ( -1.000000000000000000, 0.000000000000000000, 0.000000000000000000 ) ) ;
#7782 = ORIENTED_EDGE ( 'NONE', *, *, #2832, .F. ) ;
#7783 = ORIENTED_EDGE ( 'NONE', *, *, #10125, .T. ) ;
#7784 =( LENGTH_UNIT ( ) NAMED_UNIT ( * ) SI_UNIT ( .MILLI., .METRE. ) );
#7785 = ORIENTED_EDGE ( 'NONE', *, *, #6677, .T. ) ;
#7786 = DIRECTION ( 'NONE',  ( 1.000000000000000000, 2.026546116795335870E-16, 0.000000000000000000 ) ) ;
#7787 = CIRCLE ( 'NONE', #3506, 0.5000000000000004441 ) ;
#7788 = UNCERTAINTY_MEASURE_WITH_UNIT (LENGTH_MEASURE( 1.000000000000000082E-05 ), #9767, 'distance_accuracy_value', 'NONE');
#7789 = LINE ( 'NONE', #8813, #1540 ) ;
#7790 = FACE_OUTER_BOUND ( 'NONE', #6117, .T. ) ;
#7791 = EDGE_CURVE ( 'NONE', #7406, #3693, #6878, .T. ) ;
#7792 = VERTEX_POINT ( 'NONE', #6948 ) ;
#7793 = ORIENTED_EDGE ( 'NONE', *, *, #7567, .F. ) ;
#7794 = CARTESIAN_POINT ( 'NONE',  ( 26.27700289271979628, 14.79563495755399316, 1.270549420881518494E-18 ) ) ;
#7795 = SURFACE_SIDE_STYLE ('',( #3873 ) ) ;
#7796 = ORIENTED_EDGE ( 'NONE', *, *, #9191, .F. ) ;
#7797 = CARTESIAN_POINT ( 'NONE',  ( 19.94855866409554679, 1.446110066005035942E-15, 0.000000000000000000 ) ) ;
#7798 = VERTEX_POINT ( 'NONE', #9815 ) ;
#7799 = DIRECTION ( 'NONE',  ( 0.000000000000000000, -0.000000000000000000, -1.000000000000000000 ) ) ;
#7800 = UNCERTAINTY_MEASURE_WITH_UNIT (LENGTH_MEASURE( 1.000000000000000082E-05 ), #158, 'distance_accuracy_value', 'NONE');
#7801 = CARTESIAN_POINT ( 'NONE',  ( 1.675767064385880412, 2.730887774041955929, 0.000000000000000000 ) ) ;
#7802 = ORIENTED_EDGE ( 'NONE', *, *, #8484, .T. ) ;
#7803 = ADVANCED_FACE ( 'NONE', ( #11945 ), #8148, .T. ) ;
#7804 = EDGE_CURVE ( 'NONE', #8884, #9007, #138, .T. ) ;
#7805 = CARTESIAN_POINT ( 'NONE',  ( 32.00000000000000000, 0.7437402936630167494, -17.46660796753807432 ) ) ;
#7806 = UNCERTAINTY_MEASURE_WITH_UNIT (LENGTH_MEASURE( 1.000000000000000082E-05 ), #1186, 'distance_accuracy_value', 'NONE');
#7807 = LINE ( 'NONE', #11705, #10934 ) ;
#7808 = ORIENTED_EDGE ( 'NONE', *, *, #2100, .T. ) ;
#7809 = DIRECTION ( 'NONE',  ( -0.000000000000000000, 0.000000000000000000, 1.000000000000000000 ) ) ;
#7810 = FACE_OUTER_BOUND ( 'NONE', #1692, .T. ) ;
#7811 = FILL_AREA_STYLE ('',( #11650 ) ) ;
#7812 = LINE ( 'NONE', #1665, #8177 ) ;
#7813 = MECHANICAL_DESIGN_GEOMETRIC_PRESENTATION_REPRESENTATION (  '', ( #12531 ), #3083 ) ;
#7814 = ORIENTED_EDGE ( 'NONE', *, *, #3140, .F. ) ;
#7815 = CARTESIAN_POINT ( 'NONE',  ( 32.00000000000000000, 0.000000000000000000, -1.000000000000007105 ) ) ;
#7816 = CARTESIAN_POINT ( 'NONE',  ( 5.000000000000000000, 0.7437402936630139738, -21.62877342318509477 ) ) ;
#7817 = CARTESIAN_POINT ( 'NONE',  ( 29.58318903853986725, 14.79584954382815987, -1.336935628122505903E-15 ) ) ;
#7818 = ADVANCED_FACE ( 'NONE', ( #3216 ), #4950, .F. ) ;
#7819 = DIRECTION ( 'NONE',  ( 1.000000000000000000, 0.000000000000000000, 0.000000000000000000 ) ) ;
#7820 = VECTOR ( 'NONE', #3477, 1000.000000000000000 ) ;
#7821 = VERTEX_POINT ( 'NONE', #396 ) ;
#7822 = VERTEX_POINT ( 'NONE', #2434 ) ;
#7823 = DIRECTION ( 'NONE',  ( 0.000000000000000000, 0.000000000000000000, 1.000000000000000000 ) ) ;
#7824 = DIRECTION ( 'NONE',  ( 1.000000000000000000, 0.000000000000000000, 0.000000000000000000 ) ) ;
#7825 = AXIS2_PLACEMENT_3D ( 'NONE', #11041, #4165, #8031 ) ;
#7826 = CARTESIAN_POINT ( 'NONE',  ( 12.94999999999999929, 0.000000000000000000, -7.830000000000000071 ) ) ;
#7827 = PLANE ( 'NONE',  #4619 ) ;
#7828 = LINE ( 'NONE', #4933, #1754 ) ;
#7829 = CARTESIAN_POINT ( 'NONE',  ( 26.12085837563301638, 9.999999999999998224, -0.1652703644666149441 ) ) ;
#7830 = AXIS2_PLACEMENT_3D ( 'NONE', #1668, #635, #5699 ) ;
#7831 = VECTOR ( 'NONE', #2381, 1000.000000000000114 ) ;
#7832 = DIRECTION ( 'NONE',  ( -0.09991521791465265978, -0.8178800156032710600, -0.5666473588625120517 ) ) ;
#7833 = LINE ( 'NONE', #7896, #9548 ) ;
#7834 = CARTESIAN_POINT ( 'NONE',  ( 32.00000000000000000, 15.00000000000000000, -4.000000000000028422 ) ) ;
#7835 = PRESENTATION_STYLE_ASSIGNMENT (( #3903 ) ) ;
#7836 = EDGE_LOOP ( 'NONE', ( #5157, #11911, #3417, #7415 ) ) ;
#7837 = DIRECTION ( 'NONE',  ( 0.000000000000000000, -1.000000000000000000, 0.000000000000000000 ) ) ;
#7838 = SURFACE_SIDE_STYLE ('',( #10517 ) ) ;
#7839 = CIRCLE ( 'NONE', #10481, 0.4000000000000010214 ) ;
#7840 =( NAMED_UNIT ( * ) PLANE_ANGLE_UNIT ( ) SI_UNIT ( $, .RADIAN. ) );
#7841 = DIRECTION ( 'NONE',  ( 0.000000000000000000, 0.000000000000000000, -1.000000000000000000 ) ) ;
#7842 = EDGE_LOOP ( 'NONE', ( #325, #5544, #8680, #7059 ) ) ;
#7843 = DIRECTION ( 'NONE',  ( -1.000000000000000000, -1.013273058397667935E-16, -0.000000000000000000 ) ) ;
#7844 = ORIENTED_EDGE ( 'NONE', *, *, #7455, .T. ) ;
#7845 = SURFACE_STYLE_USAGE ( .BOTH. , #7910 ) ;
#7846 = EDGE_CURVE ( 'NONE', #5244, #7345, #10139, .T. ) ;
#7847 = ORIENTED_EDGE ( 'NONE', *, *, #9871, .T. ) ;
#7848 = EDGE_CURVE ( 'NONE', #9195, #5105, #3487, .T. ) ;
#7849 = CIRCLE ( 'NONE', #9084, 0.4000000000000010214 ) ;
#7850 = DIRECTION ( 'NONE',  ( 0.9848077530122081313, 1.995758327656830446E-16, -0.1736481776669304700 ) ) ;
#7851 = CARTESIAN_POINT ( 'NONE',  ( 19.83000000000000185, 12.77659106982886783, -2.498455167896214579 ) ) ;
#7852 = PRESENTATION_LAYER_ASSIGNMENT (  '', '', ( #3736 ) ) ;
#7853 = ORIENTED_EDGE ( 'NONE', *, *, #12268, .T. ) ;
#7854 = DIRECTION ( 'NONE',  ( 1.000000000000000000, -0.000000000000000000, -0.000000000000000000 ) ) ;
#7855 = VERTEX_POINT ( 'NONE', #11105 ) ;
#7856 = DIRECTION ( 'NONE',  ( 0.000000000000000000, 1.000000000000000000, 0.000000000000000000 ) ) ;
#7857 = ORIENTED_EDGE ( 'NONE', *, *, #2370, .F. ) ;
#7858 = LINE ( 'NONE', #11895, #11332 ) ;
#7859 = AXIS2_PLACEMENT_3D ( 'NONE', #2850, #10672, #1862 ) ;
#7860 = FACE_OUTER_BOUND ( 'NONE', #3904, .T. ) ;
#7861 = ADVANCED_FACE ( 'NONE', ( #4491 ), #3418, .F. ) ;
#7862 = CARTESIAN_POINT ( 'NONE',  ( 19.06833203617090788, 9.242953882361234719, -10.00000000000000000 ) ) ;
#7863 = ADVANCED_FACE ( 'NONE', ( #7335 ), #3540, .F. ) ;
#7864 = CARTESIAN_POINT ( 'NONE',  ( 25.00000000000000000, 11.77659106982886783, -12.00000000000000000 ) ) ;
#7865 =( LENGTH_UNIT ( ) NAMED_UNIT ( * ) SI_UNIT ( .MILLI., .METRE. ) );
#7866 = EDGE_CURVE ( 'NONE', #211, #8804, #11238, .T. ) ;
#7867 = PRESENTATION_LAYER_ASSIGNMENT (  '', '', ( #7048 ) ) ;
#7868 = CARTESIAN_POINT ( 'NONE',  ( 32.00000000000000000, 1.000000000000007105, 0.000000000000000000 ) ) ;
#7869 = DIRECTION ( 'NONE',  ( -1.000000000000000000, 0.000000000000000000, -0.000000000000000000 ) ) ;
#7870 = FILL_AREA_STYLE ('',( #9840 ) ) ;
#7871 = AXIS2_PLACEMENT_3D ( 'NONE', #172, #8269, #6269 ) ;
#7872 = DIRECTION ( 'NONE',  ( 0.000000000000000000, -0.000000000000000000, 1.000000000000000000 ) ) ;
#7873 = CARTESIAN_POINT ( 'NONE',  ( 0.6757670643858804116, 5.698981658683065277, 0.000000000000000000 ) ) ;
#7874 = ORIENTED_EDGE ( 'NONE', *, *, #3791, .T. ) ;
#7875 = PRESENTATION_STYLE_ASSIGNMENT (( #8707 ) ) ;
#7876 = EDGE_CURVE ( 'NONE', #6707, #8884, #1437, .T. ) ;
#7877 =( NAMED_UNIT ( * ) SI_UNIT ( $, .STERADIAN. ) SOLID_ANGLE_UNIT ( ) );
#7878 = EDGE_CURVE ( 'NONE', #4768, #5493, #5397, .T. ) ;
#7879 = EDGE_LOOP ( 'NONE', ( #12056, #6754, #3687, #12033, #4059, #6683, #5677, #2642, #10301, #10723, #6272, #8615, #11354, #9877 ) ) ;
#7880 = CARTESIAN_POINT ( 'NONE',  ( 25.00000000000000000, 1.730887774041955929, 0.000000000000000000 ) ) ;
#7881 = DIRECTION ( 'NONE',  ( 0.000000000000000000, 0.000000000000000000, 1.000000000000000000 ) ) ;
#7882 = ORIENTED_EDGE ( 'NONE', *, *, #3390, .F. ) ;
#7883 = CARTESIAN_POINT ( 'NONE',  ( 6.192041270136349418, 14.56261116223706154, -0.04450167309611528788 ) ) ;
#7884 = DIRECTION ( 'NONE',  ( 0.000000000000000000, 0.000000000000000000, 1.000000000000000000 ) ) ;
#7885 = CARTESIAN_POINT ( 'NONE',  ( 29.83000000000000185, 13.99999999999999112, -12.00000000000000000 ) ) ;
#7886 = ORIENTED_EDGE ( 'NONE', *, *, #9834, .T. ) ;
#7887 =( GEOMETRIC_REPRESENTATION_CONTEXT ( 3 ) GLOBAL_UNCERTAINTY_ASSIGNED_CONTEXT ( ( #3812 ) ) GLOBAL_UNIT_ASSIGNED_CONTEXT ( ( #1440, #9385, #8424 ) ) REPRESENTATION_CONTEXT ( 'NONE', 'WORKASPACE' ) );
#7888 = ORIENTED_EDGE ( 'NONE', *, *, #3050, .F. ) ;
#7889 =( NAMED_UNIT ( * ) PLANE_ANGLE_UNIT ( ) SI_UNIT ( $, .RADIAN. ) );
#7890 = LINE ( 'NONE', #1884, #1711 ) ;
#7891 = VERTEX_POINT ( 'NONE', #2491 ) ;
#7892 = ADVANCED_FACE ( 'NONE', ( #11164 ), #6515, .T. ) ;
#7893 = FACE_OUTER_BOUND ( 'NONE', #10876, .T. ) ;
#7894 = CARTESIAN_POINT ( 'NONE',  ( 29.94855866409555034, 1.446110066005035942E-15, -10.00000000000000000 ) ) ;
#7895 = FILL_AREA_STYLE_COLOUR ( '', #8168 ) ;
#7896 = CARTESIAN_POINT ( 'NONE',  ( -6.595391950804084580, 14.56261116223713792, -0.04450167309616068906 ) ) ;
#7897 = ORIENTED_EDGE ( 'NONE', *, *, #9494, .F. ) ;
#7898 = DIRECTION ( 'NONE',  ( 0.000000000000000000, -1.000000000000000000, 0.000000000000000000 ) ) ;
#7899 = SURFACE_SIDE_STYLE ('',( #2094 ) ) ;
#7900 = AXIS2_PLACEMENT_3D ( 'NONE', #3553, #7595, #10519 ) ;
#7901 = CARTESIAN_POINT ( 'NONE',  ( 27.95000000000000284, -5.000000000000000000, -15.62999999999999723 ) ) ;
#7902 = CARTESIAN_POINT ( 'NONE',  ( 4.542180073764543025, 14.70498544938100416, -2.385244779468109755E-15 ) ) ;
#7903 = CARTESIAN_POINT ( 'NONE',  ( 15.00000000000000000, 0.000000000000000000, -21.62877342318509477 ) ) ;
#7904 = ORIENTED_EDGE ( 'NONE', *, *, #1598, .T. ) ;
#7905 = AXIS2_PLACEMENT_3D ( 'NONE', #2732, #6654, #10564 ) ;
#7906 = VECTOR ( 'NONE', #7290, 1000.000000000000000 ) ;
#7907 = CARTESIAN_POINT ( 'NONE',  ( 24.83000000000000185, 14.00000000000000000, -11.00000000000000178 ) ) ;
#7908 = MECHANICAL_DESIGN_GEOMETRIC_PRESENTATION_REPRESENTATION (  '', ( #12000 ), #11386 ) ;
#7909 = VERTEX_POINT ( 'NONE', #1500 ) ;
#7910 = SURFACE_SIDE_STYLE ('',( #3911 ) ) ;
#7911 = COLOUR_RGB ( '',1.000000000000000000, 0.5019607843137254832, 0.5019607843137254832 ) ;
#7912 = CARTESIAN_POINT ( 'NONE',  ( 7.950000000000000178, -5.000000000000000000, -15.62999999999999723 ) ) ;
#7913 = VECTOR ( 'NONE', #2454, 1000.000000000000000 ) ;
#7914 = CYLINDRICAL_SURFACE ( 'NONE', #2349, 0.9999999999999991118 ) ;
#7915 = PLANE ( 'NONE',  #8705 ) ;
#7916 = AXIS2_PLACEMENT_3D ( 'NONE', #10061, #444, #3328 ) ;
#7917 = VECTOR ( 'NONE', #829, 1000.000000000000000 ) ;
#7918 = PRESENTATION_LAYER_ASSIGNMENT (  '', '', ( #2152 ) ) ;
#7919 = FILL_AREA_STYLE_COLOUR ( '', #10575 ) ;
#7920 = ORIENTED_EDGE ( 'NONE', *, *, #3306, .F. ) ;
#7921 = DIRECTION ( 'NONE',  ( 0.000000000000000000, -1.000000000000000000, 0.000000000000000000 ) ) ;
#7922 = CIRCLE ( 'NONE', #12604, 0.4000000000000010214 ) ;
#7923 = ORIENTED_EDGE ( 'NONE', *, *, #7412, .T. ) ;
#7924 = COLOUR_RGB ( '',1.000000000000000000, 0.5019607843137254832, 0.5019607843137254832 ) ;
#7925 = LINE ( 'NONE', #3091, #7712 ) ;
#7926 = DIRECTION ( 'NONE',  ( -0.000000000000000000, -0.000000000000000000, 1.000000000000000000 ) ) ;
#7927 = EDGE_CURVE ( 'NONE', #4299, #969, #5458, .T. ) ;
#7928 = VERTEX_POINT ( 'NONE', #12136 ) ;
#7929 = ORIENTED_EDGE ( 'NONE', *, *, #4991, .T. ) ;
#7930 = FACE_OUTER_BOUND ( 'NONE', #63, .T. ) ;
#7931 = MECHANICAL_DESIGN_GEOMETRIC_PRESENTATION_REPRESENTATION (  '', ( #11542 ), #1641 ) ;
#7932 = ORIENTED_EDGE ( 'NONE', *, *, #11633, .T. ) ;
#7933 = CARTESIAN_POINT ( 'NONE',  ( 10.00000000000000178, 0.000000000000000000, -16.49999999999999289 ) ) ;
#7934 = STYLED_ITEM ( 'NONE', ( #9112 ), #8275 ) ;
#7935 = UNCERTAINTY_MEASURE_WITH_UNIT (LENGTH_MEASURE( 1.000000000000000082E-05 ), #11257, 'distance_accuracy_value', 'NONE');
#7936 = CIRCLE ( 'NONE', #12231, 1.000000000000000888 ) ;
#7937 = DIRECTION ( 'NONE',  ( 0.000000000000000000, -1.000000000000000000, -0.000000000000000000 ) ) ;
#7938 = DIRECTION ( 'NONE',  ( 1.000000000000000000, 1.070256409758549784E-16, -0.000000000000000000 ) ) ;
#7939 = STYLED_ITEM ( 'NONE', ( #11201 ), #12314 ) ;
#7940 = DIRECTION ( 'NONE',  ( 1.000000000000000000, 0.000000000000000000, 0.000000000000000000 ) ) ;
#7941 = AXIS2_PLACEMENT_3D ( 'NONE', #10389, #3604, #5523 ) ;
#7942 = VERTEX_POINT ( 'NONE', #11534 ) ;
#7943 = DIRECTION ( 'NONE',  ( 0.000000000000000000, 0.000000000000000000, 1.000000000000000000 ) ) ;
#7944 = DIRECTION ( 'NONE',  ( -0.09991521791465321489, 0.8178800156032710600, 0.5666473588625119406 ) ) ;
#7945 = EDGE_CURVE ( 'NONE', #10854, #1157, #9378, .T. ) ;
#7946 = EDGE_CURVE ( 'NONE', #5446, #11113, #12045, .T. ) ;
#7947 = AXIS2_PLACEMENT_3D ( 'NONE', #5403, #8368, #11175 ) ;
#7948 = SURFACE_SIDE_STYLE ('',( #3172 ) ) ;
#7949 = CARTESIAN_POINT ( 'NONE',  ( 22.95000000000000284, -5.000000000000000000, -7.429999999999998828 ) ) ;
#7950 = ORIENTED_EDGE ( 'NONE', *, *, #11221, .F. ) ;
#7951 = ORIENTED_EDGE ( 'NONE', *, *, #5899, .F. ) ;
#7952 = LINE ( 'NONE', #7239, #7312 ) ;
#7953 = VERTEX_POINT ( 'NONE', #762 ) ;
#7954 = UNCERTAINTY_MEASURE_WITH_UNIT (LENGTH_MEASURE( 1.000000000000000082E-05 ), #11853, 'distance_accuracy_value', 'NONE');
#7955 = VERTEX_POINT ( 'NONE', #6605 ) ;
#7956 = CARTESIAN_POINT ( 'NONE',  ( 8.404608049195916308, 12.20709392125342241, -1.676461860280853200 ) ) ;
#7957 = VECTOR ( 'NONE', #1024, 1000.000000000000000 ) ;
#7958 = CARTESIAN_POINT ( 'NONE',  ( 12.94999999999999929, -4.599999999999999645, -7.029999999999999361 ) ) ;
#7959 = ORIENTED_EDGE ( 'NONE', *, *, #6474, .F. ) ;
#7960 = CYLINDRICAL_SURFACE ( 'NONE', #6156, 0.5000000000000004441 ) ;
#7961 = CARTESIAN_POINT ( 'NONE',  ( 0.6757670643858804116, 0.000000000000000000, -10.00000000000000000 ) ) ;
#7962 = EDGE_CURVE ( 'NONE', #1774, #7055, #5635, .T. ) ;
#7963 = ORIENTED_EDGE ( 'NONE', *, *, #8993, .T. ) ;
#7964 = ORIENTED_EDGE ( 'NONE', *, *, #1311, .T. ) ;
#7965 = PRESENTATION_LAYER_ASSIGNMENT (  '', '', ( #9586 ) ) ;
#7966 = SURFACE_SIDE_STYLE ('',( #11987 ) ) ;
#7967 = CYLINDRICAL_SURFACE ( 'NONE', #3205, 1.000000000000000888 ) ;
#7968 = CARTESIAN_POINT ( 'NONE',  ( 14.83000000000000362, 13.99999999999999112, -12.00000000000000000 ) ) ;
#7969 = DIRECTION ( 'NONE',  ( -1.000000000000000000, 0.000000000000000000, -0.000000000000000000 ) ) ;
#7970 = FACE_OUTER_BOUND ( 'NONE', #12110, .T. ) ;
#7971 = MECHANICAL_DESIGN_GEOMETRIC_PRESENTATION_REPRESENTATION (  '', ( #2200 ), #11848 ) ;
#7972 = DIRECTION ( 'NONE',  ( 1.000000000000000000, 2.026546116795335870E-16, -0.000000000000000000 ) ) ;
#7973 = LINE ( 'NONE', #2093, #3558 ) ;
#7974 = PLANE ( 'NONE',  #1935 ) ;
#7975 = EDGE_CURVE ( 'NONE', #9198, #6448, #10573, .T. ) ;
#7976 = EDGE_CURVE ( 'NONE', #434, #3821, #2803, .T. ) ;
#7977 = SURFACE_STYLE_USAGE ( .BOTH. , #7071 ) ;
#7978 = DIRECTION ( 'NONE',  ( -1.000000000000000000, 0.000000000000000000, 0.000000000000000000 ) ) ;
#7979 = ORIENTED_EDGE ( 'NONE', *, *, #9111, .F. ) ;
#7980 = CARTESIAN_POINT ( 'NONE',  ( 24.94855866409554679, 2.730887774041963034, -10.00000000000000000 ) ) ;
#7981 = DIRECTION ( 'NONE',  ( 0.000000000000000000, 0.000000000000000000, 1.000000000000000000 ) ) ;
#7982 = EDGE_LOOP ( 'NONE', ( #11199, #5530, #2714, #10872 ) ) ;
#7983 =( LENGTH_UNIT ( ) NAMED_UNIT ( * ) SI_UNIT ( .MILLI., .METRE. ) );
#7984 = DIRECTION ( 'NONE',  ( -0.000000000000000000, -0.000000000000000000, 1.000000000000000000 ) ) ;
#7985 = EDGE_LOOP ( 'NONE', ( #11317, #4443, #5213, #10304 ) ) ;
#7986 = CARTESIAN_POINT ( 'NONE',  ( 30.03000000000000114, 15.00000000000000000, -4.000000000000027534 ) ) ;
#7987 =( LENGTH_UNIT ( ) NAMED_UNIT ( * ) SI_UNIT ( .MILLI., .METRE. ) );
#7988 = PRESENTATION_STYLE_ASSIGNMENT (( #4890 ) ) ;
#7989 = EDGE_CURVE ( 'NONE', #7211, #3698, #4615, .T. ) ;
#7990 = PRESENTATION_STYLE_ASSIGNMENT (( #5154 ) ) ;
#7991 = ORIENTED_EDGE ( 'NONE', *, *, #11511, .F. ) ;
#7992 = CARTESIAN_POINT ( 'NONE',  ( 7.950000000000000178, 0.000000000000000000, -7.029999999999999361 ) ) ;
#7993 = ORIENTED_EDGE ( 'NONE', *, *, #9440, .F. ) ;
#7994 = LINE ( 'NONE', #9896, #7119 ) ;
#7995 = CARTESIAN_POINT ( 'NONE',  ( 21.12085837563301638, 9.999999999999998224, -0.1652703644666149441 ) ) ;
#7996 = EDGE_LOOP ( 'NONE', ( #9926, #11348, #2180, #4275 ) ) ;
#7997 = LINE ( 'NONE', #90, #7453 ) ;
#7998 = EDGE_LOOP ( 'NONE', ( #11452, #5745, #4571, #2061, #12423, #277 ) ) ;
#7999 = DIRECTION ( 'NONE',  ( -2.026546116795335870E-16, 1.000000000000000000, -0.000000000000000000 ) ) ;
#8000 =( NAMED_UNIT ( * ) SI_UNIT ( $, .STERADIAN. ) SOLID_ANGLE_UNIT ( ) );
#8001 = MECHANICAL_DESIGN_GEOMETRIC_PRESENTATION_REPRESENTATION (  '', ( #4701 ), #4909 ) ;
#8002 = ORIENTED_EDGE ( 'NONE', *, *, #11337, .T. ) ;
#8003 = CARTESIAN_POINT ( 'NONE',  ( 5.000000000000000000, 0.000000000000000000, 0.5000000000000000000 ) ) ;
#8004 =( LENGTH_UNIT ( ) NAMED_UNIT ( * ) SI_UNIT ( .MILLI., .METRE. ) );
#8005 = CYLINDRICAL_SURFACE ( 'NONE', #9369, 0.9999999999999991118 ) ;
#8006 = DIRECTION ( 'NONE',  ( 2.026546116795335870E-16, -1.000000000000000000, 0.000000000000000000 ) ) ;
#8007 = ORIENTED_EDGE ( 'NONE', *, *, #9072, .T. ) ;
#8008 =( BOUNDED_CURVE ( )  B_SPLINE_CURVE ( 3, ( #5891, #12616, #12689, #3890 ),
 .UNSPECIFIED., .F., .T. ) 
 B_SPLINE_CURVE_WITH_KNOTS ( ( 4, 4 ),
 ( 4.366621810783946955, 4.712388980384695003 ),
 .UNSPECIFIED. ) 
 CURVE ( )  GEOMETRIC_REPRESENTATION_ITEM ( )  RATIONAL_B_SPLINE_CURVE ( ( 1.000000000000000000, 0.9900618788928984282, 0.9900618788928984282, 1.000000000000000000 ) ) 
 REPRESENTATION_ITEM ( '' )  );
#8009 = FACE_OUTER_BOUND ( 'NONE', #2841, .T. ) ;
#8010 = CARTESIAN_POINT ( 'NONE',  ( 32.00000000000000000, 0.000000000000000000, -1.000000000000007105 ) ) ;
#8011 = DIRECTION ( 'NONE',  ( 0.000000000000000000, 1.000000000000000000, 0.000000000000000000 ) ) ;
#8012 = EDGE_CURVE ( 'NONE', #5549, #11198, #3642, .T. ) ;
#8013 = ADVANCED_FACE ( 'NONE', ( #6666 ), #11477, .T. ) ;
#8014 = DIRECTION ( 'NONE',  ( 1.000000000000000000, 0.000000000000000000, 0.000000000000000000 ) ) ;
#8015 = ORIENTED_EDGE ( 'NONE', *, *, #2931, .F. ) ;
#8016 = LINE ( 'NONE', #9998, #1408 ) ;
#8017 = LINE ( 'NONE', #11917, #11384 ) ;
#8018 = PRESENTATION_LAYER_ASSIGNMENT (  '', '', ( #9235 ) ) ;
#8019 = VERTEX_POINT ( 'NONE', #8476 ) ;
#8020 = ORIENTED_EDGE ( 'NONE', *, *, #3081, .T. ) ;
#8021 = APPLICATION_PROTOCOL_DEFINITION ( 'draft international standard', 'automotive_design', 1998, #2556 ) ;
#8022 = LINE ( 'NONE', #1096, #2504 ) ;
#8023 = CARTESIAN_POINT ( 'NONE',  ( 9.068332036170907884, 9.242953882361234719, 0.000000000000000000 ) ) ;
#8024 = CARTESIAN_POINT ( 'NONE',  ( 16.27390809505315872, 14.65589039322995291, 3.547410800721957237E-17 ) ) ;
#8025 = ADVANCED_FACE ( 'NONE', ( #7585 ), #94, .T. ) ;
#8026 = DIRECTION ( 'NONE',  ( 1.000000000000000000, 0.000000000000000000, 0.000000000000000000 ) ) ;
#8027 = SURFACE_STYLE_FILL_AREA ( #2091 ) ;
#8028 = CARTESIAN_POINT ( 'NONE',  ( 21.03000000000000114, 11.77659106982886605, -12.00000000000000000 ) ) ;
#8029 = DIRECTION ( 'NONE',  ( 2.026546116795336363E-16, -1.000000000000000000, -1.376838949271375885E-31 ) ) ;
#8030 = CARTESIAN_POINT ( 'NONE',  ( 4.068332036170907884, 0.000000000000000000, 0.000000000000000000 ) ) ;
#8031 = DIRECTION ( 'NONE',  ( 0.000000000000000000, 0.000000000000000000, 1.000000000000000000 ) ) ;
#8032 = PRESENTATION_STYLE_ASSIGNMENT (( #4103 ) ) ;
#8033 = DIRECTION ( 'NONE',  ( -1.000000000000000000, 0.000000000000000000, 0.000000000000000000 ) ) ;
#8034 = ORIENTED_EDGE ( 'NONE', *, *, #2113, .T. ) ;
#8035 = CARTESIAN_POINT ( 'NONE',  ( 4.542180073764543025, 14.75000000000000000, -2.385244779468109755E-15 ) ) ;
#8036 = MECHANICAL_DESIGN_GEOMETRIC_PRESENTATION_REPRESENTATION (  '', ( #8443 ), #1221 ) ;
#8037 = VERTEX_POINT ( 'NONE', #11424 ) ;
#8038 = CARTESIAN_POINT ( 'NONE',  ( 5.830000000000000071, 10.99999999999997158, -1.000000000000000000 ) ) ;
#8039 = ADVANCED_FACE ( 'NONE', ( #9496 ), #10632, .T. ) ;
#8040 = EDGE_CURVE ( 'NONE', #1976, #9818, #3222, .T. ) ;
#8041 = DIRECTION ( 'NONE',  ( -0.000000000000000000, 1.000000000000000000, -0.000000000000000000 ) ) ;
#8042 = ORIENTED_EDGE ( 'NONE', *, *, #7471, .T. ) ;
#8043 = AXIS2_PLACEMENT_3D ( 'NONE', #4803, #6742, #12770 ) ;
#8044 = AXIS2_PLACEMENT_3D ( 'NONE', #4905, #12733, #3928 ) ;
#8045 = B_SPLINE_CURVE_WITH_KNOTS ( 'NONE', 3,
 ( #11537, #6555, #8609, #12499 ),
 .UNSPECIFIED., .F., .F.,
 ( 4, 4 ),
 ( -3.162297181308259038E-06, 0.0001944400282724706702 ),
 .UNSPECIFIED. ) ;
#8046 =( NAMED_UNIT ( * ) PLANE_ANGLE_UNIT ( ) SI_UNIT ( $, .RADIAN. ) );
#8047 = EDGE_LOOP ( 'NONE', ( #2339, #5286, #9075, #4024 ) ) ;
#8048 =( GEOMETRIC_REPRESENTATION_CONTEXT ( 3 ) GLOBAL_UNCERTAINTY_ASSIGNED_CONTEXT ( ( #8419 ) ) GLOBAL_UNIT_ASSIGNED_CONTEXT ( ( #6223, #12079, #1308 ) ) REPRESENTATION_CONTEXT ( 'NONE', 'WORKASPACE' ) );
#8049 =( LENGTH_UNIT ( ) NAMED_UNIT ( * ) SI_UNIT ( .MILLI., .METRE. ) );
#8050 = EDGE_LOOP ( 'NONE', ( #4377, #2926, #7440, #10126 ) ) ;
#8051 = LINE ( 'NONE', #10929, #8529 ) ;
#8052 = LINE ( 'NONE', #3155, #4739 ) ;
#8053 = ORIENTED_EDGE ( 'NONE', *, *, #1944, .F. ) ;
#8054 = CYLINDRICAL_SURFACE ( 'NONE', #3397, 0.9999999999999991118 ) ;
#8055 = AXIS2_PLACEMENT_3D ( 'NONE', #3476, #1370, #11095 ) ;
#8056 = VERTEX_POINT ( 'NONE', #10505 ) ;
#8057 = DIRECTION ( 'NONE',  ( 0.000000000000000000, 0.000000000000000000, 1.000000000000000000 ) ) ;
#8058 = COLOUR_RGB ( '',1.000000000000000000, 0.5019607843137254832, 0.5019607843137254832 ) ;
#8059 = EDGE_CURVE ( 'NONE', #6016, #6511, #4683, .T. ) ;
#8060 = FACE_OUTER_BOUND ( 'NONE', #1987, .T. ) ;
#8061 = ORIENTED_EDGE ( 'NONE', *, *, #10422, .F. ) ;
#8062 = LINE ( 'NONE', #11898, #9535 ) ;
#8063 = PRESENTATION_STYLE_ASSIGNMENT (( #6326 ) ) ;
#8064 = ORIENTED_EDGE ( 'NONE', *, *, #9259, .T. ) ;
#8065 =( LENGTH_UNIT ( ) NAMED_UNIT ( * ) SI_UNIT ( .MILLI., .METRE. ) );
#8066 = VERTEX_POINT ( 'NONE', #7968 ) ;
#8067 =( NAMED_UNIT ( * ) PLANE_ANGLE_UNIT ( ) SI_UNIT ( $, .RADIAN. ) );
#8068 = AXIS2_PLACEMENT_3D ( 'NONE', #7374, #1735, #8706 ) ;
#8069 = CARTESIAN_POINT ( 'NONE',  ( 4.068332036170907884, 9.242953882361234719, -10.00000000000000000 ) ) ;
#8070 = PRESENTATION_LAYER_ASSIGNMENT (  '', '', ( #1655 ) ) ;
#8071 = DIRECTION ( 'NONE',  ( 0.000000000000000000, -0.000000000000000000, -1.000000000000000000 ) ) ;
#8072 = DIRECTION ( 'NONE',  ( 0.000000000000000000, 1.000000000000000000, -0.000000000000000000 ) ) ;
#8073 = DIRECTION ( 'NONE',  ( -1.000000000000000000, -1.070256409758549784E-16, 0.000000000000000000 ) ) ;
#8074 = ORIENTED_EDGE ( 'NONE', *, *, #7171, .F. ) ;
#8075 = SURFACE_STYLE_FILL_AREA ( #8204 ) ;
#8076 = DIRECTION ( 'NONE',  ( -1.000000000000000000, -0.000000000000000000, -0.000000000000000000 ) ) ;
#8077 = CONICAL_SURFACE ( 'NONE', #7051, 0.1873162273354073148, 0.4886921905584152848 ) ;
#8078 = ORIENTED_EDGE ( 'NONE', *, *, #11618, .F. ) ;
#8079 = FILL_AREA_STYLE_COLOUR ( '', #10516 ) ;
#8080 = ORIENTED_EDGE ( 'NONE', *, *, #2516, .F. ) ;
#8081 = VERTEX_POINT ( 'NONE', #4869 ) ;
#8082 = DIRECTION ( 'NONE',  ( -1.000000000000000000, -0.000000000000000000, -0.000000000000000000 ) ) ;
#8083 = CARTESIAN_POINT ( 'NONE',  ( 13.94855866409554856, 2.730887774041955929, -10.00000000000000000 ) ) ;
#8084 = EDGE_CURVE ( 'NONE', #10218, #3101, #8566, .T. ) ;
#8085 =( NAMED_UNIT ( * ) SI_UNIT ( $, .STERADIAN. ) SOLID_ANGLE_UNIT ( ) );
#8086 = DIRECTION ( 'NONE',  ( -1.000000000000000000, -1.070256409758549661E-16, 0.000000000000000000 ) ) ;
#8087 = EDGE_LOOP ( 'NONE', ( #11053, #8964, #10938, #2608 ) ) ;
#8088 = LINE ( 'NONE', #2021, #7957 ) ;
#8089 = DIRECTION ( 'NONE',  ( 1.000000000000000000, 0.000000000000000000, 0.000000000000000000 ) ) ;
#8090 = LINE ( 'NONE', #9054, #12447 ) ;
#8091 = UNCERTAINTY_MEASURE_WITH_UNIT (LENGTH_MEASURE( 1.000000000000000082E-05 ), #2252, 'distance_accuracy_value', 'NONE');
#8092 = VECTOR ( 'NONE', #5758, 1000.000000000000000 ) ;
#8093 = DIRECTION ( 'NONE',  ( -1.000000000000000000, 0.000000000000000000, 0.000000000000000000 ) ) ;
#8094 = DIRECTION ( 'NONE',  ( 0.000000000000000000, 0.000000000000000000, 1.000000000000000000 ) ) ;
#8095 = STYLED_ITEM ( 'NONE', ( #7988 ), #2773 ) ;
#8096 = CYLINDRICAL_SURFACE ( 'NONE', #2038, 0.4000000000000001887 ) ;
#8097 = EDGE_CURVE ( 'NONE', #3910, #8893, #10190, .T. ) ;
#8098 = CARTESIAN_POINT ( 'NONE',  ( 27.95000000000000284, -5.000000000000000000, -7.242683772664591402 ) ) ;
#8099 = ORIENTED_EDGE ( 'NONE', *, *, #9584, .T. ) ;
#8100 = CARTESIAN_POINT ( 'NONE',  ( -0.000000000000000000, 1.730887774041955929, 0.000000000000000000 ) ) ;
#8101 = PLANE ( 'NONE',  #10370 ) ;
#8102 = CARTESIAN_POINT ( 'NONE',  ( 1.111024402402949418, 15.00000000000000000, -0.2210415980608900210 ) ) ;
#8103 = AXIS2_PLACEMENT_3D ( 'NONE', #9657, #9421, #1603 ) ;
#8104 = EDGE_LOOP ( 'NONE', ( #4543, #7888, #6633, #8172 ) ) ;
#8105 = CARTESIAN_POINT ( 'NONE',  ( 3.039090901768393138, 0.7437402936630143069, -18.00000000000000355 ) ) ;
#8106 =( GEOMETRIC_REPRESENTATION_CONTEXT ( 3 ) GLOBAL_UNCERTAINTY_ASSIGNED_CONTEXT ( ( #2077 ) ) GLOBAL_UNIT_ASSIGNED_CONTEXT ( ( #1972, #11680, #5911 ) ) REPRESENTATION_CONTEXT ( 'NONE', 'WORKASPACE' ) );
#8107 = LINE ( 'NONE', #11947, #6715 ) ;
#8108 = MECHANICAL_DESIGN_GEOMETRIC_PRESENTATION_REPRESENTATION (  '', ( #3626 ), #5231 ) ;
#8109 = DIRECTION ( 'NONE',  ( -1.000000000000000000, 0.000000000000000000, 0.000000000000000000 ) ) ;
#8110 = LINE ( 'NONE', #12, #11414 ) ;
#8111 = ORIENTED_EDGE ( 'NONE', *, *, #583, .F. ) ;
#8112 = DIRECTION ( 'NONE',  ( 1.000000000000000000, 0.000000000000000000, 0.000000000000000000 ) ) ;
#8113 = AXIS2_PLACEMENT_3D ( 'NONE', #10253, #3404, #10131 ) ;
#8114 = EDGE_CURVE ( 'NONE', #3552, #7792, #6215, .T. ) ;
#8115 = ORIENTED_EDGE ( 'NONE', *, *, #7198, .T. ) ;
#8116 = VECTOR ( 'NONE', #11682, 1000.000000000000000 ) ;
#8117 = EDGE_CURVE ( 'NONE', #9291, #6724, #9052, .T. ) ;
#8118 = DIRECTION ( 'NONE',  ( -0.000000000000000000, -0.000000000000000000, 1.000000000000000000 ) ) ;
#8119 = SURFACE_SIDE_STYLE ('',( #1989 ) ) ;
#8120 = VERTEX_POINT ( 'NONE', #54 ) ;
#8121 = AXIS2_PLACEMENT_3D ( 'NONE', #7903, #11814, #2032 ) ;
#8122 = COLOUR_RGB ( '',1.000000000000000000, 0.5019607843137254832, 0.5019607843137254832 ) ;
#8123 = DIRECTION ( 'NONE',  ( -1.000000000000000000, -1.070256409758549784E-16, 0.000000000000000000 ) ) ;
#8124 = AXIS2_PLACEMENT_3D ( 'NONE', #685, #6531, #8638 ) ;
#8125 = DIRECTION ( 'NONE',  ( -0.000000000000000000, 1.000000000000000000, -0.000000000000000000 ) ) ;
#8126 = CIRCLE ( 'NONE', #7505, 0.9999999999999991118 ) ;
#8127 = VECTOR ( 'NONE', #8072, 1000.000000000000000 ) ;
#8128 = SURFACE_SIDE_STYLE ('',( #420 ) ) ;
#8129 = MECHANICAL_DESIGN_GEOMETRIC_PRESENTATION_REPRESENTATION (  '', ( #875 ), #12607 ) ;
#8130 = EDGE_CURVE ( 'NONE', #8981, #10802, #11837, .T. ) ;
#8131 = ADVANCED_FACE ( 'NONE', ( #1167 ), #12765, .F. ) ;
#8132 = FILL_AREA_STYLE ('',( #3301 ) ) ;
#8133 = ADVANCED_FACE ( 'NONE', ( #7893 ), #11729, .F. ) ;
#8134 = ORIENTED_EDGE ( 'NONE', *, *, #8402, .T. ) ;
#8135 =( GEOMETRIC_REPRESENTATION_CONTEXT ( 3 ) GLOBAL_UNCERTAINTY_ASSIGNED_CONTEXT ( ( #8838 ) ) GLOBAL_UNIT_ASSIGNED_CONTEXT ( ( #66, #2870, #8922 ) ) REPRESENTATION_CONTEXT ( 'NONE', 'WORKASPACE' ) );
#8136 =( NAMED_UNIT ( * ) SI_UNIT ( $, .STERADIAN. ) SOLID_ANGLE_UNIT ( ) );
#8137 = VECTOR ( 'NONE', #2253, 1000.000000000000227 ) ;
#8138 = CARTESIAN_POINT ( 'NONE',  ( 10.00000000000000000, 9.742953882361238271, -10.00000000000000000 ) ) ;
#8139 = DIRECTION ( 'NONE',  ( -0.000000000000000000, -0.000000000000000000, 1.000000000000000000 ) ) ;
#8140 = FILL_AREA_STYLE ('',( #1208 ) ) ;
#8141 = EDGE_LOOP ( 'NONE', ( #11255, #7796, #3090, #5529 ) ) ;
#8142 = MECHANICAL_DESIGN_GEOMETRIC_PRESENTATION_REPRESENTATION (  '', ( #9169 ), #10786 ) ;
#8143 = DIRECTION ( 'NONE',  ( 0.000000000000000000, -0.000000000000000000, -1.000000000000000000 ) ) ;
#8144 = SURFACE_STYLE_FILL_AREA ( #433 ) ;
#8145 = CIRCLE ( 'NONE', #2592, 0.9999999999999991118 ) ;
#8146 = DIRECTION ( 'NONE',  ( 0.000000000000000000, -0.000000000000000000, -1.000000000000000000 ) ) ;
#8147 =( GEOMETRIC_REPRESENTATION_CONTEXT ( 3 ) GLOBAL_UNCERTAINTY_ASSIGNED_CONTEXT ( ( #2138 ) ) GLOBAL_UNIT_ASSIGNED_CONTEXT ( ( #9417, #9472, #5427 ) ) REPRESENTATION_CONTEXT ( 'NONE', 'WORKASPACE' ) );
#8148 = CONICAL_SURFACE ( 'NONE', #12429, 0.1873162273354038454, 0.4886921905584215020 ) ;
#8149 = ORIENTED_EDGE ( 'NONE', *, *, #3190, .F. ) ;
#8150 = ORIENTED_EDGE ( 'NONE', *, *, #11670, .T. ) ;
#8151 = COLOUR_RGB ( '',0.8313725490196077761, 0.8392156862745098200, 0.8313725490196077761 ) ;
#8152 = EDGE_CURVE ( 'NONE', #10528, #10182, #8088, .T. ) ;
#8153 = ORIENTED_EDGE ( 'NONE', *, *, #8431, .F. ) ;
#8154 = CARTESIAN_POINT ( 'NONE',  ( 5.000000000000000000, 0.000000000000000000, -18.00000000000000355 ) ) ;
#8155 = SURFACE_STYLE_USAGE ( .BOTH. , #10832 ) ;
#8156 = FACE_OUTER_BOUND ( 'NONE', #10554, .T. ) ;
#8157 = DIRECTION ( 'NONE',  ( -0.000000000000000000, 1.000000000000000000, -0.000000000000000000 ) ) ;
#8158 = ORIENTED_EDGE ( 'NONE', *, *, #8511, .T. ) ;
#8159 = ORIENTED_EDGE ( 'NONE', *, *, #10503, .T. ) ;
#8160 = VECTOR ( 'NONE', #12317, 1000.000000000000000 ) ;
#8161 = STYLED_ITEM ( 'NONE', ( #12579 ), #5782 ) ;
#8162 = DIRECTION ( 'NONE',  ( 0.000000000000000000, 1.000000000000000000, 0.000000000000000000 ) ) ;
#8163 = DIRECTION ( 'NONE',  ( 1.000000000000000000, 0.000000000000000000, 0.000000000000000000 ) ) ;
#8164 = VERTEX_POINT ( 'NONE', #12697 ) ;
#8165 = DIRECTION ( 'NONE',  ( 0.000000000000000000, 0.000000000000000000, 1.000000000000000000 ) ) ;
#8166 = CARTESIAN_POINT ( 'NONE',  ( 25.00000000000000000, -3.659182332138577465E-16, -21.62877342318509477 ) ) ;
#8167 = AXIS2_PLACEMENT_3D ( 'NONE', #5088, #140, #975 ) ;
#8168 = COLOUR_RGB ( '',0.8313725490196077761, 0.8392156862745098200, 0.8313725490196077761 ) ;
#8169 = ORIENTED_EDGE ( 'NONE', *, *, #11731, .T. ) ;
#8170 = CYLINDRICAL_SURFACE ( 'NONE', #3901, 0.4000000000000010214 ) ;
#8171 =( NAMED_UNIT ( * ) PLANE_ANGLE_UNIT ( ) SI_UNIT ( $, .RADIAN. ) );
#8172 = ORIENTED_EDGE ( 'NONE', *, *, #1932, .T. ) ;
#8173 = SURFACE_SIDE_STYLE ('',( #9005 ) ) ;
#8174 = CARTESIAN_POINT ( 'NONE',  ( 0.000000000000000000, 1.000000000000007105, -17.50000000000000000 ) ) ;
#8175 = ORIENTED_EDGE ( 'NONE', *, *, #3050, .T. ) ;
#8176 = CARTESIAN_POINT ( 'NONE',  ( 12.94999999999999929, -5.000000000000000000, -7.429999999999998828 ) ) ;
#8177 = VECTOR ( 'NONE', #6585, 1000.000000000000000 ) ;
#8178 = SURFACE_STYLE_USAGE ( .BOTH. , #1120 ) ;
#8179 = FILL_AREA_STYLE_COLOUR ( '', #6444 ) ;
#8180 = EDGE_CURVE ( 'NONE', #6546, #6005, #10961, .T. ) ;
#8181 = SURFACE_STYLE_FILL_AREA ( #12088 ) ;
#8182 = ADVANCED_FACE ( 'NONE', ( #5824 ), #5070, .T. ) ;
#8183 = ORIENTED_EDGE ( 'NONE', *, *, #7778, .T. ) ;
#8184 = DIRECTION ( 'NONE',  ( 1.000000000000000000, 2.026546116795335870E-16, -0.000000000000000000 ) ) ;
#8185 = VERTEX_POINT ( 'NONE', #3896 ) ;
#8186 = DIRECTION ( 'NONE',  ( -2.922285384827992868E-16, 1.000000000000000000, 0.000000000000000000 ) ) ;
#8187 = CARTESIAN_POINT ( 'NONE',  ( 18.56833203617090788, 9.242953882361238271, -10.00000000000000000 ) ) ;
#8188 = FACE_OUTER_BOUND ( 'NONE', #2643, .T. ) ;
#8189 = EDGE_LOOP ( 'NONE', ( #11985, #9022 ) ) ;
#8190 = DIRECTION ( 'NONE',  ( 1.000000000000000000, 2.026546116795335870E-16, -0.000000000000000000 ) ) ;
#8191 = ORIENTED_EDGE ( 'NONE', *, *, #9671, .F. ) ;
#8192 = DIRECTION ( 'NONE',  ( 0.000000000000000000, 0.000000000000000000, 1.000000000000000000 ) ) ;
#8193 = LINE ( 'NONE', #2316, #3811 ) ;
#8194 = FACE_OUTER_BOUND ( 'NONE', #7775, .T. ) ;
#8195 = EDGE_CURVE ( 'NONE', #9632, #5925, #7828, .T. ) ;
#8196 = LINE ( 'NONE', #160, #4532 ) ;
#8197 = CARTESIAN_POINT ( 'NONE',  ( 11.12933096038135083, 14.45765201367955122, -0.1172199486182097378 ) ) ;
#8198 = SURFACE_SIDE_STYLE ('',( #11331 ) ) ;
#8199 = ORIENTED_EDGE ( 'NONE', *, *, #440, .T. ) ;
#8200 = VECTOR ( 'NONE', #8236, 1000.000000000000000 ) ;
#8201 = CARTESIAN_POINT ( 'NONE',  ( 24.58567717043704803, 14.65635408178981081, -1.400895289688119902E-15 ) ) ;
#8202 = EDGE_CURVE ( 'NONE', #5773, #2262, #8984, .T. ) ;
#8203 = ADVANCED_FACE ( 'NONE', ( #2090 ), #10896, .F. ) ;
#8204 = FILL_AREA_STYLE ('',( #6079 ) ) ;
#8205 = ORIENTED_EDGE ( 'NONE', *, *, #11870, .T. ) ;
#8206 = CARTESIAN_POINT ( 'NONE',  ( 5.000000000000000000, 9.742953882361238271, -10.00000000000000000 ) ) ;
#8207 = ORIENTED_EDGE ( 'NONE', *, *, #5342, .F. ) ;
#8208 = ORIENTED_EDGE ( 'NONE', *, *, #11218, .F. ) ;
#8209 = DIRECTION ( 'NONE',  ( 0.000000000000000000, -1.000000000000000000, 0.000000000000000000 ) ) ;
#8210 = DIRECTION ( 'NONE',  ( -1.000000000000000000, 0.000000000000000000, -0.000000000000000000 ) ) ;
#8211 = CARTESIAN_POINT ( 'NONE',  ( 20.00000000000000000, 0.7437402936630139738, -17.46660796753807432 ) ) ;
#8212 = ORIENTED_EDGE ( 'NONE', *, *, #6932, .T. ) ;
#8213 = CARTESIAN_POINT ( 'NONE',  ( 7.950000000000000178, -4.599999999999999645, -15.62999999999999723 ) ) ;
#8214 = DIRECTION ( 'NONE',  ( 0.000000000000000000, 0.000000000000000000, 1.000000000000000000 ) ) ;
#8215 = EDGE_CURVE ( 'NONE', #468, #6458, #10776, .T. ) ;
#8216 = ADVANCED_FACE ( 'NONE', ( #10693 ), #9731, .F. ) ;
#8217 =( NAMED_UNIT ( * ) PLANE_ANGLE_UNIT ( ) SI_UNIT ( $, .RADIAN. ) );
#8218 = VECTOR ( 'NONE', #11485, 1000.000000000000000 ) ;
#8219 = SURFACE_STYLE_USAGE ( .BOTH. , #4229 ) ;
#8220 = ORIENTED_EDGE ( 'NONE', *, *, #4802, .F. ) ;
#8221 =( NAMED_UNIT ( * ) SI_UNIT ( $, .STERADIAN. ) SOLID_ANGLE_UNIT ( ) );
#8222 = CONICAL_SURFACE ( 'NONE', #11892, 0.1873162273354073148, 0.4886921905584152848 ) ;
#8223 = LINE ( 'NONE', #2354, #2989 ) ;
#8224 = EDGE_LOOP ( 'NONE', ( #5350, #10005, #11977, #6236 ) ) ;
#8225 = ORIENTED_EDGE ( 'NONE', *, *, #11701, .F. ) ;
#8226 = LINE ( 'NONE', #4301, #1289 ) ;
#8227 = CARTESIAN_POINT ( 'NONE',  ( 15.03000000000000114, 15.00000000000000000, -4.000000000000027534 ) ) ;
#8228 = CARTESIAN_POINT ( 'NONE',  ( 4.508445350133227336, 6.527550846378181504, -10.00000000000000000 ) ) ;
#8229 = LINE ( 'NONE', #460, #6267 ) ;
#8230 = ORIENTED_EDGE ( 'NONE', *, *, #11461, .T. ) ;
#8231 = DIRECTION ( 'NONE',  ( 0.000000000000000000, 0.000000000000000000, 1.000000000000000000 ) ) ;
#8232 = CARTESIAN_POINT ( 'NONE',  ( 14.83000000000000007, 15.00000000000000000, -0.6805538183541270936 ) ) ;
#8233 = FACE_OUTER_BOUND ( 'NONE', #687, .T. ) ;
#8234 = FILL_AREA_STYLE ('',( #4311 ) ) ;
#8235 = ORIENTED_EDGE ( 'NONE', *, *, #1458, .F. ) ;
#8236 = DIRECTION ( 'NONE',  ( 1.000000000000000000, 0.000000000000000000, 0.000000000000000000 ) ) ;
#8237 = UNCERTAINTY_MEASURE_WITH_UNIT (LENGTH_MEASURE( 1.000000000000000082E-05 ), #12313, 'distance_accuracy_value', 'NONE');
#8238 = ORIENTED_EDGE ( 'NONE', *, *, #9977, .T. ) ;
#8239 =( GEOMETRIC_REPRESENTATION_CONTEXT ( 3 ) GLOBAL_UNCERTAINTY_ASSIGNED_CONTEXT ( ( #10346 ) ) GLOBAL_UNIT_ASSIGNED_CONTEXT ( ( #11410, #9363, #1487 ) ) REPRESENTATION_CONTEXT ( 'NONE', 'WORKASPACE' ) );
#8240 = DIRECTION ( 'NONE',  ( 1.000000000000000000, 0.000000000000000000, 0.000000000000000000 ) ) ;
#8241 = STYLED_ITEM ( 'NONE', ( #3923 ), #10142 ) ;
#8242 = EDGE_LOOP ( 'NONE', ( #12618, #9434, #4253, #616 ) ) ;
#8243 = FACE_OUTER_BOUND ( 'NONE', #7679, .T. ) ;
#8244 = EDGE_CURVE ( 'NONE', #7855, #8120, #6927, .T. ) ;
#8245 = VERTEX_POINT ( 'NONE', #6350 ) ;
#8246 = CYLINDRICAL_SURFACE ( 'NONE', #2388, 0.4000000000000010214 ) ;
#8247 = FACE_OUTER_BOUND ( 'NONE', #8369, .T. ) ;
#8248 = CARTESIAN_POINT ( 'NONE',  ( 12.94999999999999929, -5.000000000000000000, -15.44268377266459424 ) ) ;
#8249 = COLOUR_RGB ( '',1.000000000000000000, 0.5019607843137254832, 0.5019607843137254832 ) ;
#8250 = CARTESIAN_POINT ( 'NONE',  ( 22.95000000000000284, -5.000000000000000000, -7.429999999999998828 ) ) ;
#8251 = FILL_AREA_STYLE_COLOUR ( '', #8849 ) ;
#8252 = ORIENTED_EDGE ( 'NONE', *, *, #570, .F. ) ;
#8253 = DIRECTION ( 'NONE',  ( 0.000000000000000000, 1.000000000000000000, 0.000000000000000000 ) ) ;
#8254 = CARTESIAN_POINT ( 'NONE',  ( 26.56768843574306516, 7.363962665405081154, 0.000000000000000000 ) ) ;
#8255 = STYLED_ITEM ( 'NONE', ( #5905 ), #3042 ) ;
#8256 = VERTEX_POINT ( 'NONE', #12252 ) ;
#8257 = EDGE_CURVE ( 'NONE', #11158, #3698, #11149, .T. ) ;
#8258 = ORIENTED_EDGE ( 'NONE', *, *, #2065, .T. ) ;
#8259 =( NAMED_UNIT ( * ) PLANE_ANGLE_UNIT ( ) SI_UNIT ( $, .RADIAN. ) );
#8260 = AXIS2_PLACEMENT_3D ( 'NONE', #759, #4735, #8661 ) ;
#8261 = DIRECTION ( 'NONE',  ( 0.000000000000000000, 1.000000000000000000, 0.000000000000000000 ) ) ;
#8262 = EDGE_CURVE ( 'NONE', #12192, #7447, #11590, .T. ) ;
#8263 = CARTESIAN_POINT ( 'NONE',  ( 32.00000000000000000, 0.7437402936630151951, -0.03339203246192803953 ) ) ;
#8264 = LINE ( 'NONE', #5313, #5732 ) ;
#8265 = ADVANCED_FACE ( 'NONE', ( #2346 ), #6411, .T. ) ;
#8266 = CIRCLE ( 'NONE', #9883, 1.000000000000000888 ) ;
#8267 = AXIS2_PLACEMENT_3D ( 'NONE', #6591, #1669, #5621 ) ;
#8268 = ORIENTED_EDGE ( 'NONE', *, *, #3227, .F. ) ;
#8269 = DIRECTION ( 'NONE',  ( -1.000000000000000000, -1.013273058397667935E-16, -0.000000000000000000 ) ) ;
#8270 = AXIS2_PLACEMENT_3D ( 'NONE', #8676, #12567, #7706 ) ;
#8271 = ORIENTED_EDGE ( 'NONE', *, *, #7154, .T. ) ;
#8272 = ORIENTED_EDGE ( 'NONE', *, *, #10771, .F. ) ;
#8273 = CARTESIAN_POINT ( 'NONE',  ( 1.120858375633014825, 14.38829763613029478, -0.1652703644666158045 ) ) ;
#8274 = AXIS2_PLACEMENT_3D ( 'NONE', #3889, #1814, #5759 ) ;
#8275 = ADVANCED_FACE ( 'NONE', ( #12123 ), #4223, .F. ) ;
#8276 = EDGE_CURVE ( 'NONE', #5345, #8576, #270, .T. ) ;
#8277 = CARTESIAN_POINT ( 'NONE',  ( 28.94855866409555034, 2.730887774041955929, -10.00000000000000000 ) ) ;
#8278 = CARTESIAN_POINT ( 'NONE',  ( 5.030000000000001137, 11.77659106982886783, -12.00000000000000000 ) ) ;
#8279 = AXIS2_PLACEMENT_3D ( 'NONE', #4666, #12480, #11580 ) ;
#8280 = SURFACE_STYLE_FILL_AREA ( #9240 ) ;
#8281 = PRESENTATION_STYLE_ASSIGNMENT (( #9241 ) ) ;
#8282 = DIRECTION ( 'NONE',  ( -0.000000000000000000, -0.000000000000000000, 1.000000000000000000 ) ) ;
#8283 = PRESENTATION_STYLE_ASSIGNMENT (( #8219 ) ) ;
#8284 = CARTESIAN_POINT ( 'NONE',  ( 23.03909090176839314, 0.000000000000000000, -16.50000000000000000 ) ) ;
#8285 = ORIENTED_EDGE ( 'NONE', *, *, #4189, .T. ) ;
#8286 = VERTEX_POINT ( 'NONE', #4403 ) ;
#8287 = FACE_OUTER_BOUND ( 'NONE', #475, .T. ) ;
#8288 = COLOUR_RGB ( '',1.000000000000000000, 0.5019607843137254832, 0.5019607843137254832 ) ;
#8289 = FILL_AREA_STYLE_COLOUR ( '', #4320 ) ;
#8290 = DIRECTION ( 'NONE',  ( -0.000000000000000000, 1.000000000000000000, -0.000000000000000000 ) ) ;
#8291 = EDGE_CURVE ( 'NONE', #8164, #11205, #6678, .T. ) ;
#8292 = VECTOR ( 'NONE', #7188, 1000.000000000000000 ) ;
#8293 = DIRECTION ( 'NONE',  ( 0.000000000000000000, 0.000000000000000000, 1.000000000000000000 ) ) ;
#8294 = EDGE_LOOP ( 'NONE', ( #1732, #7250, #3676, #11888 ) ) ;
#8295 =( NAMED_UNIT ( * ) SI_UNIT ( $, .STERADIAN. ) SOLID_ANGLE_UNIT ( ) );
#8296 = LINE ( 'NONE', #11047, #12339 ) ;
#8297 = DIRECTION ( 'NONE',  ( 0.000000000000000000, -1.000000000000000000, 0.000000000000000000 ) ) ;
#8298 = DIRECTION ( 'NONE',  ( 1.000000000000000000, 2.026546116795335870E-16, -0.000000000000000000 ) ) ;
#8299 = PLANE ( 'NONE',  #12014 ) ;
#8300 =( LENGTH_UNIT ( ) NAMED_UNIT ( * ) SI_UNIT ( .MILLI., .METRE. ) );
#8301 = EDGE_LOOP ( 'NONE', ( #4221, #3789, #4123, #6174 ) ) ;
#8302 = SURFACE_STYLE_USAGE ( .BOTH. , #2444 ) ;
#8303 = ORIENTED_EDGE ( 'NONE', *, *, #1543, .T. ) ;
#8304 = CYLINDRICAL_SURFACE ( 'NONE', #4551, 0.9999999999999991118 ) ;
#8305 = ORIENTED_EDGE ( 'NONE', *, *, #6623, .T. ) ;
#8306 = EDGE_LOOP ( 'NONE', ( #11051, #12114, #2852, #6430 ) ) ;
#8307 = SURFACE_STYLE_USAGE ( .BOTH. , #3292 ) ;
#8308 = SURFACE_STYLE_USAGE ( .BOTH. , #1399 ) ;
#8309 = ORIENTED_EDGE ( 'NONE', *, *, #1527, .T. ) ;
#8310 = LINE ( 'NONE', #11380, #1715 ) ;
#8311 = SURFACE_STYLE_USAGE ( .BOTH. , #6569 ) ;
#8312 = AXIS2_PLACEMENT_3D ( 'NONE', #3645, #5502, #630 ) ;
#8313 = AXIS2_PLACEMENT_3D ( 'NONE', #1664, #7433, #9481 ) ;
#8314 = VECTOR ( 'NONE', #4945, 1000.000000000000000 ) ;
#8315 = CARTESIAN_POINT ( 'NONE',  ( -11.59539195080408547, 14.74999999999999645, -0.2499999999999999445 ) ) ;
#8316 = VERTEX_POINT ( 'NONE', #4476 ) ;
#8317 = ORIENTED_EDGE ( 'NONE', *, *, #12284, .F. ) ;
#8318 = LINE ( 'NONE', #5492, #2494 ) ;
#8319 = FACE_OUTER_BOUND ( 'NONE', #866, .T. ) ;
#8320 = FACE_OUTER_BOUND ( 'NONE', #7046, .T. ) ;
#8321 = UNCERTAINTY_MEASURE_WITH_UNIT (LENGTH_MEASURE( 1.000000000000000082E-05 ), #6266, 'distance_accuracy_value', 'NONE');
#8322 = AXIS2_PLACEMENT_3D ( 'NONE', #3450, #9279, #9091 ) ;
#8323 = STYLED_ITEM ( 'NONE', ( #11269 ), #7280 ) ;
#8324 = PLANE ( 'NONE',  #935 ) ;
#8325 = VECTOR ( 'NONE', #9316, 1000.000000000000000 ) ;
#8326 = FILL_AREA_STYLE ('',( #10238 ) ) ;
#8327 = EDGE_LOOP ( 'NONE', ( #728, #2366, #10819, #3351 ) ) ;
#8328 = EDGE_CURVE ( 'NONE', #7371, #3610, #8339, .T. ) ;
#8329 = EDGE_CURVE ( 'NONE', #10108, #12600, #3471, .T. ) ;
#8330 = CIRCLE ( 'NONE', #482, 0.4000000000000010214 ) ;
#8331 = EDGE_LOOP ( 'NONE', ( #7328, #3281, #8053, #3479 ) ) ;
#8332 = ORIENTED_EDGE ( 'NONE', *, *, #9973, .F. ) ;
#8333 = FACE_OUTER_BOUND ( 'NONE', #2151, .T. ) ;
#8334 = CIRCLE ( 'NONE', #6478, 0.5000000000000004441 ) ;
#8335 = CIRCLE ( 'NONE', #4409, 0.5000000000000000000 ) ;
#8336 = CARTESIAN_POINT ( 'NONE',  ( 14.94855866409555034, 1.446110066005035942E-15, -10.00000000000000000 ) ) ;
#8337 = VECTOR ( 'NONE', #4290, 1000.000000000000000 ) ;
#8338 = DIRECTION ( 'NONE',  ( -0.000000000000000000, -0.000000000000000000, 1.000000000000000000 ) ) ;
#8339 = LINE ( 'NONE', #7256, #5258 ) ;
#8340 = CARTESIAN_POINT ( 'NONE',  ( 17.06768843574306516, 9.242953882361238271, -10.00000000000000000 ) ) ;
#8341 = MECHANICAL_DESIGN_GEOMETRIC_PRESENTATION_REPRESENTATION (  '', ( #12228 ), #11206 ) ;
#8342 = MECHANICAL_DESIGN_GEOMETRIC_PRESENTATION_REPRESENTATION (  '', ( #1113 ), #8135 ) ;
#8343 = DIRECTION ( 'NONE',  ( -0.000000000000000000, -0.000000000000000000, 1.000000000000000000 ) ) ;
#8344 = VECTOR ( 'NONE', #6896, 1000.000000000000000 ) ;
#8345 = EDGE_CURVE ( 'NONE', #11859, #2414, #2527, .T. ) ;
#8346 = EDGE_CURVE ( 'NONE', #7227, #4152, #10356, .T. ) ;
#8347 = CIRCLE ( 'NONE', #6291, 1.000000000000000888 ) ;
#8348 = CARTESIAN_POINT ( 'NONE',  ( 15.03000000000000114, 15.00000000000000000, -12.00000000000000000 ) ) ;
#8349 = ORIENTED_EDGE ( 'NONE', *, *, #4478, .T. ) ;
#8350 = EDGE_LOOP ( 'NONE', ( #10031, #4729, #8305, #9639 ) ) ;
#8351 = ORIENTED_EDGE ( 'NONE', *, *, #5953, .T. ) ;
#8352 = COLOUR_RGB ( '',0.8313725490196077761, 0.8392156862745098200, 0.8313725490196077761 ) ;
#8353 = CARTESIAN_POINT ( 'NONE',  ( 15.67576706438587841, 0.000000000000000000, -10.00000000000000000 ) ) ;
#8354 =( GEOMETRIC_REPRESENTATION_CONTEXT ( 3 ) GLOBAL_UNCERTAINTY_ASSIGNED_CONTEXT ( ( #8579 ) ) GLOBAL_UNIT_ASSIGNED_CONTEXT ( ( #7987, #206, #3085 ) ) REPRESENTATION_CONTEXT ( 'NONE', 'WORKASPACE' ) );
#8355 = LINE ( 'NONE', #9253, #9285 ) ;
#8356 = FACE_OUTER_BOUND ( 'NONE', #5011, .T. ) ;
#8357 = AXIS2_PLACEMENT_3D ( 'NONE', #2815, #7705, #3855 ) ;
#8358 = DIRECTION ( 'NONE',  ( 2.026546116795335870E-16, -1.000000000000000000, 0.000000000000000000 ) ) ;
#8359 = FILL_AREA_STYLE_COLOUR ( '', #8058 ) ;
#8360 = LINE ( 'NONE', #5461, #10591 ) ;
#8361 =( NAMED_UNIT ( * ) SI_UNIT ( $, .STERADIAN. ) SOLID_ANGLE_UNIT ( ) );
#8362 = CIRCLE ( 'NONE', #4455, 0.5000000000000004441 ) ;
#8363 = ADVANCED_FACE ( 'NONE', ( #6281 ), #1365, .T. ) ;
#8364 = VECTOR ( 'NONE', #335, 1000.000000000000000 ) ;
#8365 = EDGE_CURVE ( 'NONE', #5026, #8037, #1720, .T. ) ;
#8366 = FILL_AREA_STYLE ('',( #4558 ) ) ;
#8367 = CARTESIAN_POINT ( 'NONE',  ( 32.00000000000000000, 11.00000000000000000, -3.999999999999999112 ) ) ;
#8368 = DIRECTION ( 'NONE',  ( -2.026546116795335870E-16, 1.000000000000000000, 0.000000000000000000 ) ) ;
#8369 = EDGE_LOOP ( 'NONE', ( #10931, #11081, #9032, #5842, #8866, #5084, #1266 ) ) ;
#8370 = DIRECTION ( 'NONE',  ( 0.000000000000000000, 0.000000000000000000, 1.000000000000000000 ) ) ;
#8371 = ORIENTED_EDGE ( 'NONE', *, *, #2433, .F. ) ;
#8372 = ORIENTED_EDGE ( 'NONE', *, *, #5916, .T. ) ;
#8373 = FILL_AREA_STYLE ('',( #12279 ) ) ;
#8374 = VERTEX_POINT ( 'NONE', #3583 ) ;
#8375 = CARTESIAN_POINT ( 'NONE',  ( 14.83000000000000007, 15.00000000000000000, -0.6805538183541270936 ) ) ;
#8376 = AXIS2_PLACEMENT_3D ( 'NONE', #2914, #12683, #4851 ) ;
#8377 =( LENGTH_UNIT ( ) NAMED_UNIT ( * ) SI_UNIT ( .MILLI., .METRE. ) );
#8378 = ORIENTED_EDGE ( 'NONE', *, *, #1620, .F. ) ;
#8379 = VERTEX_POINT ( 'NONE', #11465 ) ;
#8380 = CARTESIAN_POINT ( 'NONE',  ( 21.03000000000000114, 14.56261116223713969, -0.04450167309616145928 ) ) ;
#8381 = DIRECTION ( 'NONE',  ( 1.000000000000000000, 2.026546116795335870E-16, -0.000000000000000000 ) ) ;
#8382 = ADVANCED_FACE ( 'NONE', ( #11409 ), #7570, .T. ) ;
#8383 = EDGE_LOOP ( 'NONE', ( #6658, #6631, #1430, #3075 ) ) ;
#8384 = CARTESIAN_POINT ( 'NONE',  ( 6.675767064385880190, 5.698981658683065277, 0.000000000000000000 ) ) ;
#8385 =( NAMED_UNIT ( * ) PLANE_ANGLE_UNIT ( ) SI_UNIT ( $, .RADIAN. ) );
#8386 = ORIENTED_EDGE ( 'NONE', *, *, #12736, .T. ) ;
#8387 = FILL_AREA_STYLE ('',( #10233 ) ) ;
#8388 = DIRECTION ( 'NONE',  ( -0.000000000000000000, -0.000000000000000000, 1.000000000000000000 ) ) ;
#8389 = CARTESIAN_POINT ( 'NONE',  ( 11.11605443171345264, 14.99501846973959829, -0.1925148842800861182 ) ) ;
#8390 = CARTESIAN_POINT ( 'NONE',  ( 12.94999999999999929, -4.599999999999999645, -15.62999999999999723 ) ) ;
#8391 = CARTESIAN_POINT ( 'NONE',  ( 25.03000000000000469, 10.99999999999997158, -1.000000000000000000 ) ) ;
#8392 = VERTEX_POINT ( 'NONE', #10488 ) ;
#8393 = DIRECTION ( 'NONE',  ( 1.000000000000000000, 0.000000000000000000, 0.000000000000000000 ) ) ;
#8394 = ORIENTED_EDGE ( 'NONE', *, *, #9273, .T. ) ;
#8395 = ORIENTED_EDGE ( 'NONE', *, *, #4886, .T. ) ;
#8396 = ORIENTED_EDGE ( 'NONE', *, *, #1232, .T. ) ;
#8397 = DIRECTION ( 'NONE',  ( 1.000000000000000000, 0.000000000000000000, 0.000000000000000000 ) ) ;
#8398 = DIRECTION ( 'NONE',  ( 1.000000000000000000, 0.000000000000000000, 0.000000000000000000 ) ) ;
#8399 = DIRECTION ( 'NONE',  ( 1.000000000000000000, 0.000000000000000000, 0.000000000000000000 ) ) ;
#8400 = EDGE_CURVE ( 'NONE', #5736, #10531, #1553, .T. ) ;
#8401 = DIRECTION ( 'NONE',  ( 0.000000000000000000, -1.000000000000000000, 0.000000000000000000 ) ) ;
#8402 = EDGE_CURVE ( 'NONE', #4937, #9886, #12420, .T. ) ;
#8403 =( LENGTH_UNIT ( ) NAMED_UNIT ( * ) SI_UNIT ( .MILLI., .METRE. ) );
#8404 = AXIS2_PLACEMENT_3D ( 'NONE', #382, #9186, #4353 ) ;
#8405 = CARTESIAN_POINT ( 'NONE',  ( 10.00000000000000000, 0.7437402936630139738, -18.00000000000000355 ) ) ;
#8406 = CIRCLE ( 'NONE', #9430, 0.1873162273354038454 ) ;
#8407 = CARTESIAN_POINT ( 'NONE',  ( 0.6757670643858804116, 5.698981658683065277, -10.00000000000000000 ) ) ;
#8408 = ORIENTED_EDGE ( 'NONE', *, *, #10540, .T. ) ;
#8409 = ORIENTED_EDGE ( 'NONE', *, *, #2113, .F. ) ;
#8410 = ORIENTED_EDGE ( 'NONE', *, *, #11423, .F. ) ;
#8411 = CARTESIAN_POINT ( 'NONE',  ( 15.67576706438587841, 2.730887774041955929, 0.000000000000000000 ) ) ;
#8412 = CARTESIAN_POINT ( 'NONE',  ( 27.95000000000000284, -5.000000000000000000, -15.81731622733540199 ) ) ;
#8413 = CARTESIAN_POINT ( 'NONE',  ( 29.83000000000000185, 14.00000000000000000, -11.00000000000000178 ) ) ;
#8414 = ORIENTED_EDGE ( 'NONE', *, *, #276, .T. ) ;
#8415 = ADVANCED_FACE ( 'NONE', ( #11519 ), #6648, .F. ) ;
#8416 = EDGE_CURVE ( 'NONE', #9713, #12490, #8526, .T. ) ;
#8417 = CARTESIAN_POINT ( 'NONE',  ( 29.55499095451013858, 15.89570717673226241, 0.8790999815629499947 ) ) ;
#8418 = CIRCLE ( 'NONE', #2659, 0.1873162273354038454 ) ;
#8419 = UNCERTAINTY_MEASURE_WITH_UNIT (LENGTH_MEASURE( 1.000000000000000082E-05 ), #6223, 'distance_accuracy_value', 'NONE');
#8420 = FILL_AREA_STYLE ('',( #8359 ) ) ;
#8421 =( BOUNDED_CURVE ( )  B_SPLINE_CURVE ( 3, ( #10569, #10756, #11476, #3772 ),
 .UNSPECIFIED., .F., .T. ) 
 B_SPLINE_CURVE_WITH_KNOTS ( ( 4, 4 ),
 ( 0.6801289419011408155, 1.396263401595479126 ),
 .UNSPECIFIED. ) 
 CURVE ( )  GEOMETRIC_REPRESENTATION_ITEM ( )  RATIONAL_B_SPLINE_CURVE ( ( 1.000000000000000000, 0.9577172935399690390, 0.9577172935399690390, 1.000000000000000000 ) ) 
 REPRESENTATION_ITEM ( '' )  );
#8422 = CARTESIAN_POINT ( 'NONE',  ( 29.73914162436698660, 14.38829763613029478, -0.1652703644666174421 ) ) ;
#8423 = EDGE_LOOP ( 'NONE', ( #8978, #10209 ) ) ;
#8424 =( NAMED_UNIT ( * ) SI_UNIT ( $, .STERADIAN. ) SOLID_ANGLE_UNIT ( ) );
#8425 = CARTESIAN_POINT ( 'NONE',  ( 26.10591825482288542, 14.99999999999999822, -0.2500000000000021094 ) ) ;
#8426 = FILL_AREA_STYLE ('',( #7344 ) ) ;
#8427 = VERTEX_POINT ( 'NONE', #4603 ) ;
#8428 = LINE ( 'NONE', #9504, #746 ) ;
#8429 = SURFACE_SIDE_STYLE ('',( #1448 ) ) ;
#8430 = FILL_AREA_STYLE ('',( #659 ) ) ;
#8431 = EDGE_CURVE ( 'NONE', #4689, #3528, #1609, .T. ) ;
#8432 = CARTESIAN_POINT ( 'NONE',  ( 5.830000000000000071, 10.99999999999997158, -1.000000000000000000 ) ) ;
#8433 = ADVANCED_FACE ( 'NONE', ( #8060 ), #4192, .T. ) ;
#8434 = ORIENTED_EDGE ( 'NONE', *, *, #4886, .F. ) ;
#8435 = EDGE_LOOP ( 'NONE', ( #7384, #5763, #8212, #4314 ) ) ;
#8436 = CARTESIAN_POINT ( 'NONE',  ( 4.730669039618650373, 14.45765201367955122, -0.1172199486182098765 ) ) ;
#8437 = LINE ( 'NONE', #11316, #5663 ) ;
#8438 = CIRCLE ( 'NONE', #3096, 0.1873162273354073148 ) ;
#8439 = UNCERTAINTY_MEASURE_WITH_UNIT (LENGTH_MEASURE( 1.000000000000000082E-05 ), #9909, 'distance_accuracy_value', 'NONE');
#8440 = EDGE_CURVE ( 'NONE', #2766, #9591, #11124, .T. ) ;
#8441 = CARTESIAN_POINT ( 'NONE',  ( 17.94999999999999929, -5.000000000000000000, -15.44268377266459424 ) ) ;
#8442 = PRESENTATION_STYLE_ASSIGNMENT (( #8311 ) ) ;
#8443 = STYLED_ITEM ( 'NONE', ( #7609 ), #10049 ) ;
#8444 = PLANE ( 'NONE',  #2524 ) ;
#8445 = CARTESIAN_POINT ( 'NONE',  ( 9.508445350133229113, 6.527550846378181504, 0.000000000000000000 ) ) ;
#8446 = ORIENTED_EDGE ( 'NONE', *, *, #5887, .T. ) ;
#8447 = EDGE_CURVE ( 'NONE', #5721, #2291, #1265, .T. ) ;
#8448 = ORIENTED_EDGE ( 'NONE', *, *, #8958, .T. ) ;
#8449 = PLANE ( 'NONE',  #4824 ) ;
#8450 = FILL_AREA_STYLE_COLOUR ( '', #10430 ) ;
#8451 = DIRECTION ( 'NONE',  ( 0.000000000000000000, 1.000000000000000000, 0.000000000000000000 ) ) ;
#8452 = CARTESIAN_POINT ( 'NONE',  ( 19.83000000000000185, 14.00000000000000000, -11.00000000000000178 ) ) ;
#8453 = DIRECTION ( 'NONE',  ( 0.000000000000000000, -1.000000000000000000, 0.000000000000000000 ) ) ;
#8454 = VERTEX_POINT ( 'NONE', #5222 ) ;
#8455 = ORIENTED_EDGE ( 'NONE', *, *, #6042, .F. ) ;
#8456 = VERTEX_POINT ( 'NONE', #9027 ) ;
#8457 = LINE ( 'NONE', #6466, #9127 ) ;
#8458 = AXIS2_PLACEMENT_3D ( 'NONE', #7209, #4167, #9946 ) ;
#8459 = DIRECTION ( 'NONE',  ( 0.000000000000000000, -1.000000000000000000, 0.000000000000000000 ) ) ;
#8460 = CYLINDRICAL_SURFACE ( 'NONE', #7495, 0.2500000000000002220 ) ;
#8461 = CARTESIAN_POINT ( 'NONE',  ( 26.31781992623545818, 9.999999999999998224, 2.168404344971008621E-16 ) ) ;
#8462 = DIRECTION ( 'NONE',  ( -0.1736481776669308585, 0.000000000000000000, 0.9848077530122080203 ) ) ;
#8463 = STYLED_ITEM ( 'NONE', ( #11536 ), #3841 ) ;
#8464 =( GEOMETRIC_REPRESENTATION_CONTEXT ( 3 ) GLOBAL_UNCERTAINTY_ASSIGNED_CONTEXT ( ( #10463 ) ) GLOBAL_UNIT_ASSIGNED_CONTEXT ( ( #7074, #9062, #4487 ) ) REPRESENTATION_CONTEXT ( 'NONE', 'WORKASPACE' ) );
#8465 = SURFACE_STYLE_USAGE ( .BOTH. , #2620 ) ;
#8466 = CARTESIAN_POINT ( 'NONE',  ( 0.000000000000000000, 9.742953882361238271, -10.00000000000000000 ) ) ;
#8467 = ADVANCED_FACE ( 'NONE', ( #9148 ), #8887, .T. ) ;
#8468 = ORIENTED_EDGE ( 'NONE', *, *, #8084, .T. ) ;
#8469 = ORIENTED_EDGE ( 'NONE', *, *, #4914, .F. ) ;
#8470 = ORIENTED_EDGE ( 'NONE', *, *, #7183, .F. ) ;
#8471 = EDGE_CURVE ( 'NONE', #11179, #11587, #9355, .T. ) ;
#8472 = LINE ( 'NONE', #4304, #6100 ) ;
#8473 = CARTESIAN_POINT ( 'NONE',  ( 10.03000000000000114, 15.00000000000000000, -4.000000000000027534 ) ) ;
#8474 = LINE ( 'NONE', #2684, #12406 ) ;
#8475 =( GEOMETRIC_REPRESENTATION_CONTEXT ( 3 ) GLOBAL_UNCERTAINTY_ASSIGNED_CONTEXT ( ( #11038 ) ) GLOBAL_UNIT_ASSIGNED_CONTEXT ( ( #7465, #3288, #538 ) ) REPRESENTATION_CONTEXT ( 'NONE', 'WORKASPACE' ) );
#8476 = CARTESIAN_POINT ( 'NONE',  ( 11.02999999999999936, 11.77659106982886428, -12.00000000000000000 ) ) ;
#8477 = SURFACE_STYLE_FILL_AREA ( #8420 ) ;
#8478 = CARTESIAN_POINT ( 'NONE',  ( 20.00000000000000000, 1.730887774041955929, -10.00000000000000000 ) ) ;
#8479 =( NAMED_UNIT ( * ) PLANE_ANGLE_UNIT ( ) SI_UNIT ( $, .RADIAN. ) );
#8480 = COLOUR_RGB ( '',0.8313725490196077761, 0.8392156862745098200, 0.8313725490196077761 ) ;
#8481 = PRESENTATION_STYLE_ASSIGNMENT (( #531 ) ) ;
#8482 = PLANE ( 'NONE',  #6186 ) ;
#8483 = ORIENTED_EDGE ( 'NONE', *, *, #11766, .T. ) ;
#8484 = EDGE_CURVE ( 'NONE', #7821, #11752, #8330, .T. ) ;
#8485 = CARTESIAN_POINT ( 'NONE',  ( 10.00000000000000000, 0.7437402936630139738, -18.00000000000000355 ) ) ;
#8486 = ORIENTED_EDGE ( 'NONE', *, *, #2065, .F. ) ;
#8487 = CARTESIAN_POINT ( 'NONE',  ( 0.000000000000000000, 11.77659106982886783, -1.974724807276291516 ) ) ;
#8488 = CARTESIAN_POINT ( 'NONE',  ( 0.8300000000000002931, 11.77659106982886783, -1.974724807276291516 ) ) ;
#8489 = ORIENTED_EDGE ( 'NONE', *, *, #7962, .T. ) ;
#8490 =( BOUNDED_CURVE ( )  B_SPLINE_CURVE ( 3, ( #7772, #10576, #8797, #12704 ),
 .UNSPECIFIED., .F., .T. ) 
 B_SPLINE_CURVE_WITH_KNOTS ( ( 4, 4 ),
 ( 4.712388980384680792, 5.058156149985442163 ),
 .UNSPECIFIED. ) 
 CURVE ( )  GEOMETRIC_REPRESENTATION_ITEM ( )  RATIONAL_B_SPLINE_CURVE ( ( 1.000000000000000000, 0.9900618788928975400, 0.9900618788928975400, 1.000000000000000000 ) ) 
 REPRESENTATION_ITEM ( '' )  );
#8491 = CARTESIAN_POINT ( 'NONE',  ( 13.03909090176839314, 0.000000000000000000, -21.62877342318509477 ) ) ;
#8492 = ORIENTED_EDGE ( 'NONE', *, *, #3722, .T. ) ;
#8493 = CARTESIAN_POINT ( 'NONE',  ( 17.06768843574306871, 9.742953882361238271, -10.00000000000000000 ) ) ;
#8494 = CARTESIAN_POINT ( 'NONE',  ( 26.56768843574306516, 9.242953882361234719, -10.00000000000000000 ) ) ;
#8495 = DIRECTION ( 'NONE',  ( 0.000000000000000000, 0.8829475928589225475, 0.4694715627858989104 ) ) ;
#8496 = FACE_OUTER_BOUND ( 'NONE', #12197, .T. ) ;
#8497 = STYLED_ITEM ( 'NONE', ( #7725 ), #5753 ) ;
#8498 = EDGE_CURVE ( 'NONE', #8703, #2833, #8961, .T. ) ;
#8499 = EDGE_CURVE ( 'NONE', #2012, #1410, #8193, .T. ) ;
#8500 = FACE_OUTER_BOUND ( 'NONE', #12728, .T. ) ;
#8501 = VERTEX_POINT ( 'NONE', #11002 ) ;
#8502 =( NAMED_UNIT ( * ) PLANE_ANGLE_UNIT ( ) SI_UNIT ( $, .RADIAN. ) );
#8503 = DIRECTION ( 'NONE',  ( -2.922285384827992868E-16, 1.000000000000000000, 0.000000000000000000 ) ) ;
#8504 = ORIENTED_EDGE ( 'NONE', *, *, #7196, .F. ) ;
#8505 = PRESENTATION_STYLE_ASSIGNMENT (( #6572 ) ) ;
#8506 = VERTEX_POINT ( 'NONE', #3160 ) ;
#8507 = CARTESIAN_POINT ( 'NONE',  ( 10.67576706438588197, 0.000000000000000000, -10.00000000000000000 ) ) ;
#8508 = DIRECTION ( 'NONE',  ( 1.000000000000000000, 2.026546116795335870E-16, 0.000000000000000000 ) ) ;
#8509 = VECTOR ( 'NONE', #10243, 1000.000000000000000 ) ;
#8510 = CARTESIAN_POINT ( 'NONE',  ( 0.000000000000000000, 1.730887774041955929, -10.00000000000000000 ) ) ;
#8511 = EDGE_CURVE ( 'NONE', #435, #6921, #4267, .T. ) ;
#8512 = CIRCLE ( 'NONE', #1908, 4.000000000000000000 ) ;
#8513 = ADVANCED_FACE ( 'NONE', ( #96 ), #4125, .T. ) ;
#8514 = ADVANCED_FACE ( 'NONE', ( #6245 ), #2195, .T. ) ;
#8515 = VERTEX_POINT ( 'NONE', #5029 ) ;
#8516 = ORIENTED_EDGE ( 'NONE', *, *, #7042, .T. ) ;
#8517 = DIRECTION ( 'NONE',  ( 0.000000000000000000, 0.000000000000000000, 1.000000000000000000 ) ) ;
#8518 = CIRCLE ( 'NONE', #7493, 1.000000000000000888 ) ;
#8519 = VECTOR ( 'NONE', #1071, 1000.000000000000114 ) ;
#8520 = CIRCLE ( 'NONE', #8313, 1.000000000000000888 ) ;
#8521 = CARTESIAN_POINT ( 'NONE',  ( 9.728942276619273244, 14.96436648895475763, -0.1074269890130544747 ) ) ;
#8522 = SURFACE_STYLE_FILL_AREA ( #5748 ) ;
#8523 = CARTESIAN_POINT ( 'NONE',  ( 4.830000000000001847, 12.77659106982886783, -2.498455167896214579 ) ) ;
#8524 = FILL_AREA_STYLE_COLOUR ( '', #6722 ) ;
#8525 = VECTOR ( 'NONE', #12009, 1000.000000000000227 ) ;
#8526 = LINE ( 'NONE', #8646, #686 ) ;
#8527 = CONICAL_SURFACE ( 'NONE', #3187, 0.1873162273354073148, 0.4886921905584152848 ) ;
#8528 = CARTESIAN_POINT ( 'NONE',  ( 27.95000000000000284, -5.000000000000000000, -7.617316227335406253 ) ) ;
#8529 = VECTOR ( 'NONE', #11182, 1000.000000000000000 ) ;
#8530 = STYLED_ITEM ( 'NONE', ( #12293 ), #7336 ) ;
#8531 = EDGE_CURVE ( 'NONE', #9255, #10479, #9212, .T. ) ;
#8532 = DIRECTION ( 'NONE',  ( 0.000000000000000000, -0.000000000000000000, -1.000000000000000000 ) ) ;
#8533 = DIRECTION ( 'NONE',  ( 0.000000000000000000, -0.000000000000000000, -1.000000000000000000 ) ) ;
#8534 = ORIENTED_EDGE ( 'NONE', *, *, #7072, .F. ) ;
#8535 =( GEOMETRIC_REPRESENTATION_CONTEXT ( 3 ) GLOBAL_UNCERTAINTY_ASSIGNED_CONTEXT ( ( #800 ) ) GLOBAL_UNIT_ASSIGNED_CONTEXT ( ( #12481, #7375, #10429 ) ) REPRESENTATION_CONTEXT ( 'NONE', 'WORKASPACE' ) );
#8536 = ORIENTED_EDGE ( 'NONE', *, *, #6743, .F. ) ;
#8537 =( NAMED_UNIT ( * ) SI_UNIT ( $, .STERADIAN. ) SOLID_ANGLE_UNIT ( ) );
#8538 = SURFACE_STYLE_USAGE ( .BOTH. , #758 ) ;
#8539 = FACE_OUTER_BOUND ( 'NONE', #5669, .T. ) ;
#8540 = CARTESIAN_POINT ( 'NONE',  ( 21.03000000000000114, 12.77659106982886783, -2.498455167896214579 ) ) ;
#8541 = DIRECTION ( 'NONE',  ( 2.026546116795335870E-16, -1.000000000000000000, 0.000000000000000000 ) ) ;
#8542 = STYLED_ITEM ( 'NONE', ( #5698 ), #8415 ) ;
#8543 = AXIS2_PLACEMENT_3D ( 'NONE', #10971, #9870, #12705 ) ;
#8544 = VECTOR ( 'NONE', #8634, 1000.000000000000000 ) ;
#8545 = PRESENTATION_LAYER_ASSIGNMENT (  '', '', ( #1937 ) ) ;
#8546 = CARTESIAN_POINT ( 'NONE',  ( 15.03000000000000114, 11.00000000000000000, -3.999999999999999112 ) ) ;
#8547 = DIRECTION ( 'NONE',  ( 0.000000000000000000, -1.000000000000000000, 0.000000000000000000 ) ) ;
#8548 = CARTESIAN_POINT ( 'NONE',  ( -6.595391950804084580, 11.77659106982886428, -12.00000000000000000 ) ) ;
#8549 = VECTOR ( 'NONE', #6169, 1000.000000000000000 ) ;
#8550 = EDGE_CURVE ( 'NONE', #503, #6724, #8437, .T. ) ;
#8551 = VECTOR ( 'NONE', #5658, 1000.000000000000000 ) ;
#8552 = ORIENTED_EDGE ( 'NONE', *, *, #9843, .F. ) ;
#8553 = AXIS2_PLACEMENT_3D ( 'NONE', #6029, #5909, #9943 ) ;
#8554 = LINE ( 'NONE', #4627, #3834 ) ;
#8555 = LINE ( 'NONE', #10396, #9500 ) ;
#8556 = PRESENTATION_LAYER_ASSIGNMENT (  '', '', ( #4452 ) ) ;
#8557 = ORIENTED_EDGE ( 'NONE', *, *, #366, .T. ) ;
#8558 = CARTESIAN_POINT ( 'NONE',  ( 23.03909090176839314, 0.000000000000000000, 0.5000000000000000000 ) ) ;
#8559 = VERTEX_POINT ( 'NONE', #5481 ) ;
#8560 = CARTESIAN_POINT ( 'NONE',  ( 15.00000000000000000, -3.659182332138577465E-16, -18.00000000000000355 ) ) ;
#8561 = ORIENTED_EDGE ( 'NONE', *, *, #329, .T. ) ;
#8562 = VERTEX_POINT ( 'NONE', #7469 ) ;
#8563 = CARTESIAN_POINT ( 'NONE',  ( 7.950000000000000178, -4.599999999999999645, -15.62999999999999723 ) ) ;
#8564 = VECTOR ( 'NONE', #10279, 1000.000000000000000 ) ;
#8565 = EDGE_CURVE ( 'NONE', #12691, #5534, #11377, .T. ) ;
#8566 = CIRCLE ( 'NONE', #7736, 0.9999999999999991118 ) ;
#8567 = ADVANCED_FACE ( 'NONE', ( #2584 ), #6307, .T. ) ;
#8568 = DIRECTION ( 'NONE',  ( 2.026546116795335870E-16, -1.000000000000000000, 0.000000000000000000 ) ) ;
#8569 = EDGE_CURVE ( 'NONE', #360, #5046, #11189, .T. ) ;
#8570 = DIRECTION ( 'NONE',  ( 0.000000000000000000, -0.000000000000000000, -1.000000000000000000 ) ) ;
#8571 = FACE_OUTER_BOUND ( 'NONE', #11939, .T. ) ;
#8572 = AXIS2_PLACEMENT_3D ( 'NONE', #6108, #12084, #3277 ) ;
#8573 = VERTEX_POINT ( 'NONE', #6323 ) ;
#8574 = DIRECTION ( 'NONE',  ( 1.000000000000000000, 0.000000000000000000, 0.000000000000000000 ) ) ;
#8575 = B_SPLINE_CURVE_WITH_KNOTS ( 'NONE', 3,
 ( #11777, #10555, #10738, #5750 ),
 .UNSPECIFIED., .F., .F.,
 ( 4, 4 ),
 ( -3.162297181307102415E-06, 0.0001944400282724697757 ),
 .UNSPECIFIED. ) ;
#8576 = VERTEX_POINT ( 'NONE', #8494 ) ;
#8577 = CARTESIAN_POINT ( 'NONE',  ( 5.675767064385880190, 2.730887774041955929, -10.00000000000000000 ) ) ;
#8578 = EDGE_CURVE ( 'NONE', #2421, #11329, #418, .T. ) ;
#8579 = UNCERTAINTY_MEASURE_WITH_UNIT (LENGTH_MEASURE( 1.000000000000000082E-05 ), #7987, 'distance_accuracy_value', 'NONE');
#8580 =( NAMED_UNIT ( * ) PLANE_ANGLE_UNIT ( ) SI_UNIT ( $, .RADIAN. ) );
#8581 =( NAMED_UNIT ( * ) SI_UNIT ( $, .STERADIAN. ) SOLID_ANGLE_UNIT ( ) );
#8582 = AXIS2_PLACEMENT_3D ( 'NONE', #891, #3593, #5629 ) ;
#8583 = AXIS2_PLACEMENT_3D ( 'NONE', #6193, #3112, #1354 ) ;
#8584 = SURFACE_STYLE_FILL_AREA ( #12534 ) ;
#8585 = ORIENTED_EDGE ( 'NONE', *, *, #5521, .F. ) ;
#8586 = VERTEX_POINT ( 'NONE', #12286 ) ;
#8587 = LINE ( 'NONE', #12478, #9716 ) ;
#8588 = CARTESIAN_POINT ( 'NONE',  ( 9.696637337480417784, 14.92559551406763418, -0.06527507787064613931 ) ) ;
#8589 = DIRECTION ( 'NONE',  ( -2.026546116795335870E-16, 1.000000000000000000, -0.000000000000000000 ) ) ;
#8590 = DIRECTION ( 'NONE',  ( 1.000000000000000000, 0.000000000000000000, 0.000000000000000000 ) ) ;
#8591 = EDGE_CURVE ( 'NONE', #4811, #11205, #12395, .T. ) ;
#8592 = DIRECTION ( 'NONE',  ( -2.026546116795335870E-16, 1.000000000000000000, -0.000000000000000000 ) ) ;
#8593 = EDGE_CURVE ( 'NONE', #11139, #2653, #7541, .T. ) ;
#8594 = CARTESIAN_POINT ( 'NONE',  ( 1.963058348288221497E-21, 0.7437402936630139738, -17.46660796753807432 ) ) ;
#8595 = CONICAL_SURFACE ( 'NONE', #12679, 0.1873162273354038454, 0.4886921905584215020 ) ;
#8596 = LINE ( 'NONE', #4605, #9486 ) ;
#8597 = CARTESIAN_POINT ( 'NONE',  ( 21.12933096038134906, 14.45765201367954944, -0.1172199486182104317 ) ) ;
#8598 = CARTESIAN_POINT ( 'NONE',  ( 20.67576706438588019, 0.000000000000000000, -10.00000000000000000 ) ) ;
#8599 = ORIENTED_EDGE ( 'NONE', *, *, #1959, .T. ) ;
#8600 = ORIENTED_EDGE ( 'NONE', *, *, #1572, .T. ) ;
#8601 = DIRECTION ( 'NONE',  ( 1.000000000000000000, 0.000000000000000000, 0.000000000000000000 ) ) ;
#8602 = LINE ( 'NONE', #3712, #7561 ) ;
#8603 = CARTESIAN_POINT ( 'NONE',  ( 20.00000000000000000, 0.000000000000000000, -12.00000000000000000 ) ) ;
#8604 = DIRECTION ( 'NONE',  ( 0.000000000000000000, 0.000000000000000000, 1.000000000000000000 ) ) ;
#8605 = ADVANCED_FACE ( 'NONE', ( #8247 ), #2645, .T. ) ;
#8606 = DIRECTION ( 'NONE',  ( 0.000000000000000000, 0.000000000000000000, 1.000000000000000000 ) ) ;
#8607 = B_SPLINE_CURVE_WITH_KNOTS ( 'NONE', 3,
 ( #1282, #9039, #8201, #168 ),
 .UNSPECIFIED., .F., .F.,
 ( 4, 4 ),
 ( 1.833693609828957664E-17, 0.0001957360288148543494 ),
 .UNSPECIFIED. ) ;
#8608 = DIRECTION ( 'NONE',  ( 1.000000000000000000, 0.000000000000000000, 0.000000000000000000 ) ) ;
#8609 = CARTESIAN_POINT ( 'NONE',  ( 11.23015815089469704, 14.60711272996574195, -0.01366989418290164016 ) ) ;
#8610 = VECTOR ( 'NONE', #5825, 1000.000000000000000 ) ;
#8611 = SURFACE_STYLE_USAGE ( .BOTH. , #4741 ) ;
#8612 = DIRECTION ( 'NONE',  ( 2.026546116795335870E-16, -1.000000000000000000, 0.000000000000000000 ) ) ;
#8613 = ORIENTED_EDGE ( 'NONE', *, *, #9072, .F. ) ;
#8614 = CARTESIAN_POINT ( 'NONE',  ( 9.739141624366984828, 14.38829763613029478, -0.1652703644666174421 ) ) ;
#8615 = ORIENTED_EDGE ( 'NONE', *, *, #9522, .F. ) ;
#8616 = LINE ( 'NONE', #5840, #5974 ) ;
#8617 = DIRECTION ( 'NONE',  ( 0.000000000000000000, 1.000000000000000000, 0.000000000000000000 ) ) ;
#8618 = EDGE_LOOP ( 'NONE', ( #9064, #11176, #6957, #12582 ) ) ;
#8619 = CARTESIAN_POINT ( 'NONE',  ( 10.00000000000000000, 0.7437402936630139738, 0.5000000000000000000 ) ) ;
#8620 = EDGE_LOOP ( 'NONE', ( #4142, #10610, #1143, #2443 ) ) ;
#8621 = ORIENTED_EDGE ( 'NONE', *, *, #5279, .T. ) ;
#8622 = CARTESIAN_POINT ( 'NONE',  ( 11.12172775006447445, 6.531472162044073215, 0.000000000000000000 ) ) ;
#8623 = DIRECTION ( 'NONE',  ( 0.000000000000000000, 0.000000000000000000, 1.000000000000000000 ) ) ;
#8624 = ORIENTED_EDGE ( 'NONE', *, *, #1847, .T. ) ;
#8625 = DIRECTION ( 'NONE',  ( -0.9848077530122080203, -1.995758327656830446E-16, -0.1736481776669308585 ) ) ;
#8626 = VERTEX_POINT ( 'NONE', #5726 ) ;
#8627 = PRESENTATION_STYLE_ASSIGNMENT (( #5975 ) ) ;
#8628 = EDGE_LOOP ( 'NONE', ( #203, #2656, #3406, #10117, #548, #12092, #8536 ) ) ;
#8629 = DIRECTION ( 'NONE',  ( -0.000000000000000000, 1.000000000000000000, -0.000000000000000000 ) ) ;
#8630 = VECTOR ( 'NONE', #1497, 1000.000000000000000 ) ;
#8631 = EDGE_CURVE ( 'NONE', #2995, #6527, #7789, .T. ) ;
#8632 = ORIENTED_EDGE ( 'NONE', *, *, #3967, .T. ) ;
#8633 = DIRECTION ( 'NONE',  ( 0.000000000000000000, 1.000000000000000000, -0.000000000000000000 ) ) ;
#8634 = DIRECTION ( 'NONE',  ( -0.000000000000000000, -0.000000000000000000, 1.000000000000000000 ) ) ;
#8635 = DIRECTION ( 'NONE',  ( 0.000000000000000000, 0.000000000000000000, 1.000000000000000000 ) ) ;
#8636 = LINE ( 'NONE', #2318, #4438 ) ;
#8637 = ORIENTED_EDGE ( 'NONE', *, *, #3563, .F. ) ;
#8638 = DIRECTION ( 'NONE',  ( 0.000000000000000000, -0.000000000000000000, -1.000000000000000000 ) ) ;
#8639 = ORIENTED_EDGE ( 'NONE', *, *, #11267, .T. ) ;
#8640 = DIRECTION ( 'NONE',  ( 0.000000000000000000, 0.000000000000000000, 1.000000000000000000 ) ) ;
#8641 = EDGE_CURVE ( 'NONE', #5448, #318, #11493, .T. ) ;
#8642 = AXIS2_PLACEMENT_3D ( 'NONE', #2457, #9337, #3508 ) ;
#8643 = SURFACE_STYLE_FILL_AREA ( #7811 ) ;
#8644 = DIRECTION ( 'NONE',  ( 0.000000000000000000, 1.000000000000000000, 0.000000000000000000 ) ) ;
#8645 = ORIENTED_EDGE ( 'NONE', *, *, #9721, .T. ) ;
#8646 = CARTESIAN_POINT ( 'NONE',  ( 1.014993594864718851, 13.52171604471974931, -0.7656593709756721600 ) ) ;
#8647 = FILL_AREA_STYLE ('',( #7623 ) ) ;
#8648 = DIRECTION ( 'NONE',  ( 0.000000000000000000, 1.000000000000000000, 0.000000000000000000 ) ) ;
#8649 = CIRCLE ( 'NONE', #5371, 0.4000000000000010214 ) ;
#8650 = PRESENTATION_LAYER_ASSIGNMENT (  '', '', ( #4970 ) ) ;
#8651 = CARTESIAN_POINT ( 'NONE',  ( 21.19204127013635031, 14.56261116223706154, -0.04450167309611528788 ) ) ;
#8652 = CARTESIAN_POINT ( 'NONE',  ( 32.00000000000000000, 0.9999999999999997780, -0.9999999999999997780 ) ) ;
#8653 = AXIS2_PLACEMENT_3D ( 'NONE', #3207, #1111, #9003 ) ;
#8654 = ADVANCED_FACE ( 'NONE', ( #6816 ), #722, .F. ) ;
#8655 = ORIENTED_EDGE ( 'NONE', *, *, #11407, .F. ) ;
#8656 = EDGE_CURVE ( 'NONE', #2912, #1247, #5683, .T. ) ;
#8657 = EDGE_LOOP ( 'NONE', ( #10050, #8434, #7652, #651, #11211, #3429, #5144, #3167, #8552, #10272, #346, #5564, #2678, #8349 ) ) ;
#8658 = SURFACE_SIDE_STYLE ('',( #10878 ) ) ;
#8659 = AXIS2_PLACEMENT_3D ( 'NONE', #4724, #4480, #1555 ) ;
#8660 = CARTESIAN_POINT ( 'NONE',  ( 29.73066903961865037, 14.45765201367955122, -0.1172199486182108341 ) ) ;
#8661 = DIRECTION ( 'NONE',  ( 0.000000000000000000, -0.7071067811865462405, -0.7071067811865489050 ) ) ;
#8662 = CARTESIAN_POINT ( 'NONE',  ( 6.154106154127092942, 14.51832180537509132, -0.07518642710997375245 ) ) ;
#8663 = SURFACE_STYLE_USAGE ( .BOTH. , #3773 ) ;
#8664 = VECTOR ( 'NONE', #8734, 1000.000000000000000 ) ;
#8665 = PRESENTATION_LAYER_ASSIGNMENT (  '', '', ( #1445 ) ) ;
#8666 = DIRECTION ( 'NONE',  ( -1.000000000000000000, 0.000000000000000000, 0.000000000000000000 ) ) ;
#8667 = CARTESIAN_POINT ( 'NONE',  ( -1.595391950804084580, 12.77659106982886605, -2.498455167896214579 ) ) ;
#8668 = STYLED_ITEM ( 'NONE', ( #9268 ), #6547 ) ;
#8669 = FACE_OUTER_BOUND ( 'NONE', #8087, .T. ) ;
#8670 = VECTOR ( 'NONE', #5700, 1000.000000000000000 ) ;
#8671 = CARTESIAN_POINT ( 'NONE',  ( 0.000000000000000000, 0.000000000000000000, -18.00000000000000355 ) ) ;
#8672 = DIRECTION ( 'NONE',  ( -1.000000000000000000, -2.026546116795335870E-16, 0.000000000000000000 ) ) ;
#8673 =( GEOMETRIC_REPRESENTATION_CONTEXT ( 3 ) GLOBAL_UNCERTAINTY_ASSIGNED_CONTEXT ( ( #4985 ) ) GLOBAL_UNIT_ASSIGNED_CONTEXT ( ( #5135, #9939, #3264 ) ) REPRESENTATION_CONTEXT ( 'NONE', 'WORKASPACE' ) );
#8674 = ADVANCED_FACE ( 'NONE', ( #3912 ), #4757, .T. ) ;
#8675 = ADVANCED_FACE ( 'NONE', ( #2703 ), #843, .T. ) ;
#8676 = CARTESIAN_POINT ( 'NONE',  ( 0.000000000000000000, 0.9999999999999997780, -16.50000000000000000 ) ) ;
#8677 = EDGE_LOOP ( 'NONE', ( #4395, #1602, #10566, #4709 ) ) ;
#8678 = MECHANICAL_DESIGN_GEOMETRIC_PRESENTATION_REPRESENTATION (  '', ( #1454 ), #11130 ) ;
#8679 = CARTESIAN_POINT ( 'NONE',  ( 29.94855866409555034, 5.698981658683065277, 0.000000000000000000 ) ) ;
#8680 = ORIENTED_EDGE ( 'NONE', *, *, #2022, .T. ) ;
#8681 = CIRCLE ( 'NONE', #628, 0.9999999999999997780 ) ;
#8682 = LINE ( 'NONE', #1832, #3107 ) ;
#8683 = CARTESIAN_POINT ( 'NONE',  ( 24.06833203617090788, 7.356120034073296843, -10.00000000000000000 ) ) ;
#8684 = EDGE_LOOP ( 'NONE', ( #4092, #12552, #10458, #2088, #10053, #7103, #8034, #3152, #6947, #7189, #8909, #1831, #5161, #1334 ) ) ;
#8685 = LINE ( 'NONE', #8619, #2139 ) ;
#8686 = ORIENTED_EDGE ( 'NONE', *, *, #7733, .T. ) ;
#8687 = CARTESIAN_POINT ( 'NONE',  ( 2.950000000000000178, -5.000000000000000000, -15.62999999999999723 ) ) ;
#8688 = SURFACE_STYLE_USAGE ( .BOTH. , #976 ) ;
#8689 = AXIS2_PLACEMENT_3D ( 'NONE', #12289, #7410, #6630 ) ;
#8690 = CARTESIAN_POINT ( 'NONE',  ( 25.83000000000000185, 15.00000000000000000, -4.000000000000027534 ) ) ;
#8691 = PLANE ( 'NONE',  #9270 ) ;
#8692 = ORIENTED_EDGE ( 'NONE', *, *, #12625, .F. ) ;
#8693 = CARTESIAN_POINT ( 'NONE',  ( 29.94855866409555034, 2.730887774041963034, -10.00000000000000000 ) ) ;
#8694 = EDGE_LOOP ( 'NONE', ( #6873, #9231, #4706, #8902 ) ) ;
#8695 = DIRECTION ( 'NONE',  ( 1.000000000000000000, 0.000000000000000000, 0.000000000000000000 ) ) ;
#8696 = ORIENTED_EDGE ( 'NONE', *, *, #9658, .T. ) ;
#8697 = DIRECTION ( 'NONE',  ( 0.000000000000000000, -0.000000000000000000, -1.000000000000000000 ) ) ;
#8698 = ORIENTED_EDGE ( 'NONE', *, *, #11687, .F. ) ;
#8699 = DIRECTION ( 'NONE',  ( 1.000000000000000000, 1.734723475976805517E-15, 0.000000000000000000 ) ) ;
#8700 = MECHANICAL_DESIGN_GEOMETRIC_PRESENTATION_REPRESENTATION (  '', ( #5415 ), #2327 ) ;
#8701 = LINE ( 'NONE', #10808, #2788 ) ;
#8702 = FILL_AREA_STYLE_COLOUR ( '', #3596 ) ;
#8703 = VERTEX_POINT ( 'NONE', #919 ) ;
#8704 = PLANE ( 'NONE',  #6460 ) ;
#8705 = AXIS2_PLACEMENT_3D ( 'NONE', #4821, #778, #1780 ) ;
#8706 = DIRECTION ( 'NONE',  ( 0.000000000000000000, 0.000000000000000000, 1.000000000000000000 ) ) ;
#8707 = SURFACE_STYLE_USAGE ( .BOTH. , #6645 ) ;
#8708 = ORIENTED_EDGE ( 'NONE', *, *, #6123, .T. ) ;
#8709 = CARTESIAN_POINT ( 'NONE',  ( 0.000000000000000000, 15.00000000000000000, -15.50000000000000178 ) ) ;
#8710 = EDGE_CURVE ( 'NONE', #2056, #10854, #5659, .T. ) ;
#8711 = DIRECTION ( 'NONE',  ( -2.922285384827992868E-16, 1.000000000000000000, 0.000000000000000000 ) ) ;
#8712 = EDGE_CURVE ( 'NONE', #9713, #253, #8753, .T. ) ;
#8713 = EDGE_CURVE ( 'NONE', #6279, #4342, #7655, .T. ) ;
#8714 = CARTESIAN_POINT ( 'NONE',  ( 8.039090901768393138, 0.000000000000000000, -18.00000000000000355 ) ) ;
#8715 = CARTESIAN_POINT ( 'NONE',  ( -1.595391950804084580, 14.70498544938100061, 4.285806796896921512E-17 ) ) ;
#8716 =( LENGTH_UNIT ( ) NAMED_UNIT ( * ) SI_UNIT ( .MILLI., .METRE. ) );
#8717 = VECTOR ( 'NONE', #12307, 1000.000000000000000 ) ;
#8718 = ORIENTED_EDGE ( 'NONE', *, *, #5794, .F. ) ;
#8719 = COLOUR_RGB ( '',0.7921568627450980005, 0.8196078431372548767, 0.9333333333333333481 ) ;
#8720 = VERTEX_POINT ( 'NONE', #4889 ) ;
#8721 = CARTESIAN_POINT ( 'NONE',  ( 26.03000000000000114, 9.999999999999998224, -0.6805538183541244290 ) ) ;
#8722 = STYLED_ITEM ( 'NONE', ( #3034 ), #11251 ) ;
#8723 = DIRECTION ( 'NONE',  ( -1.000000000000000000, 0.000000000000000000, 0.000000000000000000 ) ) ;
#8724 = CARTESIAN_POINT ( 'NONE',  ( 11.02999999999999936, 13.99999999999998934, -12.00000000000000000 ) ) ;
#8725 = LINE ( 'NONE', #1098, #3195 ) ;
#8726 = ADVANCED_FACE ( 'NONE', ( #6753 ), #3794, .T. ) ;
#8727 = CARTESIAN_POINT ( 'NONE',  ( 5.030000000000001137, 11.77659106982886783, -1.974724807276291516 ) ) ;
#8728 = AXIS2_PLACEMENT_3D ( 'NONE', #10341, #4515, #3629 ) ;
#8729 = CARTESIAN_POINT ( 'NONE',  ( 19.94855866409554679, 5.698981658683065277, -10.00000000000000000 ) ) ;
#8730 = UNCERTAINTY_MEASURE_WITH_UNIT (LENGTH_MEASURE( 1.000000000000000082E-05 ), #10290, 'distance_accuracy_value', 'NONE');
#8731 = LINE ( 'NONE', #9000, #5983 ) ;
#8732 = PRESENTATION_LAYER_ASSIGNMENT (  '', '', ( #12017 ) ) ;
#8733 = CARTESIAN_POINT ( 'NONE',  ( 10.83000000000000007, 11.00000000000000000, -3.999999999999999112 ) ) ;
#8734 = DIRECTION ( 'NONE',  ( 1.000000000000000000, 2.026546116795335870E-16, -0.000000000000000000 ) ) ;
#8735 = PRESENTATION_STYLE_ASSIGNMENT (( #833 ) ) ;
#8736 = ORIENTED_EDGE ( 'NONE', *, *, #10989, .T. ) ;
#8737 = PRESENTATION_LAYER_ASSIGNMENT (  '', '', ( #11542 ) ) ;
#8738 = CARTESIAN_POINT ( 'NONE',  ( 0.6757670643858804116, 0.000000000000000000, -10.00000000000000000 ) ) ;
#8739 = COLOUR_RGB ( '',0.8313725490196077761, 0.8392156862745098200, 0.8313725490196077761 ) ;
#8740 = FILL_AREA_STYLE ('',( #11486 ) ) ;
#8741 = CLOSED_SHELL ( 'NONE', ( #5917, #12121, #11816, #3845, #12314, #10825, #5589, #11251, #10419, #5453, #11323, #5558, #12703, #7553, #8752 ) ) ;
#8742 = VECTOR ( 'NONE', #9530, 1000.000000000000114 ) ;
#8743 = DIRECTION ( 'NONE',  ( 2.026546116795335870E-16, -1.000000000000000000, 0.000000000000000000 ) ) ;
#8744 = VECTOR ( 'NONE', #6127, 1000.000000000000000 ) ;
#8745 = ORIENTED_EDGE ( 'NONE', *, *, #2611, .T. ) ;
#8746 = COLOUR_RGB ( '',1.000000000000000000, 0.5019607843137254832, 0.5019607843137254832 ) ;
#8747 = LINE ( 'NONE', #12457, #10535 ) ;
#8748 = AXIS2_PLACEMENT_3D ( 'NONE', #77, #4248, #2241 ) ;
#8749 = VERTEX_POINT ( 'NONE', #10079 ) ;
#8750 = SURFACE_SIDE_STYLE ('',( #6815 ) ) ;
#8751 = EDGE_CURVE ( 'NONE', #971, #8454, #75, .T. ) ;
#8752 = ADVANCED_FACE ( 'NONE', ( #10919 ), #5918, .F. ) ;
#8753 = LINE ( 'NONE', #2881, #7538 ) ;
#8754 = DIRECTION ( 'NONE',  ( 0.000000000000000000, -0.000000000000000000, -1.000000000000000000 ) ) ;
#8755 = VECTOR ( 'NONE', #2385, 1000.000000000000000 ) ;
#8756 = FACE_BOUND ( 'NONE', #147, .T. ) ;
#8757 = DIRECTION ( 'NONE',  ( 0.000000000000000000, 0.000000000000000000, 1.000000000000000000 ) ) ;
#8758 = VECTOR ( 'NONE', #12167, 1000.000000000000114 ) ;
#8759 = EDGE_LOOP ( 'NONE', ( #8708, #6752, #3986, #10399 ) ) ;
#8760 = ORIENTED_EDGE ( 'NONE', *, *, #4641, .T. ) ;
#8761 = CARTESIAN_POINT ( 'NONE',  ( 26.13105813787143106, 14.96436564214315013, -0.1074246383193839666 ) ) ;
#8762 = FACE_OUTER_BOUND ( 'NONE', #10022, .T. ) ;
#8763 = ORIENTED_EDGE ( 'NONE', *, *, #12404, .T. ) ;
#8764 = AXIS2_PLACEMENT_3D ( 'NONE', #8176, #9196, #8231 ) ;
#8765 = MECHANICAL_DESIGN_GEOMETRIC_PRESENTATION_REPRESENTATION (  '', ( #1542 ), #6321 ) ;
#8766 = ORIENTED_EDGE ( 'NONE', *, *, #4415, .F. ) ;
#8767 = CARTESIAN_POINT ( 'NONE',  ( 25.03000000000000469, 11.77659106982886783, -12.00000000000000000 ) ) ;
#8768 = AXIS2_PLACEMENT_3D ( 'NONE', #1254, #1048, #2244 ) ;
#8769 = DIRECTION ( 'NONE',  ( 0.000000000000000000, 0.000000000000000000, 1.000000000000000000 ) ) ;
#8770 = EDGE_CURVE ( 'NONE', #9448, #111, #12018, .T. ) ;
#8771 = LINE ( 'NONE', #3749, #2154 ) ;
#8772 =( NAMED_UNIT ( * ) PLANE_ANGLE_UNIT ( ) SI_UNIT ( $, .RADIAN. ) );
#8773 = ORIENTED_EDGE ( 'NONE', *, *, #3370, .T. ) ;
#8774 = VECTOR ( 'NONE', #12629, 1000.000000000000000 ) ;
#8775 = VECTOR ( 'NONE', #12719, 1000.000000000000000 ) ;
#8776 = DIRECTION ( 'NONE',  ( 1.000000000000000000, -8.673617379884035472E-16, 0.000000000000000000 ) ) ;
#8777 = LINE ( 'NONE', #2974, #7094 ) ;
#8778 = CARTESIAN_POINT ( 'NONE',  ( -11.59539195080408547, 12.77659106982886605, -2.498455167896214579 ) ) ;
#8779 =( GEOMETRIC_REPRESENTATION_CONTEXT ( 3 ) GLOBAL_UNCERTAINTY_ASSIGNED_CONTEXT ( ( #2836 ) ) GLOBAL_UNIT_ASSIGNED_CONTEXT ( ( #5049, #11017, #3048 ) ) REPRESENTATION_CONTEXT ( 'NONE', 'WORKASPACE' ) );
#8780 = VERTEX_POINT ( 'NONE', #3219 ) ;
#8781 = LINE ( 'NONE', #1810, #8973 ) ;
#8782 = CARTESIAN_POINT ( 'NONE',  ( 19.83000000000000185, 12.77659106982886783, -0.6805538183541350872 ) ) ;
#8783 = FACE_OUTER_BOUND ( 'NONE', #5857, .T. ) ;
#8784 = CARTESIAN_POINT ( 'NONE',  ( 24.54218007376454835, 9.999999999999998224, -0.2000000000000024536 ) ) ;
#8785 = EDGE_LOOP ( 'NONE', ( #8378, #9328, #6119, #7653 ) ) ;
#8786 = ORIENTED_EDGE ( 'NONE', *, *, #4799, .F. ) ;
#8787 = VERTEX_POINT ( 'NONE', #3145 ) ;
#8788 = CARTESIAN_POINT ( 'NONE',  ( 7.950000000000000178, -5.000000000000000000, -15.62999999999999723 ) ) ;
#8789 = EDGE_CURVE ( 'NONE', #8787, #9448, #4052, .T. ) ;
#8790 = FACE_OUTER_BOUND ( 'NONE', #10976, .T. ) ;
#8791 = PRESENTATION_STYLE_ASSIGNMENT (( #11864 ) ) ;
#8792 = EDGE_CURVE ( 'NONE', #10708, #2153, #1246, .T. ) ;
#8793 = DIRECTION ( 'NONE',  ( 0.000000000000000000, 0.000000000000000000, -1.000000000000000000 ) ) ;
#8794 = CARTESIAN_POINT ( 'NONE',  ( 26.19204127013635031, 14.56261116223706154, -0.04450167309611528788 ) ) ;
#8795 = CARTESIAN_POINT ( 'NONE',  ( 29.73914162436698660, 14.98520393037187937, -0.1652703644666174421 ) ) ;
#8796 = DIRECTION ( 'NONE',  ( -0.000000000000000000, -0.000000000000000000, 1.000000000000000000 ) ) ;
#8797 = CARTESIAN_POINT ( 'NONE',  ( 6.116054431713453532, 14.99501846973959829, -0.1925148842800862292 ) ) ;
#8798 = PLANE ( 'NONE',  #5867 ) ;
#8799 = ORIENTED_EDGE ( 'NONE', *, *, #3028, .F. ) ;
#8800 = FACE_OUTER_BOUND ( 'NONE', #7362, .T. ) ;
#8801 = EDGE_CURVE ( 'NONE', #1634, #119, #11229, .T. ) ;
#8802 = FILL_AREA_STYLE_COLOUR ( '', #1956 ) ;
#8803 = PRESENTATION_STYLE_ASSIGNMENT (( #11620 ) ) ;
#8804 = VERTEX_POINT ( 'NONE', #5148 ) ;
#8805 = PRESENTATION_STYLE_ASSIGNMENT (( #715 ) ) ;
#8806 = ADVANCED_FACE ( 'NONE', ( #10021 ), #1181, .F. ) ;
#8807 = FACE_BOUND ( 'NONE', #4330, .T. ) ;
#8808 = EDGE_CURVE ( 'NONE', #8037, #4243, #4430, .T. ) ;
#8809 = VECTOR ( 'NONE', #956, 1000.000000000000000 ) ;
#8810 = VECTOR ( 'NONE', #8184, 1000.000000000000000 ) ;
#8811 = ORIENTED_EDGE ( 'NONE', *, *, #11872, .F. ) ;
#8812 = DIRECTION ( 'NONE',  ( 0.000000000000000000, 0.000000000000000000, 1.000000000000000000 ) ) ;
#8813 = CARTESIAN_POINT ( 'NONE',  ( 19.06833203617090788, 0.000000000000000000, 0.000000000000000000 ) ) ;
#8814 = FACE_OUTER_BOUND ( 'NONE', #3338, .T. ) ;
#8815 = DIRECTION ( 'NONE',  ( -0.1736481776669304700, 0.000000000000000000, -0.9848077530122081313 ) ) ;
#8816 = CARTESIAN_POINT ( 'NONE',  ( 14.06833203617090788, 0.000000000000000000, 0.000000000000000000 ) ) ;
#8817 = ORIENTED_EDGE ( 'NONE', *, *, #2022, .F. ) ;
#8818 = PLANE ( 'NONE',  #10526 ) ;
#8819 = EDGE_CURVE ( 'NONE', #8573, #3863, #6306, .T. ) ;
#8820 = ORIENTED_EDGE ( 'NONE', *, *, #9276, .T. ) ;
#8821 = EDGE_CURVE ( 'NONE', #2115, #2280, #10264, .T. ) ;
#8822 = CARTESIAN_POINT ( 'NONE',  ( 25.00000000000000000, 10.99999999999997158, 0.000000000000000000 ) ) ;
#8823 = DIRECTION ( 'NONE',  ( 1.000000000000000000, 0.000000000000000000, 0.000000000000000000 ) ) ;
#8824 = DIRECTION ( 'NONE',  ( 1.000000000000000000, 0.000000000000000000, 0.000000000000000000 ) ) ;
#8825 = ORIENTED_EDGE ( 'NONE', *, *, #6380, .F. ) ;
#8826 = CARTESIAN_POINT ( 'NONE',  ( 19.83000000000000185, 15.00000000000000000, -0.6805538183541270936 ) ) ;
#8827 = AXIS2_PLACEMENT_3D ( 'NONE', #9744, #1891, #12504 ) ;
#8828 = CARTESIAN_POINT ( 'NONE',  ( 1.317819926235457295, 14.75000000000000000, 2.168404344971008621E-16 ) ) ;
#8829 =( NAMED_UNIT ( * ) SI_UNIT ( $, .STERADIAN. ) SOLID_ANGLE_UNIT ( ) );
#8830 = ORIENTED_EDGE ( 'NONE', *, *, #11154, .T. ) ;
#8831 = LINE ( 'NONE', #12739, #4650 ) ;
#8832 = EDGE_CURVE ( 'NONE', #7383, #4243, #2495, .T. ) ;
#8833 = ORIENTED_EDGE ( 'NONE', *, *, #12345, .F. ) ;
#8834 = DIRECTION ( 'NONE',  ( -1.154112234971584564E-16, 0.5694971485754449780, -0.8219933076153586038 ) ) ;
#8835 = ORIENTED_EDGE ( 'NONE', *, *, #5556, .F. ) ;
#8836 = ORIENTED_EDGE ( 'NONE', *, *, #8040, .F. ) ;
#8837 = DIRECTION ( 'NONE',  ( -0.000000000000000000, -0.000000000000000000, 1.000000000000000000 ) ) ;
#8838 = UNCERTAINTY_MEASURE_WITH_UNIT (LENGTH_MEASURE( 1.000000000000000082E-05 ), #66, 'distance_accuracy_value', 'NONE');
#8839 = EDGE_LOOP ( 'NONE', ( #7727, #2790, #9892, #2270, #8272 ) ) ;
#8840 = EDGE_CURVE ( 'NONE', #4927, #3954, #9778, .T. ) ;
#8841 = CARTESIAN_POINT ( 'NONE',  ( 14.94855866409554679, 5.698981658683065277, 0.000000000000000000 ) ) ;
#8842 = CARTESIAN_POINT ( 'NONE',  ( 4.948558664095548565, 1.446110066005035942E-15, 0.000000000000000000 ) ) ;
#8843 = CARTESIAN_POINT ( 'NONE',  ( 32.00000000000000000, 15.00000000000000000, -4.000000000000028422 ) ) ;
#8844 = CARTESIAN_POINT ( 'NONE',  ( 8.039090901768394914, 0.7437402936630143069, -0.03339203246192836566 ) ) ;
#8845 = SURFACE_SIDE_STYLE ('',( #12617 ) ) ;
#8846 = VERTEX_POINT ( 'NONE', #6371 ) ;
#8847 = ORIENTED_EDGE ( 'NONE', *, *, #1638, .F. ) ;
#8848 = DIRECTION ( 'NONE',  ( 0.000000000000000000, -1.000000000000000000, 0.000000000000000000 ) ) ;
#8849 = COLOUR_RGB ( '',0.8313725490196077761, 0.8392156862745098200, 0.8313725490196077761 ) ;
#8850 = DIRECTION ( 'NONE',  ( 0.000000000000000000, -1.000000000000000000, 0.000000000000000000 ) ) ;
#8851 = ADVANCED_FACE ( 'NONE', ( #1383 ), #337, .F. ) ;
#8852 = DIRECTION ( 'NONE',  ( 1.000000000000000000, 0.000000000000000000, 0.000000000000000000 ) ) ;
#8853 = LINE ( 'NONE', #11732, #512 ) ;
#8854 = UNCERTAINTY_MEASURE_WITH_UNIT (LENGTH_MEASURE( 1.000000000000000082E-05 ), #3599, 'distance_accuracy_value', 'NONE');
#8855 = CARTESIAN_POINT ( 'NONE',  ( 21.67576706438588019, 1.730887774041955929, -10.00000000000000000 ) ) ;
#8856 = ORIENTED_EDGE ( 'NONE', *, *, #7975, .F. ) ;
#8857 = SURFACE_SIDE_STYLE ('',( #1960 ) ) ;
#8858 = EDGE_CURVE ( 'NONE', #920, #3094, #8360, .T. ) ;
#8859 = DIRECTION ( 'NONE',  ( -1.000000000000000000, 0.000000000000000000, 0.000000000000000000 ) ) ;
#8860 = CARTESIAN_POINT ( 'NONE',  ( 20.00000000000000000, -3.659182332138577465E-16, -18.00000000000000355 ) ) ;
#8861 = CARTESIAN_POINT ( 'NONE',  ( 1.120858375633014825, 14.38829763613029478, -0.1652703644666158045 ) ) ;
#8862 = CIRCLE ( 'NONE', #7426, 1.000000000000000888 ) ;
#8863 = CARTESIAN_POINT ( 'NONE',  ( 13.40460804919591631, 13.99999999999998757, -12.00000000000000000 ) ) ;
#8864 = VECTOR ( 'NONE', #536, 1000.000000000000000 ) ;
#8865 = FACE_OUTER_BOUND ( 'NONE', #2695, .T. ) ;
#8866 = ORIENTED_EDGE ( 'NONE', *, *, #3638, .T. ) ;
#8867 =( NAMED_UNIT ( * ) SI_UNIT ( $, .STERADIAN. ) SOLID_ANGLE_UNIT ( ) );
#8868 = ORIENTED_EDGE ( 'NONE', *, *, #6773, .F. ) ;
#8869 =( NAMED_UNIT ( * ) SI_UNIT ( $, .STERADIAN. ) SOLID_ANGLE_UNIT ( ) );
#8870 = FILL_AREA_STYLE ('',( #11883 ) ) ;
#8871 = ORIENTED_EDGE ( 'NONE', *, *, #1893, .F. ) ;
#8872 = FILL_AREA_STYLE_COLOUR ( '', #12218 ) ;
#8873 = VECTOR ( 'NONE', #12373, 1000.000000000000000 ) ;
#8874 = FACE_BOUND ( 'NONE', #9945, .T. ) ;
#8875 = EDGE_CURVE ( 'NONE', #2861, #7368, #4669, .T. ) ;
#8876 = ADVANCED_FACE ( 'NONE', ( #3350 ), #4495, .F. ) ;
#8877 = DIRECTION ( 'NONE',  ( -0.000000000000000000, -0.000000000000000000, 1.000000000000000000 ) ) ;
#8878 = VERTEX_POINT ( 'NONE', #4308 ) ;
#8879 = DIRECTION ( 'NONE',  ( 0.000000000000000000, 0.000000000000000000, -1.000000000000000000 ) ) ;
#8880 = ORIENTED_EDGE ( 'NONE', *, *, #7946, .F. ) ;
#8881 = DIRECTION ( 'NONE',  ( -0.000000000000000000, 0.000000000000000000, 1.000000000000000000 ) ) ;
#8882 = CARTESIAN_POINT ( 'NONE',  ( 19.50844535013322556, 6.527550846378181504, -10.00000000000000000 ) ) ;
#8883 = LINE ( 'NONE', #1192, #10510 ) ;
#8884 = VERTEX_POINT ( 'NONE', #8422 ) ;
#8885 = DIRECTION ( 'NONE',  ( 1.000000000000000000, 2.026546116795335870E-16, -0.000000000000000000 ) ) ;
#8886 = DIRECTION ( 'NONE',  ( -0.1736481776669308585, 0.000000000000000000, 0.9848077530122080203 ) ) ;
#8887 = PLANE ( 'NONE',  #5041 ) ;
#8888 = MECHANICAL_DESIGN_GEOMETRIC_PRESENTATION_REPRESENTATION (  '', ( #631 ), #3357 ) ;
#8889 = DIRECTION ( 'NONE',  ( 0.000000000000000000, -1.000000000000000000, -0.000000000000000000 ) ) ;
#8890 = ADVANCED_FACE ( 'NONE', ( #8233 ), #7450, .T. ) ;
#8891 =( GEOMETRIC_REPRESENTATION_CONTEXT ( 3 ) GLOBAL_UNCERTAINTY_ASSIGNED_CONTEXT ( ( #7656 ) ) GLOBAL_UNIT_ASSIGNED_CONTEXT ( ( #7711, #11878, #12639 ) ) REPRESENTATION_CONTEXT ( 'NONE', 'WORKASPACE' ) );
#8892 = CARTESIAN_POINT ( 'NONE',  ( 12.94999999999999929, -4.599999999999999645, -7.429999999999998828 ) ) ;
#8893 = VERTEX_POINT ( 'NONE', #7396 ) ;
#8894 = PLANE ( 'NONE',  #6669 ) ;
#8895 = CYLINDRICAL_SURFACE ( 'NONE', #3324, 0.4000000000000001887 ) ;
#8896 = LINE ( 'NONE', #29, #5264 ) ;
#8897 = ORIENTED_EDGE ( 'NONE', *, *, #6078, .T. ) ;
#8898 = DIRECTION ( 'NONE',  ( 1.000000000000000000, -1.734723475976807094E-15, 0.000000000000000000 ) ) ;
#8899 = ORIENTED_EDGE ( 'NONE', *, *, #12108, .T. ) ;
#8900 = COLOUR_RGB ( '',0.8313725490196077761, 0.8392156862745098200, 0.8313725490196077761 ) ;
#8901 = DIRECTION ( 'NONE',  ( 1.000000000000000000, 2.081668171172166620E-14, 0.000000000000000000 ) ) ;
#8902 = ORIENTED_EDGE ( 'NONE', *, *, #7975, .T. ) ;
#8903 = CARTESIAN_POINT ( 'NONE',  ( 4.948558664095548565, 2.730887774041963034, -10.00000000000000000 ) ) ;
#8904 = EDGE_CURVE ( 'NONE', #2317, #11582, #5078, .T. ) ;
#8905 = CIRCLE ( 'NONE', #10547, 0.9999999999999997780 ) ;
#8906 = EDGE_CURVE ( 'NONE', #2007, #9915, #6428, .T. ) ;
#8907 = CARTESIAN_POINT ( 'NONE',  ( 14.54218007376454302, 14.70498544938100416, -2.385244779468109755E-15 ) ) ;
#8908 = LINE ( 'NONE', #9042, #3364 ) ;
#8909 = ORIENTED_EDGE ( 'NONE', *, *, #3967, .F. ) ;
#8910 = DIRECTION ( 'NONE',  ( 1.000000000000000000, 0.000000000000000000, 0.000000000000000000 ) ) ;
#8911 = CARTESIAN_POINT ( 'NONE',  ( 1.567688435743064268, 9.242953882361234719, -10.00000000000000000 ) ) ;
#8912 = EDGE_LOOP ( 'NONE', ( #11747, #1179, #10513, #9048 ) ) ;
#8913 = VECTOR ( 'NONE', #7881, 1000.000000000000000 ) ;
#8914 = EDGE_LOOP ( 'NONE', ( #7517, #4256, #10968, #1013 ) ) ;
#8915 = DIRECTION ( 'NONE',  ( -0.000000000000000000, -0.000000000000000000, 1.000000000000000000 ) ) ;
#8916 = DIRECTION ( 'NONE',  ( 1.000000000000000000, 0.000000000000000000, 0.000000000000000000 ) ) ;
#8917 = CARTESIAN_POINT ( 'NONE',  ( 7.067688435743067821, 9.742953882361238271, -10.00000000000000000 ) ) ;
#8918 = EDGE_CURVE ( 'NONE', #10425, #5307, #2371, .T. ) ;
#8919 = DIRECTION ( 'NONE',  ( 1.000000000000000000, -1.734723475976808672E-15, 0.000000000000000000 ) ) ;
#8920 = VECTOR ( 'NONE', #1580, 1000.000000000000000 ) ;
#8921 = CARTESIAN_POINT ( 'NONE',  ( 9.554990954510136802, 15.89570717673226241, 0.8790999815629499947 ) ) ;
#8922 =( NAMED_UNIT ( * ) SI_UNIT ( $, .STERADIAN. ) SOLID_ANGLE_UNIT ( ) );
#8923 = MECHANICAL_DESIGN_GEOMETRIC_PRESENTATION_REPRESENTATION (  '', ( #1699 ), #8106 ) ;
#8924 = PRESENTATION_LAYER_ASSIGNMENT (  '', '', ( #10146 ) ) ;
#8925 = CARTESIAN_POINT ( 'NONE',  ( 12.94999999999999929, 0.000000000000000000, -15.62999999999999723 ) ) ;
#8926 = DIRECTION ( 'NONE',  ( -2.026546116795335870E-16, 1.000000000000000000, -0.000000000000000000 ) ) ;
#8927 = ORIENTED_EDGE ( 'NONE', *, *, #10449, .F. ) ;
#8928 = CARTESIAN_POINT ( 'NONE',  ( 3.039090901768393138, 0.000000000000000000, -18.00000000000000355 ) ) ;
#8929 = ORIENTED_EDGE ( 'NONE', *, *, #4660, .T. ) ;
#8930 = CIRCLE ( 'NONE', #10748, 4.000000000000000000 ) ;
#8931 = STYLED_ITEM ( 'NONE', ( #102 ), #1348 ) ;
#8932 = CARTESIAN_POINT ( 'NONE',  ( 26.12172775006447267, 6.531472162044073215, 0.000000000000000000 ) ) ;
#8933 = CIRCLE ( 'NONE', #4410, 0.4000000000000010214 ) ;
#8934 = ORIENTED_EDGE ( 'NONE', *, *, #2994, .T. ) ;
#8935 = CARTESIAN_POINT ( 'NONE',  ( 5.830000000000000071, 11.77659106982886783, -12.00000000000000000 ) ) ;
#8936 = AXIS2_PLACEMENT_3D ( 'NONE', #7390, #7210, #1243 ) ;
#8937 = AXIS2_PLACEMENT_3D ( 'NONE', #12287, #1401, #419 ) ;
#8938 = ORIENTED_EDGE ( 'NONE', *, *, #10019, .F. ) ;
#8939 = DIRECTION ( 'NONE',  ( -1.000000000000000000, -1.013273058397667935E-16, 0.000000000000000000 ) ) ;
#8940 = DIRECTION ( 'NONE',  ( 1.000000000000000000, 0.000000000000000000, 0.000000000000000000 ) ) ;
#8941 = CARTESIAN_POINT ( 'NONE',  ( 6.317819926235457295, 14.75000000000000000, 2.168404344971008621E-16 ) ) ;
#8942 = VECTOR ( 'NONE', #4068, 1000.000000000000000 ) ;
#8943 = AXIS2_PLACEMENT_3D ( 'NONE', #8187, #3234, #10028 ) ;
#8944 = VECTOR ( 'NONE', #12605, 1000.000000000000000 ) ;
#8945 =( NAMED_UNIT ( * ) PLANE_ANGLE_UNIT ( ) SI_UNIT ( $, .RADIAN. ) );
#8946 = ORIENTED_EDGE ( 'NONE', *, *, #8821, .F. ) ;
#8947 =( LENGTH_UNIT ( ) NAMED_UNIT ( * ) SI_UNIT ( .MILLI., .METRE. ) );
#8948 = CYLINDRICAL_SURFACE ( 'NONE', #7185, 1.000000000000000888 ) ;
#8949 = AXIS2_PLACEMENT_3D ( 'NONE', #3817, #8889, #3877 ) ;
#8950 = VERTEX_POINT ( 'NONE', #2300 ) ;
#8951 = DIRECTION ( 'NONE',  ( -1.000000000000000000, -0.000000000000000000, -0.000000000000000000 ) ) ;
#8952 = ORIENTED_EDGE ( 'NONE', *, *, #9599, .F. ) ;
#8953 = VERTEX_POINT ( 'NONE', #1317 ) ;
#8954 = EDGE_CURVE ( 'NONE', #9697, #7821, #4365, .T. ) ;
#8955 =( NAMED_UNIT ( * ) PLANE_ANGLE_UNIT ( ) SI_UNIT ( $, .RADIAN. ) );
#8956 = EDGE_CURVE ( 'NONE', #7513, #7383, #12376, .T. ) ;
#8957 = DIRECTION ( 'NONE',  ( 0.000000000000000000, 0.000000000000000000, 1.000000000000000000 ) ) ;
#8958 = EDGE_CURVE ( 'NONE', #7334, #334, #9189, .T. ) ;
#8959 = VECTOR ( 'NONE', #479, 1000.000000000000000 ) ;
#8960 =( GEOMETRIC_REPRESENTATION_CONTEXT ( 3 ) GLOBAL_UNCERTAINTY_ASSIGNED_CONTEXT ( ( #9989 ) ) GLOBAL_UNIT_ASSIGNED_CONTEXT ( ( #10769, #450, #5328 ) ) REPRESENTATION_CONTEXT ( 'NONE', 'WORKASPACE' ) );
#8961 = LINE ( 'NONE', #2254, #7709 ) ;
#8962 = CARTESIAN_POINT ( 'NONE',  ( 12.94999999999999929, 0.000000000000000000, -7.029999999999999361 ) ) ;
#8963 = ADVANCED_FACE ( 'NONE', ( #2436 ), #10634, .F. ) ;
#8964 = ORIENTED_EDGE ( 'NONE', *, *, #10521, .F. ) ;
#8965 = DIRECTION ( 'NONE',  ( 1.000000000000000000, 2.026546116795335870E-16, -0.000000000000000000 ) ) ;
#8966 = STYLED_ITEM ( 'NONE', ( #6166 ), #8726 ) ;
#8967 = ORIENTED_EDGE ( 'NONE', *, *, #8808, .F. ) ;
#8968 = MECHANICAL_DESIGN_GEOMETRIC_PRESENTATION_REPRESENTATION (  '', ( #9979 ), #11001 ) ;
#8969 = ORIENTED_EDGE ( 'NONE', *, *, #5977, .T. ) ;
#8970 = FILL_AREA_STYLE ('',( #2129 ) ) ;
#8971 = LINE ( 'NONE', #4678, #3289 ) ;
#8972 = COLOUR_RGB ( '',0.8313725490196077761, 0.8392156862745098200, 0.8313725490196077761 ) ;
#8973 = VECTOR ( 'NONE', #10620, 1000.000000000000000 ) ;
#8974 = ADVANCED_FACE ( 'NONE', ( #2810 ), #1622, .F. ) ;
#8975 =( GEOMETRIC_REPRESENTATION_CONTEXT ( 3 ) GLOBAL_UNCERTAINTY_ASSIGNED_CONTEXT ( ( #6439 ) ) GLOBAL_UNIT_ASSIGNED_CONTEXT ( ( #8300, #712, #12566 ) ) REPRESENTATION_CONTEXT ( 'NONE', 'WORKASPACE' ) );
#8976 = VERTEX_POINT ( 'NONE', #7702 ) ;
#8977 = CARTESIAN_POINT ( 'NONE',  ( 6.029999999999999361, 12.77659106982886783, -2.498455167896214579 ) ) ;
#8978 = ORIENTED_EDGE ( 'NONE', *, *, #2260, .F. ) ;
#8979 = CARTESIAN_POINT ( 'NONE',  ( 8.568332036170904331, 9.742953882361238271, -10.00000000000000000 ) ) ;
#8980 = SURFACE_STYLE_USAGE ( .BOTH. , #3246 ) ;
#8981 = VERTEX_POINT ( 'NONE', #9621 ) ;
#8982 = DIRECTION ( 'NONE',  ( 0.000000000000000000, -0.000000000000000000, -1.000000000000000000 ) ) ;
#8983 = AXIS2_PLACEMENT_3D ( 'NONE', #9441, #8297, #11299 ) ;
#8984 = CIRCLE ( 'NONE', #3449, 0.9999999999999997780 ) ;
#8985 = DIRECTION ( 'NONE',  ( 5.749368466564500365E-17, 0.8829475928589255451, -0.4694715627858934148 ) ) ;
#8986 = DIRECTION ( 'NONE',  ( 0.000000000000000000, 1.000000000000000000, -0.000000000000000000 ) ) ;
#8987 = ORIENTED_EDGE ( 'NONE', *, *, #2902, .F. ) ;
#8988 = PLANE ( 'NONE',  #11092 ) ;
#8989 = LINE ( 'NONE', #4085, #11997 ) ;
#8990 = EDGE_LOOP ( 'NONE', ( #2070, #2876, #5604, #414 ) ) ;
#8991 = ORIENTED_EDGE ( 'NONE', *, *, #5383, .T. ) ;
#8992 = COLOUR_RGB ( '',1.000000000000000000, 0.5019607843137254832, 0.5019607843137254832 ) ;
#8993 = EDGE_CURVE ( 'NONE', #10531, #11459, #8362, .T. ) ;
#8994 = CARTESIAN_POINT ( 'NONE',  ( 0.000000000000000000, 0.000000000000000000, 0.000000000000000000 ) ) ;
#8995 = ADVANCED_FACE ( 'NONE', ( #9735 ), #7768, .F. ) ;
#8996 = CARTESIAN_POINT ( 'NONE',  ( 16.02999999999999758, 13.99999999999998934, -12.00000000000000000 ) ) ;
#8997 = DIRECTION ( 'NONE',  ( 1.000000000000000000, 0.000000000000000000, 0.000000000000000000 ) ) ;
#8998 = CARTESIAN_POINT ( 'NONE',  ( -11.59539195080408547, 11.77659106982886428, -12.00000000000000000 ) ) ;
#8999 =( LENGTH_UNIT ( ) NAMED_UNIT ( * ) SI_UNIT ( .MILLI., .METRE. ) );
#9000 = CARTESIAN_POINT ( 'NONE',  ( 9.068332036170907884, 0.000000000000000000, -10.00000000000000000 ) ) ;
#9001 = DIRECTION ( 'NONE',  ( 0.000000000000000000, 0.000000000000000000, 1.000000000000000000 ) ) ;
#9002 = FACE_OUTER_BOUND ( 'NONE', #6037, .T. ) ;
#9003 = DIRECTION ( 'NONE',  ( 1.000000000000000000, 0.000000000000000000, 0.000000000000000000 ) ) ;
#9004 = ADVANCED_FACE ( 'NONE', ( #5638 ), #2633, .T. ) ;
#9005 = SURFACE_STYLE_FILL_AREA ( #5083 ) ;
#9006 = FACE_OUTER_BOUND ( 'NONE', #4677, .T. ) ;
#9007 = VERTEX_POINT ( 'NONE', #8795 ) ;
#9008 = CARTESIAN_POINT ( 'NONE',  ( 5.000000000000000000, 9.742953882361238271, -10.00000000000000000 ) ) ;
#9009 = ORIENTED_EDGE ( 'NONE', *, *, #10449, .T. ) ;
#9010 =( NAMED_UNIT ( * ) PLANE_ANGLE_UNIT ( ) SI_UNIT ( $, .RADIAN. ) );
#9011 = DIRECTION ( 'NONE',  ( 0.000000000000000000, 0.000000000000000000, 1.000000000000000000 ) ) ;
#9012 = ORIENTED_EDGE ( 'NONE', *, *, #3224, .F. ) ;
#9013 = SURFACE_STYLE_USAGE ( .BOTH. , #1122 ) ;
#9014 = DIRECTION ( 'NONE',  ( 0.000000000000000000, 0.000000000000000000, 1.000000000000000000 ) ) ;
#9015 = SURFACE_SIDE_STYLE ('',( #10993 ) ) ;
#9016 = ORIENTED_EDGE ( 'NONE', *, *, #2630, .F. ) ;
#9017 = DIRECTION ( 'NONE',  ( 1.000000000000000000, 2.026546116795335870E-16, -0.000000000000000000 ) ) ;
#9018 =( NAMED_UNIT ( * ) SI_UNIT ( $, .STERADIAN. ) SOLID_ANGLE_UNIT ( ) );
#9019 = ORIENTED_EDGE ( 'NONE', *, *, #4853, .F. ) ;
#9020 = DIRECTION ( 'NONE',  ( 1.000000000000000000, 1.204038460978368338E-16, -0.000000000000000000 ) ) ;
#9021 = DIRECTION ( 'NONE',  ( -0.000000000000000000, 0.8219933076153586038, 0.5694971485754448670 ) ) ;
#9022 = ORIENTED_EDGE ( 'NONE', *, *, #2638, .T. ) ;
#9023 = LINE ( 'NONE', #1734, #217 ) ;
#9024 = ORIENTED_EDGE ( 'NONE', *, *, #832, .T. ) ;
#9025 = CYLINDRICAL_SURFACE ( 'NONE', #11516, 1.000000000000000888 ) ;
#9026 = CARTESIAN_POINT ( 'NONE',  ( 5.000000000000000000, -3.659182332138577465E-16, -21.62877342318509477 ) ) ;
#9027 = CARTESIAN_POINT ( 'NONE',  ( 0.000000000000000000, 0.7437402936630137518, -0.03339203246192846974 ) ) ;
#9028 = ORIENTED_EDGE ( 'NONE', *, *, #9338, .T. ) ;
#9029 = MECHANICAL_DESIGN_GEOMETRIC_PRESENTATION_REPRESENTATION (  '', ( #4297 ), #349 ) ;
#9030 = EDGE_CURVE ( 'NONE', #8120, #5178, #5769, .T. ) ;
#9031 = DIRECTION ( 'NONE',  ( 0.000000000000000000, 1.000000000000000000, 0.000000000000000000 ) ) ;
#9032 = ORIENTED_EDGE ( 'NONE', *, *, #1136, .T. ) ;
#9033 = CARTESIAN_POINT ( 'NONE',  ( 19.06833203617090788, 7.356120034073296843, -10.00000000000000000 ) ) ;
#9034 = EDGE_LOOP ( 'NONE', ( #221, #10132, #12082, #5717 ) ) ;
#9035 = CARTESIAN_POINT ( 'NONE',  ( 21.10591825482288186, 14.99999999999999822, -0.2500000000000021094 ) ) ;
#9036 = DIRECTION ( 'NONE',  ( 1.000000000000000000, 0.000000000000000000, 0.000000000000000000 ) ) ;
#9037 = CARTESIAN_POINT ( 'NONE',  ( 16.67576706438588019, 1.730887774041955929, -10.00000000000000000 ) ) ;
#9038 = ORIENTED_EDGE ( 'NONE', *, *, #6318, .F. ) ;
#9039 = CARTESIAN_POINT ( 'NONE',  ( 24.62983593741586574, 14.60711963188013307, -0.01366511236712711005 ) ) ;
#9040 = PLANE ( 'NONE',  #5028 ) ;
#9041 = EDGE_CURVE ( 'NONE', #2597, #10280, #8045, .T. ) ;
#9042 = CARTESIAN_POINT ( 'NONE',  ( 5.000000000000000000, 1.730887774041955929, -10.00000000000000000 ) ) ;
#9043 = ORIENTED_EDGE ( 'NONE', *, *, #10397, .F. ) ;
#9044 = CARTESIAN_POINT ( 'NONE',  ( 4.948558664095548565, 1.446110066005035942E-15, -10.00000000000000000 ) ) ;
#9045 = ADVANCED_FACE ( 'NONE', ( #4685 ), #3719, .T. ) ;
#9046 = CARTESIAN_POINT ( 'NONE',  ( 2.950000000000000178, -5.000000000000000000, -7.429999999999998828 ) ) ;
#9047 = EDGE_LOOP ( 'NONE', ( #4830, #7874, #6949, #5542, #1328 ) ) ;
#9048 = ORIENTED_EDGE ( 'NONE', *, *, #4878, .T. ) ;
#9049 = PRESENTATION_STYLE_ASSIGNMENT (( #8155 ) ) ;
#9050 = ADVANCED_FACE ( 'NONE', ( #8669 ), #12561, .T. ) ;
#9051 = CARTESIAN_POINT ( 'NONE',  ( 24.70589384587290738, 14.51832180537508954, -0.07518642710997379408 ) ) ;
#9052 = LINE ( 'NONE', #9799, #10379 ) ;
#9053 = PLANE ( 'NONE',  #4502 ) ;
#9054 = CARTESIAN_POINT ( 'NONE',  ( 32.00000000000000000, 0.7437402936630151951, -17.46660796753807432 ) ) ;
#9055 = EDGE_CURVE ( 'NONE', #3954, #11007, #827, .T. ) ;
#9056 = FILL_AREA_STYLE_COLOUR ( '', #1237 ) ;
#9057 = ADVANCED_FACE ( 'NONE', ( #3850 ), #12558, .T. ) ;
#9058 = VECTOR ( 'NONE', #8503, 1000.000000000000000 ) ;
#9059 = FACE_OUTER_BOUND ( 'NONE', #5404, .T. ) ;
#9060 = DIRECTION ( 'NONE',  ( 0.000000000000000000, 0.000000000000000000, 1.000000000000000000 ) ) ;
#9061 = FACE_OUTER_BOUND ( 'NONE', #10204, .T. ) ;
#9062 =( NAMED_UNIT ( * ) PLANE_ANGLE_UNIT ( ) SI_UNIT ( $, .RADIAN. ) );
#9063 = FILL_AREA_STYLE_COLOUR ( '', #10557 ) ;
#9064 = ORIENTED_EDGE ( 'NONE', *, *, #7262, .F. ) ;
#9065 = CARTESIAN_POINT ( 'NONE',  ( 19.06833203617090788, 0.000000000000000000, -10.00000000000000000 ) ) ;
#9066 =( GEOMETRIC_REPRESENTATION_CONTEXT ( 3 ) GLOBAL_UNCERTAINTY_ASSIGNED_CONTEXT ( ( #12651 ) ) GLOBAL_UNIT_ASSIGNED_CONTEXT ( ( #10718, #4895, #7666 ) ) REPRESENTATION_CONTEXT ( 'NONE', 'WORKASPACE' ) );
#9067 = ORIENTED_EDGE ( 'NONE', *, *, #1022, .T. ) ;
#9068 = SURFACE_STYLE_FILL_AREA ( #5915 ) ;
#9069 = PRESENTATION_STYLE_ASSIGNMENT (( #3983 ) ) ;
#9070 = EDGE_CURVE ( 'NONE', #7197, #5925, #1608, .T. ) ;
#9071 = ADVANCED_FACE ( 'NONE', ( #5555 ), #11217, .T. ) ;
#9072 = EDGE_CURVE ( 'NONE', #8316, #4385, #10401, .T. ) ;
#9073 = UNCERTAINTY_MEASURE_WITH_UNIT (LENGTH_MEASURE( 1.000000000000000082E-05 ), #2017, 'distance_accuracy_value', 'NONE');
#9074 = VECTOR ( 'NONE', #8635, 1000.000000000000000 ) ;
#9075 = ORIENTED_EDGE ( 'NONE', *, *, #11940, .F. ) ;
#9076 = CIRCLE ( 'NONE', #4343, 0.4000000000000010214 ) ;
#9077 = ORIENTED_EDGE ( 'NONE', *, *, #1150, .T. ) ;
#9078 = DIRECTION ( 'NONE',  ( 0.000000000000000000, 0.000000000000000000, -1.000000000000000000 ) ) ;
#9079 = LINE ( 'NONE', #3360, #7831 ) ;
#9080 = ORIENTED_EDGE ( 'NONE', *, *, #5048, .T. ) ;
#9081 = COLOUR_RGB ( '',1.000000000000000000, 0.5019607843137254832, 0.5019607843137254832 ) ;
#9082 = CARTESIAN_POINT ( 'NONE',  ( 26.67576706438588019, 5.698981658683065277, -10.00000000000000000 ) ) ;
#9083 =( NAMED_UNIT ( * ) SI_UNIT ( $, .STERADIAN. ) SOLID_ANGLE_UNIT ( ) );
#9084 = AXIS2_PLACEMENT_3D ( 'NONE', #4547, #1564, #3412 ) ;
#9085 =( NAMED_UNIT ( * ) SI_UNIT ( $, .STERADIAN. ) SOLID_ANGLE_UNIT ( ) );
#9086 = ORIENTED_EDGE ( 'NONE', *, *, #426, .T. ) ;
#9087 = STYLED_ITEM ( 'NONE', ( #12730 ), #6453 ) ;
#9088 = ADVANCED_FACE ( 'NONE', ( #749 ), #2853, .T. ) ;
#9089 = FACE_OUTER_BOUND ( 'NONE', #5648, .T. ) ;
#9090 =( GEOMETRIC_REPRESENTATION_CONTEXT ( 3 ) GLOBAL_UNCERTAINTY_ASSIGNED_CONTEXT ( ( #7800 ) ) GLOBAL_UNIT_ASSIGNED_CONTEXT ( ( #158, #11126, #3240 ) ) REPRESENTATION_CONTEXT ( 'NONE', 'WORKASPACE' ) );
#9091 = DIRECTION ( 'NONE',  ( 0.000000000000000000, -0.000000000000000000, 1.000000000000000000 ) ) ;
#9092 = VECTOR ( 'NONE', #178, 1000.000000000000000 ) ;
#9093 = VERTEX_POINT ( 'NONE', #9661 ) ;
#9094 = PLANE ( 'NONE',  #12039 ) ;
#9095 = DIRECTION ( 'NONE',  ( -2.026546116795335870E-16, 1.000000000000000000, -0.000000000000000000 ) ) ;
#9096 = UNCERTAINTY_MEASURE_WITH_UNIT (LENGTH_MEASURE( 1.000000000000000082E-05 ), #10082, 'distance_accuracy_value', 'NONE');
#9097 = ORIENTED_EDGE ( 'NONE', *, *, #12635, .T. ) ;
#9098 = FACE_OUTER_BOUND ( 'NONE', #10721, .T. ) ;
#9099 = CIRCLE ( 'NONE', #11961, 0.4000000000000010214 ) ;
#9100 = DIRECTION ( 'NONE',  ( -2.026546116795335870E-16, 1.000000000000000000, -0.000000000000000000 ) ) ;
#9101 = FACE_OUTER_BOUND ( 'NONE', #10101, .T. ) ;
#9102 = CARTESIAN_POINT ( 'NONE',  ( 20.06833203617090788, 7.356120034073296843, -10.00000000000000000 ) ) ;
#9103 = ORIENTED_EDGE ( 'NONE', *, *, #4563, .F. ) ;
#9104 = VERTEX_POINT ( 'NONE', #9543 ) ;
#9105 = CARTESIAN_POINT ( 'NONE',  ( 1.192041270136349418, 14.56261116223706154, -0.04450167309611528788 ) ) ;
#9106 = ADVANCED_FACE ( 'NONE', ( #10677 ), #808, .F. ) ;
#9107 = CARTESIAN_POINT ( 'NONE',  ( 23.03909090176839314, 0.000000000000000000, -21.62877342318509477 ) ) ;
#9108 = CYLINDRICAL_SURFACE ( 'NONE', #3818, 0.1999999999999987899 ) ;
#9109 = ADVANCED_FACE ( 'NONE', ( #3702 ), #9715, .T. ) ;
#9110 = VERTEX_POINT ( 'NONE', #12747 ) ;
#9111 = EDGE_CURVE ( 'NONE', #215, #243, #6646, .T. ) ;
#9112 = PRESENTATION_STYLE_ASSIGNMENT (( #4349 ) ) ;
#9113 = EDGE_CURVE ( 'NONE', #5244, #5882, #5881, .T. ) ;
#9114 = CARTESIAN_POINT ( 'NONE',  ( 26.56768843574306516, 9.242953882361234719, 0.000000000000000000 ) ) ;
#9115 = VECTOR ( 'NONE', #4953, 1000.000000000000000 ) ;
#9116 = FILL_AREA_STYLE ('',( #9056 ) ) ;
#9117 = CARTESIAN_POINT ( 'NONE',  ( 20.83000000000000185, 15.00000000000000000, -12.00000000000000000 ) ) ;
#9118 = DIRECTION ( 'NONE',  ( -1.000000000000000000, -0.000000000000000000, -0.000000000000000000 ) ) ;
#9119 = ORIENTED_EDGE ( 'NONE', *, *, #6698, .F. ) ;
#9120 = LINE ( 'NONE', #4166, #10584 ) ;
#9121 = DIRECTION ( 'NONE',  ( 0.000000000000000000, 0.000000000000000000, 1.000000000000000000 ) ) ;
#9122 = CARTESIAN_POINT ( 'NONE',  ( 3.039090901768394026, 0.9999999999999997780, -16.50000000000000000 ) ) ;
#9123 = ORIENTED_EDGE ( 'NONE', *, *, #6899, .T. ) ;
#9124 = EDGE_CURVE ( 'NONE', #9804, #5244, #11239, .T. ) ;
#9125 = DIRECTION ( 'NONE',  ( -1.000000000000000000, -1.013273058397667935E-16, 0.000000000000000000 ) ) ;
#9126 = FILL_AREA_STYLE ('',( #10212 ) ) ;
#9127 = VECTOR ( 'NONE', #1733, 1000.000000000000000 ) ;
#9128 = VERTEX_POINT ( 'NONE', #3885 ) ;
#9129 = DIRECTION ( 'NONE',  ( -0.000000000000000000, 1.000000000000000000, -0.000000000000000000 ) ) ;
#9130 = AXIS2_PLACEMENT_3D ( 'NONE', #11119, #284, #2449 ) ;
#9131 = DIRECTION ( 'NONE',  ( 0.000000000000000000, 0.000000000000000000, 1.000000000000000000 ) ) ;
#9132 = LINE ( 'NONE', #5343, #1708 ) ;
#9133 = PLANE ( 'NONE',  #8768 ) ;
#9134 = VERTEX_POINT ( 'NONE', #938 ) ;
#9135 = DIRECTION ( 'NONE',  ( 0.9848077530122081313, 1.995758327656830446E-16, -0.1736481776669304700 ) ) ;
#9136 = AXIS2_PLACEMENT_3D ( 'NONE', #9175, #2273, #2412 ) ;
#9137 = ORIENTED_EDGE ( 'NONE', *, *, #3548, .F. ) ;
#9138 = CIRCLE ( 'NONE', #12596, 0.1873162273354073148 ) ;
#9139 = CARTESIAN_POINT ( 'NONE',  ( 20.00000000000000000, 0.7437402936630139738, -18.00000000000000355 ) ) ;
#9140 = PRESENTATION_STYLE_ASSIGNMENT (( #7223 ) ) ;
#9141 = ORIENTED_EDGE ( 'NONE', *, *, #365, .T. ) ;
#9142 = CARTESIAN_POINT ( 'NONE',  ( 20.00000000000000000, 9.742953882361238271, -10.00000000000000000 ) ) ;
#9143 = EDGE_CURVE ( 'NONE', #9146, #4730, #7812, .T. ) ;
#9144 = PLANE ( 'NONE',  #5799 ) ;
#9145 = EDGE_CURVE ( 'NONE', #5062, #5155, #1741, .T. ) ;
#9146 = VERTEX_POINT ( 'NONE', #1807 ) ;
#9147 = CARTESIAN_POINT ( 'NONE',  ( 1.567688435743064046, 7.363962665405081154, 0.000000000000000000 ) ) ;
#9148 = FACE_OUTER_BOUND ( 'NONE', #12349, .T. ) ;
#9149 = EDGE_LOOP ( 'NONE', ( #4783, #2835, #4019, #7783 ) ) ;
#9150 = CARTESIAN_POINT ( 'NONE',  ( 32.00000000000000000, 0.000000000000000000, -1.000000000000007105 ) ) ;
#9151 = CIRCLE ( 'NONE', #2780, 4.000000000000000000 ) ;
#9152 = PRESENTATION_LAYER_ASSIGNMENT (  '', '', ( #8323 ) ) ;
#9153 = CARTESIAN_POINT ( 'NONE',  ( 0.6757670643858804116, 2.730887774041955929, -10.00000000000000000 ) ) ;
#9154 = AXIS2_PLACEMENT_3D ( 'NONE', #6857, #702, #7583 ) ;
#9155 = FILL_AREA_STYLE ('',( #11066 ) ) ;
#9156 = DIRECTION ( 'NONE',  ( 0.000000000000000000, 0.000000000000000000, -1.000000000000000000 ) ) ;
#9157 = AXIS2_PLACEMENT_3D ( 'NONE', #2476, #1486, #11090 ) ;
#9158 = ORIENTED_EDGE ( 'NONE', *, *, #10868, .T. ) ;
#9159 = ORIENTED_EDGE ( 'NONE', *, *, #7249, .F. ) ;
#9160 = DIRECTION ( 'NONE',  ( -0.000000000000000000, -0.000000000000000000, 1.000000000000000000 ) ) ;
#9161 =( GEOMETRIC_REPRESENTATION_CONTEXT ( 3 ) GLOBAL_UNCERTAINTY_ASSIGNED_CONTEXT ( ( #9499 ) ) GLOBAL_UNIT_ASSIGNED_CONTEXT ( ( #2122, #5103, #9083 ) ) REPRESENTATION_CONTEXT ( 'NONE', 'WORKASPACE' ) );
#9162 = EDGE_CURVE ( 'NONE', #8573, #9202, #1279, .T. ) ;
#9163 = LINE ( 'NONE', #4278, #495 ) ;
#9164 = COLOUR_RGB ( '',0.8313725490196077761, 0.8392156862745098200, 0.8313725490196077761 ) ;
#9165 = CARTESIAN_POINT ( 'NONE',  ( 11.19204127013635031, 14.56261116223706154, -0.04450167309611528788 ) ) ;
#9166 = CARTESIAN_POINT ( 'NONE',  ( 0.8300000000000001821, 10.99999999999997158, -1.000000000000000000 ) ) ;
#9167 = AXIS2_PLACEMENT_3D ( 'NONE', #1949, #4998, #9861 ) ;
#9168 = ORIENTED_EDGE ( 'NONE', *, *, #5686, .T. ) ;
#9169 = STYLED_ITEM ( 'NONE', ( #2040 ), #5189 ) ;
#9170 = CARTESIAN_POINT ( 'NONE',  ( 25.83000000000000185, 8.410166384700659243E-17, -12.00000000000000000 ) ) ;
#9171 = ORIENTED_EDGE ( 'NONE', *, *, #7198, .F. ) ;
#9172 =( GEOMETRIC_REPRESENTATION_CONTEXT ( 3 ) GLOBAL_UNCERTAINTY_ASSIGNED_CONTEXT ( ( #9345 ) ) GLOBAL_UNIT_ASSIGNED_CONTEXT ( ( #8716, #12757, #4925 ) ) REPRESENTATION_CONTEXT ( 'NONE', 'WORKASPACE' ) );
#9173 =( GEOMETRIC_REPRESENTATION_CONTEXT ( 3 ) GLOBAL_UNCERTAINTY_ASSIGNED_CONTEXT ( ( #5519 ) ) GLOBAL_UNIT_ASSIGNED_CONTEXT ( ( #842, #1837, #12649 ) ) REPRESENTATION_CONTEXT ( 'NONE', 'WORKASPACE' ) );
#9174 = ORIENTED_EDGE ( 'NONE', *, *, #3636, .F. ) ;
#9175 = CARTESIAN_POINT ( 'NONE',  ( 15.83000000000000007, 8.410166384700659243E-17, -12.00000000000000000 ) ) ;
#9176 = AXIS2_PLACEMENT_3D ( 'NONE', #10906, #5141, #2101 ) ;
#9177 = VERTEX_POINT ( 'NONE', #9988 ) ;
#9178 = MECHANICAL_DESIGN_GEOMETRIC_PRESENTATION_REPRESENTATION (  '', ( #4452 ), #505 ) ;
#9179 = CARTESIAN_POINT ( 'NONE',  ( 12.94999999999999929, -5.000000000000000000, -7.429999999999998828 ) ) ;
#9180 = STYLED_ITEM ( 'NONE', ( #6023 ), #3916 ) ;
#9181 = FILL_AREA_STYLE ('',( #12181 ) ) ;
#9182 = MECHANICAL_DESIGN_GEOMETRIC_PRESENTATION_REPRESENTATION (  '', ( #8966 ), #2408 ) ;
#9183 = ORIENTED_EDGE ( 'NONE', *, *, #3902, .F. ) ;
#9184 = VECTOR ( 'NONE', #1868, 1000.000000000000000 ) ;
#9185 = DIRECTION ( 'NONE',  ( 1.000000000000000000, 1.734723475976805517E-15, 0.000000000000000000 ) ) ;
#9186 = DIRECTION ( 'NONE',  ( -1.070256409758549784E-16, 1.000000000000000000, 0.000000000000000000 ) ) ;
#9187 = VERTEX_POINT ( 'NONE', #11778 ) ;
#9188 = CARTESIAN_POINT ( 'NONE',  ( 1.120858375633013937, 14.98520393037187581, -0.1652703644666149441 ) ) ;
#9189 = CIRCLE ( 'NONE', #11840, 0.9999999999999991118 ) ;
#9190 = VERTEX_POINT ( 'NONE', #9848 ) ;
#9191 = EDGE_CURVE ( 'NONE', #243, #10260, #228, .T. ) ;
#9192 = EDGE_CURVE ( 'NONE', #3942, #9190, #5171, .T. ) ;
#9193 = DIRECTION ( 'NONE',  ( 1.000000000000000000, 0.000000000000000000, 0.000000000000000000 ) ) ;
#9194 = SURFACE_STYLE_USAGE ( .BOTH. , #6225 ) ;
#9195 = VERTEX_POINT ( 'NONE', #2210 ) ;
#9196 = DIRECTION ( 'NONE',  ( 0.000000000000000000, 1.000000000000000000, 0.000000000000000000 ) ) ;
#9197 = DIRECTION ( 'NONE',  ( -0.000000000000000000, 0.8219933076153586038, 0.5694971485754448670 ) ) ;
#9198 = VERTEX_POINT ( 'NONE', #9166 ) ;
#9199 = DIRECTION ( 'NONE',  ( -0.09991521791465265978, -0.8178800156032710600, -0.5666473588625120517 ) ) ;
#9200 = COLOUR_RGB ( '',1.000000000000000000, 0.5019607843137254832, 0.5019607843137254832 ) ;
#9201 = EDGE_CURVE ( 'NONE', #12244, #7512, #9784, .T. ) ;
#9202 = VERTEX_POINT ( 'NONE', #2137 ) ;
#9203 = EDGE_CURVE ( 'NONE', #2280, #1836, #316, .T. ) ;
#9204 = DIRECTION ( 'NONE',  ( 0.000000000000000000, 1.000000000000000000, -0.000000000000000000 ) ) ;
#9205 = VERTEX_POINT ( 'NONE', #32 ) ;
#9206 = DIRECTION ( 'NONE',  ( -0.000000000000000000, -0.000000000000000000, 1.000000000000000000 ) ) ;
#9207 = DIRECTION ( 'NONE',  ( 1.000000000000000000, 0.000000000000000000, 0.000000000000000000 ) ) ;
#9208 = ORIENTED_EDGE ( 'NONE', *, *, #1687, .T. ) ;
#9209 = LINE ( 'NONE', #472, #9719 ) ;
#9210 = FILL_AREA_STYLE ('',( #10157 ) ) ;
#9211 = DIRECTION ( 'NONE',  ( 0.000000000000000000, 1.000000000000000000, 0.000000000000000000 ) ) ;
#9212 = LINE ( 'NONE', #6382, #9556 ) ;
#9213 = ORIENTED_EDGE ( 'NONE', *, *, #11252, .F. ) ;
#9214 = CARTESIAN_POINT ( 'NONE',  ( 24.72894227661927147, 14.96436648895475585, -0.1074269890130540583 ) ) ;
#9215 = ADVANCED_FACE ( 'NONE', ( #5237 ), #10881, .F. ) ;
#9216 = ADVANCED_FACE ( 'NONE', ( #8009 ), #7123, .T. ) ;
#9217 = FACE_OUTER_BOUND ( 'NONE', #4259, .T. ) ;
#9218 = CARTESIAN_POINT ( 'NONE',  ( 19.94855866409554679, 2.730887774041963034, -10.00000000000000000 ) ) ;
#9219 = CARTESIAN_POINT ( 'NONE',  ( 15.03000000000000114, 10.99999999999997158, -1.000000000000000000 ) ) ;
#9220 = ORIENTED_EDGE ( 'NONE', *, *, #4492, .T. ) ;
#9221 = ORIENTED_EDGE ( 'NONE', *, *, #10363, .F. ) ;
#9222 = DIRECTION ( 'NONE',  ( 0.000000000000000000, -0.000000000000000000, -1.000000000000000000 ) ) ;
#9223 = SURFACE_STYLE_FILL_AREA ( #4332 ) ;
#9224 = FACE_OUTER_BOUND ( 'NONE', #2104, .T. ) ;
#9225 = UNCERTAINTY_MEASURE_WITH_UNIT (LENGTH_MEASURE( 1.000000000000000082E-05 ), #10897, 'distance_accuracy_value', 'NONE');
#9226 = AXIS2_PLACEMENT_3D ( 'NONE', #7019, #6045, #9963 ) ;
#9227 =( NAMED_UNIT ( * ) PLANE_ANGLE_UNIT ( ) SI_UNIT ( $, .RADIAN. ) );
#9228 =( NAMED_UNIT ( * ) PLANE_ANGLE_UNIT ( ) SI_UNIT ( $, .RADIAN. ) );
#9229 = EDGE_CURVE ( 'NONE', #7891, #6331, #6006, .T. ) ;
#9230 = FILL_AREA_STYLE_COLOUR ( '', #3998 ) ;
#9231 = ORIENTED_EDGE ( 'NONE', *, *, #7110, .F. ) ;
#9232 = VERTEX_POINT ( 'NONE', #10821 ) ;
#9233 = UNCERTAINTY_MEASURE_WITH_UNIT (LENGTH_MEASURE( 1.000000000000000082E-05 ), #6962, 'distance_accuracy_value', 'NONE');
#9234 = CARTESIAN_POINT ( 'NONE',  ( 13.40460804919591631, 14.99999999999999645, -0.2500000000000017208 ) ) ;
#9235 = STYLED_ITEM ( 'NONE', ( #4391 ), #2654 ) ;
#9236 = CARTESIAN_POINT ( 'NONE',  ( 22.95000000000000284, -4.599999999999999645, -15.62999999999999723 ) ) ;
#9237 = CIRCLE ( 'NONE', #565, 0.4000000000000001887 ) ;
#9238 = ADVANCED_FACE ( 'NONE', ( #3176 ), #9917, .F. ) ;
#9239 = ORIENTED_EDGE ( 'NONE', *, *, #11085, .F. ) ;
#9240 = FILL_AREA_STYLE ('',( #5323 ) ) ;
#9241 = SURFACE_STYLE_USAGE ( .BOTH. , #11091 ) ;
#9242 = CARTESIAN_POINT ( 'NONE',  ( 26.01499359486471974, 13.52171604471974931, -0.7656593709756721600 ) ) ;
#9243 = VECTOR ( 'NONE', #4224, 1000.000000000000000 ) ;
#9244 = FILL_AREA_STYLE ('',( #5325 ) ) ;
#9245 = FILL_AREA_STYLE_COLOUR ( '', #11094 ) ;
#9246 = CARTESIAN_POINT ( 'NONE',  ( 18.94855866409553968, 1.730887774041955929, -10.00000000000000000 ) ) ;
#9247 = VERTEX_POINT ( 'NONE', #2404 ) ;
#9248 = ORIENTED_EDGE ( 'NONE', *, *, #966, .F. ) ;
#9249 =( GEOMETRIC_REPRESENTATION_CONTEXT ( 3 ) GLOBAL_UNCERTAINTY_ASSIGNED_CONTEXT ( ( #2536 ) ) GLOBAL_UNIT_ASSIGNED_CONTEXT ( ( #1379, #10442, #11233 ) ) REPRESENTATION_CONTEXT ( 'NONE', 'WORKASPACE' ) );
#9250 = FILL_AREA_STYLE_COLOUR ( '', #5547 ) ;
#9251 = SURFACE_STYLE_FILL_AREA ( #10135 ) ;
#9252 = EDGE_CURVE ( 'NONE', #12477, #1906, #8264, .T. ) ;
#9253 = CARTESIAN_POINT ( 'NONE',  ( 0.000000000000000000, 10.99999999999997158, -1.000000000000000000 ) ) ;
#9254 = CARTESIAN_POINT ( 'NONE',  ( 16.31781992623545818, 9.999999999999998224, 2.168404344971008621E-16 ) ) ;
#9255 = VERTEX_POINT ( 'NONE', #1537 ) ;
#9256 = DIRECTION ( 'NONE',  ( -1.000000000000000000, -1.204038460978368338E-16, 0.000000000000000000 ) ) ;
#9257 = CARTESIAN_POINT ( 'NONE',  ( -6.595391950804084580, 14.70498544938099883, -0.2499999999999999445 ) ) ;
#9258 = DIRECTION ( 'NONE',  ( 0.000000000000000000, -0.000000000000000000, -1.000000000000000000 ) ) ;
#9259 = EDGE_CURVE ( 'NONE', #4861, #4976, #8406, .T. ) ;
#9260 = DIRECTION ( 'NONE',  ( 0.000000000000000000, 0.000000000000000000, 1.000000000000000000 ) ) ;
#9261 = CARTESIAN_POINT ( 'NONE',  ( 20.02999999999999758, 11.77659106982886783, -12.00000000000000000 ) ) ;
#9262 = ORIENTED_EDGE ( 'NONE', *, *, #12240, .F. ) ;
#9263 = LINE ( 'NONE', #3430, #3061 ) ;
#9264 =( NAMED_UNIT ( * ) SI_UNIT ( $, .STERADIAN. ) SOLID_ANGLE_UNIT ( ) );
#9265 = VECTOR ( 'NONE', #9021, 1000.000000000000114 ) ;
#9266 = ORIENTED_EDGE ( 'NONE', *, *, #544, .F. ) ;
#9267 = PRESENTATION_STYLE_ASSIGNMENT (( #2382 ) ) ;
#9268 = PRESENTATION_STYLE_ASSIGNMENT (( #11120 ) ) ;
#9269 = PRODUCT_RELATED_PRODUCT_CATEGORY ( 'part', '', ( #1054 ) ) ;
#9270 = AXIS2_PLACEMENT_3D ( 'NONE', #7851, #5092, #9888 ) ;
#9271 = ORIENTED_EDGE ( 'NONE', *, *, #6459, .F. ) ;
#9272 = SURFACE_STYLE_USAGE ( .BOTH. , #3560 ) ;
#9273 = EDGE_CURVE ( 'NONE', #3414, #9202, #2733, .T. ) ;
#9274 = EDGE_LOOP ( 'NONE', ( #10302, #1117, #1005, #11433, #10773 ) ) ;
#9275 = FACE_OUTER_BOUND ( 'NONE', #3260, .T. ) ;
#9276 = EDGE_CURVE ( 'NONE', #8501, #5755, #12169, .T. ) ;
#9277 = VECTOR ( 'NONE', #5868, 1000.000000000000000 ) ;
#9278 = COLOUR_RGB ( '',0.8313725490196077761, 0.8392156862745098200, 0.8313725490196077761 ) ;
#9279 = DIRECTION ( 'NONE',  ( 0.000000000000000000, 1.000000000000000000, 0.000000000000000000 ) ) ;
#9280 = PRESENTATION_LAYER_ASSIGNMENT (  '', '', ( #2073 ) ) ;
#9281 = EDGE_LOOP ( 'NONE', ( #6579, #7612, #1240, #6852 ) ) ;
#9282 = ORIENTED_EDGE ( 'NONE', *, *, #12721, .F. ) ;
#9283 = STYLED_ITEM ( 'NONE', ( #12259 ), #3290 ) ;
#9284 =( LENGTH_UNIT ( ) NAMED_UNIT ( * ) SI_UNIT ( .MILLI., .METRE. ) );
#9285 = VECTOR ( 'NONE', #9315, 1000.000000000000000 ) ;
#9286 = LINE ( 'NONE', #363, #10348 ) ;
#9287 = EDGE_CURVE ( 'NONE', #2247, #4526, #2461, .T. ) ;
#9288 = DIRECTION ( 'NONE',  ( 0.000000000000000000, 0.000000000000000000, -1.000000000000000000 ) ) ;
#9289 = AXIS2_PLACEMENT_3D ( 'NONE', #1516, #5476, #4263 ) ;
#9290 = DIRECTION ( 'NONE',  ( 0.000000000000000000, 0.000000000000000000, -1.000000000000000000 ) ) ;
#9291 = VERTEX_POINT ( 'NONE', #11203 ) ;
#9292 = MECHANICAL_DESIGN_GEOMETRIC_PRESENTATION_REPRESENTATION (  '', ( #5995 ), #8673 ) ;
#9293 = LINE ( 'NONE', #3114, #6693 ) ;
#9294 =( GEOMETRIC_REPRESENTATION_CONTEXT ( 3 ) GLOBAL_UNCERTAINTY_ASSIGNED_CONTEXT ( ( #9580 ) ) GLOBAL_UNIT_ASSIGNED_CONTEXT ( ( #1019, #10959, #2157 ) ) REPRESENTATION_CONTEXT ( 'NONE', 'WORKASPACE' ) );
#9295 = CARTESIAN_POINT ( 'NONE',  ( 24.66795872986364913, 14.56261116223706154, -0.04450167309611560706 ) ) ;
#9296 = ORIENTED_EDGE ( 'NONE', *, *, #3565, .T. ) ;
#9297 = COLOUR_RGB ( '',0.8313725490196077761, 0.8392156862745098200, 0.8313725490196077761 ) ;
#9298 = VERTEX_POINT ( 'NONE', #1351 ) ;
#9299 = CARTESIAN_POINT ( 'NONE',  ( 24.66795872986364913, 14.56261116223706154, -0.04450167309611560706 ) ) ;
#9300 = DIRECTION ( 'NONE',  ( 0.000000000000000000, 0.000000000000000000, 1.000000000000000000 ) ) ;
#9301 = EDGE_CURVE ( 'NONE', #4576, #4560, #1467, .T. ) ;
#9302 = ADVANCED_FACE ( 'NONE', ( #9224 ), #364, .F. ) ;
#9303 = VECTOR ( 'NONE', #7529, 1000.000000000000000 ) ;
#9304 = CARTESIAN_POINT ( 'NONE',  ( 15.06833203617090611, 7.356120034073296843, 0.000000000000000000 ) ) ;
#9305 = STYLED_ITEM ( 'NONE', ( #5599 ), #845 ) ;
#9306 = LINE ( 'NONE', #10310, #11665 ) ;
#9307 = ORIENTED_EDGE ( 'NONE', *, *, #6677, .F. ) ;
#9308 = FACE_OUTER_BOUND ( 'NONE', #7023, .T. ) ;
#9309 = CARTESIAN_POINT ( 'NONE',  ( 9.068332036170907884, 7.356120034073296843, -10.00000000000000000 ) ) ;
#9310 = LINE ( 'NONE', #8348, #8717 ) ;
#9311 = VERTEX_POINT ( 'NONE', #3150 ) ;
#9312 = ORIENTED_EDGE ( 'NONE', *, *, #2126, .T. ) ;
#9313 = ORIENTED_EDGE ( 'NONE', *, *, #9372, .T. ) ;
#9314 = CARTESIAN_POINT ( 'NONE',  ( 16.02999999999999758, 11.77659106982886605, -12.00000000000000000 ) ) ;
#9315 = DIRECTION ( 'NONE',  ( -1.000000000000000000, 0.000000000000000000, -0.000000000000000000 ) ) ;
#9316 = DIRECTION ( 'NONE',  ( 0.000000000000000000, 1.000000000000000000, 0.000000000000000000 ) ) ;
#9317 = ORIENTED_EDGE ( 'NONE', *, *, #8792, .T. ) ;
#9318 = ADVANCED_FACE ( 'NONE', ( #1257 ), #8948, .F. ) ;
#9319 =( GEOMETRIC_REPRESENTATION_CONTEXT ( 3 ) GLOBAL_UNCERTAINTY_ASSIGNED_CONTEXT ( ( #9832 ) ) GLOBAL_UNIT_ASSIGNED_CONTEXT ( ( #1643, #3505, #6518 ) ) REPRESENTATION_CONTEXT ( 'NONE', 'WORKASPACE' ) );
#9320 = PRESENTATION_STYLE_ASSIGNMENT (( #2493 ) ) ;
#9321 = DIRECTION ( 'NONE',  ( -0.000000000000000000, -0.000000000000000000, 1.000000000000000000 ) ) ;
#9322 = CARTESIAN_POINT ( 'NONE',  ( 2.950000000000000178, -5.000000000000000000, -15.62999999999999723 ) ) ;
#9323 =( LENGTH_UNIT ( ) NAMED_UNIT ( * ) SI_UNIT ( .MILLI., .METRE. ) );
#9324 = ORIENTED_EDGE ( 'NONE', *, *, #9259, .F. ) ;
#9325 = DIRECTION ( 'NONE',  ( -0.000000000000000000, -0.000000000000000000, 1.000000000000000000 ) ) ;
#9326 = ORIENTED_EDGE ( 'NONE', *, *, #11068, .T. ) ;
#9327 = LINE ( 'NONE', #2696, #3929 ) ;
#9328 = ORIENTED_EDGE ( 'NONE', *, *, #3470, .F. ) ;
#9329 = ORIENTED_EDGE ( 'NONE', *, *, #1990, .F. ) ;
#9330 =( NAMED_UNIT ( * ) SI_UNIT ( $, .STERADIAN. ) SOLID_ANGLE_UNIT ( ) );
#9331 = CARTESIAN_POINT ( 'NONE',  ( 11.31781992623545818, 9.999999999999998224, 2.168404344971008621E-16 ) ) ;
#9332 = VECTOR ( 'NONE', #6813, 1000.000000000000000 ) ;
#9333 = FILL_AREA_STYLE ('',( #670 ) ) ;
#9334 = ORIENTED_EDGE ( 'NONE', *, *, #6212, .T. ) ;
#9335 = VECTOR ( 'NONE', #1833, 1000.000000000000114 ) ;
#9336 = CARTESIAN_POINT ( 'NONE',  ( 16.02999999999999758, 14.56261116223713969, -0.04450167309616145928 ) ) ;
#9337 = DIRECTION ( 'NONE',  ( 0.000000000000000000, -0.000000000000000000, -1.000000000000000000 ) ) ;
#9338 = EDGE_CURVE ( 'NONE', #10588, #8846, #7162, .T. ) ;
#9339 = VECTOR ( 'NONE', #8381, 1000.000000000000000 ) ;
#9340 = EDGE_CURVE ( 'NONE', #7219, #11341, #3266, .T. ) ;
#9341 = PRESENTATION_LAYER_ASSIGNMENT (  '', '', ( #466 ) ) ;
#9342 = ORIENTED_EDGE ( 'NONE', *, *, #6231, .F. ) ;
#9343 = DIRECTION ( 'NONE',  ( 1.000000000000000000, 2.026546116795335870E-16, -0.000000000000000000 ) ) ;
#9344 = ORIENTED_EDGE ( 'NONE', *, *, #5741, .F. ) ;
#9345 = UNCERTAINTY_MEASURE_WITH_UNIT (LENGTH_MEASURE( 1.000000000000000082E-05 ), #8716, 'distance_accuracy_value', 'NONE');
#9346 = CIRCLE ( 'NONE', #5442, 0.4000000000000010214 ) ;
#9347 =( GEOMETRIC_REPRESENTATION_CONTEXT ( 3 ) GLOBAL_UNCERTAINTY_ASSIGNED_CONTEXT ( ( #9736 ) ) GLOBAL_UNIT_ASSIGNED_CONTEXT ( ( #10105, #2136, #1004 ) ) REPRESENTATION_CONTEXT ( 'NONE', 'WORKASPACE' ) );
#9348 = MECHANICAL_DESIGN_GEOMETRIC_PRESENTATION_REPRESENTATION (  '', ( #2768 ), #7107 ) ;
#9349 = FACE_OUTER_BOUND ( 'NONE', #3253, .T. ) ;
#9350 = CIRCLE ( 'NONE', #6671, 1.000000000000000888 ) ;
#9351 = AXIS2_PLACEMENT_3D ( 'NONE', #2648, #7470, #9518 ) ;
#9352 = VECTOR ( 'NONE', #11606, 1000.000000000000000 ) ;
#9353 = CYLINDRICAL_SURFACE ( 'NONE', #4897, 1.000000000000000888 ) ;
#9354 = EDGE_CURVE ( 'NONE', #2115, #7942, #11669, .T. ) ;
#9355 = CIRCLE ( 'NONE', #1100, 1.000000000000000888 ) ;
#9356 = ORIENTED_EDGE ( 'NONE', *, *, #4348, .T. ) ;
#9357 = CIRCLE ( 'NONE', #10162, 0.1873162273354038454 ) ;
#9358 = EDGE_LOOP ( 'NONE', ( #5919, #2413, #10613, #9847 ) ) ;
#9359 = PRESENTATION_STYLE_ASSIGNMENT (( #11215 ) ) ;
#9360 = DIRECTION ( 'NONE',  ( 0.000000000000000000, 0.000000000000000000, 1.000000000000000000 ) ) ;
#9361 = CARTESIAN_POINT ( 'NONE',  ( 18.03909090176839314, 0.000000000000000000, -1.000000000000007772 ) ) ;
#9362 = DIRECTION ( 'NONE',  ( 1.000000000000000000, 0.000000000000000000, 0.000000000000000000 ) ) ;
#9363 =( NAMED_UNIT ( * ) PLANE_ANGLE_UNIT ( ) SI_UNIT ( $, .RADIAN. ) );
#9364 = AXIS2_PLACEMENT_3D ( 'NONE', #3424, #8547, #10451 ) ;
#9365 = CARTESIAN_POINT ( 'NONE',  ( 26.67576706438588019, 1.730887774041955929, -10.00000000000000000 ) ) ;
#9366 = UNCERTAINTY_MEASURE_WITH_UNIT (LENGTH_MEASURE( 1.000000000000000082E-05 ), #9323, 'distance_accuracy_value', 'NONE');
#9367 = ORIENTED_EDGE ( 'NONE', *, *, #8578, .F. ) ;
#9368 = CARTESIAN_POINT ( 'NONE',  ( 16.67576706438588019, 1.730887774041955929, 0.000000000000000000 ) ) ;
#9369 = AXIS2_PLACEMENT_3D ( 'NONE', #3882, #4915, #9036 ) ;
#9370 = EDGE_CURVE ( 'NONE', #7150, #10528, #2187, .T. ) ;
#9371 = ORIENTED_EDGE ( 'NONE', *, *, #7389, .F. ) ;
#9372 = EDGE_CURVE ( 'NONE', #2448, #2519, #10925, .T. ) ;
#9373 = EDGE_LOOP ( 'NONE', ( #9964, #5335, #7402, #3311 ) ) ;
#9374 = ORIENTED_EDGE ( 'NONE', *, *, #1022, .F. ) ;
#9375 = DIRECTION ( 'NONE',  ( 0.000000000000000000, 0.000000000000000000, 1.000000000000000000 ) ) ;
#9376 = PRESENTATION_LAYER_ASSIGNMENT (  '', '', ( #2181 ) ) ;
#9377 = DIRECTION ( 'NONE',  ( 1.000000000000000000, 0.000000000000000000, 0.000000000000000000 ) ) ;
#9378 = CIRCLE ( 'NONE', #5685, 1.000000000000000888 ) ;
#9379 = DIRECTION ( 'NONE',  ( 0.000000000000000000, 1.000000000000000000, 0.000000000000000000 ) ) ;
#9380 = AXIS2_PLACEMENT_3D ( 'NONE', #12451, #2873, #9746 ) ;
#9381 = CARTESIAN_POINT ( 'NONE',  ( 15.06833203617090611, 7.356120034073296843, -10.00000000000000000 ) ) ;
#9382 = CARTESIAN_POINT ( 'NONE',  ( 25.03000000000000469, 11.77659106982886783, -12.00000000000000000 ) ) ;
#9383 = UNCERTAINTY_MEASURE_WITH_UNIT (LENGTH_MEASURE( 1.000000000000000082E-05 ), #9411, 'distance_accuracy_value', 'NONE');
#9384 = VERTEX_POINT ( 'NONE', #6116 ) ;
#9385 =( NAMED_UNIT ( * ) PLANE_ANGLE_UNIT ( ) SI_UNIT ( $, .RADIAN. ) );
#9386 = AXIS2_PLACEMENT_3D ( 'NONE', #707, #1824, #901 ) ;
#9387 =( NAMED_UNIT ( * ) SI_UNIT ( $, .STERADIAN. ) SOLID_ANGLE_UNIT ( ) );
#9388 = DIRECTION ( 'NONE',  ( 0.000000000000000000, 0.000000000000000000, -1.000000000000000000 ) ) ;
#9389 = CIRCLE ( 'NONE', #2399, 0.9999999999999991118 ) ;
#9390 = ADVANCED_FACE ( 'NONE', ( #4117 ), #6954, .T. ) ;
#9391 = ORIENTED_EDGE ( 'NONE', *, *, #182, .T. ) ;
#9392 = CARTESIAN_POINT ( 'NONE',  ( 24.73914162436698660, 14.38829763613029478, -0.1652703644666174421 ) ) ;
#9393 = ORIENTED_EDGE ( 'NONE', *, *, #8400, .T. ) ;
#9394 = CARTESIAN_POINT ( 'NONE',  ( 13.03909090176839314, 0.000000000000000000, -21.62877342318509477 ) ) ;
#9395 =( NAMED_UNIT ( * ) SI_UNIT ( $, .STERADIAN. ) SOLID_ANGLE_UNIT ( ) );
#9396 = MECHANICAL_DESIGN_GEOMETRIC_PRESENTATION_REPRESENTATION (  '', ( #10820 ), #12456 ) ;
#9397 = LINE ( 'NONE', #5348, #2082 ) ;
#9398 = EDGE_LOOP ( 'NONE', ( #7847, #10653, #7278, #7760 ) ) ;
#9399 = ORIENTED_EDGE ( 'NONE', *, *, #4234, .T. ) ;
#9400 = CARTESIAN_POINT ( 'NONE',  ( 29.54218007376454835, 9.999999999999998224, -0.2000000000000024536 ) ) ;
#9401 =( NAMED_UNIT ( * ) PLANE_ANGLE_UNIT ( ) SI_UNIT ( $, .RADIAN. ) );
#9402 = ORIENTED_EDGE ( 'NONE', *, *, #10612, .F. ) ;
#9403 = LINE ( 'NONE', #11256, #5036 ) ;
#9404 = PLANE ( 'NONE',  #11359 ) ;
#9405 = SURFACE_STYLE_FILL_AREA ( #9333 ) ;
#9406 = ORIENTED_EDGE ( 'NONE', *, *, #10731, .F. ) ;
#9407 = DIRECTION ( 'NONE',  ( 0.000000000000000000, -0.000000000000000000, -1.000000000000000000 ) ) ;
#9408 = LINE ( 'NONE', #550, #6392 ) ;
#9409 = ORIENTED_EDGE ( 'NONE', *, *, #8569, .F. ) ;
#9410 = EDGE_LOOP ( 'NONE', ( #12370, #1043, #2051, #7158 ) ) ;
#9411 =( LENGTH_UNIT ( ) NAMED_UNIT ( * ) SI_UNIT ( .MILLI., .METRE. ) );
#9412 = CARTESIAN_POINT ( 'NONE',  ( 27.95000000000000284, 0.000000000000000000, -15.62999999999999723 ) ) ;
#9413 = CARTESIAN_POINT ( 'NONE',  ( 16.12085837563301638, 9.999999999999998224, -0.1652703644666149441 ) ) ;
#9414 = ADVANCED_FACE ( 'NONE', ( #5976 ), #9894, .F. ) ;
#9415 = VERTEX_POINT ( 'NONE', #7992 ) ;
#9416 = DIRECTION ( 'NONE',  ( 2.026546116795335870E-16, -1.000000000000000000, 0.000000000000000000 ) ) ;
#9417 =( LENGTH_UNIT ( ) NAMED_UNIT ( * ) SI_UNIT ( .MILLI., .METRE. ) );
#9418 = ORIENTED_EDGE ( 'NONE', *, *, #3422, .F. ) ;
#9419 = ORIENTED_EDGE ( 'NONE', *, *, #9340, .F. ) ;
#9420 = PLANE ( 'NONE',  #2312 ) ;
#9421 = DIRECTION ( 'NONE',  ( 0.000000000000000000, 1.000000000000000000, 0.000000000000000000 ) ) ;
#9422 = DIRECTION ( 'NONE',  ( 1.000000000000000000, 2.026546116795335870E-16, -0.000000000000000000 ) ) ;
#9423 = FILL_AREA_STYLE ('',( #4533 ) ) ;
#9424 = ADVANCED_FACE ( 'NONE', ( #11889 ), #3089, .F. ) ;
#9425 = CARTESIAN_POINT ( 'NONE',  ( 32.00000000000000000, 11.00000000000000000, -3.999999999999999112 ) ) ;
#9426 = AXIS2_PLACEMENT_3D ( 'NONE', #11282, #12184, #1488 ) ;
#9427 = ADVANCED_FACE ( 'NONE', ( #149 ), #7346, .F. ) ;
#9428 = CARTESIAN_POINT ( 'NONE',  ( 9.830000000000001847, 9.999999999999998224, -0.6805538183541270936 ) ) ;
#9429 = CARTESIAN_POINT ( 'NONE',  ( 30.06833203617091144, 7.356120034073296843, -10.00000000000000000 ) ) ;
#9430 = AXIS2_PLACEMENT_3D ( 'NONE', #494, #10171, #9288 ) ;
#9431 = CARTESIAN_POINT ( 'NONE',  ( 1.567688435743064268, 9.242953882361234719, -10.00000000000000000 ) ) ;
#9432 = ORIENTED_EDGE ( 'NONE', *, *, #8593, .T. ) ;
#9433 = ORIENTED_EDGE ( 'NONE', *, *, #7411, .F. ) ;
#9434 = ORIENTED_EDGE ( 'NONE', *, *, #5409, .T. ) ;
#9435 = PLANE ( 'NONE',  #1967 ) ;
#9436 = FILL_AREA_STYLE_COLOUR ( '', #7247 ) ;
#9437 = SURFACE_STYLE_USAGE ( .BOTH. , #2808 ) ;
#9438 = EDGE_CURVE ( 'NONE', #11265, #5802, #1575, .T. ) ;
#9439 = DIRECTION ( 'NONE',  ( -2.168404344971006896E-16, 1.000000000000000000, 0.000000000000000000 ) ) ;
#9440 = EDGE_CURVE ( 'NONE', #6629, #8626, #60, .T. ) ;
#9441 = CARTESIAN_POINT ( 'NONE',  ( 27.95000000000000284, -5.000000000000000000, -7.429999999999998828 ) ) ;
#9442 = CARTESIAN_POINT ( 'NONE',  ( 24.94855866409554679, 5.698981658683065277, 0.000000000000000000 ) ) ;
#9443 = DIRECTION ( 'NONE',  ( -1.000000000000000000, -2.026546116795335870E-16, 0.000000000000000000 ) ) ;
#9444 = PRESENTATION_STYLE_ASSIGNMENT (( #10325 ) ) ;
#9445 = VERTEX_POINT ( 'NONE', #9392 ) ;
#9446 = AXIS2_PLACEMENT_3D ( 'NONE', #714, #2940, #10775 ) ;
#9447 = VERTEX_POINT ( 'NONE', #8485 ) ;
#9448 = VERTEX_POINT ( 'NONE', #11305 ) ;
#9449 = ORIENTED_EDGE ( 'NONE', *, *, #6951, .F. ) ;
#9450 = SURFACE_SIDE_STYLE ('',( #6617 ) ) ;
#9451 = DIRECTION ( 'NONE',  ( -0.000000000000000000, 0.000000000000000000, 1.000000000000000000 ) ) ;
#9452 = AXIS2_PLACEMENT_3D ( 'NONE', #3072, #5005, #6939 ) ;
#9453 = ORIENTED_EDGE ( 'NONE', *, *, #7455, .F. ) ;
#9454 = ORIENTED_EDGE ( 'NONE', *, *, #5321, .F. ) ;
#9455 = LINE ( 'NONE', #4506, #5665 ) ;
#9456 = ADVANCED_FACE ( 'NONE', ( #7277 ), #534, .F. ) ;
#9457 = UNCERTAINTY_MEASURE_WITH_UNIT (LENGTH_MEASURE( 1.000000000000000082E-05 ), #1461, 'distance_accuracy_value', 'NONE');
#9458 = EDGE_CURVE ( 'NONE', #699, #1410, #3465, .T. ) ;
#9459 = EDGE_CURVE ( 'NONE', #1452, #4937, #8428, .T. ) ;
#9460 = DIRECTION ( 'NONE',  ( 0.000000000000000000, -0.000000000000000000, -1.000000000000000000 ) ) ;
#9461 = CARTESIAN_POINT ( 'NONE',  ( 0.6757670643858804116, 0.000000000000000000, 0.000000000000000000 ) ) ;
#9462 = VECTOR ( 'NONE', #2479, 1000.000000000000000 ) ;
#9463 =( NAMED_UNIT ( * ) PLANE_ANGLE_UNIT ( ) SI_UNIT ( $, .RADIAN. ) );
#9464 =( NAMED_UNIT ( * ) SI_UNIT ( $, .STERADIAN. ) SOLID_ANGLE_UNIT ( ) );
#9465 = ORIENTED_EDGE ( 'NONE', *, *, #3321, .T. ) ;
#9466 = MECHANICAL_DESIGN_GEOMETRIC_PRESENTATION_REPRESENTATION (  '', ( #12327 ), #10475 ) ;
#9467 = UNCERTAINTY_MEASURE_WITH_UNIT (LENGTH_MEASURE( 1.000000000000000082E-05 ), #7397, 'distance_accuracy_value', 'NONE');
#9468 = EDGE_CURVE ( 'NONE', #11582, #4587, #1625, .T. ) ;
#9469 = MECHANICAL_DESIGN_GEOMETRIC_PRESENTATION_REPRESENTATION (  '', ( #8241 ), #4538 ) ;
#9470 = CARTESIAN_POINT ( 'NONE',  ( -1.595391950804084580, 14.74999999999999645, -0.2499999999999999445 ) ) ;
#9471 = EDGE_CURVE ( 'NONE', #5288, #12334, #1510, .T. ) ;
#9472 =( NAMED_UNIT ( * ) PLANE_ANGLE_UNIT ( ) SI_UNIT ( $, .RADIAN. ) );
#9473 = ORIENTED_EDGE ( 'NONE', *, *, #188, .F. ) ;
#9474 = ORIENTED_EDGE ( 'NONE', *, *, #5953, .F. ) ;
#9475 = ORIENTED_EDGE ( 'NONE', *, *, #10911, .T. ) ;
#9476 = DIRECTION ( 'NONE',  ( 2.944053133434612107E-32, -1.452744208007547927E-16, -1.000000000000000000 ) ) ;
#9477 = PRESENTATION_LAYER_ASSIGNMENT (  '', '', ( #9087 ) ) ;
#9478 = CARTESIAN_POINT ( 'NONE',  ( 5.830000000000000071, 15.00000000000000000, -12.00000000000000000 ) ) ;
#9479 = VECTOR ( 'NONE', #2420, 1000.000000000000114 ) ;
#9480 = VECTOR ( 'NONE', #5074, 1000.000000000000000 ) ;
#9481 = DIRECTION ( 'NONE',  ( 1.000000000000000000, 0.000000000000000000, 0.000000000000000000 ) ) ;
#9482 = PRESENTATION_STYLE_ASSIGNMENT (( #1610 ) ) ;
#9483 = AXIS2_PLACEMENT_3D ( 'NONE', #8413, #6365, #9379 ) ;
#9484 = LINE ( 'NONE', #9309, #9462 ) ;
#9485 = DIRECTION ( 'NONE',  ( 0.000000000000000000, -0.000000000000000000, -1.000000000000000000 ) ) ;
#9486 = VECTOR ( 'NONE', #1747, 1000.000000000000000 ) ;
#9487 = ORIENTED_EDGE ( 'NONE', *, *, #6934, .F. ) ;
#9488 = ORIENTED_EDGE ( 'NONE', *, *, #4974, .T. ) ;
#9489 = CARTESIAN_POINT ( 'NONE',  ( 0.8299999999999999600, 15.00000000000000000, -12.00000000000000000 ) ) ;
#9490 = VECTOR ( 'NONE', #767, 1000.000000000000000 ) ;
#9491 = EDGE_CURVE ( 'NONE', #11583, #4177, #6966, .T. ) ;
#9492 = LINE ( 'NONE', #6663, #10565 ) ;
#9493 = VERTEX_POINT ( 'NONE', #6312 ) ;
#9494 = EDGE_CURVE ( 'NONE', #7955, #11587, #9263, .T. ) ;
#9495 = AXIS2_PLACEMENT_3D ( 'NONE', #2509, #4444, #6244 ) ;
#9496 = FACE_OUTER_BOUND ( 'NONE', #1176, .T. ) ;
#9497 = DIRECTION ( 'NONE',  ( 0.000000000000000000, -1.000000000000000000, 0.000000000000000000 ) ) ;
#9498 = FILL_AREA_STYLE_COLOUR ( '', #7349 ) ;
#9499 = UNCERTAINTY_MEASURE_WITH_UNIT (LENGTH_MEASURE( 1.000000000000000082E-05 ), #2122, 'distance_accuracy_value', 'NONE');
#9500 = VECTOR ( 'NONE', #5581, 1000.000000000000000 ) ;
#9501 = CARTESIAN_POINT ( 'NONE',  ( 6.029999999999999361, 11.77659106982886428, -12.00000000000000000 ) ) ;
#9502 = FACE_OUTER_BOUND ( 'NONE', #9506, .T. ) ;
#9503 = ORIENTED_EDGE ( 'NONE', *, *, #8591, .T. ) ;
#9504 = CARTESIAN_POINT ( 'NONE',  ( 1.029999999999999583, 11.77659106982886605, -12.00000000000000000 ) ) ;
#9505 = ADVANCED_FACE ( 'NONE', ( #10327 ), #10244, .T. ) ;
#9506 = EDGE_LOOP ( 'NONE', ( #1817, #6987, #6562, #3751, #6768, #6043 ) ) ;
#9507 = CARTESIAN_POINT ( 'NONE',  ( 19.83000000000000185, 12.20709392125342596, -1.676461860280853200 ) ) ;
#9508 = LINE ( 'NONE', #12385, #9303 ) ;
#9509 = ORIENTED_EDGE ( 'NONE', *, *, #11084, .T. ) ;
#9510 = CYLINDRICAL_SURFACE ( 'NONE', #11574, 1.000000000000000888 ) ;
#9511 = ORIENTED_EDGE ( 'NONE', *, *, #3239, .T. ) ;
#9512 = CARTESIAN_POINT ( 'NONE',  ( -6.595391950804084580, 14.99999999999999645, -10.99999999999999289 ) ) ;
#9513 = EDGE_LOOP ( 'NONE', ( #3120, #9168, #1255, #12217, #9751, #11567, #4702, #4638, #5125, #6994, #3497, #9016, #9633, #2563 ) ) ;
#9514 = ORIENTED_EDGE ( 'NONE', *, *, #7547, .F. ) ;
#9515 = CARTESIAN_POINT ( 'NONE',  ( 12.94999999999999929, -5.000000000000000000, -7.617316227335406253 ) ) ;
#9516 = DIRECTION ( 'NONE',  ( 0.000000000000000000, 0.000000000000000000, 1.000000000000000000 ) ) ;
#9517 = ORIENTED_EDGE ( 'NONE', *, *, #3703, .F. ) ;
#9518 = DIRECTION ( 'NONE',  ( 0.000000000000000000, -1.000000000000000000, 0.000000000000000000 ) ) ;
#9519 = PRESENTATION_STYLE_ASSIGNMENT (( #3680 ) ) ;
#9520 = VECTOR ( 'NONE', #113, 1000.000000000000000 ) ;
#9521 = EDGE_CURVE ( 'NONE', #10518, #2005, #11740, .T. ) ;
#9522 = EDGE_CURVE ( 'NONE', #503, #10108, #2859, .T. ) ;
#9523 = CARTESIAN_POINT ( 'NONE',  ( 11.12172775006447445, 6.531472162044073215, -10.00000000000000000 ) ) ;
#9524 = SURFACE_STYLE_FILL_AREA ( #4457 ) ;
#9525 = COLOUR_RGB ( '',1.000000000000000000, 0.5019607843137254832, 0.5019607843137254832 ) ;
#9526 = ORIENTED_EDGE ( 'NONE', *, *, #10523, .T. ) ;
#9527 = LINE ( 'NONE', #734, #1245 ) ;
#9528 = STYLED_ITEM ( 'NONE', ( #4111 ), #5192 ) ;
#9529 = ORIENTED_EDGE ( 'NONE', *, *, #1333, .F. ) ;
#9530 = DIRECTION ( 'NONE',  ( -0.1736481776669308585, 0.000000000000000000, 0.9848077530122080203 ) ) ;
#9531 = CIRCLE ( 'NONE', #8103, 0.4000000000000010214 ) ;
#9532 = AXIS2_PLACEMENT_3D ( 'NONE', #1253, #7273, #2501 ) ;
#9533 = AXIS2_PLACEMENT_3D ( 'NONE', #1329, #12035, #10090 ) ;
#9534 = COLOUR_RGB ( '',0.8313725490196077761, 0.8392156862745098200, 0.8313725490196077761 ) ;
#9535 = VECTOR ( 'NONE', #5106, 1000.000000000000000 ) ;
#9536 = ORIENTED_EDGE ( 'NONE', *, *, #12041, .F. ) ;
#9537 = EDGE_CURVE ( 'NONE', #6913, #3077, #11679, .T. ) ;
#9538 = DIRECTION ( 'NONE',  ( -1.000000000000000000, -1.070256409758549661E-16, 0.000000000000000000 ) ) ;
#9539 = VECTOR ( 'NONE', #4393, 1000.000000000000000 ) ;
#9540 = AXIS2_PLACEMENT_3D ( 'NONE', #6329, #2712, #11389 ) ;
#9541 = VECTOR ( 'NONE', #7981, 1000.000000000000000 ) ;
#9542 = LINE ( 'NONE', #7569, #11181 ) ;
#9543 = CARTESIAN_POINT ( 'NONE',  ( 26.03000000000000114, 14.99999999999999822, -11.00000000000000178 ) ) ;
#9544 = VECTOR ( 'NONE', #3894, 1000.000000000000000 ) ;
#9545 = CIRCLE ( 'NONE', #2772, 4.000000000000000000 ) ;
#9546 = DIRECTION ( 'NONE',  ( 0.000000000000000000, -1.000000000000000000, 0.000000000000000000 ) ) ;
#9547 = PRESENTATION_LAYER_ASSIGNMENT (  '', '', ( #7934 ) ) ;
#9548 = VECTOR ( 'NONE', #7972, 1000.000000000000000 ) ;
#9549 = AXIS2_PLACEMENT_3D ( 'NONE', #3175, #7044, #5047 ) ;
#9550 = FACE_OUTER_BOUND ( 'NONE', #1816, .T. ) ;
#9551 = LINE ( 'NONE', #698, #1951 ) ;
#9552 = ORIENTED_EDGE ( 'NONE', *, *, #10055, .T. ) ;
#9553 = CARTESIAN_POINT ( 'NONE',  ( 12.94999999999999929, -4.599999999999999645, -7.830000000000000071 ) ) ;
#9554 = PLANE ( 'NONE',  #1305 ) ;
#9555 = EDGE_LOOP ( 'NONE', ( #559, #7391, #3781, #11906, #11944, #1808 ) ) ;
#9556 = VECTOR ( 'NONE', #3365, 1000.000000000000000 ) ;
#9557 = AXIS2_PLACEMENT_3D ( 'NONE', #9940, #6803, #4939 ) ;
#9558 = CIRCLE ( 'NONE', #9959, 0.9999999999999991118 ) ;
#9559 = DIRECTION ( 'NONE',  ( 0.000000000000000000, 0.000000000000000000, -1.000000000000000000 ) ) ;
#9560 = MECHANICAL_DESIGN_GEOMETRIC_PRESENTATION_REPRESENTATION (  '', ( #900 ), #5063 ) ;
#9561 = PRESENTATION_STYLE_ASSIGNMENT (( #10696 ) ) ;
#9562 = EDGE_CURVE ( 'NONE', #11894, #1154, #1966, .T. ) ;
#9563 = ADVANCED_FACE ( 'NONE', ( #8800 ), #7708, .T. ) ;
#9564 = CARTESIAN_POINT ( 'NONE',  ( 9.542180073764543025, 9.999999999999998224, -2.385244779468109755E-15 ) ) ;
#9565 = EDGE_LOOP ( 'NONE', ( #10882, #7565, #2944, #3861 ) ) ;
#9566 = CARTESIAN_POINT ( 'NONE',  ( 32.00000000000000000, 0.7437402936630167494, -0.03339203246192771340 ) ) ;
#9567 = STYLED_ITEM ( 'NONE', ( #1239 ), #12562 ) ;
#9568 = CARTESIAN_POINT ( 'NONE',  ( 20.00000000000000000, 10.99999999999997158, -1.000000000000000000 ) ) ;
#9569 = CIRCLE ( 'NONE', #696, 1.000000000000000888 ) ;
#9570 = LINE ( 'NONE', #716, #9335 ) ;
#9571 = ORIENTED_EDGE ( 'NONE', *, *, #5344, .T. ) ;
#9572 = DIRECTION ( 'NONE',  ( 0.000000000000000000, -1.000000000000000000, 8.673617379884027583E-16 ) ) ;
#9573 = VERTEX_POINT ( 'NONE', #8679 ) ;
#9574 = VERTEX_POINT ( 'NONE', #10515 ) ;
#9575 = CARTESIAN_POINT ( 'NONE',  ( 15.00000000000000000, 0.7437402936630139738, -0.03339203246192836566 ) ) ;
#9576 = MECHANICAL_DESIGN_GEOMETRIC_PRESENTATION_REPRESENTATION (  '', ( #12044 ), #3438 ) ;
#9577 = UNCERTAINTY_MEASURE_WITH_UNIT (LENGTH_MEASURE( 1.000000000000000082E-05 ), #8004, 'distance_accuracy_value', 'NONE');
#9578 =( GEOMETRIC_REPRESENTATION_CONTEXT ( 3 ) GLOBAL_UNCERTAINTY_ASSIGNED_CONTEXT ( ( #3573 ) ) GLOBAL_UNIT_ASSIGNED_CONTEXT ( ( #3865, #9819, #6879 ) ) REPRESENTATION_CONTEXT ( 'NONE', 'WORKASPACE' ) );
#9579 = CARTESIAN_POINT ( 'NONE',  ( 5.000000000000000000, 0.7437402936630139738, -21.62877342318509477 ) ) ;
#9580 = UNCERTAINTY_MEASURE_WITH_UNIT (LENGTH_MEASURE( 1.000000000000000082E-05 ), #1019, 'distance_accuracy_value', 'NONE');
#9581 = FILL_AREA_STYLE_COLOUR ( '', #283 ) ;
#9582 = DIRECTION ( 'NONE',  ( -1.000000000000000000, 0.000000000000000000, 0.000000000000000000 ) ) ;
#9583 = EDGE_CURVE ( 'NONE', #386, #11860, #3857, .T. ) ;
#9584 = EDGE_CURVE ( 'NONE', #8780, #5549, #3670, .T. ) ;
#9585 = ORIENTED_EDGE ( 'NONE', *, *, #6916, .F. ) ;
#9586 = STYLED_ITEM ( 'NONE', ( #4176 ), #8752 ) ;
#9587 = VERTEX_POINT ( 'NONE', #12569 ) ;
#9588 = AXIS2_PLACEMENT_3D ( 'NONE', #9935, #3132, #9802 ) ;
#9589 = DIRECTION ( 'NONE',  ( 1.000000000000000000, 2.026546116795335870E-16, -0.000000000000000000 ) ) ;
#9590 = FILL_AREA_STYLE_COLOUR ( '', #1210 ) ;
#9591 = VERTEX_POINT ( 'NONE', #2872 ) ;
#9592 = FILL_AREA_STYLE_COLOUR ( '', #2285 ) ;
#9593 = ORIENTED_EDGE ( 'NONE', *, *, #7771, .T. ) ;
#9594 = CYLINDRICAL_SURFACE ( 'NONE', #3202, 0.5000000000000004441 ) ;
#9595 = DIRECTION ( 'NONE',  ( -1.070256409758549784E-16, 1.000000000000000000, 0.000000000000000000 ) ) ;
#9596 = CARTESIAN_POINT ( 'NONE',  ( 23.03909090176839314, 0.7437402936630143069, 0.5000000000000000000 ) ) ;
#9597 = AXIS2_PLACEMENT_3D ( 'NONE', #2727, #8592, #5695 ) ;
#9598 = EDGE_CURVE ( 'NONE', #12177, #771, #3074, .T. ) ;
#9599 = EDGE_CURVE ( 'NONE', #2704, #6548, #2693, .T. ) ;
#9600 = CARTESIAN_POINT ( 'NONE',  ( 25.00000000000000000, 0.7437402936630139738, -21.62877342318509477 ) ) ;
#9601 = ORIENTED_EDGE ( 'NONE', *, *, #4705, .T. ) ;
#9602 = DIRECTION ( 'NONE',  ( 0.000000000000000000, -1.000000000000000000, 0.000000000000000000 ) ) ;
#9603 = ORIENTED_EDGE ( 'NONE', *, *, #8631, .F. ) ;
#9604 = DIRECTION ( 'NONE',  ( 1.000000000000000000, 2.026546116795335870E-16, -0.000000000000000000 ) ) ;
#9605 = EDGE_LOOP ( 'NONE', ( #4222, #4825 ) ) ;
#9606 = VECTOR ( 'NONE', #7767, 1000.000000000000000 ) ;
#9607 = CARTESIAN_POINT ( 'NONE',  ( 3.404608049195914532, 14.56261116223713792, -0.04450167309616086947 ) ) ;
#9608 = SURFACE_SIDE_STYLE ('',( #6542 ) ) ;
#9609 = EDGE_CURVE ( 'NONE', #4137, #10000, #3782, .T. ) ;
#9610 = EDGE_CURVE ( 'NONE', #11242, #4982, #11541, .T. ) ;
#9611 = DIRECTION ( 'NONE',  ( 0.000000000000000000, -1.000000000000000000, -0.000000000000000000 ) ) ;
#9612 = CARTESIAN_POINT ( 'NONE',  ( 29.06833203617090788, 0.000000000000000000, 0.000000000000000000 ) ) ;
#9613 = CARTESIAN_POINT ( 'NONE',  ( 16.02999999999999758, 12.77659106982886783, -2.498455167896214579 ) ) ;
#9614 = EDGE_LOOP ( 'NONE', ( #4329, #1562, #10297, #3319 ) ) ;
#9615 = ORIENTED_EDGE ( 'NONE', *, *, #9834, .F. ) ;
#9616 = FACE_OUTER_BOUND ( 'NONE', #5018, .T. ) ;
#9617 = PLANE ( 'NONE',  #8260 ) ;
#9618 = FILL_AREA_STYLE_COLOUR ( '', #6887 ) ;
#9619 = DIRECTION ( 'NONE',  ( -1.000000000000000000, -1.013273058397667935E-16, -0.000000000000000000 ) ) ;
#9620 = LINE ( 'NONE', #3777, #9352 ) ;
#9621 = CARTESIAN_POINT ( 'NONE',  ( 21.03000000000000114, 14.99999999999999822, -11.00000000000000178 ) ) ;
#9622 = AXIS2_PLACEMENT_3D ( 'NONE', #10271, #12383, #8370 ) ;
#9623 = CARTESIAN_POINT ( 'NONE',  ( 28.56833203617090788, 9.242953882361238271, -10.00000000000000000 ) ) ;
#9624 = LINE ( 'NONE', #12631, #791 ) ;
#9625 = LINE ( 'NONE', #8860, #9490 ) ;
#9626 = VERTEX_POINT ( 'NONE', #1769 ) ;
#9627 = CARTESIAN_POINT ( 'NONE',  ( 25.83000000000000185, 11.00000000000000000, -3.999999999999999112 ) ) ;
#9628 =( GEOMETRIC_REPRESENTATION_CONTEXT ( 3 ) GLOBAL_UNCERTAINTY_ASSIGNED_CONTEXT ( ( #7014 ) ) GLOBAL_UNIT_ASSIGNED_CONTEXT ( ( #1094, #120, #4928 ) ) REPRESENTATION_CONTEXT ( 'NONE', 'WORKASPACE' ) );
#9629 = DIRECTION ( 'NONE',  ( -1.000000000000000000, 0.000000000000000000, 0.000000000000000000 ) ) ;
#9630 = CARTESIAN_POINT ( 'NONE',  ( 7.067688435743067821, 9.742953882361238271, -10.00000000000000000 ) ) ;
#9631 = DIRECTION ( 'NONE',  ( 0.000000000000000000, -1.000000000000000000, 0.000000000000000000 ) ) ;
#9632 = VERTEX_POINT ( 'NONE', #3905 ) ;
#9633 = ORIENTED_EDGE ( 'NONE', *, *, #11731, .F. ) ;
#9634 = CARTESIAN_POINT ( 'NONE',  ( 17.94999999999999929, 0.000000000000000000, -15.62999999999999723 ) ) ;
#9635 =( NAMED_UNIT ( * ) PLANE_ANGLE_UNIT ( ) SI_UNIT ( $, .RADIAN. ) );
#9636 = LINE ( 'NONE', #4469, #9816 ) ;
#9637 = ORIENTED_EDGE ( 'NONE', *, *, #11511, .T. ) ;
#9638 = CARTESIAN_POINT ( 'NONE',  ( 15.00000000000000000, 10.77659106982886783, -1.974724807276290628 ) ) ;
#9639 = ORIENTED_EDGE ( 'NONE', *, *, #5642, .T. ) ;
#9640 = EDGE_CURVE ( 'NONE', #7928, #5925, #581, .T. ) ;
#9641 = DIRECTION ( 'NONE',  ( 1.000000000000000000, 2.081668171172166620E-14, 0.000000000000000000 ) ) ;
#9642 = CARTESIAN_POINT ( 'NONE',  ( 26.67576706438588019, 1.730887774041955929, -10.00000000000000000 ) ) ;
#9643 =( GEOMETRIC_REPRESENTATION_CONTEXT ( 3 ) GLOBAL_UNCERTAINTY_ASSIGNED_CONTEXT ( ( #9577 ) ) GLOBAL_UNIT_ASSIGNED_CONTEXT ( ( #8004, #10815, #8537 ) ) REPRESENTATION_CONTEXT ( 'NONE', 'WORKASPACE' ) );
#9644 = EDGE_LOOP ( 'NONE', ( #11264, #2292 ) ) ;
#9645 = CARTESIAN_POINT ( 'NONE',  ( 17.94999999999999929, -5.000000000000000000, -16.02999999999999758 ) ) ;
#9646 = EDGE_CURVE ( 'NONE', #8515, #3570, #3724, .T. ) ;
#9647 = ORIENTED_EDGE ( 'NONE', *, *, #8789, .F. ) ;
#9648 = DIRECTION ( 'NONE',  ( -0.000000000000000000, 0.000000000000000000, 1.000000000000000000 ) ) ;
#9649 = EDGE_CURVE ( 'NONE', #8893, #3910, #8438, .T. ) ;
#9650 = LINE ( 'NONE', #2843, #11319 ) ;
#9651 = B_SPLINE_CURVE_WITH_KNOTS ( 'NONE', 3,
 ( #7409, #11321, #6454, #10335 ),
 .UNSPECIFIED., .F., .F.,
 ( 4, 4 ),
 ( -3.162297181309415238E-06, 0.0001944400282724715917 ),
 .UNSPECIFIED. ) ;
#9652 = CARTESIAN_POINT ( 'NONE',  ( 12.94999999999999929, -5.000000000000000000, -15.81731622733540199 ) ) ;
#9653 = CIRCLE ( 'NONE', #10668, 1.000000000000000888 ) ;
#9654 = CARTESIAN_POINT ( 'NONE',  ( 15.83000000000000007, 10.99999999999997158, -1.000000000000000000 ) ) ;
#9655 = ORIENTED_EDGE ( 'NONE', *, *, #7562, .T. ) ;
#9656 = CIRCLE ( 'NONE', #7414, 4.000000000000000000 ) ;
#9657 = CARTESIAN_POINT ( 'NONE',  ( 27.95000000000000284, -4.599999999999999645, -7.429999999999998828 ) ) ;
#9658 = EDGE_CURVE ( 'NONE', #5526, #3233, #1829, .T. ) ;
#9659 = ORIENTED_EDGE ( 'NONE', *, *, #4942, .F. ) ;
#9660 = LINE ( 'NONE', #12483, #6479 ) ;
#9661 = CARTESIAN_POINT ( 'NONE',  ( 16.02999999999999758, 11.77659106982886605, -2.498455167896218576 ) ) ;
#9662 = VERTEX_POINT ( 'NONE', #8614 ) ;
#9663 =( LENGTH_UNIT ( ) NAMED_UNIT ( * ) SI_UNIT ( .MILLI., .METRE. ) );
#9664 = DIRECTION ( 'NONE',  ( 1.000000000000000000, 0.000000000000000000, -0.000000000000000000 ) ) ;
#9665 = CARTESIAN_POINT ( 'NONE',  ( 6.029999999999999361, 14.99999999999999822, -10.99999999999999289 ) ) ;
#9666 = STYLED_ITEM ( 'NONE', ( #12329 ), #10282 ) ;
#9667 = DIRECTION ( 'NONE',  ( 0.000000000000000000, 1.000000000000000000, -0.000000000000000000 ) ) ;
#9668 = DIRECTION ( 'NONE',  ( -0.000000000000000000, -0.000000000000000000, 1.000000000000000000 ) ) ;
#9669 = ORIENTED_EDGE ( 'NONE', *, *, #9610, .F. ) ;
#9670 = ORIENTED_EDGE ( 'NONE', *, *, #8954, .T. ) ;
#9671 = EDGE_CURVE ( 'NONE', #6005, #5755, #9656, .T. ) ;
#9672 = DIRECTION ( 'NONE',  ( 0.9848077530122081313, 1.995758327656830446E-16, -0.1736481776669304700 ) ) ;
#9673 = EDGE_CURVE ( 'NONE', #4312, #9415, #2682, .T. ) ;
#9674 = DIRECTION ( 'NONE',  ( -1.000000000000000000, -0.000000000000000000, -0.000000000000000000 ) ) ;
#9675 = DIRECTION ( 'NONE',  ( -1.000000000000000000, -2.026546116795335870E-16, 0.000000000000000000 ) ) ;
#9676 = PRESENTATION_STYLE_ASSIGNMENT (( #9437 ) ) ;
#9677 = CARTESIAN_POINT ( 'NONE',  ( 5.000000000000000000, 0.7437402936630139738, -18.00000000000000355 ) ) ;
#9678 = CIRCLE ( 'NONE', #9289, 0.9999999999999991118 ) ;
#9679 = DIRECTION ( 'NONE',  ( 0.000000000000000000, 0.000000000000000000, 1.000000000000000000 ) ) ;
#9680 = CARTESIAN_POINT ( 'NONE',  ( 15.67576706438587841, 0.000000000000000000, -10.00000000000000000 ) ) ;
#9681 = DIRECTION ( 'NONE',  ( 0.000000000000000000, -1.000000000000000000, 0.000000000000000000 ) ) ;
#9682 = DIRECTION ( 'NONE',  ( 0.000000000000000000, 1.000000000000000000, 0.000000000000000000 ) ) ;
#9683 = ORIENTED_EDGE ( 'NONE', *, *, #7473, .T. ) ;
#9684 = COLOUR_RGB ( '',1.000000000000000000, 0.5019607843137254832, 0.5019607843137254832 ) ;
#9685 = DIRECTION ( 'NONE',  ( 0.000000000000000000, -0.000000000000000000, -1.000000000000000000 ) ) ;
#9686 = FILL_AREA_STYLE_COLOUR ( '', #3753 ) ;
#9687 = ORIENTED_EDGE ( 'NONE', *, *, #2741, .T. ) ;
#9688 = EDGE_CURVE ( 'NONE', #11314, #7221, #5774, .T. ) ;
#9689 =( LENGTH_UNIT ( ) NAMED_UNIT ( * ) SI_UNIT ( .MILLI., .METRE. ) );
#9690 = LINE ( 'NONE', #8683, #12004 ) ;
#9691 = VERTEX_POINT ( 'NONE', #11876 ) ;
#9692 = ORIENTED_EDGE ( 'NONE', *, *, #748, .F. ) ;
#9693 = DIRECTION ( 'NONE',  ( 2.026546116795335870E-16, -1.000000000000000000, 0.000000000000000000 ) ) ;
#9694 = UNCERTAINTY_MEASURE_WITH_UNIT (LENGTH_MEASURE( 1.000000000000000082E-05 ), #3711, 'distance_accuracy_value', 'NONE');
#9695 = ORIENTED_EDGE ( 'NONE', *, *, #6799, .T. ) ;
#9696 = CARTESIAN_POINT ( 'NONE',  ( 7.950000000000000178, -5.000000000000000000, -7.429999999999998828 ) ) ;
#9697 = VERTEX_POINT ( 'NONE', #7207 ) ;
#9698 = DIRECTION ( 'NONE',  ( 1.000000000000000000, 2.922285384827992868E-16, 0.000000000000000000 ) ) ;
#9699 = CARTESIAN_POINT ( 'NONE',  ( 20.83000000000000185, 8.410166384700659243E-17, -12.00000000000000000 ) ) ;
#9700 = ORIENTED_EDGE ( 'NONE', *, *, #2098, .T. ) ;
#9701 = DIRECTION ( 'NONE',  ( 0.000000000000000000, 0.000000000000000000, 1.000000000000000000 ) ) ;
#9702 = ORIENTED_EDGE ( 'NONE', *, *, #2209, .T. ) ;
#9703 = DIRECTION ( 'NONE',  ( -1.000000000000000000, 0.000000000000000000, -0.000000000000000000 ) ) ;
#9704 = DIRECTION ( 'NONE',  ( 1.013273058397667935E-16, -1.000000000000000000, 0.000000000000000000 ) ) ;
#9705 = CARTESIAN_POINT ( 'NONE',  ( 18.03909090176839314, 0.9999999999999997780, -16.50000000000000000 ) ) ;
#9706 = FACE_OUTER_BOUND ( 'NONE', #4370, .T. ) ;
#9707 = ORIENTED_EDGE ( 'NONE', *, *, #11237, .F. ) ;
#9708 = EDGE_CURVE ( 'NONE', #4341, #12521, #11993, .T. ) ;
#9709 = EDGE_CURVE ( 'NONE', #11952, #2007, #2172, .T. ) ;
#9710 = ORIENTED_EDGE ( 'NONE', *, *, #684, .F. ) ;
#9711 = DIRECTION ( 'NONE',  ( 1.000000000000000000, 0.000000000000000000, 0.000000000000000000 ) ) ;
#9712 = PRESENTATION_STYLE_ASSIGNMENT (( #10428 ) ) ;
#9713 = VERTEX_POINT ( 'NONE', #8861 ) ;
#9714 = CARTESIAN_POINT ( 'NONE',  ( 5.030000000000001137, 10.99999999999997158, -1.000000000000000000 ) ) ;
#9715 = CYLINDRICAL_SURFACE ( 'NONE', #3851, 0.2500000000000002220 ) ;
#9716 = VECTOR ( 'NONE', #9604, 1000.000000000000000 ) ;
#9717 = VERTEX_POINT ( 'NONE', #11936 ) ;
#9718 = CARTESIAN_POINT ( 'NONE',  ( 4.405796263627369690E-32, -3.659182332138577465E-16, -18.00000000000000355 ) ) ;
#9719 = VECTOR ( 'NONE', #351, 1000.000000000000000 ) ;
#9720 = CARTESIAN_POINT ( 'NONE',  ( 2.950000000000000178, -4.599999999999999645, -7.830000000000000071 ) ) ;
#9721 = EDGE_CURVE ( 'NONE', #12089, #4887, #590, .T. ) ;
#9722 = DIRECTION ( 'NONE',  ( -1.000000000000000000, -0.000000000000000000, -0.000000000000000000 ) ) ;
#9723 = EDGE_CURVE ( 'NONE', #3698, #11742, #11099, .T. ) ;
#9724 = ORIENTED_EDGE ( 'NONE', *, *, #3819, .T. ) ;
#9725 = ORIENTED_EDGE ( 'NONE', *, *, #4850, .F. ) ;
#9726 = VECTOR ( 'NONE', #3662, 1000.000000000000000 ) ;
#9727 = FACE_OUTER_BOUND ( 'NONE', #735, .T. ) ;
#9728 = DIRECTION ( 'NONE',  ( 0.000000000000000000, 0.000000000000000000, -1.000000000000000000 ) ) ;
#9729 = DIRECTION ( 'NONE',  ( 1.000000000000000000, 0.000000000000000000, 0.000000000000000000 ) ) ;
#9730 = AXIS2_PLACEMENT_3D ( 'NONE', #5353, #6517, #8568 ) ;
#9731 = CYLINDRICAL_SURFACE ( 'NONE', #12221, 1.000000000000000000 ) ;
#9732 = LINE ( 'NONE', #7829, #12296 ) ;
#9733 = AXIS2_PLACEMENT_3D ( 'NONE', #3922, #7856, #6764 ) ;
#9734 = VECTOR ( 'NONE', #8139, 1000.000000000000000 ) ;
#9735 = FACE_OUTER_BOUND ( 'NONE', #13, .T. ) ;
#9736 = UNCERTAINTY_MEASURE_WITH_UNIT (LENGTH_MEASURE( 1.000000000000000082E-05 ), #10105, 'distance_accuracy_value', 'NONE');
#9737 = ADVANCED_FACE ( 'NONE', ( #6221 ), #8170, .T. ) ;
#9738 = DIRECTION ( 'NONE',  ( 0.000000000000000000, 1.000000000000000000, 0.000000000000000000 ) ) ;
#9739 = VECTOR ( 'NONE', #12622, 1000.000000000000000 ) ;
#9740 = ADVANCED_FACE ( 'NONE', ( #10974 ), #9873, .F. ) ;
#9741 = DIRECTION ( 'NONE',  ( 0.000000000000000000, -1.000000000000000000, 0.000000000000000000 ) ) ;
#9742 = FACE_OUTER_BOUND ( 'NONE', #10960, .T. ) ;
#9743 = ORIENTED_EDGE ( 'NONE', *, *, #1330, .F. ) ;
#9744 = CARTESIAN_POINT ( 'NONE',  ( 18.03909090176839314, 0.9999999999999997780, -0.9999999999999997780 ) ) ;
#9745 = AXIS2_PLACEMENT_3D ( 'NONE', #2794, #634, #5756 ) ;
#9746 = DIRECTION ( 'NONE',  ( 0.000000000000000000, 0.000000000000000000, 1.000000000000000000 ) ) ;
#9747 = SURFACE_STYLE_USAGE ( .BOTH. , #5839 ) ;
#9748 = AXIS2_PLACEMENT_3D ( 'NONE', #10806, #990, #6960 ) ;
#9749 =( NAMED_UNIT ( * ) SI_UNIT ( $, .STERADIAN. ) SOLID_ANGLE_UNIT ( ) );
#9750 = FACE_BOUND ( 'NONE', #10413, .T. ) ;
#9751 = ORIENTED_EDGE ( 'NONE', *, *, #9354, .F. ) ;
#9752 = ORIENTED_EDGE ( 'NONE', *, *, #11381, .F. ) ;
#9753 = CYLINDRICAL_SURFACE ( 'NONE', #9759, 0.4000000000000001887 ) ;
#9754 = DIRECTION ( 'NONE',  ( 0.000000000000000000, 0.000000000000000000, 1.000000000000000000 ) ) ;
#9755 = ORIENTED_EDGE ( 'NONE', *, *, #3082, .F. ) ;
#9756 = FACE_OUTER_BOUND ( 'NONE', #5612, .T. ) ;
#9757 = PRESENTATION_LAYER_ASSIGNMENT (  '', '', ( #7723 ) ) ;
#9758 = AXIS2_PLACEMENT_3D ( 'NONE', #7439, #9668, #11469 ) ;
#9759 = AXIS2_PLACEMENT_3D ( 'NONE', #2758, #6689, #10525 ) ;
#9760 = EDGE_CURVE ( 'NONE', #7327, #3743, #10843, .T. ) ;
#9761 = PLANE ( 'NONE',  #6522 ) ;
#9762 = CARTESIAN_POINT ( 'NONE',  ( 11.31781992623545818, 14.70498544938100416, 2.168404344971008621E-16 ) ) ;
#9763 = VECTOR ( 'NONE', #12743, 1000.000000000000000 ) ;
#9764 = VERTEX_POINT ( 'NONE', #7000 ) ;
#9765 = LINE ( 'NONE', #8693, #1677 ) ;
#9766 = DIRECTION ( 'NONE',  ( 1.000000000000000000, 2.026546116795335870E-16, -0.000000000000000000 ) ) ;
#9767 =( LENGTH_UNIT ( ) NAMED_UNIT ( * ) SI_UNIT ( .MILLI., .METRE. ) );
#9768 = ORIENTED_EDGE ( 'NONE', *, *, #1656, .T. ) ;
#9769 = FILL_AREA_STYLE_COLOUR ( '', #1861 ) ;
#9770 = VECTOR ( 'NONE', #5517, 1000.000000000000000 ) ;
#9771 = ORIENTED_EDGE ( 'NONE', *, *, #5686, .F. ) ;
#9772 =( NAMED_UNIT ( * ) PLANE_ANGLE_UNIT ( ) SI_UNIT ( $, .RADIAN. ) );
#9773 =( GEOMETRIC_REPRESENTATION_CONTEXT ( 3 ) GLOBAL_UNCERTAINTY_ASSIGNED_CONTEXT ( ( #2906 ) ) GLOBAL_UNIT_ASSIGNED_CONTEXT ( ( #4252, #8945, #82 ) ) REPRESENTATION_CONTEXT ( 'NONE', 'WORKASPACE' ) );
#9774 = CARTESIAN_POINT ( 'NONE',  ( 15.00000000000000000, 0.7437402936630139738, -21.62877342318509477 ) ) ;
#9775 = CARTESIAN_POINT ( 'NONE',  ( 19.54218007376454125, 14.75000000000000000, -2.385244779468109755E-15 ) ) ;
#9776 =( GEOMETRIC_REPRESENTATION_CONTEXT ( 3 ) GLOBAL_UNCERTAINTY_ASSIGNED_CONTEXT ( ( #7419 ) ) GLOBAL_UNIT_ASSIGNED_CONTEXT ( ( #12115, #9228, #5368 ) ) REPRESENTATION_CONTEXT ( 'NONE', 'WORKASPACE' ) );
#9777 = FILL_AREA_STYLE ('',( #8702 ) ) ;
#9778 = CIRCLE ( 'NONE', #6520, 1.000000000000000888 ) ;
#9779 = CYLINDRICAL_SURFACE ( 'NONE', #4454, 0.9999999999999991118 ) ;
#9780 = CARTESIAN_POINT ( 'NONE',  ( 5.675767064385880190, 5.698981658683065277, 0.000000000000000000 ) ) ;
#9781 = EDGE_LOOP ( 'NONE', ( #1381, #6687, #9296, #11144 ) ) ;
#9782 = ORIENTED_EDGE ( 'NONE', *, *, #10210, .T. ) ;
#9783 = CARTESIAN_POINT ( 'NONE',  ( 25.83000000000000185, 11.77659106982886783, -1.974724807276291516 ) ) ;
#9784 = CIRCLE ( 'NONE', #7753, 0.5000000000000004441 ) ;
#9785 =( BOUNDED_CURVE ( )  B_SPLINE_CURVE ( 3, ( #9921, #812, #6010, #10884 ),
 .UNSPECIFIED., .F., .F. ) 
 B_SPLINE_CURVE_WITH_KNOTS ( ( 4, 4 ),
 ( 4.366621810783945179, 4.712388980384693227 ),
 .UNSPECIFIED. ) 
 CURVE ( )  GEOMETRIC_REPRESENTATION_ITEM ( )  RATIONAL_B_SPLINE_CURVE ( ( 1.000000000000000000, 0.9900618788928984282, 0.9900618788928984282, 1.000000000000000000 ) ) 
 REPRESENTATION_ITEM ( '' )  );
#9786 = ORIENTED_EDGE ( 'NONE', *, *, #1736, .T. ) ;
#9787 = EDGE_CURVE ( 'NONE', #10403, #111, #1436, .T. ) ;
#9788 = CARTESIAN_POINT ( 'NONE',  ( 23.94855866409554679, 5.698981658683065277, -10.00000000000000000 ) ) ;
#9789 = CARTESIAN_POINT ( 'NONE',  ( 14.58567717043704270, 14.65635408178981258, -1.400895289688120099E-15 ) ) ;
#9790 = CARTESIAN_POINT ( 'NONE',  ( 28.94855866409555034, 5.698981658683065277, 0.000000000000000000 ) ) ;
#9791 = LINE ( 'NONE', #7961, #10791 ) ;
#9792 = EDGE_LOOP ( 'NONE', ( #8655, #2925, #8159, #6922 ) ) ;
#9793 = ORIENTED_EDGE ( 'NONE', *, *, #6932, .F. ) ;
#9794 = PLANE ( 'NONE',  #2909 ) ;
#9795 = SURFACE_STYLE_FILL_AREA ( #953 ) ;
#9796 = EDGE_CURVE ( 'NONE', #10700, #2357, #12500, .T. ) ;
#9797 = EDGE_CURVE ( 'NONE', #10404, #11314, #11480, .T. ) ;
#9798 = EDGE_CURVE ( 'NONE', #9190, #5062, #1070, .T. ) ;
#9799 = CARTESIAN_POINT ( 'NONE',  ( -0.000000000000000000, 9.742953882361238271, 0.000000000000000000 ) ) ;
#9800 = ADVANCED_FACE ( 'NONE', ( #10012 ), #8096, .T. ) ;
#9801 = DIRECTION ( 'NONE',  ( -2.026546116795335870E-16, 1.000000000000000000, 0.000000000000000000 ) ) ;
#9802 = DIRECTION ( 'NONE',  ( 0.000000000000000000, -0.000000000000000000, -1.000000000000000000 ) ) ;
#9803 = CARTESIAN_POINT ( 'NONE',  ( 25.06833203617090788, 7.356120034073296843, 0.000000000000000000 ) ) ;
#9804 = VERTEX_POINT ( 'NONE', #10376 ) ;
#9805 = CARTESIAN_POINT ( 'NONE',  ( 20.00000000000000000, 1.730887774041955929, -10.00000000000000000 ) ) ;
#9806 = CARTESIAN_POINT ( 'NONE',  ( 8.568332036170907884, 9.242953882361238271, -10.00000000000000000 ) ) ;
#9807 =( NAMED_UNIT ( * ) PLANE_ANGLE_UNIT ( ) SI_UNIT ( $, .RADIAN. ) );
#9808 = DIRECTION ( 'NONE',  ( 0.000000000000000000, 0.000000000000000000, -1.000000000000000000 ) ) ;
#9809 = DIRECTION ( 'NONE',  ( 0.000000000000000000, 0.000000000000000000, 1.000000000000000000 ) ) ;
#9810 = LINE ( 'NONE', #968, #8314 ) ;
#9811 = VERTEX_POINT ( 'NONE', #5331 ) ;
#9812 = ADVANCED_FACE ( 'NONE', ( #11159 ), #2625, .T. ) ;
#9813 = CARTESIAN_POINT ( 'NONE',  ( 18.03909090176839314, 0.7437402936630143069, -21.62877342318509477 ) ) ;
#9814 = ORIENTED_EDGE ( 'NONE', *, *, #6474, .T. ) ;
#9815 = CARTESIAN_POINT ( 'NONE',  ( 25.00000000000000000, 0.7437402936630139738, 0.5000000000000000000 ) ) ;
#9816 = VECTOR ( 'NONE', #10713, 1000.000000000000114 ) ;
#9817 = FILL_AREA_STYLE ('',( #4817 ) ) ;
#9818 = VERTEX_POINT ( 'NONE', #8227 ) ;
#9819 =( NAMED_UNIT ( * ) PLANE_ANGLE_UNIT ( ) SI_UNIT ( $, .RADIAN. ) );
#9820 = CARTESIAN_POINT ( 'NONE',  ( 17.94999999999999929, -5.000000000000000000, -15.22999999999999687 ) ) ;
#9821 = ORIENTED_EDGE ( 'NONE', *, *, #9468, .F. ) ;
#9822 = DIRECTION ( 'NONE',  ( 0.000000000000000000, 0.000000000000000000, 1.000000000000000000 ) ) ;
#9823 = VERTEX_POINT ( 'NONE', #3481 ) ;
#9824 = DIRECTION ( 'NONE',  ( 0.000000000000000000, 0.000000000000000000, -1.000000000000000000 ) ) ;
#9825 = CARTESIAN_POINT ( 'NONE',  ( 26.67576706438588019, 2.730887774041955929, -10.00000000000000000 ) ) ;
#9826 =( LENGTH_UNIT ( ) NAMED_UNIT ( * ) SI_UNIT ( .MILLI., .METRE. ) );
#9827 = EDGE_CURVE ( 'NONE', #8019, #5448, #6363, .T. ) ;
#9828 = ORIENTED_EDGE ( 'NONE', *, *, #3293, .F. ) ;
#9829 = DIRECTION ( 'NONE',  ( 0.000000000000000000, 1.000000000000000000, -1.452744208007547927E-16 ) ) ;
#9830 = EDGE_CURVE ( 'NONE', #3971, #2247, #11355, .T. ) ;
#9831 = CARTESIAN_POINT ( 'NONE',  ( 8.404608049195916308, 14.70498544938099883, -0.2499999999999999445 ) ) ;
#9832 = UNCERTAINTY_MEASURE_WITH_UNIT (LENGTH_MEASURE( 1.000000000000000082E-05 ), #1643, 'distance_accuracy_value', 'NONE');
#9833 =( NAMED_UNIT ( * ) PLANE_ANGLE_UNIT ( ) SI_UNIT ( $, .RADIAN. ) );
#9834 = EDGE_CURVE ( 'NONE', #5755, #6804, #7387, .T. ) ;
#9835 = LINE ( 'NONE', #10727, #1105 ) ;
#9836 = CARTESIAN_POINT ( 'NONE',  ( 13.03909090176839314, 0.9999999999999997780, -0.9999999999999997780 ) ) ;
#9837 = DIRECTION ( 'NONE',  ( 5.749368466564500365E-17, 0.8829475928589255451, -0.4694715627858934148 ) ) ;
#9838 = FACE_OUTER_BOUND ( 'NONE', #1493, .T. ) ;
#9839 = FACE_OUTER_BOUND ( 'NONE', #4752, .T. ) ;
#9840 = FILL_AREA_STYLE_COLOUR ( '', #11901 ) ;
#9841 = ORIENTED_EDGE ( 'NONE', *, *, #11857, .F. ) ;
#9842 = FILL_AREA_STYLE ('',( #11973 ) ) ;
#9843 = EDGE_CURVE ( 'NONE', #11659, #4342, #12312, .T. ) ;
#9844 = ORIENTED_EDGE ( 'NONE', *, *, #6934, .T. ) ;
#9845 = ORIENTED_EDGE ( 'NONE', *, *, #4113, .T. ) ;
#9846 = DIRECTION ( 'NONE',  ( 0.000000000000000000, 0.000000000000000000, 1.000000000000000000 ) ) ;
#9847 = ORIENTED_EDGE ( 'NONE', *, *, #438, .T. ) ;
#9848 = CARTESIAN_POINT ( 'NONE',  ( 29.66795872986364913, 14.56261116223706154, -0.04450167309611560706 ) ) ;
#9849 = UNCERTAINTY_MEASURE_WITH_UNIT (LENGTH_MEASURE( 1.000000000000000082E-05 ), #11284, 'distance_accuracy_value', 'NONE');
#9850 = VERTEX_POINT ( 'NONE', #8411 ) ;
#9851 = DIRECTION ( 'NONE',  ( 0.000000000000000000, 0.000000000000000000, -1.000000000000000000 ) ) ;
#9852 = LINE ( 'NONE', #11654, #11549 ) ;
#9853 = CARTESIAN_POINT ( 'NONE',  ( 32.00000000000000000, 11.00000000000000000, -3.999999999999999112 ) ) ;
#9854 = CARTESIAN_POINT ( 'NONE',  ( 23.56833203617090788, 9.242953882361238271, -10.00000000000000000 ) ) ;
#9855 = DIRECTION ( 'NONE',  ( 1.000000000000000000, 0.000000000000000000, 0.000000000000000000 ) ) ;
#9856 = ORIENTED_EDGE ( 'NONE', *, *, #7615, .T. ) ;
#9857 = MECHANICAL_DESIGN_GEOMETRIC_PRESENTATION_REPRESENTATION (  '', ( #3308 ), #5470 ) ;
#9858 = EDGE_LOOP ( 'NONE', ( #7707, #195, #11069, #1400 ) ) ;
#9859 = PRESENTATION_LAYER_ASSIGNMENT (  '', '', ( #8241 ) ) ;
#9860 = FILL_AREA_STYLE_COLOUR ( '', #4573 ) ;
#9861 = DIRECTION ( 'NONE',  ( -1.000000000000000000, -2.026546116795335870E-16, 0.000000000000000000 ) ) ;
#9862 = DIRECTION ( 'NONE',  ( 0.000000000000000000, -0.000000000000000000, -1.000000000000000000 ) ) ;
#9863 = EDGE_CURVE ( 'NONE', #3094, #730, #3534, .T. ) ;
#9864 = DIRECTION ( 'NONE',  ( -0.000000000000000000, -0.000000000000000000, 1.000000000000000000 ) ) ;
#9865 = LINE ( 'NONE', #2866, #8809 ) ;
#9866 = AXIS2_PLACEMENT_3D ( 'NONE', #3813, #9595, #10807 ) ;
#9867 = CARTESIAN_POINT ( 'NONE',  ( 17.94999999999999929, -4.599999999999999645, -7.429999999999998828 ) ) ;
#9868 = PRESENTATION_LAYER_ASSIGNMENT (  '', '', ( #4344 ) ) ;
#9869 = PRESENTATION_STYLE_ASSIGNMENT (( #11039 ) ) ;
#9870 = DIRECTION ( 'NONE',  ( -1.000000000000000000, -2.026546116795335870E-16, 0.000000000000000000 ) ) ;
#9871 = EDGE_CURVE ( 'NONE', #1224, #641, #2975, .T. ) ;
#9872 = AXIS2_PLACEMENT_3D ( 'NONE', #10225, #10037, #1402 ) ;
#9873 = PLANE ( 'NONE',  #9452 ) ;
#9874 = ADVANCED_FACE ( 'NONE', ( #12553 ), #5039, .T. ) ;
#9875 = SURFACE_STYLE_USAGE ( .BOTH. , #1032 ) ;
#9876 = PRESENTATION_STYLE_ASSIGNMENT (( #9747 ) ) ;
#9877 = ORIENTED_EDGE ( 'NONE', *, *, #1731, .T. ) ;
#9878 = VECTOR ( 'NONE', #9674, 1000.000000000000000 ) ;
#9879 = ORIENTED_EDGE ( 'NONE', *, *, #5279, .F. ) ;
#9880 = DIRECTION ( 'NONE',  ( -0.000000000000000000, -0.000000000000000000, 1.000000000000000000 ) ) ;
#9881 = ORIENTED_EDGE ( 'NONE', *, *, #10503, .F. ) ;
#9882 = CARTESIAN_POINT ( 'NONE',  ( 4.696637337480416008, 14.92559551406763418, -0.06527507787064638911 ) ) ;
#9883 = AXIS2_PLACEMENT_3D ( 'NONE', #5605, #8697, #11695 ) ;
#9884 = ORIENTED_EDGE ( 'NONE', *, *, #199, .F. ) ;
#9885 = PRESENTATION_STYLE_ASSIGNMENT (( #4888 ) ) ;
#9886 = VERTEX_POINT ( 'NONE', #3769 ) ;
#9887 = STYLED_ITEM ( 'NONE', ( #8735 ), #11005 ) ;
#9888 = DIRECTION ( 'NONE',  ( 2.026546116795335870E-16, -1.000000000000000000, 0.000000000000000000 ) ) ;
#9889 = EDGE_CURVE ( 'NONE', #12393, #12397, #8971, .T. ) ;
#9890 = VECTOR ( 'NONE', #1645, 1000.000000000000000 ) ;
#9891 = DIRECTION ( 'NONE',  ( 1.000000000000000000, 2.081668171172166620E-14, 0.000000000000000000 ) ) ;
#9892 = ORIENTED_EDGE ( 'NONE', *, *, #2913, .F. ) ;
#9893 = CARTESIAN_POINT ( 'NONE',  ( 18.56833203617090433, 9.742953882361238271, 0.000000000000000000 ) ) ;
#9894 = PLANE ( 'NONE',  #2016 ) ;
#9895 = VERTEX_POINT ( 'NONE', #4978 ) ;
#9896 = CARTESIAN_POINT ( 'NONE',  ( 32.00000000000000000, 0.000000000000000000, -16.49999999999999289 ) ) ;
#9897 = DIRECTION ( 'NONE',  ( 0.000000000000000000, 0.000000000000000000, 1.000000000000000000 ) ) ;
#9898 = ORIENTED_EDGE ( 'NONE', *, *, #918, .F. ) ;
#9899 = ORIENTED_EDGE ( 'NONE', *, *, #6870, .F. ) ;
#9900 = PLANE ( 'NONE',  #1447 ) ;
#9901 = AXIS2_PLACEMENT_3D ( 'NONE', #1420, #3136, #6403 ) ;
#9902 = ORIENTED_EDGE ( 'NONE', *, *, #10266, .T. ) ;
#9903 = FILL_AREA_STYLE_COLOUR ( '', #3624 ) ;
#9904 = COLOUR_RGB ( '',1.000000000000000000, 0.5019607843137254832, 0.5019607843137254832 ) ;
#9905 = CARTESIAN_POINT ( 'NONE',  ( 24.54218007376454480, 14.75000000000000000, -2.385244779468109755E-15 ) ) ;
#9906 = ADVANCED_FACE ( 'NONE', ( #4072 ), #11291, .T. ) ;
#9907 = EDGE_CURVE ( 'NONE', #8703, #8562, #5566, .T. ) ;
#9908 = CARTESIAN_POINT ( 'NONE',  ( 3.404608049195914532, 13.99999999999998757, -12.00000000000000000 ) ) ;
#9909 =( LENGTH_UNIT ( ) NAMED_UNIT ( * ) SI_UNIT ( .MILLI., .METRE. ) );
#9910 = SURFACE_STYLE_FILL_AREA ( #8970 ) ;
#9911 = ADVANCED_FACE ( 'NONE', ( #1674 ), #998, .T. ) ;
#9912 = CARTESIAN_POINT ( 'NONE',  ( 10.83000000000000185, 10.99999999999997158, -1.000000000000000000 ) ) ;
#9913 = DIRECTION ( 'NONE',  ( -0.000000000000000000, -0.000000000000000000, 1.000000000000000000 ) ) ;
#9914 = SURFACE_SIDE_STYLE ('',( #7043 ) ) ;
#9915 = VERTEX_POINT ( 'NONE', #2000 ) ;
#9916 = CARTESIAN_POINT ( 'NONE',  ( 17.94999999999999929, -5.000000000000000000, -15.44268377266459424 ) ) ;
#9917 = PLANE ( 'NONE',  #6327 ) ;
#9918 = CIRCLE ( 'NONE', #3979, 1.000000000000000888 ) ;
#9919 = VERTEX_POINT ( 'NONE', #9912 ) ;
#9920 = DIRECTION ( 'NONE',  ( 0.000000000000000000, 0.000000000000000000, 1.000000000000000000 ) ) ;
#9921 = CARTESIAN_POINT ( 'NONE',  ( 29.73914162436698660, 14.98520393037187937, -0.1652703644666174421 ) ) ;
#9922 = DIRECTION ( 'NONE',  ( 1.000000000000000000, 0.000000000000000000, 0.000000000000000000 ) ) ;
#9923 = ADVANCED_FACE ( 'NONE', ( #5937 ), #643, .T. ) ;
#9924 = VERTEX_POINT ( 'NONE', #2205 ) ;
#9925 = LINE ( 'NONE', #6013, #12694 ) ;
#9926 = ORIENTED_EDGE ( 'NONE', *, *, #11337, .F. ) ;
#9927 = ORIENTED_EDGE ( 'NONE', *, *, #12652, .F. ) ;
#9928 = CARTESIAN_POINT ( 'NONE',  ( 12.06768843574306871, 9.742953882361238271, 0.000000000000000000 ) ) ;
#9929 = LINE ( 'NONE', #121, #9092 ) ;
#9930 =( NAMED_UNIT ( * ) SI_UNIT ( $, .STERADIAN. ) SOLID_ANGLE_UNIT ( ) );
#9931 = DIRECTION ( 'NONE',  ( 0.000000000000000000, -0.000000000000000000, -1.000000000000000000 ) ) ;
#9932 = AXIS2_PLACEMENT_3D ( 'NONE', #9994, #230, #11138 ) ;
#9933 = CARTESIAN_POINT ( 'NONE',  ( 27.06768843574306516, 9.242953882361238271, -10.00000000000000000 ) ) ;
#9934 = DIRECTION ( 'NONE',  ( -2.922285384827992868E-16, 1.000000000000000000, 0.000000000000000000 ) ) ;
#9935 = CARTESIAN_POINT ( 'NONE',  ( 10.00000000000000000, 11.77659106982886783, -12.00000000000000000 ) ) ;
#9936 = CARTESIAN_POINT ( 'NONE',  ( 5.830000000000000071, 11.77659106982886783, -12.00000000000000000 ) ) ;
#9937 = CIRCLE ( 'NONE', #1705, 0.4000000000000001887 ) ;
#9938 = PRESENTATION_LAYER_ASSIGNMENT (  '', '', ( #6265 ) ) ;
#9939 =( NAMED_UNIT ( * ) PLANE_ANGLE_UNIT ( ) SI_UNIT ( $, .RADIAN. ) );
#9940 = CARTESIAN_POINT ( 'NONE',  ( 9.830000000000001847, 14.00000000000000000, -11.00000000000000178 ) ) ;
#9941 = STYLED_ITEM ( 'NONE', ( #600 ), #11378 ) ;
#9942 = SURFACE_STYLE_FILL_AREA ( #2095 ) ;
#9943 = DIRECTION ( 'NONE',  ( 0.000000000000000000, -0.000000000000000000, 1.000000000000000000 ) ) ;
#9944 = SURFACE_SIDE_STYLE ('',( #4808 ) ) ;
#9945 = EDGE_LOOP ( 'NONE', ( #3891, #2083 ) ) ;
#9946 = DIRECTION ( 'NONE',  ( 0.000000000000000000, 0.000000000000000000, 1.000000000000000000 ) ) ;
#9947 = VERTEX_POINT ( 'NONE', #6254 ) ;
#9948 = VERTEX_POINT ( 'NONE', #9219 ) ;
#9949 = FACE_OUTER_BOUND ( 'NONE', #2668, .T. ) ;
#9950 = AXIS2_PLACEMENT_3D ( 'NONE', #3215, #7152, #12360 ) ;
#9951 = ORIENTED_EDGE ( 'NONE', *, *, #339, .F. ) ;
#9952 = DIRECTION ( 'NONE',  ( -1.070256409758549784E-16, 1.000000000000000000, 0.000000000000000000 ) ) ;
#9953 = VECTOR ( 'NONE', #2929, 1000.000000000000000 ) ;
#9954 = EDGE_CURVE ( 'NONE', #10994, #6527, #298, .T. ) ;
#9955 = VERTEX_POINT ( 'NONE', #1344 ) ;
#9956 = CARTESIAN_POINT ( 'NONE',  ( 0.000000000000000000, 0.000000000000000000, -1.000000000000007105 ) ) ;
#9957 =( LENGTH_UNIT ( ) NAMED_UNIT ( * ) SI_UNIT ( .MILLI., .METRE. ) );
#9958 = AXIS2_PLACEMENT_3D ( 'NONE', #11117, #7279, #2308 ) ;
#9959 = AXIS2_PLACEMENT_3D ( 'NONE', #2057, #6055, #95 ) ;
#9960 = CARTESIAN_POINT ( 'NONE',  ( 28.56833203617090788, 9.242953882361238271, 0.000000000000000000 ) ) ;
#9961 = ORIENTED_EDGE ( 'NONE', *, *, #31, .F. ) ;
#9962 =( NAMED_UNIT ( * ) PLANE_ANGLE_UNIT ( ) SI_UNIT ( $, .RADIAN. ) );
#9963 = DIRECTION ( 'NONE',  ( 0.000000000000000000, 0.000000000000000000, 1.000000000000000000 ) ) ;
#9964 = ORIENTED_EDGE ( 'NONE', *, *, #9113, .F. ) ;
#9965 = VECTOR ( 'NONE', #5765, 1000.000000000000000 ) ;
#9966 = CARTESIAN_POINT ( 'NONE',  ( 25.00000000000000000, -3.659182332138577465E-16, -18.00000000000000355 ) ) ;
#9967 = DIRECTION ( 'NONE',  ( -2.026546116795335870E-16, 1.000000000000000000, -0.000000000000000000 ) ) ;
#9968 = ORIENTED_EDGE ( 'NONE', *, *, #7776, .T. ) ;
#9969 = VECTOR ( 'NONE', #6739, 1000.000000000000227 ) ;
#9970 = ORIENTED_EDGE ( 'NONE', *, *, #10852, .F. ) ;
#9971 = CLOSED_SHELL ( 'NONE', ( #6493, #12381, #3841, #9215, #9109, #4509, #5522, #6280, #7212, #10377, #8605, #11378, #9302, #11862, #2578 ) ) ;
#9972 =( GEOMETRIC_REPRESENTATION_CONTEXT ( 3 ) GLOBAL_UNCERTAINTY_ASSIGNED_CONTEXT ( ( #4871 ) ) GLOBAL_UNIT_ASSIGNED_CONTEXT ( ( #5351, #6449, #5296 ) ) REPRESENTATION_CONTEXT ( 'NONE', 'WORKASPACE' ) );
#9973 = EDGE_CURVE ( 'NONE', #6724, #2189, #6995, .T. ) ;
#9974 = ORIENTED_EDGE ( 'NONE', *, *, #500, .F. ) ;
#9975 = CIRCLE ( 'NONE', #12628, 1.000000000000000888 ) ;
#9976 = VERTEX_POINT ( 'NONE', #6185 ) ;
#9977 = EDGE_CURVE ( 'NONE', #1157, #9311, #3374, .T. ) ;
#9978 = VECTOR ( 'NONE', #5352, 1000.000000000000000 ) ;
#9979 = STYLED_ITEM ( 'NONE', ( #2314 ), #7616 ) ;
#9980 = CARTESIAN_POINT ( 'NONE',  ( 20.00000000000000000, 0.7437402936630139738, 0.5000000000000000000 ) ) ;
#9981 =( NAMED_UNIT ( * ) PLANE_ANGLE_UNIT ( ) SI_UNIT ( $, .RADIAN. ) );
#9982 = STYLED_ITEM ( 'NONE', ( #467 ), #12430 ) ;
#9983 = ORIENTED_EDGE ( 'NONE', *, *, #10982, .T. ) ;
#9984 = LINE ( 'NONE', #6971, #11006 ) ;
#9985 = LINE ( 'NONE', #11133, #9734 ) ;
#9986 = EDGE_CURVE ( 'NONE', #3347, #2421, #1412, .T. ) ;
#9987 = EDGE_LOOP ( 'NONE', ( #6812, #8899, #8158, #4899 ) ) ;
#9988 = CARTESIAN_POINT ( 'NONE',  ( 10.00000000000000000, -3.659182332138577465E-16, -18.00000000000000355 ) ) ;
#9989 = UNCERTAINTY_MEASURE_WITH_UNIT (LENGTH_MEASURE( 1.000000000000000082E-05 ), #10769, 'distance_accuracy_value', 'NONE');
#9990 = EDGE_CURVE ( 'NONE', #434, #12230, #4328, .T. ) ;
#9991 = ORIENTED_EDGE ( 'NONE', *, *, #4087, .F. ) ;
#9992 = FILL_AREA_STYLE ('',( #6076 ) ) ;
#9993 = COLOUR_RGB ( '',0.8313725490196077761, 0.8392156862745098200, 0.8313725490196077761 ) ;
#9994 = CARTESIAN_POINT ( 'NONE',  ( 22.95000000000000284, -5.000000000000000000, -7.429999999999998828 ) ) ;
#9995 = VECTOR ( 'NONE', #2484, 1000.000000000000000 ) ;
#9996 = CARTESIAN_POINT ( 'NONE',  ( 15.03000000000000114, 11.77659106982886783, -12.00000000000000000 ) ) ;
#9997 = ORIENTED_EDGE ( 'NONE', *, *, #5587, .T. ) ;
#9998 = CARTESIAN_POINT ( 'NONE',  ( 21.56768843574306516, 0.000000000000000000, 0.000000000000000000 ) ) ;
#9999 = ORIENTED_EDGE ( 'NONE', *, *, #10111, .F. ) ;
#10000 = VERTEX_POINT ( 'NONE', #8254 ) ;
#10001 = VECTOR ( 'NONE', #9095, 1000.000000000000000 ) ;
#10002 =( NAMED_UNIT ( * ) PLANE_ANGLE_UNIT ( ) SI_UNIT ( $, .RADIAN. ) );
#10003 = DIRECTION ( 'NONE',  ( -8.329036727898294339E-17, 0.8219933076153586038, 0.5694971485754449780 ) ) ;
#10004 = EDGE_CURVE ( 'NONE', #6224, #5181, #2259, .T. ) ;
#10005 = ORIENTED_EDGE ( 'NONE', *, *, #10770, .T. ) ;
#10006 = EDGE_CURVE ( 'NONE', #12691, #8981, #7117, .T. ) ;
#10007 = DIRECTION ( 'NONE',  ( -1.000000000000000000, 0.000000000000000000, 0.000000000000000000 ) ) ;
#10008 = FACE_OUTER_BOUND ( 'NONE', #4913, .T. ) ;
#10009 = EDGE_CURVE ( 'NONE', #73, #12477, #9653, .T. ) ;
#10010 = FACE_OUTER_BOUND ( 'NONE', #4916, .T. ) ;
#10011 = CARTESIAN_POINT ( 'NONE',  ( 15.83000000000000007, 10.99999999999997158, 0.000000000000000000 ) ) ;
#10012 = FACE_OUTER_BOUND ( 'NONE', #3385, .T. ) ;
#10013 = LINE ( 'NONE', #6941, #11826 ) ;
#10014 = PRESENTATION_STYLE_ASSIGNMENT (( #1034 ) ) ;
#10015 = ORIENTED_EDGE ( 'NONE', *, *, #7, .F. ) ;
#10016 = CARTESIAN_POINT ( 'NONE',  ( 10.00000000000000000, 0.000000000000000000, 0.5000000000000000000 ) ) ;
#10017 = ORIENTED_EDGE ( 'NONE', *, *, #2589, .T. ) ;
#10018 = CARTESIAN_POINT ( 'NONE',  ( 10.03000000000000114, 10.77659106982886783, -1.974724807276290628 ) ) ;
#10019 = EDGE_CURVE ( 'NONE', #4338, #7309, #8196, .T. ) ;
#10020 = ORIENTED_EDGE ( 'NONE', *, *, #5420, .F. ) ;
#10021 = FACE_OUTER_BOUND ( 'NONE', #10089, .T. ) ;
#10022 = EDGE_LOOP ( 'NONE', ( #4693, #1593, #8271, #6571 ) ) ;
#10023 = FACE_OUTER_BOUND ( 'NONE', #8759, .T. ) ;
#10024 = PRESENTATION_STYLE_ASSIGNMENT (( #10923 ) ) ;
#10025 = ORIENTED_EDGE ( 'NONE', *, *, #4581, .F. ) ;
#10026 = ORIENTED_EDGE ( 'NONE', *, *, #10380, .T. ) ;
#10027 = MANIFOLD_SOLID_BREP ( 'LPattern2[2]', #9971 ) ;
#10028 = DIRECTION ( 'NONE',  ( 1.000000000000000000, 2.081668171172166620E-14, 0.000000000000000000 ) ) ;
#10029 = CARTESIAN_POINT ( 'NONE',  ( 24.54218007376454480, 14.75000000000000000, -2.385244779468109755E-15 ) ) ;
#10030 = ORIENTED_EDGE ( 'NONE', *, *, #199, .T. ) ;
#10031 = ORIENTED_EDGE ( 'NONE', *, *, #10344, .F. ) ;
#10032 = FILL_AREA_STYLE ('',( #9903 ) ) ;
#10033 = CIRCLE ( 'NONE', #9426, 1.000000000000000888 ) ;
#10034 = DIRECTION ( 'NONE',  ( -1.000000000000000000, 0.000000000000000000, 0.000000000000000000 ) ) ;
#10035 = AXIS2_PLACEMENT_3D ( 'NONE', #8788, #5950, #3124 ) ;
#10036 = DIRECTION ( 'NONE',  ( 0.000000000000000000, -1.000000000000000000, 0.000000000000000000 ) ) ;
#10037 = DIRECTION ( 'NONE',  ( 0.000000000000000000, -1.000000000000000000, -0.000000000000000000 ) ) ;
#10038 = CIRCLE ( 'NONE', #7193, 1.000000000000000888 ) ;
#10039 = VECTOR ( 'NONE', #9204, 1000.000000000000000 ) ;
#10040 = ADVANCED_FACE ( 'NONE', ( #10943 ), #1148, .T. ) ;
#10041 = PLANE ( 'NONE',  #2522 ) ;
#10042 = DIRECTION ( 'NONE',  ( 0.000000000000000000, 1.000000000000000000, -0.000000000000000000 ) ) ;
#10043 = EDGE_CURVE ( 'NONE', #1471, #3954, #672, .T. ) ;
#10044 = EDGE_CURVE ( 'NONE', #1836, #9632, #7550, .T. ) ;
#10045 = VERTEX_POINT ( 'NONE', #10537 ) ;
#10046 =( LENGTH_UNIT ( ) NAMED_UNIT ( * ) SI_UNIT ( .MILLI., .METRE. ) );
#10047 = FILL_AREA_STYLE ('',( #5045 ) ) ;
#10048 = CARTESIAN_POINT ( 'NONE',  ( 24.94855866409554679, 2.730887774041963034, 0.000000000000000000 ) ) ;
#10049 = MANIFOLD_SOLID_BREP ( 'LPattern2[1]', #6285 ) ;
#10050 = ORIENTED_EDGE ( 'NONE', *, *, #7199, .F. ) ;
#10051 =( NAMED_UNIT ( * ) SI_UNIT ( $, .STERADIAN. ) SOLID_ANGLE_UNIT ( ) );
#10052 = FACE_OUTER_BOUND ( 'NONE', #2950, .T. ) ;
#10053 = ORIENTED_EDGE ( 'NONE', *, *, #12418, .T. ) ;
#10054 = CARTESIAN_POINT ( 'NONE',  ( 14.73914162436698660, 14.38829763613029478, -0.1652703644666174421 ) ) ;
#10055 = EDGE_CURVE ( 'NONE', #7481, #9493, #3310, .T. ) ;
#10056 = VERTEX_POINT ( 'NONE', #4516 ) ;
#10057 = FILL_AREA_STYLE_COLOUR ( '', #6733 ) ;
#10058 =( LENGTH_UNIT ( ) NAMED_UNIT ( * ) SI_UNIT ( .MILLI., .METRE. ) );
#10059 = AXIS2_PLACEMENT_3D ( 'NONE', #7514, #2426, #4302 ) ;
#10060 = LINE ( 'NONE', #10119, #12225 ) ;
#10061 = CARTESIAN_POINT ( 'NONE',  ( 27.06768843574306516, 9.242953882361238271, -10.00000000000000000 ) ) ;
#10062 = LINE ( 'NONE', #11225, #3265 ) ;
#10063 = LINE ( 'NONE', #4161, #10602 ) ;
#10064 = MANIFOLD_SOLID_BREP ( 'LPattern2[3]', #271 ) ;
#10065 = PLANE ( 'NONE',  #8055 ) ;
#10066 = STYLED_ITEM ( 'NONE', ( #5628 ), #9923 ) ;
#10067 = CARTESIAN_POINT ( 'NONE',  ( 6.121727750064472673, 6.531472162044073215, -10.00000000000000000 ) ) ;
#10068 = CARTESIAN_POINT ( 'NONE',  ( 32.00000000000000000, 11.00000000000000000, -3.999999999999999112 ) ) ;
#10069 = EDGE_CURVE ( 'NONE', #9886, #4372, #2521, .T. ) ;
#10070 = EDGE_CURVE ( 'NONE', #9205, #11074, #9408, .T. ) ;
#10071 =( NAMED_UNIT ( * ) SI_UNIT ( $, .STERADIAN. ) SOLID_ANGLE_UNIT ( ) );
#10072 = DIRECTION ( 'NONE',  ( 5.749368466564568157E-17, 0.8829475928589225475, -0.4694715627858989104 ) ) ;
#10073 = ORIENTED_EDGE ( 'NONE', *, *, #9760, .T. ) ;
#10074 = CARTESIAN_POINT ( 'NONE',  ( 21.03000000000000114, 13.99999999999998934, -12.00000000000000000 ) ) ;
#10075 = EDGE_LOOP ( 'NONE', ( #9262, #12308, #10864, #11011 ) ) ;
#10076 = VECTOR ( 'NONE', #2730, 1000.000000000000000 ) ;
#10077 = VECTOR ( 'NONE', #5793, 1000.000000000000000 ) ;
#10078 = SURFACE_SIDE_STYLE ('',( #7395 ) ) ;
#10079 = CARTESIAN_POINT ( 'NONE',  ( 14.06833203617090788, 7.356120034073296843, 0.000000000000000000 ) ) ;
#10080 = EDGE_LOOP ( 'NONE', ( #9974, #8621, #2848, #2854 ) ) ;
#10081 =( LENGTH_UNIT ( ) NAMED_UNIT ( * ) SI_UNIT ( .MILLI., .METRE. ) );
#10082 =( LENGTH_UNIT ( ) NAMED_UNIT ( * ) SI_UNIT ( .MILLI., .METRE. ) );
#10083 = ADVANCED_FACE ( 'NONE', ( #7478 ), #10411, .T. ) ;
#10084 = ORIENTED_EDGE ( 'NONE', *, *, #1560, .F. ) ;
#10085 = VECTOR ( 'NONE', #11043, 1000.000000000000000 ) ;
#10086 = ORIENTED_EDGE ( 'NONE', *, *, #276, .F. ) ;
#10087 = DIRECTION ( 'NONE',  ( -1.000000000000000000, -0.000000000000000000, -0.000000000000000000 ) ) ;
#10088 = DIRECTION ( 'NONE',  ( 0.000000000000000000, 0.000000000000000000, -1.000000000000000000 ) ) ;
#10089 = EDGE_LOOP ( 'NONE', ( #9898, #2679, #6196, #1126 ) ) ;
#10090 = DIRECTION ( 'NONE',  ( 1.000000000000000000, 0.000000000000000000, 0.000000000000000000 ) ) ;
#10091 = DIRECTION ( 'NONE',  ( -0.09991521791465265978, -0.8178800156032710600, -0.5666473588625120517 ) ) ;
#10092 = EDGE_LOOP ( 'NONE', ( #10232, #5607, #2310, #4764, #7882 ) ) ;
#10093 = DIRECTION ( 'NONE',  ( 0.000000000000000000, 0.000000000000000000, 1.000000000000000000 ) ) ;
#10094 = CARTESIAN_POINT ( 'NONE',  ( 29.83000000000000185, 11.77659106982886783, -12.00000000000000000 ) ) ;
#10095 = PRESENTATION_LAYER_ASSIGNMENT (  '', '', ( #5172 ) ) ;
#10096 =( NAMED_UNIT ( * ) PLANE_ANGLE_UNIT ( ) SI_UNIT ( $, .RADIAN. ) );
#10097 = AXIS2_PLACEMENT_3D ( 'NONE', #1612, #9611, #10491 ) ;
#10098 = CARTESIAN_POINT ( 'NONE',  ( 25.00000000000000000, 10.77659106982886783, -1.974724807276290628 ) ) ;
#10099 = CARTESIAN_POINT ( 'NONE',  ( 21.03000000000000114, 14.99999999999999822, -10.99999999999999289 ) ) ;
#10100 = AXIS2_PLACEMENT_3D ( 'NONE', #5951, #11792, #3257 ) ;
#10101 = EDGE_LOOP ( 'NONE', ( #6697, #5600, #10944, #5216 ) ) ;
#10102 = ORIENTED_EDGE ( 'NONE', *, *, #381, .F. ) ;
#10103 = DIRECTION ( 'NONE',  ( 0.000000000000000000, 0.000000000000000000, 1.000000000000000000 ) ) ;
#10104 = FILL_AREA_STYLE_COLOUR ( '', #3214 ) ;
#10105 =( LENGTH_UNIT ( ) NAMED_UNIT ( * ) SI_UNIT ( .MILLI., .METRE. ) );
#10106 = DIRECTION ( 'NONE',  ( -0.000000000000000000, 0.000000000000000000, 1.000000000000000000 ) ) ;
#10107 = UNCERTAINTY_MEASURE_WITH_UNIT (LENGTH_MEASURE( 1.000000000000000082E-05 ), #12487, 'distance_accuracy_value', 'NONE');
#10108 = VERTEX_POINT ( 'NONE', #4585 ) ;
#10109 = LINE ( 'NONE', #112, #4876 ) ;
#10110 =( LENGTH_UNIT ( ) NAMED_UNIT ( * ) SI_UNIT ( .MILLI., .METRE. ) );
#10111 = EDGE_CURVE ( 'NONE', #1060, #3838, #11449, .T. ) ;
#10112 = ADVANCED_FACE ( 'NONE', ( #10470 ), #3741, .F. ) ;
#10113 = SURFACE_SIDE_STYLE ('',( #2271 ) ) ;
#10114 = VERTEX_POINT ( 'NONE', #9642 ) ;
#10115 = B_SPLINE_CURVE_WITH_KNOTS ( 'NONE', 3,
 ( #5132, #10193, #12255, #445 ),
 .UNSPECIFIED., .F., .F.,
 ( 4, 4 ),
 ( 1.927307669604909521E-17, 0.0001957360288148543494 ),
 .UNSPECIFIED. ) ;
#10116 = VERTEX_POINT ( 'NONE', #851 ) ;
#10117 = ORIENTED_EDGE ( 'NONE', *, *, #3218, .F. ) ;
#10118 = FILL_AREA_STYLE ('',( #12303 ) ) ;
#10119 = CARTESIAN_POINT ( 'NONE',  ( 8.404608049195916308, 14.74999999999999467, 1.626303258728256651E-16 ) ) ;
#10120 = ORIENTED_EDGE ( 'NONE', *, *, #4157, .F. ) ;
#10121 = SURFACE_STYLE_FILL_AREA ( #1425 ) ;
#10122 = ADVANCED_FACE ( 'NONE', ( #10659 ), #12588, .F. ) ;
#10123 = CARTESIAN_POINT ( 'NONE',  ( 4.405796263627369690E-32, -3.659182332138577465E-16, -18.00000000000000355 ) ) ;
#10124 = CARTESIAN_POINT ( 'NONE',  ( 22.95000000000000284, -4.599999999999999645, -7.429999999999998828 ) ) ;
#10125 = EDGE_CURVE ( 'NONE', #4927, #11832, #1057, .T. ) ;
#10126 = ORIENTED_EDGE ( 'NONE', *, *, #11221, .T. ) ;
#10127 =( BOUNDED_CURVE ( )  B_SPLINE_CURVE ( 3, ( #5322, #12120, #9051, #9299 ),
 .UNSPECIFIED., .F., .F. ) 
 B_SPLINE_CURVE_WITH_KNOTS ( ( 4, 4 ),
 ( 4.886921905584117987, 5.603056365278465734 ),
 .UNSPECIFIED. ) 
 CURVE ( )  GEOMETRIC_REPRESENTATION_ITEM ( )  RATIONAL_B_SPLINE_CURVE ( ( 1.000000000000000000, 0.9577172935399680398, 0.9577172935399680398, 1.000000000000000000 ) ) 
 REPRESENTATION_ITEM ( '' )  );
#10128 = AXIS2_PLACEMENT_3D ( 'NONE', #879, #941, #6787 ) ;
#10129 = ORIENTED_EDGE ( 'NONE', *, *, #4170, .F. ) ;
#10130 = CARTESIAN_POINT ( 'NONE',  ( 6.567688435743063380, 7.363962665405081154, 0.000000000000000000 ) ) ;
#10131 = DIRECTION ( 'NONE',  ( 0.000000000000000000, 0.000000000000000000, 1.000000000000000000 ) ) ;
#10132 = ORIENTED_EDGE ( 'NONE', *, *, #12736, .F. ) ;
#10133 = ORIENTED_EDGE ( 'NONE', *, *, #11716, .T. ) ;
#10134 = FILL_AREA_STYLE ('',( #5958 ) ) ;
#10135 = FILL_AREA_STYLE ('',( #7208 ) ) ;
#10136 = CYLINDRICAL_SURFACE ( 'NONE', #1918, 1.000000000000000888 ) ;
#10137 = EDGE_LOOP ( 'NONE', ( #9248, #1876, #1121, #9159 ) ) ;
#10138 = ORIENTED_EDGE ( 'NONE', *, *, #7473, .F. ) ;
#10139 = LINE ( 'NONE', #4306, #5068 ) ;
#10140 = ADVANCED_FACE ( 'NONE', ( #1788 ), #11637, .F. ) ;
#10141 = CIRCLE ( 'NONE', #8312, 0.1873162273354073148 ) ;
#10142 = ADVANCED_FACE ( 'NONE', ( #8762 ), #4335, .T. ) ;
#10143 = DIRECTION ( 'NONE',  ( -0.000000000000000000, 0.000000000000000000, 1.000000000000000000 ) ) ;
#10144 = ORIENTED_EDGE ( 'NONE', *, *, #5420, .T. ) ;
#10145 = FILL_AREA_STYLE_COLOUR ( '', #4841 ) ;
#10146 = STYLED_ITEM ( 'NONE', ( #1798 ), #5558 ) ;
#10147 = PRESENTATION_LAYER_ASSIGNMENT (  '', '', ( #9528 ) ) ;
#10148 = CARTESIAN_POINT ( 'NONE',  ( 15.03000000000000114, 11.77659106982886783, -12.00000000000000000 ) ) ;
#10149 = ORIENTED_EDGE ( 'NONE', *, *, #6919, .F. ) ;
#10150 = SURFACE_STYLE_USAGE ( .BOTH. , #3283 ) ;
#10151 = PRESENTATION_LAYER_ASSIGNMENT (  '', '', ( #6874 ) ) ;
#10152 = ORIENTED_EDGE ( 'NONE', *, *, #5521, .T. ) ;
#10153 = STYLED_ITEM ( 'NONE', ( #2588 ), #1485 ) ;
#10154 = VECTOR ( 'NONE', #4694, 1000.000000000000000 ) ;
#10155 = CARTESIAN_POINT ( 'NONE',  ( 0.6757670643858804116, 2.730887774041955929, -10.00000000000000000 ) ) ;
#10156 = CARTESIAN_POINT ( 'NONE',  ( 32.00000000000000000, 15.00000000000000000, -4.000000000000028422 ) ) ;
#10157 = FILL_AREA_STYLE_COLOUR ( '', #207 ) ;
#10158 = PLANE ( 'NONE',  #1952 ) ;
#10159 = ADVANCED_FACE ( 'NONE', ( #927 ), #5024, .T. ) ;
#10160 = DIRECTION ( 'NONE',  ( -1.000000000000000000, -2.026546116795335870E-16, 0.000000000000000000 ) ) ;
#10161 = SURFACE_STYLE_USAGE ( .BOTH. , #294 ) ;
#10162 = AXIS2_PLACEMENT_3D ( 'NONE', #1988, #5926, #9824 ) ;
#10163 = LINE ( 'NONE', #11899, #1226 ) ;
#10164 = AXIS2_PLACEMENT_3D ( 'NONE', #10501, #1680, #8604 ) ;
#10165 = ORIENTED_EDGE ( 'NONE', *, *, #6716, .F. ) ;
#10166 = VERTEX_POINT ( 'NONE', #11954 ) ;
#10167 = VECTOR ( 'NONE', #384, 1000.000000000000000 ) ;
#10168 =( NAMED_UNIT ( * ) SI_UNIT ( $, .STERADIAN. ) SOLID_ANGLE_UNIT ( ) );
#10169 = STYLED_ITEM ( 'NONE', ( #2512 ), #7578 ) ;
#10170 = PLANE ( 'NONE',  #3799 ) ;
#10171 = DIRECTION ( 'NONE',  ( 0.000000000000000000, -1.000000000000000000, 0.000000000000000000 ) ) ;
#10172 = CONICAL_SURFACE ( 'NONE', #12238, 0.1873162273354073148, 0.4886921905584152848 ) ;
#10173 = ORIENTED_EDGE ( 'NONE', *, *, #22, .F. ) ;
#10174 = DIRECTION ( 'NONE',  ( -1.000000000000000000, -1.070256409758549784E-16, 0.000000000000000000 ) ) ;
#10175 = EDGE_LOOP ( 'NONE', ( #4183, #11248, #4439, #4992 ) ) ;
#10176 =( GEOMETRIC_REPRESENTATION_CONTEXT ( 3 ) GLOBAL_UNCERTAINTY_ASSIGNED_CONTEXT ( ( #9233 ) ) GLOBAL_UNIT_ASSIGNED_CONTEXT ( ( #6962, #6057, #9085 ) ) REPRESENTATION_CONTEXT ( 'NONE', 'WORKASPACE' ) );
#10177 = MECHANICAL_DESIGN_GEOMETRIC_PRESENTATION_REPRESENTATION (  '', ( #4033 ), #3632 ) ;
#10178 = CARTESIAN_POINT ( 'NONE',  ( 5.000000000000000000, 0.000000000000000000, -21.62877342318509477 ) ) ;
#10179 = DIRECTION ( 'NONE',  ( 1.000000000000000000, 0.000000000000000000, 0.000000000000000000 ) ) ;
#10180 = AXIS2_PLACEMENT_3D ( 'NONE', #7265, #8290, #5394 ) ;
#10181 = VECTOR ( 'NONE', #6847, 1000.000000000000000 ) ;
#10182 = VERTEX_POINT ( 'NONE', #10029 ) ;
#10183 = VECTOR ( 'NONE', #2376, 1000.000000000000000 ) ;
#10184 = EDGE_LOOP ( 'NONE', ( #3142, #6463, #3095, #10581, #8835, #9725, #9009, #4066, #7206, #12208, #9814, #7093, #2216, #12291, #1039, #9391, #11417, #12282, #2481, #9326, #2623, #12489, #8613, #4565, #11103, #11513 ) ) ;
#10185 = SURFACE_STYLE_USAGE ( .BOTH. , #315 ) ;
#10186 = FACE_OUTER_BOUND ( 'NONE', #7998, .T. ) ;
#10187 = EDGE_CURVE ( 'NONE', #8562, #854, #2309, .T. ) ;
#10188 =( NAMED_UNIT ( * ) PLANE_ANGLE_UNIT ( ) SI_UNIT ( $, .RADIAN. ) );
#10189 = COLOUR_RGB ( '',1.000000000000000000, 0.5019607843137254832, 0.5019607843137254832 ) ;
#10190 = CIRCLE ( 'NONE', #4662, 0.1873162273354073148 ) ;
#10191 = PRESENTATION_LAYER_ASSIGNMENT (  '', '', ( #8161 ) ) ;
#10192 = VECTOR ( 'NONE', #5757, 1000.000000000000000 ) ;
#10193 = CARTESIAN_POINT ( 'NONE',  ( 9.629835937415867519, 14.60711963188013129, -0.01366511236712725230 ) ) ;
#10194 = MECHANICAL_DESIGN_GEOMETRIC_PRESENTATION_REPRESENTATION (  '', ( #2807 ), #7354 ) ;
#10195 = LINE ( 'NONE', #9365, #6961 ) ;
#10196 = ORIENTED_EDGE ( 'NONE', *, *, #4732, .T. ) ;
#10197 = VERTEX_POINT ( 'NONE', #12150 ) ;
#10198 = FILL_AREA_STYLE_COLOUR ( '', #5987 ) ;
#10199 = CARTESIAN_POINT ( 'NONE',  ( 1.121727750064472673, 6.531472162044073215, -10.00000000000000000 ) ) ;
#10200 = AXIS2_PLACEMENT_3D ( 'NONE', #7271, #2561, #3489 ) ;
#10201 = CIRCLE ( 'NONE', #99, 0.9999999999999991118 ) ;
#10202 = EDGE_CURVE ( 'NONE', #12437, #7197, #10274, .T. ) ;
#10203 = ORIENTED_EDGE ( 'NONE', *, *, #8180, .T. ) ;
#10204 = EDGE_LOOP ( 'NONE', ( #312, #9342, #10025, #8967 ) ) ;
#10205 = SURFACE_STYLE_FILL_AREA ( #2358 ) ;
#10206 = DIRECTION ( 'NONE',  ( 0.000000000000000000, 1.000000000000000000, 0.000000000000000000 ) ) ;
#10207 = EDGE_CURVE ( 'NONE', #5139, #413, #5159, .T. ) ;
#10208 = CARTESIAN_POINT ( 'NONE',  ( 24.55499095451013503, 15.89570717673226241, 0.8790999815629499947 ) ) ;
#10209 = ORIENTED_EDGE ( 'NONE', *, *, #9673, .F. ) ;
#10210 = EDGE_CURVE ( 'NONE', #9919, #8056, #4120, .T. ) ;
#10211 = CARTESIAN_POINT ( 'NONE',  ( 4.830000000000001847, 12.77659106982886783, -2.498455167896214579 ) ) ;
#10212 = FILL_AREA_STYLE_COLOUR ( '', #8249 ) ;
#10213 = DIRECTION ( 'NONE',  ( 1.000000000000000000, 0.000000000000000000, 0.000000000000000000 ) ) ;
#10214 =( LENGTH_UNIT ( ) NAMED_UNIT ( * ) SI_UNIT ( .MILLI., .METRE. ) );
#10215 = EDGE_CURVE ( 'NONE', #11353, #4152, #9079, .T. ) ;
#10216 = DIRECTION ( 'NONE',  ( 0.000000000000000000, 0.000000000000000000, 1.000000000000000000 ) ) ;
#10217 = SURFACE_STYLE_USAGE ( .BOTH. , #3355 ) ;
#10218 = VERTEX_POINT ( 'NONE', #10930 ) ;
#10219 = CARTESIAN_POINT ( 'NONE',  ( 14.62438863714460169, 14.84182919310038073, -0.01225122353436542723 ) ) ;
#10220 = EDGE_CURVE ( 'NONE', #3755, #9626, #4064, .T. ) ;
#10221 = EDGE_LOOP ( 'NONE', ( #2272, #6421, #9432, #7267, #5130, #6534 ) ) ;
#10222 = EDGE_LOOP ( 'NONE', ( #8371, #6324, #11497, #7026 ) ) ;
#10223 = LINE ( 'NONE', #8380, #10779 ) ;
#10224 = CARTESIAN_POINT ( 'NONE',  ( 1.029999999999999583, 11.77659106982886605, -2.498455167896218576 ) ) ;
#10225 = CARTESIAN_POINT ( 'NONE',  ( 22.95000000000000284, 0.000000000000000000, -15.62999999999999723 ) ) ;
#10226 = PLANE ( 'NONE',  #961 ) ;
#10227 = EDGE_CURVE ( 'NONE', #1286, #12677, #3100, .T. ) ;
#10228 = EDGE_CURVE ( 'NONE', #7576, #3829, #5098, .T. ) ;
#10229 = SURFACE_STYLE_USAGE ( .BOTH. , #7359 ) ;
#10230 =( NAMED_UNIT ( * ) SI_UNIT ( $, .STERADIAN. ) SOLID_ANGLE_UNIT ( ) );
#10231 = ORIENTED_EDGE ( 'NONE', *, *, #5767, .F. ) ;
#10232 = ORIENTED_EDGE ( 'NONE', *, *, #5701, .F. ) ;
#10233 = FILL_AREA_STYLE_COLOUR ( '', #4754 ) ;
#10234 =( NAMED_UNIT ( * ) PLANE_ANGLE_UNIT ( ) SI_UNIT ( $, .RADIAN. ) );
#10235 = DIRECTION ( 'NONE',  ( -0.000000000000000000, -0.000000000000000000, 1.000000000000000000 ) ) ;
#10236 = DIRECTION ( 'NONE',  ( -0.000000000000000000, -0.000000000000000000, 1.000000000000000000 ) ) ;
#10237 = COLOUR_RGB ( '',0.8313725490196077761, 0.8392156862745098200, 0.8313725490196077761 ) ;
#10238 = FILL_AREA_STYLE_COLOUR ( '', #9534 ) ;
#10239 = PRESENTATION_STYLE_ASSIGNMENT (( #1285 ) ) ;
#10240 = ORIENTED_EDGE ( 'NONE', *, *, #5930, .T. ) ;
#10241 = EDGE_CURVE ( 'NONE', #8981, #3016, #8052, .T. ) ;
#10242 = EDGE_LOOP ( 'NONE', ( #1018, #198, #7575, #1660 ) ) ;
#10243 = DIRECTION ( 'NONE',  ( -0.000000000000000000, -0.000000000000000000, 1.000000000000000000 ) ) ;
#10244 = CONICAL_SURFACE ( 'NONE', #4712, 0.1873162273354073148, 0.4886921905584152848 ) ;
#10245 = CARTESIAN_POINT ( 'NONE',  ( 13.40460804919591631, 14.74999999999999645, -0.2499999999999999445 ) ) ;
#10246 =( NAMED_UNIT ( * ) SI_UNIT ( $, .STERADIAN. ) SOLID_ANGLE_UNIT ( ) );
#10247 = CARTESIAN_POINT ( 'NONE',  ( 25.00000000000000000, 0.7437402936630139738, -21.62877342318509477 ) ) ;
#10248 = CARTESIAN_POINT ( 'NONE',  ( 5.000000000000000000, 9.742953882361238271, 0.000000000000000000 ) ) ;
#10249 = DIRECTION ( 'NONE',  ( -1.000000000000000000, -0.000000000000000000, 0.000000000000000000 ) ) ;
#10250 = LINE ( 'NONE', #1427, #10704 ) ;
#10251 = ORIENTED_EDGE ( 'NONE', *, *, #12023, .F. ) ;
#10252 =( LENGTH_UNIT ( ) NAMED_UNIT ( * ) SI_UNIT ( .MILLI., .METRE. ) );
#10253 = CARTESIAN_POINT ( 'NONE',  ( 32.00000000000000000, 11.00000000000000000, -3.999999999999999112 ) ) ;
#10254 = ORIENTED_EDGE ( 'NONE', *, *, #3153, .F. ) ;
#10255 = ORIENTED_EDGE ( 'NONE', *, *, #6445, .F. ) ;
#10256 = CARTESIAN_POINT ( 'NONE',  ( -1.595391950804084580, 11.77659106982886428, -12.00000000000000000 ) ) ;
#10257 = CARTESIAN_POINT ( 'NONE',  ( 28.03909090176839669, 0.9999999999999997780, -16.50000000000000000 ) ) ;
#10258 = AXIS2_PLACEMENT_3D ( 'NONE', #769, #5643, #10640 ) ;
#10259 = DIRECTION ( 'NONE',  ( -1.000000000000000000, 0.000000000000000000, 0.000000000000000000 ) ) ;
#10260 = VERTEX_POINT ( 'NONE', #12032 ) ;
#10261 = SURFACE_STYLE_FILL_AREA ( #6369 ) ;
#10262 = CYLINDRICAL_SURFACE ( 'NONE', #12355, 1.000000000000000888 ) ;
#10263 = AXIS2_PLACEMENT_3D ( 'NONE', #6903, #11842, #1618 ) ;
#10264 = LINE ( 'NONE', #8478, #12055 ) ;
#10265 = SURFACE_STYLE_USAGE ( .BOTH. , #6431 ) ;
#10266 = EDGE_CURVE ( 'NONE', #1752, #9947, #395, .T. ) ;
#10267 = CARTESIAN_POINT ( 'NONE',  ( 2.950000000000000178, -4.599999999999999645, -7.429999999999998828 ) ) ;
#10268 = EDGE_CURVE ( 'NONE', #3731, #7855, #793, .T. ) ;
#10269 = DIRECTION ( 'NONE',  ( 0.000000000000000000, 0.000000000000000000, 1.000000000000000000 ) ) ;
#10270 = ORIENTED_EDGE ( 'NONE', *, *, #8471, .T. ) ;
#10271 = CARTESIAN_POINT ( 'NONE',  ( 13.03909090176839314, 0.9999999999999997780, -16.50000000000000000 ) ) ;
#10272 = ORIENTED_EDGE ( 'NONE', *, *, #4236, .F. ) ;
#10273 = DIRECTION ( 'NONE',  ( 1.000000000000000000, 0.000000000000000000, 0.000000000000000000 ) ) ;
#10274 = CIRCLE ( 'NONE', #994, 1.000000000000000888 ) ;
#10275 = CARTESIAN_POINT ( 'NONE',  ( 14.75408174517711757, 15.00000000000000000, -0.2500000000000014988 ) ) ;
#10276 = SURFACE_SIDE_STYLE ('',( #12152 ) ) ;
#10277 = VERTEX_POINT ( 'NONE', #281 ) ;
#10278 = SURFACE_SIDE_STYLE ('',( #2583 ) ) ;
#10279 = DIRECTION ( 'NONE',  ( -1.000000000000000000, -0.000000000000000000, -0.000000000000000000 ) ) ;
#10280 = VERTEX_POINT ( 'NONE', #4258 ) ;
#10281 = CARTESIAN_POINT ( 'NONE',  ( 7.950000000000000178, -5.000000000000000000, -15.44268377266459424 ) ) ;
#10282 = ADVANCED_FACE ( 'NONE', ( #8188 ), #1629, .F. ) ;
#10283 = STYLED_ITEM ( 'NONE', ( #9320 ), #3742 ) ;
#10284 = DIRECTION ( 'NONE',  ( 1.000000000000000000, 0.000000000000000000, 0.000000000000000000 ) ) ;
#10285 = STYLED_ITEM ( 'NONE', ( #12548 ), #2222 ) ;
#10286 = VERTEX_POINT ( 'NONE', #4441 ) ;
#10287 =( NAMED_UNIT ( * ) SI_UNIT ( $, .STERADIAN. ) SOLID_ANGLE_UNIT ( ) );
#10288 = EDGE_LOOP ( 'NONE', ( #2640, #9174, #5320, #2970 ) ) ;
#10289 = CYLINDRICAL_SURFACE ( 'NONE', #6089, 0.2500000000000002220 ) ;
#10290 =( LENGTH_UNIT ( ) NAMED_UNIT ( * ) SI_UNIT ( .MILLI., .METRE. ) );
#10291 = CARTESIAN_POINT ( 'NONE',  ( -11.59539195080408547, 14.74999999999999467, 1.626303258728256651E-16 ) ) ;
#10292 = PRESENTATION_LAYER_ASSIGNMENT (  '', '', ( #8668 ) ) ;
#10293 = CARTESIAN_POINT ( 'NONE',  ( 21.03000000000000114, 9.999999999999998224, -0.6805538183541244290 ) ) ;
#10294 = EDGE_CURVE ( 'NONE', #4762, #2067, #11249, .T. ) ;
#10295 = ADVANCED_FACE ( 'NONE', ( #5474 ), #8304, .F. ) ;
#10296 = CARTESIAN_POINT ( 'NONE',  ( 1.675767064385880412, 2.730887774041955929, -10.00000000000000000 ) ) ;
#10297 = ORIENTED_EDGE ( 'NONE', *, *, #10509, .F. ) ;
#10298 = DIRECTION ( 'NONE',  ( 0.000000000000000000, 0.000000000000000000, 1.000000000000000000 ) ) ;
#10299 = STYLED_ITEM ( 'NONE', ( #9049 ), #10753 ) ;
#10300 = CARTESIAN_POINT ( 'NONE',  ( 12.06768843574306516, 9.242953882361238271, -10.00000000000000000 ) ) ;
#10301 = ORIENTED_EDGE ( 'NONE', *, *, #819, .F. ) ;
#10302 = ORIENTED_EDGE ( 'NONE', *, *, #8712, .T. ) ;
#10303 = PLANE ( 'NONE',  #4586 ) ;
#10304 = ORIENTED_EDGE ( 'NONE', *, *, #6526, .F. ) ;
#10305 = CARTESIAN_POINT ( 'NONE',  ( 26.67576706438588019, 1.730887774041955929, 0.000000000000000000 ) ) ;
#10306 = CYLINDRICAL_SURFACE ( 'NONE', #6685, 0.4000000000000001887 ) ;
#10307 = LINE ( 'NONE', #1424, #4206 ) ;
#10308 = LINE ( 'NONE', #693, #10467 ) ;
#10309 = EDGE_CURVE ( 'NONE', #1739, #9697, #9076, .T. ) ;
#10310 = CARTESIAN_POINT ( 'NONE',  ( -7.959928164885467590E-17, 0.7437402936630139738, 0.5000000000000000000 ) ) ;
#10311 = ORIENTED_EDGE ( 'NONE', *, *, #5383, .F. ) ;
#10312 = FILL_AREA_STYLE_COLOUR ( '', #12761 ) ;
#10313 = PRESENTATION_STYLE_ASSIGNMENT (( #1492 ) ) ;
#10314 = ORIENTED_EDGE ( 'NONE', *, *, #2590, .T. ) ;
#10315 = ORIENTED_EDGE ( 'NONE', *, *, #9354, .T. ) ;
#10316 = ORIENTED_EDGE ( 'NONE', *, *, #3227, .T. ) ;
#10317 = DIRECTION ( 'NONE',  ( 1.000000000000000000, 2.026546116795335870E-16, -0.000000000000000000 ) ) ;
#10318 =( NAMED_UNIT ( * ) PLANE_ANGLE_UNIT ( ) SI_UNIT ( $, .RADIAN. ) );
#10319 = LINE ( 'NONE', #12266, #10490 ) ;
#10320 = SURFACE_STYLE_FILL_AREA ( #703 ) ;
#10321 = ORIENTED_EDGE ( 'NONE', *, *, #3994, .T. ) ;
#10322 = DIRECTION ( 'NONE',  ( 1.000000000000000000, 0.000000000000000000, 0.000000000000000000 ) ) ;
#10323 = PLANE ( 'NONE',  #9364 ) ;
#10324 = FACE_OUTER_BOUND ( 'NONE', #7607, .T. ) ;
#10325 = SURFACE_STYLE_USAGE ( .BOTH. , #402 ) ;
#10326 = ORIENTED_EDGE ( 'NONE', *, *, #11151, .T. ) ;
#10327 = FACE_OUTER_BOUND ( 'NONE', #5391, .T. ) ;
#10328 = CARTESIAN_POINT ( 'NONE',  ( 5.000000000000000000, -3.659182332138577465E-16, 0.5000000000000000000 ) ) ;
#10329 = CIRCLE ( 'NONE', #3393, 0.9999999999999991118 ) ;
#10330 = FACE_OUTER_BOUND ( 'NONE', #2036, .T. ) ;
#10331 = EDGE_CURVE ( 'NONE', #4503, #10425, #9327, .T. ) ;
#10332 = ORIENTED_EDGE ( 'NONE', *, *, #3949, .T. ) ;
#10333 = ORIENTED_EDGE ( 'NONE', *, *, #260, .T. ) ;
#10334 = FACE_OUTER_BOUND ( 'NONE', #3977, .T. ) ;
#10335 = CARTESIAN_POINT ( 'NONE',  ( 21.19204127013635031, 14.56261116223706154, -0.04450167309611528788 ) ) ;
#10336 = AXIS2_PLACEMENT_3D ( 'NONE', #2013, #1090, #1875 ) ;
#10337 = AXIS2_PLACEMENT_3D ( 'NONE', #1773, #5654, #9572 ) ;
#10338 = SURFACE_SIDE_STYLE ('',( #3566 ) ) ;
#10339 = VERTEX_POINT ( 'NONE', #7403 ) ;
#10340 = AXIS2_PLACEMENT_3D ( 'NONE', #6379, #1262, #3362 ) ;
#10341 = CARTESIAN_POINT ( 'NONE',  ( 10.00000000000000000, 0.000000000000000000, -12.00000000000000000 ) ) ;
#10342 = EDGE_CURVE ( 'NONE', #4384, #5087, #11721, .T. ) ;
#10343 = ORIENTED_EDGE ( 'NONE', *, *, #5176, .F. ) ;
#10344 = EDGE_CURVE ( 'NONE', #6533, #6447, #2506, .T. ) ;
#10345 = ORIENTED_EDGE ( 'NONE', *, *, #4031, .F. ) ;
#10346 = UNCERTAINTY_MEASURE_WITH_UNIT (LENGTH_MEASURE( 1.000000000000000082E-05 ), #11410, 'distance_accuracy_value', 'NONE');
#10347 = VECTOR ( 'NONE', #10997, 1000.000000000000000 ) ;
#10348 = VECTOR ( 'NONE', #10235, 1000.000000000000000 ) ;
#10349 = VECTOR ( 'NONE', #10452, 1000.000000000000000 ) ;
#10350 = DIRECTION ( 'NONE',  ( -0.000000000000000000, 0.000000000000000000, 1.000000000000000000 ) ) ;
#10351 = CIRCLE ( 'NONE', #8936, 0.4000000000000010214 ) ;
#10352 = PLANE ( 'NONE',  #10973 ) ;
#10353 = CARTESIAN_POINT ( 'NONE',  ( 10.03000000000000469, 1.019352696748054822E-15, -12.00000000000000000 ) ) ;
#10354 = ADVANCED_FACE ( 'NONE', ( #597 ), #5582, .T. ) ;
#10355 = DIRECTION ( 'NONE',  ( -1.000000000000000000, -0.000000000000000000, -0.000000000000000000 ) ) ;
#10356 = CIRCLE ( 'NONE', #1521, 0.4000000000000010214 ) ;
#10357 = VERTEX_POINT ( 'NONE', #10328 ) ;
#10358 = COLOUR_RGB ( '',1.000000000000000000, 0.5019607843137254832, 0.5019607843137254832 ) ;
#10359 = AXIS2_PLACEMENT_3D ( 'NONE', #9831, #11000, #7169 ) ;
#10360 = CARTESIAN_POINT ( 'NONE',  ( 21.19204127013635031, 14.56261116223706154, -0.04450167309611528788 ) ) ;
#10361 = EDGE_CURVE ( 'NONE', #6448, #9110, #1513, .T. ) ;
#10362 = VECTOR ( 'NONE', #8589, 1000.000000000000000 ) ;
#10363 = EDGE_CURVE ( 'NONE', #8456, #4385, #10398, .T. ) ;
#10364 = DIRECTION ( 'NONE',  ( 0.000000000000000000, -0.000000000000000000, -1.000000000000000000 ) ) ;
#10365 =( GEOMETRIC_REPRESENTATION_CONTEXT ( 3 ) GLOBAL_UNCERTAINTY_ASSIGNED_CONTEXT ( ( #11767 ) ) GLOBAL_UNIT_ASSIGNED_CONTEXT ( ( #6038, #3147, #1044 ) ) REPRESENTATION_CONTEXT ( 'NONE', 'WORKASPACE' ) );
#10366 =( NAMED_UNIT ( * ) PLANE_ANGLE_UNIT ( ) SI_UNIT ( $, .RADIAN. ) );
#10367 = DIRECTION ( 'NONE',  ( -0.000000000000000000, 0.000000000000000000, 1.000000000000000000 ) ) ;
#10368 = AXIS2_PLACEMENT_3D ( 'NONE', #12140, #3354, #6039 ) ;
#10369 = CIRCLE ( 'NONE', #290, 0.9999999999999997780 ) ;
#10370 = AXIS2_PLACEMENT_3D ( 'NONE', #5, #9952, #7080 ) ;
#10371 =( GEOMETRIC_REPRESENTATION_CONTEXT ( 3 ) GLOBAL_UNCERTAINTY_ASSIGNED_CONTEXT ( ( #12676 ) ) GLOBAL_UNIT_ASSIGNED_CONTEXT ( ( #6389, #10234, #1464 ) ) REPRESENTATION_CONTEXT ( 'NONE', 'WORKASPACE' ) );
#10372 = DIRECTION ( 'NONE',  ( 1.000000000000000000, 2.026546116795335870E-16, -0.000000000000000000 ) ) ;
#10373 = VERTEX_POINT ( 'NONE', #8488 ) ;
#10374 = ORIENTED_EDGE ( 'NONE', *, *, #5728, .F. ) ;
#10375 = EDGE_LOOP ( 'NONE', ( #9991, #4005, #2973, #311 ) ) ;
#10376 = CARTESIAN_POINT ( 'NONE',  ( 6.029999999999999361, 14.99999999999999822, -11.00000000000000178 ) ) ;
#10377 = ADVANCED_FACE ( 'NONE', ( #2639 ), #6561, .F. ) ;
#10378 = CARTESIAN_POINT ( 'NONE',  ( 4.068332036170907884, 7.356120034073296843, -10.00000000000000000 ) ) ;
#10379 = VECTOR ( 'NONE', #11923, 1000.000000000000000 ) ;
#10380 = EDGE_CURVE ( 'NONE', #3414, #5721, #3726, .T. ) ;
#10381 = LINE ( 'NONE', #10444, #11938 ) ;
#10382 = EDGE_CURVE ( 'NONE', #8456, #4519, #3859, .T. ) ;
#10383 = VECTOR ( 'NONE', #7218, 1000.000000000000000 ) ;
#10384 = CARTESIAN_POINT ( 'NONE',  ( 5.000000000000000888, 0.9999999999999997780, -16.50000000000000000 ) ) ;
#10385 =( NAMED_UNIT ( * ) PLANE_ANGLE_UNIT ( ) SI_UNIT ( $, .RADIAN. ) );
#10386 = CARTESIAN_POINT ( 'NONE',  ( 27.95000000000000284, -5.000000000000000000, -16.02999999999999758 ) ) ;
#10387 = COLOUR_RGB ( '',1.000000000000000000, 0.5019607843137254832, 0.5019607843137254832 ) ;
#10388 = VECTOR ( 'NONE', #2933, 1000.000000000000000 ) ;
#10389 = CARTESIAN_POINT ( 'NONE',  ( 13.40460804919591631, 14.74999999999999467, 3.631860520018880910E-17 ) ) ;
#10390 = CARTESIAN_POINT ( 'NONE',  ( 24.83000000000000185, 15.00000000000000000, -11.00000000000000178 ) ) ;
#10391 = MECHANICAL_DESIGN_GEOMETRIC_PRESENTATION_REPRESENTATION (  '', ( #1552 ), #710 ) ;
#10392 = LINE ( 'NONE', #1573, #10383 ) ;
#10393 = ORIENTED_EDGE ( 'NONE', *, *, #2902, .T. ) ;
#10394 = CARTESIAN_POINT ( 'NONE',  ( 14.58318903853987081, 14.79584954382815987, -1.335029803991183727E-15 ) ) ;
#10395 = UNCERTAINTY_MEASURE_WITH_UNIT (LENGTH_MEASURE( 1.000000000000000082E-05 ), #192, 'distance_accuracy_value', 'NONE');
#10396 = CARTESIAN_POINT ( 'NONE',  ( 15.00000000000000000, 0.000000000000000000, 0.5000000000000000000 ) ) ;
#10397 = EDGE_CURVE ( 'NONE', #11646, #9574, #2822, .T. ) ;
#10398 = LINE ( 'NONE', #1577, #11320 ) ;
#10399 = ORIENTED_EDGE ( 'NONE', *, *, #1047, .F. ) ;
#10400 = DIRECTION ( 'NONE',  ( 1.000000000000000000, 0.000000000000000000, 0.000000000000000000 ) ) ;
#10401 = CIRCLE ( 'NONE', #8376, 0.9999999999999997780 ) ;
#10402 = CARTESIAN_POINT ( 'NONE',  ( 1.675767064385880412, 2.730887774041955929, -10.00000000000000000 ) ) ;
#10403 = VERTEX_POINT ( 'NONE', #11545 ) ;
#10404 = VERTEX_POINT ( 'NONE', #9630 ) ;
#10405 = CARTESIAN_POINT ( 'NONE',  ( 18.03909090176839314, 0.7437402936630143069, -17.46660796753807432 ) ) ;
#10406 = FILL_AREA_STYLE_COLOUR ( '', #10189 ) ;
#10407 = CARTESIAN_POINT ( 'NONE',  ( 32.00000000000000000, 15.00000000000000000, -15.50000000000000178 ) ) ;
#10408 = SURFACE_STYLE_USAGE ( .BOTH. , #10338 ) ;
#10409 = EDGE_LOOP ( 'NONE', ( #4517, #10017, #3585, #1828 ) ) ;
#10410 = PLANE ( 'NONE',  #8728 ) ;
#10411 = PLANE ( 'NONE',  #383 ) ;
#10412 = VERTEX_POINT ( 'NONE', #4810 ) ;
#10413 = EDGE_LOOP ( 'NONE', ( #12191, #5583, #209, #599, #7165, #8773, #17, #5009, #6121, #10533, #2510, #4893, #2917, #1718 ) ) ;
#10414 = SURFACE_SIDE_STYLE ('',( #7364 ) ) ;
#10415 = AXIS2_PLACEMENT_3D ( 'NONE', #9470, #6393, #3691 ) ;
#10416 = CARTESIAN_POINT ( 'NONE',  ( 25.67576706438588019, 2.730887774041955929, -10.00000000000000000 ) ) ;
#10417 = PLANE ( 'NONE',  #254 ) ;
#10418 = VECTOR ( 'NONE', #11560, 1000.000000000000000 ) ;
#10419 = ADVANCED_FACE ( 'NONE', ( #770 ), #6810, .F. ) ;
#10420 = EDGE_CURVE ( 'NONE', #6178, #11459, #8616, .T. ) ;
#10421 = LINE ( 'NONE', #3694, #10760 ) ;
#10422 = EDGE_CURVE ( 'NONE', #8703, #386, #8682, .T. ) ;
#10423 = ORIENTED_EDGE ( 'NONE', *, *, #4415, .T. ) ;
#10424 = ORIENTED_EDGE ( 'NONE', *, *, #7804, .F. ) ;
#10425 = VERTEX_POINT ( 'NONE', #10703 ) ;
#10426 = DIRECTION ( 'NONE',  ( 0.000000000000000000, 1.000000000000000000, -1.452744208007547927E-16 ) ) ;
#10427 = DIRECTION ( 'NONE',  ( -0.000000000000000000, -0.000000000000000000, 1.000000000000000000 ) ) ;
#10428 = SURFACE_STYLE_USAGE ( .BOTH. , #1605 ) ;
#10429 =( NAMED_UNIT ( * ) SI_UNIT ( $, .STERADIAN. ) SOLID_ANGLE_UNIT ( ) );
#10430 = COLOUR_RGB ( '',1.000000000000000000, 0.5019607843137254832, 0.5019607843137254832 ) ;
#10431 = DIRECTION ( 'NONE',  ( 0.000000000000000000, 1.000000000000000000, 0.000000000000000000 ) ) ;
#10432 = COLOUR_RGB ( '',0.8313725490196077761, 0.8392156862745098200, 0.8313725490196077761 ) ;
#10433 = DIRECTION ( 'NONE',  ( 0.000000000000000000, 0.8219933076153586038, 0.5694971485754449780 ) ) ;
#10434 = DIRECTION ( 'NONE',  ( -0.000000000000000000, -0.000000000000000000, 1.000000000000000000 ) ) ;
#10435 = EDGE_CURVE ( 'NONE', #658, #1965, #911, .T. ) ;
#10436 = PLANE ( 'NONE',  #8659 ) ;
#10437 = EDGE_CURVE ( 'NONE', #1836, #7197, #5198, .T. ) ;
#10438 = DIRECTION ( 'NONE',  ( -0.000000000000000000, -0.000000000000000000, 1.000000000000000000 ) ) ;
#10439 = CARTESIAN_POINT ( 'NONE',  ( 16.67576706438588019, 2.730887774041955929, 0.000000000000000000 ) ) ;
#10440 = ORIENTED_EDGE ( 'NONE', *, *, #3028, .T. ) ;
#10441 = ORIENTED_EDGE ( 'NONE', *, *, #11791, .F. ) ;
#10442 =( NAMED_UNIT ( * ) PLANE_ANGLE_UNIT ( ) SI_UNIT ( $, .RADIAN. ) );
#10443 = SURFACE_STYLE_FILL_AREA ( #1753 ) ;
#10444 = CARTESIAN_POINT ( 'NONE',  ( 8.404608049195916308, 14.99999999999999645, -0.2500000000000017208 ) ) ;
#10445 =( LENGTH_UNIT ( ) NAMED_UNIT ( * ) SI_UNIT ( .MILLI., .METRE. ) );
#10446 = DIRECTION ( 'NONE',  ( 1.000000000000000000, 2.026546116795335870E-16, -0.000000000000000000 ) ) ;
#10447 = DIRECTION ( 'NONE',  ( -0.9848077530122080203, -1.995758327656830446E-16, -0.1736481776669308585 ) ) ;
#10448 = ADVANCED_FACE ( 'NONE', ( #330 ), #2697, .T. ) ;
#10449 = EDGE_CURVE ( 'NONE', #572, #7721, #6189, .T. ) ;
#10450 = AXIS2_PLACEMENT_3D ( 'NONE', #2029, #3270, #6028 ) ;
#10451 = DIRECTION ( 'NONE',  ( 0.000000000000000000, -0.000000000000000000, -1.000000000000000000 ) ) ;
#10452 = DIRECTION ( 'NONE',  ( -2.026546116795335870E-16, 1.000000000000000000, -0.000000000000000000 ) ) ;
#10453 = EDGE_LOOP ( 'NONE', ( #12505, #4050, #12164, #8372 ) ) ;
#10454 = DIRECTION ( 'NONE',  ( 0.000000000000000000, 0.000000000000000000, 1.000000000000000000 ) ) ;
#10455 = FILL_AREA_STYLE_COLOUR ( '', #7429 ) ;
#10456 = ORIENTED_EDGE ( 'NONE', *, *, #963, .F. ) ;
#10457 = FACE_OUTER_BOUND ( 'NONE', #10375, .T. ) ;
#10458 = ORIENTED_EDGE ( 'NONE', *, *, #8993, .F. ) ;
#10459 = VECTOR ( 'NONE', #5672, 1000.000000000000000 ) ;
#10460 = ORIENTED_EDGE ( 'NONE', *, *, #9273, .F. ) ;
#10461 = CARTESIAN_POINT ( 'NONE',  ( 3.404608049195914532, 14.99999999999999645, -10.99999999999999289 ) ) ;
#10462 = SURFACE_STYLE_FILL_AREA ( #7286 ) ;
#10463 = UNCERTAINTY_MEASURE_WITH_UNIT (LENGTH_MEASURE( 1.000000000000000082E-05 ), #7074, 'distance_accuracy_value', 'NONE');
#10464 = DIRECTION ( 'NONE',  ( -1.000000000000000000, -1.013273058397667935E-16, -0.000000000000000000 ) ) ;
#10465 = ADVANCED_FACE ( 'NONE', ( #259 ), #12350, .T. ) ;
#10466 =( NAMED_UNIT ( * ) PLANE_ANGLE_UNIT ( ) SI_UNIT ( $, .RADIAN. ) );
#10467 = VECTOR ( 'NONE', #10434, 1000.000000000000000 ) ;
#10468 = PRESENTATION_STYLE_ASSIGNMENT (( #10408 ) ) ;
#10469 = DIRECTION ( 'NONE',  ( 1.000000000000000000, 0.000000000000000000, 0.000000000000000000 ) ) ;
#10470 = FACE_OUTER_BOUND ( 'NONE', #6552, .T. ) ;
#10471 = VERTEX_POINT ( 'NONE', #8473 ) ;
#10472 = PLANE ( 'NONE',  #11116 ) ;
#10473 = ORIENTED_EDGE ( 'NONE', *, *, #1293, .F. ) ;
#10474 = PLANE ( 'NONE',  #484 ) ;
#10475 =( GEOMETRIC_REPRESENTATION_CONTEXT ( 3 ) GLOBAL_UNCERTAINTY_ASSIGNED_CONTEXT ( ( #7182 ) ) GLOBAL_UNIT_ASSIGNED_CONTEXT ( ( #4539, #12187, #8221 ) ) REPRESENTATION_CONTEXT ( 'NONE', 'WORKASPACE' ) );
#10476 =( LENGTH_UNIT ( ) NAMED_UNIT ( * ) SI_UNIT ( .MILLI., .METRE. ) );
#10477 = PRESENTATION_STYLE_ASSIGNMENT (( #3640 ) ) ;
#10478 = AXIS2_PLACEMENT_3D ( 'NONE', #2691, #9443, #1623 ) ;
#10479 = VERTEX_POINT ( 'NONE', #11234 ) ;
#10480 = VERTEX_POINT ( 'NONE', #3660 ) ;
#10481 = AXIS2_PLACEMENT_3D ( 'NONE', #12137, #12083, #1315 ) ;
#10482 = CARTESIAN_POINT ( 'NONE',  ( 32.00000000000000000, 1.000000000000007105, -18.00000000000000355 ) ) ;
#10483 = COLOUR_RGB ( '',1.000000000000000000, 0.5019607843137254832, 0.5019607843137254832 ) ;
#10484 = VECTOR ( 'NONE', #10661, 1000.000000000000000 ) ;
#10485 = LINE ( 'NONE', #1483, #12201 ) ;
#10486 = DIRECTION ( 'NONE',  ( 1.000000000000000000, 0.000000000000000000, 0.000000000000000000 ) ) ;
#10487 = EDGE_CURVE ( 'NONE', #9823, #8392, #4420, .T. ) ;
#10488 = CARTESIAN_POINT ( 'NONE',  ( 19.83000000000000185, 15.00000000000000000, -11.00000000000000178 ) ) ;
#10489 = DIRECTION ( 'NONE',  ( 1.000000000000000000, 0.000000000000000000, 0.000000000000000000 ) ) ;
#10490 = VECTOR ( 'NONE', #3483, 1000.000000000000000 ) ;
#10491 = DIRECTION ( 'NONE',  ( 0.000000000000000000, 0.000000000000000000, 1.000000000000000000 ) ) ;
#10492 = MECHANICAL_DESIGN_GEOMETRIC_PRESENTATION_REPRESENTATION (  '', ( #1655 ), #4772 ) ;
#10493 = SURFACE_SIDE_STYLE ('',( #6789 ) ) ;
#10494 = FACE_OUTER_BOUND ( 'NONE', #1983, .T. ) ;
#10495 = AXIS2_PLACEMENT_3D ( 'NONE', #9428, #12365, #573 ) ;
#10496 = EDGE_LOOP ( 'NONE', ( #10441, #5386, #2496, #1411 ) ) ;
#10497 = EDGE_LOOP ( 'NONE', ( #11639, #10120, #8020, #852 ) ) ;
#10498 = FILL_AREA_STYLE_COLOUR ( '', #12655 ) ;
#10499 = STYLED_ITEM ( 'NONE', ( #6554 ), #3845 ) ;
#10500 = DIRECTION ( 'NONE',  ( -0.000000000000000000, -0.000000000000000000, 1.000000000000000000 ) ) ;
#10501 = CARTESIAN_POINT ( 'NONE',  ( 32.00000000000000000, 11.00000000000000000, -3.999999999999999112 ) ) ;
#10502 = PRESENTATION_STYLE_ASSIGNMENT (( #12374 ) ) ;
#10503 = EDGE_CURVE ( 'NONE', #7227, #1338, #12195, .T. ) ;
#10504 = EDGE_CURVE ( 'NONE', #8286, #435, #5579, .T. ) ;
#10505 = CARTESIAN_POINT ( 'NONE',  ( 10.83000000000000185, 10.99999999999997158, 0.000000000000000000 ) ) ;
#10506 = FILL_AREA_STYLE_COLOUR ( '', #6424 ) ;
#10507 = ADVANCED_FACE ( 'NONE', ( #8539 ), #7445, .F. ) ;
#10508 = DIRECTION ( 'NONE',  ( 1.000000000000000000, 2.922285384827992868E-16, 0.000000000000000000 ) ) ;
#10509 = EDGE_CURVE ( 'NONE', #11894, #10518, #2553, .T. ) ;
#10510 = VECTOR ( 'NONE', #4896, 1000.000000000000000 ) ;
#10511 =( NAMED_UNIT ( * ) SI_UNIT ( $, .STERADIAN. ) SOLID_ANGLE_UNIT ( ) );
#10512 = PLANE ( 'NONE',  #6480 ) ;
#10513 = ORIENTED_EDGE ( 'NONE', *, *, #2628, .T. ) ;
#10514 = VECTOR ( 'NONE', #10951, 1000.000000000000000 ) ;
#10515 = CARTESIAN_POINT ( 'NONE',  ( 14.50844535013322734, 6.527550846378181504, 0.000000000000000000 ) ) ;
#10516 = COLOUR_RGB ( '',1.000000000000000000, 0.5019607843137254832, 0.5019607843137254832 ) ;
#10517 = SURFACE_STYLE_FILL_AREA ( #8740 ) ;
#10518 = VERTEX_POINT ( 'NONE', #12441 ) ;
#10519 = DIRECTION ( 'NONE',  ( -1.000000000000000000, 0.000000000000000000, 0.000000000000000000 ) ) ;
#10520 = ORIENTED_EDGE ( 'NONE', *, *, #4188, .T. ) ;
#10521 = EDGE_CURVE ( 'NONE', #7361, #9198, #8355, .T. ) ;
#10522 = LINE ( 'NONE', #3862, #5012 ) ;
#10523 = EDGE_CURVE ( 'NONE', #6226, #9591, #10381, .T. ) ;
#10524 = ORIENTED_EDGE ( 'NONE', *, *, #7558, .T. ) ;
#10525 = DIRECTION ( 'NONE',  ( 0.000000000000000000, 0.000000000000000000, 1.000000000000000000 ) ) ;
#10526 = AXIS2_PLACEMENT_3D ( 'NONE', #12659, #7921, #11829 ) ;
#10527 = CARTESIAN_POINT ( 'NONE',  ( 10.00000000000000000, 0.000000000000000000, -21.62877342318509477 ) ) ;
#10528 = VERTEX_POINT ( 'NONE', #459 ) ;
#10529 =( NAMED_UNIT ( * ) SI_UNIT ( $, .STERADIAN. ) SOLID_ANGLE_UNIT ( ) );
#10530 = SURFACE_STYLE_FILL_AREA ( #12224 ) ;
#10531 = VERTEX_POINT ( 'NONE', #2485 ) ;
#10532 =( LENGTH_UNIT ( ) NAMED_UNIT ( * ) SI_UNIT ( .MILLI., .METRE. ) );
#10533 = ORIENTED_EDGE ( 'NONE', *, *, #12667, .F. ) ;
#10534 = DIRECTION ( 'NONE',  ( 1.000000000000000000, 2.922285384827992868E-16, 0.000000000000000000 ) ) ;
#10535 = VECTOR ( 'NONE', #12509, 1000.000000000000000 ) ;
#10536 = CARTESIAN_POINT ( 'NONE',  ( 5.000000000000000000, -3.659182332138577465E-16, -1.000000000000007772 ) ) ;
#10537 = CARTESIAN_POINT ( 'NONE',  ( 17.94999999999999929, -5.000000000000000000, -7.617316227335406253 ) ) ;
#10538 = ORIENTED_EDGE ( 'NONE', *, *, #8906, .F. ) ;
#10539 = LINE ( 'NONE', #7797, #11942 ) ;
#10540 = EDGE_CURVE ( 'NONE', #12397, #6629, #10319, .T. ) ;
#10541 = EDGE_LOOP ( 'NONE', ( #4088, #9927, #7176, #9517, #7284, #11550 ) ) ;
#10542 = FILL_AREA_STYLE_COLOUR ( '', #2164 ) ;
#10543 = MECHANICAL_DESIGN_GEOMETRIC_PRESENTATION_REPRESENTATION (  '', ( #2338 ), #40 ) ;
#10544 = DIRECTION ( 'NONE',  ( 1.013273058397667935E-16, -1.000000000000000000, 0.000000000000000000 ) ) ;
#10545 = CARTESIAN_POINT ( 'NONE',  ( 1.963058348288221497E-21, 0.7437402936630139738, 0.5000000000000000000 ) ) ;
#10546 = VECTOR ( 'NONE', #11277, 1000.000000000000000 ) ;
#10547 = AXIS2_PLACEMENT_3D ( 'NONE', #10402, #1633, #6510 ) ;
#10548 =( NAMED_UNIT ( * ) PLANE_ANGLE_UNIT ( ) SI_UNIT ( $, .RADIAN. ) );
#10549 = ORIENTED_EDGE ( 'NONE', *, *, #9370, .T. ) ;
#10550 = FILL_AREA_STYLE ('',( #11343 ) ) ;
#10551 = AXIS2_PLACEMENT_3D ( 'NONE', #10439, #9485, #575 ) ;
#10552 = CARTESIAN_POINT ( 'NONE',  ( 14.54218007376454480, 9.999999999999998224, -2.385244779468109755E-15 ) ) ;
#10553 = MECHANICAL_DESIGN_GEOMETRIC_PRESENTATION_REPRESENTATION (  '', ( #3402 ), #5432 ) ;
#10554 = EDGE_LOOP ( 'NONE', ( #11986, #4510, #6084, #5533 ) ) ;
#10555 = CARTESIAN_POINT ( 'NONE',  ( 26.27390809505316227, 14.65589039322995291, 3.547410800721957237E-17 ) ) ;
#10556 = SURFACE_STYLE_FILL_AREA ( #4721 ) ;
#10557 = COLOUR_RGB ( '',1.000000000000000000, 0.5019607843137254832, 0.5019607843137254832 ) ;
#10558 = VECTOR ( 'NONE', #3679, 1000.000000000000000 ) ;
#10559 = VECTOR ( 'NONE', #6180, 1000.000000000000114 ) ;
#10560 = LINE ( 'NONE', #6543, #3933 ) ;
#10561 = VECTOR ( 'NONE', #5289, 1000.000000000000000 ) ;
#10562 = VECTOR ( 'NONE', #12682, 1000.000000000000000 ) ;
#10563 =( NAMED_UNIT ( * ) PLANE_ANGLE_UNIT ( ) SI_UNIT ( $, .RADIAN. ) );
#10564 = DIRECTION ( 'NONE',  ( 0.000000000000000000, 0.000000000000000000, 1.000000000000000000 ) ) ;
#10565 = VECTOR ( 'NONE', #3661, 1000.000000000000000 ) ;
#10566 = ORIENTED_EDGE ( 'NONE', *, *, #12328, .F. ) ;
#10567 = SURFACE_SIDE_STYLE ('',( #7762 ) ) ;
#10568 = DIRECTION ( 'NONE',  ( -0.000000000000000000, -0.000000000000000000, 1.000000000000000000 ) ) ;
#10569 = CARTESIAN_POINT ( 'NONE',  ( 26.19204127013635031, 14.56261116223706154, -0.04450167309611528788 ) ) ;
#10570 =( NAMED_UNIT ( * ) PLANE_ANGLE_UNIT ( ) SI_UNIT ( $, .RADIAN. ) );
#10571 = COLOUR_RGB ( '',0.8313725490196077761, 0.8392156862745098200, 0.8313725490196077761 ) ;
#10572 = AXIS2_PLACEMENT_3D ( 'NONE', #790, #7799, #8699 ) ;
#10573 = LINE ( 'NONE', #1759, #7143 ) ;
#10574 = DIRECTION ( 'NONE',  ( 0.000000000000000000, 0.8219933076153586038, 0.5694971485754449780 ) ) ;
#10575 = COLOUR_RGB ( '',1.000000000000000000, 0.5019607843137254832, 0.5019607843137254832 ) ;
#10576 = CARTESIAN_POINT ( 'NONE',  ( 6.111024402402948752, 15.00000000000000000, -0.2210415980608900210 ) ) ;
#10577 = LINE ( 'NONE', #6611, #4968 ) ;
#10578 = VECTOR ( 'NONE', #4574, 1000.000000000000114 ) ;
#10579 = VECTOR ( 'NONE', #4756, 1000.000000000000000 ) ;
#10580 = MECHANICAL_DESIGN_GEOMETRIC_PRESENTATION_REPRESENTATION (  '', ( #1937 ), #11733 ) ;
#10581 = ORIENTED_EDGE ( 'NONE', *, *, #5767, .T. ) ;
#10582 = EDGE_CURVE ( 'NONE', #3029, #11056, #7849, .T. ) ;
#10583 = DIRECTION ( 'NONE',  ( 0.000000000000000000, 0.000000000000000000, -1.000000000000000000 ) ) ;
#10584 = VECTOR ( 'NONE', #6868, 1000.000000000000000 ) ;
#10585 = ADVANCED_FACE ( 'NONE', ( #7332 ), #5515, .T. ) ;
#10586 =( LENGTH_UNIT ( ) NAMED_UNIT ( * ) SI_UNIT ( .MILLI., .METRE. ) );
#10587 = DIRECTION ( 'NONE',  ( -0.000000000000000000, 1.000000000000000000, -0.000000000000000000 ) ) ;
#10588 = VERTEX_POINT ( 'NONE', #4793 ) ;
#10589 = DIRECTION ( 'NONE',  ( 1.000000000000000000, 0.000000000000000000, 0.000000000000000000 ) ) ;
#10590 = LINE ( 'NONE', #10709, #4435 ) ;
#10591 = VECTOR ( 'NONE', #11361, 1000.000000000000000 ) ;
#10592 =( GEOMETRIC_REPRESENTATION_CONTEXT ( 3 ) GLOBAL_UNCERTAINTY_ASSIGNED_CONTEXT ( ( #2935 ) ) GLOBAL_UNIT_ASSIGNED_CONTEXT ( ( #7394, #5337, #462 ) ) REPRESENTATION_CONTEXT ( 'NONE', 'WORKASPACE' ) );
#10593 = DIRECTION ( 'NONE',  ( 1.000000000000000000, 0.000000000000000000, 0.000000000000000000 ) ) ;
#10594 = COLOUR_RGB ( '',1.000000000000000000, 0.5019607843137254832, 0.5019607843137254832 ) ;
#10595 = CARTESIAN_POINT ( 'NONE',  ( 7.950000000000000178, -5.000000000000000000, -15.62999999999999723 ) ) ;
#10596 = SURFACE_STYLE_USAGE ( .BOTH. , #2762 ) ;
#10597 = FACE_OUTER_BOUND ( 'NONE', #3332, .T. ) ;
#10598 = ADVANCED_FACE ( 'NONE', ( #9727 ), #9794, .F. ) ;
#10599 = ORIENTED_EDGE ( 'NONE', *, *, #7717, .F. ) ;
#10600 = DIRECTION ( 'NONE',  ( -1.000000000000000000, 0.000000000000000000, -0.000000000000000000 ) ) ;
#10601 = EDGE_LOOP ( 'NONE', ( #10311, #11373, #7782, #12692, #818 ) ) ;
#10602 = VECTOR ( 'NONE', #7062, 1000.000000000000000 ) ;
#10603 = DIRECTION ( 'NONE',  ( -8.329036727898294339E-17, 0.8219933076153586038, 0.5694971485754449780 ) ) ;
#10604 = ORIENTED_EDGE ( 'NONE', *, *, #4786, .F. ) ;
#10605 =( NAMED_UNIT ( * ) SI_UNIT ( $, .STERADIAN. ) SOLID_ANGLE_UNIT ( ) );
#10606 = ORIENTED_EDGE ( 'NONE', *, *, #8789, .T. ) ;
#10607 = CARTESIAN_POINT ( 'NONE',  ( 11.02999999999999936, 11.77659106982886605, -12.00000000000000000 ) ) ;
#10608 = CARTESIAN_POINT ( 'NONE',  ( 19.69663733748041068, 14.92559551406763418, -0.06527507787064541767 ) ) ;
#10609 = CARTESIAN_POINT ( 'NONE',  ( -1.595391950804084580, 14.99999999999999645, -10.99999999999999289 ) ) ;
#10610 = ORIENTED_EDGE ( 'NONE', *, *, #7699, .F. ) ;
#10611 = ADVANCED_FACE ( 'NONE', ( #701 ), #5764, .T. ) ;
#10612 = EDGE_CURVE ( 'NONE', #7221, #3185, #892, .T. ) ;
#10613 = ORIENTED_EDGE ( 'NONE', *, *, #10331, .F. ) ;
#10614 = CARTESIAN_POINT ( 'NONE',  ( 10.00000000000000178, 0.9999999999999997780, -16.50000000000000000 ) ) ;
#10615 = CARTESIAN_POINT ( 'NONE',  ( 9.739141624366984828, 14.98520393037187937, -0.1652703644666174421 ) ) ;
#10616 = ORIENTED_EDGE ( 'NONE', *, *, #5303, .T. ) ;
#10617 = CARTESIAN_POINT ( 'NONE',  ( 16.11605443171345087, 14.99501846973959829, -0.1925148842800861182 ) ) ;
#10618 = PRESENTATION_STYLE_ASSIGNMENT (( #4782 ) ) ;
#10619 = VERTEX_POINT ( 'NONE', #6856 ) ;
#10620 = DIRECTION ( 'NONE',  ( 0.000000000000000000, 0.000000000000000000, 1.000000000000000000 ) ) ;
#10621 = CYLINDRICAL_SURFACE ( 'NONE', #2538, 0.9999999999999991118 ) ;
#10622 = DIRECTION ( 'NONE',  ( 0.000000000000000000, -0.000000000000000000, -1.000000000000000000 ) ) ;
#10623 = EDGE_CURVE ( 'NONE', #7447, #12192, #4979, .T. ) ;
#10624 = DIRECTION ( 'NONE',  ( -0.000000000000000000, -0.000000000000000000, 1.000000000000000000 ) ) ;
#10625 = LINE ( 'NONE', #2621, #4238 ) ;
#10626 = ORIENTED_EDGE ( 'NONE', *, *, #12668, .F. ) ;
#10627 = VERTEX_POINT ( 'NONE', #3713 ) ;
#10628 = PRESENTATION_STYLE_ASSIGNMENT (( #8538 ) ) ;
#10629 = CARTESIAN_POINT ( 'NONE',  ( 29.50844535013322911, 6.527550846378181504, -10.00000000000000000 ) ) ;
#10630 = PRESENTATION_STYLE_ASSIGNMENT (( #6736 ) ) ;
#10631 = CARTESIAN_POINT ( 'NONE',  ( 25.00000000000000000, 11.77659106982886783, -12.00000000000000000 ) ) ;
#10632 = CYLINDRICAL_SURFACE ( 'NONE', #677, 1.000000000000000888 ) ;
#10633 = CARTESIAN_POINT ( 'NONE',  ( 30.03000000000000114, 11.77659106982886783, -12.00000000000000000 ) ) ;
#10634 = PLANE ( 'NONE',  #1132 ) ;
#10635 = AXIS2_PLACEMENT_3D ( 'NONE', #3549, #6378, #2378 ) ;
#10636 =( NAMED_UNIT ( * ) PLANE_ANGLE_UNIT ( ) SI_UNIT ( $, .RADIAN. ) );
#10637 = LINE ( 'NONE', #12380, #2074 ) ;
#10638 = FILL_AREA_STYLE_COLOUR ( '', #2716 ) ;
#10639 = ORIENTED_EDGE ( 'NONE', *, *, #3565, .F. ) ;
#10640 = DIRECTION ( 'NONE',  ( 1.000000000000000000, 0.000000000000000000, 0.000000000000000000 ) ) ;
#10641 = SURFACE_STYLE_USAGE ( .BOTH. , #12638 ) ;
#10642 = ORIENTED_EDGE ( 'NONE', *, *, #3700, .F. ) ;
#10643 = VERTEX_POINT ( 'NONE', #1948 ) ;
#10644 = FILL_AREA_STYLE_COLOUR ( '', #3210 ) ;
#10645 = DIRECTION ( 'NONE',  ( 0.000000000000000000, -1.000000000000000000, -0.000000000000000000 ) ) ;
#10646 = EDGE_CURVE ( 'NONE', #7721, #3077, #951, .T. ) ;
#10647 = ORIENTED_EDGE ( 'NONE', *, *, #8059, .T. ) ;
#10648 = FILL_AREA_STYLE_COLOUR ( '', #1109 ) ;
#10649 = ADVANCED_FACE ( 'NONE', ( #1881 ), #6794, .F. ) ;
#10650 = FACE_BOUND ( 'NONE', #9644, .T. ) ;
#10651 = DIRECTION ( 'NONE',  ( -1.000000000000000000, 0.000000000000000000, -0.000000000000000000 ) ) ;
#10652 = MECHANICAL_DESIGN_GEOMETRIC_PRESENTATION_REPRESENTATION (  '', ( #9235 ), #7421 ) ;
#10653 = ORIENTED_EDGE ( 'NONE', *, *, #4508, .T. ) ;
#10654 =( NAMED_UNIT ( * ) PLANE_ANGLE_UNIT ( ) SI_UNIT ( $, .RADIAN. ) );
#10655 = ORIENTED_EDGE ( 'NONE', *, *, #4710, .T. ) ;
#10656 = UNCERTAINTY_MEASURE_WITH_UNIT (LENGTH_MEASURE( 1.000000000000000082E-05 ), #12109, 'distance_accuracy_value', 'NONE');
#10657 = EDGE_LOOP ( 'NONE', ( #3669, #6978, #5820, #1307 ) ) ;
#10658 = CARTESIAN_POINT ( 'NONE',  ( 27.95000000000000284, 0.000000000000000000, -7.429999999999998828 ) ) ;
#10659 = FACE_OUTER_BOUND ( 'NONE', #7676, .T. ) ;
#10660 = ORIENTED_EDGE ( 'NONE', *, *, #9041, .T. ) ;
#10661 = DIRECTION ( 'NONE',  ( 1.013273058397667935E-16, -1.000000000000000000, 0.000000000000000000 ) ) ;
#10662 = EDGE_LOOP ( 'NONE', ( #11597, #8396 ) ) ;
#10663 = DIRECTION ( 'NONE',  ( -0.000000000000000000, 0.000000000000000000, 1.000000000000000000 ) ) ;
#10664 = EDGE_CURVE ( 'NONE', #3161, #11401, #1014, .T. ) ;
#10665 = EDGE_CURVE ( 'NONE', #12643, #5506, #11475, .T. ) ;
#10666 = CARTESIAN_POINT ( 'NONE',  ( 1.120858375633013937, 14.98520393037187581, -0.1652703644666149441 ) ) ;
#10667 = EDGE_CURVE ( 'NONE', #5345, #9255, #11662, .T. ) ;
#10668 = AXIS2_PLACEMENT_3D ( 'NONE', #6133, #4274, #11013 ) ;
#10669 = CARTESIAN_POINT ( 'NONE',  ( 18.03909090176839314, 0.000000000000000000, -21.62877342318509477 ) ) ;
#10670 = EDGE_LOOP ( 'NONE', ( #5706, #8007, #3134, #3802 ) ) ;
#10671 = VECTOR ( 'NONE', #5718, 1000.000000000000000 ) ;
#10672 = DIRECTION ( 'NONE',  ( 0.000000000000000000, -1.000000000000000000, 0.000000000000000000 ) ) ;
#10673 = VECTOR ( 'NONE', #6570, 1000.000000000000000 ) ;
#10674 = EDGE_LOOP ( 'NONE', ( #5904, #2344 ) ) ;
#10675 = DIRECTION ( 'NONE',  ( -0.000000000000000000, -0.000000000000000000, 1.000000000000000000 ) ) ;
#10676 = EDGE_CURVE ( 'NONE', #3247, #699, #5631, .T. ) ;
#10677 = FACE_OUTER_BOUND ( 'NONE', #11135, .T. ) ;
#10678 = ADVANCED_FACE ( 'NONE', ( #1755 ), #9617, .F. ) ;
#10679 = EDGE_LOOP ( 'NONE', ( #10251, #7634, #1533, #4994 ) ) ;
#10680 = CARTESIAN_POINT ( 'NONE',  ( 10.67576706438588197, 2.730887774041955929, -10.00000000000000000 ) ) ;
#10681 = DIRECTION ( 'NONE',  ( 1.000000000000000000, 0.000000000000000000, 0.000000000000000000 ) ) ;
#10682 = SURFACE_STYLE_USAGE ( .BOTH. , #10745 ) ;
#10683 = DIRECTION ( 'NONE',  ( -1.000000000000000000, -1.013273058397667935E-16, -0.000000000000000000 ) ) ;
#10684 = CARTESIAN_POINT ( 'NONE',  ( 23.03909090176839314, 0.000000000000000000, -1.000000000000007772 ) ) ;
#10685 = ORIENTED_EDGE ( 'NONE', *, *, #4705, .F. ) ;
#10686 = COLOUR_RGB ( '',0.8313725490196077761, 0.8392156862745098200, 0.8313725490196077761 ) ;
#10687 = VERTEX_POINT ( 'NONE', #3771 ) ;
#10688 = STYLED_ITEM ( 'NONE', ( #8283 ), #2196 ) ;
#10689 = CARTESIAN_POINT ( 'NONE',  ( 6.029999999999999361, 14.56261116223713969, -0.04450167309616145928 ) ) ;
#10690 = DIRECTION ( 'NONE',  ( 0.000000000000000000, -1.000000000000000000, 0.000000000000000000 ) ) ;
#10691 = CARTESIAN_POINT ( 'NONE',  ( 27.95000000000000284, -5.000000000000000000, -15.62999999999999723 ) ) ;
#10692 = EDGE_CURVE ( 'NONE', #8245, #4877, #7696, .T. ) ;
#10693 = FACE_OUTER_BOUND ( 'NONE', #1049, .T. ) ;
#10694 = LINE ( 'NONE', #8917, #8610 ) ;
#10695 = CIRCLE ( 'NONE', #6416, 0.9999999999999997780 ) ;
#10696 = SURFACE_STYLE_USAGE ( .BOTH. , #6609 ) ;
#10697 = DIRECTION ( 'NONE',  ( -1.000000000000000000, -2.026546116795335870E-16, 0.000000000000000000 ) ) ;
#10698 = CARTESIAN_POINT ( 'NONE',  ( 22.95000000000000284, -4.599999999999999645, -7.830000000000000071 ) ) ;
#10699 = FILL_AREA_STYLE_COLOUR ( '', #10358 ) ;
#10700 = VERTEX_POINT ( 'NONE', #10629 ) ;
#10701 = STYLED_ITEM ( 'NONE', ( #9359 ), #10825 ) ;
#10702 = DIRECTION ( 'NONE',  ( -1.000000000000000000, 0.000000000000000000, -0.000000000000000000 ) ) ;
#10703 = CARTESIAN_POINT ( 'NONE',  ( 32.00000000000000000, 13.00000000000000711, -17.50000000000000000 ) ) ;
#10704 = VECTOR ( 'NONE', #5385, 1000.000000000000000 ) ;
#10705 = CARTESIAN_POINT ( 'NONE',  ( 4.542180073764545689, 9.999999999999998224, -0.2000000000000024536 ) ) ;
#10706 = ORIENTED_EDGE ( 'NONE', *, *, #3053, .T. ) ;
#10707 = CYLINDRICAL_SURFACE ( 'NONE', #2352, 1.000000000000000888 ) ;
#10708 = VERTEX_POINT ( 'NONE', #1819 ) ;
#10709 = CARTESIAN_POINT ( 'NONE',  ( 14.06833203617090788, 7.356120034073296843, -10.00000000000000000 ) ) ;
#10710 = PRESENTATION_LAYER_ASSIGNMENT (  '', '', ( #11750 ) ) ;
#10711 = DIRECTION ( 'NONE',  ( 1.013273058397667935E-16, -1.000000000000000000, 0.000000000000000000 ) ) ;
#10712 = DIRECTION ( 'NONE',  ( 0.000000000000000000, -1.000000000000000000, 0.000000000000000000 ) ) ;
#10713 = DIRECTION ( 'NONE',  ( 5.749368466564568157E-17, 0.8829475928589225475, -0.4694715627858989104 ) ) ;
#10714 = EDGE_LOOP ( 'NONE', ( #9474, #5314, #1119, #2177, #2637, #2118 ) ) ;
#10715 = FILL_AREA_STYLE ('',( #1985 ) ) ;
#10716 = EDGE_CURVE ( 'NONE', #8427, #12087, #3840, .T. ) ;
#10717 = LINE ( 'NONE', #4894, #5250 ) ;
#10718 =( LENGTH_UNIT ( ) NAMED_UNIT ( * ) SI_UNIT ( .MILLI., .METRE. ) );
#10719 = ADVANCED_FACE ( 'NONE', ( #3125 ), #4149, .T. ) ;
#10720 = ORIENTED_EDGE ( 'NONE', *, *, #4348, .F. ) ;
#10721 = EDGE_LOOP ( 'NONE', ( #3480, #3149, #3452, #8394, #5540, #5440 ) ) ;
#10722 = LINE ( 'NONE', #1909, #11730 ) ;
#10723 = ORIENTED_EDGE ( 'NONE', *, *, #186, .F. ) ;
#10724 = CARTESIAN_POINT ( 'NONE',  ( 17.94999999999999929, 0.000000000000000000, -7.830000000000000071 ) ) ;
#10725 = LINE ( 'NONE', #10607, #9074 ) ;
#10726 = VECTOR ( 'NONE', #610, 1000.000000000000000 ) ;
#10727 = CARTESIAN_POINT ( 'NONE',  ( 10.67576706438588197, 5.698981658683065277, -10.00000000000000000 ) ) ;
#10728 = AXIS2_PLACEMENT_3D ( 'NONE', #2743, #5636, #10574 ) ;
#10729 = DIRECTION ( 'NONE',  ( 0.000000000000000000, 0.000000000000000000, 1.000000000000000000 ) ) ;
#10730 = ORIENTED_EDGE ( 'NONE', *, *, #9192, .T. ) ;
#10731 = EDGE_CURVE ( 'NONE', #9445, #655, #8022, .T. ) ;
#10732 = AXIS2_PLACEMENT_3D ( 'NONE', #4954, #8109, #9014 ) ;
#10733 = ORIENTED_EDGE ( 'NONE', *, *, #11701, .T. ) ;
#10734 = LINE ( 'NONE', #9980, #3178 ) ;
#10735 = EDGE_CURVE ( 'NONE', #12245, #3743, #2089, .T. ) ;
#10736 = LINE ( 'NONE', #934, #9763 ) ;
#10737 = ORIENTED_EDGE ( 'NONE', *, *, #6590, .F. ) ;
#10738 = CARTESIAN_POINT ( 'NONE',  ( 26.23015815089469882, 14.60711272996574195, -0.01366989418290202700 ) ) ;
#10739 = STYLED_ITEM ( 'NONE', ( #8627 ), #996 ) ;
#10740 = ORIENTED_EDGE ( 'NONE', *, *, #8431, .T. ) ;
#10741 = CARTESIAN_POINT ( 'NONE',  ( 4.667958729863647349, 14.56261116223706154, -0.04450167309611560706 ) ) ;
#10742 = VECTOR ( 'NONE', #11437, 1000.000000000000000 ) ;
#10743 = LINE ( 'NONE', #2986, #7475 ) ;
#10744 =( GEOMETRIC_REPRESENTATION_CONTEXT ( 3 ) GLOBAL_UNCERTAINTY_ASSIGNED_CONTEXT ( ( #1721 ) ) GLOBAL_UNIT_ASSIGNED_CONTEXT ( ( #11704, #8772, #2845 ) ) REPRESENTATION_CONTEXT ( 'NONE', 'WORKASPACE' ) );
#10745 = SURFACE_SIDE_STYLE ('',( #6728 ) ) ;
#10746 = FILL_AREA_STYLE_COLOUR ( '', #10432 ) ;
#10747 = LINE ( 'NONE', #8911, #2558 ) ;
#10748 = AXIS2_PLACEMENT_3D ( 'NONE', #7307, #6200, #1418 ) ;
#10749 = EDGE_CURVE ( 'NONE', #334, #6230, #12546, .T. ) ;
#10750 = ORIENTED_EDGE ( 'NONE', *, *, #10665, .T. ) ;
#10751 = PRESENTATION_LAYER_ASSIGNMENT (  '', '', ( #10153 ) ) ;
#10752 = CIRCLE ( 'NONE', #5240, 1.000000000000000888 ) ;
#10753 = ADVANCED_FACE ( 'NONE', ( #2998 ), #6984, .T. ) ;
#10754 = ORIENTED_EDGE ( 'NONE', *, *, #10069, .T. ) ;
#10755 = DIRECTION ( 'NONE',  ( 0.000000000000000000, 0.000000000000000000, 1.000000000000000000 ) ) ;
#10756 = CARTESIAN_POINT ( 'NONE',  ( 26.15410615412708850, 14.51832180537509132, -0.07518642710997387735 ) ) ;
#10757 = LINE ( 'NONE', #11795, #4003 ) ;
#10758 = AXIS2_PLACEMENT_3D ( 'NONE', #6247, #1267, #11004 ) ;
#10759 = DIRECTION ( 'NONE',  ( 1.000000000000000000, 0.000000000000000000, 0.000000000000000000 ) ) ;
#10760 = VECTOR ( 'NONE', #4663, 1000.000000000000000 ) ;
#10761 = LINE ( 'NONE', #1955, #6357 ) ;
#10762 = CIRCLE ( 'NONE', #1722, 1.000000000000000000 ) ;
#10763 = COLOUR_RGB ( '',1.000000000000000000, 0.5019607843137254832, 0.5019607843137254832 ) ;
#10764 = DIRECTION ( 'NONE',  ( -1.000000000000000000, -0.000000000000000000, -0.000000000000000000 ) ) ;
#10765 = LINE ( 'NONE', #9680, #4011 ) ;
#10766 = CIRCLE ( 'NONE', #12417, 0.1873162273354038454 ) ;
#10767 = FILL_AREA_STYLE ('',( #6864 ) ) ;
#10768 =( GEOMETRIC_REPRESENTATION_CONTEXT ( 3 ) GLOBAL_UNCERTAINTY_ASSIGNED_CONTEXT ( ( #2657 ) ) GLOBAL_UNIT_ASSIGNED_CONTEXT ( ( #5851, #9635, #4952 ) ) REPRESENTATION_CONTEXT ( 'NONE', 'WORKASPACE' ) );
#10769 =( LENGTH_UNIT ( ) NAMED_UNIT ( * ) SI_UNIT ( .MILLI., .METRE. ) );
#10770 = EDGE_CURVE ( 'NONE', #8787, #10403, #9929, .T. ) ;
#10771 = EDGE_CURVE ( 'NONE', #9662, #4181, #4962, .T. ) ;
#10772 = SURFACE_STYLE_FILL_AREA ( #1767 ) ;
#10773 = ORIENTED_EDGE ( 'NONE', *, *, #8416, .F. ) ;
#10774 = EDGE_CURVE ( 'NONE', #2519, #3032, #11739, .T. ) ;
#10775 = DIRECTION ( 'NONE',  ( 0.000000000000000000, 0.000000000000000000, -1.000000000000000000 ) ) ;
#10776 = CIRCLE ( 'NONE', #4834, 0.9999999999999997780 ) ;
#10777 = DIRECTION ( 'NONE',  ( -2.026546116795335870E-16, 1.000000000000000000, -0.000000000000000000 ) ) ;
#10778 = VECTOR ( 'NONE', #9118, 1000.000000000000000 ) ;
#10779 = VECTOR ( 'NONE', #11315, 1000.000000000000000 ) ;
#10780 = DIRECTION ( 'NONE',  ( 0.000000000000000000, 0.000000000000000000, 1.000000000000000000 ) ) ;
#10781 = CARTESIAN_POINT ( 'NONE',  ( 21.56768843574306516, 9.242953882361234719, 0.000000000000000000 ) ) ;
#10782 = PRESENTATION_LAYER_ASSIGNMENT (  '', '', ( #3626 ) ) ;
#10783 = ORIENTED_EDGE ( 'NONE', *, *, #9055, .F. ) ;
#10784 = AXIS2_PLACEMENT_3D ( 'NONE', #7949, #2135, #10817 ) ;
#10785 = CARTESIAN_POINT ( 'NONE',  ( 4.728942276619272356, 14.96436648895475763, -0.1074269890130544469 ) ) ;
#10786 =( GEOMETRIC_REPRESENTATION_CONTEXT ( 3 ) GLOBAL_UNCERTAINTY_ASSIGNED_CONTEXT ( ( #5742 ) ) GLOBAL_UNIT_ASSIGNED_CONTEXT ( ( #10081, #1319, #204 ) ) REPRESENTATION_CONTEXT ( 'NONE', 'WORKASPACE' ) );
#10787 = VERTEX_POINT ( 'NONE', #10305 ) ;
#10788 = CARTESIAN_POINT ( 'NONE',  ( 9.830000000000001847, 12.77659106982886783, -0.6805538183541350872 ) ) ;
#10789 =( NAMED_UNIT ( * ) SI_UNIT ( $, .STERADIAN. ) SOLID_ANGLE_UNIT ( ) );
#10790 = DIRECTION ( 'NONE',  ( 0.000000000000000000, -0.000000000000000000, -1.000000000000000000 ) ) ;
#10791 = VECTOR ( 'NONE', #2993, 1000.000000000000000 ) ;
#10792 =( GEOMETRIC_REPRESENTATION_CONTEXT ( 3 ) GLOBAL_UNCERTAINTY_ASSIGNED_CONTEXT ( ( #8237 ) ) GLOBAL_UNIT_ASSIGNED_CONTEXT ( ( #12313, #10318, #2293 ) ) REPRESENTATION_CONTEXT ( 'NONE', 'WORKASPACE' ) );
#10793 = VECTOR ( 'NONE', #1770, 1000.000000000000000 ) ;
#10794 = ADVANCED_FACE ( 'NONE', ( #1549 ), #6470, .T. ) ;
#10795 = CARTESIAN_POINT ( 'NONE',  ( 1.567688435743064268, 9.242953882361234719, 0.000000000000000000 ) ) ;
#10796 = ORIENTED_EDGE ( 'NONE', *, *, #2931, .T. ) ;
#10797 = DIRECTION ( 'NONE',  ( 0.000000000000000000, 0.000000000000000000, 1.000000000000000000 ) ) ;
#10798 = VERTEX_POINT ( 'NONE', #12119 ) ;
#10799 = CARTESIAN_POINT ( 'NONE',  ( 9.068332036170907884, 7.356120034073296843, 0.000000000000000000 ) ) ;
#10800 = ADVANCED_FACE ( 'NONE', ( #7496 ), #2342, .F. ) ;
#10801 = ORIENTED_EDGE ( 'NONE', *, *, #1598, .F. ) ;
#10802 = VERTEX_POINT ( 'NONE', #2612 ) ;
#10803 = DIRECTION ( 'NONE',  ( 0.000000000000000000, 0.000000000000000000, 1.000000000000000000 ) ) ;
#10804 = CIRCLE ( 'NONE', #2192, 0.1873162273354038454 ) ;
#10805 = EDGE_LOOP ( 'NONE', ( #4961, #9768, #12026, #10866 ) ) ;
#10806 = CARTESIAN_POINT ( 'NONE',  ( 25.00000000000000000, 0.7437402936630139738, -21.62877342318509477 ) ) ;
#10807 = DIRECTION ( 'NONE',  ( -1.000000000000000000, -1.070256409758549784E-16, 0.000000000000000000 ) ) ;
#10808 = CARTESIAN_POINT ( 'NONE',  ( 21.31781992623545818, 9.999999999999998224, 2.168404344971008621E-16 ) ) ;
#10809 = CARTESIAN_POINT ( 'NONE',  ( 16.02999999999999758, 14.99999999999999822, -11.00000000000000178 ) ) ;
#10810 = AXIS2_PLACEMENT_3D ( 'NONE', #11802, #3898, #1957 ) ;
#10811 = LINE ( 'NONE', #5933, #11428 ) ;
#10812 = SURFACE_STYLE_FILL_AREA ( #6131 ) ;
#10813 = ORIENTED_EDGE ( 'NONE', *, *, #412, .T. ) ;
#10814 = CARTESIAN_POINT ( 'NONE',  ( 7.950000000000000178, 0.000000000000000000, -15.22999999999999687 ) ) ;
#10815 =( NAMED_UNIT ( * ) PLANE_ANGLE_UNIT ( ) SI_UNIT ( $, .RADIAN. ) );
#10816 = DIRECTION ( 'NONE',  ( 0.000000000000000000, 0.000000000000000000, 1.000000000000000000 ) ) ;
#10817 = DIRECTION ( 'NONE',  ( 0.000000000000000000, -0.000000000000000000, -1.000000000000000000 ) ) ;
#10818 = ORIENTED_EDGE ( 'NONE', *, *, #5500, .F. ) ;
#10819 = ORIENTED_EDGE ( 'NONE', *, *, #2302, .F. ) ;
#10820 = STYLED_ITEM ( 'NONE', ( #10618 ), #9109 ) ;
#10821 = CARTESIAN_POINT ( 'NONE',  ( 25.00000000000000000, 0.7437402936630139738, -17.46660796753807432 ) ) ;
#10822 = ORIENTED_EDGE ( 'NONE', *, *, #11408, .T. ) ;
#10823 = DIRECTION ( 'NONE',  ( 0.000000000000000000, -1.000000000000000000, 0.000000000000000000 ) ) ;
#10824 = DIRECTION ( 'NONE',  ( -0.000000000000000000, -0.000000000000000000, 1.000000000000000000 ) ) ;
#10825 = ADVANCED_FACE ( 'NONE', ( #10186 ), #4289, .T. ) ;
#10826 = EDGE_CURVE ( 'NONE', #6533, #8586, #4156, .T. ) ;
#10827 = LINE ( 'NONE', #9665, #11517 ) ;
#10828 = UNCERTAINTY_MEASURE_WITH_UNIT (LENGTH_MEASURE( 1.000000000000000082E-05 ), #6737, 'distance_accuracy_value', 'NONE');
#10829 = DIRECTION ( 'NONE',  ( -0.000000000000000000, 1.000000000000000000, -0.000000000000000000 ) ) ;
#10830 = ORIENTED_EDGE ( 'NONE', *, *, #9646, .F. ) ;
#10831 = ORIENTED_EDGE ( 'NONE', *, *, #3218, .T. ) ;
#10832 = SURFACE_SIDE_STYLE ('',( #4090 ) ) ;
#10833 = DIRECTION ( 'NONE',  ( 1.000000000000000000, 0.000000000000000000, 0.000000000000000000 ) ) ;
#10834 = DIRECTION ( 'NONE',  ( -0.000000000000000000, -0.000000000000000000, 1.000000000000000000 ) ) ;
#10835 = EDGE_CURVE ( 'NONE', #2769, #6420, #3580, .T. ) ;
#10836 = DIRECTION ( 'NONE',  ( 1.000000000000000000, 1.070256409758549784E-16, -0.000000000000000000 ) ) ;
#10837 = PLANE ( 'NONE',  #9588 ) ;
#10838 = DIRECTION ( 'NONE',  ( 2.026546116795336363E-16, -1.000000000000000000, -1.376838949271375885E-31 ) ) ;
#10839 = ORIENTED_EDGE ( 'NONE', *, *, #8591, .F. ) ;
#10840 = CYLINDRICAL_SURFACE ( 'NONE', #6422, 0.9999999999999997780 ) ;
#10841 = LINE ( 'NONE', #1961, #3201 ) ;
#10842 = CARTESIAN_POINT ( 'NONE',  ( 0.000000000000000000, 0.9999999999999997780, -17.50000000000000000 ) ) ;
#10843 = LINE ( 'NONE', #5081, #4524 ) ;
#10844 = SURFACE_STYLE_FILL_AREA ( #7149 ) ;
#10845 = ORIENTED_EDGE ( 'NONE', *, *, #1944, .T. ) ;
#10846 = DIRECTION ( 'NONE',  ( 0.000000000000000000, 0.000000000000000000, 1.000000000000000000 ) ) ;
#10847 = LINE ( 'NONE', #2943, #6660 ) ;
#10848 = ORIENTED_EDGE ( 'NONE', *, *, #6385, .T. ) ;
#10849 = LINE ( 'NONE', #9813, #9541 ) ;
#10850 = VECTOR ( 'NONE', #4624, 1000.000000000000000 ) ;
#10851 = ORIENTED_EDGE ( 'NONE', *, *, #10868, .F. ) ;
#10852 = EDGE_CURVE ( 'NONE', #12449, #3037, #1658, .T. ) ;
#10853 = EDGE_CURVE ( 'NONE', #8576, #8950, #441, .T. ) ;
#10854 = VERTEX_POINT ( 'NONE', #3323 ) ;
#10855 = FACE_BOUND ( 'NONE', #1306, .T. ) ;
#10856 = CARTESIAN_POINT ( 'NONE',  ( 5.000000000000000000, -3.659182332138577465E-16, -21.62877342318509477 ) ) ;
#10857 = SURFACE_STYLE_FILL_AREA ( #2043 ) ;
#10858 = VERTEX_POINT ( 'NONE', #4345 ) ;
#10859 = FACE_OUTER_BOUND ( 'NONE', #4651, .T. ) ;
#10860 = DIRECTION ( 'NONE',  ( -0.000000000000000000, 1.000000000000000000, -0.000000000000000000 ) ) ;
#10861 = ORIENTED_EDGE ( 'NONE', *, *, #10716, .F. ) ;
#10862 = CARTESIAN_POINT ( 'NONE',  ( 0.000000000000000000, 0.000000000000000000, 0.5000000000000000000 ) ) ;
#10863 = ORIENTED_EDGE ( 'NONE', *, *, #8801, .F. ) ;
#10864 = ORIENTED_EDGE ( 'NONE', *, *, #6305, .T. ) ;
#10865 = DIRECTION ( 'NONE',  ( -1.000000000000000000, 0.000000000000000000, 0.000000000000000000 ) ) ;
#10866 = ORIENTED_EDGE ( 'NONE', *, *, #12108, .F. ) ;
#10867 = CARTESIAN_POINT ( 'NONE',  ( 15.00000000000000000, 9.742953882361238271, -10.00000000000000000 ) ) ;
#10868 = EDGE_CURVE ( 'NONE', #7236, #10619, #6831, .T. ) ;
#10869 = VECTOR ( 'NONE', #10583, 1000.000000000000000 ) ;
#10870 = CARTESIAN_POINT ( 'NONE',  ( 29.50844535013322911, 6.527550846378181504, -10.00000000000000000 ) ) ;
#10871 = CARTESIAN_POINT ( 'NONE',  ( 24.06833203617090788, 0.000000000000000000, 0.000000000000000000 ) ) ;
#10872 = ORIENTED_EDGE ( 'NONE', *, *, #10437, .T. ) ;
#10873 = VECTOR ( 'NONE', #10317, 1000.000000000000000 ) ;
#10874 = CARTESIAN_POINT ( 'NONE',  ( 24.50844535013322911, 6.527550846378181504, -10.00000000000000000 ) ) ;
#10875 = DIRECTION ( 'NONE',  ( -0.000000000000000000, -0.000000000000000000, 1.000000000000000000 ) ) ;
#10876 = EDGE_LOOP ( 'NONE', ( #6204, #10685, #9845, #8600 ) ) ;
#10877 = LINE ( 'NONE', #1923, #6061 ) ;
#10878 = SURFACE_STYLE_FILL_AREA ( #4612 ) ;
#10879 = FACE_OUTER_BOUND ( 'NONE', #6482, .T. ) ;
#10880 = DIRECTION ( 'NONE',  ( 1.000000000000000000, 0.000000000000000000, 0.000000000000000000 ) ) ;
#10881 = PLANE ( 'NONE',  #11632 ) ;
#10882 = ORIENTED_EDGE ( 'NONE', *, *, #7927, .T. ) ;
#10883 = CARTESIAN_POINT ( 'NONE',  ( 15.00000000000000000, 0.7437402936630139738, -18.00000000000000355 ) ) ;
#10884 = CARTESIAN_POINT ( 'NONE',  ( 29.75408174517711757, 15.00000000000000000, -0.2500000000000014988 ) ) ;
#10885 = EDGE_LOOP ( 'NONE', ( #10647, #10343, #5204, #4358 ) ) ;
#10886 = CARTESIAN_POINT ( 'NONE',  ( 22.95000000000000284, 0.000000000000000000, -7.429999999999998828 ) ) ;
#10887 = DIRECTION ( 'NONE',  ( -0.000000000000000000, -0.000000000000000000, 1.000000000000000000 ) ) ;
#10888 = VERTEX_POINT ( 'NONE', #3467 ) ;
#10889 = VERTEX_POINT ( 'NONE', #6348 ) ;
#10890 = PRESENTATION_LAYER_ASSIGNMENT (  '', '', ( #12330 ) ) ;
#10891 = CARTESIAN_POINT ( 'NONE',  ( 19.73066903961864682, 14.45765201367955122, -0.1172199486182108341 ) ) ;
#10892 = CARTESIAN_POINT ( 'NONE',  ( 16.03000000000000114, 1.043671250149599536E-16, -12.00000000000000000 ) ) ;
#10893 = EDGE_CURVE ( 'NONE', #655, #9591, #11510, .T. ) ;
#10894 = FILL_AREA_STYLE_COLOUR ( '', #8746 ) ;
#10895 = VERTEX_POINT ( 'NONE', #3521 ) ;
#10896 = CYLINDRICAL_SURFACE ( 'NONE', #10990, 1.000000000000000888 ) ;
#10897 =( LENGTH_UNIT ( ) NAMED_UNIT ( * ) SI_UNIT ( .MILLI., .METRE. ) );
#10898 = LINE ( 'NONE', #3203, #10388 ) ;
#10899 = LINE ( 'NONE', #5903, #118 ) ;
#10900 = FACE_OUTER_BOUND ( 'NONE', #10184, .T. ) ;
#10901 = FACE_OUTER_BOUND ( 'NONE', #10221, .T. ) ;
#10902 = VECTOR ( 'NONE', #6024, 1000.000000000000000 ) ;
#10903 = CARTESIAN_POINT ( 'NONE',  ( 11.56768843574306516, 0.000000000000000000, -10.00000000000000000 ) ) ;
#10904 = MECHANICAL_DESIGN_GEOMETRIC_PRESENTATION_REPRESENTATION (  '', ( #2073 ), #3934 ) ;
#10905 = DIRECTION ( 'NONE',  ( 0.000000000000000000, -1.000000000000000000, -0.000000000000000000 ) ) ;
#10906 = CARTESIAN_POINT ( 'NONE',  ( 17.94999999999999929, -5.000000000000000000, -15.62999999999999723 ) ) ;
#10907 = PRESENTATION_LAYER_ASSIGNMENT (  '', '', ( #9283 ) ) ;
#10908 = ORIENTED_EDGE ( 'NONE', *, *, #8416, .T. ) ;
#10909 = FILL_AREA_STYLE_COLOUR ( '', #9278 ) ;
#10910 = VECTOR ( 'NONE', #10500, 1000.000000000000000 ) ;
#10911 = EDGE_CURVE ( 'NONE', #854, #9110, #1250, .T. ) ;
#10912 = DIRECTION ( 'NONE',  ( 0.000000000000000000, 0.000000000000000000, 1.000000000000000000 ) ) ;
#10913 = ORIENTED_EDGE ( 'NONE', *, *, #1984, .F. ) ;
#10914 = FILL_AREA_STYLE_COLOUR ( '', #7301 ) ;
#10915 = VECTOR ( 'NONE', #788, 1000.000000000000000 ) ;
#10916 = COLOUR_RGB ( '',0.8313725490196077761, 0.8392156862745098200, 0.8313725490196077761 ) ;
#10917 = ORIENTED_EDGE ( 'NONE', *, *, #2515, .F. ) ;
#10918 = FILL_AREA_STYLE_COLOUR ( '', #1535 ) ;
#10919 = FACE_OUTER_BOUND ( 'NONE', #3366, .T. ) ;
#10920 = ORIENTED_EDGE ( 'NONE', *, *, #8751, .F. ) ;
#10921 = FACE_OUTER_BOUND ( 'NONE', #6839, .T. ) ;
#10922 = CIRCLE ( 'NONE', #5594, 0.4000000000000010214 ) ;
#10923 = SURFACE_STYLE_USAGE ( .BOTH. , #3985 ) ;
#10924 = EDGE_LOOP ( 'NONE', ( #4233, #5590, #5219, #908 ) ) ;
#10925 = LINE ( 'NONE', #6173, #8200 ) ;
#10926 = EDGE_CURVE ( 'NONE', #11025, #9587, #2475, .T. ) ;
#10927 = ORIENTED_EDGE ( 'NONE', *, *, #11618, .T. ) ;
#10928 = ADVANCED_FACE ( 'NONE', ( #5692 ), #5616, .F. ) ;
#10929 = CARTESIAN_POINT ( 'NONE',  ( 3.039090901768393138, 0.000000000000000000, -21.62877342318509477 ) ) ;
#10930 = CARTESIAN_POINT ( 'NONE',  ( 16.56768843574306516, 7.363962665405081154, -10.00000000000000000 ) ) ;
#10931 = ORIENTED_EDGE ( 'NONE', *, *, #11349, .F. ) ;
#10932 = ORIENTED_EDGE ( 'NONE', *, *, #3097, .F. ) ;
#10933 = EDGE_CURVE ( 'NONE', #7236, #675, #3881, .T. ) ;
#10934 = VECTOR ( 'NONE', #10875, 1000.000000000000000 ) ;
#10935 = CYLINDRICAL_SURFACE ( 'NONE', #6286, 0.1999999999999987899 ) ;
#10936 = CARTESIAN_POINT ( 'NONE',  ( 1.567688435743064268, 0.000000000000000000, -10.00000000000000000 ) ) ;
#10937 = DIRECTION ( 'NONE',  ( 1.000000000000000000, -1.734723475976807094E-15, 0.000000000000000000 ) ) ;
#10938 = ORIENTED_EDGE ( 'NONE', *, *, #6149, .F. ) ;
#10939 = ADVANCED_FACE ( 'NONE', ( #7749 ), #11648, .T. ) ;
#10940 = ADVANCED_FACE ( 'NONE', ( #11737 ), #11874, .T. ) ;
#10941 = ORIENTED_EDGE ( 'NONE', *, *, #4850, .T. ) ;
#10942 = LINE ( 'NONE', #867, #2764 ) ;
#10943 = FACE_OUTER_BOUND ( 'NONE', #152, .T. ) ;
#10944 = ORIENTED_EDGE ( 'NONE', *, *, #6785, .T. ) ;
#10945 =( NAMED_UNIT ( * ) SI_UNIT ( $, .STERADIAN. ) SOLID_ANGLE_UNIT ( ) );
#10946 = PRESENTATION_LAYER_ASSIGNMENT (  '', '', ( #3369 ) ) ;
#10947 = SURFACE_SIDE_STYLE ('',( #2267 ) ) ;
#10948 = VERTEX_POINT ( 'NONE', #5716 ) ;
#10949 = CARTESIAN_POINT ( 'NONE',  ( 11.67576706438588019, 5.698981658683065277, 0.000000000000000000 ) ) ;
#10950 = CARTESIAN_POINT ( 'NONE',  ( 19.62983593741586574, 14.60711963188013307, -0.01366511236712711005 ) ) ;
#10951 = DIRECTION ( 'NONE',  ( -0.000000000000000000, -0.000000000000000000, 1.000000000000000000 ) ) ;
#10952 = UNCERTAINTY_MEASURE_WITH_UNIT (LENGTH_MEASURE( 1.000000000000000082E-05 ), #582, 'distance_accuracy_value', 'NONE');
#10953 = CARTESIAN_POINT ( 'NONE',  ( 2.950000000000000178, -5.000000000000000000, -7.617316227335406253 ) ) ;
#10954 = LINE ( 'NONE', #5061, #2966 ) ;
#10955 = ORIENTED_EDGE ( 'NONE', *, *, #2638, .F. ) ;
#10956 = ORIENTED_EDGE ( 'NONE', *, *, #3262, .T. ) ;
#10957 = FACE_OUTER_BOUND ( 'NONE', #10497, .T. ) ;
#10958 = COLOUR_RGB ( '',1.000000000000000000, 0.5019607843137254832, 0.5019607843137254832 ) ;
#10959 =( NAMED_UNIT ( * ) PLANE_ANGLE_UNIT ( ) SI_UNIT ( $, .RADIAN. ) );
#10960 = EDGE_LOOP ( 'NONE', ( #12551, #2699, #6345, #7011 ) ) ;
#10961 = LINE ( 'NONE', #2160, #11219 ) ;
#10962 = CARTESIAN_POINT ( 'NONE',  ( 27.95000000000000284, -4.599999999999999645, -7.830000000000000071 ) ) ;
#10963 = B_SPLINE_CURVE_WITH_KNOTS ( 'NONE', 3,
 ( #11594, #2677, #3588, #3654, #5509, #6730 ),
 .UNSPECIFIED., .F., .F.,
 ( 4, 2, 4 ),
 ( 1.541179182519114124E-18, 0.0001836758004188035085, 0.0003673516008376054450 ),
 .UNSPECIFIED. ) ;
#10964 = DIRECTION ( 'NONE',  ( 0.000000000000000000, -1.000000000000000000, 0.000000000000000000 ) ) ;
#10965 = CARTESIAN_POINT ( 'NONE',  ( 4.830000000000001847, 13.99999999999999112, -12.00000000000000000 ) ) ;
#10966 = AXIS2_PLACEMENT_3D ( 'NONE', #8003, #7809, #11904 ) ;
#10967 = AXIS2_PLACEMENT_3D ( 'NONE', #135, #11880, #3978 ) ;
#10968 = ORIENTED_EDGE ( 'NONE', *, *, #7567, .T. ) ;
#10969 = DIRECTION ( 'NONE',  ( -0.000000000000000000, -0.000000000000000000, -1.000000000000000000 ) ) ;
#10970 = COLOUR_RGB ( '',1.000000000000000000, 0.5019607843137254832, 0.5019607843137254832 ) ;
#10971 = CARTESIAN_POINT ( 'NONE',  ( 15.03000000000000469, 1.019352696748054822E-15, -12.00000000000000000 ) ) ;
#10972 = CARTESIAN_POINT ( 'NONE',  ( 7.950000000000000178, -4.599999999999999645, -7.029999999999999361 ) ) ;
#10973 = AXIS2_PLACEMENT_3D ( 'NONE', #8510, #3750, #2601 ) ;
#10974 = FACE_OUTER_BOUND ( 'NONE', #12620, .T. ) ;
#10975 = SURFACE_STYLE_USAGE ( .BOTH. , #6031 ) ;
#10976 = EDGE_LOOP ( 'NONE', ( #436, #11630, #7951, #3088 ) ) ;
#10977 = AXIS2_PLACEMENT_3D ( 'NONE', #8315, #4134, #8253 ) ;
#10978 = VECTOR ( 'NONE', #428, 1000.000000000000000 ) ;
#10979 = AXIS2_PLACEMENT_3D ( 'NONE', #12565, #7704, #2636 ) ;
#10980 = ORIENTED_EDGE ( 'NONE', *, *, #7720, .T. ) ;
#10981 = DIRECTION ( 'NONE',  ( -0.000000000000000000, -0.000000000000000000, 1.000000000000000000 ) ) ;
#10982 = EDGE_CURVE ( 'NONE', #920, #10588, #9625, .T. ) ;
#10983 = VECTOR ( 'NONE', #12267, 1000.000000000000000 ) ;
#10984 = CARTESIAN_POINT ( 'NONE',  ( -6.595391950804084580, 11.77659106982886428, -2.498455167896218576 ) ) ;
#10985 = VECTOR ( 'NONE', #5662, 1000.000000000000000 ) ;
#10986 = EDGE_LOOP ( 'NONE', ( #1635, #6618, #11689, #5329 ) ) ;
#10987 = EDGE_CURVE ( 'NONE', #111, #10403, #10922, .T. ) ;
#10988 = FACE_OUTER_BOUND ( 'NONE', #11260, .T. ) ;
#10989 = EDGE_CURVE ( 'NONE', #4198, #10998, #205, .T. ) ;
#10990 = AXIS2_PLACEMENT_3D ( 'NONE', #3960, #4158, #11994 ) ;
#10991 = VECTOR ( 'NONE', #1327, 1000.000000000000000 ) ;
#10992 = VECTOR ( 'NONE', #11765, 1000.000000000000000 ) ;
#10993 = SURFACE_STYLE_FILL_AREA ( #980 ) ;
#10994 = VERTEX_POINT ( 'NONE', #11613 ) ;
#10995 = EDGE_LOOP ( 'NONE', ( #7963, #5818, #5949, #9393 ) ) ;
#10996 = VECTOR ( 'NONE', #8086, 1000.000000000000000 ) ;
#10997 = DIRECTION ( 'NONE',  ( -0.000000000000000000, -0.000000000000000000, 1.000000000000000000 ) ) ;
#10998 = VERTEX_POINT ( 'NONE', #10842 ) ;
#10999 = SURFACE_STYLE_FILL_AREA ( #3158 ) ;
#11000 = DIRECTION ( 'NONE',  ( 1.000000000000000000, 2.026546116795335870E-16, -0.000000000000000000 ) ) ;
#11001 =( GEOMETRIC_REPRESENTATION_CONTEXT ( 3 ) GLOBAL_UNCERTAINTY_ASSIGNED_CONTEXT ( ( #2562 ) ) GLOBAL_UNIT_ASSIGNED_CONTEXT ( ( #7407, #2826, #11552 ) ) REPRESENTATION_CONTEXT ( 'NONE', 'WORKASPACE' ) );
#11002 = CARTESIAN_POINT ( 'NONE',  ( 25.83000000000000185, 15.00000000000000000, -12.00000000000000000 ) ) ;
#11003 =( GEOMETRIC_REPRESENTATION_CONTEXT ( 3 ) GLOBAL_UNCERTAINTY_ASSIGNED_CONTEXT ( ( #10395 ) ) GLOBAL_UNIT_ASSIGNED_CONTEXT ( ( #192, #8171, #5197 ) ) REPRESENTATION_CONTEXT ( 'NONE', 'WORKASPACE' ) );
#11004 = DIRECTION ( 'NONE',  ( -1.000000000000000000, -1.070256409758549784E-16, 0.000000000000000000 ) ) ;
#11005 = ADVANCED_FACE ( 'NONE', ( #2816 ), #6745, .F. ) ;
#11006 = VECTOR ( 'NONE', #6136, 1000.000000000000000 ) ;
#11007 = VERTEX_POINT ( 'NONE', #11212 ) ;
#11008 =( GEOMETRIC_REPRESENTATION_CONTEXT ( 3 ) GLOBAL_UNCERTAINTY_ASSIGNED_CONTEXT ( ( #11028 ) ) GLOBAL_UNIT_ASSIGNED_CONTEXT ( ( #2949, #1776, #664 ) ) REPRESENTATION_CONTEXT ( 'NONE', 'WORKASPACE' ) );
#11009 = LINE ( 'NONE', #2202, #4367 ) ;
#11010 = AXIS2_PLACEMENT_3D ( 'NONE', #7060, #11797, #1885 ) ;
#11011 = ORIENTED_EDGE ( 'NONE', *, *, #6445, .T. ) ;
#11012 = SURFACE_STYLE_FILL_AREA ( #4273 ) ;
#11013 = DIRECTION ( 'NONE',  ( 0.000000000000000000, -1.000000000000000000, 0.000000000000000000 ) ) ;
#11014 = VECTOR ( 'NONE', #1009, 1000.000000000000000 ) ;
#11015 = PRESENTATION_LAYER_ASSIGNMENT (  '', '', ( #6709 ) ) ;
#11016 = DIRECTION ( 'NONE',  ( 0.000000000000000000, -0.000000000000000000, -1.000000000000000000 ) ) ;
#11017 =( NAMED_UNIT ( * ) PLANE_ANGLE_UNIT ( ) SI_UNIT ( $, .RADIAN. ) );
#11018 = ORIENTED_EDGE ( 'NONE', *, *, #10835, .T. ) ;
#11019 = FACE_OUTER_BOUND ( 'NONE', #12241, .T. ) ;
#11020 = MECHANICAL_DESIGN_GEOMETRIC_PRESENTATION_REPRESENTATION (  '', ( #9586 ), #12446 ) ;
#11021 = EDGE_CURVE ( 'NONE', #2189, #11969, #12301, .T. ) ;
#11022 = ADVANCED_FACE ( 'NONE', ( #3519 ), #10303, .F. ) ;
#11023 =( LENGTH_UNIT ( ) NAMED_UNIT ( * ) SI_UNIT ( .MILLI., .METRE. ) );
#11024 = PLANE ( 'NONE',  #408 ) ;
#11025 = VERTEX_POINT ( 'NONE', #11342 ) ;
#11026 = ORIENTED_EDGE ( 'NONE', *, *, #11072, .F. ) ;
#11027 = ORIENTED_EDGE ( 'NONE', *, *, #12399, .F. ) ;
#11028 = UNCERTAINTY_MEASURE_WITH_UNIT (LENGTH_MEASURE( 1.000000000000000082E-05 ), #2949, 'distance_accuracy_value', 'NONE');
#11029 = DIRECTION ( 'NONE',  ( 0.000000000000000000, -0.000000000000000000, -1.000000000000000000 ) ) ;
#11030 = STYLED_ITEM ( 'NONE', ( #6139 ), #9215 ) ;
#11031 = CARTESIAN_POINT ( 'NONE',  ( 9.705893845872905601, 14.51832180537509132, -0.07518642710997443246 ) ) ;
#11032 = ORIENTED_EDGE ( 'NONE', *, *, #4309, .T. ) ;
#11033 = EDGE_LOOP ( 'NONE', ( #9970, #11026, #11088, #7693 ) ) ;
#11034 = DIRECTION ( 'NONE',  ( 1.000000000000000000, 0.000000000000000000, 0.000000000000000000 ) ) ;
#11035 = CARTESIAN_POINT ( 'NONE',  ( 32.00000000000000000, 10.99999999999997158, 0.000000000000000000 ) ) ;
#11036 = EDGE_CURVE ( 'NONE', #4169, #6833, #3464, .T. ) ;
#11037 = CARTESIAN_POINT ( 'NONE',  ( 11.67576706438588019, 1.730887774041955929, 0.000000000000000000 ) ) ;
#11038 = UNCERTAINTY_MEASURE_WITH_UNIT (LENGTH_MEASURE( 1.000000000000000082E-05 ), #7465, 'distance_accuracy_value', 'NONE');
#11039 = SURFACE_STYLE_USAGE ( .BOTH. , #8857 ) ;
#11040 = DIRECTION ( 'NONE',  ( -1.000000000000000000, -2.026546116795335870E-16, 0.000000000000000000 ) ) ;
#11041 = CARTESIAN_POINT ( 'NONE',  ( 12.94999999999999929, 0.000000000000000000, -7.429999999999998828 ) ) ;
#11042 = CARTESIAN_POINT ( 'NONE',  ( 26.67576706438588019, 2.730887774041955929, -10.00000000000000000 ) ) ;
#11043 = DIRECTION ( 'NONE',  ( -0.000000000000000000, -0.000000000000000000, 1.000000000000000000 ) ) ;
#11044 = DIRECTION ( 'NONE',  ( 1.000000000000000000, 0.000000000000000000, 0.000000000000000000 ) ) ;
#11045 = ORIENTED_EDGE ( 'NONE', *, *, #2812, .F. ) ;
#11046 = FILL_AREA_STYLE_COLOUR ( '', #897 ) ;
#11047 = CARTESIAN_POINT ( 'NONE',  ( 1.029999999999999583, 14.56261116223713969, -0.04450167309616145928 ) ) ;
#11048 = CARTESIAN_POINT ( 'NONE',  ( 12.94999999999999929, -4.599999999999999645, -15.62999999999999723 ) ) ;
#11049 = VERTEX_POINT ( 'NONE', #7068 ) ;
#11050 = LINE ( 'NONE', #1185, #1068 ) ;
#11051 = ORIENTED_EDGE ( 'NONE', *, *, #8130, .F. ) ;
#11052 = FILL_AREA_STYLE_COLOUR ( '', #2649 ) ;
#11053 = ORIENTED_EDGE ( 'NONE', *, *, #3401, .F. ) ;
#11054 = CARTESIAN_POINT ( 'NONE',  ( 27.95000000000000284, -4.599999999999999645, -7.429999999999998828 ) ) ;
#11055 = DIRECTION ( 'NONE',  ( 0.000000000000000000, 0.000000000000000000, -1.000000000000000000 ) ) ;
#11056 = VERTEX_POINT ( 'NONE', #10972 ) ;
#11057 = PRESENTATION_STYLE_ASSIGNMENT (( #1193 ) ) ;
#11058 = AXIS2_PLACEMENT_3D ( 'NONE', #9790, #8532, #7573 ) ;
#11059 = ADVANCED_FACE ( 'NONE', ( #8333 ), #9420, .T. ) ;
#11060 = CARTESIAN_POINT ( 'NONE',  ( 19.55499095451013503, 15.89570717673226241, 0.8790999815629499947 ) ) ;
#11061 = ADVANCED_FACE ( 'NONE', ( #9838 ), #10041, .T. ) ;
#11062 = DIRECTION ( 'NONE',  ( 1.000000000000000000, 2.026546116795335870E-16, -0.000000000000000000 ) ) ;
#11063 = CARTESIAN_POINT ( 'NONE',  ( 8.039090901768393138, 0.000000000000000000, -1.000000000000007772 ) ) ;
#11064 = DIRECTION ( 'NONE',  ( -0.000000000000000000, -0.000000000000000000, 1.000000000000000000 ) ) ;
#11065 = PRESENTATION_LAYER_ASSIGNMENT (  '', '', ( #4701 ) ) ;
#11066 = FILL_AREA_STYLE_COLOUR ( '', #11999 ) ;
#11067 = CARTESIAN_POINT ( 'NONE',  ( 16.27700289271979273, 14.79563495755399316, 1.270549420881518494E-18 ) ) ;
#11068 = EDGE_CURVE ( 'NONE', #2147, #502, #3936, .T. ) ;
#11069 = ORIENTED_EDGE ( 'NONE', *, *, #11764, .T. ) ;
#11070 = SURFACE_SIDE_STYLE ('',( #6068 ) ) ;
#11071 = CARTESIAN_POINT ( 'NONE',  ( 8.948558664095541459, 1.730887774041955929, -10.00000000000000000 ) ) ;
#11072 = EDGE_CURVE ( 'NONE', #8185, #12449, #11009, .T. ) ;
#11073 = CARTESIAN_POINT ( 'NONE',  ( 24.06833203617090788, 9.242953882361234719, -10.00000000000000000 ) ) ;
#11074 = VERTEX_POINT ( 'NONE', #5166 ) ;
#11075 = CARTESIAN_POINT ( 'NONE',  ( 17.94999999999999929, -5.000000000000000000, -7.617316227335406253 ) ) ;
#11076 = CARTESIAN_POINT ( 'NONE',  ( 21.67576706438588019, 1.730887774041955929, 0.000000000000000000 ) ) ;
#11077 = ORIENTED_EDGE ( 'NONE', *, *, #1639, .T. ) ;
#11078 = FILL_AREA_STYLE_COLOUR ( '', #9525 ) ;
#11079 = EDGE_LOOP ( 'NONE', ( #809, #624, #3870, #5142 ) ) ;
#11080 = CARTESIAN_POINT ( 'NONE',  ( 15.00000000000000000, -3.659182332138577465E-16, -1.000000000000007772 ) ) ;
#11081 = ORIENTED_EDGE ( 'NONE', *, *, #8447, .T. ) ;
#11082 = EDGE_LOOP ( 'NONE', ( #12325, #7254, #6944, #9879 ) ) ;
#11083 = DIRECTION ( 'NONE',  ( -0.000000000000000000, 1.000000000000000000, -0.000000000000000000 ) ) ;
#11084 = EDGE_CURVE ( 'NONE', #5252, #12713, #9099, .T. ) ;
#11085 = EDGE_CURVE ( 'NONE', #12263, #11179, #7807, .T. ) ;
#11086 = CARTESIAN_POINT ( 'NONE',  ( 2.950000000000000178, 0.000000000000000000, -15.62999999999999723 ) ) ;
#11087 = LINE ( 'NONE', #4155, #10996 ) ;
#11088 = ORIENTED_EDGE ( 'NONE', *, *, #6951, .T. ) ;
#11089 = ORIENTED_EDGE ( 'NONE', *, *, #2528, .F. ) ;
#11090 = DIRECTION ( 'NONE',  ( 0.000000000000000000, 1.000000000000000000, -1.452744208007547927E-16 ) ) ;
#11091 = SURFACE_SIDE_STYLE ('',( #11150 ) ) ;
#11092 = AXIS2_PLACEMENT_3D ( 'NONE', #9044, #944, #4150 ) ;
#11093 = DIRECTION ( 'NONE',  ( 0.000000000000000000, 1.000000000000000000, 0.000000000000000000 ) ) ;
#11094 = COLOUR_RGB ( '',1.000000000000000000, 0.5019607843137254832, 0.5019607843137254832 ) ;
#11095 = DIRECTION ( 'NONE',  ( 0.000000000000000000, 1.000000000000000000, -1.452744208007547927E-16 ) ) ;
#11096 = EDGE_LOOP ( 'NONE', ( #350, #12062, #5948, #8208, #6300, #872 ) ) ;
#11097 = FACE_OUTER_BOUND ( 'NONE', #7996, .T. ) ;
#11098 = ORIENTED_EDGE ( 'NONE', *, *, #1731, .F. ) ;
#11099 = CIRCLE ( 'NONE', #10450, 0.5000000000000004441 ) ;
#11100 = PRESENTATION_STYLE_ASSIGNMENT (( #6423 ) ) ;
#11101 = ADVANCED_FACE ( 'NONE', ( #2907 ), #2062, .F. ) ;
#11102 = FILL_AREA_STYLE ('',( #9063 ) ) ;
#11103 = ORIENTED_EDGE ( 'NONE', *, *, #2665, .T. ) ;
#11104 = MECHANICAL_DESIGN_GEOMETRIC_PRESENTATION_REPRESENTATION (  '', ( #12330 ), #781 ) ;
#11105 = CARTESIAN_POINT ( 'NONE',  ( 16.56768843574306516, 9.242953882361234719, -10.00000000000000000 ) ) ;
#11106 = DIRECTION ( 'NONE',  ( 0.000000000000000000, 1.000000000000000000, 0.000000000000000000 ) ) ;
#11107 =( BOUNDED_CURVE ( )  B_SPLINE_CURVE ( 3, ( #9035, #3046, #162, #1204 ),
 .UNSPECIFIED., .F., .T. ) 
 B_SPLINE_CURVE_WITH_KNOTS ( ( 4, 4 ),
 ( 4.712388980384679016, 5.058156149985441274 ),
 .UNSPECIFIED. ) 
 CURVE ( )  GEOMETRIC_REPRESENTATION_ITEM ( )  RATIONAL_B_SPLINE_CURVE ( ( 1.000000000000000000, 0.9900618788928975400, 0.9900618788928975400, 1.000000000000000000 ) ) 
 REPRESENTATION_ITEM ( '' )  );
#11108 = CARTESIAN_POINT ( 'NONE',  ( 8.039090901768393138, 0.000000000000000000, -21.62877342318509477 ) ) ;
#11109 = SURFACE_STYLE_FILL_AREA ( #5015 ) ;
#11110 =( NAMED_UNIT ( * ) SI_UNIT ( $, .STERADIAN. ) SOLID_ANGLE_UNIT ( ) );
#11111 = LINE ( 'NONE', #12274, #6064 ) ;
#11112 = DIRECTION ( 'NONE',  ( 0.000000000000000000, -0.000000000000000000, -1.000000000000000000 ) ) ;
#11113 = VERTEX_POINT ( 'NONE', #6239 ) ;
#11114 = AXIS2_PLACEMENT_3D ( 'NONE', #407, #11309, #12212 ) ;
#11115 = ORIENTED_EDGE ( 'NONE', *, *, #10382, .F. ) ;
#11116 = AXIS2_PLACEMENT_3D ( 'NONE', #6830, #1717, #2775 ) ;
#11117 = CARTESIAN_POINT ( 'NONE',  ( 10.00000000000000000, 10.99999999999997158, -1.000000000000000000 ) ) ;
#11118 = EDGE_LOOP ( 'NONE', ( #8332, #6033, #4468, #9334 ) ) ;
#11119 = CARTESIAN_POINT ( 'NONE',  ( 15.56768843574306516, 7.363962665405081154, 0.000000000000000000 ) ) ;
#11120 = SURFACE_STYLE_USAGE ( .BOTH. , #5294 ) ;
#11121 = ORIENTED_EDGE ( 'NONE', *, *, #3650, .F. ) ;
#11122 = CARTESIAN_POINT ( 'NONE',  ( 4.667958729863647349, 14.56261116223706154, -0.04450167309611560706 ) ) ;
#11123 = STYLED_ITEM ( 'NONE', ( #8032 ), #10465 ) ;
#11124 = LINE ( 'NONE', #11897, #10559 ) ;
#11125 = DIRECTION ( 'NONE',  ( 0.000000000000000000, 1.000000000000000000, 0.000000000000000000 ) ) ;
#11126 =( NAMED_UNIT ( * ) PLANE_ANGLE_UNIT ( ) SI_UNIT ( $, .RADIAN. ) );
#11127 = ADVANCED_FACE ( 'NONE', ( #4747 ), #11543, .F. ) ;
#11128 = DIRECTION ( 'NONE',  ( 0.000000000000000000, 0.000000000000000000, 1.000000000000000000 ) ) ;
#11129 = CARTESIAN_POINT ( 'NONE',  ( 3.568332036170907440, 9.242953882361238271, 0.000000000000000000 ) ) ;
#11130 =( GEOMETRIC_REPRESENTATION_CONTEXT ( 3 ) GLOBAL_UNCERTAINTY_ASSIGNED_CONTEXT ( ( #541 ) ) GLOBAL_UNIT_ASSIGNED_CONTEXT ( ( #5004, #9807, #3012 ) ) REPRESENTATION_CONTEXT ( 'NONE', 'WORKASPACE' ) );
#11131 = ORIENTED_EDGE ( 'NONE', *, *, #4779, .T. ) ;
#11132 = CARTESIAN_POINT ( 'NONE',  ( 16.02999999999999758, 11.77659106982886428, -12.00000000000000000 ) ) ;
#11133 = CARTESIAN_POINT ( 'NONE',  ( 15.03000000000000114, 10.99999999999997158, -1.000000000000000000 ) ) ;
#11134 =( LENGTH_UNIT ( ) NAMED_UNIT ( * ) SI_UNIT ( .MILLI., .METRE. ) );
#11135 = EDGE_LOOP ( 'NONE', ( #4775, #9999, #3674, #9024 ) ) ;
#11136 = CARTESIAN_POINT ( 'NONE',  ( 10.00000000000000000, 15.00000000000000000, -12.00000000000000000 ) ) ;
#11137 = VECTOR ( 'NONE', #504, 1000.000000000000000 ) ;
#11138 = DIRECTION ( 'NONE',  ( 0.000000000000000000, 0.000000000000000000, 1.000000000000000000 ) ) ;
#11139 = VERTEX_POINT ( 'NONE', #4501 ) ;
#11140 = EDGE_CURVE ( 'NONE', #11582, #2317, #5400, .T. ) ;
#11141 = DIRECTION ( 'NONE',  ( 0.000000000000000000, 0.000000000000000000, -1.000000000000000000 ) ) ;
#11142 = EDGE_CURVE ( 'NONE', #2746, #5105, #8555, .T. ) ;
#11143 = VERTEX_POINT ( 'NONE', #5528 ) ;
#11144 = ORIENTED_EDGE ( 'NONE', *, *, #11702, .T. ) ;
#11145 = CARTESIAN_POINT ( 'NONE',  ( 1.154106154127093831, 14.51832180537509132, -0.07518642710997371081 ) ) ;
#11146 = DIRECTION ( 'NONE',  ( -1.000000000000000000, 0.000000000000000000, -0.000000000000000000 ) ) ;
#11147 = CARTESIAN_POINT ( 'NONE',  ( -1.595391950804084580, 12.20709392125342241, -1.676461860280853200 ) ) ;
#11148 = ORIENTED_EDGE ( 'NONE', *, *, #3996, .F. ) ;
#11149 = LINE ( 'NONE', #10248, #4424 ) ;
#11150 = SURFACE_STYLE_FILL_AREA ( #7201 ) ;
#11151 = EDGE_CURVE ( 'NONE', #10373, #3908, #596, .T. ) ;
#11152 = CARTESIAN_POINT ( 'NONE',  ( 2.950000000000000178, -5.000000000000000000, -15.62999999999999723 ) ) ;
#11153 = ORIENTED_EDGE ( 'NONE', *, *, #12206, .F. ) ;
#11154 = EDGE_CURVE ( 'NONE', #6224, #3874, #9508, .T. ) ;
#11155 = LINE ( 'NONE', #5508, #7820 ) ;
#11156 = CARTESIAN_POINT ( 'NONE',  ( 5.068332036170907884, 7.356120034073296843, -10.00000000000000000 ) ) ;
#11157 = ORIENTED_EDGE ( 'NONE', *, *, #10006, .T. ) ;
#11158 = VERTEX_POINT ( 'NONE', #657 ) ;
#11159 = FACE_OUTER_BOUND ( 'NONE', #5875, .T. ) ;
#11160 = CARTESIAN_POINT ( 'NONE',  ( 10.00000000000000178, 0.7437402936630139738, -0.03339203246192836566 ) ) ;
#11161 = DIRECTION ( 'NONE',  ( 1.000000000000000000, 2.026546116795335870E-16, -0.000000000000000000 ) ) ;
#11162 = LINE ( 'NONE', #10074, #863 ) ;
#11163 = ORIENTED_EDGE ( 'NONE', *, *, #9041, .F. ) ;
#11164 = FACE_OUTER_BOUND ( 'NONE', #2984, .T. ) ;
#11165 = CARTESIAN_POINT ( 'NONE',  ( 14.83000000000000362, 13.64455457845218511, -0.6805538183541350872 ) ) ;
#11166 = AXIS2_PLACEMENT_3D ( 'NONE', #10614, #3699, #7619 ) ;
#11167 = DIRECTION ( 'NONE',  ( 1.000000000000000000, 0.000000000000000000, 0.000000000000000000 ) ) ;
#11168 = FILL_AREA_STYLE ('',( #4366 ) ) ;
#11169 = EDGE_CURVE ( 'NONE', #6005, #5034, #4628, .T. ) ;
#11170 = AXIS2_PLACEMENT_3D ( 'NONE', #7464, #8617, #12507 ) ;
#11171 = ADVANCED_FACE ( 'NONE', ( #11487 ), #6808, .T. ) ;
#11172 = CARTESIAN_POINT ( 'NONE',  ( 14.83000000000000362, 15.00000000000000000, -11.00000000000000178 ) ) ;
#11173 = CARTESIAN_POINT ( 'NONE',  ( 21.13105813787144172, 14.96436564214315013, -0.1074246383193839666 ) ) ;
#11174 = AXIS2_PLACEMENT_3D ( 'NONE', #9322, #11300, #9260 ) ;
#11175 = DIRECTION ( 'NONE',  ( -1.000000000000000000, -2.026546116795335870E-16, 0.000000000000000000 ) ) ;
#11176 = ORIENTED_EDGE ( 'NONE', *, *, #11036, .T. ) ;
#11177 = FILL_AREA_STYLE_COLOUR ( '', #10237 ) ;
#11178 = AXIS2_PLACEMENT_3D ( 'NONE', #2149, #11657, #6342 ) ;
#11179 = VERTEX_POINT ( 'NONE', #2821 ) ;
#11180 = VECTOR ( 'NONE', #4456, 1000.000000000000000 ) ;
#11181 = VECTOR ( 'NONE', #4401, 1000.000000000000000 ) ;
#11182 = DIRECTION ( 'NONE',  ( 0.000000000000000000, 0.000000000000000000, 1.000000000000000000 ) ) ;
#11183 = CARTESIAN_POINT ( 'NONE',  ( 19.73914162436698660, 9.999999999999998224, -0.1652703644666174421 ) ) ;
#11184 = VECTOR ( 'NONE', #2806, 1000.000000000000000 ) ;
#11185 =( GEOMETRIC_REPRESENTATION_CONTEXT ( 3 ) GLOBAL_UNCERTAINTY_ASSIGNED_CONTEXT ( ( #5609 ) ) GLOBAL_UNIT_ASSIGNED_CONTEXT ( ( #7865, #12597, #8829 ) ) REPRESENTATION_CONTEXT ( 'NONE', 'WORKASPACE' ) );
#11186 = MECHANICAL_DESIGN_GEOMETRIC_PRESENTATION_REPRESENTATION (  '', ( #4004 ), #3807 ) ;
#11187 = ORIENTED_EDGE ( 'NONE', *, *, #8631, .T. ) ;
#11188 = SURFACE_STYLE_FILL_AREA ( #4572 ) ;
#11189 = LINE ( 'NONE', #3618, #10578 ) ;
#11190 = CARTESIAN_POINT ( 'NONE',  ( 19.50844535013322556, 6.527550846378181504, -10.00000000000000000 ) ) ;
#11191 = VECTOR ( 'NONE', #12427, 1000.000000000000000 ) ;
#11192 = VECTOR ( 'NONE', #926, 1000.000000000000000 ) ;
#11193 = PRESENTATION_LAYER_ASSIGNMENT (  '', '', ( #5044 ) ) ;
#11194 = ADVANCED_FACE ( 'NONE', ( #1970 ), #4045, .T. ) ;
#11195 =( NAMED_UNIT ( * ) SI_UNIT ( $, .STERADIAN. ) SOLID_ANGLE_UNIT ( ) );
#11196 = SURFACE_STYLE_FILL_AREA ( #9155 ) ;
#11197 =( LENGTH_UNIT ( ) NAMED_UNIT ( * ) SI_UNIT ( .MILLI., .METRE. ) );
#11198 = VERTEX_POINT ( 'NONE', #6030 ) ;
#11199 = ORIENTED_EDGE ( 'NONE', *, *, #9070, .T. ) ;
#11200 = PRESENTATION_STYLE_ASSIGNMENT (( #7295 ) ) ;
#11201 = PRESENTATION_STYLE_ASSIGNMENT (( #4331 ) ) ;
#11202 = CARTESIAN_POINT ( 'NONE',  ( 17.94999999999999929, -5.000000000000000000, -7.242683772664591402 ) ) ;
#11203 = CARTESIAN_POINT ( 'NONE',  ( 2.067688435743067821, 9.742953882361238271, 0.000000000000000000 ) ) ;
#11204 = DIRECTION ( 'NONE',  ( 1.000000000000000000, 1.734723475976808672E-15, 0.000000000000000000 ) ) ;
#11205 = VERTEX_POINT ( 'NONE', #6643 ) ;
#11206 =( GEOMETRIC_REPRESENTATION_CONTEXT ( 3 ) GLOBAL_UNCERTAINTY_ASSIGNED_CONTEXT ( ( #3192 ) ) GLOBAL_UNIT_ASSIGNED_CONTEXT ( ( #6450, #9401, #9330 ) ) REPRESENTATION_CONTEXT ( 'NONE', 'WORKASPACE' ) );
#11207 = VECTOR ( 'NONE', #5901, 1000.000000000000000 ) ;
#11208 = FACE_OUTER_BOUND ( 'NONE', #9047, .T. ) ;
#11209 = PLANE ( 'NONE',  #6900 ) ;
#11210 = AXIS2_PLACEMENT_3D ( 'NONE', #12265, #525, #9193 ) ;
#11211 = ORIENTED_EDGE ( 'NONE', *, *, #7180, .T. ) ;
#11212 = CARTESIAN_POINT ( 'NONE',  ( 19.94855866409554679, 5.698981658683065277, 0.000000000000000000 ) ) ;
#11213 = PRESENTATION_LAYER_ASSIGNMENT (  '', '', ( #3228 ) ) ;
#11214 = CARTESIAN_POINT ( 'NONE',  ( 1.129330960381348614, 14.45765201367954944, -0.1172199486182098904 ) ) ;
#11215 = SURFACE_STYLE_USAGE ( .BOTH. , #4399 ) ;
#11216 = SURFACE_STYLE_USAGE ( .BOTH. , #7140 ) ;
#11217 = CYLINDRICAL_SURFACE ( 'NONE', #9597, 0.1999999999999987899 ) ;
#11218 = EDGE_CURVE ( 'NONE', #2291, #5802, #8883, .T. ) ;
#11219 = VECTOR ( 'NONE', #10834, 1000.000000000000000 ) ;
#11220 = MECHANICAL_DESIGN_GEOMETRIC_PRESENTATION_REPRESENTATION (  '', ( #8161 ), #5079 ) ;
#11221 = EDGE_CURVE ( 'NONE', #2357, #9573, #9023, .T. ) ;
#11222 =( NAMED_UNIT ( * ) SI_UNIT ( $, .STERADIAN. ) SOLID_ANGLE_UNIT ( ) );
#11223 = AXIS2_PLACEMENT_3D ( 'NONE', #6914, #6975, #9851 ) ;
#11224 = EDGE_CURVE ( 'NONE', #2833, #11860, #7997, .T. ) ;
#11225 = CARTESIAN_POINT ( 'NONE',  ( 32.00000000000000000, 10.99999999999997158, 0.000000000000000000 ) ) ;
#11226 = DIRECTION ( 'NONE',  ( 0.000000000000000000, 0.000000000000000000, 1.000000000000000000 ) ) ;
#11227 = LINE ( 'NONE', #1429, #6467 ) ;
#11228 = MECHANICAL_DESIGN_GEOMETRIC_PRESENTATION_REPRESENTATION (  '', ( #708 ), #4675 ) ;
#11229 = CIRCLE ( 'NONE', #8572, 1.000000000000000888 ) ;
#11230 = ORIENTED_EDGE ( 'NONE', *, *, #11670, .F. ) ;
#11231 = ORIENTED_EDGE ( 'NONE', *, *, #618, .F. ) ;
#11232 = CARTESIAN_POINT ( 'NONE',  ( 28.03909090176839669, 0.000000000000000000, -18.00000000000000355 ) ) ;
#11233 =( NAMED_UNIT ( * ) SI_UNIT ( $, .STERADIAN. ) SOLID_ANGLE_UNIT ( ) );
#11234 = CARTESIAN_POINT ( 'NONE',  ( 28.56833203617090433, 9.742953882361238271, 0.000000000000000000 ) ) ;
#11235 = CARTESIAN_POINT ( 'NONE',  ( 0.000000000000000000, 0.000000000000000000, -10.00000000000000000 ) ) ;
#11236 = ORIENTED_EDGE ( 'NONE', *, *, #1296, .T. ) ;
#11237 = EDGE_CURVE ( 'NONE', #282, #699, #5691, .T. ) ;
#11238 = LINE ( 'NONE', #3275, #2182 ) ;
#11239 = CIRCLE ( 'NONE', #4061, 0.9999999999999991118 ) ;
#11240 = CARTESIAN_POINT ( 'NONE',  ( 21.12085837563301638, 14.38829763613029478, -0.1652703644666158045 ) ) ;
#11241 = DIRECTION ( 'NONE',  ( 1.000000000000000000, 0.000000000000000000, 0.000000000000000000 ) ) ;
#11242 = VERTEX_POINT ( 'NONE', #6120 ) ;
#11243 = FILL_AREA_STYLE ('',( #2498 ) ) ;
#11244 = SURFACE_STYLE_FILL_AREA ( #8366 ) ;
#11245 = CYLINDRICAL_SURFACE ( 'NONE', #861, 4.000000000000000000 ) ;
#11246 =( NAMED_UNIT ( * ) SI_UNIT ( $, .STERADIAN. ) SOLID_ANGLE_UNIT ( ) );
#11247 = ORIENTED_EDGE ( 'NONE', *, *, #7866, .T. ) ;
#11248 = ORIENTED_EDGE ( 'NONE', *, *, #3082, .T. ) ;
#11249 = LINE ( 'NONE', #8558, #609 ) ;
#11250 = DIRECTION ( 'NONE',  ( 0.000000000000000000, 1.000000000000000000, 0.000000000000000000 ) ) ;
#11251 = ADVANCED_FACE ( 'NONE', ( #5100 ), #8054, .T. ) ;
#11252 = EDGE_CURVE ( 'NONE', #5178, #12165, #6473, .T. ) ;
#11253 = ORIENTED_EDGE ( 'NONE', *, *, #6183, .T. ) ;
#11254 = FILL_AREA_STYLE_COLOUR ( '', #10571 ) ;
#11255 = ORIENTED_EDGE ( 'NONE', *, *, #7180, .F. ) ;
#11256 = CARTESIAN_POINT ( 'NONE',  ( 29.83000000000000185, 15.00000000000000000, -0.6805538183541270936 ) ) ;
#11257 =( LENGTH_UNIT ( ) NAMED_UNIT ( * ) SI_UNIT ( .MILLI., .METRE. ) );
#11258 = CIRCLE ( 'NONE', #3486, 1.000000000000000888 ) ;
#11259 = DIRECTION ( 'NONE',  ( -0.000000000000000000, 1.000000000000000000, -0.000000000000000000 ) ) ;
#11260 = EDGE_LOOP ( 'NONE', ( #9585, #3924, #9080, #11077 ) ) ;
#11261 = LINE ( 'NONE', #1460, #1503 ) ;
#11262 =( NAMED_UNIT ( * ) SI_UNIT ( $, .STERADIAN. ) SOLID_ANGLE_UNIT ( ) );
#11263 = CIRCLE ( 'NONE', #11058, 1.000000000000000888 ) ;
#11264 = ORIENTED_EDGE ( 'NONE', *, *, #170, .F. ) ;
#11265 = VERTEX_POINT ( 'NONE', #8375 ) ;
#11266 = PRESENTATION_STYLE_ASSIGNMENT (( #7363 ) ) ;
#11267 = EDGE_CURVE ( 'NONE', #1716, #8120, #2142, .T. ) ;
#11268 = DIRECTION ( 'NONE',  ( 0.000000000000000000, -1.000000000000000000, 0.000000000000000000 ) ) ;
#11269 = PRESENTATION_STYLE_ASSIGNMENT (( #1350 ) ) ;
#11270 = DIRECTION ( 'NONE',  ( -0.000000000000000000, -0.000000000000000000, 1.000000000000000000 ) ) ;
#11271 = FACE_OUTER_BOUND ( 'NONE', #4529, .T. ) ;
#11272 = SURFACE_STYLE_USAGE ( .BOTH. , #3458 ) ;
#11273 = CARTESIAN_POINT ( 'NONE',  ( 9.948558664095546789, 5.698981658683065277, -10.00000000000000000 ) ) ;
#11274 = DIRECTION ( 'NONE',  ( 1.013273058397667935E-16, -1.000000000000000000, 0.000000000000000000 ) ) ;
#11275 = VERTEX_POINT ( 'NONE', #10275 ) ;
#11276 = ORIENTED_EDGE ( 'NONE', *, *, #6758, .T. ) ;
#11277 = DIRECTION ( 'NONE',  ( -2.922285384827992868E-16, 1.000000000000000000, 0.000000000000000000 ) ) ;
#11278 = DIRECTION ( 'NONE',  ( -0.000000000000000000, 0.000000000000000000, 1.000000000000000000 ) ) ;
#11279 = CARTESIAN_POINT ( 'NONE',  ( 24.94855866409554679, 1.446110066005035942E-15, 0.000000000000000000 ) ) ;
#11280 = DIRECTION ( 'NONE',  ( 0.000000000000000000, 0.000000000000000000, -1.000000000000000000 ) ) ;
#11281 = DIRECTION ( 'NONE',  ( 1.000000000000000000, 2.026546116795335870E-16, -0.000000000000000000 ) ) ;
#11282 = CARTESIAN_POINT ( 'NONE',  ( 5.030000000000001137, 10.77659106982886783, -1.974724807276290628 ) ) ;
#11283 = ORIENTED_EDGE ( 'NONE', *, *, #53, .F. ) ;
#11284 =( LENGTH_UNIT ( ) NAMED_UNIT ( * ) SI_UNIT ( .MILLI., .METRE. ) );
#11285 = DIRECTION ( 'NONE',  ( 0.000000000000000000, 1.000000000000000000, -0.000000000000000000 ) ) ;
#11286 = DIRECTION ( 'NONE',  ( -0.000000000000000000, 0.000000000000000000, 1.000000000000000000 ) ) ;
#11287 = ORIENTED_EDGE ( 'NONE', *, *, #2529, .F. ) ;
#11288 = ORIENTED_EDGE ( 'NONE', *, *, #8329, .T. ) ;
#11289 = ORIENTED_EDGE ( 'NONE', *, *, #639, .F. ) ;
#11290 = SURFACE_STYLE_USAGE ( .BOTH. , #6044 ) ;
#11291 = CONICAL_SURFACE ( 'NONE', #10263, 0.1873162273354073148, 0.4886921905584152848 ) ;
#11292 = EDGE_CURVE ( 'NONE', #3874, #8506, #4442, .T. ) ;
#11293 = DIRECTION ( 'NONE',  ( 0.000000000000000000, 0.000000000000000000, -1.000000000000000000 ) ) ;
#11294 = FILL_AREA_STYLE ('',( #9436 ) ) ;
#11295 = CARTESIAN_POINT ( 'NONE',  ( 25.00000000000000000, 1.730887774041955929, -10.00000000000000000 ) ) ;
#11296 = DIRECTION ( 'NONE',  ( -1.000000000000000000, -0.000000000000000000, 0.000000000000000000 ) ) ;
#11297 =( LENGTH_UNIT ( ) NAMED_UNIT ( * ) SI_UNIT ( .MILLI., .METRE. ) );
#11298 = COLOUR_RGB ( '',1.000000000000000000, 0.5019607843137254832, 0.5019607843137254832 ) ;
#11299 = DIRECTION ( 'NONE',  ( 0.000000000000000000, 0.000000000000000000, -1.000000000000000000 ) ) ;
#11300 = DIRECTION ( 'NONE',  ( 0.000000000000000000, 1.000000000000000000, 0.000000000000000000 ) ) ;
#11301 = SURFACE_STYLE_FILL_AREA ( #649 ) ;
#11302 = EDGE_CURVE ( 'NONE', #3971, #12521, #5475, .T. ) ;
#11303 = VERTEX_POINT ( 'NONE', #6243 ) ;
#11304 = ADVANCED_FACE ( 'NONE', ( #1449 ), #7166, .T. ) ;
#11305 = CARTESIAN_POINT ( 'NONE',  ( 12.94999999999999929, -4.599999999999999645, -15.22999999999999687 ) ) ;
#11306 = UNCERTAINTY_MEASURE_WITH_UNIT (LENGTH_MEASURE( 1.000000000000000082E-05 ), #2570, 'distance_accuracy_value', 'NONE');
#11307 = PRESENTATION_LAYER_ASSIGNMENT (  '', '', ( #12327 ) ) ;
#11308 = ORIENTED_EDGE ( 'NONE', *, *, #10852, .T. ) ;
#11309 = DIRECTION ( 'NONE',  ( 0.000000000000000000, -1.000000000000000000, 0.000000000000000000 ) ) ;
#11310 = ORIENTED_EDGE ( 'NONE', *, *, #1765, .T. ) ;
#11311 = FILL_AREA_STYLE ('',( #12280 ) ) ;
#11312 = DIRECTION ( 'NONE',  ( 0.000000000000000000, -1.000000000000000000, 0.000000000000000000 ) ) ;
#11313 = ADVANCED_FACE ( 'NONE', ( #12093 ), #5407, .T. ) ;
#11314 = VERTEX_POINT ( 'NONE', #2251 ) ;
#11315 = DIRECTION ( 'NONE',  ( -8.329036727898294339E-17, 0.8219933076153586038, 0.5694971485754449780 ) ) ;
#11316 = CARTESIAN_POINT ( 'NONE',  ( 3.568332036170903887, 9.742953882361238271, -10.00000000000000000 ) ) ;
#11317 = ORIENTED_EDGE ( 'NONE', *, *, #6698, .T. ) ;
#11318 = DIRECTION ( 'NONE',  ( -0.1736481776669308585, 0.000000000000000000, 0.9848077530122080203 ) ) ;
#11319 = VECTOR ( 'NONE', #1995, 1000.000000000000000 ) ;
#11320 = VECTOR ( 'NONE', #4567, 1000.000000000000000 ) ;
#11321 = CARTESIAN_POINT ( 'NONE',  ( 21.27390809505316582, 14.65589039322995291, 3.547410800721997913E-17 ) ) ;
#11322 = EDGE_CURVE ( 'NONE', #10531, #3982, #9209, .T. ) ;
#11323 = ADVANCED_FACE ( 'NONE', ( #4318 ), #7283, .T. ) ;
#11324 = CARTESIAN_POINT ( 'NONE',  ( 20.03000000000000114, 1.019352696748054822E-15, -12.00000000000000000 ) ) ;
#11325 = DIRECTION ( 'NONE',  ( -0.000000000000000000, 0.8219933076153586038, 0.5694971485754448670 ) ) ;
#11326 = ORIENTED_EDGE ( 'NONE', *, *, #8291, .T. ) ;
#11327 = SURFACE_STYLE_FILL_AREA ( #8387 ) ;
#11328 =( GEOMETRIC_REPRESENTATION_CONTEXT ( 3 ) GLOBAL_UNCERTAINTY_ASSIGNED_CONTEXT ( ( #3561 ) ) GLOBAL_UNIT_ASSIGNED_CONTEXT ( ( #391, #11599, #1678 ) ) REPRESENTATION_CONTEXT ( 'NONE', 'WORKASPACE' ) );
#11329 = VERTEX_POINT ( 'NONE', #1631 ) ;
#11330 = PLANE ( 'NONE',  #7106 ) ;
#11331 = SURFACE_STYLE_FILL_AREA ( #429 ) ;
#11332 = VECTOR ( 'NONE', #7167, 1000.000000000000114 ) ;
#11333 = CARTESIAN_POINT ( 'NONE',  ( 19.06833203617090788, 0.000000000000000000, -10.00000000000000000 ) ) ;
#11334 = ORIENTED_EDGE ( 'NONE', *, *, #5424, .F. ) ;
#11335 = ADVANCED_FACE ( 'NONE', ( #10457 ), #9510, .T. ) ;
#11336 =( NAMED_UNIT ( * ) SI_UNIT ( $, .STERADIAN. ) SOLID_ANGLE_UNIT ( ) );
#11337 = EDGE_CURVE ( 'NONE', #11049, #5181, #8512, .T. ) ;
#11338 = ADVANCED_FACE ( 'NONE', ( #6682 ), #12332, .F. ) ;
#11339 = CARTESIAN_POINT ( 'NONE',  ( 6.121727750064472673, 6.531472162044073215, -10.00000000000000000 ) ) ;
#11340 = ORIENTED_EDGE ( 'NONE', *, *, #9863, .F. ) ;
#11341 = VERTEX_POINT ( 'NONE', #6509 ) ;
#11342 = CARTESIAN_POINT ( 'NONE',  ( 9.542180073764543025, 14.75000000000000000, -2.385244779468109755E-15 ) ) ;
#11343 = FILL_AREA_STYLE_COLOUR ( '', #10958 ) ;
#11344 = SURFACE_STYLE_USAGE ( .BOTH. , #6538 ) ;
#11345 = LINE ( 'NONE', #4601, #2754 ) ;
#11346 = CARTESIAN_POINT ( 'NONE',  ( 24.83000000000000185, 9.999999999999998224, -0.6805538183541270936 ) ) ;
#11347 = PRESENTATION_LAYER_ASSIGNMENT (  '', '', ( #9305 ) ) ;
#11348 = ORIENTED_EDGE ( 'NONE', *, *, #145, .F. ) ;
#11349 = EDGE_CURVE ( 'NONE', #5721, #3863, #5584, .T. ) ;
#11350 = CARTESIAN_POINT ( 'NONE',  ( 3.404608049195914532, 14.99999999999999645, -0.2500000000000017208 ) ) ;
#11351 = CARTESIAN_POINT ( 'NONE',  ( 9.748975597597054232, 15.00000000000000000, -0.2210415980608897157 ) ) ;
#11352 = ORIENTED_EDGE ( 'NONE', *, *, #11841, .F. ) ;
#11353 = VERTEX_POINT ( 'NONE', #4633 ) ;
#11354 = ORIENTED_EDGE ( 'NONE', *, *, #4548, .F. ) ;
#11355 = LINE ( 'NONE', #5393, #8630 ) ;
#11356 = CARTESIAN_POINT ( 'NONE',  ( 8.948558664095548565, 2.730887774041955929, -10.00000000000000000 ) ) ;
#11357 = CIRCLE ( 'NONE', #223, 1.000000000000000888 ) ;
#11358 = PLANE ( 'NONE',  #5639 ) ;
#11359 = AXIS2_PLACEMENT_3D ( 'NONE', #545, #9582, #11383 ) ;
#11360 = DIRECTION ( 'NONE',  ( 1.013273058397667935E-16, -1.000000000000000000, 0.000000000000000000 ) ) ;
#11361 = DIRECTION ( 'NONE',  ( 0.000000000000000000, 0.000000000000000000, 1.000000000000000000 ) ) ;
#11362 = PLANE ( 'NONE',  #6251 ) ;
#11363 = CARTESIAN_POINT ( 'NONE',  ( 8.404608049195916308, 14.74999999999999467, 3.631860520018880910E-17 ) ) ;
#11364 = ORIENTED_EDGE ( 'NONE', *, *, #544, .T. ) ;
#11365 = DIRECTION ( 'NONE',  ( 0.000000000000000000, 0.8829475928589255451, 0.4694715627858934148 ) ) ;
#11366 = DIRECTION ( 'NONE',  ( 0.000000000000000000, 0.000000000000000000, -1.000000000000000000 ) ) ;
#11367 = DIRECTION ( 'NONE',  ( 0.000000000000000000, 1.000000000000000000, 0.000000000000000000 ) ) ;
#11368 = ORIENTED_EDGE ( 'NONE', *, *, #9583, .F. ) ;
#11369 = CARTESIAN_POINT ( 'NONE',  ( 13.94855866409554856, 2.730887774041955929, -10.00000000000000000 ) ) ;
#11370 = B_SPLINE_CURVE_WITH_KNOTS ( 'NONE', 3,
 ( #532, #11173, #3545, #5463, #7343, #5284 ),
 .UNSPECIFIED., .F., .F.,
 ( 4, 2, 4 ),
 ( 1.273937552670463280E-18, 0.0001836758004188033730, 0.0003673516008376054450 ),
 .UNSPECIFIED. ) ;
#11371 =( GEOMETRIC_REPRESENTATION_CONTEXT ( 3 ) GLOBAL_UNCERTAINTY_ASSIGNED_CONTEXT ( ( #1352 ) ) GLOBAL_UNIT_ASSIGNED_CONTEXT ( ( #8947, #9962, #1377 ) ) REPRESENTATION_CONTEXT ( 'NONE', 'WORKASPACE' ) );
#11372 = FILL_AREA_STYLE_COLOUR ( '', #5387 ) ;
#11373 = ORIENTED_EDGE ( 'NONE', *, *, #7411, .T. ) ;
#11374 = ORIENTED_EDGE ( 'NONE', *, *, #881, .T. ) ;
#11375 = DIRECTION ( 'NONE',  ( -0.000000000000000000, -0.000000000000000000, 1.000000000000000000 ) ) ;
#11376 = ADVANCED_FACE ( 'NONE', ( #3785 ), #2641, .T. ) ;
#11377 = LINE ( 'NONE', #6566, #8959 ) ;
#11378 = ADVANCED_FACE ( 'NONE', ( #5720 ), #12388, .T. ) ;
#11379 = PRESENTATION_LAYER_ASSIGNMENT (  '', '', ( #3170 ) ) ;
#11380 = CARTESIAN_POINT ( 'NONE',  ( 3.039090901768393138, 0.7437402936630143069, -21.62877342318509477 ) ) ;
#11381 = EDGE_CURVE ( 'NONE', #1462, #11697, #9570, .T. ) ;
#11382 = MECHANICAL_DESIGN_GEOMETRIC_PRESENTATION_REPRESENTATION (  '', ( #9528 ), #6255 ) ;
#11383 = DIRECTION ( 'NONE',  ( 0.000000000000000000, 0.000000000000000000, 1.000000000000000000 ) ) ;
#11384 = VECTOR ( 'NONE', #6790, 1000.000000000000000 ) ;
#11385 = PRESENTATION_LAYER_ASSIGNMENT (  '', '', ( #11579 ) ) ;
#11386 =( GEOMETRIC_REPRESENTATION_CONTEXT ( 3 ) GLOBAL_UNCERTAINTY_ASSIGNED_CONTEXT ( ( #3490 ) ) GLOBAL_UNIT_ASSIGNED_CONTEXT ( ( #12714, #4106, #8867 ) ) REPRESENTATION_CONTEXT ( 'NONE', 'WORKASPACE' ) );
#11387 = ORIENTED_EDGE ( 'NONE', *, *, #6639, .F. ) ;
#11388 = VECTOR ( 'NONE', #122, 1000.000000000000000 ) ;
#11389 = DIRECTION ( 'NONE',  ( 0.000000000000000000, 0.000000000000000000, 1.000000000000000000 ) ) ;
#11390 = ORIENTED_EDGE ( 'NONE', *, *, #186, .T. ) ;
#11391 = CYLINDRICAL_SURFACE ( 'NONE', #12539, 0.4000000000000001887 ) ;
#11392 = CIRCLE ( 'NONE', #868, 4.000000000000000000 ) ;
#11393 = DIRECTION ( 'NONE',  ( 1.000000000000000000, 0.000000000000000000, 0.000000000000000000 ) ) ;
#11394 = EDGE_CURVE ( 'NONE', #12713, #5252, #2345, .T. ) ;
#11395 = UNCERTAINTY_MEASURE_WITH_UNIT (LENGTH_MEASURE( 1.000000000000000082E-05 ), #11558, 'distance_accuracy_value', 'NONE');
#11396 = VECTOR ( 'NONE', #10469, 1000.000000000000000 ) ;
#11397 = CARTESIAN_POINT ( 'NONE',  ( 9.830000000000001847, 15.00000000000000000, -11.00000000000000178 ) ) ;
#11398 = VECTOR ( 'NONE', #5632, 1000.000000000000000 ) ;
#11399 = DIRECTION ( 'NONE',  ( 0.000000000000000000, 0.000000000000000000, 1.000000000000000000 ) ) ;
#11400 = MECHANICAL_DESIGN_GEOMETRIC_PRESENTATION_REPRESENTATION (  '', ( #8542 ), #1933 ) ;
#11401 = VERTEX_POINT ( 'NONE', #1579 ) ;
#11402 = ORIENTED_EDGE ( 'NONE', *, *, #6040, .T. ) ;
#11403 = ORIENTED_EDGE ( 'NONE', *, *, #5050, .F. ) ;
#11404 = STYLED_ITEM ( 'NONE', ( #9712 ), #12162 ) ;
#11405 = DIRECTION ( 'NONE',  ( 0.000000000000000000, 1.000000000000000000, 0.000000000000000000 ) ) ;
#11406 = DIRECTION ( 'NONE',  ( 0.000000000000000000, -1.000000000000000000, 0.000000000000000000 ) ) ;
#11407 = EDGE_CURVE ( 'NONE', #4152, #717, #3613, .T. ) ;
#11408 = EDGE_CURVE ( 'NONE', #9955, #3122, #9690, .T. ) ;
#11409 = FACE_OUTER_BOUND ( 'NONE', #300, .T. ) ;
#11410 =( LENGTH_UNIT ( ) NAMED_UNIT ( * ) SI_UNIT ( .MILLI., .METRE. ) );
#11411 = PRESENTATION_LAYER_ASSIGNMENT (  '', '', ( #6500 ) ) ;
#11412 = VECTOR ( 'NONE', #6565, 1000.000000000000000 ) ;
#11413 = COLOUR_RGB ( '',0.8313725490196077761, 0.8392156862745098200, 0.8313725490196077761 ) ;
#11414 = VECTOR ( 'NONE', #8877, 1000.000000000000000 ) ;
#11415 = DIRECTION ( 'NONE',  ( 0.000000000000000000, 1.000000000000000000, 0.000000000000000000 ) ) ;
#11416 = DIRECTION ( 'NONE',  ( 0.000000000000000000, -0.000000000000000000, -1.000000000000000000 ) ) ;
#11417 = ORIENTED_EDGE ( 'NONE', *, *, #6577, .F. ) ;
#11418 = EDGE_LOOP ( 'NONE', ( #521, #9317, #10733, #3678 ) ) ;
#11419 = PRESENTATION_STYLE_ASSIGNMENT (( #4545 ) ) ;
#11420 =( LENGTH_UNIT ( ) NAMED_UNIT ( * ) SI_UNIT ( .MILLI., .METRE. ) );
#11421 = SURFACE_STYLE_FILL_AREA ( #11294 ) ;
#11422 =( GEOMETRIC_REPRESENTATION_CONTEXT ( 3 ) GLOBAL_UNCERTAINTY_ASSIGNED_CONTEXT ( ( #11306 ) ) GLOBAL_UNIT_ASSIGNED_CONTEXT ( ( #2570, #6375, #592 ) ) REPRESENTATION_CONTEXT ( 'NONE', 'WORKASPACE' ) );
#11423 = EDGE_CURVE ( 'NONE', #10277, #789, #6102, .T. ) ;
#11424 = CARTESIAN_POINT ( 'NONE',  ( 20.83000000000000185, 11.77659106982886783, -1.974724807276291516 ) ) ;
#11425 = PLANE ( 'NONE',  #10728 ) ;
#11426 =( NAMED_UNIT ( * ) PLANE_ANGLE_UNIT ( ) SI_UNIT ( $, .RADIAN. ) );
#11427 = AXIS2_PLACEMENT_3D ( 'NONE', #6593, #10683, #4860 ) ;
#11428 = VECTOR ( 'NONE', #9837, 1000.000000000000000 ) ;
#11429 = AXIS2_PLACEMENT_3D ( 'NONE', #4553, #6229, #1439 ) ;
#11430 = MECHANICAL_DESIGN_GEOMETRIC_PRESENTATION_REPRESENTATION (  '', ( #2616 ), #7365 ) ;
#11431 = LINE ( 'NONE', #3006, #2387 ) ;
#11432 = CYLINDRICAL_SURFACE ( 'NONE', #10979, 1.000000000000000000 ) ;
#11433 = ORIENTED_EDGE ( 'NONE', *, *, #5342, .T. ) ;
#11434 = EDGE_LOOP ( 'NONE', ( #1661, #9239, #5795, #1287 ) ) ;
#11435 = CARTESIAN_POINT ( 'NONE',  ( 32.00000000000000000, 10.99999999999997158, 0.000000000000000000 ) ) ;
#11436 = ORIENTED_EDGE ( 'NONE', *, *, #10664, .F. ) ;
#11437 = DIRECTION ( 'NONE',  ( 1.013273058397668058E-16, -1.000000000000000000, -5.746557074399123046E-16 ) ) ;
#11438 = DIRECTION ( 'NONE',  ( 0.000000000000000000, 1.000000000000000000, 0.000000000000000000 ) ) ;
#11439 = ORIENTED_EDGE ( 'NONE', *, *, #8345, .F. ) ;
#11440 = ORIENTED_EDGE ( 'NONE', *, *, #4550, .T. ) ;
#11441 = FACE_OUTER_BOUND ( 'NONE', #4065, .T. ) ;
#11442 = CARTESIAN_POINT ( 'NONE',  ( 4.830000000000000959, 15.00000000000000000, -10.99999999999999289 ) ) ;
#11443 = EDGE_LOOP ( 'NONE', ( #12758, #1911, #5892, #10423 ) ) ;
#11444 = CARTESIAN_POINT ( 'NONE',  ( -11.59539195080408547, 13.99999999999998757, -12.00000000000000000 ) ) ;
#11445 = SURFACE_STYLE_FILL_AREA ( #12341 ) ;
#11446 =( BOUNDED_CURVE ( )  B_SPLINE_CURVE ( 3, ( #4614, #8662, #893, #3893 ),
 .UNSPECIFIED., .F., .F. ) 
 B_SPLINE_CURVE_WITH_KNOTS ( ( 4, 4 ),
 ( 0.6801289419011398163, 1.396263401595479348 ),
 .UNSPECIFIED. ) 
 CURVE ( )  GEOMETRIC_REPRESENTATION_ITEM ( )  RATIONAL_B_SPLINE_CURVE ( ( 1.000000000000000000, 0.9577172935399689280, 0.9577172935399689280, 1.000000000000000000 ) ) 
 REPRESENTATION_ITEM ( '' )  );
#11447 = LINE ( 'NONE', #4513, #9890 ) ;
#11448 = FILL_AREA_STYLE ('',( #3740 ) ) ;
#11449 = LINE ( 'NONE', #2652, #10673 ) ;
#11450 = ADVANCED_FACE ( 'NONE', ( #7076 ), #6811, .T. ) ;
#11451 = ADVANCED_FACE ( 'NONE', ( #9006, #5841, #9750, #4882, #3018, #6872, #8807 ), #3907, .F. ) ;
#11452 = ORIENTED_EDGE ( 'NONE', *, *, #2370, .T. ) ;
#11453 = ORIENTED_EDGE ( 'NONE', *, *, #9145, .T. ) ;
#11454 = SURFACE_SIDE_STYLE ('',( #3639 ) ) ;
#11455 = CARTESIAN_POINT ( 'NONE',  ( 7.950000000000000178, 0.000000000000000000, -16.02999999999999758 ) ) ;
#11456 = EDGE_CURVE ( 'NONE', #4470, #8374, #10847, .T. ) ;
#11457 = ORIENTED_EDGE ( 'NONE', *, *, #8819, .T. ) ;
#11458 = ORIENTED_EDGE ( 'NONE', *, *, #3636, .T. ) ;
#11459 = VERTEX_POINT ( 'NONE', #10781 ) ;
#11460 = CARTESIAN_POINT ( 'NONE',  ( 5.000000000000000000, 0.7437402936630139738, 0.5000000000000000000 ) ) ;
#11461 = EDGE_CURVE ( 'NONE', #3739, #7909, #9810, .T. ) ;
#11462 = DIRECTION ( 'NONE',  ( 0.000000000000000000, -1.000000000000000000, 0.000000000000000000 ) ) ;
#11463 = PRESENTATION_LAYER_ASSIGNMENT (  '', '', ( #4297 ) ) ;
#11464 = ADVANCED_FACE ( 'NONE', ( #8865 ), #2, .T. ) ;
#11465 = CARTESIAN_POINT ( 'NONE',  ( 10.00000000000000000, -3.659182332138577465E-16, 0.5000000000000000000 ) ) ;
#11466 = PLANE ( 'NONE',  #7134 ) ;
#11467 = LINE ( 'NONE', #2675, #8670 ) ;
#11468 = CARTESIAN_POINT ( 'NONE',  ( 10.00000000000000000, 9.742953882361238271, 0.000000000000000000 ) ) ;
#11469 = DIRECTION ( 'NONE',  ( 1.000000000000000000, 0.000000000000000000, 0.000000000000000000 ) ) ;
#11470 = EDGE_CURVE ( 'NONE', #12455, #6731, #6943, .T. ) ;
#11471 = EDGE_CURVE ( 'NONE', #1752, #1565, #1036, .T. ) ;
#11472 = VERTEX_POINT ( 'NONE', #5008 ) ;
#11473 = VERTEX_POINT ( 'NONE', #8928 ) ;
#11474 = CARTESIAN_POINT ( 'NONE',  ( 5.675767064385880190, 0.000000000000000000, -10.00000000000000000 ) ) ;
#11475 = LINE ( 'NONE', #2681, #12147 ) ;
#11476 = CARTESIAN_POINT ( 'NONE',  ( 26.12933096038134551, 14.45765201367954766, -0.1172199486182099182 ) ) ;
#11477 = PLANE ( 'NONE',  #499 ) ;
#11478 =( LENGTH_UNIT ( ) NAMED_UNIT ( * ) SI_UNIT ( .MILLI., .METRE. ) );
#11479 = CARTESIAN_POINT ( 'NONE',  ( 22.06768843574306516, 9.242953882361238271, 0.000000000000000000 ) ) ;
#11480 = CIRCLE ( 'NONE', #8653, 0.5000000000000004441 ) ;
#11481 = CARTESIAN_POINT ( 'NONE',  ( 1.317819926235457295, 14.70498544938100416, 2.168404344971008621E-16 ) ) ;
#11482 = CARTESIAN_POINT ( 'NONE',  ( 13.03909090176839314, 0.7437402936630143069, -21.62877342318509477 ) ) ;
#11483 = EDGE_CURVE ( 'NONE', #10619, #2357, #70, .T. ) ;
#11484 = ORIENTED_EDGE ( 'NONE', *, *, #2812, .T. ) ;
#11485 = DIRECTION ( 'NONE',  ( 2.026546116795335870E-16, -1.000000000000000000, 0.000000000000000000 ) ) ;
#11486 = FILL_AREA_STYLE_COLOUR ( '', #5897 ) ;
#11487 = FACE_OUTER_BOUND ( 'NONE', #8839, .T. ) ;
#11488 = ORIENTED_EDGE ( 'NONE', *, *, #5500, .T. ) ;
#11489 = DIRECTION ( 'NONE',  ( 1.000000000000000000, 0.000000000000000000, 0.000000000000000000 ) ) ;
#11490 = ORIENTED_EDGE ( 'NONE', *, *, #11021, .T. ) ;
#11491 = CARTESIAN_POINT ( 'NONE',  ( 15.67576706438587841, 0.000000000000000000, 0.000000000000000000 ) ) ;
#11492 = ORIENTED_EDGE ( 'NONE', *, *, #9459, .F. ) ;
#11493 = LINE ( 'NONE', #1898, #11834 ) ;
#11494 = ORIENTED_EDGE ( 'NONE', *, *, #9252, .F. ) ;
#11495 = PRESENTATION_STYLE_ASSIGNMENT (( #11557 ) ) ;
#11496 = CARTESIAN_POINT ( 'NONE',  ( 11.02999999999999936, 14.99999999999999822, -0.6805538183541244290 ) ) ;
#11497 = ORIENTED_EDGE ( 'NONE', *, *, #1532, .T. ) ;
#11498 = VECTOR ( 'NONE', #3092, 1000.000000000000000 ) ;
#11499 = DIRECTION ( 'NONE',  ( 0.000000000000000000, 0.000000000000000000, 1.000000000000000000 ) ) ;
#11500 =( LENGTH_UNIT ( ) NAMED_UNIT ( * ) SI_UNIT ( .MILLI., .METRE. ) );
#11501 = MECHANICAL_DESIGN_GEOMETRIC_PRESENTATION_REPRESENTATION (  '', ( #389 ), #611 ) ;
#11502 = EDGE_CURVE ( 'NONE', #10114, #7236, #1433, .T. ) ;
#11503 = EDGE_LOOP ( 'NONE', ( #42, #1624, #11098, #10030 ) ) ;
#11504 = DIRECTION ( 'NONE',  ( -2.922285384827992868E-16, 1.000000000000000000, 0.000000000000000000 ) ) ;
#11505 = VERTEX_POINT ( 'NONE', #1380 ) ;
#11506 = CARTESIAN_POINT ( 'NONE',  ( 13.56833203617090788, 9.242953882361238271, -10.00000000000000000 ) ) ;
#11507 = CARTESIAN_POINT ( 'NONE',  ( 9.830000000000001847, 13.64455457845218511, -0.6805538183541350872 ) ) ;
#11508 = VECTOR ( 'NONE', #2942, 1000.000000000000114 ) ;
#11509 = PRESENTATION_STYLE_ASSIGNMENT (( #5610 ) ) ;
#11510 =( BOUNDED_CURVE ( )  B_SPLINE_CURVE ( 3, ( #6409, #5434, #508, #4474 ),
 .UNSPECIFIED., .F., .T. ) 
 B_SPLINE_CURVE_WITH_KNOTS ( ( 4, 4 ),
 ( 4.366621810783947844, 4.712388980384695891 ),
 .UNSPECIFIED. ) 
 CURVE ( )  GEOMETRIC_REPRESENTATION_ITEM ( )  RATIONAL_B_SPLINE_CURVE ( ( 1.000000000000000000, 0.9900618788928984282, 0.9900618788928984282, 1.000000000000000000 ) ) 
 REPRESENTATION_ITEM ( '' )  );
#11511 = EDGE_CURVE ( 'NONE', #7600, #3361, #8229, .T. ) ;
#11512 = ORIENTED_EDGE ( 'NONE', *, *, #3879, .F. ) ;
#11513 = ORIENTED_EDGE ( 'NONE', *, *, #9646, .T. ) ;
#11514 = LINE ( 'NONE', #2725, #2752 ) ;
#11515 = AXIS2_PLACEMENT_3D ( 'NONE', #8603, #4681, #7824 ) ;
#11516 = AXIS2_PLACEMENT_3D ( 'NONE', #9082, #989, #4966 ) ;
#11517 = VECTOR ( 'NONE', #6011, 1000.000000000000000 ) ;
#11518 = CYLINDRICAL_SURFACE ( 'NONE', #12013, 1.000000000000000888 ) ;
#11519 = FACE_OUTER_BOUND ( 'NONE', #1061, .T. ) ;
#11520 = AXIS2_PLACEMENT_3D ( 'NONE', #1422, #11146, #11278 ) ;
#11521 = ADVANCED_FACE ( 'NONE', ( #5199 ), #5277, .T. ) ;
#11522 = ADVANCED_FACE ( 'NONE', ( #3484 ), #10136, .F. ) ;
#11523 = CARTESIAN_POINT ( 'NONE',  ( 25.00000000000000000, 0.7437402936630139738, -0.03339203246192836566 ) ) ;
#11524 = DIRECTION ( 'NONE',  ( -1.000000000000000000, 0.000000000000000000, 0.000000000000000000 ) ) ;
#11525 = CARTESIAN_POINT ( 'NONE',  ( 25.00000000000000000, -3.659182332138577465E-16, 0.5000000000000000000 ) ) ;
#11526 = EDGE_LOOP ( 'NONE', ( #9329, #9043, #7808, #2235 ) ) ;
#11527 = EDGE_LOOP ( 'NONE', ( #4862, #4471, #9755, #9710 ) ) ;
#11528 = CARTESIAN_POINT ( 'NONE',  ( 9.508445350133229113, 6.527550846378181504, -10.00000000000000000 ) ) ;
#11529 = DIRECTION ( 'NONE',  ( 1.000000000000000000, 0.000000000000000000, 0.000000000000000000 ) ) ;
#11530 = MECHANICAL_DESIGN_GEOMETRIC_PRESENTATION_REPRESENTATION (  '', ( #1666 ), #2723 ) ;
#11531 = CARTESIAN_POINT ( 'NONE',  ( 22.95000000000000284, -5.000000000000000000, -15.62999999999999723 ) ) ;
#11532 = CARTESIAN_POINT ( 'NONE',  ( 3.404608049195914532, 13.99999999999998757, -12.00000000000000000 ) ) ;
#11533 =( GEOMETRIC_REPRESENTATION_CONTEXT ( 3 ) GLOBAL_UNCERTAINTY_ASSIGNED_CONTEXT ( ( #4078 ) ) GLOBAL_UNIT_ASSIGNED_CONTEXT ( ( #547, #7608, #6519 ) ) REPRESENTATION_CONTEXT ( 'NONE', 'WORKASPACE' ) );
#11534 = CARTESIAN_POINT ( 'NONE',  ( 20.67576706438588019, 2.730887774041955929, -10.00000000000000000 ) ) ;
#11535 = ADVANCED_FACE ( 'NONE', ( #2486 ), #2360, .T. ) ;
#11536 = PRESENTATION_STYLE_ASSIGNMENT (( #4493 ) ) ;
#11537 = CARTESIAN_POINT ( 'NONE',  ( 11.31781992623545818, 14.70498544938100416, 2.168404344971008621E-16 ) ) ;
#11538 = DIRECTION ( 'NONE',  ( -1.000000000000000000, -1.013273058397667935E-16, -0.000000000000000000 ) ) ;
#11539 = LINE ( 'NONE', #6499, #12143 ) ;
#11540 = ORIENTED_EDGE ( 'NONE', *, *, #12190, .F. ) ;
#11541 = LINE ( 'NONE', #1686, #3282 ) ;
#11542 = STYLED_ITEM ( 'NONE', ( #4711 ), #3619 ) ;
#11543 = PLANE ( 'NONE',  #2097 ) ;
#11544 = ORIENTED_EDGE ( 'NONE', *, *, #1709, .F. ) ;
#11545 = CARTESIAN_POINT ( 'NONE',  ( 12.94999999999999929, 0.000000000000000000, -16.02999999999999758 ) ) ;
#11546 =( NAMED_UNIT ( * ) SI_UNIT ( $, .STERADIAN. ) SOLID_ANGLE_UNIT ( ) );
#11547 = ORIENTED_EDGE ( 'NONE', *, *, #1234, .F. ) ;
#11548 = LINE ( 'NONE', #2753, #669 ) ;
#11549 = VECTOR ( 'NONE', #4081, 1000.000000000000000 ) ;
#11550 = ORIENTED_EDGE ( 'NONE', *, *, #9471, .F. ) ;
#11551 = ORIENTED_EDGE ( 'NONE', *, *, #6020, .T. ) ;
#11552 =( NAMED_UNIT ( * ) SI_UNIT ( $, .STERADIAN. ) SOLID_ANGLE_UNIT ( ) );
#11553 = EDGE_CURVE ( 'NONE', #3478, #9445, #3211, .T. ) ;
#11554 = EDGE_CURVE ( 'NONE', #3552, #2421, #12132, .T. ) ;
#11555 = DIRECTION ( 'NONE',  ( -0.000000000000000000, 1.000000000000000000, -0.000000000000000000 ) ) ;
#11556 = VECTOR ( 'NONE', #11755, 1000.000000000000000 ) ;
#11557 = SURFACE_STYLE_USAGE ( .BOTH. , #6691 ) ;
#11558 =( LENGTH_UNIT ( ) NAMED_UNIT ( * ) SI_UNIT ( .MILLI., .METRE. ) );
#11559 = PRESENTATION_LAYER_ASSIGNMENT (  '', '', ( #8497 ) ) ;
#11560 = DIRECTION ( 'NONE',  ( 2.026546116795335870E-16, -1.000000000000000000, 0.000000000000000000 ) ) ;
#11561 =( LENGTH_UNIT ( ) NAMED_UNIT ( * ) SI_UNIT ( .MILLI., .METRE. ) );
#11562 = ORIENTED_EDGE ( 'NONE', *, *, #11292, .T. ) ;
#11563 = CARTESIAN_POINT ( 'NONE',  ( 29.83000000000000185, 14.56261116223714147, -0.04450167309616086947 ) ) ;
#11564 = FILL_AREA_STYLE_COLOUR ( '', #5363 ) ;
#11565 = CIRCLE ( 'NONE', #6036, 0.9999999999999997780 ) ;
#11566 = EDGE_LOOP ( 'NONE', ( #1544, #2377, #12300, #293 ) ) ;
#11567 = ORIENTED_EDGE ( 'NONE', *, *, #8821, .T. ) ;
#11568 = LINE ( 'NONE', #8577, #10992 ) ;
#11569 = CARTESIAN_POINT ( 'NONE',  ( 20.00000000000000000, 0.7437402936630139738, -21.62877342318509477 ) ) ;
#11570 = ADVANCED_FACE ( 'NONE', ( #2234 ), #7266, .T. ) ;
#11571 = CARTESIAN_POINT ( 'NONE',  ( 26.12085837563301283, 14.98520393037187581, -0.1652703644666149441 ) ) ;
#11572 = STYLED_ITEM ( 'NONE', ( #6486 ), #1028 ) ;
#11573 = VECTOR ( 'NONE', #1694, 1000.000000000000000 ) ;
#11574 = AXIS2_PLACEMENT_3D ( 'NONE', #5780, #7715, #11489 ) ;
#11575 = VECTOR ( 'NONE', #4268, 1000.000000000000000 ) ;
#11576 = LINE ( 'NONE', #9600, #2362 ) ;
#11577 = ORIENTED_EDGE ( 'NONE', *, *, #9973, .T. ) ;
#11578 = DIRECTION ( 'NONE',  ( 5.749368466564568157E-17, 0.8829475928589225475, -0.4694715627858989104 ) ) ;
#11579 = STYLED_ITEM ( 'NONE', ( #2204 ), #1405 ) ;
#11580 = DIRECTION ( 'NONE',  ( 1.000000000000000000, 0.000000000000000000, 0.000000000000000000 ) ) ;
#11581 = FACE_OUTER_BOUND ( 'NONE', #936, .T. ) ;
#11582 = VERTEX_POINT ( 'NONE', #8098 ) ;
#11583 = VERTEX_POINT ( 'NONE', #392 ) ;
#11584 = VECTOR ( 'NONE', #12532, 1000.000000000000114 ) ;
#11585 = DIRECTION ( 'NONE',  ( -1.000000000000000000, -1.013273058397667935E-16, -0.000000000000000000 ) ) ;
#11586 = AXIS2_PLACEMENT_3D ( 'NONE', #6298, #5143, #4241 ) ;
#11587 = VERTEX_POINT ( 'NONE', #6161 ) ;
#11588 = DIRECTION ( 'NONE',  ( -0.000000000000000000, -0.000000000000000000, 1.000000000000000000 ) ) ;
#11589 = DIRECTION ( 'NONE',  ( 0.000000000000000000, 0.8829475928589225475, 0.4694715627858989104 ) ) ;
#11590 = CIRCLE ( 'NONE', #882, 0.4000000000000001887 ) ;
#11591 =( NAMED_UNIT ( * ) PLANE_ANGLE_UNIT ( ) SI_UNIT ( $, .RADIAN. ) );
#11592 = VECTOR ( 'NONE', #9206, 1000.000000000000000 ) ;
#11593 = PLANE ( 'NONE',  #4661 ) ;
#11594 = CARTESIAN_POINT ( 'NONE',  ( 6.120858375633013715, 14.98520393037187581, -0.1652703644666149441 ) ) ;
#11595 = ORIENTED_EDGE ( 'NONE', *, *, #7110, .T. ) ;
#11596 =( GEOMETRIC_REPRESENTATION_CONTEXT ( 3 ) GLOBAL_UNCERTAINTY_ASSIGNED_CONTEXT ( ( #6777 ) ) GLOBAL_UNIT_ASSIGNED_CONTEXT ( ( #11863, #4154, #8085 ) ) REPRESENTATION_CONTEXT ( 'NONE', 'WORKASPACE' ) );
#11597 = ORIENTED_EDGE ( 'NONE', *, *, #1103, .T. ) ;
#11598 = CYLINDRICAL_SURFACE ( 'NONE', #10035, 0.4000000000000010214 ) ;
#11599 =( NAMED_UNIT ( * ) PLANE_ANGLE_UNIT ( ) SI_UNIT ( $, .RADIAN. ) );
#11600 = EDGE_CURVE ( 'NONE', #10998, #5307, #4361, .T. ) ;
#11601 = PLANE ( 'NONE',  #9167 ) ;
#11602 =( LENGTH_UNIT ( ) NAMED_UNIT ( * ) SI_UNIT ( .MILLI., .METRE. ) );
#11603 = EDGE_CURVE ( 'NONE', #10802, #1877, #11162, .T. ) ;
#11604 = VECTOR ( 'NONE', #3491, 1000.000000000000000 ) ;
#11605 = FILL_AREA_STYLE_COLOUR ( '', #9993 ) ;
#11606 = DIRECTION ( 'NONE',  ( 0.000000000000000000, 0.000000000000000000, 1.000000000000000000 ) ) ;
#11607 = VECTOR ( 'NONE', #3378, 1000.000000000000000 ) ;
#11608 = DIRECTION ( 'NONE',  ( -0.1736481776669308585, 0.000000000000000000, 0.9848077530122080203 ) ) ;
#11609 = DIRECTION ( 'NONE',  ( 0.000000000000000000, 1.000000000000000000, -0.000000000000000000 ) ) ;
#11610 = LINE ( 'NONE', #11482, #4827 ) ;
#11611 = VECTOR ( 'NONE', #8965, 1000.000000000000000 ) ;
#11612 = AXIS2_PLACEMENT_3D ( 'NONE', #8563, #7601, #7654 ) ;
#11613 = CARTESIAN_POINT ( 'NONE',  ( 19.06833203617090788, 7.356120034073296843, -10.00000000000000000 ) ) ;
#11614 = ORIENTED_EDGE ( 'NONE', *, *, #3166, .T. ) ;
#11615 = CARTESIAN_POINT ( 'NONE',  ( 15.83000000000000007, 10.99999999999997158, -1.000000000000000000 ) ) ;
#11616 = AXIS2_PLACEMENT_3D ( 'NONE', #257, #5959, #9809 ) ;
#11617 = AXIS2_PLACEMENT_3D ( 'NONE', #9425, #4536, #6588 ) ;
#11618 = EDGE_CURVE ( 'NONE', #11056, #3029, #10351, .T. ) ;
#11619 = CARTESIAN_POINT ( 'NONE',  ( 3.948558664095541015, 1.730887774041955929, -10.00000000000000000 ) ) ;
#11620 = SURFACE_STYLE_USAGE ( .BOTH. , #9944 ) ;
#11621 = DIRECTION ( 'NONE',  ( -1.000000000000000000, 0.000000000000000000, -0.000000000000000000 ) ) ;
#11622 = ORIENTED_EDGE ( 'NONE', *, *, #880, .F. ) ;
#11623 = DIRECTION ( 'NONE',  ( 1.000000000000000000, -0.000000000000000000, -0.000000000000000000 ) ) ;
#11624 = VECTOR ( 'NONE', #10372, 1000.000000000000000 ) ;
#11625 = ORIENTED_EDGE ( 'NONE', *, *, #10187, .F. ) ;
#11626 = DIRECTION ( 'NONE',  ( -0.000000000000000000, -0.000000000000000000, 1.000000000000000000 ) ) ;
#11627 = ORIENTED_EDGE ( 'NONE', *, *, #8858, .F. ) ;
#11628 = CARTESIAN_POINT ( 'NONE',  ( 12.06768843574306516, 9.242953882361238271, 0.000000000000000000 ) ) ;
#11629 = SURFACE_STYLE_FILL_AREA ( #977 ) ;
#11630 = ORIENTED_EDGE ( 'NONE', *, *, #1572, .F. ) ;
#11631 = LINE ( 'NONE', #1784, #4780 ) ;
#11632 = AXIS2_PLACEMENT_3D ( 'NONE', #6911, #110, #164 ) ;
#11633 = EDGE_CURVE ( 'NONE', #10889, #9311, #5447, .T. ) ;
#11634 = ORIENTED_EDGE ( 'NONE', *, *, #10055, .F. ) ;
#11635 = ADVANCED_FACE ( 'NONE', ( #261 ), #194, .T. ) ;
#11636 = DIRECTION ( 'NONE',  ( 0.000000000000000000, 0.000000000000000000, 1.000000000000000000 ) ) ;
#11637 = CYLINDRICAL_SURFACE ( 'NONE', #4948, 1.000000000000000888 ) ;
#11638 = VERTEX_POINT ( 'NONE', #12081 ) ;
#11639 = ORIENTED_EDGE ( 'NONE', *, *, #5961, .F. ) ;
#11640 = CARTESIAN_POINT ( 'NONE',  ( 27.06768843574306516, 9.242953882361238271, 0.000000000000000000 ) ) ;
#11641 = CARTESIAN_POINT ( 'NONE',  ( 8.568332036170904331, 9.742953882361238271, 0.000000000000000000 ) ) ;
#11642 = CARTESIAN_POINT ( 'NONE',  ( 4.830000000000001847, 11.77659106982886783, -2.498455167896218576 ) ) ;
#11643 = FACE_OUTER_BOUND ( 'NONE', #6361, .T. ) ;
#11644 = UNCERTAINTY_MEASURE_WITH_UNIT (LENGTH_MEASURE( 1.000000000000000082E-05 ), #2207, 'distance_accuracy_value', 'NONE');
#11645 = ADVANCED_FACE ( 'NONE', ( #8356 ), #3273, .F. ) ;
#11646 = VERTEX_POINT ( 'NONE', #12557 ) ;
#11647 = FACE_OUTER_BOUND ( 'NONE', #12299, .T. ) ;
#11648 = PLANE ( 'NONE',  #7859 ) ;
#11649 = ORIENTED_EDGE ( 'NONE', *, *, #366, .F. ) ;
#11650 = FILL_AREA_STYLE_COLOUR ( '', #680 ) ;
#11651 = CARTESIAN_POINT ( 'NONE',  ( -1.595391950804084580, 14.70498544938099883, -0.2499999999999999445 ) ) ;
#11652 = ORIENTED_EDGE ( 'NONE', *, *, #2728, .T. ) ;
#11653 = DIRECTION ( 'NONE',  ( -1.000000000000000000, -1.070256409758549784E-16, 0.000000000000000000 ) ) ;
#11654 = CARTESIAN_POINT ( 'NONE',  ( 1.030000000000001581, -6.400417228326760234E-15, -0.6805538183541330888 ) ) ;
#11655 = DIRECTION ( 'NONE',  ( 0.000000000000000000, -1.000000000000000000, 0.000000000000000000 ) ) ;
#11656 = CARTESIAN_POINT ( 'NONE',  ( 17.94999999999999929, -4.599999999999999645, -15.22999999999999687 ) ) ;
#11657 = DIRECTION ( 'NONE',  ( 1.000000000000000000, 2.922285384827992868E-16, 0.000000000000000000 ) ) ;
#11658 =( GEOMETRIC_REPRESENTATION_CONTEXT ( 3 ) GLOBAL_UNCERTAINTY_ASSIGNED_CONTEXT ( ( #8321 ) ) GLOBAL_UNIT_ASSIGNED_CONTEXT ( ( #6266, #9227, #10051 ) ) REPRESENTATION_CONTEXT ( 'NONE', 'WORKASPACE' ) );
#11659 = VERTEX_POINT ( 'NONE', #5569 ) ;
#11660 = ORIENTED_EDGE ( 'NONE', *, *, #11553, .F. ) ;
#11661 =( NAMED_UNIT ( * ) SI_UNIT ( $, .STERADIAN. ) SOLID_ANGLE_UNIT ( ) );
#11662 = LINE ( 'NONE', #2862, #10910 ) ;
#11663 = DIRECTION ( 'NONE',  ( 0.000000000000000000, -1.000000000000000000, 0.000000000000000000 ) ) ;
#11664 = FACE_OUTER_BOUND ( 'NONE', #4247, .T. ) ;
#11665 = VECTOR ( 'NONE', #446, 1000.000000000000000 ) ;
#11666 = DIRECTION ( 'NONE',  ( 0.000000000000000000, 0.000000000000000000, 1.000000000000000000 ) ) ;
#11667 = FACE_OUTER_BOUND ( 'NONE', #6242, .T. ) ;
#11668 = DIRECTION ( 'NONE',  ( 1.000000000000000000, 0.000000000000000000, 0.000000000000000000 ) ) ;
#11669 = CIRCLE ( 'NONE', #1392, 1.000000000000000888 ) ;
#11670 = EDGE_CURVE ( 'NONE', #1471, #12219, #8474, .T. ) ;
#11671 = CARTESIAN_POINT ( 'NONE',  ( 9.830000000000001847, 11.77659106982886783, -2.498455167896218576 ) ) ;
#11672 = CARTESIAN_POINT ( 'NONE',  ( 1.675767064385880412, 1.730887774041955929, -10.00000000000000000 ) ) ;
#11673 = ADVANCED_FACE ( 'NONE', ( #4488 ), #11358, .F. ) ;
#11674 = CARTESIAN_POINT ( 'NONE',  ( 14.94855866409554856, 2.730887774041963034, -10.00000000000000000 ) ) ;
#11675 = VERTEX_POINT ( 'NONE', #2740 ) ;
#11676 = CARTESIAN_POINT ( 'NONE',  ( 16.02999999999999758, 14.99999999999999822, -10.99999999999999289 ) ) ;
#11677 =( NAMED_UNIT ( * ) PLANE_ANGLE_UNIT ( ) SI_UNIT ( $, .RADIAN. ) );
#11678 = FILL_AREA_STYLE_COLOUR ( '', #3956 ) ;
#11679 = CIRCLE ( 'NONE', #8827, 0.9999999999999997780 ) ;
#11680 =( NAMED_UNIT ( * ) PLANE_ANGLE_UNIT ( ) SI_UNIT ( $, .RADIAN. ) );
#11681 = ORIENTED_EDGE ( 'NONE', *, *, #2755, .F. ) ;
#11682 = DIRECTION ( 'NONE',  ( 1.000000000000000000, 0.000000000000000000, 0.000000000000000000 ) ) ;
#11683 = EDGE_LOOP ( 'NONE', ( #5655, #6419, #947, #8483 ) ) ;
#11684 = LINE ( 'NONE', #4815, #11412 ) ;
#11685 = PLANE ( 'NONE',  #890 ) ;
#11686 = FACE_BOUND ( 'NONE', #5291, .T. ) ;
#11687 = EDGE_CURVE ( 'NONE', #5549, #8392, #6426, .T. ) ;
#11688 = FILL_AREA_STYLE_COLOUR ( '', #7596 ) ;
#11689 = ORIENTED_EDGE ( 'NONE', *, *, #6231, .T. ) ;
#11690 = FACE_OUTER_BOUND ( 'NONE', #5149, .T. ) ;
#11691 = UNCERTAINTY_MEASURE_WITH_UNIT (LENGTH_MEASURE( 1.000000000000000082E-05 ), #2687, 'distance_accuracy_value', 'NONE');
#11692 = CARTESIAN_POINT ( 'NONE',  ( 26.31781992623545818, 14.75000000000000000, 2.168404344971008621E-16 ) ) ;
#11693 = FILL_AREA_STYLE ('',( #11564 ) ) ;
#11694 = ORIENTED_EDGE ( 'NONE', *, *, #105, .F. ) ;
#11695 = DIRECTION ( 'NONE',  ( 1.000000000000000000, 1.734723475976805517E-15, 0.000000000000000000 ) ) ;
#11696 = ADVANCED_FACE ( 'NONE', ( #3597 ), #9554, .T. ) ;
#11697 = VERTEX_POINT ( 'NONE', #6019 ) ;
#11698 = DIRECTION ( 'NONE',  ( 1.000000000000000000, 0.000000000000000000, 0.000000000000000000 ) ) ;
#11699 = DIRECTION ( 'NONE',  ( 0.000000000000000000, 0.000000000000000000, 1.000000000000000000 ) ) ;
#11700 = CARTESIAN_POINT ( 'NONE',  ( 32.00000000000000000, 15.00000000000000000, -15.50000000000000178 ) ) ;
#11701 = EDGE_CURVE ( 'NONE', #2153, #3043, #9350, .T. ) ;
#11702 = EDGE_CURVE ( 'NONE', #8720, #6142, #12764, .T. ) ;
#11703 = EDGE_CURVE ( 'NONE', #11952, #4811, #8725, .T. ) ;
#11704 =( LENGTH_UNIT ( ) NAMED_UNIT ( * ) SI_UNIT ( .MILLI., .METRE. ) );
#11705 = CARTESIAN_POINT ( 'NONE',  ( 8.948558664095541459, 1.730887774041955929, -10.00000000000000000 ) ) ;
#11706 = ORIENTED_EDGE ( 'NONE', *, *, #7389, .T. ) ;
#11707 =( NAMED_UNIT ( * ) SI_UNIT ( $, .STERADIAN. ) SOLID_ANGLE_UNIT ( ) );
#11708 = VECTOR ( 'NONE', #5801, 1000.000000000000000 ) ;
#11709 = VECTOR ( 'NONE', #1743, 1000.000000000000000 ) ;
#11710 = CARTESIAN_POINT ( 'NONE',  ( 9.583189038539869031, 14.79584954382815809, -1.338841452253828079E-15 ) ) ;
#11711 = COLOUR_RGB ( '',0.7921568627450980005, 0.8196078431372548767, 0.9333333333333333481 ) ;
#11712 = LINE ( 'NONE', #1151, #7324 ) ;
#11713 = ORIENTED_EDGE ( 'NONE', *, *, #7962, .F. ) ;
#11714 = ORIENTED_EDGE ( 'NONE', *, *, #4436, .F. ) ;
#11715 = DIRECTION ( 'NONE',  ( 1.000000000000000000, 1.204038460978368338E-16, -0.000000000000000000 ) ) ;
#11716 = EDGE_CURVE ( 'NONE', #8780, #5046, #6926, .T. ) ;
#11717 = EDGE_CURVE ( 'NONE', #11198, #6293, #3958, .T. ) ;
#11718 = ADVANCED_FACE ( 'NONE', ( #11664 ), #7827, .F. ) ;
#11719 = CARTESIAN_POINT ( 'NONE',  ( 15.83000000000000007, 11.77659106982886783, -12.00000000000000000 ) ) ;
#11720 = PRESENTATION_LAYER_ASSIGNMENT (  '', '', ( #10283 ) ) ;
#11721 = CIRCLE ( 'NONE', #11114, 0.1873162273354038454 ) ;
#11722 = CARTESIAN_POINT ( 'NONE',  ( 1.029999999999999583, 13.99999999999998934, -12.00000000000000000 ) ) ;
#11723 = CARTESIAN_POINT ( 'NONE',  ( 3.568332036170903887, 9.742953882361238271, -10.00000000000000000 ) ) ;
#11724 = ORIENTED_EDGE ( 'NONE', *, *, #4283, .T. ) ;
#11725 = ORIENTED_EDGE ( 'NONE', *, *, #2008, .T. ) ;
#11726 = CARTESIAN_POINT ( 'NONE',  ( 6.567688435743064268, 0.000000000000000000, 0.000000000000000000 ) ) ;
#11727 = LINE ( 'NONE', #8724, #2579 ) ;
#11728 = PLANE ( 'NONE',  #12619 ) ;
#11729 = CYLINDRICAL_SURFACE ( 'NONE', #2396, 0.9999999999999991118 ) ;
#11730 = VECTOR ( 'NONE', #8633, 1000.000000000000000 ) ;
#11731 = EDGE_CURVE ( 'NONE', #5736, #4144, #12696, .T. ) ;
#11732 = CARTESIAN_POINT ( 'NONE',  ( 7.950000000000000178, -5.000000000000000000, -7.029999999999999361 ) ) ;
#11733 =( GEOMETRIC_REPRESENTATION_CONTEXT ( 3 ) GLOBAL_UNCERTAINTY_ASSIGNED_CONTEXT ( ( #5261 ) ) GLOBAL_UNIT_ASSIGNED_CONTEXT ( ( #2064, #2133, #10168 ) ) REPRESENTATION_CONTEXT ( 'NONE', 'WORKASPACE' ) );
#11734 = CARTESIAN_POINT ( 'NONE',  ( 15.83000000000000007, 15.00000000000000000, -4.000000000000027534 ) ) ;
#11735 = CARTESIAN_POINT ( 'NONE',  ( 24.06833203617090788, 7.356120034073296843, 0.000000000000000000 ) ) ;
#11736 = AXIS2_PLACEMENT_3D ( 'NONE', #12002, #2169, #9001 ) ;
#11737 = FACE_OUTER_BOUND ( 'NONE', #11418, .T. ) ;
#11738 = ORIENTED_EDGE ( 'NONE', *, *, #5642, .F. ) ;
#11739 = CIRCLE ( 'NONE', #3559, 1.000000000000000888 ) ;
#11740 = LINE ( 'NONE', #4745, #3068 ) ;
#11741 = FACE_OUTER_BOUND ( 'NONE', #1374, .T. ) ;
#11742 = VERTEX_POINT ( 'NONE', #8023 ) ;
#11743 = CARTESIAN_POINT ( 'NONE',  ( 14.83000000000000362, 12.77659106982886783, -2.498455167896214579 ) ) ;
#11744 = DIRECTION ( 'NONE',  ( -1.000000000000000000, 0.000000000000000000, -0.000000000000000000 ) ) ;
#11745 = EDGE_LOOP ( 'NONE', ( #267, #4122, #3024, #5864, #3156, #11457, #1561, #2276 ) ) ;
#11746 = DIRECTION ( 'NONE',  ( 0.000000000000000000, 1.000000000000000000, 0.000000000000000000 ) ) ;
#11747 = ORIENTED_EDGE ( 'NONE', *, *, #5587, .F. ) ;
#11748 = PRESENTATION_STYLE_ASSIGNMENT (( #7845 ) ) ;
#11749 = UNCERTAINTY_MEASURE_WITH_UNIT (LENGTH_MEASURE( 1.000000000000000082E-05 ), #3551, 'distance_accuracy_value', 'NONE');
#11750 = STYLED_ITEM ( 'NONE', ( #2171 ), #11059 ) ;
#11751 = CARTESIAN_POINT ( 'NONE',  ( 18.56833203617090788, 9.242953882361238271, -10.00000000000000000 ) ) ;
#11752 = VERTEX_POINT ( 'NONE', #5766 ) ;
#11753 =( NAMED_UNIT ( * ) PLANE_ANGLE_UNIT ( ) SI_UNIT ( $, .RADIAN. ) );
#11754 = CARTESIAN_POINT ( 'NONE',  ( 24.83000000000000185, 12.77659106982886783, -0.6805538183541350872 ) ) ;
#11755 = DIRECTION ( 'NONE',  ( -0.000000000000000000, 1.000000000000000000, -0.000000000000000000 ) ) ;
#11756 = VERTEX_POINT ( 'NONE', #2087 ) ;
#11757 = DIRECTION ( 'NONE',  ( -1.000000000000000000, -0.000000000000000000, -0.000000000000000000 ) ) ;
#11758 = ORIENTED_EDGE ( 'NONE', *, *, #10215, .T. ) ;
#11759 = CARTESIAN_POINT ( 'NONE',  ( 27.95000000000000284, -4.599999999999999645, -15.22999999999999687 ) ) ;
#11760 =( NAMED_UNIT ( * ) PLANE_ANGLE_UNIT ( ) SI_UNIT ( $, .RADIAN. ) );
#11761 = EDGE_LOOP ( 'NONE', ( #12684, #5265, #8820, #8191, #2275, #11849 ) ) ;
#11762 = EDGE_LOOP ( 'NONE', ( #9724, #4284, #1974, #1834, #523, #11402, #7275, #9356 ) ) ;
#11763 = SURFACE_SIDE_STYLE ('',( #10999 ) ) ;
#11764 = EDGE_CURVE ( 'NONE', #5345, #12244, #7890, .T. ) ;
#11765 = DIRECTION ( 'NONE',  ( -0.000000000000000000, -0.000000000000000000, 1.000000000000000000 ) ) ;
#11766 = EDGE_CURVE ( 'NONE', #215, #12745, #4795, .T. ) ;
#11767 = UNCERTAINTY_MEASURE_WITH_UNIT (LENGTH_MEASURE( 1.000000000000000082E-05 ), #6038, 'distance_accuracy_value', 'NONE');
#11768 = CIRCLE ( 'NONE', #5615, 1.000000000000000888 ) ;
#11769 = LINE ( 'NONE', #12594, #12235 ) ;
#11770 = VECTOR ( 'NONE', #10824, 1000.000000000000000 ) ;
#11771 = DIRECTION ( 'NONE',  ( 0.000000000000000000, -1.000000000000000000, -0.000000000000000000 ) ) ;
#11772 = ORIENTED_EDGE ( 'NONE', *, *, #6773, .T. ) ;
#11773 = ORIENTED_EDGE ( 'NONE', *, *, #2707, .F. ) ;
#11774 = CARTESIAN_POINT ( 'NONE',  ( 30.03000000000000114, 10.99999999999997158, -1.000000000000000000 ) ) ;
#11775 = SURFACE_STYLE_USAGE ( .BOTH. , #12491 ) ;
#11776 = EDGE_CURVE ( 'NONE', #9298, #789, #10757, .T. ) ;
#11777 = CARTESIAN_POINT ( 'NONE',  ( 26.31781992623545818, 14.70498544938100416, 2.168404344971008621E-16 ) ) ;
#11778 = CARTESIAN_POINT ( 'NONE',  ( 6.567688435743064268, 7.363962665405081154, -10.00000000000000000 ) ) ;
#11779 = ORIENTED_EDGE ( 'NONE', *, *, #10504, .F. ) ;
#11780 = FACE_OUTER_BOUND ( 'NONE', #8331, .T. ) ;
#11781 = DIRECTION ( 'NONE',  ( 1.000000000000000000, 2.026546116795335870E-16, -0.000000000000000000 ) ) ;
#11782 = CARTESIAN_POINT ( 'NONE',  ( 16.31781992623545818, 14.75000000000000000, 2.168404344971008621E-16 ) ) ;
#11783 = CARTESIAN_POINT ( 'NONE',  ( 3.039090901768393138, 0.000000000000000000, 0.5000000000000000000 ) ) ;
#11784 = B_SPLINE_CURVE_WITH_KNOTS ( 'NONE', 3,
 ( #5944, #1010, #9789, #8907 ),
 .UNSPECIFIED., .F., .F.,
 ( 4, 4 ),
 ( 1.927307669604909521E-17, 0.0001957360288148543494 ),
 .UNSPECIFIED. ) ;
#11785 = DIRECTION ( 'NONE',  ( -0.000000000000000000, -0.000000000000000000, 1.000000000000000000 ) ) ;
#11786 = EDGE_LOOP ( 'NONE', ( #1707, #10473, #9307, #3809 ) ) ;
#11787 = PRESENTATION_LAYER_ASSIGNMENT (  '', '', ( #8931 ) ) ;
#11788 = ORIENTED_EDGE ( 'NONE', *, *, #667, .F. ) ;
#11789 = EDGE_CURVE ( 'NONE', #7512, #924, #2019, .T. ) ;
#11790 = APPLICATION_PROTOCOL_DEFINITION ( 'draft international standard', 'automotive_design', 1998, #1872 ) ;
#11791 = EDGE_CURVE ( 'NONE', #12677, #1286, #49, .T. ) ;
#11792 = DIRECTION ( 'NONE',  ( 0.000000000000000000, -0.000000000000000000, -1.000000000000000000 ) ) ;
#11793 = VECTOR ( 'NONE', #6964, 1000.000000000000000 ) ;
#11794 = FILL_AREA_STYLE ('',( #7139 ) ) ;
#11795 = CARTESIAN_POINT ( 'NONE',  ( 28.03909090176839669, 0.000000000000000000, 0.5000000000000000000 ) ) ;
#11796 = VECTOR ( 'NONE', #481, 1000.000000000000114 ) ;
#11797 = DIRECTION ( 'NONE',  ( -1.000000000000000000, -1.013273058397667935E-16, -0.000000000000000000 ) ) ;
#11798 = FILL_AREA_STYLE ('',( #11868 ) ) ;
#11799 = PRESENTATION_LAYER_ASSIGNMENT (  '', '', ( #7540 ) ) ;
#11800 = CIRCLE ( 'NONE', #6273, 0.9999999999999991118 ) ;
#11801 = MECHANICAL_DESIGN_GEOMETRIC_PRESENTATION_REPRESENTATION (  '', ( #8323 ), #6882 ) ;
#11802 = CARTESIAN_POINT ( 'NONE',  ( 10.03000000000000114, 11.00000000000000000, -3.999999999999999112 ) ) ;
#11803 = ORIENTED_EDGE ( 'NONE', *, *, #4394, .T. ) ;
#11804 = LINE ( 'NONE', #11930, #11879 ) ;
#11805 = VECTOR ( 'NONE', #8157, 1000.000000000000000 ) ;
#11806 = DIRECTION ( 'NONE',  ( -0.09991521791465321489, 0.8178800156032710600, 0.5666473588625119406 ) ) ;
#11807 = FILL_AREA_STYLE ('',( #190 ) ) ;
#11808 = ORIENTED_EDGE ( 'NONE', *, *, #2846, .T. ) ;
#11809 = DIRECTION ( 'NONE',  ( -0.000000000000000000, 1.000000000000000000, -0.000000000000000000 ) ) ;
#11810 = CARTESIAN_POINT ( 'NONE',  ( 8.404608049195916308, 11.77659106982886428, -12.00000000000000000 ) ) ;
#11811 = ORIENTED_EDGE ( 'NONE', *, *, #1499, .F. ) ;
#11812 = ADVANCED_FACE ( 'NONE', ( #4867 ), #11728, .T. ) ;
#11813 = SURFACE_SIDE_STYLE ('',( #7648 ) ) ;
#11814 = DIRECTION ( 'NONE',  ( -1.000000000000000000, 0.000000000000000000, 0.000000000000000000 ) ) ;
#11815 = ORIENTED_EDGE ( 'NONE', *, *, #12189, .T. ) ;
#11816 = ADVANCED_FACE ( 'NONE', ( #894 ), #7967, .T. ) ;
#11817 = VECTOR ( 'NONE', #4617, 1000.000000000000000 ) ;
#11818 = ORIENTED_EDGE ( 'NONE', *, *, #8801, .T. ) ;
#11819 = DIRECTION ( 'NONE',  ( -0.000000000000000000, 1.000000000000000000, -0.000000000000000000 ) ) ;
#11820 = SURFACE_STYLE_USAGE ( .BOTH. , #5203 ) ;
#11821 = ORIENTED_EDGE ( 'NONE', *, *, #3009, .T. ) ;
#11822 = CARTESIAN_POINT ( 'NONE',  ( 16.56768843574306516, 7.363962665405081154, 0.000000000000000000 ) ) ;
#11823 = VECTOR ( 'NONE', #292, 1000.000000000000000 ) ;
#11824 = VECTOR ( 'NONE', #12321, 1000.000000000000000 ) ;
#11825 = SURFACE_SIDE_STYLE ('',( #11629 ) ) ;
#11826 = VECTOR ( 'NONE', #10072, 1000.000000000000114 ) ;
#11827 = PRESENTATION_LAYER_ASSIGNMENT (  '', '', ( #1326 ) ) ;
#11828 = ORIENTED_EDGE ( 'NONE', *, *, #8906, .T. ) ;
#11829 = DIRECTION ( 'NONE',  ( 0.000000000000000000, -0.000000000000000000, -1.000000000000000000 ) ) ;
#11830 = ORIENTED_EDGE ( 'NONE', *, *, #5365, .F. ) ;
#11831 = CARTESIAN_POINT ( 'NONE',  ( 17.94999999999999929, -5.000000000000000000, -15.81731622733540199 ) ) ;
#11832 = VERTEX_POINT ( 'NONE', #2418 ) ;
#11833 = DIRECTION ( 'NONE',  ( -2.026546116795335870E-16, 1.000000000000000000, -0.000000000000000000 ) ) ;
#11834 = VECTOR ( 'NONE', #4639, 1000.000000000000000 ) ;
#11835 = EDGE_LOOP ( 'NONE', ( #9659, #2997, #2240, #1346 ) ) ;
#11836 =( LENGTH_UNIT ( ) NAMED_UNIT ( * ) SI_UNIT ( .MILLI., .METRE. ) );
#11837 = CIRCLE ( 'NONE', #11010, 0.9999999999999991118 ) ;
#11838 = VERTEX_POINT ( 'NONE', #8211 ) ;
#11839 = CARTESIAN_POINT ( 'NONE',  ( 21.03000000000000114, 11.77659106982886605, -2.498455167896218576 ) ) ;
#11840 = AXIS2_PLACEMENT_3D ( 'NONE', #7339, #10143, #11241 ) ;
#11841 = EDGE_CURVE ( 'NONE', #461, #10182, #10060, .T. ) ;
#11842 = DIRECTION ( 'NONE',  ( 0.000000000000000000, 1.000000000000000000, 0.000000000000000000 ) ) ;
#11843 = EDGE_LOOP ( 'NONE', ( #11772, #10655, #6699, #2451 ) ) ;
#11844 = CARTESIAN_POINT ( 'NONE',  ( 9.948558664095546789, 5.698981658683065277, -10.00000000000000000 ) ) ;
#11845 = CARTESIAN_POINT ( 'NONE',  ( 17.94999999999999929, -4.599999999999999645, -7.029999999999999361 ) ) ;
#11846 = ORIENTED_EDGE ( 'NONE', *, *, #12085, .T. ) ;
#11847 = FACE_OUTER_BOUND ( 'NONE', #10679, .T. ) ;
#11848 =( GEOMETRIC_REPRESENTATION_CONTEXT ( 3 ) GLOBAL_UNCERTAINTY_ASSIGNED_CONTEXT ( ( #10656 ) ) GLOBAL_UNIT_ASSIGNED_CONTEXT ( ( #12109, #5361, #3456 ) ) REPRESENTATION_CONTEXT ( 'NONE', 'WORKASPACE' ) );
#11849 = ORIENTED_EDGE ( 'NONE', *, *, #12533, .T. ) ;
#11850 = PRESENTATION_LAYER_ASSIGNMENT (  '', '', ( #4679 ) ) ;
#11851 = LINE ( 'NONE', #7815, #4242 ) ;
#11852 = CARTESIAN_POINT ( 'NONE',  ( 6.029999999999999361, 13.99999999999998934, -12.00000000000000000 ) ) ;
#11853 =( LENGTH_UNIT ( ) NAMED_UNIT ( * ) SI_UNIT ( .MILLI., .METRE. ) );
#11854 = VERTEX_POINT ( 'NONE', #6152 ) ;
#11855 = UNCERTAINTY_MEASURE_WITH_UNIT (LENGTH_MEASURE( 1.000000000000000082E-05 ), #5185, 'distance_accuracy_value', 'NONE');
#11856 = DIRECTION ( 'NONE',  ( 0.000000000000000000, 0.000000000000000000, -1.000000000000000000 ) ) ;
#11857 = EDGE_CURVE ( 'NONE', #9445, #641, #10127, .T. ) ;
#11858 = FILL_AREA_STYLE ('',( #3953 ) ) ;
#11859 = VERTEX_POINT ( 'NONE', #6278 ) ;
#11860 = VERTEX_POINT ( 'NONE', #8278 ) ;
#11861 = DIRECTION ( 'NONE',  ( 1.000000000000000000, 0.000000000000000000, 0.000000000000000000 ) ) ;
#11862 = ADVANCED_FACE ( 'NONE', ( #4220 ), #9108, .T. ) ;
#11863 =( LENGTH_UNIT ( ) NAMED_UNIT ( * ) SI_UNIT ( .MILLI., .METRE. ) );
#11864 = SURFACE_STYLE_USAGE ( .BOTH. , #4032 ) ;
#11865 = ORIENTED_EDGE ( 'NONE', *, *, #1543, .F. ) ;
#11866 = VECTOR ( 'NONE', #10624, 1000.000000000000000 ) ;
#11867 = CARTESIAN_POINT ( 'NONE',  ( 10.00000000000000000, 0.000000000000000000, -10.00000000000000000 ) ) ;
#11868 = FILL_AREA_STYLE_COLOUR ( '', #84 ) ;
#11869 = CARTESIAN_POINT ( 'NONE',  ( 8.948558664095548565, 5.698981658683065277, 0.000000000000000000 ) ) ;
#11870 = EDGE_CURVE ( 'NONE', #11472, #7017, #3128, .T. ) ;
#11871 = CARTESIAN_POINT ( 'NONE',  ( 14.83000000000000362, 14.00000000000000000, -11.00000000000000178 ) ) ;
#11872 = EDGE_CURVE ( 'NONE', #5252, #4887, #6091, .T. ) ;
#11873 = CARTESIAN_POINT ( 'NONE',  ( 26.67576706438588019, 5.698981658683065277, -10.00000000000000000 ) ) ;
#11874 = CYLINDRICAL_SURFACE ( 'NONE', #5796, 1.000000000000000888 ) ;
#11875 = ORIENTED_EDGE ( 'NONE', *, *, #4113, .F. ) ;
#11876 = CARTESIAN_POINT ( 'NONE',  ( 29.83000000000000185, 11.77659106982886783, -2.498455167896218576 ) ) ;
#11877 = FILL_AREA_STYLE_COLOUR ( '', #8972 ) ;
#11878 =( NAMED_UNIT ( * ) PLANE_ANGLE_UNIT ( ) SI_UNIT ( $, .RADIAN. ) );
#11879 = VECTOR ( 'NONE', #10838, 1000.000000000000000 ) ;
#11880 = DIRECTION ( 'NONE',  ( -0.000000000000000000, -0.000000000000000000, 1.000000000000000000 ) ) ;
#11881 = STYLED_ITEM ( 'NONE', ( #4371 ), #9505 ) ;
#11882 = ORIENTED_EDGE ( 'NONE', *, *, #973, .T. ) ;
#11883 = FILL_AREA_STYLE_COLOUR ( '', #10387 ) ;
#11884 = ORIENTED_EDGE ( 'NONE', *, *, #3239, .F. ) ;
#11885 = SURFACE_STYLE_USAGE ( .BOTH. , #7159 ) ;
#11886 = EDGE_CURVE ( 'NONE', #5122, #7576, #7253, .T. ) ;
#11887 = DIRECTION ( 'NONE',  ( -0.000000000000000000, -0.000000000000000000, 1.000000000000000000 ) ) ;
#11888 = ORIENTED_EDGE ( 'NONE', *, *, #8195, .T. ) ;
#11889 = FACE_OUTER_BOUND ( 'NONE', #10670, .T. ) ;
#11890 = ORIENTED_EDGE ( 'NONE', *, *, #4902, .T. ) ;
#11891 = LINE ( 'NONE', #1905, #6881 ) ;
#11892 = AXIS2_PLACEMENT_3D ( 'NONE', #7758, #3057, #1406 ) ;
#11893 = ORIENTED_EDGE ( 'NONE', *, *, #9599, .T. ) ;
#11894 = VERTEX_POINT ( 'NONE', #5129 ) ;
#11895 = CARTESIAN_POINT ( 'NONE',  ( 27.95000000000000284, -5.000000000000000000, -15.81731622733540199 ) ) ;
#11896 = CARTESIAN_POINT ( 'NONE',  ( 20.83000000000000185, 11.77659106982886783, -12.00000000000000000 ) ) ;
#11897 = CARTESIAN_POINT ( 'NONE',  ( 24.83000000000000185, 15.00000000000000000, -0.6805538183541270936 ) ) ;
#11898 = CARTESIAN_POINT ( 'NONE',  ( 18.03909090176839314, 0.000000000000000000, 0.5000000000000000000 ) ) ;
#11899 = CARTESIAN_POINT ( 'NONE',  ( 23.56833203617090433, 9.742953882361238271, -10.00000000000000000 ) ) ;
#11900 = ORIENTED_EDGE ( 'NONE', *, *, #1332, .T. ) ;
#11901 = COLOUR_RGB ( '',0.8313725490196077761, 0.8392156862745098200, 0.8313725490196077761 ) ;
#11902 = CARTESIAN_POINT ( 'NONE',  ( 3.568332036170907440, 9.242953882361238271, -10.00000000000000000 ) ) ;
#11903 = ORIENTED_EDGE ( 'NONE', *, *, #6199, .T. ) ;
#11904 = DIRECTION ( 'NONE',  ( 1.000000000000000000, 0.000000000000000000, 0.000000000000000000 ) ) ;
#11905 = VECTOR ( 'NONE', #4690, 1000.000000000000000 ) ;
#11906 = ORIENTED_EDGE ( 'NONE', *, *, #4583, .F. ) ;
#11907 = SURFACE_STYLE_USAGE ( .BOTH. , #11070 ) ;
#11908 = DIRECTION ( 'NONE',  ( 2.026546116795335870E-16, -1.000000000000000000, 0.000000000000000000 ) ) ;
#11909 = CARTESIAN_POINT ( 'NONE',  ( 13.56833203617090788, 9.242953882361238271, 0.000000000000000000 ) ) ;
#11910 = PRESENTATION_STYLE_ASSIGNMENT (( #8980 ) ) ;
#11911 = ORIENTED_EDGE ( 'NONE', *, *, #7659, .F. ) ;
#11912 = SURFACE_STYLE_FILL_AREA ( #9992 ) ;
#11913 = CARTESIAN_POINT ( 'NONE',  ( 6.105918254822883640, 14.99999999999999822, -0.2500000000000021094 ) ) ;
#11914 = CARTESIAN_POINT ( 'NONE',  ( 16.67576706438588019, 1.730887774041955929, -10.00000000000000000 ) ) ;
#11915 = ORIENTED_EDGE ( 'NONE', *, *, #973, .F. ) ;
#11916 = LINE ( 'NONE', #3117, #212 ) ;
#11917 = CARTESIAN_POINT ( 'NONE',  ( 26.03000000000000469, -6.400417228326760234E-15, -0.6805538183541330888 ) ) ;
#11918 = EDGE_LOOP ( 'NONE', ( #3274, #161, #9503, #2525 ) ) ;
#11919 = VERTEX_POINT ( 'NONE', #179 ) ;
#11920 = PRESENTATION_STYLE_ASSIGNMENT (( #3062 ) ) ;
#11921 = DIRECTION ( 'NONE',  ( 0.000000000000000000, 1.000000000000000000, 0.000000000000000000 ) ) ;
#11922 = EDGE_CURVE ( 'NONE', #9298, #7798, #11087, .T. ) ;
#11923 = DIRECTION ( 'NONE',  ( 1.000000000000000000, 0.000000000000000000, 0.000000000000000000 ) ) ;
#11924 = VECTOR ( 'NONE', #7643, 1000.000000000000000 ) ;
#11925 = EDGE_CURVE ( 'NONE', #5526, #10643, #5859, .T. ) ;
#11926 = CARTESIAN_POINT ( 'NONE',  ( 17.94999999999999929, -5.000000000000000000, -7.429999999999998828 ) ) ;
#11927 = STYLED_ITEM ( 'NONE', ( #10014 ), #10448 ) ;
#11928 = DIRECTION ( 'NONE',  ( 1.000000000000000000, 2.026546116795335870E-16, -0.000000000000000000 ) ) ;
#11929 = UNCERTAINTY_MEASURE_WITH_UNIT (LENGTH_MEASURE( 1.000000000000000082E-05 ), #10046, 'distance_accuracy_value', 'NONE');
#11930 = CARTESIAN_POINT ( 'NONE',  ( 29.83000000000000185, 12.77659106982886783, -0.6805538183541350872 ) ) ;
#11931 = ORIENTED_EDGE ( 'NONE', *, *, #5107, .F. ) ;
#11932 = DIRECTION ( 'NONE',  ( -0.000000000000000000, -0.000000000000000000, 1.000000000000000000 ) ) ;
#11933 = DIRECTION ( 'NONE',  ( 1.000000000000000000, 2.026546116795335870E-16, 0.000000000000000000 ) ) ;
#11934 =( GEOMETRIC_REPRESENTATION_CONTEXT ( 3 ) GLOBAL_UNCERTAINTY_ASSIGNED_CONTEXT ( ( #6140 ) ) GLOBAL_UNIT_ASSIGNED_CONTEXT ( ( #2284, #4407, #12073 ) ) REPRESENTATION_CONTEXT ( 'NONE', 'WORKASPACE' ) );
#11935 = DIRECTION ( 'NONE',  ( -1.000000000000000000, 0.000000000000000000, -0.000000000000000000 ) ) ;
#11936 = CARTESIAN_POINT ( 'NONE',  ( 5.830000000000000071, 10.99999999999997158, 0.000000000000000000 ) ) ;
#11937 = PLANE ( 'NONE',  #8553 ) ;
#11938 = VECTOR ( 'NONE', #11161, 1000.000000000000000 ) ;
#11939 = EDGE_LOOP ( 'NONE', ( #4472, #9571, #3606, #3376 ) ) ;
#11940 = EDGE_CURVE ( 'NONE', #11859, #2667, #5617, .T. ) ;
#11941 = CARTESIAN_POINT ( 'NONE',  ( 4.624388637144597247, 14.84182919310037718, -0.01225122353436509069 ) ) ;
#11942 = VECTOR ( 'NONE', #11504, 1000.000000000000000 ) ;
#11943 = PRESENTATION_LAYER_ASSIGNMENT (  '', '', ( #7035 ) ) ;
#11944 = ORIENTED_EDGE ( 'NONE', *, *, #7771, .F. ) ;
#11945 = FACE_OUTER_BOUND ( 'NONE', #3363, .T. ) ;
#11946 = EDGE_LOOP ( 'NONE', ( #7959, #7052, #7056, #5169 ) ) ;
#11947 = CARTESIAN_POINT ( 'NONE',  ( 16.02999999999999758, 14.99999999999999822, -0.6805538183541244290 ) ) ;
#11948 = CARTESIAN_POINT ( 'NONE',  ( 22.95000000000000284, -5.000000000000000000, -7.429999999999998828 ) ) ;
#11949 = ORIENTED_EDGE ( 'NONE', *, *, #9688, .F. ) ;
#11950 = B_SPLINE_CURVE_WITH_KNOTS ( 'NONE', 3,
 ( #11481, #3667, #2440, #6434 ),
 .UNSPECIFIED., .F., .F.,
 ( 4, 4 ),
 ( -3.162297181308114619E-06, 0.0001944400282724708328 ),
 .UNSPECIFIED. ) ;
#11951 = PRESENTATION_STYLE_ASSIGNMENT (( #10150 ) ) ;
#11952 = VERTEX_POINT ( 'NONE', #9478 ) ;
#11953 = CYLINDRICAL_SURFACE ( 'NONE', #1101, 1.000000000000000888 ) ;
#11954 = CARTESIAN_POINT ( 'NONE',  ( 4.830000000000001847, 13.99999999999999112, -12.00000000000000000 ) ) ;
#11955 = VERTEX_POINT ( 'NONE', #7432 ) ;
#11956 = FILL_AREA_STYLE_COLOUR ( '', #8288 ) ;
#11957 = ADVANCED_FACE ( 'NONE', ( #2670 ), #10306, .T. ) ;
#11958 = ORIENTED_EDGE ( 'NONE', *, *, #5069, .F. ) ;
#11959 = CARTESIAN_POINT ( 'NONE',  ( -11.59539195080408547, 13.99999999999998757, -12.00000000000000000 ) ) ;
#11960 = ADVANCED_FACE ( 'NONE', ( #1606 ), #7497, .F. ) ;
#11961 = AXIS2_PLACEMENT_3D ( 'NONE', #8892, #9031, #25 ) ;
#11962 = AXIS2_PLACEMENT_3D ( 'NONE', #9638, #10600, #9822 ) ;
#11963 = CARTESIAN_POINT ( 'NONE',  ( 8.948558664095548565, 2.730887774041955929, 0.000000000000000000 ) ) ;
#11964 = EDGE_LOOP ( 'NONE', ( #1574, #6315, #9707, #10020, #6503 ) ) ;
#11965 = CARTESIAN_POINT ( 'NONE',  ( 2.950000000000000178, -5.000000000000000000, -15.44268377266459424 ) ) ;
#11966 = FILL_AREA_STYLE_COLOUR ( '', #12751 ) ;
#11967 = ORIENTED_EDGE ( 'NONE', *, *, #6398, .F. ) ;
#11968 = SURFACE_SIDE_STYLE ('',( #10812 ) ) ;
#11969 = VERTEX_POINT ( 'NONE', #1550 ) ;
#11970 = CYLINDRICAL_SURFACE ( 'NONE', #5239, 1.000000000000000000 ) ;
#11971 = DIRECTION ( 'NONE',  ( 0.000000000000000000, -0.000000000000000000, -1.000000000000000000 ) ) ;
#11972 = ORIENTED_EDGE ( 'NONE', *, *, #4272, .T. ) ;
#11973 = FILL_AREA_STYLE_COLOUR ( '', #9904 ) ;
#11974 = EDGE_CURVE ( 'NONE', #7017, #8506, #5503, .T. ) ;
#11975 = DIRECTION ( 'NONE',  ( 0.000000000000000000, -1.000000000000000000, 0.000000000000000000 ) ) ;
#11976 = CARTESIAN_POINT ( 'NONE',  ( 6.675767064385880190, 5.698981658683065277, -10.00000000000000000 ) ) ;
#11977 = ORIENTED_EDGE ( 'NONE', *, *, #9787, .T. ) ;
#11978 = DIRECTION ( 'NONE',  ( 0.000000000000000000, -0.000000000000000000, -1.000000000000000000 ) ) ;
#11979 = ORIENTED_EDGE ( 'NONE', *, *, #12468, .F. ) ;
#11980 = CYLINDRICAL_SURFACE ( 'NONE', #8583, 0.2500000000000002220 ) ;
#11981 = DIRECTION ( 'NONE',  ( -1.000000000000000000, -1.013273058397667935E-16, 0.000000000000000000 ) ) ;
#11982 = DIRECTION ( 'NONE',  ( 0.000000000000000000, -1.000000000000000000, -0.000000000000000000 ) ) ;
#11983 = ORIENTED_EDGE ( 'NONE', *, *, #6716, .T. ) ;
#11984 = FILL_AREA_STYLE ('',( #8079 ) ) ;
#11985 = ORIENTED_EDGE ( 'NONE', *, *, #1796, .T. ) ;
#11986 = ORIENTED_EDGE ( 'NONE', *, *, #6899, .F. ) ;
#11987 = SURFACE_STYLE_FILL_AREA ( #4030 ) ;
#11988 = VECTOR ( 'NONE', #7138, 1000.000000000000000 ) ;
#11989 = CARTESIAN_POINT ( 'NONE',  ( 9.739141624366984828, 14.38829763613029478, -0.1652703644666174421 ) ) ;
#11990 = PLANE ( 'NONE',  #6507 ) ;
#11991 = ORIENTED_EDGE ( 'NONE', *, *, #6234, .T. ) ;
#11992 = PRESENTATION_LAYER_ASSIGNMENT (  '', '', ( #9941 ) ) ;
#11993 = B_SPLINE_CURVE_WITH_KNOTS ( 'NONE', 3,
 ( #12077, #3138, #67, #131 ),
 .UNSPECIFIED., .F., .F.,
 ( 4, 4 ),
 ( 1.932301433025930854E-17, 0.0001957360288148543494 ),
 .UNSPECIFIED. ) ;
#11994 = DIRECTION ( 'NONE',  ( 1.000000000000000000, 0.000000000000000000, 0.000000000000000000 ) ) ;
#11995 = CARTESIAN_POINT ( 'NONE',  ( 7.950000000000000178, -4.599999999999999645, -16.02999999999999758 ) ) ;
#11996 =( NAMED_UNIT ( * ) PLANE_ANGLE_UNIT ( ) SI_UNIT ( $, .RADIAN. ) );
#11997 = VECTOR ( 'NONE', #4026, 1000.000000000000000 ) ;
#11998 = SURFACE_STYLE_FILL_AREA ( #9116 ) ;
#11999 = COLOUR_RGB ( '',1.000000000000000000, 0.5019607843137254832, 0.5019607843137254832 ) ;
#12000 = STYLED_ITEM ( 'NONE', ( #3020 ), #6756 ) ;
#12001 = ORIENTED_EDGE ( 'NONE', *, *, #4550, .F. ) ;
#12002 = CARTESIAN_POINT ( 'NONE',  ( 25.00000000000000000, 0.000000000000000000, -21.62877342318509477 ) ) ;
#12003 = CYLINDRICAL_SURFACE ( 'NONE', #4202, 4.000000000000000000 ) ;
#12004 = VECTOR ( 'NONE', #1771, 1000.000000000000000 ) ;
#12005 = EDGE_CURVE ( 'NONE', #1800, #3233, #3714, .T. ) ;
#12006 = DIRECTION ( 'NONE',  ( 1.000000000000000000, 0.000000000000000000, 0.000000000000000000 ) ) ;
#12007 = EDGE_CURVE ( 'NONE', #3552, #1017, #9492, .T. ) ;
#12008 = CYLINDRICAL_SURFACE ( 'NONE', #11616, 1.000000000000000000 ) ;
#12009 = DIRECTION ( 'NONE',  ( -0.09991521791465321489, 0.8178800156032710600, 0.5666473588625119406 ) ) ;
#12010 = ORIENTED_EDGE ( 'NONE', *, *, #8713, .F. ) ;
#12011 = AXIS2_PLACEMENT_3D ( 'NONE', #2837, #87, #1056 ) ;
#12012 = DIRECTION ( 'NONE',  ( -1.000000000000000000, -2.026546116795335870E-16, 0.000000000000000000 ) ) ;
#12013 = AXIS2_PLACEMENT_3D ( 'NONE', #8778, #4781, #7752 ) ;
#12014 = AXIS2_PLACEMENT_3D ( 'NONE', #8548, #3780, #8672 ) ;
#12015 = CARTESIAN_POINT ( 'NONE',  ( 29.73914162436699016, 9.999999999999998224, -0.1652703644666174421 ) ) ;
#12016 = CARTESIAN_POINT ( 'NONE',  ( 1.120858375633013937, 14.98520393037187581, -0.1652703644666149441 ) ) ;
#12017 = STYLED_ITEM ( 'NONE', ( #331 ), #11645 ) ;
#12018 = LINE ( 'NONE', #4109, #6923 ) ;
#12019 = AXIS2_PLACEMENT_3D ( 'NONE', #10595, #1978, #7604 ) ;
#12020 = ORIENTED_EDGE ( 'NONE', *, *, #3858, .T. ) ;
#12021 = CARTESIAN_POINT ( 'NONE',  ( 5.068332036170907884, 7.356120034073296843, 0.000000000000000000 ) ) ;
#12022 = CARTESIAN_POINT ( 'NONE',  ( 20.00000000000000000, -3.659182332138577465E-16, -1.000000000000007772 ) ) ;
#12023 = EDGE_CURVE ( 'NONE', #10480, #8019, #11727, .T. ) ;
#12024 = STYLED_ITEM ( 'NONE', ( #7835 ), #130 ) ;
#12025 = AXIS2_PLACEMENT_3D ( 'NONE', #12592, #3810, #11698 ) ;
#12026 = ORIENTED_EDGE ( 'NONE', *, *, #10504, .T. ) ;
#12027 = EDGE_CURVE ( 'NONE', #846, #7368, #2863, .T. ) ;
#12028 = CARTESIAN_POINT ( 'NONE',  ( 11.03000000000000114, 9.999999999999998224, -0.6805538183541244290 ) ) ;
#12029 = EDGE_LOOP ( 'NONE', ( #8632, #1182, #8946, #1393 ) ) ;
#12030 = STYLED_ITEM ( 'NONE', ( #3468 ), #11957 ) ;
#12031 = CARTESIAN_POINT ( 'NONE',  ( 20.83000000000000185, 15.00000000000000000, -4.000000000000027534 ) ) ;
#12032 = CARTESIAN_POINT ( 'NONE',  ( 13.56833203617090433, 9.742953882361238271, 0.000000000000000000 ) ) ;
#12033 = ORIENTED_EDGE ( 'NONE', *, *, #458, .F. ) ;
#12034 = CIRCLE ( 'NONE', #8748, 0.9999999999999997780 ) ;
#12035 = DIRECTION ( 'NONE',  ( -0.000000000000000000, 0.000000000000000000, 1.000000000000000000 ) ) ;
#12036 = SURFACE_SIDE_STYLE ('',( #2191 ) ) ;
#12037 = VECTOR ( 'NONE', #3527, 1000.000000000000000 ) ;
#12038 = PRESENTATION_STYLE_ASSIGNMENT (( #10161 ) ) ;
#12039 = AXIS2_PLACEMENT_3D ( 'NONE', #4140, #5878, #8071 ) ;
#12040 = CARTESIAN_POINT ( 'NONE',  ( 16.02999999999999758, 12.20709392125342418, -1.676461860280853200 ) ) ;
#12041 = EDGE_CURVE ( 'NONE', #2414, #3827, #11446, .T. ) ;
#12042 = EDGE_CURVE ( 'NONE', #6293, #10948, #12556, .T. ) ;
#12043 = SURFACE_STYLE_FILL_AREA ( #7173 ) ;
#12044 = STYLED_ITEM ( 'NONE', ( #4449 ), #8605 ) ;
#12045 = CIRCLE ( 'NONE', #2602, 1.000000000000000888 ) ;
#12046 =( LENGTH_UNIT ( ) NAMED_UNIT ( * ) SI_UNIT ( .MILLI., .METRE. ) );
#12047 = SURFACE_STYLE_USAGE ( .BOTH. , #4381 ) ;
#12048 = ORIENTED_EDGE ( 'NONE', *, *, #12721, .T. ) ;
#12049 = DIRECTION ( 'NONE',  ( -1.000000000000000000, 0.000000000000000000, -0.000000000000000000 ) ) ;
#12050 = DIRECTION ( 'NONE',  ( -0.000000000000000000, -0.000000000000000000, 1.000000000000000000 ) ) ;
#12051 = CARTESIAN_POINT ( 'NONE',  ( 29.06833203617090788, 7.356120034073296843, 0.000000000000000000 ) ) ;
#12052 = SURFACE_STYLE_FILL_AREA ( #8140 ) ;
#12053 = UNCERTAINTY_MEASURE_WITH_UNIT (LENGTH_MEASURE( 1.000000000000000082E-05 ), #10252, 'distance_accuracy_value', 'NONE');
#12054 = ORIENTED_EDGE ( 'NONE', *, *, #3763, .F. ) ;
#12055 = VECTOR ( 'NONE', #11167, 1000.000000000000000 ) ;
#12056 = ORIENTED_EDGE ( 'NONE', *, *, #4802, .T. ) ;
#12057 = PLANE ( 'NONE',  #12463 ) ;
#12058 = EDGE_CURVE ( 'NONE', #4695, #11955, #1726, .T. ) ;
#12059 = EDGE_LOOP ( 'NONE', ( #10196, #3729, #3689, #2838, #6763, #3255 ) ) ;
#12060 = CARTESIAN_POINT ( 'NONE',  ( 17.94999999999999929, -5.000000000000000000, -7.429999999999998828 ) ) ;
#12061 = ORIENTED_EDGE ( 'NONE', *, *, #2878, .F. ) ;
#12062 = ORIENTED_EDGE ( 'NONE', *, *, #3791, .F. ) ;
#12063 = UNCERTAINTY_MEASURE_WITH_UNIT (LENGTH_MEASURE( 1.000000000000000082E-05 ), #11134, 'distance_accuracy_value', 'NONE');
#12064 = DIRECTION ( 'NONE',  ( 0.000000000000000000, 0.000000000000000000, -1.000000000000000000 ) ) ;
#12065 = DIRECTION ( 'NONE',  ( 0.000000000000000000, -1.000000000000000000, -0.000000000000000000 ) ) ;
#12066 = SURFACE_STYLE_FILL_AREA ( #11794 ) ;
#12067 = DIRECTION ( 'NONE',  ( 1.000000000000000000, 2.026546116795335870E-16, -0.000000000000000000 ) ) ;
#12068 = ORIENTED_EDGE ( 'NONE', *, *, #2347, .F. ) ;
#12069 = ORIENTED_EDGE ( 'NONE', *, *, #8276, .T. ) ;
#12070 = DIRECTION ( 'NONE',  ( 2.168404344971008868E-16, -1.000000000000000000, 0.000000000000000000 ) ) ;
#12071 = PLANE ( 'NONE',  #2658 ) ;
#12072 = CARTESIAN_POINT ( 'NONE',  ( 5.030000000000001137, 11.77659106982886783, -12.00000000000000000 ) ) ;
#12073 =( NAMED_UNIT ( * ) SI_UNIT ( $, .STERADIAN. ) SOLID_ANGLE_UNIT ( ) );
#12074 = PLANE ( 'NONE',  #11736 ) ;
#12075 = DIRECTION ( 'NONE',  ( -0.000000000000000000, -0.000000000000000000, 1.000000000000000000 ) ) ;
#12076 = VERTEX_POINT ( 'NONE', #5568 ) ;
#12077 = CARTESIAN_POINT ( 'NONE',  ( 4.667958729863647349, 14.56261116223706154, -0.04450167309611560706 ) ) ;
#12078 = FACE_OUTER_BOUND ( 'NONE', #6414, .T. ) ;
#12079 =( NAMED_UNIT ( * ) PLANE_ANGLE_UNIT ( ) SI_UNIT ( $, .RADIAN. ) );
#12080 = ORIENTED_EDGE ( 'NONE', *, *, #4646, .T. ) ;
#12081 = CARTESIAN_POINT ( 'NONE',  ( 13.03909090176839314, 0.7437402936630143069, -18.00000000000000355 ) ) ;
#12082 = ORIENTED_EDGE ( 'NONE', *, *, #10749, .T. ) ;
#12083 = DIRECTION ( 'NONE',  ( 0.000000000000000000, -1.000000000000000000, -0.000000000000000000 ) ) ;
#12084 = DIRECTION ( 'NONE',  ( 1.000000000000000000, 2.026546116795335870E-16, 0.000000000000000000 ) ) ;
#12085 = EDGE_CURVE ( 'NONE', #1716, #988, #6795, .T. ) ;
#12086 = AXIS2_PLACEMENT_3D ( 'NONE', #11926, #12698, #4797 ) ;
#12087 = VERTEX_POINT ( 'NONE', #4682 ) ;
#12088 = FILL_AREA_STYLE ('',( #340 ) ) ;
#12089 = VERTEX_POINT ( 'NONE', #7826 ) ;
#12090 = VERTEX_POINT ( 'NONE', #7764 ) ;
#12091 = CARTESIAN_POINT ( 'NONE',  ( 10.03000000000000114, 15.00000000000000000, -12.00000000000000000 ) ) ;
#12092 = ORIENTED_EDGE ( 'NONE', *, *, #2236, .F. ) ;
#12093 = FACE_OUTER_BOUND ( 'NONE', #5984, .T. ) ;
#12094 = VERTEX_POINT ( 'NONE', #6602 ) ;
#12095 = CARTESIAN_POINT ( 'NONE',  ( 22.95000000000000284, -5.000000000000000000, -15.62999999999999723 ) ) ;
#12096 = ADVANCED_FACE ( 'NONE', ( #8790 ), #5821, .T. ) ;
#12097 = EDGE_CURVE ( 'NONE', #12076, #6680, #10766, .T. ) ;
#12098 = DIRECTION ( 'NONE',  ( 2.026546116795335870E-16, -1.000000000000000000, 0.000000000000000000 ) ) ;
#12099 = EDGE_CURVE ( 'NONE', #3942, #1375, #8421, .T. ) ;
#12100 = PLANE ( 'NONE',  #10758 ) ;
#12101 = ADVANCED_FACE ( 'NONE', ( #12695 ), #2683, .T. ) ;
#12102 = DIRECTION ( 'NONE',  ( 0.000000000000000000, 1.000000000000000000, 0.000000000000000000 ) ) ;
#12103 = ORIENTED_EDGE ( 'NONE', *, *, #6701, .F. ) ;
#12104 = EDGE_LOOP ( 'NONE', ( #2624, #10920, #6218, #11032 ) ) ;
#12105 = CYLINDRICAL_SURFACE ( 'NONE', #5783, 0.4000000000000010214 ) ;
#12106 = CARTESIAN_POINT ( 'NONE',  ( 13.40460804919591631, 14.70498544938099883, -0.2499999999999999445 ) ) ;
#12107 = CARTESIAN_POINT ( 'NONE',  ( 11.12085837563301460, 14.38829763613029478, -0.1652703644666158045 ) ) ;
#12108 = EDGE_CURVE ( 'NONE', #8081, #435, #12496, .T. ) ;
#12109 =( LENGTH_UNIT ( ) NAMED_UNIT ( * ) SI_UNIT ( .MILLI., .METRE. ) );
#12110 = EDGE_LOOP ( 'NONE', ( #9419, #5241, #10956, #4625 ) ) ;
#12111 = FILL_AREA_STYLE_COLOUR ( '', #9200 ) ;
#12112 =( GEOMETRIC_REPRESENTATION_CONTEXT ( 3 ) GLOBAL_UNCERTAINTY_ASSIGNED_CONTEXT ( ( #1478 ) ) GLOBAL_UNIT_ASSIGNED_CONTEXT ( ( #3410, #6549, #6487 ) ) REPRESENTATION_CONTEXT ( 'NONE', 'WORKASPACE' ) );
#12113 = CARTESIAN_POINT ( 'NONE',  ( 14.83000000000000362, 11.77659106982886783, -12.00000000000000000 ) ) ;
#12114 = ORIENTED_EDGE ( 'NONE', *, *, #10241, .T. ) ;
#12115 =( LENGTH_UNIT ( ) NAMED_UNIT ( * ) SI_UNIT ( .MILLI., .METRE. ) );
#12116 = CARTESIAN_POINT ( 'NONE',  ( 8.039090901768393138, 0.7437402936630143069, -21.62877342318509477 ) ) ;
#12117 = ORIENTED_EDGE ( 'NONE', *, *, #1656, .F. ) ;
#12118 = CARTESIAN_POINT ( 'NONE',  ( 1.675767064385880412, 1.730887774041955929, 0.000000000000000000 ) ) ;
#12119 = CARTESIAN_POINT ( 'NONE',  ( 5.675767064385880190, 2.730887774041955929, -10.00000000000000000 ) ) ;
#12120 = CARTESIAN_POINT ( 'NONE',  ( 24.73066903961865393, 14.45765201367954944, -0.1172199486182100153 ) ) ;
#12121 = ADVANCED_FACE ( 'NONE', ( #5710 ), #11601, .F. ) ;
#12122 = ADVANCED_FACE ( 'NONE', ( #3957 ), #11990, .F. ) ;
#12123 = FACE_OUTER_BOUND ( 'NONE', #3437, .T. ) ;
#12124 = CARTESIAN_POINT ( 'NONE',  ( 32.00000000000000000, 0.7437402936630157502, -17.46660796753807432 ) ) ;
#12125 = PRESENTATION_LAYER_ASSIGNMENT (  '', '', ( #12520 ) ) ;
#12126 = CARTESIAN_POINT ( 'NONE',  ( 7.950000000000000178, -5.000000000000000000, -7.617316227335406253 ) ) ;
#12127 = ORIENTED_EDGE ( 'NONE', *, *, #881, .F. ) ;
#12128 = ORIENTED_EDGE ( 'NONE', *, *, #9562, .F. ) ;
#12129 = LINE ( 'NONE', #11232, #1494 ) ;
#12130 = DIRECTION ( 'NONE',  ( 0.000000000000000000, 0.000000000000000000, 1.000000000000000000 ) ) ;
#12131 = CARTESIAN_POINT ( 'NONE',  ( 7.950000000000000178, -5.000000000000000000, -15.62999999999999723 ) ) ;
#12132 = LINE ( 'NONE', #9254, #251 ) ;
#12133 = ORIENTED_EDGE ( 'NONE', *, *, #3793, .T. ) ;
#12134 = ADVANCED_FACE ( 'NONE', ( #8156 ), #10172, .T. ) ;
#12135 = ORIENTED_EDGE ( 'NONE', *, *, #1620, .T. ) ;
#12136 = CARTESIAN_POINT ( 'NONE',  ( 24.50844535013322911, 6.527550846378181504, 0.000000000000000000 ) ) ;
#12137 = CARTESIAN_POINT ( 'NONE',  ( 7.950000000000000178, 0.000000000000000000, -15.62999999999999723 ) ) ;
#12138 = CARTESIAN_POINT ( 'NONE',  ( 11.01499359486471974, 13.52171604471974931, -0.7656593709756721600 ) ) ;
#12139 = AXIS2_PLACEMENT_3D ( 'NONE', #9803, #6993, #2025 ) ;
#12140 = CARTESIAN_POINT ( 'NONE',  ( 1.567688435743064268, 0.000000000000000000, -10.00000000000000000 ) ) ;
#12141 = AXIS2_PLACEMENT_3D ( 'NONE', #4194, #11064, #1142 ) ;
#12142 =( NAMED_UNIT ( * ) SI_UNIT ( $, .STERADIAN. ) SOLID_ANGLE_UNIT ( ) );
#12143 = VECTOR ( 'NONE', #2745, 1000.000000000000114 ) ;
#12144 = VECTOR ( 'NONE', #9197, 1000.000000000000114 ) ;
#12145 = SURFACE_STYLE_FILL_AREA ( #8234 ) ;
#12146 = ORIENTED_EDGE ( 'NONE', *, *, #4734, .T. ) ;
#12147 = VECTOR ( 'NONE', #6601, 1000.000000000000000 ) ;
#12148 = CIRCLE ( 'NONE', #3550, 1.000000000000000888 ) ;
#12149 = DIRECTION ( 'NONE',  ( 0.000000000000000000, 0.000000000000000000, 1.000000000000000000 ) ) ;
#12150 = CARTESIAN_POINT ( 'NONE',  ( 15.00000000000000000, -3.659182332138577465E-16, -18.00000000000000355 ) ) ;
#12151 = ORIENTED_EDGE ( 'NONE', *, *, #1811, .T. ) ;
#12152 = SURFACE_STYLE_FILL_AREA ( #9210 ) ;
#12153 = LINE ( 'NONE', #4322, #8755 ) ;
#12154 = EDGE_CURVE ( 'NONE', #3830, #9384, #4719, .T. ) ;
#12155 = FILL_AREA_STYLE ('',( #10406 ) ) ;
#12156 = VERTEX_POINT ( 'NONE', #2851 ) ;
#12157 = FILL_AREA_STYLE_COLOUR ( '', #9164 ) ;
#12158 = DIRECTION ( 'NONE',  ( 0.000000000000000000, 1.000000000000000000, 0.000000000000000000 ) ) ;
#12159 = FACE_OUTER_BOUND ( 'NONE', #7263, .T. ) ;
#12160 = CARTESIAN_POINT ( 'NONE',  ( 30.03000000000000114, 15.00000000000000000, -12.00000000000000000 ) ) ;
#12161 = AXIS2_PLACEMENT_3D ( 'NONE', #10245, #9422, #2417 ) ;
#12162 = ADVANCED_FACE ( 'NONE', ( #11581 ), #6719, .T. ) ;
#12163 = EDGE_CURVE ( 'NONE', #11859, #776, #9984, .T. ) ;
#12164 = ORIENTED_EDGE ( 'NONE', *, *, #11302, .F. ) ;
#12165 = VERTEX_POINT ( 'NONE', #7121 ) ;
#12166 = FILL_AREA_STYLE ('',( #6528 ) ) ;
#12167 = DIRECTION ( 'NONE',  ( -0.000000000000000000, 0.8219933076153586038, 0.5694971485754448670 ) ) ;
#12168 = FILL_AREA_STYLE_COLOUR ( '', #6274 ) ;
#12169 = LINE ( 'NONE', #3512, #3883 ) ;
#12170 = UNCERTAINTY_MEASURE_WITH_UNIT (LENGTH_MEASURE( 1.000000000000000082E-05 ), #12242, 'distance_accuracy_value', 'NONE');
#12171 =( GEOMETRIC_REPRESENTATION_CONTEXT ( 3 ) GLOBAL_UNCERTAINTY_ASSIGNED_CONTEXT ( ( #6516 ) ) GLOBAL_UNIT_ASSIGNED_CONTEXT ( ( #4101, #6464, #6344 ) ) REPRESENTATION_CONTEXT ( 'NONE', 'WORKASPACE' ) );
#12172 = CARTESIAN_POINT ( 'NONE',  ( 29.83000000000000185, 12.77659106982886783, -2.498455167896214579 ) ) ;
#12173 = ORIENTED_EDGE ( 'NONE', *, *, #7989, .F. ) ;
#12174 = PLANE ( 'NONE',  #2710 ) ;
#12175 = LINE ( 'NONE', #12116, #9539 ) ;
#12176 = ADVANCED_FACE ( 'NONE', ( #1075 ), #8005, .F. ) ;
#12177 = VERTEX_POINT ( 'NONE', #11845 ) ;
#12178 = CARTESIAN_POINT ( 'NONE',  ( 5.000000000000000888, 0.000000000000000000, -16.49999999999999289 ) ) ;
#12179 = ADVANCED_FACE ( 'NONE', ( #7810 ), #9094, .T. ) ;
#12180 = DIRECTION ( 'NONE',  ( -0.000000000000000000, 0.000000000000000000, 1.000000000000000000 ) ) ;
#12181 = FILL_AREA_STYLE_COLOUR ( '', #7924 ) ;
#12182 = SURFACE_SIDE_STYLE ('',( #8280 ) ) ;
#12183 = CARTESIAN_POINT ( 'NONE',  ( 23.56833203617090433, 9.742953882361238271, -10.00000000000000000 ) ) ;
#12184 = DIRECTION ( 'NONE',  ( 1.000000000000000000, 2.026546116795335870E-16, 0.000000000000000000 ) ) ;
#12185 = UNCERTAINTY_MEASURE_WITH_UNIT (LENGTH_MEASURE( 1.000000000000000082E-05 ), #9284, 'distance_accuracy_value', 'NONE');
#12186 = SURFACE_STYLE_USAGE ( .BOTH. , #5134 ) ;
#12187 =( NAMED_UNIT ( * ) PLANE_ANGLE_UNIT ( ) SI_UNIT ( $, .RADIAN. ) );
#12188 = DIRECTION ( 'NONE',  ( -1.000000000000000000, -0.000000000000000000, -0.000000000000000000 ) ) ;
#12189 = EDGE_CURVE ( 'NONE', #10708, #8427, #9975, .T. ) ;
#12190 = EDGE_CURVE ( 'NONE', #1965, #9818, #11712, .T. ) ;
#12191 = ORIENTED_EDGE ( 'NONE', *, *, #5111, .F. ) ;
#12192 = VERTEX_POINT ( 'NONE', #6843 ) ;
#12193 = DIRECTION ( 'NONE',  ( -0.000000000000000000, 1.000000000000000000, -0.000000000000000000 ) ) ;
#12194 = LINE ( 'NONE', #9314, #2391 ) ;
#12195 = LINE ( 'NONE', #6425, #8873 ) ;
#12196 = DIRECTION ( 'NONE',  ( 1.000000000000000000, 0.000000000000000000, 0.000000000000000000 ) ) ;
#12197 = EDGE_LOOP ( 'NONE', ( #8064, #8686 ) ) ;
#12198 = DIRECTION ( 'NONE',  ( 1.000000000000000000, 2.026546116795335870E-16, -0.000000000000000000 ) ) ;
#12199 = CARTESIAN_POINT ( 'NONE',  ( 24.83000000000000185, 11.77659106982886783, -12.00000000000000000 ) ) ;
#12200 = VECTOR ( 'NONE', #11083, 1000.000000000000000 ) ;
#12201 = VECTOR ( 'NONE', #8338, 1000.000000000000000 ) ;
#12202 = CARTESIAN_POINT ( 'NONE',  ( 20.00000000000000000, 11.77659106982886783, -12.00000000000000000 ) ) ;
#12203 = AXIS2_PLACEMENT_3D ( 'NONE', #10705, #912, #8033 ) ;
#12204 = DIRECTION ( 'NONE',  ( 0.000000000000000000, -0.000000000000000000, -1.000000000000000000 ) ) ;
#12205 = MECHANICAL_DESIGN_GEOMETRIC_PRESENTATION_REPRESENTATION (  '', ( #10146 ), #11185 ) ;
#12206 = EDGE_CURVE ( 'NONE', #6360, #2828, #10736, .T. ) ;
#12207 = CARTESIAN_POINT ( 'NONE',  ( 4.739141624366985717, 14.38829763613029478, -0.1652703644666174421 ) ) ;
#12208 = ORIENTED_EDGE ( 'NONE', *, *, #2456, .F. ) ;
#12209 =( LENGTH_UNIT ( ) NAMED_UNIT ( * ) SI_UNIT ( .MILLI., .METRE. ) );
#12210 =( GEOMETRIC_REPRESENTATION_CONTEXT ( 3 ) GLOBAL_UNCERTAINTY_ASSIGNED_CONTEXT ( ( #2006 ) ) GLOBAL_UNIT_ASSIGNED_CONTEXT ( ( #5999, #1999, #11707 ) ) REPRESENTATION_CONTEXT ( 'NONE', 'WORKASPACE' ) );
#12211 = CONICAL_SURFACE ( 'NONE', #47, 0.1873162273354038454, 0.4886921905584215020 ) ;
#12212 = DIRECTION ( 'NONE',  ( 0.000000000000000000, 0.000000000000000000, -1.000000000000000000 ) ) ;
#12213 = EDGE_LOOP ( 'NONE', ( #9012, #274, #6829, #4214, #8856, #562 ) ) ;
#12214 = MECHANICAL_DESIGN_GEOMETRIC_PRESENTATION_REPRESENTATION (  '', ( #12017 ), #3405 ) ;
#12215 = DIRECTION ( 'NONE',  ( -1.000000000000000000, -1.070256409758549784E-16, 0.000000000000000000 ) ) ;
#12216 = AXIS2_PLACEMENT_3D ( 'NONE', #4774, #4840, #24 ) ;
#12217 = ORIENTED_EDGE ( 'NONE', *, *, #296, .F. ) ;
#12218 = COLOUR_RGB ( '',0.8313725490196077761, 0.8392156862745098200, 0.8313725490196077761 ) ;
#12219 = VERTEX_POINT ( 'NONE', #3940 ) ;
#12220 = DIRECTION ( 'NONE',  ( -1.000000000000000000, -0.000000000000000000, -0.000000000000000000 ) ) ;
#12221 = AXIS2_PLACEMENT_3D ( 'NONE', #898, #2932, #8916 ) ;
#12222 = VECTOR ( 'NONE', #3872, 1000.000000000000000 ) ;
#12223 = AXIS2_PLACEMENT_3D ( 'NONE', #4203, #5117, #6071 ) ;
#12224 = FILL_AREA_STYLE ('',( #1523 ) ) ;
#12225 = VECTOR ( 'NONE', #1363, 1000.000000000000000 ) ;
#12226 = CARTESIAN_POINT ( 'NONE',  ( 17.94999999999999929, -5.000000000000000000, -15.62999999999999723 ) ) ;
#12227 = CARTESIAN_POINT ( 'NONE',  ( 7.950000000000000178, 0.000000000000000000, -15.62999999999999723 ) ) ;
#12228 = STYLED_ITEM ( 'NONE', ( #4376 ), #8567 ) ;
#12229 = VERTEX_POINT ( 'NONE', #2981 ) ;
#12230 = VERTEX_POINT ( 'NONE', #7873 ) ;
#12231 = AXIS2_PLACEMENT_3D ( 'NONE', #535, #3608, #4500 ) ;
#12232 = LINE ( 'NONE', #2402, #1856 ) ;
#12233 = MECHANICAL_DESIGN_GEOMETRIC_PRESENTATION_REPRESENTATION (  '', ( #5057 ), #9161 ) ;
#12234 = CARTESIAN_POINT ( 'NONE',  ( 10.03000000000000114, 10.99999999999997158, -1.000000000000000000 ) ) ;
#12235 = VECTOR ( 'NONE', #4838, 1000.000000000000000 ) ;
#12236 = CARTESIAN_POINT ( 'NONE',  ( 6.030000000000000249, 9.999999999999998224, -0.6805538183541244290 ) ) ;
#12237 =( NAMED_UNIT ( * ) PLANE_ANGLE_UNIT ( ) SI_UNIT ( $, .RADIAN. ) );
#12238 = AXIS2_PLACEMENT_3D ( 'NONE', #2999, #3127, #5807 ) ;
#12239 = SURFACE_STYLE_FILL_AREA ( #8326 ) ;
#12240 = EDGE_CURVE ( 'NONE', #1191, #2483, #6908, .T. ) ;
#12241 = EDGE_LOOP ( 'NONE', ( #4305, #12453, #5413, #7657, #3723, #5223 ) ) ;
#12242 =( LENGTH_UNIT ( ) NAMED_UNIT ( * ) SI_UNIT ( .MILLI., .METRE. ) );
#12243 = DIRECTION ( 'NONE',  ( 0.000000000000000000, 0.000000000000000000, -1.000000000000000000 ) ) ;
#12244 = VERTEX_POINT ( 'NONE', #5939 ) ;
#12245 = VERTEX_POINT ( 'NONE', #4075 ) ;
#12246 = SURFACE_SIDE_STYLE ('',( #9942 ) ) ;
#12247 = LINE ( 'NONE', #8154, #11988 ) ;
#12248 = DIRECTION ( 'NONE',  ( -0.000000000000000000, 0.000000000000000000, 1.000000000000000000 ) ) ;
#12249 = SURFACE_STYLE_FILL_AREA ( #9423 ) ;
#12250 = MECHANICAL_DESIGN_GEOMETRIC_PRESENTATION_REPRESENTATION (  '', ( #7540 ), #10592 ) ;
#12251 = VECTOR ( 'NONE', #5016, 1000.000000000000000 ) ;
#12252 = CARTESIAN_POINT ( 'NONE',  ( 32.00000000000000000, 15.00000000000000000, -15.50000000000000178 ) ) ;
#12253 = MECHANICAL_DESIGN_GEOMETRIC_PRESENTATION_REPRESENTATION (  '', ( #12637 ), #3844 ) ;
#12254 = EDGE_CURVE ( 'NONE', #924, #7219, #8896, .T. ) ;
#12255 = CARTESIAN_POINT ( 'NONE',  ( 9.585677170437042705, 14.65635408178981258, -1.400895289688120099E-15 ) ) ;
#12256 = PLANE ( 'NONE',  #8404 ) ;
#12257 = ADVANCED_FACE ( 'NONE', ( #10879 ), #6002, .F. ) ;
#12258 = VERTEX_POINT ( 'NONE', #491 ) ;
#12259 = PRESENTATION_STYLE_ASSIGNMENT (( #8465 ) ) ;
#12260 = DIRECTION ( 'NONE',  ( 1.000000000000000000, 0.000000000000000000, 0.000000000000000000 ) ) ;
#12261 = VECTOR ( 'NONE', #4077, 1000.000000000000000 ) ;
#12262 = ORIENTED_EDGE ( 'NONE', *, *, #145, .T. ) ;
#12263 = VERTEX_POINT ( 'NONE', #11071 ) ;
#12264 = DIRECTION ( 'NONE',  ( -1.000000000000000000, -0.000000000000000000, -0.000000000000000000 ) ) ;
#12265 = CARTESIAN_POINT ( 'NONE',  ( 28.94855866409555034, 2.730887774041955929, 0.000000000000000000 ) ) ;
#12266 = CARTESIAN_POINT ( 'NONE',  ( 4.739141624366986605, 9.999999999999998224, -0.1652703644666174421 ) ) ;
#12267 = DIRECTION ( 'NONE',  ( -2.922285384827992868E-16, 1.000000000000000000, 0.000000000000000000 ) ) ;
#12268 = EDGE_CURVE ( 'NONE', #2704, #10888, #2264, .T. ) ;
#12269 = LINE ( 'NONE', #8232, #608 ) ;
#12270 = EDGE_CURVE ( 'NONE', #12449, #11179, #226, .T. ) ;
#12271 = CARTESIAN_POINT ( 'NONE',  ( 2.950000000000000178, 0.000000000000000000, -7.429999999999998828 ) ) ;
#12272 = VECTOR ( 'NONE', #6550, 1000.000000000000000 ) ;
#12273 = CARTESIAN_POINT ( 'NONE',  ( 3.404608049195914532, 14.56261116223713792, -0.04450167309616068906 ) ) ;
#12274 = CARTESIAN_POINT ( 'NONE',  ( 32.00000000000000000, 0.7437402936630163053, -17.46660796753807432 ) ) ;
#12275 = CYLINDRICAL_SURFACE ( 'NONE', #8357, 0.2500000000000002220 ) ;
#12276 = ORIENTED_EDGE ( 'NONE', *, *, #4382, .T. ) ;
#12277 = CARTESIAN_POINT ( 'NONE',  ( 14.72894227661927502, 14.96436648895475585, -0.1074269890130544469 ) ) ;
#12278 = EDGE_LOOP ( 'NONE', ( #6054, #6021, #1160, #533 ) ) ;
#12279 = FILL_AREA_STYLE_COLOUR ( '', #12755 ) ;
#12280 = FILL_AREA_STYLE_COLOUR ( '', #5227 ) ;
#12281 = CARTESIAN_POINT ( 'NONE',  ( 25.83000000000000185, 10.99999999999997158, -1.000000000000000000 ) ) ;
#12282 = ORIENTED_EDGE ( 'NONE', *, *, #6799, .F. ) ;
#12283 = CARTESIAN_POINT ( 'NONE',  ( 22.95000000000000284, -4.599999999999999645, -15.62999999999999723 ) ) ;
#12284 = EDGE_CURVE ( 'NONE', #3528, #5155, #7238, .T. ) ;
#12285 = EDGE_CURVE ( 'NONE', #3043, #3693, #5310, .T. ) ;
#12286 = CARTESIAN_POINT ( 'NONE',  ( 22.95000000000000284, -4.599999999999999645, -15.22999999999999687 ) ) ;
#12287 = CARTESIAN_POINT ( 'NONE',  ( 26.56768843574306516, 0.000000000000000000, -10.00000000000000000 ) ) ;
#12288 = DIRECTION ( 'NONE',  ( 0.000000000000000000, -1.000000000000000000, 0.000000000000000000 ) ) ;
#12289 = CARTESIAN_POINT ( 'NONE',  ( 15.03000000000000114, 10.77659106982886783, -1.974724807276290628 ) ) ;
#12290 = ORIENTED_EDGE ( 'NONE', *, *, #5433, .F. ) ;
#12291 = ORIENTED_EDGE ( 'NONE', *, *, #1296, .F. ) ;
#12292 = ORIENTED_EDGE ( 'NONE', *, *, #11394, .T. ) ;
#12293 = PRESENTATION_STYLE_ASSIGNMENT (( #6390 ) ) ;
#12294 = UNCERTAINTY_MEASURE_WITH_UNIT (LENGTH_MEASURE( 1.000000000000000082E-05 ), #8065, 'distance_accuracy_value', 'NONE');
#12295 = EDGE_CURVE ( 'NONE', #10280, #11505, #304, .T. ) ;
#12296 = VECTOR ( 'NONE', #6860, 1000.000000000000000 ) ;
#12297 = DIRECTION ( 'NONE',  ( 0.000000000000000000, -1.000000000000000000, 8.673617379884027583E-16 ) ) ;
#12298 = CARTESIAN_POINT ( 'NONE',  ( 8.039090901768394914, 0.7437402936630143069, -17.46660796753807432 ) ) ;
#12299 = EDGE_LOOP ( 'NONE', ( #7401, #10316, #6972, #6402, #4015, #1225, #10861, #7347 ) ) ;
#12300 = ORIENTED_EDGE ( 'NONE', *, *, #2916, .T. ) ;
#12301 = LINE ( 'NONE', #8030, #11137 ) ;
#12302 = ORIENTED_EDGE ( 'NONE', *, *, #7028, .T. ) ;
#12303 = FILL_AREA_STYLE_COLOUR ( '', #7485 ) ;
#12304 = DIRECTION ( 'NONE',  ( 0.000000000000000000, -1.000000000000000000, 0.000000000000000000 ) ) ;
#12305 = FACE_OUTER_BOUND ( 'NONE', #371, .T. ) ;
#12306 = CARTESIAN_POINT ( 'NONE',  ( 1.029999999999999583, 13.99999999999998934, -12.00000000000000000 ) ) ;
#12307 = DIRECTION ( 'NONE',  ( -0.000000000000000000, -0.000000000000000000, 1.000000000000000000 ) ) ;
#12308 = ORIENTED_EDGE ( 'NONE', *, *, #4492, .F. ) ;
#12309 = ORIENTED_EDGE ( 'NONE', *, *, #6040, .F. ) ;
#12310 = ORIENTED_EDGE ( 'NONE', *, *, #11423, .T. ) ;
#12311 = PRESENTATION_LAYER_ASSIGNMENT (  '', '', ( #2463 ) ) ;
#12312 = LINE ( 'NONE', #524, #6985 ) ;
#12313 =( LENGTH_UNIT ( ) NAMED_UNIT ( * ) SI_UNIT ( .MILLI., .METRE. ) );
#12314 = ADVANCED_FACE ( 'NONE', ( #362 ), #10289, .T. ) ;
#12315 = SURFACE_SIDE_STYLE ('',( #10320 ) ) ;
#12316 = ADVANCED_FACE ( 'NONE', ( #8319 ), #4201, .T. ) ;
#12317 = DIRECTION ( 'NONE',  ( 0.000000000000000000, 0.000000000000000000, 1.000000000000000000 ) ) ;
#12318 = COLOUR_RGB ( '',0.7921568627450980005, 0.8196078431372548767, 0.9333333333333333481 ) ;
#12319 = DIRECTION ( 'NONE',  ( 1.000000000000000000, 0.000000000000000000, 0.000000000000000000 ) ) ;
#12320 = ORIENTED_EDGE ( 'NONE', *, *, #10982, .F. ) ;
#12321 = DIRECTION ( 'NONE',  ( 1.000000000000000000, 0.000000000000000000, 0.000000000000000000 ) ) ;
#12322 = AXIS2_PLACEMENT_3D ( 'NONE', #6747, #835, #4943 ) ;
#12323 = SURFACE_STYLE_USAGE ( .BOTH. , #3492 ) ;
#12324 = FACE_OUTER_BOUND ( 'NONE', #7372, .T. ) ;
#12325 = ORIENTED_EDGE ( 'NONE', *, *, #4189, .F. ) ;
#12326 = CARTESIAN_POINT ( 'NONE',  ( 6.029999999999999361, 14.99999999999999822, -0.6805538183541244290 ) ) ;
#12327 = STYLED_ITEM ( 'NONE', ( #10313 ), #3322 ) ;
#12328 = EDGE_CURVE ( 'NONE', #2301, #4177, #9163, .T. ) ;
#12329 = PRESENTATION_STYLE_ASSIGNMENT (( #3611 ) ) ;
#12330 = STYLED_ITEM ( 'NONE', ( #6387 ), #10064 ) ;
#12331 = VERTEX_POINT ( 'NONE', #10795 ) ;
#12332 = CYLINDRICAL_SURFACE ( 'NONE', #6052, 1.000000000000000888 ) ;
#12333 = DIRECTION ( 'NONE',  ( 0.000000000000000000, -1.000000000000000000, 0.000000000000000000 ) ) ;
#12334 = VERTEX_POINT ( 'NONE', #146 ) ;
#12335 = ORIENTED_EDGE ( 'NONE', *, *, #11925, .T. ) ;
#12336 = CARTESIAN_POINT ( 'NONE',  ( 5.567688435743064268, 7.363962665405081154, 0.000000000000000000 ) ) ;
#12337 = CARTESIAN_POINT ( 'NONE',  ( 12.94999999999999929, -5.000000000000000000, -15.62999999999999723 ) ) ;
#12338 = PLANE ( 'NONE',  #9730 ) ;
#12339 = VECTOR ( 'NONE', #1502, 1000.000000000000000 ) ;
#12340 = VECTOR ( 'NONE', #7714, 1000.000000000000000 ) ;
#12341 = FILL_AREA_STYLE ('',( #7605 ) ) ;
#12342 = MECHANICAL_DESIGN_GEOMETRIC_PRESENTATION_REPRESENTATION (  '', ( #4344 ), #7430 ) ;
#12343 = FACE_OUTER_BOUND ( 'NONE', #5893, .T. ) ;
#12344 = AXIS2_PLACEMENT_3D ( 'NONE', #3069, #958, #8919 ) ;
#12345 = EDGE_CURVE ( 'NONE', #10479, #1388, #2380, .T. ) ;
#12346 = EDGE_CURVE ( 'NONE', #7479, #9850, #8110, .T. ) ;
#12347 = CARTESIAN_POINT ( 'NONE',  ( 20.02999999999999758, 11.77659106982886783, -1.974724807276291516 ) ) ;
#12348 = DIRECTION ( 'NONE',  ( 1.000000000000000000, 2.026546116795335870E-16, -0.000000000000000000 ) ) ;
#12349 = EDGE_LOOP ( 'NONE', ( #10231, #2734, #9119, #4489 ) ) ;
#12350 = CONICAL_SURFACE ( 'NONE', #1652, 0.1873162273354038454, 0.4886921905584215020 ) ;
#12351 = ORIENTED_EDGE ( 'NONE', *, *, #355, .F. ) ;
#12352 = CARTESIAN_POINT ( 'NONE',  ( 28.94855866409554324, 1.730887774041955929, -10.00000000000000000 ) ) ;
#12353 = CARTESIAN_POINT ( 'NONE',  ( 13.40460804919591631, 12.20709392125342241, -1.676461860280853200 ) ) ;
#12354 = DIRECTION ( 'NONE',  ( 0.000000000000000000, 1.000000000000000000, 0.000000000000000000 ) ) ;
#12355 = AXIS2_PLACEMENT_3D ( 'NONE', #8667, #12444, #9439 ) ;
#12356 = ORIENTED_EDGE ( 'NONE', *, *, #2516, .T. ) ;
#12357 = ORIENTED_EDGE ( 'NONE', *, *, #2257, .F. ) ;
#12358 = AXIS2_PLACEMENT_3D ( 'NONE', #12226, #11259, #729 ) ;
#12359 = ADVANCED_FACE ( 'NONE', ( #3087 ), #9133, .F. ) ;
#12360 = DIRECTION ( 'NONE',  ( 1.000000000000000000, 0.000000000000000000, 0.000000000000000000 ) ) ;
#12361 = VECTOR ( 'NONE', #12452, 1000.000000000000000 ) ;
#12362 = CARTESIAN_POINT ( 'NONE',  ( 2.950000000000000178, -5.000000000000000000, -7.429999999999998828 ) ) ;
#12363 = CARTESIAN_POINT ( 'NONE',  ( 26.67576706438588019, 2.730887774041955929, 0.000000000000000000 ) ) ;
#12364 = EDGE_LOOP ( 'NONE', ( #5964, #7552, #12544, #1194 ) ) ;
#12365 = DIRECTION ( 'NONE',  ( -0.9848077530122080203, -1.995758327656830446E-16, -0.1736481776669308585 ) ) ;
#12366 = DIRECTION ( 'NONE',  ( -0.000000000000000000, 0.000000000000000000, 1.000000000000000000 ) ) ;
#12367 = LINE ( 'NONE', #8598, #858 ) ;
#12368 = EDGE_LOOP ( 'NONE', ( #9371, #719, #4406, #2361 ) ) ;
#12369 = EDGE_LOOP ( 'NONE', ( #424, #4130, #11890, #9647 ) ) ;
#12370 = ORIENTED_EDGE ( 'NONE', *, *, #2918, .F. ) ;
#12371 = PRESENTATION_STYLE_ASSIGNMENT (( #7329 ) ) ;
#12372 = FILL_AREA_STYLE_COLOUR ( '', #7551 ) ;
#12373 = DIRECTION ( 'NONE',  ( -0.000000000000000000, 1.000000000000000000, -0.000000000000000000 ) ) ;
#12374 = SURFACE_STYLE_USAGE ( .BOTH. , #12315 ) ;
#12375 = CIRCLE ( 'NONE', #10128, 0.4000000000000010214 ) ;
#12376 = LINE ( 'NONE', #12202, #98 ) ;
#12377 = DIRECTION ( 'NONE',  ( 1.000000000000000000, 2.026546116795335870E-16, -0.000000000000000000 ) ) ;
#12378 = PRESENTATION_STYLE_ASSIGNMENT (( #1384 ) ) ;
#12379 = ADVANCED_FACE ( 'NONE', ( #5972 ), #6171, .F. ) ;
#12380 = CARTESIAN_POINT ( 'NONE',  ( 5.000000000000000000, -3.659182332138577465E-16, 0.5000000000000000000 ) ) ;
#12381 = ADVANCED_FACE ( 'NONE', ( #7016 ), #2114, .F. ) ;
#12382 = ORIENTED_EDGE ( 'NONE', *, *, #10933, .T. ) ;
#12383 = DIRECTION ( 'NONE',  ( -1.000000000000000000, 0.000000000000000000, 0.000000000000000000 ) ) ;
#12384 = ORIENTED_EDGE ( 'NONE', *, *, #1083, .F. ) ;
#12385 = CARTESIAN_POINT ( 'NONE',  ( 30.03000000000000469, 1.019352696748054822E-15, -12.00000000000000000 ) ) ;
#12386 = DIRECTION ( 'NONE',  ( -0.000000000000000000, -0.000000000000000000, 1.000000000000000000 ) ) ;
#12387 = ORIENTED_EDGE ( 'NONE', *, *, #6318, .T. ) ;
#12388 = CYLINDRICAL_SURFACE ( 'NONE', #7900, 0.2000000000000005107 ) ;
#12389 =( GEOMETRIC_REPRESENTATION_CONTEXT ( 3 ) GLOBAL_UNCERTAINTY_ASSIGNED_CONTEXT ( ( #5118 ) ) GLOBAL_UNIT_ASSIGNED_CONTEXT ( ( #11561, #10654, #2889 ) ) REPRESENTATION_CONTEXT ( 'NONE', 'WORKASPACE' ) );
#12390 = SURFACE_STYLE_USAGE ( .BOTH. , #7599 ) ;
#12391 = STYLED_ITEM ( 'NONE', ( #10239 ), #2578 ) ;
#12392 = EDGE_LOOP ( 'NONE', ( #11900, #7564, #9771, #8489 ) ) ;
#12393 = VERTEX_POINT ( 'NONE', #1508 ) ;
#12394 = DIRECTION ( 'NONE',  ( -0.000000000000000000, -0.000000000000000000, 1.000000000000000000 ) ) ;
#12395 = LINE ( 'NONE', #7356, #8564 ) ;
#12396 =( GEOMETRIC_REPRESENTATION_CONTEXT ( 3 ) GLOBAL_UNCERTAINTY_ASSIGNED_CONTEXT ( ( #20 ) ) GLOBAL_UNIT_ASSIGNED_CONTEXT ( ( #11023, #6339, #5316 ) ) REPRESENTATION_CONTEXT ( 'NONE', 'WORKASPACE' ) );
#12397 = VERTEX_POINT ( 'NONE', #12207 ) ;
#12398 = CARTESIAN_POINT ( 'NONE',  ( 25.03000000000000469, 10.99999999999997158, 0.000000000000000000 ) ) ;
#12399 = EDGE_CURVE ( 'NONE', #2483, #9134, #1387, .T. ) ;
#12400 = VECTOR ( 'NONE', #11781, 1000.000000000000000 ) ;
#12401 = DIRECTION ( 'NONE',  ( 0.000000000000000000, -0.000000000000000000, -1.000000000000000000 ) ) ;
#12402 = ADVANCED_FACE ( 'NONE', ( #12324 ), #6436, .F. ) ;
#12403 = MECHANICAL_DESIGN_GEOMETRIC_PRESENTATION_REPRESENTATION (  '', ( #10153 ), #4408 ) ;
#12404 = EDGE_CURVE ( 'NONE', #9247, #236, #9569, .T. ) ;
#12405 = DIRECTION ( 'NONE',  ( 0.000000000000000000, 1.000000000000000000, 0.000000000000000000 ) ) ;
#12406 = VECTOR ( 'NONE', #5633, 1000.000000000000000 ) ;
#12407 = FACE_OUTER_BOUND ( 'NONE', #10075, .T. ) ;
#12408 = DIRECTION ( 'NONE',  ( -1.000000000000000000, 0.000000000000000000, 0.000000000000000000 ) ) ;
#12409 = PRESENTATION_LAYER_ASSIGNMENT (  '', '', ( #4004 ) ) ;
#12410 = ORIENTED_EDGE ( 'NONE', *, *, #1779, .F. ) ;
#12411 = ORIENTED_EDGE ( 'NONE', *, *, #3422, .T. ) ;
#12412 = SURFACE_SIDE_STYLE ('',( #9223 ) ) ;
#12413 = CIRCLE ( 'NONE', #8943, 0.5000000000000004441 ) ;
#12414 =( GEOMETRIC_REPRESENTATION_CONTEXT ( 3 ) GLOBAL_UNCERTAINTY_ASSIGNED_CONTEXT ( ( #828 ) ) GLOBAL_UNIT_ASSIGNED_CONTEXT ( ( #5808, #6910, #6844 ) ) REPRESENTATION_CONTEXT ( 'NONE', 'WORKASPACE' ) );
#12415 = FILL_AREA_STYLE ('',( #6575 ) ) ;
#12416 = EDGE_CURVE ( 'NONE', #5477, #5034, #10392, .T. ) ;
#12417 = AXIS2_PLACEMENT_3D ( 'NONE', #11531, #11663, #9728 ) ;
#12418 = EDGE_CURVE ( 'NONE', #3982, #6331, #1339, .T. ) ;
#12419 = DIRECTION ( 'NONE',  ( -1.000000000000000000, -2.026546116795335870E-16, 0.000000000000000000 ) ) ;
#12420 = CIRCLE ( 'NONE', #4642, 1.000000000000000888 ) ;
#12421 = VERTEX_POINT ( 'NONE', #1323 ) ;
#12422 = VECTOR ( 'NONE', #7260, 1000.000000000000000 ) ;
#12423 = ORIENTED_EDGE ( 'NONE', *, *, #1787, .T. ) ;
#12424 = PRESENTATION_LAYER_ASSIGNMENT (  '', '', ( #7939 ) ) ;
#12425 = MECHANICAL_DESIGN_GEOMETRIC_PRESENTATION_REPRESENTATION (  '', ( #2587 ), #10365 ) ;
#12426 = SURFACE_STYLE_FILL_AREA ( #3396 ) ;
#12427 = DIRECTION ( 'NONE',  ( -2.026546116795335870E-16, 1.000000000000000000, -0.000000000000000000 ) ) ;
#12428 = AXIS2_PLACEMENT_3D ( 'NONE', #4340, #234, #12243 ) ;
#12429 = AXIS2_PLACEMENT_3D ( 'NONE', #972, #4173, #8812 ) ;
#12430 = ADVANCED_FACE ( 'NONE', ( #342 ), #12275, .T. ) ;
#12431 = AXIS2_PLACEMENT_3D ( 'NONE', #12363, #3584, #10489 ) ;
#12432 = LINE ( 'NONE', #518, #4973 ) ;
#12433 = MECHANICAL_DESIGN_GEOMETRIC_PRESENTATION_REPRESENTATION (  '', ( #3228 ), #9773 ) ;
#12434 = FILL_AREA_STYLE ('',( #10746 ) ) ;
#12435 = CARTESIAN_POINT ( 'NONE',  ( 14.54218007376454302, 14.70498544938100416, -2.385244779468109755E-15 ) ) ;
#12436 = ORIENTED_EDGE ( 'NONE', *, *, #3342, .F. ) ;
#12437 = VERTEX_POINT ( 'NONE', #1888 ) ;
#12438 = DIRECTION ( 'NONE',  ( 0.000000000000000000, 0.000000000000000000, 1.000000000000000000 ) ) ;
#12439 = STYLED_ITEM ( 'NONE', ( #9676 ), #8025 ) ;
#12440 = COLOUR_RGB ( '',0.7921568627450980005, 0.8196078431372548767, 0.9333333333333333481 ) ;
#12441 = CARTESIAN_POINT ( 'NONE',  ( 25.00000000000000000, 0.7437402936630139738, -18.00000000000000355 ) ) ;
#12442 = CARTESIAN_POINT ( 'NONE',  ( 15.00000000000000000, 9.742953882361238271, 0.000000000000000000 ) ) ;
#12443 = DIRECTION ( 'NONE',  ( -1.000000000000000000, -2.026546116795335870E-16, -0.000000000000000000 ) ) ;
#12444 = DIRECTION ( 'NONE',  ( 1.000000000000000000, 2.026546116795335870E-16, -0.000000000000000000 ) ) ;
#12445 =( NAMED_UNIT ( * ) SI_UNIT ( $, .STERADIAN. ) SOLID_ANGLE_UNIT ( ) );
#12446 =( GEOMETRIC_REPRESENTATION_CONTEXT ( 3 ) GLOBAL_UNCERTAINTY_ASSIGNED_CONTEXT ( ( #5373 ) ) GLOBAL_UNIT_ASSIGNED_CONTEXT ( ( #4951, #7010, #6035 ) ) REPRESENTATION_CONTEXT ( 'NONE', 'WORKASPACE' ) );
#12447 = VECTOR ( 'NONE', #10764, 1000.000000000000000 ) ;
#12448 = CARTESIAN_POINT ( 'NONE',  ( 28.03909090176839669, 0.7437402936630143069, -17.46660796753807432 ) ) ;
#12449 = VERTEX_POINT ( 'NONE', #7774 ) ;
#12450 = CARTESIAN_POINT ( 'NONE',  ( 3.568332036170907440, 9.242953882361238271, -10.00000000000000000 ) ) ;
#12451 = CARTESIAN_POINT ( 'NONE',  ( 2.950000000000000178, -5.000000000000000000, -7.429999999999998828 ) ) ;
#12452 = DIRECTION ( 'NONE',  ( 1.000000000000000000, -0.000000000000000000, -0.000000000000000000 ) ) ;
#12453 = ORIENTED_EDGE ( 'NONE', *, *, #381, .T. ) ;
#12454 = DIRECTION ( 'NONE',  ( -0.000000000000000000, 1.000000000000000000, -0.000000000000000000 ) ) ;
#12455 = VERTEX_POINT ( 'NONE', #5646 ) ;
#12456 =( GEOMETRIC_REPRESENTATION_CONTEXT ( 3 ) GLOBAL_UNCERTAINTY_ASSIGNED_CONTEXT ( ( #4765 ) ) GLOBAL_UNIT_ASSIGNED_CONTEXT ( ( #7621, #5809, #7877 ) ) REPRESENTATION_CONTEXT ( 'NONE', 'WORKASPACE' ) );
#12457 = CARTESIAN_POINT ( 'NONE',  ( 22.95000000000000284, -5.000000000000000000, -15.22999999999999687 ) ) ;
#12458 = ADVANCED_FACE ( 'NONE', ( #1627 ), #2185, .T. ) ;
#12459 = ORIENTED_EDGE ( 'NONE', *, *, #4975, .F. ) ;
#12460 = ORIENTED_EDGE ( 'NONE', *, *, #5107, .T. ) ;
#12461 = CARTESIAN_POINT ( 'NONE',  ( 12.94999999999999929, -5.000000000000000000, -7.429999999999998828 ) ) ;
#12462 = PLANE ( 'NONE',  #6475 ) ;
#12463 = AXIS2_PLACEMENT_3D ( 'NONE', #6759, #8625, #779 ) ;
#12464 = LINE ( 'NONE', #9336, #4000 ) ;
#12465 = ORIENTED_EDGE ( 'NONE', *, *, #7157, .T. ) ;
#12466 = EDGE_CURVE ( 'NONE', #8066, #5448, #3783, .T. ) ;
#12467 = CARTESIAN_POINT ( 'NONE',  ( 24.06833203617090788, 9.242953882361234719, 0.000000000000000000 ) ) ;
#12468 = EDGE_CURVE ( 'NONE', #4300, #854, #8554, .T. ) ;
#12469 = VERTEX_POINT ( 'NONE', #11619 ) ;
#12470 = FACE_OUTER_BOUND ( 'NONE', #5847, .T. ) ;
#12471 = ADVANCED_FACE ( 'NONE', ( #6748 ), #6615, .T. ) ;
#12472 = DIRECTION ( 'NONE',  ( -1.000000000000000000, -1.070256409758549784E-16, 0.000000000000000000 ) ) ;
#12473 = AXIS2_PLACEMENT_3D ( 'NONE', #8390, #8451, #3574 ) ;
#12474 = FACE_OUTER_BOUND ( 'NONE', #10714, .T. ) ;
#12475 = CARTESIAN_POINT ( 'NONE',  ( 14.54218007376454302, 14.75000000000000000, -2.385244779468109755E-15 ) ) ;
#12476 = ORIENTED_EDGE ( 'NONE', *, *, #711, .T. ) ;
#12477 = VERTEX_POINT ( 'NONE', #9507 ) ;
#12478 = CARTESIAN_POINT ( 'NONE',  ( 3.404608049195914532, 11.77659106982886428, -2.498455167896218576 ) ) ;
#12479 = EDGE_CURVE ( 'NONE', #713, #8379, #5838, .T. ) ;
#12480 = DIRECTION ( 'NONE',  ( -0.000000000000000000, -0.000000000000000000, 1.000000000000000000 ) ) ;
#12481 =( LENGTH_UNIT ( ) NAMED_UNIT ( * ) SI_UNIT ( .MILLI., .METRE. ) );
#12482 = VECTOR ( 'NONE', #5469, 1000.000000000000114 ) ;
#12483 = CARTESIAN_POINT ( 'NONE',  ( 10.00000000000000000, 0.7437402936630139738, -21.62877342318509477 ) ) ;
#12484 = CARTESIAN_POINT ( 'NONE',  ( 0.000000000000000000, 0.000000000000000000, 0.5000000000000000000 ) ) ;
#12485 = LINE ( 'NONE', #2477, #780 ) ;
#12486 = LINE ( 'NONE', #8528, #3337 ) ;
#12487 =( LENGTH_UNIT ( ) NAMED_UNIT ( * ) SI_UNIT ( .MILLI., .METRE. ) );
#12488 = CARTESIAN_POINT ( 'NONE',  ( 9.739141624366984828, 14.98520393037187937, -0.1652703644666174421 ) ) ;
#12489 = ORIENTED_EDGE ( 'NONE', *, *, #10363, .T. ) ;
#12490 = VERTEX_POINT ( 'NONE', #7591 ) ;
#12491 = SURFACE_SIDE_STYLE ('',( #5707 ) ) ;
#12492 = ADVANCED_FACE ( 'NONE', ( #11741 ), #656, .F. ) ;
#12493 = PLANE ( 'NONE',  #4264 ) ;
#12494 = EDGE_CURVE ( 'NONE', #5160, #10889, #9120, .T. ) ;
#12495 = CARTESIAN_POINT ( 'NONE',  ( 17.94999999999999929, 0.000000000000000000, -7.429999999999998828 ) ) ;
#12496 = LINE ( 'NONE', #1756, #1107 ) ;
#12497 = ORIENTED_EDGE ( 'NONE', *, *, #5930, .F. ) ;
#12498 = CARTESIAN_POINT ( 'NONE',  ( 15.00000000000000000, 0.000000000000000000, -21.62877342318509477 ) ) ;
#12499 = CARTESIAN_POINT ( 'NONE',  ( 11.19204127013635031, 14.56261116223706154, -0.04450167309611528788 ) ) ;
#12500 = CIRCLE ( 'NONE', #4930, 1.000000000000000888 ) ;
#12501 = LINE ( 'NONE', #8671, #2488 ) ;
#12502 = DIRECTION ( 'NONE',  ( -0.000000000000000000, -0.000000000000000000, 1.000000000000000000 ) ) ;
#12503 = ORIENTED_EDGE ( 'NONE', *, *, #2128, .T. ) ;
#12504 = DIRECTION ( 'NONE',  ( 0.000000000000000000, 0.000000000000000000, 1.000000000000000000 ) ) ;
#12505 = ORIENTED_EDGE ( 'NONE', *, *, #1458, .T. ) ;
#12506 = EDGE_CURVE ( 'NONE', #10114, #4576, #7738, .T. ) ;
#12507 = DIRECTION ( 'NONE',  ( 0.000000000000000000, 0.000000000000000000, -1.000000000000000000 ) ) ;
#12508 = ORIENTED_EDGE ( 'NONE', *, *, #10774, .T. ) ;
#12509 = DIRECTION ( 'NONE',  ( -0.000000000000000000, 1.000000000000000000, -0.000000000000000000 ) ) ;
#12510 = MECHANICAL_DESIGN_GEOMETRIC_PRESENTATION_REPRESENTATION (  '', ( #10066 ), #587 ) ;
#12511 = ORIENTED_EDGE ( 'NONE', *, *, #7927, .F. ) ;
#12512 = EDGE_LOOP ( 'NONE', ( #5520, #5491, #35, #11991, #3598, #2401 ) ) ;
#12513 = DIRECTION ( 'NONE',  ( -0.000000000000000000, -0.000000000000000000, 1.000000000000000000 ) ) ;
#12514 = DIRECTION ( 'NONE',  ( -2.026546116795335870E-16, 1.000000000000000000, -0.000000000000000000 ) ) ;
#12515 = UNCERTAINTY_MEASURE_WITH_UNIT (LENGTH_MEASURE( 1.000000000000000082E-05 ), #1360, 'distance_accuracy_value', 'NONE');
#12516 = ORIENTED_EDGE ( 'NONE', *, *, #2751, .F. ) ;
#12517 = DIRECTION ( 'NONE',  ( 0.000000000000000000, 0.000000000000000000, 1.000000000000000000 ) ) ;
#12518 = LINE ( 'NONE', #2531, #4496 ) ;
#12519 = ORIENTED_EDGE ( 'NONE', *, *, #10227, .T. ) ;
#12520 = STYLED_ITEM ( 'NONE', ( #9140 ), #10159 ) ;
#12521 = VERTEX_POINT ( 'NONE', #7902 ) ;
#12522 = LINE ( 'NONE', #4649, #4215 ) ;
#12523 = ORIENTED_EDGE ( 'NONE', *, *, #4902, .F. ) ;
#12524 = CARTESIAN_POINT ( 'NONE',  ( 0.5676884357430644901, 7.363962665405081154, -10.00000000000000000 ) ) ;
#12525 = ORIENTED_EDGE ( 'NONE', *, *, #2470, .T. ) ;
#12526 = DIRECTION ( 'NONE',  ( 2.026546116795335870E-16, -1.000000000000000000, 0.000000000000000000 ) ) ;
#12527 = AXIS2_PLACEMENT_3D ( 'NONE', #9774, #930, #12472 ) ;
#12528 = AXIS2_PLACEMENT_3D ( 'NONE', #189, #8093, #7145 ) ;
#12529 = CARTESIAN_POINT ( 'NONE',  ( 6.030000000000001137, 1.043671250149599536E-16, -12.00000000000000000 ) ) ;
#12530 = MECHANICAL_DESIGN_GEOMETRIC_PRESENTATION_REPRESENTATION (  '', ( #9666 ), #1854 ) ;
#12531 = STYLED_ITEM ( 'NONE', ( #1031 ), #9737 ) ;
#12532 = DIRECTION ( 'NONE',  ( -0.1736481776669304700, -0.000000000000000000, -0.9848077530122080203 ) ) ;
#12533 = EDGE_CURVE ( 'NONE', #6546, #7017, #6706, .T. ) ;
#12534 = FILL_AREA_STYLE ('',( #9230 ) ) ;
#12535 = EDGE_CURVE ( 'NONE', #4976, #3236, #10013, .T. ) ;
#12536 = ORIENTED_EDGE ( 'NONE', *, *, #11349, .T. ) ;
#12537 = LINE ( 'NONE', #3756, #6468 ) ;
#12538 = COLOUR_RGB ( '',0.8313725490196077761, 0.8392156862745098200, 0.8313725490196077761 ) ;
#12539 = AXIS2_PLACEMENT_3D ( 'NONE', #2840, #1651, #9701 ) ;
#12540 = CARTESIAN_POINT ( 'NONE',  ( 9.542180073764543025, 14.75000000000000000, -2.385244779468109755E-15 ) ) ;
#12541 = CARTESIAN_POINT ( 'NONE',  ( 24.83000000000000185, 11.77659106982886783, -12.00000000000000000 ) ) ;
#12542 = CARTESIAN_POINT ( 'NONE',  ( 5.567688435743064268, 7.363962665405081154, -10.00000000000000000 ) ) ;
#12543 = DIRECTION ( 'NONE',  ( 1.013273058397667935E-16, -1.000000000000000000, 0.000000000000000000 ) ) ;
#12544 = ORIENTED_EDGE ( 'NONE', *, *, #3306, .T. ) ;
#12545 = DIRECTION ( 'NONE',  ( -0.9848077530122080203, -1.995758327656830446E-16, -0.1736481776669308585 ) ) ;
#12546 = CIRCLE ( 'NONE', #10100, 0.9999999999999991118 ) ;
#12547 = ADVANCED_FACE ( 'NONE', ( #9061 ), #12008, .T. ) ;
#12548 = PRESENTATION_STYLE_ASSIGNMENT (( #3586 ) ) ;
#12549 = DIRECTION ( 'NONE',  ( 1.000000000000000000, 2.026546116795335870E-16, -0.000000000000000000 ) ) ;
#12550 = DIRECTION ( 'NONE',  ( 1.000000000000000000, 0.000000000000000000, -0.000000000000000000 ) ) ;
#12551 = ORIENTED_EDGE ( 'NONE', *, *, #12685, .T. ) ;
#12552 = ORIENTED_EDGE ( 'NONE', *, *, #3564, .F. ) ;
#12553 = FACE_OUTER_BOUND ( 'NONE', #3339, .T. ) ;
#12554 = FACE_OUTER_BOUND ( 'NONE', #10995, .T. ) ;
#12555 = DIRECTION ( 'NONE',  ( 1.000000000000000000, 0.000000000000000000, 0.000000000000000000 ) ) ;
#12556 = LINE ( 'NONE', #1883, #9739 ) ;
#12557 = CARTESIAN_POINT ( 'NONE',  ( 14.50844535013322734, 6.527550846378181504, -10.00000000000000000 ) ) ;
#12558 = PLANE ( 'NONE',  #4270 ) ;
#12559 = DIRECTION ( 'NONE',  ( 1.000000000000000000, -1.734723475976807094E-15, 0.000000000000000000 ) ) ;
#12560 =( NAMED_UNIT ( * ) SI_UNIT ( $, .STERADIAN. ) SOLID_ANGLE_UNIT ( ) );
#12561 = CYLINDRICAL_SURFACE ( 'NONE', #5301, 1.000000000000000000 ) ;
#12562 = ADVANCED_FACE ( 'NONE', ( #4237 ), #7001, .T. ) ;
#12563 = ADVANCED_FACE ( 'NONE', ( #12078 ), #11937, .T. ) ;
#12564 = FACE_OUTER_BOUND ( 'NONE', #12029, .T. ) ;
#12565 = CARTESIAN_POINT ( 'NONE',  ( 10.00000000000000000, 10.77659106982886783, -1.974724807276290628 ) ) ;
#12566 =( NAMED_UNIT ( * ) SI_UNIT ( $, .STERADIAN. ) SOLID_ANGLE_UNIT ( ) );
#12567 = DIRECTION ( 'NONE',  ( 1.000000000000000000, 0.000000000000000000, 0.000000000000000000 ) ) ;
#12568 = ORIENTED_EDGE ( 'NONE', *, *, #7558, .F. ) ;
#12569 = CARTESIAN_POINT ( 'NONE',  ( 9.739141624366984828, 14.98520393037187937, -0.1652703644666174421 ) ) ;
#12570 =( NAMED_UNIT ( * ) SI_UNIT ( $, .STERADIAN. ) SOLID_ANGLE_UNIT ( ) );
#12571 = DIRECTION ( 'NONE',  ( -0.000000000000000000, -0.000000000000000000, 1.000000000000000000 ) ) ;
#12572 = ORIENTED_EDGE ( 'NONE', *, *, #9709, .T. ) ;
#12573 = DIRECTION ( 'NONE',  ( 0.000000000000000000, -1.000000000000000000, 0.000000000000000000 ) ) ;
#12574 = ORIENTED_EDGE ( 'NONE', *, *, #11381, .T. ) ;
#12575 = DIRECTION ( 'NONE',  ( 0.000000000000000000, -1.000000000000000000, 0.000000000000000000 ) ) ;
#12576 = DIRECTION ( 'NONE',  ( -0.000000000000000000, -0.000000000000000000, 1.000000000000000000 ) ) ;
#12577 = ORIENTED_EDGE ( 'NONE', *, *, #12270, .F. ) ;
#12578 = ADVANCED_FACE ( 'NONE', ( #1112 ), #3139, .F. ) ;
#12579 = PRESENTATION_STYLE_ASSIGNMENT (( #3026 ) ) ;
#12580 = AXIS2_PLACEMENT_3D ( 'NONE', #1704, #1588, #10284 ) ;
#12581 = SURFACE_STYLE_FILL_AREA ( #6462 ) ;
#12582 = ORIENTED_EDGE ( 'NONE', *, *, #299, .F. ) ;
#12583 = CARTESIAN_POINT ( 'NONE',  ( 2.950000000000000178, -4.599999999999999645, -7.429999999999998828 ) ) ;
#12584 = VERTEX_POINT ( 'NONE', #11160 ) ;
#12585 = UNCERTAINTY_MEASURE_WITH_UNIT (LENGTH_MEASURE( 1.000000000000000082E-05 ), #256, 'distance_accuracy_value', 'NONE');
#12586 = STYLED_ITEM ( 'NONE', ( #802 ), #1173 ) ;
#12587 = DIRECTION ( 'NONE',  ( -2.922285384827992868E-16, 1.000000000000000000, 0.000000000000000000 ) ) ;
#12588 = PLANE ( 'NONE',  #7008 ) ;
#12589 = ORIENTED_EDGE ( 'NONE', *, *, #1248, .F. ) ;
#12590 = FACE_OUTER_BOUND ( 'NONE', #3579, .T. ) ;
#12591 = EDGE_LOOP ( 'NONE', ( #6313, #3021, #1777, #7750 ) ) ;
#12592 = CARTESIAN_POINT ( 'NONE',  ( 11.67576706438588019, 2.730887774041955929, 0.000000000000000000 ) ) ;
#12593 = LINE ( 'NONE', #6771, #3331 ) ;
#12594 = CARTESIAN_POINT ( 'NONE',  ( 10.00000000000000000, 10.99999999999997158, -1.000000000000000000 ) ) ;
#12595 = CIRCLE ( 'NONE', #5032, 1.000000000000000888 ) ;
#12596 = AXIS2_PLACEMENT_3D ( 'NONE', #5436, #11406, #442 ) ;
#12597 =( NAMED_UNIT ( * ) PLANE_ANGLE_UNIT ( ) SI_UNIT ( $, .RADIAN. ) );
#12598 = ORIENTED_EDGE ( 'NONE', *, *, #7042, .F. ) ;
#12599 = VECTOR ( 'NONE', #5682, 1000.000000000000000 ) ;
#12600 = VERTEX_POINT ( 'NONE', #10378 ) ;
#12601 = CARTESIAN_POINT ( 'NONE',  ( 32.00000000000000000, 0.000000000000000000, -1.000000000000007105 ) ) ;
#12602 = VECTOR ( 'NONE', #8118, 1000.000000000000000 ) ;
#12603 = CIRCLE ( 'NONE', #9549, 0.9999999999999991118 ) ;
#12604 = AXIS2_PLACEMENT_3D ( 'NONE', #9412, #12734, #5680 ) ;
#12605 = DIRECTION ( 'NONE',  ( -0.000000000000000000, -0.000000000000000000, 1.000000000000000000 ) ) ;
#12606 = FILL_AREA_STYLE_COLOUR ( '', #8992 ) ;
#12607 =( GEOMETRIC_REPRESENTATION_CONTEXT ( 3 ) GLOBAL_UNCERTAINTY_ASSIGNED_CONTEXT ( ( #1158 ) ) GLOBAL_UNIT_ASSIGNED_CONTEXT ( ( #11602, #6603, #7446 ) ) REPRESENTATION_CONTEXT ( 'NONE', 'WORKASPACE' ) );
#12608 = VERTEX_POINT ( 'NONE', #3271 ) ;
#12609 = ADVANCED_FACE ( 'NONE', ( #5514 ), #5332, .T. ) ;
#12610 = CARTESIAN_POINT ( 'NONE',  ( 27.95000000000000284, -5.000000000000000000, -15.44268377266459424 ) ) ;
#12611 = LINE ( 'NONE', #8782, #2134 ) ;
#12612 = AXIS2_PLACEMENT_3D ( 'NONE', #319, #9362, #11280 ) ;
#12613 = FACE_OUTER_BOUND ( 'NONE', #8189, .T. ) ;
#12614 = VECTOR ( 'NONE', #8629, 1000.000000000000000 ) ;
#12615 = AXIS2_PLACEMENT_3D ( 'NONE', #4904, #3690, #6637 ) ;
#12616 = CARTESIAN_POINT ( 'NONE',  ( 14.74394556828655034, 14.99501846973960184, -0.1925148842800874782 ) ) ;
#12617 = SURFACE_STYLE_FILL_AREA ( #11858 ) ;
#12618 = ORIENTED_EDGE ( 'NONE', *, *, #11603, .F. ) ;
#12619 = AXIS2_PLACEMENT_3D ( 'NONE', #5896, #5822, #9729 ) ;
#12620 = EDGE_LOOP ( 'NONE', ( #12080, #10456, #452, #10706 ) ) ;
#12621 = DIRECTION ( 'NONE',  ( -1.000000000000000000, -1.013273058397667935E-16, -0.000000000000000000 ) ) ;
#12622 = DIRECTION ( 'NONE',  ( 1.000000000000000000, 2.026546116795335870E-16, -0.000000000000000000 ) ) ;
#12623 = MECHANICAL_DESIGN_GEOMETRIC_PRESENTATION_REPRESENTATION (  '', ( #3439 ), #8354 ) ;
#12624 = AXIS2_PLACEMENT_3D ( 'NONE', #6034, #6164, #74 ) ;
#12625 = EDGE_CURVE ( 'NONE', #6178, #1774, #2428, .T. ) ;
#12626 = CARTESIAN_POINT ( 'NONE',  ( 25.56768843574306516, 7.363962665405081154, -10.00000000000000000 ) ) ;
#12627 = SURFACE_STYLE_USAGE ( .BOTH. , #6991 ) ;
#12628 = AXIS2_PLACEMENT_3D ( 'NONE', #8977, #5115, #11975 ) ;
#12629 = DIRECTION ( 'NONE',  ( -0.000000000000000000, -0.000000000000000000, 1.000000000000000000 ) ) ;
#12630 = DIRECTION ( 'NONE',  ( 0.000000000000000000, -1.000000000000000000, 0.000000000000000000 ) ) ;
#12631 = CARTESIAN_POINT ( 'NONE',  ( 9.830000000000001847, 11.77659106982886783, -12.00000000000000000 ) ) ;
#12632 = AXIS2_PLACEMENT_3D ( 'NONE', #10527, #1700, #9754 ) ;
#12633 = SURFACE_SIDE_STYLE ('',( #10772 ) ) ;
#12634 = ORIENTED_EDGE ( 'NONE', *, *, #6988, .F. ) ;
#12635 = EDGE_CURVE ( 'NONE', #6293, #9093, #12194, .T. ) ;
#12636 = DIRECTION ( 'NONE',  ( 1.000000000000000000, 2.081668171172168513E-14, 0.000000000000000000 ) ) ;
#12637 = STYLED_ITEM ( 'NONE', ( #1212 ), #4494 ) ;
#12638 = SURFACE_SIDE_STYLE ('',( #7710 ) ) ;
#12639 =( NAMED_UNIT ( * ) SI_UNIT ( $, .STERADIAN. ) SOLID_ANGLE_UNIT ( ) );
#12640 = COLOUR_RGB ( '',1.000000000000000000, 0.5019607843137254832, 0.5019607843137254832 ) ;
#12641 = ORIENTED_EDGE ( 'NONE', *, *, #5111, .T. ) ;
#12642 = FILL_AREA_STYLE ('',( #6681 ) ) ;
#12643 = VERTEX_POINT ( 'NONE', #8228 ) ;
#12644 = EDGE_CURVE ( 'NONE', #3037, #1357, #7444, .T. ) ;
#12645 = FILL_AREA_STYLE_COLOUR ( '', #4388 ) ;
#12646 = ADVANCED_FACE ( 'NONE', ( #3411 ), #2359, .T. ) ;
#12647 = VECTOR ( 'NONE', #1873, 1000.000000000000000 ) ;
#12648 = ORIENTED_EDGE ( 'NONE', *, *, #9192, .F. ) ;
#12649 =( NAMED_UNIT ( * ) SI_UNIT ( $, .STERADIAN. ) SOLID_ANGLE_UNIT ( ) );
#12650 = AXIS2_PLACEMENT_3D ( 'NONE', #6740, #7586, #6800 ) ;
#12651 = UNCERTAINTY_MEASURE_WITH_UNIT (LENGTH_MEASURE( 1.000000000000000082E-05 ), #10718, 'distance_accuracy_value', 'NONE');
#12652 = EDGE_CURVE ( 'NONE', #7406, #5268, #5272, .T. ) ;
#12653 = DIRECTION ( 'NONE',  ( -1.000000000000000000, -1.013273058397667935E-16, 0.000000000000000000 ) ) ;
#12654 = ORIENTED_EDGE ( 'NONE', *, *, #9708, .F. ) ;
#12655 = COLOUR_RGB ( '',1.000000000000000000, 0.5019607843137254832, 0.5019607843137254832 ) ;
#12656 = LINE ( 'NONE', #1778, #10985 ) ;
#12657 = FACE_BOUND ( 'NONE', #3944, .T. ) ;
#12658 = CARTESIAN_POINT ( 'NONE',  ( 12.94999999999999929, -5.000000000000000000, -15.62999999999999723 ) ) ;
#12659 = CARTESIAN_POINT ( 'NONE',  ( 15.00000000000000000, 11.77659106982886783, -12.00000000000000000 ) ) ;
#12660 = ORIENTED_EDGE ( 'NONE', *, *, #9797, .T. ) ;
#12661 = CARTESIAN_POINT ( 'NONE',  ( 26.16336522494685823, 14.92559238504415120, -0.06527167913285260303 ) ) ;
#12662 = CARTESIAN_POINT ( 'NONE',  ( 17.94999999999999929, -5.000000000000000000, -15.62999999999999723 ) ) ;
#12663 = ORIENTED_EDGE ( 'NONE', *, *, #2100, .F. ) ;
#12664 = EDGE_CURVE ( 'NONE', #2894, #7909, #694, .T. ) ;
#12665 = ORIENTED_EDGE ( 'NONE', *, *, #2857, .F. ) ;
#12666 = FACE_OUTER_BOUND ( 'NONE', #1244, .T. ) ;
#12667 = EDGE_CURVE ( 'NONE', #675, #9924, #4035, .T. ) ;
#12668 = EDGE_CURVE ( 'NONE', #1843, #11303, #3482, .T. ) ;
#12669 = ORIENTED_EDGE ( 'NONE', *, *, #3140, .T. ) ;
#12670 = FACE_OUTER_BOUND ( 'NONE', #8141, .T. ) ;
#12671 = FACE_OUTER_BOUND ( 'NONE', #2550, .T. ) ;
#12672 = CARTESIAN_POINT ( 'NONE',  ( 19.62438863714459458, 14.84182919310037896, -0.01225122353436448701 ) ) ;
#12673 = SURFACE_STYLE_USAGE ( .BOTH. , #1917 ) ;
#12674 = ORIENTED_EDGE ( 'NONE', *, *, #11600, .F. ) ;
#12675 = CARTESIAN_POINT ( 'NONE',  ( 18.03909090176839314, 0.000000000000000000, -16.50000000000000000 ) ) ;
#12676 = UNCERTAINTY_MEASURE_WITH_UNIT (LENGTH_MEASURE( 1.000000000000000082E-05 ), #6389, 'distance_accuracy_value', 'NONE');
#12677 = VERTEX_POINT ( 'NONE', #8412 ) ;
#12678 = PLANE ( 'NONE',  #3601 ) ;
#12679 = AXIS2_PLACEMENT_3D ( 'NONE', #995, #2201, #11128 ) ;
#12680 = ADVANCED_FACE ( 'NONE', ( #3535 ), #9435, .F. ) ;
#12681 = MECHANICAL_DESIGN_GEOMETRIC_PRESENTATION_REPRESENTATION (  '', ( #6741 ), #6355 ) ;
#12682 = DIRECTION ( 'NONE',  ( -0.000000000000000000, -0.000000000000000000, 1.000000000000000000 ) ) ;
#12683 = DIRECTION ( 'NONE',  ( -1.000000000000000000, 0.000000000000000000, 0.000000000000000000 ) ) ;
#12684 = ORIENTED_EDGE ( 'NONE', *, *, #11870, .F. ) ;
#12685 = EDGE_CURVE ( 'NONE', #2005, #2894, #8472, .T. ) ;
#12686 = CARTESIAN_POINT ( 'NONE',  ( 9.830000000000001847, 13.99999999999999112, -12.00000000000000000 ) ) ;
#12687 = CARTESIAN_POINT ( 'NONE',  ( 19.66795872986364913, 14.56261116223706154, -0.04450167309611560706 ) ) ;
#12688 = CARTESIAN_POINT ( 'NONE',  ( 29.94855866409555034, 5.698981658683065277, -10.00000000000000000 ) ) ;
#12689 = CARTESIAN_POINT ( 'NONE',  ( 14.74897559759705246, 15.00000000000000000, -0.2210415980608901598 ) ) ;
#12690 = CYLINDRICAL_SURFACE ( 'NONE', #896, 0.5000000000000000000 ) ;
#12691 = VERTEX_POINT ( 'NONE', #3341 ) ;
#12692 = ORIENTED_EDGE ( 'NONE', *, *, #10207, .F. ) ;
#12693 = CIRCLE ( 'NONE', #6148, 1.000000000000000888 ) ;
#12694 = VECTOR ( 'NONE', #4993, 1000.000000000000000 ) ;
#12695 = FACE_OUTER_BOUND ( 'NONE', #7244, .T. ) ;
#12696 = LINE ( 'NONE', #5066, #2355 ) ;
#12697 = CARTESIAN_POINT ( 'NONE',  ( 5.030000000000001137, 10.99999999999997158, 0.000000000000000000 ) ) ;
#12698 = DIRECTION ( 'NONE',  ( 0.000000000000000000, -1.000000000000000000, 0.000000000000000000 ) ) ;
#12699 = DIRECTION ( 'NONE',  ( 1.000000000000000000, 0.000000000000000000, 0.000000000000000000 ) ) ;
#12700 = AXIS2_PLACEMENT_3D ( 'NONE', #4094, #2023, #8026 ) ;
#12701 = UNCERTAINTY_MEASURE_WITH_UNIT (LENGTH_MEASURE( 1.000000000000000082E-05 ), #2107, 'distance_accuracy_value', 'NONE');
#12702 = CARTESIAN_POINT ( 'NONE',  ( 10.00000000000000000, -3.659182332138577465E-16, -21.62877342318509477 ) ) ;
#12703 = ADVANCED_FACE ( 'NONE', ( #6295 ), #12493, .F. ) ;
#12704 = CARTESIAN_POINT ( 'NONE',  ( 6.120858375633013715, 14.98520393037187581, -0.1652703644666149441 ) ) ;
#12705 = DIRECTION ( 'NONE',  ( 2.026546116795335870E-16, -1.000000000000000000, 0.000000000000000000 ) ) ;
#12706 = ORIENTED_EDGE ( 'NONE', *, *, #4853, .T. ) ;
#12707 = ADVANCED_FACE ( 'NONE', ( #3659 ), #4863, .F. ) ;
#12708 = CARTESIAN_POINT ( 'NONE',  ( 26.56768843574306516, 0.000000000000000000, 0.000000000000000000 ) ) ;
#12709 = AXIS2_PLACEMENT_3D ( 'NONE', #8994, #7823, #11861 ) ;
#12710 = ADVANCED_FACE ( 'NONE', ( #12554 ), #1879, .F. ) ;
#12711 = FILL_AREA_STYLE ('',( #10455 ) ) ;
#12712 = SURFACE_STYLE_FILL_AREA ( #133 ) ;
#12713 = VERTEX_POINT ( 'NONE', #9553 ) ;
#12714 =( LENGTH_UNIT ( ) NAMED_UNIT ( * ) SI_UNIT ( .MILLI., .METRE. ) );
#12715 = ORIENTED_EDGE ( 'NONE', *, *, #11267, .F. ) ;
#12716 = DIRECTION ( 'NONE',  ( -2.026546116795335870E-16, 1.000000000000000000, -0.000000000000000000 ) ) ;
#12717 = CARTESIAN_POINT ( 'NONE',  ( 11.03000000000000114, 1.043671250149599536E-16, -12.00000000000000000 ) ) ;
#12718 =( LENGTH_UNIT ( ) NAMED_UNIT ( * ) SI_UNIT ( .MILLI., .METRE. ) );
#12719 = DIRECTION ( 'NONE',  ( 1.000000000000000000, 0.000000000000000000, 0.000000000000000000 ) ) ;
#12720 = LINE ( 'NONE', #8816, #2333 ) ;
#12721 = EDGE_CURVE ( 'NONE', #10643, #1634, #8602, .T. ) ;
#12722 = ORIENTED_EDGE ( 'NONE', *, *, #5806, .F. ) ;
#12723 = DIRECTION ( 'NONE',  ( -0.000000000000000000, 1.000000000000000000, -0.000000000000000000 ) ) ;
#12724 = ORIENTED_EDGE ( 'NONE', *, *, #1560, .T. ) ;
#12725 = LINE ( 'NONE', #11831, #5042 ) ;
#12726 = FILL_AREA_STYLE_COLOUR ( '', #1428 ) ;
#12727 = VECTOR ( 'NONE', #5513, 1000.000000000000000 ) ;
#12728 = EDGE_LOOP ( 'NONE', ( #7305, #5670, #1805, #10203 ) ) ;
#12729 = ORIENTED_EDGE ( 'NONE', *, *, #9468, .T. ) ;
#12730 = PRESENTATION_STYLE_ASSIGNMENT (( #7100 ) ) ;
#12731 = ORIENTED_EDGE ( 'NONE', *, *, #1548, .T. ) ;
#12732 = LINE ( 'NONE', #8826, #8742 ) ;
#12733 = DIRECTION ( 'NONE',  ( 0.000000000000000000, -0.000000000000000000, -1.000000000000000000 ) ) ;
#12734 = DIRECTION ( 'NONE',  ( 0.000000000000000000, -1.000000000000000000, -0.000000000000000000 ) ) ;
#12735 = VECTOR ( 'NONE', #7291, 1000.000000000000000 ) ;
#12736 = EDGE_CURVE ( 'NONE', #334, #1545, #2627, .T. ) ;
#12737 = EDGE_CURVE ( 'NONE', #8884, #9190, #5377, .T. ) ;
#12738 = ADVANCED_FACE ( 'NONE', ( #9616 ), #11598, .T. ) ;
#12739 = CARTESIAN_POINT ( 'NONE',  ( 5.000000000000000000, 15.00000000000000000, -12.00000000000000000 ) ) ;
#12740 =( NAMED_UNIT ( * ) SI_UNIT ( $, .STERADIAN. ) SOLID_ANGLE_UNIT ( ) );
#12741 = ORIENTED_EDGE ( 'NONE', *, *, #8114, .F. ) ;
#12742 = LINE ( 'NONE', #11774, #1916 ) ;
#12743 = DIRECTION ( 'NONE',  ( 0.000000000000000000, 1.000000000000000000, -0.000000000000000000 ) ) ;
#12744 = ORIENTED_EDGE ( 'NONE', *, *, #9440, .T. ) ;
#12745 = VERTEX_POINT ( 'NONE', #9928 ) ;
#12746 = CARTESIAN_POINT ( 'NONE',  ( 21.56768843574306516, 7.363962665405081154, 0.000000000000000000 ) ) ;
#12747 = CARTESIAN_POINT ( 'NONE',  ( 0.000000000000000000, 10.99999999999997158, 0.000000000000000000 ) ) ;
#12748 = ORIENTED_EDGE ( 'NONE', *, *, #7006, .T. ) ;
#12749 = PLANE ( 'NONE',  #7543 ) ;
#12750 = CARTESIAN_POINT ( 'NONE',  ( 11.12172775006447445, 6.531472162044073215, -10.00000000000000000 ) ) ;
#12751 = COLOUR_RGB ( '',0.8313725490196077761, 0.8392156862745098200, 0.8313725490196077761 ) ;
#12752 = DIRECTION ( 'NONE',  ( 0.000000000000000000, -1.000000000000000000, 0.000000000000000000 ) ) ;
#12753 = EDGE_CURVE ( 'NONE', #5139, #1203, #6684, .T. ) ;
#12754 = UNCERTAINTY_MEASURE_WITH_UNIT (LENGTH_MEASURE( 1.000000000000000082E-05 ), #4373, 'distance_accuracy_value', 'NONE');
#12755 = COLOUR_RGB ( '',1.000000000000000000, 0.5019607843137254832, 0.5019607843137254832 ) ;
#12756 = DIRECTION ( 'NONE',  ( 0.000000000000000000, -1.000000000000000000, -0.000000000000000000 ) ) ;
#12757 =( NAMED_UNIT ( * ) PLANE_ANGLE_UNIT ( ) SI_UNIT ( $, .RADIAN. ) );
#12758 = ORIENTED_EDGE ( 'NONE', *, *, #7392, .F. ) ;
#12759 = EDGE_LOOP ( 'NONE', ( #2793, #11230, #3768, #1632 ) ) ;
#12760 = ADVANCED_FACE ( 'NONE', ( #10957 ), #950, .T. ) ;
#12761 = COLOUR_RGB ( '',1.000000000000000000, 0.5019607843137254832, 0.5019607843137254832 ) ;
#12762 = B_SPLINE_CURVE_WITH_KNOTS ( 'NONE', 3,
 ( #4828, #8761, #12661, #6888, #7794, #11692 ),
 .UNSPECIFIED., .F., .F.,
 ( 4, 2, 4 ),
 ( 1.273937552670463280E-18, 0.0001836758004188033730, 0.0003673516008376054450 ),
 .UNSPECIFIED. ) ;
#12763 = DIRECTION ( 'NONE',  ( 0.000000000000000000, -1.000000000000000000, 0.000000000000000000 ) ) ;
#12764 = LINE ( 'NONE', #4999, #9953 ) ;
#12765 = CYLINDRICAL_SURFACE ( 'NONE', #700, 0.5000000000000004441 ) ;
#12766 = LINE ( 'NONE', #3849, #9606 ) ;
#12767 = DIRECTION ( 'NONE',  ( -0.000000000000000000, -0.000000000000000000, 1.000000000000000000 ) ) ;
#12768 = CARTESIAN_POINT ( 'NONE',  ( 17.94999999999999929, 0.000000000000000000, -15.62999999999999723 ) ) ;
#12769 = EDGE_LOOP ( 'NONE', ( #11436, #1215, #7560, #12001 ) ) ;
#12770 = DIRECTION ( 'NONE',  ( 0.000000000000000000, 0.000000000000000000, 1.000000000000000000 ) ) ;
#12771 = CARTESIAN_POINT ( 'NONE',  ( 20.00000000000000000, 0.7437402936630139738, -18.00000000000000355 ) ) ;
#12772 = ORIENTED_EDGE ( 'NONE', *, *, #8097, .T. ) ;
#12773 = AXIS2_PLACEMENT_3D ( 'NONE', #10892, #2086, #6018 ) ;
ENDSEC;
END-ISO-10303-21;
