Fast movement, end-to-end 2.5s
Good movement without issues, obviously the trolley can't get end to end in this time frame
99367,86,5218,0,5218,5218,N,0,6500
99372,81,4915,1,303,4914,N,282,6500
99377,76,4611,2,303,4609,N,346,6500
99382,72,4369,4,242,4365,N,446,6500
99387,67,4065,6,303,4059,N,528,6500
99402,62,3762,16,303,3746,N,824,6500
99424,57,3458,39,303,3419,N,1264,6500
99453,52,3155,84,303,3071,N,1841,6500
99616,48,2912,650,242,2262,T,5115,6500
99621,43,2609,676,303,1933,T,5225,6500
99626,38,2305,702,303,1603,T,5305,6500
99631,33,2002,729,303,1273,T,5412,6500
99636,28,1699,756,303,943,T,5471,6500
99641,4,242,784,1456,541,T,5449,6500
99646,9,546,811,303,264,T,5427,6500
99651,14,849,838,303,11,T,5398,6500
99674,19,1152,961,303,191,T,5291,6500
99702,24,1456,1107,303,349,T,5148,6500
99729,28,1699,1245,242,454,T,5012,6500
99779,38,2305,1489,606,816,T,4759,6500
99802,43,2609,1597,303,1012,T,4645,6500
99849,52,3155,1810,546,1345,T,4417,6500
99982,62,3762,2350,606,1412,T,3755,6500
99986,67,4065,2367,303,1698,T,3734,6500
99990,72,4369,2382,303,1987,T,3703,6500
99994,76,4611,2397,242,2214,T,3690,6500
100024,86,5218,2508,606,2710,T,3724,6500
100050,91,5522,2606,303,2916,T,3853,6500
100088,96,5825,2756,303,3069,N,4046,6500
100103,101,6128,2817,303,3311,N,4113,6500
100136,105,6371,2962,242,3409,N,4739,6500
100150,110,6675,3030,303,3645,N,4996,6500
100174,115,6978,3156,303,3822,N,5486,6500
100203,120,7281,3324,303,3957,N,6056,6500
100233,125,7585,3514,303,4071,N,6498,6500
100264,129,7828,3715,242,4113,N,6498,6500
100293,134,8131,3904,303,4227,N,6498,6500
100305,139,8434,3982,303,4452,N,6498,6500
100324,144,8738,4105,303,4633,N,6498,6500
100359,149,9041,4333,303,4708,N,6498,6500
100378,153,9284,4456,242,4828,N,6498,6500
100425,163,9891,4762,606,5129,N,6498,6500
100451,168,10194,4931,303,5263,N,6498,6500
100496,173,10498,5223,303,5275,N,6498,6500
100514,178,10801,5340,303,5461,N,6498,6500
100549,182,11044,5568,242,5476,N,6498,6500
100593,187,11347,5854,303,5493,N,6498,6500
100611,197,11954,5970,606,5984,N,6498,6500
100628,202,12257,6081,303,6176,N,6498,6500
100650,206,12500,6224,242,6276,N,6498,6500
100708,216,13107,6601,606,6506,N,6498,6500
100816,221,13410,7302,303,6108,N,6498,6500
100821,226,13714,7335,303,6379,N,6498,6500
100832,235,14260,7407,546,6853,N,6498,6500
100837,240,14563,7439,303,7124,N,6498,6500
100857,245,14867,7569,303,7298,N,6498,6500
100908,250,15170,7901,303,7269,N,6498,6500
100929,255,15474,8035,303,7439,N,6498,6500
100953,245,14867,8193,606,6674,N,6498,6500
100974,240,14563,8329,303,6234,N,6498,6500
101007,235,14260,8544,303,5716,N,6498,6500
101025,230,13956,8661,303,5295,N,6498,6500
101049,226,13714,8817,242,4897,N,6498,6500
101110,221,13410,9214,303,4196,N,6498,6500
101126,211,12803,9317,606,3486,N,6498,6500
101213,206,12500,9883,303,2617,T,6498,6500
101218,202,12257,9915,242,2342,T,6498,6500
101226,197,11954,9968,303,1986,T,6498,6500
101231,192,11651,10000,303,1651,T,6498,6500
101249,187,11347,10116,303,1231,T,6420,6500
101431,182,11044,11202,303,157,T,5509,6500
101436,178,10801,11229,242,427,T,5494,6500
101441,168,10194,11258,606,1063,T,5464,6500
101446,163,9891,11284,303,1392,T,5434,6500
101451,158,9587,11311,303,1723,T,5412,6500
101456,153,9284,11338,303,2053,T,5390,6500
101461,149,9041,11365,242,2323,T,5361,6500
101488,144,8738,11508,303,2769,T,5232,6500
101531,134,8131,11728,606,3596,N,5018,6500
101553,129,7828,11838,303,4009,N,4851,6500
101574,125,7585,11935,242,4349,N,4429,6500
101616,120,7281,12103,303,4821,N,3600,6500
101630,115,6978,12151,303,5172,N,3305,6500
101675,105,6371,12280,606,5908,N,2421,6500
101724,101,6128,12375,242,6246,N,1441,6500
101751,91,5522,12407,606,6884,N,915,6500
101780,86,5218,12426,303,7207,N,282,6500
101829,81,4915,12412,303,7496,N,-848,6500
101834,76,4611,12408,303,7796,N,-938,6500
101880,67,4065,12344,546,8278,N,-1876,6500
101906,62,3762,12288,303,8525,N,-2389,6500
101953,52,3155,12154,606,8998,N,-3325,6500
101975,48,2912,12076,242,9163,N,-3762,6500
102005,43,2609,11954,303,9344,N,-4357,6500
102028,38,2305,11848,303,9542,N,-4851,6500
102050,33,2002,11737,303,9734,N,-5263,6500
102131,4,242,11248,1759,11005,N,-6498,6500
102136,9,546,11216,303,10669,N,-6498,6500
102150,14,849,11125,303,10275,N,-6498,6500
102175,19,1152,10962,303,9809,N,-6498,6500
102205,24,1456,10767,303,9310,N,-6498,6500
102230,28,1699,10605,242,8905,N,-6498,6500
102274,38,2305,10319,606,8013,N,-6498,6500
102325,48,2912,9987,606,7074,N,-6498,6500
102443,52,3155,9221,242,6065,N,-6498,6500
102448,62,3762,9188,606,5425,N,-6498,6500
102485,67,4065,8948,303,4882,N,-6498,6500
102512,76,4611,8772,546,4160,N,-6498,6500
102525,86,5218,8687,606,3468,N,-6498,6500
102566,91,5522,8421,303,2898,T,-6498,6500
102605,101,6128,8168,606,2039,T,-6394,6500
102626,105,6371,8036,242,1664,T,-6289,6500
102649,110,6675,7892,303,1216,T,-6172,6500
102687,115,6978,7661,303,682,T,-5992,6500
102724,120,7281,7443,303,161,T,-5801,6500
102758,129,7828,7249,546,579,T,-5629,6500
102805,139,8434,6989,606,1445,T,-5398,6500
102824,144,8738,6888,303,1850,T,-5305,6500
102850,149,9041,6752,303,2289,T,-5167,6500
102950,153,9284,6259,242,3025,N,-4670,6500
102962,163,9891,6207,606,3684,N,-4613,6500
102975,168,10194,6144,303,4050,N,-4459,6500
103005,178,10801,6018,606,4783,N,-3857,6500
103025,182,11044,5945,242,5099,N,-3478,6500
103075,192,11651,5795,606,5856,N,-2489,6500
103105,197,11954,5729,303,6225,N,-1895,6500
103128,202,12257,5691,303,6566,N,-1441,6500
103153,206,12500,5661,242,6839,N,-938,6500
103256,216,13107,5680,606,7427,N,1326,6500
103261,221,13410,5687,303,7723,N,1413,6500
103266,226,13714,5694,303,8020,N,1522,6500
103274,230,13956,5706,242,8250,N,1670,6500
103306,235,14260,5770,303,8490,N,2322,6500
103325,240,14563,5818,303,8745,N,2710,6500
103357,245,14867,5914,303,8953,N,3325,6500
103406,255,15474,6101,606,9373,N,4321,6500
103431,250,15170,6216,303,8954,N,4810,6500
103471,245,14867,6424,303,8443,N,5645,6500
103487,240,14563,6517,303,8046,N,5943,6500
103525,235,14260,6756,303,7504,N,6498,6500
103554,226,13714,6945,546,6769,N,6498,6500
103575,221,13410,7081,303,6329,N,6498,6500
103606,216,13107,7283,303,5824,N,6498,6500
103625,211,12803,7406,303,5397,N,6498,6500
103649,206,12500,7562,303,4938,N,6498,6500
103674,202,12257,7724,242,4533,N,6498,6500
103725,192,11651,8056,606,3595,N,6498,6500
103769,187,11347,8342,303,3005,N,6498,6500
103775,182,11044,8381,303,2663,T,6498,6500
103805,178,10801,8576,242,2225,T,6430,6500
103824,173,10498,8697,303,1801,T,6344,6500
103849,168,10194,8854,303,1340,T,6211,6500
103874,163,9891,9008,303,883,T,6088,6500
103924,158,9587,9306,303,281,T,5839,6500
103949,149,9041,9451,546,409,T,5714,6500
103974,144,8738,9592,303,853,T,5590,6500
104024,139,8434,9866,303,1431,T,5347,6500
104077,129,7828,10142,606,2313,T,5079,6500
104082,125,7585,10166,242,2580,T,5056,6500
104106,120,7281,10286,303,3004,N,4935,6500
104124,115,6978,10374,303,3395,N,4842,6500
104149,110,6675,10490,303,3814,N,4352,6500
104281,101,6128,10892,546,4763,N,1730,6500
104286,91,5522,10900,606,5377,N,1624,6500
104306,81,4915,10929,606,6013,N,1232,6500
104350,72,4369,10964,546,6594,N,346,6500
104381,67,4065,10963,303,6897,N,-489,6500
104407,62,3762,10945,303,7182,N,-979,6500
104437,57,3458,10907,303,7448,N,-1598,6500
104452,52,3155,10882,303,7726,N,-1876,6500
104487,48,2912,10804,242,7891,N,-2599,6500
104512,43,2609,10733,303,8123,N,-3103,6500
104549,38,2305,10605,303,8299,N,-3835,6500
104577,33,2002,10490,303,8487,N,-4393,6500
104607,4,242,10350,1759,10107,N,-4996,6500
104650,14,849,10117,606,9267,N,-5830,6500
104675,19,1152,9965,303,8812,N,-6364,6500
104707,24,1456,9757,303,8300,N,-6498,6500
104725,28,1699,9640,242,7940,N,-6498,6500
104774,38,2305,9322,606,7016,N,-6498,6500
104807,43,2609,9107,303,6497,N,-6498,6500
104850,48,2912,8828,303,5915,N,-6498,6500
104874,57,3458,8672,546,5213,N,-6498,6500
104925,67,4065,8345,606,4279,N,-6498,6500
104950,72,4369,8178,303,3808,N,-6498,6500
105107,76,4611,7158,242,2546,T,-6498,6500
105112,86,5218,7125,606,1906,T,-6498,6500
105117,91,5522,7093,303,1570,T,-6498,6500
105122,96,5825,7061,303,1235,T,-6498,6500
105127,101,6128,7028,303,899,T,-6488,6500
105151,105,6371,6874,242,502,T,-6364,6500
105178,110,6675,6704,303,28,T,-6230,6500
105207,120,7281,6525,606,756,T,-6088,6500
105224,125,7585,6422,303,1163,T,-5997,6500
105309,129,7828,5930,242,1898,T,-5582,6500
105314,134,8131,5902,303,2229,T,-5555,6500
105408,139,8434,5402,303,3032,N,-5085,6500
105413,144,8738,5377,303,3361,N,-5056,6500
105418,149,9041,5352,303,3689,N,-5037,6500
105423,153,9284,5327,242,3957,N,-5003,6500
105428,158,9587,5302,303,4285,N,-4990,6500
105452,168,10194,5188,606,5006,N,-4496,6500
105475,173,10498,5090,303,5408,N,-4046,6500
105510,178,10801,4961,303,5840,N,-3338,6500
105527,182,11044,4907,242,6137,N,-2998,6500
105549,187,11347,4845,303,6502,N,-2567,6500
105719,192,11651,4703,303,6948,N,1019,6500
105724,197,11954,4708,303,7246,N,1130,6500
105729,206,12500,4714,546,7786,N,1232,6500
105734,211,12803,4720,303,8083,N,1326,6500
105739,221,13410,4727,606,8683,N,1413,6500
105751,226,13714,4745,303,8969,N,1670,6500
105922,235,14260,5321,546,8939,N,5072,6500
105928,240,14563,5347,303,9216,N,5191,6500
105939,245,14867,5406,303,9461,N,5412,6500
105943,255,15474,5433,606,10041,N,5524,6500
105948,250,15170,5460,303,9710,N,5598,6500
105953,245,14867,5488,303,9379,N,5722,6500
105975,240,14563,5618,303,8945,N,6139,6500
106026,230,13956,5941,606,8015,N,6498,6500
106125,226,13714,6590,242,7124,N,6498,6500
106130,221,13410,6622,303,6788,N,6498,6500
106135,216,13107,6654,303,6453,N,6498,6500
106140,211,12803,6687,303,6116,N,6498,6500
106149,206,12500,6746,303,5754,N,6498,6500
106175,202,12257,6915,242,5342,N,6498,6500
106225,192,11651,7240,606,4411,N,6498,6500
106329,182,11044,7916,606,3128,N,6498,6500
106334,178,10801,7948,242,2853,T,6498,6500
106339,173,10498,7980,303,2518,T,6498,6500
106374,168,10194,8207,303,1987,T,6394,6500
106549,158,9587,9250,606,337,T,5524,6500
106554,153,9284,9277,303,7,T,5494,6500
106559,144,8738,9304,546,565,T,5471,6500
106564,139,8434,9332,303,897,T,5449,6500
106569,134,8131,9359,303,1227,T,5420,6500
106576,129,7828,9397,303,1568,T,5390,6500
106609,125,7585,9572,242,1986,T,5225,6500
106624,120,7281,9650,303,2368,T,5148,6500
106650,110,6675,9782,606,3106,N,5018,6500
106675,105,6371,9906,303,3534,N,4810,6500
106841,96,5825,10429,546,4603,N,1510,6500
106846,91,5522,10436,303,4913,N,1413,6500
106851,86,5218,10443,303,5224,N,1296,6500
106856,81,4915,10450,303,5534,N,1199,6500
106861,76,4611,10455,303,5843,N,1095,6500
106866,72,4369,10461,242,6091,N,979,6500
106909,62,3762,10486,606,6723,N,-399,6500
106924,57,3458,10484,303,7025,N,-399,6500
106949,52,3155,10470,303,7314,N,-848,6500
106974,48,2912,10443,242,7530,N,-1355,6500
107024,38,2305,10351,606,8045,N,-2357,6500
107050,33,2002,10283,303,8280,N,-2888,6500
107157,4,242,9861,1759,9618,N,-5031,6500
107162,9,546,9837,303,9290,N,-5115,6500
107174,14,849,9773,303,8923,N,-5376,6500
107208,24,1456,9580,606,8123,N,-6056,6500
107251,33,2002,9306,546,7303,N,-6498,6500
107308,38,2305,8935,303,6629,N,-6498,6500
107324,43,2609,8831,303,6221,N,-6498,6500
107467,52,3155,7902,546,4746,N,-6498,6500
107472,57,3458,7869,303,4410,N,-6498,6500
107477,62,3762,7837,303,4074,N,-6498,6500
107482,67,4065,7805,303,3739,N,-6498,6500
107490,72,4369,7752,303,3382,N,-6498,6500
107495,76,4611,7720,242,3108,N,-6498,6500
107509,81,4915,7629,303,2713,T,-6498,6500
107525,86,5218,7524,303,2305,T,-6498,6500
107560,91,5522,7300,303,1777,T,-6344,6500
107574,96,5825,7212,303,1386,T,-6274,6500
107609,101,6128,6994,303,865,T,-6097,6500
107624,105,6371,6904,242,532,T,-6015,6500
107675,115,6978,6603,606,375,T,-5759,6500
107724,125,7585,6327,606,1258,T,-5524,6500
107750,129,7828,6185,242,1643,T,-5390,6500
107775,134,8131,6051,303,2080,T,-5270,6500
107826,144,8738,5789,606,2949,T,-5018,6500
107864,149,9041,5602,303,3439,N,-4825,6500
107874,153,9284,5554,242,3730,N,-4778,6500
107910,158,9587,5391,303,4196,N,-4173,6500
107925,163,9891,5330,303,4561,N,-3868,6500
107954,168,10194,5226,303,4968,N,-3314,6500
108009,178,10801,5074,606,5727,N,-2190,6500
108025,182,11044,5041,242,6003,N,-1876,6500
108050,187,11347,5000,303,6347,N,-1399,6500
108074,192,11651,4972,303,6679,N,-915,6500
108125,202,12257,4952,606,7305,N,346,6500
108204,206,12500,5036,242,7464,N,1876,6500
108216,211,12803,5060,303,7743,N,2107,6500
108221,0,0,5071,12803,5071,N,2218,6500

Middle movement 10 seconds end to end
Somewhat jerky movement but overall OK
169372,212,12871,0,12871,12871,N,0,6500
169395,210,12749,9,121,12740,N,632,6500
169428,209,12689,39,60,12650,N,1264,6500
169445,208,12628,63,60,12565,N,1598,6500
169471,207,12567,111,60,12456,N,2143,6500
169496,205,12446,171,121,12275,N,2638,6500
169528,204,12385,265,60,12120,N,3289,6500
169581,203,12324,467,60,11857,N,4321,6500
169648,201,12203,802,121,11401,N,5681,6500
169653,200,12142,830,60,11312,N,5792,6500
169658,199,12082,859,60,11223,N,5869,6500
169663,198,12021,889,60,11132,N,5983,6500
169676,196,11899,968,121,10931,N,6254,6500
169710,195,11839,1187,60,10652,N,6498,6500
169728,194,11778,1304,60,10474,N,6498,6500
169748,193,11717,1434,60,10283,N,6498,6500
169770,191,11596,1577,121,10019,N,6498,6500
169795,190,11535,1740,60,9795,N,6498,6500
169828,189,11474,1954,60,9520,N,6498,6500
169850,187,11353,2097,121,9256,N,6498,6500
169870,186,11292,2227,60,9065,N,6498,6500
169896,185,11232,2396,60,8836,N,6498,6500
169945,184,11171,2715,60,8456,N,6498,6500
169960,182,11049,2812,121,8237,N,6498,6500
169977,181,10989,2923,60,8066,N,6498,6500
170011,180,10928,3143,60,7785,N,6498,6500
170028,178,10807,3254,121,7553,N,6498,6500
170065,177,10746,3495,60,7251,N,6498,6500
170070,176,10685,3527,60,7158,N,6498,6500
170096,175,10624,3696,60,6928,N,6498,6500
170129,173,10503,3911,121,6592,N,6498,6500
170158,172,10442,4099,60,6343,N,6498,6500
170170,171,10382,4177,60,6205,N,6498,6500
170195,169,10260,4339,121,5921,N,6498,6500
170228,168,10199,4554,60,5645,N,6498,6500
170245,167,10139,4664,60,5475,N,6498,6500
170270,166,10078,4827,60,5251,N,6498,6500
170296,164,9957,4996,121,4961,N,6498,6500
170329,163,9896,5211,60,4685,N,6498,6500
170345,162,9835,5315,60,4520,N,6498,6500
170375,161,9774,5509,60,4265,N,6498,6500
170395,159,9653,5639,121,4014,N,6498,6500
170429,158,9592,5860,60,3732,N,6498,6500
170445,157,9532,5964,60,3568,N,6498,6500
170470,155,9410,6127,121,3283,N,6498,6500
170495,154,9349,6289,60,3060,N,6498,6500
170529,153,9289,6510,60,2779,T,6498,6500
170546,152,9228,6620,60,2608,T,6498,6500
170570,150,9107,6775,121,2332,T,6384,6500
170595,149,9046,6933,60,2113,T,6264,6500
170628,148,8985,7137,60,1848,T,6097,6500
170645,146,8864,7241,121,1623,T,6015,6500
170675,145,8803,7419,60,1384,T,5869,6500
170695,144,8742,7535,60,1207,T,5759,6500
170729,143,8682,7728,60,954,T,5598,6500
170746,141,8560,7822,121,738,T,5509,6500
170771,140,8499,7959,60,540,T,5390,6500
170795,139,8439,8087,60,352,T,5270,6500
170829,138,8378,8263,60,115,T,5092,6500
170846,136,8257,8349,121,91,T,5018,6500
171080,129,7832,9386,424,1553,T,3842,6500
171085,127,7710,9405,121,1694,T,3816,6500
171090,126,7649,9424,60,1774,T,3802,6500
171095,125,7589,9443,60,1853,T,3770,6500
171100,123,7467,9461,121,1993,T,3745,6500
171130,122,7407,9572,60,2164,T,3590,6500
171146,121,7346,9628,60,2281,T,3514,6500
171199,120,7285,9808,60,2522,T,3252,6500
171204,118,7164,9824,121,2659,T,3225,6500
171229,117,7103,9904,60,2800,T,3103,6500
171246,116,7042,9955,60,2912,T,3016,6500
171271,115,6982,10029,60,3046,N,2896,6500
171303,113,6860,10120,121,3259,N,2528,6500
171330,112,6799,10180,60,3380,N,1987,6500
171345,111,6739,10208,60,3468,N,1696,6500
171370,109,6617,10244,121,3626,N,1199,6500
171395,108,6557,10269,60,3711,N,692,6500
171429,107,6496,10282,60,3785,N,-565,6500
171445,106,6435,10277,60,3841,N,-489,6500
171502,104,6314,10218,121,3903,N,-1635,6500
171507,103,6253,10209,60,3955,N,-1743,6500
171530,102,6192,10165,60,3972,N,-2178,6500
171547,100,6071,10125,121,4053,N,-2518,6500
171570,99,6010,10061,60,4050,N,-2991,6500
171596,98,5949,9977,60,4027,N,-3499,6500
171635,97,5889,9825,60,3935,N,-4287,6500
171649,95,5767,9763,121,3995,N,-4581,6500
171671,94,5707,9658,60,3950,N,-4996,6500
171695,93,5646,9532,60,3885,N,-5486,6500
171729,92,5585,9333,60,3747,N,-6172,6500
171746,90,5464,9226,121,3761,N,-6498,6500
171771,89,5403,9063,60,3659,N,-6498,6500
171798,88,5342,8888,60,3545,N,-6498,6500
171830,86,5221,8680,121,3458,N,-6498,6500
171846,85,5160,8576,60,3415,N,-6498,6500
171870,84,5099,8420,60,3320,N,-6498,6500
171897,83,5039,8244,60,3204,N,-6498,6500
171930,81,4917,8030,121,3112,N,-6498,6500
171950,80,4857,7900,60,3042,N,-6498,6500
171977,79,4796,7724,60,2927,T,-6498,6500
172004,77,4674,7549,121,2874,T,-6462,6500
172030,76,4614,7383,60,2768,T,-6334,6500
172046,75,4553,7282,60,2728,T,-6254,6500
172071,74,4492,7127,60,2634,T,-6130,6500
172102,72,4371,6940,121,2568,T,-5965,6500
172130,71,4310,6775,60,2464,T,-5830,6500
172147,70,4249,6676,60,2426,T,-5743,6500
172171,69,4189,6539,60,2349,T,-5629,6500
172204,67,4067,6356,121,2288,T,-5464,6500
172230,66,4007,6216,60,2208,T,-5333,6500
172246,65,3946,6131,60,2184,T,-5263,6500
172270,63,3824,6006,121,2181,T,-5134,6500
172311,62,3764,5796,60,2031,T,-4923,6500
172332,61,3703,5697,60,1993,T,-4825,6500
172350,60,3642,5611,60,1968,T,-4739,6500
172370,58,3521,5518,121,1996,T,-4632,6500
172396,57,3460,5399,60,1938,T,-4501,6500
172438,56,3399,5214,60,1814,T,-4294,6500
172451,54,3278,5158,121,1879,T,-4230,6500
172471,53,3217,5075,60,1857,T,-4134,6500
172515,52,3157,4892,60,1734,T,-4083,6500
172545,51,3096,4771,60,1674,T,-4008,6500
172550,49,2974,4751,121,1776,T,-3986,6500
172574,48,2914,4657,60,1742,T,-3933,6500
172599,47,2853,4557,60,1703,T,-4024,6500
172633,46,2792,4421,60,1628,T,-3954,6500
172646,44,2671,4370,121,1698,T,-3883,6500
172671,43,2610,4274,60,1663,T,-3879,6500
172695,42,2549,4180,60,1630,T,-3933,6500
172731,40,2428,4040,121,1611,T,-3853,6500
172747,39,2367,3979,60,1611,T,-3770,6500
172770,38,2307,3891,60,1583,T,-3853,6500
172797,37,2246,3788,60,1541,T,-3831,6500
172831,35,2124,3660,121,1535,T,-3752,6500
172845,34,2064,3607,60,1542,T,-3683,6500
172871,33,2003,3511,60,1507,T,-3759,6500
172895,31,1882,3422,121,1539,T,-3731,6500
172931,30,1821,3288,60,1466,T,-3745,6500
172946,29,1760,3233,60,1472,T,-3669,6500
172971,28,1699,3141,60,1441,T,-3663,6500
173000,26,1578,3035,121,1456,T,-3639,6500
173033,25,1517,2916,60,1398,T,-3633,6500
173053,24,1457,2844,60,1386,T,-3552,6500
173074,23,1396,2770,60,1373,T,-3527,6500
173111,21,1274,2638,121,1363,T,-3514,6500
173127,20,1214,2583,60,1368,T,-3433,6500
173145,19,1153,2521,60,1367,T,-3487,6500
173172,17,1032,2426,121,1393,T,-3536,6500
173196,16,971,2342,60,1370,T,-3496,6500
173231,15,910,2218,60,1307,T,-3524,6500
173246,14,849,2166,60,1316,T,-3451,6500
173270,12,728,2083,121,1354,T,-3451,6500
173296,11,667,1993,60,1325,T,-3430,6500
173333,10,607,1864,60,1256,T,-3448,6500
173346,8,485,1820,121,1334,T,-3386,6500
173371,7,424,1736,60,1311,T,-3401,6500
173395,6,364,1653,60,1288,T,-3457,6500
173432,5,303,1526,60,1222,T,-3401,6500
173446,3,182,1479,121,1296,T,-3330,6500
173471,2,121,1396,60,1274,T,-3347,6500
173496,1,60,1311,60,1250,T,-3421,6500
173537,0,0,1172,60,1172,T,-3325,6500
173572,1,60,1058,60,997,T,-3244,6500
173603,2,121,960,60,838,T,-3095,6500
173645,3,182,834,60,651,T,-2883,6500
173658,5,303,798,121,494,T,-2814,6500
173670,6,364,764,60,399,T,-2758,6500
173704,7,424,673,60,248,T,-2580,6500
173761,8,485,533,60,47,T,-2304,6500
173766,10,607,522,121,85,T,-2275,6500
173774,11,667,504,60,163,T,-2242,6500
173856,12,728,337,60,391,T,-1831,6500
173869,14,849,314,121,535,T,-1763,6500
173874,15,910,305,60,605,T,-1739,6500
173882,16,971,291,60,680,T,-1696,6500
173908,17,1032,249,60,783,T,-1568,6500
173970,19,1153,161,121,992,T,-1259,6500
173975,20,1214,154,60,1060,T,-1236,6500
173980,21,1274,148,60,1126,T,-1210,6500
174005,23,1396,119,121,1277,T,-1080,6500
174037,24,1457,87,60,1370,T,-925,6500
174190,25,1517,3,60,1514,T,-99,6500
174195,26,1578,2,60,1576,T,-99,6500
174200,28,1699,1,121,1698,T,99,6500
174205,29,1760,1,60,1759,T,99,6500
174210,30,1821,0,60,1821,T,141,6500
174215,31,1882,0,60,1882,T,141,6500
174222,33,2003,1,121,2002,T,199,6500
174227,34,2064,1,60,2063,T,223,6500
174254,35,2124,6,60,2118,T,264,6500
174270,37,2246,11,121,2235,T,346,6500
174302,38,2307,24,60,2283,T,499,6500
174366,39,2367,65,60,2302,T,812,6500
174371,40,2428,69,60,2359,T,835,6500
174378,42,2549,75,121,2474,T,871,6500
174396,43,2610,92,60,2518,T,963,6500
174433,44,2671,131,60,2540,T,1153,6500
174449,46,2792,149,121,2643,T,1227,6500
174470,47,2853,176,60,2677,T,1329,6500
174495,48,2914,211,60,2703,T,1457,6500
174532,49,2974,268,60,2706,T,1638,6500
174545,51,3096,290,121,2806,T,1710,6500
174571,52,3157,336,60,2821,T,1836,6500
174601,53,3217,393,60,2824,T,1985,6500
174641,54,3278,477,60,2801,T,2190,6500
174646,56,3399,487,121,2912,T,2208,6500
174671,57,3460,544,60,2916,T,2332,6500
174698,58,3521,609,60,2912,T,2475,6500
174733,60,3642,699,121,2943,T,2652,6500
174749,61,3703,742,60,2961,T,2724,6500
174781,62,3764,832,60,2932,T,2883,6500
174807,63,3824,908,60,2916,T,3016,6500
174834,65,3946,991,121,2955,T,3149,6500
174884,66,4007,1155,60,2852,T,3395,6500
174889,67,4067,1172,60,2895,T,3424,6500
174914,69,4189,1259,121,2930,T,3546,6500
174958,70,4249,1420,60,2829,T,3770,6500
174963,71,4310,1439,60,2871,T,3795,6500
174976,72,4371,1489,60,2882,T,3857,6500
175018,74,4492,1655,121,2837,T,4073,6500
175047,75,4553,1775,60,2778,T,4219,6500
175052,76,4614,1796,60,2818,T,4237,6500
175071,77,4674,1878,60,2796,T,4340,6500
175096,79,4796,1988,121,2808,T,4454,6500
175133,80,4857,2156,60,2701,T,4651,6500
175146,81,4917,2217,60,2700,T,4700,6500
175173,83,5039,2347,121,2692,T,4842,6500
175197,84,5099,2464,60,2635,T,4962,6500
175240,85,5160,2677,60,2483,T,4917,6500
175245,86,5221,2702,60,2519,T,4884,6500
175297,88,5342,2955,121,2387,T,4753,6500
175302,89,5403,2977,60,2426,T,4722,6500
175339,90,5464,3151,60,2313,T,4733,6500
175353,92,5585,3217,121,2368,T,4670,6500
175382,93,5646,3351,60,2295,T,4664,6500
175400,94,5707,3435,60,2272,T,4624,6500
175460,95,5767,3710,60,2057,T,4459,6500
175467,97,5889,3741,121,2148,T,4424,6500
175502,98,5949,3896,60,2053,T,4454,6500
175507,99,6010,3918,60,2092,T,4429,6500
175543,100,6071,4076,60,1995,T,4388,6500
175553,102,6192,4121,121,2071,T,4333,6500
175574,103,6253,4211,60,2042,T,4305,6500
175614,104,6314,4384,60,1930,T,4317,6500
175644,106,6435,4512,121,1923,T,4237,6500
175649,107,6496,4533,60,1963,T,4214,6500
175686,108,6557,4688,60,1869,T,4241,6500
175699,109,6617,4743,60,1874,T,4173,6500
175737,111,6739,4902,121,1837,T,4134,6500
175754,112,6799,4971,60,1828,T,4046,6500
175800,113,6860,5159,60,1701,T,4040,6500
175805,115,6982,5179,121,1803,T,4018,6500
175841,116,7042,5323,60,1719,T,4062,6500
175855,117,7103,5379,60,1724,T,3992,6500
175870,118,7164,5439,60,1725,T,3992,6500
175907,120,7285,5586,121,1699,T,3964,6500
175953,121,7346,5767,60,1579,T,3887,6500
175958,122,7407,5786,60,1621,T,3864,6500
175984,123,7467,5885,60,1582,T,3842,6500
176021,125,7589,6027,121,1562,T,3784,6500
176026,126,7649,6046,60,1603,T,3762,6500
176049,127,7710,6131,60,1579,T,3720,6500
176078,129,7832,6241,121,1591,T,3824,6500
176096,130,7892,6309,60,1583,T,3734,6500
176134,131,7953,6453,60,1500,T,3780,6500
176146,132,8014,6498,60,1516,T,3724,6500
176171,134,8135,6591,121,1544,T,3741,6500
176197,135,8196,6687,60,1509,T,3710,6500
176233,136,8257,6821,60,1436,T,3693,6500
176245,138,8378,6865,121,1513,T,3639,6500
176271,139,8439,6959,60,1480,T,3633,6500
176307,140,8499,7091,60,1408,T,3659,6500
176334,141,8560,7189,60,1371,T,3600,6500
176345,143,8682,7228,121,1454,T,3555,6500
176371,144,8742,7320,60,1422,T,3555,6500
176402,145,8803,7432,60,1371,T,3603,6500
176434,146,8864,7545,60,1319,T,3533,6500
176445,148,8985,7584,121,1401,T,3487,6500
176471,149,9046,7674,60,1372,T,3496,6500
176497,150,9107,7766,60,1341,T,3555,6500
176534,152,9228,7895,121,1333,T,3472,6500
176545,153,9289,7934,60,1355,T,3421,6500
176570,154,9349,8019,60,1330,T,3451,6500
176619,155,9410,8189,60,1221,T,3392,6500
176639,157,9532,8255,121,1277,T,3314,6500
176647,158,9592,8282,60,1310,T,3350,6500
176677,159,9653,8382,60,1271,T,3378,6500
176726,161,9774,8548,121,1226,T,3319,6500
176738,162,9835,8587,60,1248,T,3257,6500
176765,163,9896,8675,60,1221,T,3319,6500
176771,164,9957,8695,60,1262,T,3347,6500
176814,166,10078,8838,121,1240,T,3333,6500
176840,167,10139,8924,60,1215,T,3278,6500
176852,168,10199,8963,60,1236,T,3325,6500
176872,170,10321,9030,121,1291,T,3338,6500
176899,171,10382,9120,60,1262,T,3367,6500
176937,172,10442,9249,60,1193,T,3361,6500
176950,173,10503,9292,60,1211,T,3297,6500
176978,175,10624,9384,121,1240,T,3333,6500
176998,176,10685,9450,60,1235,T,3252,6500
177041,177,10746,9593,60,1153,T,3294,6500
177051,178,10807,9625,60,1182,T,3244,6500
177073,180,10928,9696,121,1232,T,3244,6500
177102,181,10989,9791,60,1198,T,3267,6500
177134,182,11049,9896,60,1153,T,3297,6500
177148,184,11171,9942,121,1229,T,3225,6500
177173,185,11232,10023,60,1209,T,3270,6500
177198,186,11292,10105,60,1187,T,3294,6500
177245,187,11353,10259,60,1094,T,3200,6500
177252,189,11474,10281,121,1193,T,3174,6500
177284,190,11535,10382,60,1153,T,3182,6500
177309,191,11596,10463,60,1133,T,3262,6500
177337,193,11717,10552,121,1165,T,3205,6500
177350,194,11778,10594,60,1184,T,3162,6500
177409,195,11839,10782,60,1057,T,3144,6500
177414,196,11899,10798,60,1101,T,3127,6500
177435,198,12021,10862,121,1159,T,3055,6500
177448,199,12082,10902,60,1180,T,3127,6500
177474,200,12142,10984,60,1158,T,3223,6500
177506,201,12203,11088,60,1115,T,3236,6500
177535,203,12324,11181,121,1143,T,3187,6500
177546,204,12385,11215,60,1170,T,3132,6500
177570,205,12446,11290,60,1156,T,3172,6500
177602,207,12567,11393,121,1174,T,3231,6500
177646,208,12628,11534,60,1094,T,3205,6500
177651,209,12689,11550,60,1139,T,3179,6500
177671,210,12749,11612,60,1137,T,3139,6500
177733,212,12871,11809,121,1062,T,3055,6500
177746,213,12932,11848,60,1084,T,2996,6500
177754,214,12992,11872,60,1120,T,2956,6500
177784,216,13114,11963,121,1151,T,3103,6500
177804,217,13174,12025,60,1149,T,3120,6500
177860,218,13235,12204,60,1031,T,3103,6500
177865,219,13296,12219,60,1077,T,3081,6500
177874,221,13417,12246,121,1171,T,3032,6500
177900,222,13478,12326,60,1152,T,3120,6500
177945,223,13539,12470,60,1069,T,3167,6500
177960,224,13599,12517,60,1082,T,3091,6500
177977,226,13721,12569,121,1152,T,3105,6500
177996,227,13782,12629,60,1153,T,3110,6500
178149,228,13842,13086,60,756,T,2635,6500
178154,230,13964,13098,121,866,T,2605,6500
178159,231,14024,13111,60,913,T,2583,6500
178164,232,14085,13124,60,961,T,2557,6500
178169,233,14146,13137,60,1009,T,2528,6500
178174,235,14267,13150,121,1117,T,2546,6500
178179,236,14328,13162,60,1166,T,2577,6500
178206,237,14389,13234,60,1155,T,2710,6500
178238,239,14510,13323,121,1187,T,2869,6500
178245,240,14571,13343,60,1228,T,2902,6500
178270,241,14632,13417,60,1215,T,3023,6500
178297,242,14692,13502,60,1190,T,3162,6500
178337,244,14814,13631,121,1183,T,3249,6500
178350,245,14874,13672,60,1202,T,3187,6500
178370,246,14935,13736,60,1199,T,3215,6500
178395,247,14996,13817,60,1179,T,3303,6500
178440,249,15117,13964,121,1153,T,3200,6500
178450,250,15178,13996,60,1182,T,3154,6500
178470,251,15239,14059,60,1180,T,3182,6500
178496,253,15360,14143,121,1217,T,3278,6500
178535,254,15421,14270,60,1151,T,3289,6500
178570,253,15360,14384,60,976,T,3210,6500
178595,251,15239,14462,121,777,T,3086,6500
178666,250,15178,14669,60,509,T,2735,6500
178759,249,15117,14902,60,215,T,2272,6500
178764,247,14996,14913,121,83,T,2244,6500
178769,246,14935,14925,60,10,T,2218,6500
178774,245,14874,14936,60,61,T,2190,6500
178779,244,14814,14946,60,131,T,2172,6500
178784,242,14692,14957,121,264,T,2143,6500
178797,241,14632,14985,60,352,T,2079,6500
178835,240,14571,15061,60,489,T,1890,6500
178849,239,14510,15087,60,576,T,1816,6500
178870,237,14389,15124,121,734,T,1715,6500
178920,236,14328,15203,60,874,T,1471,6500
178939,235,14267,15230,60,962,T,1373,6500
178962,233,14146,15261,121,1114,T,1259,6500
178980,232,14085,15283,60,1197,T,1168,6500
178996,231,14024,15301,60,1276,T,1089,6500
179036,230,13964,15341,60,1376,T,888,6500
179045,228,13842,15349,121,1506,T,842,6500
179083,227,13782,15377,60,1594,T,654,6500
179096,226,13721,15385,60,1663,T,591,6500
179130,224,13599,15403,121,1803,T,412,6500
179156,223,13539,15412,60,1872,T,282,6500
179176,222,13478,15417,60,1938,T,99,6500
179195,221,13417,15420,60,2002,T,-99,6500
179221,219,13296,15419,121,2122,T,-264,6500
179245,218,13235,15415,60,2179,T,-264,6500
179272,217,13174,15407,60,2232,T,-387,6500
179303,216,13114,15392,60,2277,T,-547,6500
179321,214,12992,15382,121,2389,T,-632,6500
179346,213,12932,15365,60,2432,T,-755,6500
179372,212,12871,15344,60,2472,T,-881,6500
179396,210,12749,15321,121,2571,T,-1004,6500
179420,209,12689,15296,60,2606,T,-1125,6500
179446,208,12628,15265,60,2636,T,-1253,6500
179474,207,12567,15228,60,2660,T,-1395,6500
179513,205,12446,15170,121,2723,T,-1591,6500
179536,204,12385,15132,60,2746,T,-1700,6500
179546,203,12324,15115,60,2790,T,-1752,6500
179577,201,12203,15058,121,2854,T,-1908,6500
179596,200,12142,15021,60,2878,T,-2001,6500
179623,199,12082,14965,60,2882,T,-2135,6500
179656,198,12021,14892,60,2870,T,-2306,6500
179683,196,11899,14828,121,2928,T,-2442,6500
179711,195,11839,14758,60,2918,T,-2574,6500
179726,194,11778,14719,60,2940,T,-2652,6500
179747,193,11717,14662,60,2944,T,-2762,6500
179788,191,11596,14545,121,2948,T,-2962,6500
179800,190,11535,14509,60,2973,T,-3023,6500
179831,189,11474,14413,60,2938,T,-3179,6500
179846,187,11353,14365,121,3011,N,-3252,6500
179885,186,11292,14230,60,2937,T,-3752,6500
179897,185,11232,14184,60,2951,T,-4002,6500
179921,184,11171,14084,60,2912,T,-4241,6500
179950,182,11049,13960,121,2910,T,-4381,6500
180001,181,10989,13729,60,2739,T,-4632,6500
180006,180,10928,13706,60,2777,T,-4664,6500
180179,178,10807,12886,121,2078,T,-4417,6500
180184,177,10746,12865,60,2118,T,-4388,6500
180189,176,10685,12842,60,2156,T,-4369,6500
180194,175,10624,12820,60,2195,T,-4340,6500
180199,173,10503,12799,121,2295,T,-4333,6500
180204,172,10442,12778,60,2335,T,-4352,6500
180209,171,10382,12756,60,2373,T,-4381,6500
180214,169,10260,12734,121,2473,T,-4405,6500
180224,168,10199,12690,60,2490,T,-4454,6500
180255,167,10139,12549,60,2409,T,-4613,6500
180299,166,10078,12343,60,2264,T,-4683,6500
180307,164,9957,12305,121,2347,T,-4645,6500
180322,163,9896,12236,60,2339,T,-4608,6500
180349,162,9835,12110,60,2274,T,-4689,6500
180380,161,9774,11967,60,2192,T,-4608,6500
180405,159,9653,11852,121,2198,T,-4537,6500
180422,158,9592,11776,60,2183,T,-4464,6500
180445,157,9532,11673,60,2140,T,-4522,6500
180472,155,9410,11552,121,2141,T,-4471,6500
180498,154,9349,11437,60,2087,T,-4441,6500
180521,153,9289,11334,60,2044,T,-4412,6500
180546,152,9228,11225,60,1996,T,-4357,6500
180570,150,9107,11121,121,2013,T,-4310,6500
180601,149,9046,10988,60,1941,T,-4317,6500
180630,148,8985,10864,60,1878,T,-4253,6500
180647,146,8864,10793,121,1928,T,-4168,6500
180673,145,8803,10684,60,1880,T,-4190,6500
180716,144,8742,10505,60,1762,T,-4117,6500
180730,143,8682,10448,60,1765,T,-4046,6500
180750,141,8560,10367,121,1806,T,-4024,6500
180783,140,8499,10234,60,1734,T,-4050,6500
180812,139,8439,10117,60,1677,T,-4008,6500
180826,138,8378,10061,60,1682,T,-3948,6500
180847,136,8257,9979,121,1721,T,-3917,6500
180884,135,8196,9833,60,1636,T,-3964,6500
180900,134,8135,9770,60,1634,T,-3883,6500
180927,132,8014,9665,121,1650,T,-3898,6500
180954,131,7953,9561,60,1607,T,-3842,6500
180980,130,7892,9461,60,1568,T,-3868,6500
180999,129,7832,9388,60,1555,T,-3802,6500
181028,127,7710,9278,121,1567,T,-3795,6500
181049,126,7649,9199,60,1549,T,-3731,6500
181082,125,7589,9075,60,1485,T,-3770,6500
181125,123,7467,8916,121,1448,T,-3633,6500
181130,122,7407,8899,60,1491,T,-3603,6500
181148,121,7346,8834,60,1487,T,-3536,6500
181179,120,7285,8722,60,1436,T,-3690,6500
181196,118,7164,8660,121,1495,T,-3610,6500
181240,117,7103,8500,60,1396,T,-3642,6500
181251,116,7042,8460,60,1417,T,-3584,6500
181275,115,6982,8374,60,1391,T,-3613,6500
181297,113,6860,8295,121,1434,T,-3552,6500
181358,112,6799,8079,60,1279,T,-3487,6500
181363,111,6739,8061,60,1321,T,-3460,6500
181375,109,6617,8021,121,1403,T,-3401,6500
181396,108,6557,7948,60,1390,T,-3472,6500
181438,107,6496,7800,60,1303,T,-3524,6500
181446,106,6435,7772,60,1336,T,-3478,6500
181471,104,6314,7686,121,1371,T,-3478,6500
181496,103,6253,7599,60,1345,T,-3472,6500
181538,102,6192,7452,60,1259,T,-3457,6500
181545,100,6071,7428,121,1356,T,-3421,6500
181571,99,6010,7340,60,1329,T,-3412,6500
181597,98,5949,7250,60,1300,T,-3496,6500
181630,97,5889,7136,60,1246,T,-3433,6500
181655,95,5767,7052,121,1284,T,-3367,6500
181671,94,5707,6998,60,1290,T,-3319,6500
181701,93,5646,6897,60,1250,T,-3433,6500
181729,92,5585,6802,60,1216,T,-3369,6500
181754,90,5464,6719,121,1254,T,-3305,6500
181771,89,5403,6663,60,1259,T,-3270,6500
181795,88,5342,6584,60,1241,T,-3355,6500
181821,86,5221,6496,121,1274,T,-3367,6500
181846,85,5160,6413,60,1252,T,-3305,6500
181871,84,5099,6330,60,1230,T,-3361,6500
181899,83,5039,6236,60,1196,T,-3361,6500
181923,81,4917,6156,121,1238,T,-3278,6500
181950,80,4857,6068,60,1210,T,-3289,6500
181990,79,4796,5936,60,1139,T,-3276,6500
182007,77,4674,5881,121,1206,T,-3192,6500
182022,76,4614,5833,60,1218,T,-3215,6500
182058,75,4553,5715,60,1161,T,-3305,6500
182071,74,4492,5672,60,1179,T,-3244,6500
182114,72,4371,5533,121,1161,T,-3218,6500
182124,71,4310,5501,60,1190,T,-3172,6500
182148,70,4249,5425,60,1175,T,-3182,6500
182171,69,4189,5351,60,1161,T,-3276,6500
182197,67,4067,5266,121,1198,T,-3270,6500
182221,66,4007,5189,60,1181,T,-3179,6500
182246,65,3946,5108,60,1161,T,-3270,6500
182271,63,3824,5027,121,1202,T,-3244,6500
182296,62,3764,4946,60,1181,T,-3225,6500
182321,61,3703,4864,60,1160,T,-3305,6500
182353,60,3642,4760,60,1117,T,-3241,6500
182370,58,3521,4706,121,1184,T,-3157,6500
182396,57,3460,4624,60,1163,T,-3197,6500
182421,56,3399,4542,60,1142,T,-3262,6500
182446,54,3278,4462,121,1183,T,-3210,6500
182470,53,3217,4386,60,1168,T,-3174,6500
182496,52,3157,4302,60,1144,T,-3249,6500
182521,51,3096,4221,60,1124,T,-3231,6500
182550,49,2974,4128,121,1153,T,-3187,6500
182571,48,2914,4062,60,1147,T,-3103,6500
182596,47,2853,3983,60,1129,T,-3225,6500
182621,46,2792,3903,60,1110,T,-3210,6500
182680,44,2671,3718,121,1046,T,-3032,6500
182685,43,2610,3703,60,1092,T,-3012,6500
182699,42,2549,3661,60,1111,T,-2958,6500
182723,40,2428,3589,121,1160,T,-3076,6500
182772,39,2367,3434,60,1066,T,-3167,6500
182777,38,2307,3418,60,1110,T,-3137,6500
182801,37,2246,3343,60,1096,T,-3137,6500
182831,35,2124,3249,121,1124,T,-3157,6500
182857,34,2064,3168,60,1103,T,-3091,6500
182891,33,2003,3062,60,1058,T,-3154,6500
182897,31,1882,3043,121,1160,T,-3122,6500
182921,30,1821,2969,60,1147,T,-3115,6500
182978,29,1760,2788,60,1027,T,-3098,6500
182983,28,1699,2773,60,1073,T,-3076,6500
183006,26,1578,2703,121,1124,T,-3039,6500
183022,25,1517,2654,60,1136,T,-3086,6500
183046,24,1457,2580,60,1122,T,-3154,6500
183074,23,1396,2491,60,1094,T,-3192,6500
183099,21,1274,2412,121,1137,T,-3137,6500
183125,20,1214,2331,60,1116,T,-3105,6500
183161,19,1153,2217,60,1063,T,-3157,6500
183172,17,1032,2183,121,1150,T,-3103,6500
183199,16,971,2099,60,1127,T,-3139,6500
183222,15,910,2027,60,1116,T,-3182,6500
183251,14,849,1934,60,1084,T,-3192,6500
183282,12,728,1837,121,1108,T,-3137,6500
183299,11,667,1784,60,1116,T,-3053,6500
183331,10,607,1684,60,1076,T,-3179,6500
183353,8,485,1616,121,1130,T,-3095,6500
183385,7,424,1517,60,1092,T,-3122,6500
183410,6,364,1439,60,1074,T,-3115,6500
183424,5,303,1395,60,1091,T,-3105,6500
183455,3,182,1298,121,1115,T,-3149,6500
183487,2,121,1199,60,1077,T,-3120,6500
183497,1,60,1168,60,1107,T,-3132,6500
183527,0,0,1075,60,1075,T,-3162,6500
183604,1,60,839,60,778,T,-2888,6500
183614,2,121,811,60,689,T,-2844,6500
183628,3,182,771,60,588,T,-2773,6500
183646,5,303,722,121,418,T,-2680,6500
183675,6,364,647,60,282,T,-2536,6500
183701,7,424,582,60,157,T,-2408,6500
183727,8,485,521,60,35,T,-2272,6500
183753,10,607,464,121,143,T,-2143,6500
183802,11,667,364,60,303,T,-1897,6500
183807,12,728,355,60,373,T,-1876,6500
183821,14,849,329,121,520,T,-1809,6500
183847,15,910,284,60,626,T,-1680,6500
183877,16,971,236,60,735,T,-1532,6500
183896,17,1032,208,60,824,T,-1437,6500
183921,19,1153,173,121,980,T,-1306,6500
183946,20,1214,142,60,1072,T,-1186,6500
183970,21,1274,115,60,1159,T,-1062,6500
183997,23,1396,88,121,1308,T,-932,6500
184021,24,1457,67,60,1390,T,-812,6500
184047,25,1517,47,60,1470,T,-677,6500
184070,26,1578,33,60,1545,T,-565,6500
184096,28,1699,20,121,1679,T,-435,6500
184121,29,1760,10,60,1750,T,-299,6500
184146,30,1821,4,60,1817,T,-99,6500
184171,31,1882,0,60,1882,T,141,6500
184196,33,2003,2,121,2001,T,264,6500
184220,34,2064,7,60,2057,T,282,6500
184246,35,2124,16,60,2108,T,412,6500
184275,37,2246,30,121,2216,T,556,6500
184301,38,2307,46,60,2261,T,684,6500
184322,39,2367,61,60,2306,T,787,6500
184346,40,2428,82,60,2346,T,909,6500
184377,42,2549,112,121,2437,T,1062,6500
184396,43,2610,133,60,2477,T,1161,6500
184421,44,2671,164,60,2507,T,1283,6500
184446,46,2792,197,121,2595,T,1409,6500
184471,47,2853,234,60,2619,T,1534,6500
184496,48,2914,274,60,2640,T,1657,6500
184521,49,2974,317,60,2657,T,1787,6500
184546,51,3096,363,121,2733,T,1908,6500
184570,52,3157,410,60,2747,T,2031,6500
184596,53,3217,464,60,2753,T,2155,6500
184620,54,3278,517,60,2761,T,2281,6500
184646,56,3399,578,121,2821,T,2408,6500
184671,57,3460,640,60,2820,T,2536,6500
184696,58,3521,705,60,2816,T,2659,6500
184720,60,3642,770,121,2872,T,2781,6500
184747,61,3703,847,60,2856,T,2911,6500
184770,62,3764,915,60,2849,T,3023,6500
184799,63,3824,1005,60,2819,T,3172,6500
184821,65,3946,1076,121,2870,T,3278,6500
184846,66,4007,1159,60,2848,T,3407,6500
184872,67,4067,1250,60,2817,T,3536,6500
184902,69,4189,1358,121,2831,T,3683,6500
184920,70,4249,1425,60,2824,T,3773,6500
184969,71,4310,1616,60,2694,T,4024,6500
184974,72,4371,1636,60,2735,T,4040,6500
185006,74,4492,1768,121,2724,T,4208,6500
185027,75,4553,1857,60,2696,T,4310,6500
185069,76,4614,2043,60,2571,T,4522,6500
185084,77,4674,2111,60,2563,T,4600,6500
185097,79,4796,2172,121,2624,T,4659,6500
185124,80,4857,2299,60,2558,T,4799,6500
185169,81,4917,2519,60,2398,T,4825,6500
185174,83,5039,2542,121,2497,T,4799,6500
185212,84,5099,2723,60,2376,T,4799,6500
185221,85,5160,2767,60,2393,T,4753,6500
185255,86,5221,2927,60,2294,T,4722,6500
185282,88,5342,3053,121,2289,T,4645,6500
185525,89,5403,4064,60,1339,T,3565,6500
185535,90,5464,4101,60,1363,T,3518,6500
185541,92,5585,4120,121,1465,T,3490,6500
185546,93,5646,4137,60,1509,T,3460,6500
185551,94,5707,4155,60,1552,T,3490,6500
185556,95,5767,4172,60,1595,T,3514,6500
185561,97,5889,4190,121,1699,T,3533,6500
185603,98,5949,4343,60,1606,T,3745,6500
185608,99,6010,4362,60,1648,T,3773,6500
185613,100,6071,4381,60,1690,T,3802,6500
185658,102,6192,4556,121,1636,T,3883,6500
185672,103,6253,4610,60,1643,T,3813,6500
185677,104,6314,4629,60,1685,T,3791,6500
185682,106,6435,4647,121,1788,T,3816,6500
185688,107,6496,4670,60,1826,T,3846,6500
185693,108,6557,4690,60,1867,T,3875,6500
185706,109,6617,4740,60,1877,T,3938,6500
185727,111,6739,4824,121,1915,T,4046,6500
185755,112,6799,4939,60,1860,T,4168,6500
185780,113,6860,5043,60,1817,T,4173,6500
185797,115,6982,5114,121,1868,T,4089,6500
185823,116,7042,5220,60,1822,T,4100,6500
185850,117,7103,5332,60,1771,T,4123,6500
185893,118,7164,5506,60,1658,T,3986,6500
185911,120,7285,5577,121,1708,T,3894,6500
185948,121,7346,5722,60,1624,T,3942,6500
185953,122,7407,5741,60,1666,T,3917,6500
185973,123,7467,5819,60,1648,T,3887,6500
186006,125,7589,5947,121,1642,T,3887,6500
186032,126,7649,6047,60,1602,T,3816,6500
186049,127,7710,6113,60,1597,T,3831,6500
186071,129,7832,6197,121,1635,T,3824,6500
186097,130,7892,6296,60,1596,T,3827,6500
186132,131,7953,6430,60,1523,T,3813,6500
186153,132,8014,6510,60,1504,T,3745,6500
186172,134,8135,6581,121,1554,T,3700,6500
186196,135,8196,6669,60,1527,T,3714,6500
186224,136,8257,6774,60,1483,T,3759,6500
186254,138,8378,6886,121,1492,T,3693,6500
186278,139,8439,6973,60,1466,T,3610,6500
186298,140,8499,7046,60,1453,T,3652,6500
186322,141,8560,7134,60,1426,T,3642,6500
186350,143,8682,7235,121,1447,T,3619,6500
186389,144,8742,7375,60,1367,T,3603,6500
186402,145,8803,7421,60,1382,T,3546,6500
186455,146,8864,7607,60,1257,T,3448,6500
186460,148,8985,7624,121,1361,T,3424,6500
186481,149,9046,7696,60,1350,T,3386,6500
186496,150,9107,7747,60,1360,T,3457,6500
186522,152,9228,7838,121,1390,T,3542,6500
186552,153,9289,7943,60,1346,T,3508,6500
186572,154,9349,8013,60,1336,T,3499,6500
186599,155,9410,8108,60,1302,T,3508,6500
186651,157,9532,8286,121,1246,T,3341,6500
186656,158,9592,8303,60,1289,T,3319,6500
186693,159,9653,8425,60,1228,T,3369,6500
186698,161,9774,8442,121,1332,T,3378,6500
186722,162,9835,8522,60,1313,T,3338,6500
186750,163,9896,8618,60,1278,T,3466,6500
186789,164,9957,8751,60,1206,T,3369,6500
186801,166,10078,8791,121,1287,T,3319,6500
186822,167,10139,8860,60,1279,T,3319,6500
186848,168,10199,8948,60,1251,T,3412,6500
186872,170,10321,9029,121,1292,T,3378,6500
186895,171,10382,9106,60,1276,T,3350,6500
186922,172,10442,9198,60,1244,T,3415,6500
187056,173,10503,9623,60,880,T,2849,6500
187061,175,10624,9637,121,987,T,2834,6500
187066,176,10685,9651,60,1034,T,2807,6500
187071,177,10746,9666,60,1080,T,2781,6500
187076,178,10807,9679,60,1128,T,2770,6500
187081,180,10928,9693,121,1235,T,2795,6500
187096,181,10989,9735,60,1254,T,2869,6500
187120,182,11049,9806,60,1243,T,2987,6500
187155,184,11171,9913,121,1258,T,3157,6500
187175,185,11232,9977,60,1255,T,3262,6500
187202,186,11292,10067,60,1225,T,3386,6500
187221,187,11353,10131,60,1222,T,3305,6500
187276,189,11474,10312,121,1162,T,3218,6500
187281,190,11535,10328,60,1207,T,3187,6500
187408,191,11596,10722,60,874,T,2844,6500
187413,193,11717,10737,121,980,T,2818,6500
187426,194,11778,10773,60,1005,T,2758,6500
187431,195,11839,10787,60,1052,T,2766,6500
187436,196,11899,10800,60,1099,T,2791,6500
187441,198,12021,10814,121,1207,T,2818,6500
187446,199,12082,10829,60,1253,T,2844,6500
187481,200,12142,10931,60,1211,T,3016,6500
187497,201,12203,10980,60,1223,T,3095,6500
187522,203,12324,11059,121,1265,T,3218,6500
187673,204,12385,11533,60,852,T,2807,6500
187678,205,12446,11547,60,899,T,2781,6500
187683,207,12567,11560,121,1007,T,2754,6500
187688,208,12628,11574,60,1054,T,2735,6500
187693,209,12689,11588,60,1101,T,2706,6500
187698,210,12749,11601,60,1148,T,2717,6500
187703,212,12871,11615,121,1256,T,2743,6500
187721,213,12932,11665,60,1267,T,2834,6500
187746,214,12992,11737,60,1255,T,2956,6500
187771,216,13114,11813,121,1301,T,3081,6500
187796,217,13174,11891,60,1283,T,3205,6500
187821,218,13235,11973,60,1262,T,3325,6500
187846,219,13296,12057,60,1239,T,3384,6500
187871,221,13417,12141,121,1276,T,3350,6500
187896,222,13478,12224,60,1254,T,3314,6500
187922,223,13539,12312,60,1227,T,3386,6500
187946,224,13599,12392,60,1207,T,3319,6500
187974,226,13721,12485,121,1236,T,3311,6500
187996,227,13782,12557,60,1225,T,3257,6500
188021,228,13842,12640,60,1202,T,3369,6500
188046,230,13964,12722,121,1242,T,3278,6500
188076,231,14024,12821,60,1203,T,3297,6500
188096,232,14085,12887,60,1198,T,3294,6500
188121,233,14146,12970,60,1176,T,3311,6500
188146,235,14267,13051,121,1216,T,3249,6500
188171,236,14328,13132,60,1196,T,3231,6500
188196,237,14389,13214,60,1175,T,3305,6500
188221,239,14510,13296,121,1214,T,3278,6500
188246,240,14571,13377,60,1194,T,3225,6500
188271,241,14632,13459,60,1173,T,3294,6500
188296,242,14692,13541,60,1151,T,3276,6500
188324,244,14814,13632,121,1182,T,3249,6500
188346,245,14874,13702,60,1172,T,3174,6500
188371,246,14935,13783,60,1152,T,3262,6500
188396,247,14996,13864,60,1132,T,3244,6500
188422,249,15117,13947,121,1170,T,3225,6500
188446,250,15178,14023,60,1155,T,3154,6500
188472,251,15239,14107,60,1132,T,3231,6500
188497,253,15360,14187,121,1173,T,3215,6500
188521,254,15421,14263,60,1158,T,3139,6500
188570,253,15360,14420,60,940,T,3154,6500
188596,251,15239,14501,121,738,T,3023,6500
188621,250,15178,14575,60,603,T,2902,6500
188647,249,15117,14648,60,469,T,2770,6500
188671,247,14996,14714,121,282,T,2652,6500
188698,246,14935,14783,60,152,T,2515,6500
188721,245,14874,14840,60,34,T,2405,6500
188748,244,14814,14903,60,88,T,2268,6500
188773,242,14692,14959,121,266,T,2143,6500
188798,241,14632,15010,60,377,T,2017,6500
188822,240,14571,15058,60,486,T,1897,6500
188846,239,14510,15102,60,591,T,1776,6500
188871,237,14389,15145,121,755,T,1652,6500
188896,236,14328,15185,60,856,T,1532,6500
188921,235,14267,15222,60,954,T,1403,6500
188946,233,14146,15255,121,1108,T,1283,6500
188971,232,14085,15286,60,1200,T,1153,6500
188999,231,14024,15316,60,1291,T,1014,6500
189021,230,13964,15338,60,1373,T,904,6500
189046,228,13842,15359,121,1516,T,780,6500
189070,227,13782,15376,60,1593,T,663,6500
189100,226,13721,15394,60,1672,T,509,6500
189120,224,13599,15403,121,1803,T,412,6500
189172,223,13539,15418,60,1878,T,99,6500
189247,222,13478,15411,60,1932,T,-331,6500
189252,221,13417,15410,60,1992,T,-346,6500
189257,219,13296,15408,121,2111,T,-373,6500
189262,218,13235,15406,60,2170,T,-399,6500
189271,217,13174,15402,60,2227,T,-446,6500
189316,216,13114,15378,60,2263,T,-663,6500
189321,214,12992,15375,121,2382,T,-684,6500
189358,213,12932,15346,60,2413,T,-871,6500
189372,212,12871,15333,60,2461,T,-942,6500
189415,210,12749,15288,121,2538,T,-1161,6500
189428,209,12689,15273,60,2583,T,-1219,6500
189450,208,12628,15245,60,2616,T,-1329,6500
189471,207,12567,15216,60,2648,T,-1437,6500
189535,205,12446,15114,121,2667,T,-1752,6500
189626,204,12385,14934,60,2548,T,-2208,6500
189631,203,12324,14923,60,2598,T,-2235,6500
189636,201,12203,14912,121,2708,T,-2263,6500
189641,200,12142,14900,60,2757,T,-2288,6500
189646,199,12082,14889,60,2806,T,-2306,6500
189651,198,12021,14877,60,2855,T,-2332,6500
189673,196,11899,14824,121,2924,T,-2447,6500
189699,195,11839,14759,60,2919,T,-2574,6500
189728,194,11778,14682,60,2903,T,-2724,6500
189751,193,11717,14619,60,2901,T,-2834,6500
189782,191,11596,14528,121,2931,T,-2987,6500
189805,190,11535,14458,60,2922,T,-3103,6500
189826,189,11474,14392,60,2917,T,-3205,6500
189848,187,11353,14320,121,2966,T,-3314,6500
189883,186,11292,14201,60,2908,T,-3496,6500
189901,185,11232,14137,60,2904,T,-3584,6500
189929,184,11171,14035,60,2863,T,-3720,6500
189947,182,11049,13967,121,2917,T,-3816,6500
189974,181,10989,13862,60,2872,T,-3948,6500
190003,180,10928,13746,60,2817,T,-4089,6500
190026,178,10807,13650,121,2842,T,-4208,6500
190054,177,10746,13531,60,2784,T,-4345,6500
190071,176,10685,13456,60,2770,T,-4437,6500
190099,175,10624,13330,60,2705,T,-4571,6500
190124,173,10503,13214,121,2710,T,-4694,6500
190156,172,10442,13061,60,2618,T,-4857,6500
190171,171,10382,12988,60,2605,T,-4929,6500
190197,169,10260,12858,121,2597,T,-4956,6500
190234,168,10199,12677,60,2477,T,-4910,6500
190247,167,10139,12614,60,2474,T,-4842,6500
190277,166,10078,12469,60,2390,T,-4816,6500
190296,164,9957,12378,121,2420,T,-4728,6500
190365,163,9896,12054,60,2157,T,-4571,6500
190370,162,9835,12031,60,2195,T,-4545,6500
190375,161,9774,12009,60,2234,T,-4522,6500
190405,159,9653,11873,121,2219,T,-4558,6500
190421,158,9592,11801,60,2208,T,-4496,6500
190454,157,9532,11652,60,2119,T,-4532,6500
190476,155,9410,11554,121,2143,T,-4441,6500
190499,154,9349,11452,60,2102,T,-4429,6500
190534,153,9289,11296,60,2006,T,-4405,6500
190561,152,9228,11179,60,1950,T,-4340,6500
190573,150,9107,11127,121,2019,T,-4275,6500
190596,149,9046,11029,60,1982,T,-4253,6500
190626,148,8985,10900,60,1914,T,-4298,6500
190657,146,8864,10769,121,1904,T,-4214,6500
190671,145,8803,10711,60,1907,T,-4145,6500
190711,144,8742,10544,60,1801,T,-4162,6500
190716,0,0,10524,8742,10524,N,-4145,6500


Very slow, 20 seconds
Jerky across the movements
304824,118,7164,0,7164,7164,N,0,6500
304849,117,7103,10,60,7093,N,663,6500
304875,116,7042,33,60,7009,N,1166,6500
304935,115,6982,138,60,6844,N,2357,6500
304949,114,6921,173,60,6748,N,2638,6500
305000,113,6860,334,60,6526,N,3690,6500
305035,112,6799,475,60,6324,N,4357,6500
305074,111,6739,661,60,6078,N,5148,6500
305135,110,6678,1012,60,5666,N,6364,6500
305153,109,6617,1129,60,5488,N,6498,6500
305187,108,6557,1350,60,5207,N,6498,6500
305203,107,6496,1454,60,5042,N,6498,6500
305253,106,6435,1779,60,4656,N,6498,6500
305287,105,6374,2000,60,4374,N,6498,6500
305349,104,6314,2403,60,3911,N,6498,6500
305399,103,6253,2728,60,3525,N,6498,6500
305437,102,6192,2975,60,3217,N,6498,6500
305475,101,6132,3222,60,2910,T,6498,6500
305499,100,6071,3377,60,2694,T,6472,6500
305540,99,6010,3638,60,2372,T,6264,6500
305553,98,5949,3720,60,2229,T,6196,6500
305603,97,5889,4023,60,1866,T,5943,6500
305675,96,5828,4438,60,1390,T,5590,6500
305699,95,5767,4571,60,1196,T,5464,6500
305749,94,5707,4838,60,869,T,5225,6500
305774,93,5646,4967,60,679,T,5092,6500
305840,92,5585,5292,60,293,T,4764,6500
305850,91,5524,5340,60,184,T,4708,6500
305899,90,5464,5565,60,100,T,4464,6500
305950,89,5403,5787,60,383,T,4208,6500
305975,88,5342,5890,60,547,T,4094,6500
306035,87,5282,6127,60,844,T,3791,6500
306052,86,5221,6191,60,969,T,3703,6500
306100,85,5160,6363,60,1202,T,3466,6500
306136,84,5099,6484,60,1384,T,3289,6500
306175,83,5039,6609,60,1569,T,3095,6500
306199,82,4978,6682,60,1703,T,2971,6500
306387,77,4674,7153,303,2478,T,2036,6500
306455,76,4614,7280,60,2665,T,1697,6500
306475,75,4553,7313,60,2759,T,1598,6500
306536,74,4492,7402,60,2909,T,1291,6500
306576,73,4432,7450,60,3017,N,1089,6500
306604,72,4371,7478,60,3106,N,799,6500
306651,71,4310,7493,60,3182,N,-346,6500
306676,70,4249,7479,60,3229,N,-824,6500
306736,69,4189,7394,60,3204,N,-2028,6500
306752,68,4128,7359,60,3230,N,-2357,6500
306799,67,4067,7227,60,3159,N,-3289,6500
306850,66,4007,7033,60,3025,N,-4321,6500
306875,65,3946,6919,60,2972,T,-4810,6500
306937,64,3885,6599,60,2713,T,-5141,6500
306950,63,3824,6533,60,2708,T,-5079,6500
307000,62,3764,6282,60,2517,T,-4950,6500
307036,61,3703,6106,60,2402,T,-4825,6500
307077,60,3642,5910,60,2267,T,-4689,6500
307099,59,3582,5809,60,2226,T,-4595,6500
307151,58,3521,5572,60,2050,T,-4454,6500
307200,57,3460,5358,60,1897,T,-4282,6500
307237,56,3399,5202,60,1802,T,-4168,6500
307279,55,3339,5030,60,1690,T,-4028,6500
307300,54,3278,4946,60,1667,T,-3942,6500
307350,53,3217,4751,60,1533,T,-3831,6500
307383,52,3157,4626,60,1468,T,-3745,6500
307437,51,3096,4429,60,1332,T,-3555,6500
307484,50,3035,4265,60,1229,T,-3415,6500
307500,49,2974,4211,60,1236,T,-3333,6500
307551,48,2914,4042,60,1127,T,-3257,6500
307587,47,2853,3926,60,1072,T,-3172,6500
307637,46,2792,3771,60,978,T,-3021,6500
307650,45,2732,3732,60,999,T,-2956,6500
307699,44,2671,3587,60,915,T,-2911,6500
307750,43,2610,3442,60,831,T,-2766,6500
307776,42,2549,3371,60,821,T,-2710,6500
307837,41,2489,3208,60,718,T,-2564,6500
307850,40,2428,3176,60,747,T,-2495,6500
307900,39,2367,3050,60,682,T,-2486,6500
307938,38,2307,2957,60,649,T,-2421,6500
307975,37,2246,2869,60,622,T,-2364,6500
308037,36,2185,2727,60,541,T,-2188,6500
308050,35,2124,2699,60,574,T,-2120,6500
308100,34,2064,2592,60,527,T,-2158,6500
308138,33,2003,2511,60,507,T,-2104,6500
308175,32,1942,2436,60,493,T,-2075,6500
308201,31,1882,2383,60,500,T,-2023,6500
308250,30,1821,2284,60,462,T,-2001,6500
308276,29,1760,2233,60,472,T,-1928,6500
308338,28,1699,2112,60,412,T,-1872,6500
308375,27,1639,2045,60,405,T,-1846,6500
308406,26,1578,1989,60,410,T,-1831,6500
308450,25,1517,1909,60,391,T,-1814,6500
308475,24,1457,1865,60,407,T,-1739,6500
308540,23,1396,1750,60,353,T,-1703,6500
308549,22,1335,1734,60,398,T,-1659,6500
308616,21,1274,1620,60,345,T,-1677,6500
308650,20,1214,1564,60,349,T,-1677,6500
308675,19,1153,1523,60,369,T,-1622,6500
308738,18,1092,1417,60,324,T,-1612,6500
308751,17,1032,1397,60,364,T,-1557,6500
308801,16,971,1316,60,344,T,-1677,6500
308838,15,910,1256,60,345,T,-1659,6500
308875,14,849,1196,60,346,T,-1677,6500
308938,13,789,1093,60,303,T,-1557,6500
308950,12,728,1075,60,346,T,-1499,6500
309000,11,667,998,60,330,T,-1638,6500
309038,10,607,937,60,329,T,-1638,6500
309075,9,546,879,60,332,T,-1620,6500
309100,8,485,839,60,353,T,-1574,6500
309150,7,424,757,60,332,T,-1638,6500
309200,6,364,677,60,312,T,-1583,6500
309239,5,303,616,60,312,T,-1581,6500
309275,4,242,561,60,318,T,-1583,6500
309300,3,182,522,60,339,T,-1534,6500
309350,2,121,442,60,320,T,-1602,6500
309375,1,60,403,60,342,T,-1534,6500
309439,0,0,301,60,301,T,-1545,6500
309539,1,60,157,60,96,T,-1244,6500
309575,2,121,115,60,6,T,-1062,6500
309600,3,182,90,60,92,T,-942,6500
309674,4,242,33,60,209,T,-565,6500
309699,5,303,21,60,282,T,-446,6500
309739,6,364,6,60,358,T,-141,6500
309750,7,424,4,60,420,T,-99,6500
309799,8,485,2,60,483,T,264,6500
309874,10,607,27,121,580,T,528,6500
309951,11,667,81,60,586,T,904,6500
309956,12,728,86,60,642,T,932,6500
310000,13,789,132,60,657,T,1153,6500
310045,14,849,188,60,661,T,1373,6500
310075,15,910,232,60,678,T,1526,6500
310147,16,971,355,60,616,T,1885,6500
310152,17,1032,364,60,668,T,1908,6500
310253,19,1153,578,121,575,T,2126,6500
310275,20,1214,624,60,590,T,2031,6500
310301,21,1274,678,60,596,T,2155,6500
310355,22,1335,798,60,537,T,2172,6500
310400,23,1396,893,60,503,T,2097,6500
310440,24,1457,975,60,482,T,2039,6500
310500,26,1578,1094,121,484,T,1895,6500
310557,27,1639,1202,60,437,T,1934,6500
310578,28,1699,1241,60,458,T,1831,6500
310625,29,1760,1331,60,429,T,1912,6500
310674,30,1821,1422,60,399,T,1831,6500
310699,31,1882,1466,60,416,T,1773,6500
310761,32,1942,1578,60,364,T,1739,6500
310775,33,2003,1602,60,401,T,1669,6500
310849,35,2124,1729,121,395,T,1651,6500
310900,36,2185,1811,60,374,T,1703,6500
310950,37,2246,1897,60,349,T,1687,6500
310975,38,2307,1938,60,369,T,1622,6500
311040,39,2367,2047,60,320,T,1605,6500
311075,40,2428,2102,60,326,T,1605,6500
311100,41,2489,2141,60,348,T,1557,6500
311140,42,2549,2206,60,343,T,1677,6500
311182,43,2610,2275,60,335,T,1651,6500
311200,44,2671,2304,60,367,T,1557,6500
311249,45,2732,2385,60,347,T,1687,6500
311300,46,2792,2468,60,324,T,1612,6500
311325,47,2853,2507,60,346,T,1568,6500
311376,48,2914,2590,60,324,T,1612,6500
311400,49,2974,2627,60,347,T,1557,6500
311450,50,3035,2709,60,326,T,1622,6500
311479,51,3096,2754,60,342,T,1557,6500
311525,52,3157,2828,60,329,T,1633,6500
311601,54,3278,2947,121,331,T,1444,6500
311690,56,3399,3075,121,324,T,1420,6500
311725,57,3460,3123,60,337,T,1392,6500
311751,58,3521,3161,60,360,T,1522,6500
311800,59,3582,3241,60,341,T,1662,6500
311850,60,3642,3323,60,319,T,1598,6500
312002,61,3703,3533,60,170,T,1033,6500
312007,62,3764,3538,60,226,T,1014,6500
312012,63,3824,3543,60,281,T,990,6500
312022,64,3885,3553,60,332,T,947,6500
312027,65,3946,3557,60,389,T,968,6500
312108,67,4067,3652,121,415,T,1373,6500
312150,68,4128,3714,60,414,T,1583,6500
312206,69,4189,3810,60,379,T,1777,6500
312241,70,4249,3871,60,378,T,1752,6500
312276,71,4310,3931,60,379,T,1725,6500
312301,72,4371,3974,60,397,T,1736,6500
312350,73,4432,4060,60,372,T,1752,6500
312400,74,4492,4146,60,346,T,1683,6500
312424,75,4553,4185,60,368,T,1638,6500
312475,76,4614,4271,60,343,T,1675,6500
312505,77,4674,4320,60,354,T,1648,6500
312550,78,4735,4394,60,341,T,1666,6500
312575,79,4796,4434,60,362,T,1602,6500
312625,80,4857,4518,60,339,T,1657,6500
312650,81,4917,4558,60,359,T,1574,6500
312707,82,4978,4652,60,326,T,1620,6500
312750,83,5039,4720,60,319,T,1602,6500
312776,84,5099,4760,60,339,T,1522,6500
312825,85,5160,4839,60,321,T,1607,6500
312850,86,5221,4877,60,344,T,1522,6500
313017,87,5282,5113,60,169,T,1033,6500
313022,88,5342,5118,60,224,T,1004,6500
313032,89,5403,5128,60,275,T,957,6500
313037,90,5464,5132,60,332,T,932,6500
313119,91,5524,5225,60,299,T,1336,6500
313124,92,5585,5232,60,353,T,1366,6500
313129,93,5646,5239,60,407,T,1388,6500
313176,94,5707,5310,60,397,T,1628,6500
313225,95,5767,5395,60,372,T,1762,6500
313277,97,5889,5483,121,406,T,1675,6500
313364,98,5949,5628,60,321,T,1611,6500
313379,99,6010,5652,60,358,T,1534,6500
313400,100,6071,5684,60,387,T,1602,6500
313450,101,6132,5770,60,362,T,1725,6500
313476,102,6192,5813,60,379,T,1657,6500
313527,103,6253,5901,60,352,T,1700,6500
313642,104,6314,6080,60,234,T,1309,6500
313652,105,6374,6092,60,282,T,1264,6500
313657,106,6435,6099,60,336,T,1232,6500
313675,107,6496,6121,60,375,T,1287,6500
313842,109,6617,6360,121,257,T,1161,6500
313852,110,6678,6371,60,307,T,1109,6500
313857,111,6739,6376,60,363,T,1089,6500
313900,112,6799,6426,60,373,T,1253,6500
314043,113,6860,6633,60,227,T,1280,6500
314048,114,6921,6639,60,282,T,1256,6500
314058,115,6982,6651,60,331,T,1207,6500
314063,116,7042,6657,60,385,T,1199,6500
314100,118,7164,6705,121,459,T,1385,6500
314150,119,7224,6780,60,444,T,1635,6500
314175,120,7285,6822,60,463,T,1759,6500
314225,121,7346,6916,60,430,T,1913,6500
314275,122,7407,7009,60,398,T,1824,6500
314300,123,7467,7053,60,414,T,1782,6500
314375,124,7528,7188,60,340,T,1662,6500
314401,125,7589,7229,60,360,T,1607,6500
314425,126,7649,7269,60,380,T,1635,6500
314449,127,7710,7309,60,401,T,1697,6500
314499,128,7771,7397,60,374,T,1759,6500
314550,129,7832,7485,60,347,T,1680,6500
314576,130,7892,7527,60,365,T,1626,6500
314625,131,7953,7610,60,343,T,1670,6500
314676,132,8014,7693,60,321,T,1607,6500
314700,133,8074,7730,60,344,T,1561,6500
314757,134,8135,7822,60,313,T,1581,6500
314776,135,8196,7851,60,345,T,1485,6500
314825,136,8257,7929,60,328,T,1628,6500
314858,137,8317,7981,60,336,T,1591,6500
314900,138,8378,8048,60,330,T,1628,6500
314925,139,8439,8088,60,351,T,1583,6500
315000,141,8560,8208,121,352,T,1516,6500
315173,142,8621,8449,60,172,T,1043,6500
315183,143,8682,8459,60,223,T,993,6500
315188,144,8742,8464,60,278,T,973,6500
315198,145,8803,8474,60,329,T,963,6500
315203,146,8864,8479,60,385,T,990,6500
315275,148,8985,8563,121,422,T,1351,6500
315350,150,9107,8678,121,429,T,1725,6500
315400,151,9167,8764,60,403,T,1801,6500
315450,152,9228,8853,60,375,T,1762,6500
315475,153,9289,8896,60,393,T,1692,6500
315525,154,9349,8983,60,366,T,1736,6500
315550,155,9410,9026,60,384,T,1666,6500
315625,157,9532,9153,121,379,T,1591,6500
315677,158,9592,9234,60,358,T,1644,6500
315783,160,9714,9402,121,312,T,1373,6500
315799,161,9774,9423,60,351,T,1291,6500
315825,162,9835,9458,60,377,T,1388,6500
315882,163,9896,9545,60,351,T,1675,6500
315900,164,9957,9574,60,383,T,1611,6500
315951,165,10017,9661,60,356,T,1710,6500
316025,166,10078,9783,60,295,T,1526,6500
316050,167,10139,9819,60,320,T,1441,6500
316087,168,10199,9875,60,324,T,1598,6500
316101,169,10260,9898,60,362,T,1540,6500
316152,170,10321,9980,60,341,T,1662,6500
316298,171,10382,10193,60,189,T,1125,6500
316308,172,10442,10204,60,238,T,1071,6500
316324,173,10503,10221,60,282,T,1053,6500
316329,174,10564,10226,60,338,T,1080,6500
316351,175,10624,10251,60,373,T,1186,6500
316376,176,10685,10282,60,403,T,1315,6500
316451,178,10807,10394,121,413,T,1683,6500
316499,179,10867,10474,60,393,T,1745,6500
316525,180,10928,10520,60,408,T,1752,6500
316575,181,10989,10609,60,380,T,1777,6500
316650,182,11049,10737,60,312,T,1583,6500
316675,183,11110,10775,60,335,T,1511,6500
316701,184,11171,10816,60,355,T,1598,6500
316725,185,11232,10855,60,377,T,1626,6500
316804,187,11353,10987,121,366,T,1561,6500
316849,188,11414,11055,60,359,T,1591,6500
316906,189,11474,11150,60,324,T,1620,6500
316925,190,11535,11180,60,355,T,1526,6500
316975,191,11596,11261,60,335,T,1648,6500
317008,192,11657,11313,60,344,T,1620,6500
317049,193,11717,11380,60,337,T,1657,6500
317076,194,11778,11423,60,355,T,1583,6500
317125,195,11839,11504,60,335,T,1648,6500
317200,197,11960,11622,121,338,T,1469,6500
317250,198,12021,11695,60,326,T,1540,6500
317275,199,12082,11733,60,349,T,1540,6500
317328,200,12142,11820,60,322,T,1607,6500
317351,201,12203,11856,60,347,T,1551,6500
317401,202,12264,11937,60,327,T,1626,6500
317450,203,12324,12014,60,310,T,1569,6500
317476,204,12385,12054,60,331,T,1516,6500
317525,205,12446,12132,60,314,T,1583,6500
317550,206,12507,12170,60,337,T,1501,6500
317600,207,12567,12249,60,318,T,1598,6500
317625,208,12628,12288,60,340,T,1551,6500
317702,210,12749,12410,121,339,T,1471,6500
317831,211,12810,12594,60,216,T,1240,6500
317841,212,12871,12606,60,265,T,1191,6500
317846,213,12932,12612,60,320,T,1166,6500
317875,214,12992,12647,60,345,T,1280,6500
317900,215,13053,12681,60,372,T,1405,6500
317951,216,13114,12759,60,355,T,1662,6500
317975,217,13174,12798,60,376,T,1644,6500
318029,218,13235,12891,60,344,T,1670,6500
318075,219,13296,12965,60,331,T,1635,6500
318246,220,13357,13200,60,157,T,973,6500
318251,221,13417,13205,60,212,T,947,6500
318256,222,13478,13209,60,269,T,925,6500
318266,223,13539,13218,60,321,T,877,6500
318271,224,13599,13223,60,376,T,904,6500
318300,225,13660,13251,60,409,T,1053,6500
318350,226,13721,13310,60,411,T,1299,6500
318375,227,13782,13344,60,438,T,1424,6500
318425,228,13842,13421,60,421,T,1675,6500
318455,229,13903,13473,60,430,T,1819,6500
318501,230,13964,13559,60,405,T,1845,6500
318526,231,14024,13603,60,421,T,1762,6500
318577,232,14085,13697,60,388,T,1801,6500
318625,233,14146,13781,60,365,T,1736,6500
318656,234,14207,13833,60,374,T,1675,6500
318700,235,14267,13908,60,359,T,1719,6500
318726,236,14328,13952,60,376,T,1666,6500
318801,238,14449,14078,121,371,T,1574,6500
318858,239,14510,14166,60,344,T,1644,6500
318875,240,14571,14194,60,377,T,1589,6500
318925,241,14632,14277,60,355,T,1707,6500
318976,242,14692,14362,60,330,T,1635,6500
319001,243,14753,14401,60,352,T,1589,6500
319059,244,14814,14496,60,318,T,1598,6500
319159,245,14874,14645,60,229,T,1291,6500
319164,246,14935,14651,60,284,T,1268,6500
319169,247,14996,14658,60,338,T,1244,6500
319200,248,15057,14696,60,361,T,1315,6500
319287,250,15178,14827,121,351,T,1506,6500
319370,251,15239,14952,60,287,T,1491,6500
319381,252,15299,14969,60,330,T,1437,6500
319425,254,15421,15034,121,387,T,1583,6500
319526,253,15360,15195,60,165,T,1495,6500
319668,252,15299,15358,60,58,T,787,6500
319678,251,15239,15365,60,125,T,740,6500
319683,250,15178,15369,60,190,T,714,6500
319693,249,15117,15376,60,258,T,663,6500
319700,248,15057,15381,60,323,T,623,6500
319750,247,14996,15406,60,409,T,373,6500
319801,246,14935,15419,60,483,T,-99,6500
319825,245,14874,15420,60,545,T,-199,6500
319876,244,14814,15409,60,594,T,-360,6500
319976,243,14753,15350,60,596,T,-848,6500
319986,242,14692,15342,60,649,T,-893,6500
319991,241,14632,15337,60,704,T,-920,6500
320026,240,14571,15302,60,730,T,-1100,6500
320051,239,14510,15273,60,762,T,-1219,6500
320124,238,14449,15171,60,721,T,-1583,6500
320150,237,14389,15128,60,738,T,-1719,6500
320185,236,14328,15065,60,736,T,-1892,6500
320251,234,14207,14930,121,722,T,-2218,6500
320395,233,14146,14604,60,457,T,-1982,6500
320400,232,14085,14594,60,508,T,-1960,6500
320416,231,14024,14563,60,538,T,-1897,6500
320427,230,13964,14542,60,577,T,-1953,6500
320485,229,13903,14421,60,517,T,-2132,6500
320500,228,13842,14390,60,547,T,-2056,6500
320525,227,13782,14338,60,555,T,-2120,6500
320575,226,13721,14231,60,509,T,-2113,6500
320601,225,13660,14177,60,516,T,-2056,6500
320651,224,13599,14074,60,474,T,-2025,6500
320725,223,13539,13930,60,390,T,-1811,6500
320751,222,13478,13885,60,406,T,-1736,6500
320775,221,13417,13842,60,424,T,-1787,6500
320799,220,13357,13799,60,441,T,-1836,6500
320850,219,13296,13703,60,406,T,-1851,6500
320876,218,13235,13656,60,420,T,-1787,6500
321006,217,13174,13435,60,260,T,-1405,6500
321016,216,13114,13422,60,307,T,-1362,6500
321025,215,13053,13409,60,355,T,-1309,6500
321054,214,12992,13369,60,376,T,-1455,6500
321075,213,12932,13338,60,405,T,-1561,6500
321207,211,12810,13124,121,313,T,-1381,6500
321217,210,12749,13110,60,360,T,-1329,6500
321225,209,12689,13100,60,410,T,-1291,6500
321275,208,12628,13030,60,401,T,-1526,6500
321325,207,12567,12947,60,379,T,-1777,6500
321351,206,12507,12902,60,394,T,-1700,6500
321408,205,12446,12803,60,356,T,-1710,6500
321425,204,12385,12774,60,388,T,-1628,6500
321476,203,12324,12686,60,361,T,-1725,6500
321616,202,12264,12472,60,207,T,-1207,6500
321626,201,12203,12461,60,257,T,-1166,6500
321636,200,12142,12449,60,306,T,-1130,6500
321650,199,12082,12433,60,350,T,-1199,6500
321675,198,12021,12401,60,379,T,-1326,6500
321700,197,11960,12367,60,406,T,-1448,6500
321751,196,11899,12286,60,386,T,-1707,6500
321776,195,11839,12243,60,403,T,-1743,6500
321850,194,11778,12113,60,334,T,-1644,6500
321876,193,11717,12071,60,353,T,-1589,6500
321900,192,11657,12032,60,374,T,-1644,6500
321951,191,11596,11945,60,348,T,-1689,6500
321975,190,11535,11906,60,370,T,-1626,6500
322025,189,11474,11821,60,346,T,-1680,6500
322050,188,11414,11780,60,365,T,-1598,6500
322100,187,11353,11697,60,343,T,-1670,6500
322249,186,11292,11479,60,186,T,-1117,6500
322254,185,11232,11474,60,241,T,-1089,6500
322259,183,11110,11469,121,358,T,-1071,6500
322300,182,11049,11424,60,374,T,-1168,6500
322329,181,10989,11388,60,398,T,-1315,6500
322375,180,10928,11323,60,394,T,-1545,6500
322400,179,10867,11283,60,415,T,-1666,6500
322449,178,10807,11196,60,388,T,-1801,6500
322499,177,10746,11109,60,362,T,-1725,6500
322534,176,10685,11050,60,364,T,-1700,6500
322652,175,10624,10863,60,238,T,-1326,6500
322657,174,10564,10857,60,292,T,-1302,6500
322675,173,10503,10834,60,330,T,-1280,6500
322701,172,10442,10799,60,356,T,-1413,6500
322725,171,10382,10764,60,381,T,-1532,6500
322776,170,10321,10680,60,358,T,-1715,6500
322800,169,10260,10640,60,379,T,-1652,6500
322875,168,10199,10512,60,312,T,-1581,6500
322901,167,10139,10472,60,332,T,-1526,6500
322926,166,10078,10434,60,355,T,-1563,6500
322950,165,10017,10395,60,377,T,-1628,6500
323001,164,9957,10308,60,350,T,-1700,6500
323050,163,9896,10227,60,330,T,-1638,6500
323075,162,9835,10187,60,351,T,-1563,6500
323125,161,9774,10106,60,331,T,-1638,6500
323151,160,9714,10065,60,350,T,-1563,6500
323200,159,9653,9985,60,331,T,-1638,6500
323225,158,9592,9945,60,352,T,-1591,6500
323276,157,9532,9861,60,328,T,-1628,6500
323326,156,9471,9781,60,309,T,-1574,6500
323375,155,9410,9707,60,296,T,-1532,6500
323400,154,9349,9670,60,320,T,-1471,6500
323425,153,9289,9632,60,342,T,-1545,6500
323475,152,9228,9551,60,322,T,-1611,6500
323526,151,9167,9471,60,303,T,-1555,6500
323593,150,9107,9371,60,263,T,-1424,6500
323600,149,9046,9361,60,314,T,-1388,6500
323625,148,8985,9327,60,341,T,-1381,6500
323675,147,8924,9252,60,327,T,-1628,6500
323700,146,8864,9213,60,348,T,-1563,6500
323762,145,8803,9112,60,308,T,-1563,6500
323775,144,8742,9092,60,349,T,-1506,6500
323873,142,8621,8941,121,319,T,-1403,6500
323902,141,8560,8902,60,341,T,-1336,6500
323951,140,8499,8830,60,330,T,-1583,6500
323976,139,8439,8791,60,351,T,-1574,6500
324025,138,8378,8710,60,331,T,-1638,6500
324051,137,8317,8669,60,351,T,-1563,6500
324100,136,8257,8589,60,331,T,-1638,6500
324125,135,8196,8549,60,352,T,-1591,6500
324176,134,8135,8466,60,330,T,-1638,6500
324225,133,8074,8387,60,312,T,-1583,6500
324275,132,8014,8311,60,296,T,-1532,6500
324327,130,7892,8233,121,340,T,-1476,6500
324403,128,7771,8120,121,348,T,-1501,6500
324480,127,7710,8004,60,293,T,-1516,6500
324500,126,7649,7975,60,325,T,-1448,6500
324526,125,7589,7936,60,346,T,-1569,6500
324581,124,7528,7846,60,317,T,-1598,6500
324601,123,7467,7815,60,347,T,-1491,6500
324652,122,7407,7734,60,326,T,-1628,6500
324700,121,7346,7658,60,311,T,-1574,6500
324725,120,7285,7620,60,334,T,-1522,6500
324752,119,7224,7577,60,352,T,-1589,6500
324800,118,7164,7498,60,333,T,-1644,6500
324852,117,7103,7415,60,311,T,-1581,6500
324881,116,7042,7370,60,327,T,-1545,6500
324925,115,6982,7302,60,319,T,-1602,6500
324952,114,6921,7260,60,338,T,-1522,6500
325000,113,6860,7183,60,322,T,-1607,6500
325096,112,6799,7038,60,238,T,-1329,6500
325101,111,6739,7031,60,291,T,-1299,6500
325125,110,6678,7000,60,321,T,-1306,6500
325153,109,6617,6962,60,344,T,-1444,6500
325226,107,6496,6848,121,351,T,-1516,6500
325275,106,6435,6775,60,339,T,-1561,6500
325300,105,6374,6736,60,361,T,-1598,6500
325356,104,6314,6642,60,327,T,-1626,6500
325400,103,6253,6572,60,318,T,-1598,6500
325425,102,6192,6533,60,340,T,-1551,6500
325475,101,6132,6453,60,320,T,-1607,6500
325504,100,6071,6408,60,336,T,-1561,6500
325575,99,6010,6295,60,284,T,-1491,6500
325605,98,5949,6252,60,302,T,-1466,6500
325625,97,5889,6222,60,332,T,-1448,6500
325676,96,5828,6143,60,314,T,-1589,6500
325700,95,5767,6106,60,338,T,-1516,6500
325752,94,5707,6023,60,315,T,-1591,6500
325776,93,5646,5986,60,339,T,-1534,6500
325828,92,5585,5903,60,317,T,-1591,6500
325853,91,5524,5864,60,339,T,-1545,6500
325904,90,5464,5782,60,317,T,-1602,6500
326024,89,5403,5608,60,204,T,-1191,6500
326034,88,5342,5597,60,254,T,-1148,6500
326044,87,5282,5585,60,302,T,-1113,6500
326053,86,5221,5575,60,353,T,-1156,6500
326101,85,5160,5514,60,353,T,-1399,6500
326125,84,5099,5479,60,379,T,-1522,6500
326200,82,4978,5356,121,377,T,-1598,6500
326253,81,4917,5272,60,354,T,-1670,6500
326300,80,4857,5194,60,336,T,-1652,6500
326332,79,4796,5143,60,346,T,-1644,6500
326379,78,4735,5065,60,329,T,-1635,6500
326400,77,4674,5032,60,357,T,-1551,6500
326453,76,4614,4945,60,330,T,-1635,6500
326475,75,4553,4910,60,356,T,-1532,6500
326632,74,4492,4679,60,186,T,-1117,6500
326642,73,4432,4668,60,235,T,-1062,6500
326647,72,4371,4663,60,291,T,-1043,6500
326657,71,4310,4653,60,342,T,-1071,6500
326675,70,4249,4632,60,382,T,-1168,6500
326731,69,4189,4560,60,370,T,-1444,6500
326753,68,4128,4527,60,398,T,-1555,6500
326800,67,4067,4448,60,380,T,-1777,6500
326853,66,4007,4356,60,348,T,-1692,6500
326875,65,3946,4320,60,373,T,-1602,6500
326953,63,3824,4189,121,364,T,-1555,6500
327001,62,3764,4117,60,352,T,-1581,6500
327030,61,3703,4070,60,366,T,-1652,6500
327100,59,3582,3953,121,370,T,-1569,6500
327175,58,3521,3835,60,313,T,-1583,6500
327200,57,3460,3796,60,335,T,-1522,6500
327225,56,3399,3757,60,357,T,-1607,6500
327275,55,3339,3674,60,334,T,-1652,6500
327325,54,3278,3594,60,315,T,-1589,6500
327361,53,3217,3538,60,320,T,-1563,6500
327376,52,3157,3515,60,357,T,-1534,6500
327425,51,3096,3437,60,340,T,-1666,6500
327500,50,3035,3317,60,281,T,-1481,6500
327525,49,2974,3281,60,306,T,-1428,6500
327554,48,2914,3239,60,324,T,-1501,6500
327600,47,2853,3167,60,313,T,-1581,6500
327625,46,2792,3129,60,336,T,-1526,6500
327684,45,2732,3035,60,302,T,-1555,6500
327702,44,2671,3008,60,336,T,-1461,6500
327861,43,2610,2784,60,173,T,-1053,6500
327866,42,2549,2779,60,229,T,-1033,6500
327876,41,2489,2769,60,279,T,-984,6500
327881,40,2428,2764,60,335,T,-957,6500
327901,39,2367,2744,60,376,T,-1053,6500
327925,38,2307,2717,60,409,T,-1168,6500
328000,37,2246,2616,60,369,T,-1545,6500
328025,36,2185,2576,60,390,T,-1666,6500
328075,35,2124,2489,60,364,T,-1736,6500
328100,34,2064,2447,60,382,T,-1666,6500
328125,33,2003,2404,60,400,T,-1752,6500
328175,32,1942,2315,60,372,T,-1762,6500
328200,31,1882,2273,60,390,T,-1692,6500
328269,30,1821,2153,60,331,T,-1638,6500
328276,29,1760,2142,60,381,T,-1602,6500
328326,28,1699,2061,60,361,T,-1719,6500
328377,27,1639,1975,60,335,T,-1657,6500
328400,26,1578,1939,60,360,T,-1563,6500
328455,25,1517,1848,60,330,T,-1638,6500
328503,24,1457,1771,60,313,T,-1583,6500
328555,22,1335,1690,121,354,T,-1522,6500
328689,21,1274,1493,60,218,T,-1247,6500
328699,20,1214,1481,60,266,T,-1199,6500
328704,19,1153,1475,60,321,T,-1173,6500
328726,18,1092,1449,60,356,T,-1232,6500
328755,17,1032,1411,60,378,T,-1377,6500
328801,16,971,1343,60,371,T,-1607,6500
328884,15,910,1206,60,295,T,-1522,6500
328889,14,849,1198,60,348,T,-1501,6500
328926,13,789,1143,60,353,T,-1563,6500
328955,12,728,1096,60,367,T,-1657,6500
329026,11,667,978,60,310,T,-1574,6500
329055,10,607,934,60,326,T,-1511,6500
329077,9,546,900,60,353,T,-1561,6500
329100,8,485,863,60,377,T,-1626,6500
329155,7,424,769,60,344,T,-1680,6500
329200,6,364,695,60,330,T,-1635,6500
329293,5,303,551,60,247,T,-1358,6500
329298,4,242,545,60,302,T,-1336,6500
329303,3,182,538,60,355,T,-1315,6500
329356,2,121,467,60,345,T,-1471,6500
329398,1,60,401,60,340,T,-1666,6500
329425,0,0,357,60,357,T,-1602,6500
329556,1,60,157,60,96,T,-1247,6500
329576,2,121,133,60,11,T,-1148,6500
329627,3,182,81,60,101,T,-893,6500
329713,5,303,22,121,281,T,-457,6500
329725,6,364,17,60,347,T,-399,6500
329756,7,424,7,60,417,T,-141,6500
329804,8,485,1,60,484,T,199,6500
329856,9,546,12,60,534,T,360,6500
329876,10,607,19,60,588,T,446,6500
329956,12,728,71,121,657,T,848,6500
330000,13,789,112,60,677,T,1062,6500
330026,14,849,142,60,707,T,1194,6500
330076,15,910,208,60,702,T,1444,6500
330126,16,971,286,60,685,T,1692,6500
330156,17,1032,339,60,693,T,1845,6500
330203,18,1092,431,60,661,T,2079,6500
330226,19,1153,480,60,673,T,2190,6500
330305,20,1214,662,60,552,T,2208,6500
330328,21,1274,713,60,561,T,2126,6500
330375,22,1335,813,60,522,T,2135,6500
330400,23,1396,865,60,531,T,2089,6500
330427,24,1457,922,60,535,T,2118,6500
330475,25,1517,1023,60,494,T,2079,6500
330500,26,1578,1074,60,504,T,2014,6500
330556,27,1639,1188,60,451,T,1966,6500
330578,28,1699,1230,60,469,T,1902,6500
330626,29,1760,1324,60,436,T,1926,6500
330656,30,1821,1380,60,441,T,1879,6500
330702,31,1882,1467,60,415,T,1872,6500
330761,32,1942,1574,60,368,T,1748,6500
330776,33,2003,1600,60,403,T,1669,6500
330934,34,2064,1849,60,215,T,1236,6500
330939,35,2124,1855,60,269,T,1210,6500
330944,36,2185,1861,60,324,T,1186,6500
330949,37,2246,1867,60,379,T,1161,6500
331001,38,2307,1932,60,375,T,1373,6500
331056,40,2428,2014,121,414,T,1648,6500
331101,41,2489,2090,60,399,T,1762,6500
331125,42,2549,2132,60,417,T,1745,6500
331200,43,2610,2266,60,344,T,1675,6500
331226,44,2671,2308,60,363,T,1638,6500
331277,45,2732,2394,60,338,T,1657,6500
331300,46,2792,2431,60,361,T,1563,6500
331328,47,2853,2476,60,377,T,1683,6500
331401,49,2974,2600,121,374,T,1583,6500
331457,50,3035,2687,60,348,T,1662,6500
331477,51,3096,2720,60,376,T,1589,6500
331526,52,3157,2802,60,355,T,1707,6500
331576,53,3217,2885,60,332,T,1644,6500
331601,54,3278,2925,60,353,T,1589,6500
331657,55,3339,3017,60,322,T,1607,6500
331676,56,3399,3046,60,353,T,1511,6500
331725,57,3460,3125,60,335,T,1644,6500
331758,58,3521,3177,60,344,T,1598,6500
331840,60,3642,3307,121,335,T,1457,6500
331888,61,3703,3376,60,327,T,1516,6500
331926,62,3764,3436,60,328,T,1628,6500
331958,63,3824,3486,60,338,T,1583,6500
332000,64,3885,3554,60,331,T,1638,6500
332025,65,3946,3593,60,353,T,1574,6500
332075,66,4007,3675,60,332,T,1638,6500
332101,67,4067,3716,60,351,T,1583,6500
332175,68,4128,3836,60,292,T,1516,6500
332200,69,4189,3872,60,317,T,1448,6500
332226,70,4249,3911,60,338,T,1561,6500
332278,71,4310,3995,60,315,T,1589,6500
332302,72,4371,4032,60,339,T,1506,6500
332375,73,4432,4147,60,285,T,1490,6500
332380,74,4492,4154,60,338,T,1469,6500
332425,75,4553,4220,60,333,T,1540,6500
332476,76,4614,4300,60,314,T,1581,6500
332501,77,4674,4339,60,335,T,1526,6500
332558,78,4735,4429,60,306,T,1555,6500
332575,79,4796,4455,60,341,T,1476,6500
332625,80,4857,4533,60,324,T,1618,6500
332660,81,4917,4588,60,329,T,1589,6500
332700,82,4978,4651,60,327,T,1626,6500
332775,84,5099,4768,121,331,T,1444,6500
332858,85,5160,4889,60,271,T,1441,6500
332881,86,5221,4921,60,300,T,1369,6500
332900,87,5282,4948,60,334,T,1448,6500
332925,88,5342,4985,60,357,T,1561,6500
332978,89,5403,5072,60,331,T,1635,6500
333000,90,5464,5107,60,357,T,1561,6500
333059,91,5524,5204,60,320,T,1607,6500
333100,92,5585,5268,60,317,T,1589,6500
333125,93,5646,5306,60,340,T,1532,6500
333183,94,5707,5399,60,308,T,1561,6500
333287,95,5767,5550,60,217,T,1247,6500
333292,0,0,5556,5767,5556,N,1223,6500


Kinda fast, 6 seconds
Slows down at the ends when it shouldn't really
385426,36,2185,0,2185,2185,N,0,6500
385431,34,2064,1,121,2063,T,528,6500
385441,32,1942,4,121,1938,T,446,6500
385447,29,1760,6,182,1754,T,528,6500
385452,27,1639,9,121,1630,T,556,6500
385457,25,1517,12,121,1505,T,583,6500
385468,23,1396,18,121,1378,T,632,6500
385501,21,1274,42,121,1232,T,799,6500
385518,19,1153,56,121,1097,T,881,6500
385543,17,1032,79,121,953,T,1004,6500
385568,14,849,106,182,743,T,1134,6500
385600,12,728,145,121,583,T,1291,6500
385618,10,607,169,121,438,T,1381,6500
385643,8,485,205,121,280,T,1506,6500
385670,6,364,247,121,117,T,1563,6500
385716,2,121,314,242,192,T,1333,6500
385760,0,0,368,121,368,T,1113,6500
385811,4,242,418,242,175,T,859,6500
385923,6,364,484,121,119,T,282,6500
385928,8,485,485,121,0,T,264,6500
385933,10,607,486,121,121,T,141,6500
385938,12,728,488,121,240,T,141,6500
385951,14,849,490,121,359,T,223,6500
385968,17,1032,493,182,539,T,299,6500
386001,19,1153,502,121,651,T,373,6500
386026,21,1274,513,121,761,T,499,6500
386043,23,1396,522,121,874,T,583,6500
386068,25,1517,538,121,979,T,706,6500
386109,27,1639,571,121,1068,T,909,6500
386126,29,1760,587,121,1173,T,993,6500
386159,34,2064,623,303,1441,T,1161,6500
386210,38,2307,688,242,1619,T,1417,6500
386335,40,2428,904,121,1524,T,2039,6500
386340,42,2549,914,121,1635,T,2069,6500
386345,44,2671,925,121,1746,T,2089,6500
386350,46,2792,935,121,1857,T,2118,6500
386360,49,2974,957,182,2017,T,2164,6500
386370,51,3096,978,121,2118,T,2218,6500
386402,53,3217,1052,121,2165,T,2376,6500
386418,55,3339,1090,121,2249,T,2458,6500
386443,57,3460,1153,121,2307,T,2583,6500
386468,59,3582,1219,121,2363,T,2706,6500
386501,61,3703,1311,121,2392,T,2869,6500
386518,64,3885,1361,182,2524,T,2956,6500
386543,66,4007,1436,121,2571,T,3081,6500
386567,68,4128,1512,121,2616,T,3197,6500
386601,70,4249,1623,121,2626,T,3369,6500
386618,72,4371,1681,121,2690,T,3457,6500
386643,74,4492,1769,121,2723,T,3574,6500
386669,76,4614,1864,121,2750,T,3714,6500
386701,78,4735,1985,121,2750,T,3868,6500
386719,81,4917,2055,182,2862,T,3960,6500
386743,83,5039,2152,121,2887,T,4083,6500
386768,85,5160,2255,121,2905,T,4208,6500
386803,87,5282,2405,121,2877,T,4376,6500
386819,89,5403,2476,121,2927,T,4454,6500
386847,91,5524,2603,121,2921,T,4600,6500
386869,93,5646,2705,121,2941,T,4700,6500
386902,96,5828,2863,182,2965,T,4878,6500
386920,98,5949,2952,121,2997,T,4962,6500
386950,100,6071,3103,121,2968,T,5115,6500
386968,102,6192,3196,121,2996,T,5204,6500
387001,104,6314,3370,121,2944,T,5305,6500
387018,106,6435,3459,121,2976,T,5218,6500
387052,108,6557,3637,121,2920,T,5277,6500
387068,110,6678,3721,121,2957,T,5204,6500
387102,113,6860,3899,182,2961,T,5263,6500
387119,115,6982,3988,121,2994,T,5177,6500
387359,128,7771,5152,789,2619,T,4271,6500
387364,130,7892,5174,121,2718,T,4241,6500
387375,132,8014,5221,121,2793,T,4184,6500
387380,134,8135,5241,121,2894,T,4184,6500
387385,136,8257,5262,121,2995,T,4214,6500
387402,138,8378,5334,121,3044,N,4298,6500
387420,140,8499,5412,121,3087,N,4393,6500
387444,142,8621,5523,121,3098,N,4884,6500
387469,145,8803,5651,182,3152,N,5376,6500
387502,147,8924,5839,121,3085,N,6015,6500
387518,149,9046,5938,121,3108,N,6364,6500
387543,151,9167,6099,121,3068,N,6498,6500
387568,153,9289,6262,121,3027,N,6498,6500
387670,155,9410,6926,121,2484,T,6498,6500
387675,157,9532,6957,121,2575,T,6498,6500
387680,160,9714,6990,182,2724,T,6498,6500
387685,162,9835,7022,121,2813,T,6498,6500
387702,164,9957,7132,121,2825,T,6430,6500
387718,166,10078,7234,121,2844,T,6349,6500
387745,168,10199,7405,121,2794,T,6211,6500
387770,170,10321,7558,121,2763,T,6088,6500
387802,172,10442,7750,121,2692,T,5934,6500
387818,174,10564,7845,121,2719,T,5847,6500
387843,177,10746,7989,182,2757,T,5730,6500
387868,179,10867,8131,121,2736,T,5598,6500
387902,181,10989,8319,121,2670,T,5434,6500
387920,183,11110,8416,121,2694,T,5347,6500
387951,185,11232,8579,121,2653,T,5191,6500
387969,187,11353,8672,121,2681,T,5092,6500
388002,189,11474,8838,121,2636,T,5003,6500
388022,192,11657,8937,182,2720,T,4923,6500
388043,194,11778,9041,121,2737,T,4935,6500
388072,196,11899,9186,121,2713,T,5079,6500
388102,198,12021,9337,121,2684,T,5050,6500
388124,200,12142,9447,121,2695,T,4956,6500
388143,202,12264,9542,121,2722,T,4978,6500
388174,204,12385,9697,121,2688,T,5056,6500
388202,206,12507,9837,121,2670,T,4990,6500
388218,209,12689,9917,182,2772,T,4956,6500
388244,211,12810,10046,121,2764,T,5003,6500
388268,213,12932,10168,121,2764,T,5072,6500
388304,215,13053,10351,121,2702,T,5072,6500
388320,217,13174,10433,121,2741,T,4984,6500
388344,219,13296,10552,121,2744,T,5050,6500
388369,221,13417,10677,121,2740,T,5050,6500
388402,224,13599,10843,182,2756,T,5066,6500
388418,226,13721,10924,121,2797,T,4984,6500
388443,228,13842,11049,121,2793,T,5066,6500
388468,230,13964,11176,121,2788,T,5108,6500
388502,232,14085,11350,121,2735,T,5098,6500
388517,234,14207,11426,121,2781,T,5025,6500
388543,236,14328,11556,121,2772,T,5072,6500
388568,238,14449,11683,121,2766,T,5056,6500
388603,241,14632,11861,182,2771,T,5079,6500
388618,243,14753,11936,121,2817,T,4996,6500
388644,245,14874,12067,121,2807,T,5085,6500
388669,247,14996,12195,121,2801,T,5108,6500
388702,249,15117,12363,121,2754,T,5121,6500
388718,251,15239,12444,121,2795,T,5037,6500
388745,253,15360,12581,121,2779,T,5098,6500
388803,251,15239,12874,121,2365,T,4978,6500
388819,249,15117,12953,121,2164,T,4895,6500
388844,247,14996,13074,121,1922,T,4773,6500
388869,245,14874,13192,121,1682,T,4651,6500
388902,243,14753,13343,121,1410,T,4484,6500
388919,241,14632,13418,121,1214,T,4393,6500
388944,238,14449,13527,182,922,T,4275,6500
388968,236,14328,13628,121,700,T,4151,6500
389003,234,14207,13770,121,437,T,3974,6500
389018,232,14085,13829,121,256,T,3906,6500
389045,230,13964,13933,121,31,T,3770,6500
389068,228,13842,14018,121,175,T,3652,6500
389102,226,13721,14140,121,418,T,3481,6500
389119,224,13599,14198,121,598,T,3401,6500
389148,221,13417,14295,182,877,T,3249,6500
389169,219,13296,14362,121,1065,T,3149,6500
389203,217,13174,14466,121,1291,T,2982,6500
389218,215,13053,14510,121,1456,T,2906,6500
389244,213,12932,14584,121,1651,T,2777,6500
389269,211,12810,14652,121,1841,T,2649,6500
389304,209,12689,14742,121,2052,T,2475,6500
389318,206,12507,14778,182,2270,T,2402,6500
389344,204,12385,14837,121,2451,T,2281,6500
389368,202,12264,14891,121,2626,T,2155,6500
389403,200,12142,14963,121,2820,T,1985,6500
389420,198,12021,14996,121,2974,T,1901,6500
389444,196,11899,15041,121,3141,N,1777,6500
389468,194,11778,15082,121,3303,N,1534,6500
389510,192,11657,15130,121,3472,N,720,6500
389518,189,11474,15135,182,3660,N,565,6500
389543,187,11353,15144,121,3790,N,-528,6500
389570,185,11232,15134,121,3901,N,-663,6500
389608,183,11110,15094,121,3983,N,-1441,6500
389619,181,10989,15078,121,4088,N,-1635,6500
389644,179,10867,15030,121,4162,N,-2143,6500
389669,177,10746,14970,121,4223,N,-2673,6500
389710,174,10564,14845,182,4280,N,-3466,6500
389718,172,10442,14816,121,4373,N,-3649,6500
389743,170,10321,14719,121,4397,N,-4134,6500
389769,168,10199,14605,121,4405,N,-4664,6500
389803,166,10078,14435,121,4356,N,-5340,6500
389818,164,9957,14353,121,4395,N,-5645,6500
389843,162,9835,14206,121,4370,N,-6139,6500
389868,160,9714,14046,121,4331,N,-6498,6500
389904,157,9532,13812,182,4279,N,-6498,6500
389919,155,9410,13715,121,4304,N,-6498,6500
389951,153,9289,13507,121,4217,N,-6498,6500
389969,151,9167,13390,121,4222,N,-6498,6500
390003,149,9046,13169,121,4122,N,-6498,6500
390018,147,8924,13072,121,4147,N,-6498,6500
390044,145,8803,12903,121,4099,N,-6498,6500
390068,142,8621,12747,182,4125,N,-6498,6500
390103,140,8499,12519,121,4019,N,-6498,6500
390120,138,8378,12409,121,4030,N,-6498,6500
390144,136,8257,12253,121,3995,N,-6498,6500
390171,134,8135,12077,121,3941,N,-6498,6500
390204,132,8014,11863,121,3848,N,-6498,6500
390222,130,7892,11746,121,3853,N,-6498,6500
390243,128,7771,11610,121,3838,N,-6498,6500
390273,125,7589,11414,182,3824,N,-6498,6500
390305,123,7467,11207,121,3739,N,-6498,6500
390324,121,7346,11082,121,3735,N,-6498,6500
390347,119,7224,10933,121,3708,N,-6498,6500
390369,117,7103,10790,121,3686,N,-6498,6500
390404,115,6982,10563,121,3580,N,-6498,6500
390428,113,6860,10407,121,3546,N,-6498,6500
390444,110,6678,10303,182,3624,N,-6498,6500
390469,108,6557,10140,121,3582,N,-6498,6500
390504,106,6435,9913,121,3477,N,-6498,6500
390519,104,6314,9816,121,3501,N,-6498,6500
390544,102,6192,9653,121,3460,N,-6498,6500
390568,100,6071,9497,121,3425,N,-6498,6500
390604,98,5949,9263,121,3313,N,-6498,6500
390619,96,5828,9166,121,3337,N,-6498,6500
390644,93,5646,9003,182,3356,N,-6498,6500
390669,91,5524,8841,121,3316,N,-6498,6500
390704,89,5403,8613,121,3209,N,-6498,6500
390718,87,5282,8523,121,3240,N,-6498,6500
390842,85,5160,7717,121,2556,T,-6498,6500
390847,83,5039,7684,121,2644,T,-6498,6500
390852,81,4917,7652,121,2734,T,-6498,6500
390857,78,4735,7619,182,2883,T,-6498,6500
390862,76,4614,7587,121,2972,T,-6488,6500
390869,74,4492,7541,121,3048,N,-6451,6500
390905,72,4371,7309,121,2937,T,-6498,6500
390920,70,4249,7212,121,2962,T,-6498,6500
390943,68,4128,7063,121,2934,T,-6410,6500
390968,66,4007,6905,121,2897,T,-6279,6500
391004,64,3885,6682,121,2796,T,-6106,6500
391018,61,3703,6597,182,2893,T,-6042,6500
391044,59,3582,6441,121,2858,T,-5912,6500
391068,57,3460,6301,121,2840,T,-5784,6500
391104,55,3339,6096,121,2756,T,-5606,6500
391118,53,3217,6018,121,2800,T,-5540,6500
391144,51,3096,5876,121,2779,T,-5412,6500
391169,49,2974,5741,121,2766,T,-5284,6500
391205,46,2792,5555,182,2762,T,-5108,6500
391219,44,2671,5484,121,2812,T,-5037,6500
391253,42,2549,5312,121,2762,T,-5128,6500
391269,40,2428,5230,121,2801,T,-5050,6500
391306,38,2307,5043,121,2735,T,-5098,6500
391324,36,2185,4952,121,2766,T,-5018,6500
391350,34,2064,4820,121,2755,T,-5066,6500
391368,32,1942,4730,121,2787,T,-5037,6500
391405,29,1760,4542,182,2781,T,-5092,6500
391423,27,1639,4451,121,2811,T,-4996,6500
391451,25,1517,4310,121,2792,T,-5108,6500
391469,23,1396,4218,121,2821,T,-5066,6500
391506,21,1274,4030,121,2755,T,-5121,6500
391519,19,1153,3964,121,2810,T,-5056,6500
391543,17,1032,3842,121,2809,T,-5115,6500
391569,14,849,3709,182,2859,T,-5121,6500
391605,12,728,3525,121,2796,T,-5128,6500
391619,10,607,3454,121,2846,T,-5098,6500
391644,8,485,3326,121,2840,T,-5148,6500
391669,6,364,3198,121,2833,T,-5141,6500
391706,4,242,3008,121,2765,T,-5134,6500
391719,2,121,2942,121,2820,T,-5066,6500
391744,0,0,2815,121,2815,T,-5108,6500
391808,2,121,2489,121,2367,T,-4984,6500
391819,4,242,2435,121,2192,T,-4923,6500
391844,6,364,2313,121,1948,T,-4799,6500
391869,8,485,2194,121,1708,T,-4670,6500
391905,10,607,2029,121,1421,T,-4496,6500
391920,12,728,1963,121,1234,T,-4424,6500
391951,14,849,1828,121,978,T,-4271,6500
391969,17,1032,1752,182,719,T,-4173,6500
392005,19,1153,1605,121,451,T,-3996,6500
392018,21,1274,1553,121,278,T,-3938,6500
392044,23,1396,1453,121,56,T,-3802,6500
392069,25,1517,1359,121,158,T,-3679,6500
392105,27,1639,1230,121,409,T,-3496,6500
392118,29,1760,1185,121,575,T,-3433,6500
392143,32,1942,1101,182,841,T,-3305,6500
392169,34,2064,1016,121,1048,T,-3179,6500
392205,36,2185,905,121,1280,T,-2996,6500
392219,38,2307,863,121,1444,T,-2928,6500
392245,40,2428,789,121,1639,T,-2795,6500
392270,42,2549,720,121,1829,T,-2680,6500
392306,44,2671,627,121,2044,T,-2495,6500
392329,46,2792,571,121,2221,T,-2379,6500
392345,49,2974,533,182,2441,T,-2304,6500
392372,51,3096,473,121,2623,T,-2170,6500
392405,53,3217,404,121,2813,T,-1998,6500
392420,55,3339,375,121,2964,T,-1928,6500
392444,57,3460,330,121,3130,N,-1809,6500
392475,59,3582,277,121,3305,N,-1441,6500
392505,61,3703,243,121,3460,N,-848,6500
392518,64,3885,233,182,3652,N,-565,6500
392544,66,4007,224,121,3783,N,489,6500
392569,68,4128,233,121,3895,N,632,6500
392605,70,4249,268,121,3981,N,1355,6500
392620,72,4371,290,121,4081,N,1635,6500
392644,74,4492,335,121,4157,N,2143,6500
392669,76,4614,395,121,4219,N,2638,6500
392706,78,4735,506,121,4229,N,3361,6500
392719,81,4917,551,182,4366,N,3649,6500
392744,83,5039,648,121,4391,N,4134,6500
392769,85,5160,758,121,4402,N,4618,6500
392805,87,5282,938,121,4344,N,5376,6500
392819,89,5403,1015,121,4388,N,5645,6500
392843,91,5524,1156,121,4368,N,6139,6500
392869,93,5646,1321,121,4325,N,6498,6500
392907,96,5828,1568,182,4260,N,6498,6500
392919,98,5949,1646,121,4303,N,6498,6500
392944,100,6071,1808,121,4263,N,6498,6500
392969,102,6192,1971,121,4221,N,6498,6500
393006,104,6314,2211,121,4103,N,6498,6500
393019,106,6435,2296,121,4139,N,6498,6500
393043,108,6557,2452,121,4105,N,6498,6500
393069,110,6678,2621,121,4057,N,6498,6500
393106,113,6860,2861,182,3999,N,6498,6500
393118,115,6982,2940,121,4042,N,6498,6500
393144,117,7103,3108,121,3995,N,6498,6500
393172,119,7224,3290,121,3934,N,6498,6500
393206,121,7346,3511,121,3835,N,6498,6500
393219,123,7467,3596,121,3871,N,6498,6500
393244,125,7589,3758,121,3831,N,6498,6500
393268,128,7771,3914,182,3857,N,6498,6500
393308,130,7892,4175,121,3717,N,6498,6500
393319,132,8014,4250,121,3764,N,6498,6500
393343,134,8135,4402,121,3733,N,6498,6500
393370,136,8257,4577,121,3680,N,6498,6500
393406,138,8378,4811,121,3567,N,6498,6500
393419,140,8499,4895,121,3604,N,6498,6500
393446,142,8621,5071,121,3550,N,6498,6500
393469,145,8803,5221,182,3582,N,6498,6500
393506,147,8924,5461,121,3463,N,6498,6500
393518,149,9046,5539,121,3507,N,6498,6500
393548,151,9167,5734,121,3433,N,6498,6500
393569,153,9289,5870,121,3419,N,6498,6500
393606,155,9410,6111,121,3299,N,6498,6500
393619,157,9532,6195,121,3337,N,6498,6500
393644,160,9714,6358,182,3356,N,6498,6500
393669,162,9835,6520,121,3315,N,6498,6500
393707,164,9957,6767,121,3190,N,6498,6500
393718,166,10078,6838,121,3240,N,6498,6500
393744,168,10199,7007,121,3192,N,6498,6500
393769,170,10321,7170,121,3151,N,6498,6500
393817,172,10442,7482,121,2960,T,6498,6500
393822,174,10564,7514,121,3050,N,6498,6500
393844,177,10746,7657,182,3089,N,6498,6500
393868,179,10867,7813,121,3054,N,6498,6500
393908,181,10989,8073,121,2916,T,6498,6500
393920,183,11110,8151,121,2959,T,6498,6500
393951,185,11232,8351,121,2881,T,6364,6500
393969,187,11353,8465,121,2888,T,6274,6500
394011,189,11474,8724,121,2750,T,6065,6500
394018,192,11657,8766,182,2891,T,6033,6500
394044,194,11778,8921,121,2857,T,5895,6500
394069,196,11899,9068,121,2831,T,5776,6500
394113,198,12021,9317,121,2704,T,5555,6500
394119,200,12142,9350,121,2792,T,5524,6500
394143,202,12264,9481,121,2783,T,5412,6500
394168,204,12385,9615,121,2770,T,5284,6500
394207,206,12507,9817,121,2690,T,5085,6500
394218,209,12689,9873,182,2816,T,5037,6500
394243,211,12810,9998,121,2812,T,5044,6500
394270,213,12932,10136,121,2796,T,5128,6500
394309,215,13053,10335,121,2718,T,5085,6500
394322,217,13174,10401,121,2773,T,5018,6500
394345,219,13296,10516,121,2780,T,5056,6500
394369,221,13417,10637,121,2780,T,5044,6500
394407,224,13599,10830,182,2769,T,5079,6500
394422,226,13721,10905,121,2816,T,4996,6500
394444,228,13842,11016,121,2826,T,5066,6500
394469,230,13964,11144,121,2820,T,5128,6500
394507,232,14085,11338,121,2747,T,5121,6500
394523,234,14207,11419,121,2788,T,5031,6500
394544,236,14328,11525,121,2803,T,5050,6500
394571,238,14449,11663,121,2786,T,5115,6500
394607,241,14632,11846,182,2786,T,5092,6500
394618,243,14753,11902,121,2851,T,5037,6500
394643,245,14874,12027,121,2847,T,5085,6500
394668,247,14996,12156,121,2840,T,5148,6500
394707,249,15117,12356,121,2761,T,5134,6500
394718,251,15239,12412,121,2827,T,5072,6500
394744,253,15360,12544,121,2816,T,5121,6500
394807,251,15239,12865,121,2374,T,4990,6500
394819,249,15117,12925,121,2192,T,4923,6500
394845,247,14996,13051,121,1945,T,4799,6500
394869,245,14874,13165,121,1709,T,4670,6500
394907,243,14753,13339,121,1414,T,4489,6500
394919,241,14632,13392,121,1240,T,4424,6500
394965,238,14449,13591,182,858,T,4190,6500
394970,236,14328,13612,121,716,T,4173,6500
395007,234,14207,13763,121,444,T,3992,6500
395018,232,14085,13806,121,279,T,3938,6500
395045,230,13964,13911,121,53,T,3802,6500
395069,228,13842,14001,121,158,T,3679,6500
395108,226,13721,14140,121,418,T,3487,6500
395119,224,13599,14178,121,578,T,3433,6500
395144,221,13417,14262,182,844,T,3305,6500
395170,219,13296,14347,121,1050,T,3172,6500
395208,217,13174,14464,121,1289,T,2987,6500
395221,215,13053,14502,121,1448,T,2919,6500
395244,213,12932,14568,121,1635,T,2807,6500
395269,211,12810,14637,121,1826,T,2680,6500
395311,209,12689,14745,121,2055,T,2472,6500
395319,206,12507,14765,182,2257,T,2431,6500
395344,204,12385,14824,121,2438,T,2304,6500
395369,202,12264,14880,121,2615,T,2178,6500
395408,200,12142,14962,121,2819,T,1990,6500
395419,198,12021,14983,121,2961,T,1937,6500
395445,196,11899,15032,121,3132,N,1800,6500
395469,194,11778,15074,121,3295,N,1624,6500
395507,192,11657,15122,121,3464,N,893,6500
395518,189,11474,15131,182,3656,N,663,6500
395547,187,11353,15143,121,3789,N,-489,6500
395569,185,11232,15136,121,3903,N,-565,6500
395608,183,11110,15101,121,3990,N,-1326,6500
395620,181,10989,15083,121,4093,N,-1561,6500
395650,179,10867,15028,121,4160,N,-2178,6500
395669,177,10746,14983,121,4236,N,-2560,6500
395708,174,10564,14869,182,4304,N,-3325,6500
395719,172,10442,14831,121,4388,N,-3533,6500
395744,170,10321,14736,121,4414,N,-4056,6500
395769,168,10199,14628,121,4428,N,-4545,6500
395808,166,10078,14436,121,4357,N,-5340,6500
395819,164,9957,14376,121,4418,N,-5563,6500
395844,162,9835,14231,121,4395,N,-6056,6500
395869,160,9714,14073,121,4358,N,-6498,6500
395908,157,9532,13820,182,4287,N,-6498,6500
395919,155,9410,13748,121,4337,N,-6498,6500
395951,153,9289,13540,121,4250,N,-6498,6500
395969,151,9167,13423,121,4255,N,-6498,6500
396008,149,9046,13170,121,4123,N,-6498,6500
396019,147,8924,13098,121,4173,N,-6498,6500
396046,145,8803,12923,121,4119,N,-6498,6500
396069,142,8621,12773,182,4151,N,-6498,6500
396108,140,8499,12520,121,4020,N,-6498,6500
396119,138,8378,12449,121,4070,N,-6498,6500
396144,136,8257,12286,121,4028,N,-6498,6500
396169,134,8135,12123,121,3987,N,-6498,6500
396209,132,8014,11863,121,3848,N,-6498,6500
396219,130,7892,11799,121,3906,N,-6498,6500
396244,128,7771,11636,121,3864,N,-6498,6500
396268,125,7589,11480,182,3890,N,-6498,6500
396313,123,7467,11187,121,3719,N,-6498,6500
396318,121,7346,11155,121,3808,N,-6498,6500
396344,119,7224,10986,121,3761,N,-6498,6500
396369,117,7103,10824,121,3720,N,-6498,6500
396413,115,6982,10538,121,3555,N,-6498,6500
396420,113,6860,10493,121,3632,N,-6498,6500
396444,110,6678,10337,182,3658,N,-6498,6500
396469,108,6557,10174,121,3616,N,-6498,6500
396510,106,6435,9908,121,3472,N,-6498,6500
396519,104,6314,9849,121,3534,N,-6498,6500
396544,102,6192,9687,121,3494,N,-6498,6500
396571,100,6071,9511,121,3439,N,-6498,6500
396593,98,5949,9368,121,3418,N,-6498,6500
396619,96,5828,9199,121,3370,N,-6498,6500
396644,93,5646,9037,182,3390,N,-6498,6500
396674,91,5524,8842,121,3317,N,-6498,6500
396694,89,5403,8712,121,3308,N,-6498,6500
396720,87,5282,8543,121,3260,N,-6498,6500
396744,85,5160,8387,121,3226,N,-6498,6500
396768,83,5039,8231,121,3191,N,-6498,6500
396809,81,4917,7964,121,3046,N,-6498,6500
396823,78,4735,7873,182,3137,N,-6498,6500
396844,76,4614,7737,121,3122,N,-6498,6500
396869,74,4492,7574,121,3081,N,-6498,6500
396909,72,4371,7314,121,2942,T,-6498,6500
396919,70,4249,7250,121,3000,N,-6498,6500
396943,68,4128,7094,121,2965,T,-6498,6500
396969,66,4007,6924,121,2916,T,-6462,6500
397009,64,3885,6670,121,2784,T,-6264,6500
397018,61,3703,6614,182,2910,T,-6211,6500
397044,59,3582,6454,121,2871,T,-6088,6500
397068,57,3460,6309,121,2848,T,-5965,6500
397109,55,3339,6069,121,2729,T,-5759,6500
397118,53,3217,6018,121,2800,T,-5714,6500
397144,51,3096,5871,121,2774,T,-5590,6500
397169,49,2974,5732,121,2757,T,-5464,6500
397209,46,2792,5517,182,2724,T,-5263,6500
397219,44,2671,5465,121,2793,T,-5211,6500
397244,42,2549,5336,121,2786,T,-5148,6500
397269,40,2428,5208,121,2779,T,-5092,6500
397310,38,2307,5000,121,2692,T,-5066,6500
397322,36,2185,4939,121,2753,T,-5003,6500
397345,34,2064,4825,121,2760,T,-5031,6500
397369,32,1942,4704,121,2761,T,-5031,6500
397394,29,1760,4578,182,2817,T,-5037,6500
397419,27,1639,4451,121,2811,T,-5044,6500
397444,25,1517,4324,121,2806,T,-5115,6500
397469,23,1396,4196,121,2799,T,-5108,6500
397494,21,1274,4069,121,2794,T,-5079,6500
397519,19,1153,3942,121,2788,T,-5079,6500
397544,17,1032,3815,121,2782,T,-5092,6500
397569,14,849,3687,182,2837,T,-5079,6500
397595,12,728,3555,121,2826,T,-5050,6500
397618,10,607,3438,121,2830,T,-5115,6500
397644,8,485,3305,121,2819,T,-5128,6500
397669,6,364,3177,121,2812,T,-5134,6500
397710,4,242,2967,121,2724,T,-5092,6500
397719,2,121,2922,121,2800,T,-5050,6500
397745,0,0,2791,121,2791,T,-5072,6500
397810,2,121,2462,121,2340,T,-4950,6500
397819,4,242,2418,121,2175,T,-4910,6500
397869,6,364,2178,121,1813,T,-4651,6500
397895,8,485,2059,121,1573,T,-4527,6500
397919,12,728,1952,242,1223,T,-4405,6500
397969,17,1032,1737,303,704,T,-4158,6500
397994,19,1153,1635,121,481,T,-4040,6500
398019,21,1274,1536,121,261,T,-3911,6500
398069,23,1396,1346,121,50,T,-3659,6500
398094,27,1639,1256,242,383,T,-3533,6500
398119,29,1760,1170,121,590,T,-3415,6500
398144,32,1942,1086,182,856,T,-3289,6500
398169,34,2064,1005,121,1059,T,-3162,6500
398195,36,2185,925,121,1260,T,-3037,6500
398218,38,2307,856,121,1451,T,-2919,6500
398269,40,2428,713,121,1715,T,-2659,6500
398327,44,2671,568,242,2103,T,-2373,6500
398344,46,2792,528,121,2264,T,-2288,6500
398369,49,2974,472,182,2502,T,-2160,6500
398394,51,3096,419,121,2677,T,-2036,6500
398419,55,3339,370,242,2969,T,-1913,6500
398444,57,3460,324,121,3136,N,-1792,6500
398469,59,3582,281,121,3301,N,-1561,6500
398518,61,3703,228,121,3475,N,-565,6500
398543,64,3885,219,182,3666,N,528,6500
398568,68,4128,228,242,3900,N,632,6500
398594,70,4249,250,121,3999,N,1130,6500
398619,72,4371,285,121,4086,N,1635,6500
398669,76,4614,392,242,4222,N,2638,6500
398722,78,4735,559,121,4176,N,3690,6500
398828,81,4917,1065,182,3852,N,5830,6500
398833,85,5160,1094,242,4066,N,5943,6500
398838,87,5282,1123,121,4159,N,6015,6500
398843,89,5403,1154,121,4249,N,6139,6500
398869,91,5524,1320,121,4204,N,6498,6500
398894,96,5828,1482,303,4346,N,6498,6500
398926,98,5949,1690,121,4259,N,6498,6500
398972,100,6071,1989,121,4082,N,6498,6500
398994,102,6192,2132,121,4060,N,6498,6500
399019,106,6435,2294,242,4141,N,6498,6500
399070,110,6678,2626,242,4052,N,6498,6500
399135,113,6860,3048,182,3812,N,6498,6500
399144,117,7103,3107,242,3996,N,6498,6500
399169,119,7224,3270,121,3954,N,6498,6500
399195,121,7346,3438,121,3908,N,6498,6500
399244,125,7589,3757,242,3832,N,6498,6500
399269,128,7771,3920,182,3851,N,6498,6500
399294,130,7892,4082,121,3810,N,6498,6500
399320,132,8014,4254,121,3760,N,6498,6500
399345,134,8135,4414,121,3721,N,6498,6500
399396,136,8257,4744,121,3513,N,6498,6500
399420,140,8499,4900,242,3599,N,6498,6500
399467,142,8621,5206,121,3415,N,6498,6500
399472,145,8803,5238,182,3565,N,6498,6500
399494,147,8924,5381,121,3543,N,6498,6500
399544,151,9167,5706,242,3461,N,6498,6500
399592,153,9289,6018,121,3271,N,6498,6500
399650,155,9410,6395,121,3015,N,6498,6500
399655,157,9532,6428,121,3104,N,6498,6500
399669,162,9835,6519,303,3316,N,6498,6500
399694,164,9957,6681,121,3276,N,6498,6500
399719,166,10078,6844,121,3234,N,6498,6500
399769,168,10199,7169,121,3030,N,6498,6500
399794,170,10321,7331,121,2990,T,6498,6500
399819,174,10564,7493,242,3071,N,6472,6500
399848,177,10746,7680,182,3066,N,6498,6500
399869,179,10867,7817,121,3050,N,6498,6500
399894,181,10989,7979,121,3010,N,6498,6500
399959,183,11110,8401,121,2709,T,6498,6500
400059,185,11232,9035,121,2197,T,6088,6500
400064,189,11474,9065,242,2409,T,6065,6500
400069,192,11657,9096,182,2561,T,6042,6500
400074,194,11778,9126,121,2652,T,6015,6500
400095,198,12021,9251,242,2770,T,5912,6500
400119,200,12142,9391,121,2751,T,5792,6500
400145,202,12264,9541,121,2723,T,5661,6500
400193,204,12385,9807,121,2578,T,5420,6500
400219,209,12689,9946,303,2743,T,5298,6500
400243,211,12810,10071,121,2739,T,5167,6500
400269,213,12932,10205,121,2727,T,5092,6500
400294,215,13053,10330,121,2723,T,5003,6500
400344,219,13296,10581,242,2715,T,4962,6500
400394,221,13417,10828,121,2589,T,4956,6500
400419,224,13599,10950,182,2649,T,4884,6500
400443,226,13721,11068,121,2653,T,4878,6500
400468,230,13964,11191,242,2773,T,4972,6500
400519,234,14207,11446,242,2761,T,5003,6500
400669,236,14328,12170,121,2158,T,4501,6500
400674,238,14449,12192,121,2257,T,4484,6500
400679,241,14632,12215,182,2417,T,4454,6500
400684,245,14874,12237,242,2637,T,4429,6500
400689,247,14996,12259,121,2737,T,4400,6500
400694,249,15117,12281,121,2836,T,4417,6500
400744,253,15360,12509,242,2851,T,4675,6500
400879,251,15239,13162,121,2077,T,4675,6500
400884,249,15117,13186,121,1931,T,4651,6500
400889,245,14874,13209,242,1665,T,4632,6500
400919,243,14753,13346,121,1407,T,4476,6500
400945,238,14449,13461,303,988,T,4345,6500
400994,236,14328,13668,121,660,T,4100,6500
401019,234,14207,13769,121,438,T,3974,6500
401045,230,13964,13871,242,93,T,3853,6500
401077,228,13842,13992,121,149,T,3693,6500
401121,224,13599,14149,242,549,T,3472,6500
401169,219,13296,14310,303,1013,T,3231,6500
401194,217,13174,14389,121,1214,T,3110,6500
401223,215,13053,14477,121,1423,T,2967,6500
401245,213,12932,14541,121,1608,T,2857,6500
401269,211,12810,14608,121,1797,T,2732,6500
401321,206,12507,14744,303,2236,T,2475,6500
401345,204,12385,14802,121,2416,T,2350,6500
401368,202,12264,14855,121,2590,T,2238,6500
401394,200,12142,14911,121,2768,T,2109,6500
401443,198,12021,15009,121,2987,T,1870,6500
401469,196,11899,15056,121,3156,N,1736,6500
401494,194,11778,15098,121,3319,N,1549,6500
401518,189,11474,15130,303,3655,N,1057,6500
401544,187,11353,15151,121,3797,N,565,6500
401594,185,11232,15151,121,3918,N,-632,6500
401619,183,11110,15129,121,4018,N,-1130,6500
401644,181,10989,15095,121,4105,N,-1635,6500
401669,177,10746,15048,242,4301,N,-2143,6500
401694,174,10564,14989,182,4424,N,-2638,6500
401719,172,10442,14917,121,4474,N,-3139,6500
401770,168,10199,14730,242,4530,N,-4173,6500
401913,166,10078,13938,121,3859,N,-6498,6500
401918,164,9957,13905,121,3947,N,-6498,6500
401923,162,9835,13874,121,4038,N,-6498,6500
401928,157,9532,13841,303,4308,N,-6498,6500
401933,155,9410,13809,121,4398,N,-6498,6500
401951,153,9289,13692,121,4402,N,-6498,6500
401969,151,9167,13574,121,4406,N,-6498,6500
401998,149,9046,13386,121,4339,N,-6498,6500
402044,147,8924,13087,121,4162,N,-6498,6500
402068,145,8803,12931,121,4127,N,-6498,6500
402102,142,8621,12710,182,4088,N,-6498,6500
402119,138,8378,12600,242,4221,N,-6498,6500
402144,136,8257,12437,121,4179,N,-6498,6500
402169,134,8135,12275,121,4139,N,-6498,6500
402194,132,8014,12112,121,4097,N,-6498,6500
402219,130,7892,11950,121,4057,N,-6498,6500
402246,128,7771,11774,121,4002,N,-6498,6500
402294,123,7467,11461,303,3993,N,-6498,6500
402322,121,7346,11280,121,3933,N,-6498,6500
402369,119,7224,10975,121,3750,N,-6498,6500
402394,117,7103,10813,121,3709,N,-6498,6500
402420,113,6860,10644,242,3783,N,-6498,6500
402444,110,6678,10488,182,3809,N,-6498,6500
402495,108,6557,10156,121,3598,N,-6498,6500
402640,104,6314,9213,242,2898,T,-6498,6500
402645,102,6192,9181,121,2988,T,-6498,6500
402650,100,6071,9149,121,3077,N,-6498,6500
402655,98,5949,9117,121,3167,N,-6498,6500
402660,93,5646,9084,303,3437,N,-6488,6500
402669,91,5524,9026,121,3501,N,-6436,6500
402694,89,5403,8864,121,3460,N,-6498,6500
402719,87,5282,8701,121,3418,N,-6498,6500
402744,85,5160,8539,121,3378,N,-6498,6500
402795,83,5039,8207,121,3167,N,-6498,6500
402929,81,4917,7336,121,2418,T,-6498,6500
402934,76,4614,7304,303,2689,T,-6498,6500
402939,72,4371,7271,242,2899,T,-6498,6500
402944,70,4249,7239,121,2989,T,-6498,6500
402970,68,4128,7071,121,2942,T,-6394,6500
402995,66,4007,6913,121,2905,T,-6274,6500
403027,64,3885,6715,121,2829,T,-6106,6500
403045,59,3582,6605,303,3022,N,-6015,6500
403094,57,3460,6307,121,2846,T,-6482,6500
403125,53,3217,6105,242,2887,T,-6430,6500
403145,51,3096,5978,121,2881,T,-6344,6500
403194,49,2974,5673,121,2698,T,-6088,6500
403219,44,2671,5523,303,2851,T,-5965,6500
403244,42,2549,5375,121,2825,T,-5839,6500
403270,40,2428,5225,121,2796,T,-5714,6500
403295,38,2307,5083,121,2775,T,-5590,6500
403323,36,2185,4929,121,2743,T,-5449,6500
403372,34,2064,4668,121,2603,T,-5204,6500
403394,29,1760,4554,303,2793,T,-5092,6500
403420,27,1639,4424,121,2784,T,-5003,6500
403445,25,1517,4297,121,2779,T,-5098,6500
403469,23,1396,4175,121,2778,T,-5044,6500
403495,21,1274,4043,121,2768,T,-5056,6500
403545,17,1032,3789,242,2756,T,-5012,6500
403639,14,849,3326,182,2476,T,-4778,6500
403644,12,728,3303,121,2574,T,-4753,6500
403649,10,607,3279,121,2671,T,-4733,6500
403668,8,485,3190,121,2704,T,-4733,6500
403694,6,364,3065,121,2700,T,-4863,6500
403719,4,242,2942,121,2699,T,-4990,6500
403745,0,0,2811,242,2811,T,-5012,6500
403795,2,121,2561,121,2439,T,-5050,6500
403819,4,242,2441,121,2198,T,-4929,6500
403870,6,364,2196,121,1831,T,-4675,6500
403894,8,485,2085,121,1599,T,-4563,6500
403920,10,607,1969,121,1361,T,-4429,6500
403951,12,728,1834,121,1105,T,-4271,6500
403969,14,849,1757,121,907,T,-4179,6500
403995,17,1032,1650,182,617,T,-4050,6500
404020,19,1153,1551,121,397,T,-3933,6500
404047,21,1274,1446,121,171,T,-3795,6500
404070,25,1517,1360,242,157,T,-3683,6500
404095,27,1639,1270,121,369,T,-3555,6500
404254,29,1760,767,121,993,T,-2758,6500
404259,34,2064,754,303,1310,T,-2739,6500
404264,36,2185,740,121,1445,T,-2713,6500
404269,38,2307,726,121,1581,T,-2684,6500
404274,40,2428,713,121,1715,T,-2666,6500
404279,42,2549,700,121,1849,T,-2638,6500
404295,44,2671,658,121,2013,T,-2560,6500
404323,46,2792,587,121,2205,T,-2418,6500
404369,51,3096,482,303,2614,T,-2184,6500
404396,53,3217,425,121,2792,T,-2053,6500
404445,55,3339,330,121,3009,N,-1811,6500
404469,57,3460,288,121,3172,N,-1635,6500
404498,59,3582,249,121,3333,N,-1039,6500
404518,61,3703,232,121,3471,N,-632,6500
404545,66,4007,220,303,3787,N,528,6500
404594,70,4249,247,242,4002,N,1057,6500
404619,72,4371,279,121,4092,N,1561,6500
404644,74,4492,324,121,4168,N,2067,6500
404694,76,4614,452,121,4162,N,3065,6500
404719,78,4735,534,121,4201,N,3574,6500
404744,81,4917,629,182,4288,N,4056,6500
404769,85,5160,738,242,4422,N,4581,6500
404794,87,5282,858,121,4424,N,5072,6500
404820,89,5403,996,121,4407,N,5598,6500
404869,91,5524,1294,121,4230,N,6498,6500
404894,93,5646,1456,121,4190,N,6498,6500
404920,96,5828,1625,182,4203,N,6498,6500
404945,100,6071,1788,242,4283,N,6498,6500
404996,102,6192,2119,121,4073,N,6498,6500
405019,106,6435,2268,242,4167,N,6498,6500
405180,108,6557,3315,121,3242,N,6498,6500
405185,110,6678,3347,121,3331,N,6498,6500
405190,113,6860,3380,182,3480,N,6498,6500
405195,115,6982,3412,121,3570,N,6498,6500
405200,119,7224,3444,242,3780,N,6498,6500
405205,121,7346,3477,121,3869,N,6498,6500
405244,125,7589,3731,242,3858,N,6498,6500
405384,128,7771,4641,182,3130,N,6498,6500
405389,130,7892,4673,121,3219,N,6498,6500
405394,134,8135,4705,242,3430,N,6498,6500
405398,136,8257,4735,121,3522,N,6498,6500
405409,138,8378,4804,121,3574,N,6498,6500
405419,140,8499,4868,121,3631,N,6498,6500
405469,142,8621,5193,121,3428,N,6498,6500
405494,145,8803,5355,182,3448,N,6498,6500
405522,149,9046,5537,242,3509,N,6498,6500
405569,151,9167,5843,121,3324,N,6498,6500
405594,153,9289,6005,121,3284,N,6498,6500
405624,157,9532,6200,242,3332,N,6498,6500
405645,160,9714,6337,182,3377,N,6498,6500
405669,162,9835,6493,121,3342,N,6498,6500
405719,166,10078,6818,242,3260,N,6498,6500
405794,168,10199,7305,121,2894,T,6498,6500
405799,172,10442,7337,242,3105,N,6498,6500
405891,174,10564,7935,121,2629,T,6498,6500
405896,177,10746,7968,182,2778,T,6498,6500
405901,181,10989,8001,242,2988,T,6498,6500
405920,183,11110,8123,121,2987,T,6436,6500
405951,185,11232,8321,121,2911,T,6289,6500
405972,187,11353,8452,121,2901,T,6191,6500
405995,189,11474,8593,121,2881,T,6065,6500
406045,192,11657,8890,182,2767,T,5822,6500
406069,194,11778,9029,121,2749,T,5698,6500
406099,196,11899,9197,121,2702,T,5555,6500
406120,200,12142,9313,242,2829,T,5449,6500
406144,202,12264,9442,121,2822,T,5326,6500
406170,204,12385,9579,121,2806,T,5204,6500
406219,206,12507,9830,121,2677,T,5044,6500
406245,209,12689,9960,182,2729,T,4984,6500
406269,213,12932,10079,242,2853,T,4935,6500
406299,215,13053,10230,121,2823,T,5044,6500
406327,217,13174,10376,121,2798,T,5141,6500
406347,219,13296,10475,121,2821,T,5085,6500
406369,221,13417,10587,121,2830,T,5115,6500
406403,224,13599,10760,182,2839,T,5148,6500
406444,226,13721,10969,121,2752,T,5121,6500
406469,228,13842,11096,121,2746,T,5072,6500
406495,230,13964,11227,121,2737,T,5025,6500
406519,232,14085,11348,121,2737,T,5025,6500
406545,236,14328,11479,242,2849,T,5037,6500
406570,238,14449,11605,121,2844,T,5003,6500
406594,241,14632,11726,182,2906,T,5121,6500
406620,243,14753,11860,121,2893,T,5141,6500
406647,245,14874,11999,121,2875,T,5204,6500
406694,247,14996,12243,121,2753,T,5115,6500
406718,249,15117,12364,121,2753,T,5037,6500
406749,253,15360,12521,242,2839,T,5072,6500
406796,251,15239,12758,121,2481,T,5085,6500
406820,249,15117,12878,121,2239,T,4972,6500
406845,247,14996,13001,121,1995,T,4842,6500
406869,245,14874,13117,121,1757,T,4728,6500
406918,243,14753,13342,121,1411,T,4476,6500
406945,241,14632,13461,121,1171,T,4352,6500
406969,238,14449,13564,182,885,T,4230,6500
406994,234,14207,13668,242,539,T,4106,6500
407045,230,13964,13871,242,93,T,3846,6500
407094,228,13842,14054,121,211,T,3603,6500
407119,226,13721,14143,121,421,T,3478,6500
407145,224,13599,14232,121,632,T,3347,6500
407170,219,13296,14314,303,1017,T,3225,6500
407328,217,13174,14762,121,1587,T,2442,6500
407333,215,13053,14774,121,1720,T,2415,6500
407338,211,12810,14786,242,1975,T,2392,6500
407349,209,12689,14813,121,2123,T,2332,6500
407355,206,12507,14826,182,2318,T,2306,6500
407372,202,12264,14864,242,2599,T,2218,6500
407395,200,12142,14914,121,2771,T,2107,6500
407426,198,12021,14977,121,2955,T,1953,6500
407446,196,11899,15015,121,3115,N,1850,6500
407495,194,11778,15094,121,3315,N,1148,6500
407518,189,11474,15116,303,3641,N,692,6500
407632,187,11353,15053,121,3699,N,-1776,6500
407637,183,11110,15044,242,3933,N,-1876,6500
407642,181,10989,15035,121,4045,N,-1969,6500
407647,179,10867,15025,121,4157,N,-2067,6500
407671,177,10746,14969,121,4222,N,-2560,6500
407719,172,10442,14824,303,4381,N,-3499,6500
407745,170,10321,14727,121,4405,N,-4018,6500
407773,168,10199,14606,121,4406,N,-4581,6500
407820,166,10078,14368,121,4289,N,-5524,6500
407845,164,9957,14224,121,4266,N,-6015,6500
407870,162,9835,14067,121,4231,N,-6498,6500
407894,157,9532,13911,303,4378,N,-6498,6500
407919,155,9410,13749,121,4338,N,-6498,6500
407951,153,9289,13540,121,4250,N,-6498,6500
407996,151,9167,13248,121,4080,N,-6498,6500
408042,149,9046,12949,121,3902,N,-6498,6500
408047,147,8924,12917,121,3992,N,-6498,6500
408069,145,8803,12773,121,3969,N,-6498,6500
408095,142,8621,12605,182,3983,N,-6498,6500
408119,138,8378,12449,242,4070,N,-6498,6500
408170,134,8135,12117,242,3981,N,-6498,6500
408249,130,7892,11603,242,3710,N,-6498,6500
408254,128,7771,11571,121,3799,N,-6498,6500
408295,123,7467,11304,303,3836,N,-6498,6500
408327,121,7346,11095,121,3748,N,-6498,6500
408354,119,7224,10921,121,3696,N,-6498,6500
408394,117,7103,10661,121,3557,N,-6498,6500
408419,115,6982,10499,121,3516,N,-6498,6500
408454,110,6678,10272,303,3593,N,-6498,6500
408468,108,6557,10181,121,3623,N,-6498,6500
408494,106,6435,10012,121,3576,N,-6498,6500
408519,104,6314,9849,121,3534,N,-6498,6500
408558,102,6192,9596,121,3403,N,-6498,6500
408594,98,5949,9362,242,3412,N,-6498,6500
408619,96,5828,9199,121,3370,N,-6498,6500
408644,93,5646,9037,182,3390,N,-6498,6500
408694,91,5524,8712,121,3187,N,-6498,6500
408720,87,5282,8543,242,3260,N,-6498,6500
408745,85,5160,8380,121,3219,N,-6498,6500
408769,83,5039,8224,121,3184,N,-6498,6500
408819,81,4917,7900,121,2982,T,-6498,6500
408844,76,4614,7737,303,3122,N,-6462,6500
408871,74,4492,7564,121,3071,N,-6498,6500
408899,72,4371,7382,121,3010,N,-6498,6500
408920,70,4249,7245,121,2995,T,-6498,6500
408945,68,4128,7082,121,2953,T,-6451,6500
408970,66,4007,6923,121,2915,T,-6334,6500
408994,64,3885,6772,121,2886,T,-6211,6500
409020,61,3703,6613,182,2909,T,-6079,6500
409070,57,3460,6315,242,2854,T,-5830,6500
409094,55,3339,6176,121,2836,T,-5706,6500
409144,53,3217,5897,121,2679,T,-5464,6500
409169,49,2974,5761,242,2786,T,-5333,6500
409194,46,2792,5630,182,2837,T,-5211,6500
409245,44,2671,5367,121,2695,T,-5066,6500
409378,40,2428,4724,242,2295,T,-4522,6500
409383,38,2307,4702,121,2394,T,-4496,6500
409388,36,2185,4680,121,2494,T,-4476,6500
409399,32,1942,4629,242,2686,T,-4429,6500
409421,27,1639,4532,303,2892,T,-4532,6500
409463,25,1517,4338,121,2820,T,-4747,6500
409474,23,1396,4285,121,2888,T,-4804,6500
409519,21,1274,4064,121,2789,T,-5025,6500
409524,19,1153,4039,121,2885,T,-5050,6500
409590,14,849,3702,303,2852,T,-5037,6500
409682,10,607,3242,242,2634,T,-4884,6500
409687,8,485,3218,121,2732,T,-4857,6500
409692,6,364,3194,121,2829,T,-4830,6500
409704,0,0,3136,364,3136,N,-4790,6500