ISO-10303-21;
HEADER;
FILE_DESCRIPTION (( 'STEP AP214' ),
    '1' );
FILE_NAME ('34 Top Ridge Holder.STEP',
    '2024-11-11T07:17:16',
    ( '' ),
    ( '' ),
    'SwSTEP 2.0',
    'SolidWorks 2024',
    '' );
FILE_SCHEMA (( 'AUTOMOTIVE_DESIGN' ));
ENDSEC;

DATA;
#1 = EDGE_CURVE ( 'NONE', #330, #1212, #141, .T. ) ;
#2 = DIRECTION ( 'NONE',  ( -1.000000000000000000, 0.000000000000000000, 0.000000000000000000 ) ) ;
#3 = EDGE_CURVE ( 'NONE', #269, #1005, #1179, .T. ) ;
#4 = DIRECTION ( 'NONE',  ( -0.7071067811865502373, 2.133277797124702706E-16, 0.7071067811865447972 ) ) ;
#5 = PRODUCT_DEFINITION ( 'UNKNOWN', '', #177, #351 ) ;
#6 = CARTESIAN_POINT ( 'NONE',  ( -11.58748750035000441, 6.764987572125828130, 22.66746045111505126 ) ) ;
#7 = ORIENTED_EDGE ( 'NONE', *, *, #901, .T. ) ;
#8 = DIRECTION ( 'NONE',  ( -0.7071067811865524577, 0.7071067811865425767, 0.000000000000000000 ) ) ;
#9 = DIRECTION ( 'NONE',  ( -0.7071067811865475727, 0.7071067811865475727, 0.000000000000000000 ) ) ;
#10 = EDGE_CURVE ( 'NONE', #305, #1493, #1329, .T. ) ;
#11 = VECTOR ( 'NONE', #1082, 1000.000000000000000 ) ;
#12 = ADVANCED_FACE ( 'NONE', ( #528 ), #806, .F. ) ;
#13 = LINE ( 'NONE', #1203, #1301 ) ;
#14 = AXIS2_PLACEMENT_3D ( 'NONE', #52, #992, #710 ) ;
#15 = CARTESIAN_POINT ( 'NONE',  ( 14.31318662992015511, 5.609065123723598667, 23.00000000000000000 ) ) ;
#16 = CIRCLE ( 'NONE', #933, 10.50000000000000000 ) ;
#17 = VERTEX_POINT ( 'NONE', #371 ) ;
#18 = AXIS2_PLACEMENT_3D ( 'NONE', #80, #218, #89 ) ;
#19 = DIRECTION ( 'NONE',  ( -1.000000000000000000, 0.000000000000000000, 0.000000000000000000 ) ) ;
#20 = CARTESIAN_POINT ( 'NONE',  ( 0.000000000000000000, 0.000000000000000000, 23.00000000000000000 ) ) ;
#21 = DIRECTION ( 'NONE',  ( 1.000000000000000000, 0.000000000000000000, 0.000000000000000000 ) ) ;
#22 = ORIENTED_EDGE ( 'NONE', *, *, #167, .F. ) ;
#23 = CARTESIAN_POINT ( 'NONE',  ( 6.500000000000018652, -11.54610323875547628, 6.000000000000008882 ) ) ;
#24 = EDGE_CURVE ( 'NONE', #190, #470, #425, .T. ) ;
#25 = CARTESIAN_POINT ( 'NONE',  ( 13.57894736842105310, -11.81576016875981061, 0.000000000000000000 ) ) ;
#26 = DIRECTION ( 'NONE',  ( -0.000000000000000000, -0.000000000000000000, 1.000000000000000000 ) ) ;
#27 = CARTESIAN_POINT ( 'NONE',  ( 11.50000000000000888, -43.99137674618943095, 22.50000000000000000 ) ) ;
#28 = ORIENTED_EDGE ( 'NONE', *, *, #458, .F. ) ;
#29 = VERTEX_POINT ( 'NONE', #220 ) ;
#30 = EDGE_CURVE ( 'NONE', #29, #330, #1068, .T. ) ;
#31 = DIRECTION ( 'NONE',  ( 0.000000000000000000, 0.000000000000000000, 1.000000000000000000 ) ) ;
#32 = ORIENTED_EDGE ( 'NONE', *, *, #1571, .F. ) ;
#33 = DIRECTION ( 'NONE',  ( -0.7071067811865474617, 0.000000000000000000, -0.7071067811865474617 ) ) ;
#34 = AXIS2_PLACEMENT_3D ( 'NONE', #511, #115, #627 ) ;
#35 = PLANE ( 'NONE',  #402 ) ;
#36 = STYLED_ITEM ( 'NONE', ( #1543 ), #278 ) ;
#37 = ORIENTED_EDGE ( 'NONE', *, *, #1072, .T. ) ;
#38 = AXIS2_PLACEMENT_3D ( 'NONE', #935, #1591, #1081 ) ;
#39 = VERTEX_POINT ( 'NONE', #749 ) ;
#40 = AXIS2_PLACEMENT_3D ( 'NONE', #604, #1133, #1372 ) ;
#41 = ADVANCED_FACE ( 'NONE', ( #1186 ), #1622, .F. ) ;
#42 = CARTESIAN_POINT ( 'NONE',  ( -1.327180417080956541E-14, -43.99137674618942384, 0.000000000000000000 ) ) ;
#43 = ORIENTED_EDGE ( 'NONE', *, *, #398, .T. ) ;
#44 = CARTESIAN_POINT ( 'NONE',  ( 13.57894736842105310, -11.81576016875981061, 23.00000000000000000 ) ) ;
#45 = ORIENTED_EDGE ( 'NONE', *, *, #1542, .T. ) ;
#46 = VERTEX_POINT ( 'NONE', #389 ) ;
#47 = ORIENTED_EDGE ( 'NONE', *, *, #919, .T. ) ;
#48 = DIRECTION ( 'NONE',  ( 1.000000000000000000, 0.000000000000000000, 0.000000000000000000 ) ) ;
#49 = ADVANCED_FACE ( 'NONE', ( #1168 ), #499, .T. ) ;
#50 = DIRECTION ( 'NONE',  ( 1.000000000000000000, 0.000000000000000000, 0.000000000000000000 ) ) ;
#51 = ORIENTED_EDGE ( 'NONE', *, *, #321, .T. ) ;
#52 = CARTESIAN_POINT ( 'NONE',  ( 5.500000000000024869, 8.737071821666335225, 18.00000000000000000 ) ) ;
#53 = LINE ( 'NONE', #586, #346 ) ;
#54 = ORIENTED_EDGE ( 'NONE', *, *, #583, .T. ) ;
#55 = VERTEX_POINT ( 'NONE', #1461 ) ;
#56 = ORIENTED_EDGE ( 'NONE', *, *, #10, .T. ) ;
#57 = LINE ( 'NONE', #1629, #1309 ) ;
#58 = CARTESIAN_POINT ( 'NONE',  ( -11.49999999999999112, -44.49137674618943095, 4.499999999999993783 ) ) ;
#59 = ORIENTED_EDGE ( 'NONE', *, *, #1709, .F. ) ;
#60 = FACE_BOUND ( 'NONE', #277, .T. ) ;
#61 = EDGE_CURVE ( 'NONE', #39, #315, #1490, .T. ) ;
#62 = LINE ( 'NONE', #994, #426 ) ;
#63 = VERTEX_POINT ( 'NONE', #1307 ) ;
#64 = AXIS2_PLACEMENT_3D ( 'NONE', #1204, #791, #545 ) ;
#65 = ORIENTED_EDGE ( 'NONE', *, *, #447, .F. ) ;
#66 = VECTOR ( 'NONE', #73, 1000.000000000000000 ) ;
#67 = ORIENTED_EDGE ( 'NONE', *, *, #3, .F. ) ;
#68 = VECTOR ( 'NONE', #673, 1000.000000000000000 ) ;
#69 = CARTESIAN_POINT ( 'NONE',  ( 5.707106781186549682, -44.49137674618943805, 4.499999999999993783 ) ) ;
#70 = APPLICATION_PROTOCOL_DEFINITION ( 'draft international standard', 'automotive_design', 1998, #276 ) ;
#71 = CARTESIAN_POINT ( 'NONE',  ( 11.00000000000000000, -18.70828693386970443, 23.00000000000000000 ) ) ;
#72 = CARTESIAN_POINT ( 'NONE',  ( -5.499999999999967137, 8.737071821666338778, 5.000000000000000000 ) ) ;
#73 = DIRECTION ( 'NONE',  ( -3.016910393003143352E-16, -1.000000000000000000, 0.000000000000000000 ) ) ;
#74 = ORIENTED_EDGE ( 'NONE', *, *, #1226, .T. ) ;
#75 = ORIENTED_EDGE ( 'NONE', *, *, #61, .T. ) ;
#76 = ORIENTED_EDGE ( 'NONE', *, *, #295, .T. ) ;
#77 = DIRECTION ( 'NONE',  ( 1.000000000000000000, 0.000000000000000000, 0.000000000000000000 ) ) ;
#78 = DIRECTION ( 'NONE',  ( 1.000000000000000000, 0.000000000000000000, 0.000000000000000000 ) ) ;
#79 = DIRECTION ( 'NONE',  ( 0.000000000000000000, 0.000000000000000000, 1.000000000000000000 ) ) ;
#80 = CARTESIAN_POINT ( 'NONE',  ( -1.327180417080956699E-14, -43.99137674618943095, 23.00000000000000000 ) ) ;
#81 = CARTESIAN_POINT ( 'NONE',  ( 11.49999999999999822, -14.49137674618943628, 23.00000000000000000 ) ) ;
#82 = ORIENTED_EDGE ( 'NONE', *, *, #1234, .F. ) ;
#83 = VERTEX_POINT ( 'NONE', #1192 ) ;
#84 = DIRECTION ( 'NONE',  ( 0.2810846377148105701, -0.6785983445458549923, 0.6785983445458431129 ) ) ;
#85 = EDGE_CURVE ( 'NONE', #1584, #465, #784, .T. ) ;
#86 = CARTESIAN_POINT ( 'NONE',  ( 13.95614035087719174, -12.14397572900313804, 23.00000000000000000 ) ) ;
#87 = APPLICATION_PROTOCOL_DEFINITION ( 'draft international standard', 'automotive_design', 1998, #580 ) ;
#88 = FACE_OUTER_BOUND ( 'NONE', #1400, .T. ) ;
#89 = DIRECTION ( 'NONE',  ( -1.000000000000000000, 3.016910393003142859E-16, 0.000000000000000000 ) ) ;
#90 = CARTESIAN_POINT ( 'NONE',  ( -18.49999999999999645, 0.000000000000000000, 23.00000000000000000 ) ) ;
#91 = DIRECTION ( 'NONE',  ( -1.000000000000000000, 0.000000000000000000, 0.000000000000000000 ) ) ;
#92 = ORIENTED_EDGE ( 'NONE', *, *, #1444, .T. ) ;
#93 = CARTESIAN_POINT ( 'NONE',  ( 13.25000000000000000, 1.622657008870242882E-15, 22.50000000000000000 ) ) ;
#94 = VECTOR ( 'NONE', #267, 1000.000000000000000 ) ;
#95 = EDGE_CURVE ( 'NONE', #1536, #733, #1360, .T. ) ;
#96 = DIRECTION ( 'NONE',  ( 1.000000000000000000, 0.000000000000000000, 0.000000000000000000 ) ) ;
#97 = ADVANCED_FACE ( 'NONE', ( #131 ), #952, .T. ) ;
#98 = VECTOR ( 'NONE', #332, 1000.000000000000114 ) ;
#99 = CARTESIAN_POINT ( 'NONE',  ( -11.49999999999999645, -18.70828693386969732, 0.5000000000000004441 ) ) ;
#100 = AXIS2_PLACEMENT_3D ( 'NONE', #1680, #1114, #485 ) ;
#101 = DIRECTION ( 'NONE',  ( 0.000000000000000000, 0.000000000000000000, 1.000000000000000000 ) ) ;
#102 = VECTOR ( 'NONE', #306, 1000.000000000000000 ) ;
#103 = DIRECTION ( 'NONE',  ( 1.000000000000000000, 0.000000000000000000, 0.000000000000000000 ) ) ;
#104 = VERTEX_POINT ( 'NONE', #1337 ) ;
#105 = LINE ( 'NONE', #1162, #544 ) ;
#106 = CARTESIAN_POINT ( 'NONE',  ( 3.663792248729846435, -29.32758449745949392, 37.66379224872984111 ) ) ;
#107 = EDGE_CURVE ( 'NONE', #349, #465, #1397, .T. ) ;
#108 = CARTESIAN_POINT ( 'NONE',  ( -6.499999999999977796, -11.54610323875549938, 16.99999999999998934 ) ) ;
#109 = DIRECTION ( 'NONE',  ( -3.469446951953614189E-16, 1.000000000000000000, 0.000000000000000000 ) ) ;
#110 = ORIENTED_EDGE ( 'NONE', *, *, #439, .T. ) ;
#111 = EDGE_CURVE ( 'NONE', #46, #39, #1616, .T. ) ;
#112 = DIRECTION ( 'NONE',  ( -1.000000000000000000, 0.000000000000000000, 0.000000000000000000 ) ) ;
#113 = CARTESIAN_POINT ( 'NONE',  ( 21.50000000000000000, -18.70828693386970087, 23.00000000000000000 ) ) ;
#114 = ADVANCED_FACE ( 'NONE', ( #665 ), #411, .T. ) ;
#115 = DIRECTION ( 'NONE',  ( -0.000000000000000000, -0.000000000000000000, 1.000000000000000000 ) ) ;
#116 = ORIENTED_EDGE ( 'NONE', *, *, #1124, .F. ) ;
#117 = VECTOR ( 'NONE', #1210, 1000.000000000000114 ) ;
#118 = CARTESIAN_POINT ( 'NONE',  ( 7.000000000000011546, -44.49137674618943805, 23.00000000000000000 ) ) ;
#119 = AXIS2_PLACEMENT_3D ( 'NONE', #1484, #1615, #658 ) ;
#120 = AXIS2_PLACEMENT_3D ( 'NONE', #503, #217, #518 ) ;
#121 = DIRECTION ( 'NONE',  ( -0.000000000000000000, -0.000000000000000000, -1.000000000000000000 ) ) ;
#122 = CONICAL_SURFACE ( 'NONE', #567, 18.49999999999999645, 0.7853981633974482790 ) ;
#123 = AXIS2_PLACEMENT_3D ( 'NONE', #494, #892, #96 ) ;
#124 = CARTESIAN_POINT ( 'NONE',  ( -6.499999999999989342, -43.99137674618941674, 5.000000000000000000 ) ) ;
#125 = EDGE_CURVE ( 'NONE', #432, #83, #1585, .T. ) ;
#126 = ORIENTED_EDGE ( 'NONE', *, *, #409, .F. ) ;
#127 = PRODUCT ( '34 Top Ridge Holder', '34 Top Ridge Holder', '', ( #724 ) ) ;
#128 = EDGE_CURVE ( 'NONE', #699, #1472, #154, .T. ) ;
#129 = DIRECTION ( 'NONE',  ( 0.000000000000000000, 0.000000000000000000, 1.000000000000000000 ) ) ;
#130 = CARTESIAN_POINT ( 'NONE',  ( 4.551897117288805639, -41.70245390822290688, 7.288922837966468116 ) ) ;
#131 = FACE_OUTER_BOUND ( 'NONE', #1264, .T. ) ;
#132 = VERTEX_POINT ( 'NONE', #1074 ) ;
#133 = EDGE_CURVE ( 'NONE', #916, #46, #757, .T. ) ;
#134 = ADVANCED_FACE ( 'NONE', ( #1343 ), #35, .T. ) ;
#135 = CARTESIAN_POINT ( 'NONE',  ( -6.499999999999989342, -43.99137674618941674, 5.000000000000000000 ) ) ;
#136 = ADVANCED_FACE ( 'NONE', ( #804 ), #400, .F. ) ;
#137 = CARTESIAN_POINT ( 'NONE',  ( 0.000000000000000000, 0.000000000000000000, 0.5000000000000004441 ) ) ;
#138 = CARTESIAN_POINT ( 'NONE',  ( 5.500000000000008882, -43.99137674618941674, 18.00000000000000000 ) ) ;
#139 = LINE ( 'NONE', #275, #1130 ) ;
#140 = ORIENTED_EDGE ( 'NONE', *, *, #927, .T. ) ;
#141 = CIRCLE ( 'NONE', #1575, 9.999999999999998224 ) ;
#142 = DIRECTION ( 'NONE',  ( 1.000000000000000000, 0.000000000000000000, 0.000000000000000000 ) ) ;
#143 = ADVANCED_FACE ( 'NONE', ( #926 ), #280, .T. ) ;
#144 = DIRECTION ( 'NONE',  ( 1.000000000000000000, 0.000000000000000000, 0.000000000000000000 ) ) ;
#145 = COLOUR_RGB ( '',0.7921568627450980005, 0.8196078431372548767, 0.9333333333333333481 ) ;
#146 = CYLINDRICAL_SURFACE ( 'NONE', #1719, 13.25000000000000000 ) ;
#147 = CIRCLE ( 'NONE', #383, 13.25000000000000000 ) ;
#148 = DIRECTION ( 'NONE',  ( -0.7071067811865474617, 0.000000000000000000, -0.7071067811865474617 ) ) ;
#149 = VECTOR ( 'NONE', #1427, 1000.000000000000000 ) ;
#150 = ORIENTED_EDGE ( 'NONE', *, *, #826, .T. ) ;
#151 = AXIS2_PLACEMENT_3D ( 'NONE', #72, #369, #1177 ) ;
#152 = CARTESIAN_POINT ( 'NONE',  ( 0.000000000000000000, 0.000000000000000000, 0.5000000000000004441 ) ) ;
#153 = FACE_OUTER_BOUND ( 'NONE', #835, .T. ) ;
#154 = LINE ( 'NONE', #416, #1325 ) ;
#155 = ORIENTED_EDGE ( 'NONE', *, *, #380, .F. ) ;
#156 = VERTEX_POINT ( 'NONE', #797 ) ;
#157 = CARTESIAN_POINT ( 'NONE',  ( 21.33333333333333570, -34.15804341285609524, 10.33333333333332682 ) ) ;
#158 = CARTESIAN_POINT ( 'NONE',  ( 11.77411392253199551, 6.775562595108820751, 0.1658097640272150064 ) ) ;
#159 = ORIENTED_EDGE ( 'NONE', *, *, #1226, .F. ) ;
#160 = CARTESIAN_POINT ( 'NONE',  ( -6.499999999999973355, 8.737071821666338778, 5.000000000000000000 ) ) ;
#161 = DIRECTION ( 'NONE',  ( -0.7071067811865502373, 2.133277797124702706E-16, 0.7071067811865447972 ) ) ;
#162 = EDGE_CURVE ( 'NONE', #1272, #1686, #139, .T. ) ;
#163 = ORIENTED_EDGE ( 'NONE', *, *, #901, .F. ) ;
#164 = ORIENTED_EDGE ( 'NONE', *, *, #924, .T. ) ;
#165 = DIRECTION ( 'NONE',  ( -1.000000000000000000, 0.000000000000000000, 0.000000000000000000 ) ) ;
#166 = LINE ( 'NONE', #1143, #235 ) ;
#167 = EDGE_CURVE ( 'NONE', #304, #1442, #964, .T. ) ;
#168 = ORIENTED_EDGE ( 'NONE', *, *, #678, .T. ) ;
#169 = FACE_BOUND ( 'NONE', #1064, .T. ) ;
#170 = DIRECTION ( 'NONE',  ( 1.000000000000000000, 2.664535259100375697E-15, 0.000000000000000000 ) ) ;
#171 = ORIENTED_EDGE ( 'NONE', *, *, #1, .T. ) ;
#172 = AXIS2_PLACEMENT_3D ( 'NONE', #525, #405, #958 ) ;
#173 = ADVANCED_FACE ( 'NONE', ( #296 ), #824, .T. ) ;
#174 = VERTEX_POINT ( 'NONE', #27 ) ;
#175 = ORIENTED_EDGE ( 'NONE', *, *, #800, .F. ) ;
#176 = VECTOR ( 'NONE', #988, 1000.000000000000000 ) ;
#177 = PRODUCT_DEFINITION_FORMATION_WITH_SPECIFIED_SOURCE ( 'ANY', '', #127, .NOT_KNOWN. ) ;
#178 = CARTESIAN_POINT ( 'NONE',  ( -11.49999999999999112, -44.49137674618943095, 0.5000000000000004441 ) ) ;
#179 = ORIENTED_EDGE ( 'NONE', *, *, #1445, .F. ) ;
#180 = DIRECTION ( 'NONE',  ( 0.7071067811865474617, 8.659560562354932858E-17, -0.7071067811865474617 ) ) ;
#181 = CARTESIAN_POINT ( 'NONE',  ( -7.666666666666642094, -47.82471007952276665, 19.16666666666668206 ) ) ;
#182 = ORIENTED_EDGE ( 'NONE', *, *, #1297, .F. ) ;
#183 = ORIENTED_EDGE ( 'NONE', *, *, #532, .F. ) ;
#184 = ORIENTED_EDGE ( 'NONE', *, *, #1013, .T. ) ;
#185 = CARTESIAN_POINT ( 'NONE',  ( -6.499999999999977796, -11.54610323875549938, 16.99999999999998934 ) ) ;
#186 = ADVANCED_FACE ( 'NONE', ( #1491 ), #311, .T. ) ;
#187 = ADVANCED_FACE ( 'NONE', ( #1097 ), #1624, .F. ) ;
#188 = ADVANCED_FACE ( 'NONE', ( #845 ), #1285, .F. ) ;
#189 = CARTESIAN_POINT ( 'NONE',  ( 0.000000000000000000, 0.000000000000000000, 5.000000000000000888 ) ) ;
#190 = VERTEX_POINT ( 'NONE', #1510 ) ;
#191 = LINE ( 'NONE', #1651, #630 ) ;
#192 = EDGE_CURVE ( 'NONE', #1069, #453, #53, .T. ) ;
#193 = EDGE_LOOP ( 'NONE', ( #718, #982, #529, #1101, #1247, #168, #240, #975, #778, #1295, #51, #860, #54 ) ) ;
#194 = ORIENTED_EDGE ( 'NONE', *, *, #24, .T. ) ;
#195 = ORIENTED_EDGE ( 'NONE', *, *, #24, .F. ) ;
#196 = CARTESIAN_POINT ( 'NONE',  ( 0.000000000000000000, 0.000000000000000000, 22.50000000000000000 ) ) ;
#197 = DIRECTION ( 'NONE',  ( -1.000000000000000000, 0.000000000000000000, 0.000000000000000000 ) ) ;
#198 = EDGE_LOOP ( 'NONE', ( #827, #1194, #908, #412 ) ) ;
#199 = AXIS2_PLACEMENT_3D ( 'NONE', #1391, #313, #1652 ) ;
#200 = ORIENTED_EDGE ( 'NONE', *, *, #203, .T. ) ;
#201 = VECTOR ( 'NONE', #429, 1000.000000000000114 ) ;
#202 = ORIENTED_EDGE ( 'NONE', *, *, #938, .T. ) ;
#203 = EDGE_CURVE ( 'NONE', #1442, #733, #1050, .T. ) ;
#204 = CONICAL_SURFACE ( 'NONE', #38, 10.50000000000000000, 0.7853981633974482790 ) ;
#205 = CARTESIAN_POINT ( 'NONE',  ( 11.50000000000000888, -44.49137674618943805, 22.50000000000000000 ) ) ;
#206 = VECTOR ( 'NONE', #355, 1000.000000000000114 ) ;
#207 = CARTESIAN_POINT ( 'NONE',  ( 0.000000000000000000, 0.000000000000000000, 0.5000000000000004441 ) ) ;
#208 = DIRECTION ( 'NONE',  ( 0.7071067811865474617, 0.000000000000000000, 0.7071067811865474617 ) ) ;
#209 = CARTESIAN_POINT ( 'NONE',  ( 11.00000000000000178, -44.49137674618943805, 23.00000000000000000 ) ) ;
#210 = DIRECTION ( 'NONE',  ( 3.469446951953614189E-16, -1.000000000000000000, 0.000000000000000000 ) ) ;
#211 = ORIENTED_EDGE ( 'NONE', *, *, #1481, .T. ) ;
#212 = EDGE_LOOP ( 'NONE', ( #472, #1670, #82, #1612, #1715, #445 ) ) ;
#213 = ORIENTED_EDGE ( 'NONE', *, *, #1185, .T. ) ;
#214 = CARTESIAN_POINT ( 'NONE',  ( 11.40175425099137918, 6.750000000000000000, 0.5000000000000004441 ) ) ;
#215 = EDGE_CURVE ( 'NONE', #1658, #156, #1533, .T. ) ;
#216 = DIRECTION ( 'NONE',  ( 1.000000000000000000, 0.000000000000000000, 0.000000000000000000 ) ) ;
#217 = DIRECTION ( 'NONE',  ( 0.000000000000000000, 0.000000000000000000, -1.000000000000000000 ) ) ;
#218 = DIRECTION ( 'NONE',  ( -2.133277797124687175E-16, -0.7071067811865451302, 0.7071067811865500152 ) ) ;
#219 = DIRECTION ( 'NONE',  ( 1.000000000000000000, 0.000000000000000000, -0.000000000000000000 ) ) ;
#220 = CARTESIAN_POINT ( 'NONE',  ( 11.50000000000000888, -43.99137674618943095, 0.5000000000000004441 ) ) ;
#221 = ORIENTED_EDGE ( 'NONE', *, *, #799, .F. ) ;
#222 = LINE ( 'NONE', #483, #1353 ) ;
#223 = DIRECTION ( 'NONE',  ( 0.7071067811865475727, 1.635512977795599574E-16, 0.7071067811865474617 ) ) ;
#224 = DIRECTION ( 'NONE',  ( -0.000000000000000000, -0.000000000000000000, 1.000000000000000000 ) ) ;
#225 = DIRECTION ( 'NONE',  ( -0.000000000000000000, -0.000000000000000000, 1.000000000000000000 ) ) ;
#226 = DIRECTION ( 'NONE',  ( 1.000000000000000000, 0.000000000000000000, 0.000000000000000000 ) ) ;
#227 = DIRECTION ( 'NONE',  ( -0.2810846377148207287, -0.6785983445458526608, 0.6785983445458412255 ) ) ;
#228 = PLANE ( 'NONE',  #404 ) ;
#229 = DIRECTION ( 'NONE',  ( -0.000000000000000000, -0.000000000000000000, -1.000000000000000000 ) ) ;
#230 = AXIS2_PLACEMENT_3D ( 'NONE', #440, #981, #1422 ) ;
#231 = ORIENTED_EDGE ( 'NONE', *, *, #823, .T. ) ;
#232 = CARTESIAN_POINT ( 'NONE',  ( 14.31318662992015511, 5.609065123723598667, 23.00000000000000000 ) ) ;
#233 = CONICAL_SURFACE ( 'NONE', #1600, 17.99999999999999645, 0.7853981633974482790 ) ;
#234 = LINE ( 'NONE', #118, #676 ) ;
#235 = VECTOR ( 'NONE', #1641, 1000.000000000000000 ) ;
#236 = CARTESIAN_POINT ( 'NONE',  ( 0.000000000000000000, 0.000000000000000000, 22.50000000000000000 ) ) ;
#237 = DIRECTION ( 'NONE',  ( 6.672013369141567928E-17, -2.012886647561911376E-32, 1.000000000000000000 ) ) ;
#238 = VECTOR ( 'NONE', #1439, 1000.000000000000000 ) ;
#239 = DIRECTION ( 'NONE',  ( -0.7071067811865500152, 2.133277797124702213E-16, 0.7071067811865451302 ) ) ;
#240 = ORIENTED_EDGE ( 'NONE', *, *, #1142, .T. ) ;
#241 = ORIENTED_EDGE ( 'NONE', *, *, #133, .F. ) ;
#242 = CARTESIAN_POINT ( 'NONE',  ( -11.24999999999998757, -44.24137674618942384, 0.2499999999999969746 ) ) ;
#243 = LINE ( 'NONE', #508, #844 ) ;
#244 = EDGE_CURVE ( 'NONE', #602, #432, #1447, .T. ) ;
#245 = DIRECTION ( 'NONE',  ( 3.016910393003143352E-16, 1.000000000000000000, 0.000000000000000000 ) ) ;
#246 = CARTESIAN_POINT ( 'NONE',  ( -11.96186498622372696, 6.780581542268688366, 23.00000000000000000 ) ) ;
#247 = EDGE_CURVE ( 'NONE', #132, #1254, #62, .T. ) ;
#248 = ORIENTED_EDGE ( 'NONE', *, *, #1297, .T. ) ;
#249 = VERTEX_POINT ( 'NONE', #973 ) ;
#250 = DIRECTION ( 'NONE',  ( -0.7071067811865496822, 2.133277797124700980E-16, 0.7071067811865453523 ) ) ;
#251 = PLANE ( 'NONE',  #759 ) ;
#252 = EDGE_LOOP ( 'NONE', ( #1014, #1228, #22, #659 ) ) ;
#253 = ORIENTED_EDGE ( 'NONE', *, *, #1410, .F. ) ;
#254 = EDGE_CURVE ( 'NONE', #156, #132, #711, .T. ) ;
#255 = AXIS2_PLACEMENT_3D ( 'NONE', #1320, #758, #498 ) ;
#256 = CARTESIAN_POINT ( 'NONE',  ( 0.000000000000000000, 0.000000000000000000, 23.00000000000000000 ) ) ;
#257 = AXIS2_PLACEMENT_3D ( 'NONE', #291, #1477, #1608 ) ;
#258 = CARTESIAN_POINT ( 'NONE',  ( -6.499999999999990230, -43.99137674618941674, 16.99999999999998934 ) ) ;
#259 = CARTESIAN_POINT ( 'NONE',  ( 11.50000000000000000, -18.70828693386970443, 22.50000000000000000 ) ) ;
#260 = CIRCLE ( 'NONE', #993, 2.627006697942730895 ) ;
#261 = DIRECTION ( 'NONE',  ( -1.000000000000000000, 0.000000000000000000, 0.000000000000000000 ) ) ;
#262 = EDGE_CURVE ( 'NONE', #1503, #703, #1623, .T. ) ;
#263 = ORIENTED_EDGE ( 'NONE', *, *, #342, .T. ) ;
#264 = EDGE_CURVE ( 'NONE', #1409, #461, #479, .T. ) ;
#265 = FACE_OUTER_BOUND ( 'NONE', #1685, .T. ) ;
#266 = DIRECTION ( 'NONE',  ( 0.000000000000000000, 0.000000000000000000, 1.000000000000000000 ) ) ;
#267 = DIRECTION ( 'NONE',  ( 6.672013369141567928E-17, -2.012886647561911102E-32, 1.000000000000000000 ) ) ;
#268 = CARTESIAN_POINT ( 'NONE',  ( -6.499999999999989342, -43.99137674618941674, 18.00000000000000000 ) ) ;
#269 = VERTEX_POINT ( 'NONE', #1012 ) ;
#270 = ADVANCED_FACE ( 'NONE', ( #862 ), #628, .T. ) ;
#271 = FACE_OUTER_BOUND ( 'NONE', #940, .T. ) ;
#272 = B_SPLINE_CURVE_WITH_KNOTS ( 'NONE', 3,
 ( #468, #1274, #1698, #1552 ),
 .UNSPECIFIED., .F., .F.,
 ( 4, 4 ),
 ( 0.000000000000000000, 0.0007514381321506471935 ),
 .UNSPECIFIED. ) ;
#273 = DIRECTION ( 'NONE',  ( 0.000000000000000000, 0.000000000000000000, -1.000000000000000000 ) ) ;
#274 = DIRECTION ( 'NONE',  ( -0.000000000000000000, -0.000000000000000000, -1.000000000000000000 ) ) ;
#275 = CARTESIAN_POINT ( 'NONE',  ( 4.211077162033505239, -41.70245390822286424, 16.05189711728877455 ) ) ;
#276 = APPLICATION_CONTEXT ( 'automotive_design' ) ;
#277 = EDGE_LOOP ( 'NONE', ( #773, #298, #850, #960, #1557, #709, #1115, #417 ) ) ;
#278 = MANIFOLD_SOLID_BREP ( 'Chamfer3', #905 ) ;
#279 = EDGE_CURVE ( 'NONE', #546, #1472, #1132, .T. ) ;
#280 = CONICAL_SURFACE ( 'NONE', #1596, 2.627006697942732671, 0.7853981633974482790 ) ;
#281 = CARTESIAN_POINT ( 'NONE',  ( -11.49999999999999112, -43.99137674618942384, 22.50000000000000000 ) ) ;
#282 = CARTESIAN_POINT ( 'NONE',  ( 6.500000000000009770, -43.99137674618942384, 5.000000000000000000 ) ) ;
#283 = AXIS2_PLACEMENT_3D ( 'NONE', #1153, #1300, #1550 ) ;
#284 = CARTESIAN_POINT ( 'NONE',  ( -14.31318662992015511, 5.609065123723598667, 23.00000000000000000 ) ) ;
#285 = VECTOR ( 'NONE', #1436, 999.9999999999998863 ) ;
#286 = ORIENTED_EDGE ( 'NONE', *, *, #1319, .T. ) ;
#287 = VECTOR ( 'NONE', #1093, 1000.000000000000000 ) ;
#288 = ORIENTED_EDGE ( 'NONE', *, *, #1092, .T. ) ;
#289 = CARTESIAN_POINT ( 'NONE',  ( 6.173945625605822052, -11.72965897091353682, 5.673945625605811394 ) ) ;
#290 = EDGE_CURVE ( 'NONE', #390, #269, #873, .T. ) ;
#291 = CARTESIAN_POINT ( 'NONE',  ( -14.31318662992015511, 5.609065123723598667, 23.00000000000000000 ) ) ;
#292 = ORIENTED_EDGE ( 'NONE', *, *, #95, .T. ) ;
#293 = CARTESIAN_POINT ( 'NONE',  ( -11.49999999999999822, -14.49137674618943628, 23.00000000000000000 ) ) ;
#294 = FACE_OUTER_BOUND ( 'NONE', #1512, .T. ) ;
#295 = EDGE_CURVE ( 'NONE', #1472, #1075, #1578, .T. ) ;
#296 = FACE_OUTER_BOUND ( 'NONE', #611, .T. ) ;
#297 = ORIENTED_EDGE ( 'NONE', *, *, #1654, .F. ) ;
#298 = ORIENTED_EDGE ( 'NONE', *, *, #1261, .T. ) ;
#299 = LINE ( 'NONE', #1679, #149 ) ;
#300 = LINE ( 'NONE', #58, #176 ) ;
#301 = VERTEX_POINT ( 'NONE', #1045 ) ;
#302 = DIRECTION ( 'NONE',  ( 1.000000000000000000, 0.000000000000000000, 0.000000000000000000 ) ) ;
#303 = DIRECTION ( 'NONE',  ( -0.5773502691896270633, 0.5773502691896270633, -0.5773502691896230665 ) ) ;
#304 = VERTEX_POINT ( 'NONE', #1708 ) ;
#305 = VERTEX_POINT ( 'NONE', #1463 ) ;
#306 = DIRECTION ( 'NONE',  ( -0.5334314314214306796, 0.4641668966779988192, 0.7071067811865472397 ) ) ;
#307 = FACE_OUTER_BOUND ( 'NONE', #552, .T. ) ;
#308 = CARTESIAN_POINT ( 'NONE',  ( 13.95614035087719174, -12.14397572900313804, 22.50000000000000000 ) ) ;
#309 = VERTEX_POINT ( 'NONE', #108 ) ;
#310 = CARTESIAN_POINT ( 'NONE',  ( 11.50000000000000000, -18.70828693386970443, 23.00000000000000000 ) ) ;
#311 = CONICAL_SURFACE ( 'NONE', #1209, 2.627006697942734448, 0.7853981633974479459 ) ;
#312 = AXIS2_PLACEMENT_3D ( 'NONE', #822, #121, #790 ) ;
#313 = DIRECTION ( 'NONE',  ( -0.000000000000000000, -0.000000000000000000, -1.000000000000000000 ) ) ;
#314 = CIRCLE ( 'NONE', #565, 13.25000000000000000 ) ;
#315 = VERTEX_POINT ( 'NONE', #1184 ) ;
#316 = VECTOR ( 'NONE', #891, 1000.000000000000000 ) ;
#317 = ORIENTED_EDGE ( 'NONE', *, *, #85, .T. ) ;
#318 = ADVANCED_FACE ( 'NONE', ( #1721 ), #251, .F. ) ;
#319 = ORIENTED_EDGE ( 'NONE', *, *, #128, .F. ) ;
#320 = AXIS2_PLACEMENT_3D ( 'NONE', #714, #1008, #48 ) ;
#321 = EDGE_CURVE ( 'NONE', #601, #301, #1625, .T. ) ;
#322 = B_SPLINE_CURVE_WITH_KNOTS ( 'NONE', 3,
 ( #1597, #158, #427, #1346 ),
 .UNSPECIFIED., .F., .F.,
 ( 4, 4 ),
 ( 0.000000000000000000, 0.0007514381321506464345 ),
 .UNSPECIFIED. ) ;
#323 = VECTOR ( 'NONE', #1452, 1000.000000000000114 ) ;
#324 = DIRECTION ( 'NONE',  ( 0.000000000000000000, 0.000000000000000000, 1.000000000000000000 ) ) ;
#325 = ORIENTED_EDGE ( 'NONE', *, *, #331, .F. ) ;
#326 = LINE ( 'NONE', #605, #1330 ) ;
#327 = DIRECTION ( 'NONE',  ( -0.000000000000000000, -0.000000000000000000, -1.000000000000000000 ) ) ;
#328 = ORIENTED_EDGE ( 'NONE', *, *, #938, .F. ) ;
#329 = EDGE_LOOP ( 'NONE', ( #481, #587, #1394, #1544 ) ) ;
#330 = VERTEX_POINT ( 'NONE', #1563 ) ;
#331 = EDGE_CURVE ( 'NONE', #703, #602, #1021, .T. ) ;
#332 = DIRECTION ( 'NONE',  ( 0.7071067811865451302, -2.133277797124686682E-16, 0.7071067811865500152 ) ) ;
#333 = ORIENTED_EDGE ( 'NONE', *, *, #823, .F. ) ;
#334 = CARTESIAN_POINT ( 'NONE',  ( 14.31318662992015511, 5.609065123723598667, 22.50000000000000000 ) ) ;
#335 = FACE_OUTER_BOUND ( 'NONE', #785, .T. ) ;
#336 = DIRECTION ( 'NONE',  ( 1.000000000000000000, -1.734723475976807094E-15, 0.000000000000000000 ) ) ;
#337 = CARTESIAN_POINT ( 'NONE',  ( 7.666666666666650976, -47.82471007952278086, 19.16666666666666785 ) ) ;
#338 = ORIENTED_EDGE ( 'NONE', *, *, #1221, .F. ) ;
#339 = ORIENTED_EDGE ( 'NONE', *, *, #1630, .T. ) ;
#340 = ORIENTED_EDGE ( 'NONE', *, *, #331, .T. ) ;
#341 = DIRECTION ( 'NONE',  ( -3.016910393003143352E-16, -1.000000000000000000, 0.000000000000000000 ) ) ;
#342 = EDGE_CURVE ( 'NONE', #39, #984, #897, .T. ) ;
#343 = DIRECTION ( 'NONE',  ( 1.000000000000000000, 0.000000000000000000, 0.000000000000000000 ) ) ;
#344 =( LENGTH_UNIT ( ) NAMED_UNIT ( * ) SI_UNIT ( .MILLI., .METRE. ) );
#345 = ORIENTED_EDGE ( 'NONE', *, *, #215, .F. ) ;
#346 = VECTOR ( 'NONE', #1526, 999.9999999999998863 ) ;
#347 = ADVANCED_FACE ( 'NONE', ( #388 ), #228, .T. ) ;
#348 = VECTOR ( 'NONE', #625, 1000.000000000000000 ) ;
#349 = VERTEX_POINT ( 'NONE', #504 ) ;
#350 = VECTOR ( 'NONE', #1043, 1000.000000000000114 ) ;
#351 = PRODUCT_DEFINITION_CONTEXT ( 'detailed design', #276, 'design' ) ;
#352 = CARTESIAN_POINT ( 'NONE',  ( 21.50000000000000000, -18.70828693386970087, 23.00000000000000000 ) ) ;
#353 = AXIS2_PLACEMENT_3D ( 'NONE', #1341, #675, #19 ) ;
#354 = AXIS2_PLACEMENT_3D ( 'NONE', #135, #8, #418 ) ;
#355 = DIRECTION ( 'NONE',  ( -0.5773502691896269523, -0.5773502691896269523, 0.5773502691896232886 ) ) ;
#356 = DIRECTION ( 'NONE',  ( 1.000000000000000000, 0.000000000000000000, 0.000000000000000000 ) ) ;
#357 = DIRECTION ( 'NONE',  ( -1.000000000000000000, 3.016910393003142366E-16, 0.000000000000000000 ) ) ;
#358 = DIRECTION ( 'NONE',  ( 1.000000000000000000, 0.000000000000000000, -0.000000000000000000 ) ) ;
#359 = CARTESIAN_POINT ( 'NONE',  ( 6.353553390593342343, -44.49137674618943805, 5.146446609406788220 ) ) ;
#360 = ADVANCED_FACE ( 'NONE', ( #776 ), #1588, .T. ) ;
#361 = ORIENTED_EDGE ( 'NONE', *, *, #998, .F. ) ;
#362 = CARTESIAN_POINT ( 'NONE',  ( 6.173945625605822940, -11.72965897091353327, 17.32605437439420015 ) ) ;
#363 = ORIENTED_EDGE ( 'NONE', *, *, #1092, .F. ) ;
#364 = PLANE ( 'NONE',  #1077 ) ;
#365 = DIRECTION ( 'NONE',  ( -0.000000000000000000, -0.000000000000000000, -1.000000000000000000 ) ) ;
#366 = CARTESIAN_POINT ( 'NONE',  ( 18.49999999999999645, 0.000000000000000000, 0.5000000000000004441 ) ) ;
#367 = DIRECTION ( 'NONE',  ( -0.5773502691896243988, -0.5773502691896283956, -0.5773502691896246208 ) ) ;
#368 = CARTESIAN_POINT ( 'NONE',  ( -10.99999999999999112, -44.49137674618943095, 23.00000000000000000 ) ) ;
#369 = DIRECTION ( 'NONE',  ( 0.7071067811865453523, -2.133277797124688161E-16, 0.7071067811865496822 ) ) ;
#370 = DIRECTION ( 'NONE',  ( 1.000000000000000000, 0.000000000000000000, 0.000000000000000000 ) ) ;
#371 = CARTESIAN_POINT ( 'NONE',  ( 11.40175425099137918, 6.750000000000000000, 22.50000000000000000 ) ) ;
#372 = ORIENTED_EDGE ( 'NONE', *, *, #527, .F. ) ;
#373 = CARTESIAN_POINT ( 'NONE',  ( -14.31318662992015511, 5.609065123723598667, 0.000000000000000000 ) ) ;
#374 = DIRECTION ( 'NONE',  ( 0.7071067811865552333, 0.7071067811865399122, -4.717825897487356715E-17 ) ) ;
#375 = CARTESIAN_POINT ( 'NONE',  ( -16.75908876536652414, 6.567567567567569320, 23.00000000000000000 ) ) ;
#376 = CARTESIAN_POINT ( 'NONE',  ( -11.49999999999999112, -44.49137674618943095, 18.50000000000000711 ) ) ;
#377 = DIRECTION ( 'NONE',  ( -0.000000000000000000, -0.000000000000000000, -1.000000000000000000 ) ) ;
#378 = AXIS2_PLACEMENT_3D ( 'NONE', #1089, #686, #422 ) ;
#379 = ORIENTED_EDGE ( 'NONE', *, *, #1037, .F. ) ;
#380 = EDGE_CURVE ( 'NONE', #461, #1475, #639, .T. ) ;
#381 = EDGE_CURVE ( 'NONE', #1121, #1007, #1293, .T. ) ;
#382 = CIRCLE ( 'NONE', #727, 3.127006697942733116 ) ;
#383 = AXIS2_PLACEMENT_3D ( 'NONE', #668, #273, #144 ) ;
#384 = DIRECTION ( 'NONE',  ( 2.312964634635743450E-16, -1.000000000000000000, 0.000000000000000000 ) ) ;
#385 = CONICAL_SURFACE ( 'NONE', #1661, 18.49999999999999645, 0.7853981633974482790 ) ;
#386 = DIRECTION ( 'NONE',  ( 1.000000000000000000, 0.000000000000000000, 0.000000000000000000 ) ) ;
#387 = CIRCLE ( 'NONE', #1474, 13.25000000000000000 ) ;
#388 = FACE_OUTER_BOUND ( 'NONE', #917, .T. ) ;
#389 = CARTESIAN_POINT ( 'NONE',  ( -17.99999999999999645, 0.000000000000000000, 23.00000000000000000 ) ) ;
#390 = VERTEX_POINT ( 'NONE', #1304 ) ;
#391 = ADVANCED_FACE ( 'NONE', ( #509 ), #885, .T. ) ;
#392 = CARTESIAN_POINT ( 'NONE',  ( 6.500000000000020428, -11.54610323875546918, 17.00000000000000355 ) ) ;
#393 = DIRECTION ( 'NONE',  ( -0.000000000000000000, -0.000000000000000000, -1.000000000000000000 ) ) ;
#394 = CARTESIAN_POINT ( 'NONE',  ( 11.49999999999999822, -14.49137674618943628, 0.5000000000000004441 ) ) ;
#395 = ORIENTED_EDGE ( 'NONE', *, *, #1201, .F. ) ;
#396 = DIRECTION ( 'NONE',  ( -0.7071067811865475727, -1.635512977795599574E-16, 0.7071067811865474617 ) ) ;
#397 = LINE ( 'NONE', #1094, #932 ) ;
#398 = EDGE_CURVE ( 'NONE', #730, #645, #1236, .T. ) ;
#399 = LINE ( 'NONE', #1224, #1052 ) ;
#400 = PLANE ( 'NONE',  #1377 ) ;
#401 = ORIENTED_EDGE ( 'NONE', *, *, #1356, .F. ) ;
#402 = AXIS2_PLACEMENT_3D ( 'NONE', #1593, #937, #1479 ) ;
#403 = ORIENTED_EDGE ( 'NONE', *, *, #1694, .T. ) ;
#404 = AXIS2_PLACEMENT_3D ( 'NONE', #1036, #239, #1699 ) ;
#405 = DIRECTION ( 'NONE',  ( -0.000000000000000000, -0.000000000000000000, 1.000000000000000000 ) ) ;
#406 = CIRCLE ( 'NONE', #1451, 9.999999999999998224 ) ;
#407 = DIRECTION ( 'NONE',  ( -0.000000000000000000, -0.000000000000000000, -1.000000000000000000 ) ) ;
#408 = AXIS2_PLACEMENT_3D ( 'NONE', #189, #1662, #867 ) ;
#409 = EDGE_CURVE ( 'NONE', #1063, #1220, #1553, .T. ) ;
#410 = CIRCLE ( 'NONE', #1058, 18.00000000000000000 ) ;
#411 = PLANE ( 'NONE',  #1161 ) ;
#412 = ORIENTED_EDGE ( 'NONE', *, *, #899, .F. ) ;
#413 = CARTESIAN_POINT ( 'NONE',  ( 0.000000000000000000, 0.000000000000000000, 23.00000000000000000 ) ) ;
#414 = DIRECTION ( 'NONE',  ( -0.6785983445458433350, -0.6785983445458526608, 0.2810846377148156772 ) ) ;
#415 = DIRECTION ( 'NONE',  ( -0.000000000000000000, -0.000000000000000000, -1.000000000000000000 ) ) ;
#416 = CARTESIAN_POINT ( 'NONE',  ( 17.22461900884892927, 6.750000000000000888, 23.00000000000000000 ) ) ;
#417 = ORIENTED_EDGE ( 'NONE', *, *, #421, .T. ) ;
#418 = DIRECTION ( 'NONE',  ( 0.000000000000000000, 0.000000000000000000, -1.000000000000000000 ) ) ;
#419 = CARTESIAN_POINT ( 'NONE',  ( 16.75908876536652414, 6.567567567567568432, 0.000000000000000000 ) ) ;
#420 = CARTESIAN_POINT ( 'NONE',  ( 0.000000000000000000, 0.000000000000000000, 23.00000000000000000 ) ) ;
#421 = EDGE_CURVE ( 'NONE', #1156, #1157, #1023, .T. ) ;
#422 = DIRECTION ( 'NONE',  ( 0.7071067811865451302, -2.133277797124686929E-16, 0.7071067811865500152 ) ) ;
#423 = ORIENTED_EDGE ( 'NONE', *, *, #30, .F. ) ;
#424 = ADVANCED_FACE ( 'NONE', ( #748 ), #914, .F. ) ;
#425 =( BOUNDED_CURVE ( )  B_SPLINE_CURVE ( 3, ( #1441, #362, #760, #640 ),
 .UNSPECIFIED., .F., .F. ) 
 B_SPLINE_CURVE_WITH_KNOTS ( ( 4, 4 ),
 ( 1.058057122737268152, 1.142749831104618252 ),
 .UNSPECIFIED. ) 
 CURVE ( )  GEOMETRIC_REPRESENTATION_ITEM ( )  RATIONAL_B_SPLINE_CURVE ( ( 1.000000000000000000, 0.9994023514130950803, 0.9994023514130950803, 1.000000000000000000 ) ) 
 REPRESENTATION_ITEM ( '' )  );
#426 = VECTOR ( 'NONE', #303, 1000.000000000000114 ) ;
#427 = CARTESIAN_POINT ( 'NONE',  ( 11.58748750035000263, 6.764987572125827242, 0.3325395488849454684 ) ) ;
#428 = ORIENTED_EDGE ( 'NONE', *, *, #1281, .F. ) ;
#429 = DIRECTION ( 'NONE',  ( -0.7071067811865474617, 8.659560562354932858E-17, 0.7071067811865474617 ) ) ;
#430 = VECTOR ( 'NONE', #367, 1000.000000000000114 ) ;
#431 = DIRECTION ( 'NONE',  ( -0.5000000000000042188, -0.7071067811865390240, -0.5000000000000077716 ) ) ;
#432 = VERTEX_POINT ( 'NONE', #246 ) ;
#433 = CIRCLE ( 'NONE', #123, 3.127006697942733116 ) ;
#434 = ORIENTED_EDGE ( 'NONE', *, *, #262, .F. ) ;
#435 = DIRECTION ( 'NONE',  ( 0.6583591840276635798, 0.2579984201626593365, 0.7071067811865482389 ) ) ;
#436 = ORIENTED_EDGE ( 'NONE', *, *, #638, .F. ) ;
#437 = DIRECTION ( 'NONE',  ( -0.000000000000000000, -0.000000000000000000, -1.000000000000000000 ) ) ;
#438 = ADVANCED_FACE ( 'NONE', ( #1453 ), #1269, .T. ) ;
#439 = EDGE_CURVE ( 'NONE', #1475, #730, #399, .T. ) ;
#440 = CARTESIAN_POINT ( 'NONE',  ( -21.50000000000000000, -18.70828693386970087, 22.50000000000000000 ) ) ;
#441 = ORIENTED_EDGE ( 'NONE', *, *, #1538, .T. ) ;
#442 = ORIENTED_EDGE ( 'NONE', *, *, #1395, .F. ) ;
#443 = CARTESIAN_POINT ( 'NONE',  ( -6.353553390593246419, -44.49137674618943095, 17.85355339059329438 ) ) ;
#444 = CARTESIAN_POINT ( 'NONE',  ( 0.000000000000000000, 0.000000000000000000, 0.000000000000000000 ) ) ;
#445 = ORIENTED_EDGE ( 'NONE', *, *, #1123, .F. ) ;
#446 = CARTESIAN_POINT ( 'NONE',  ( -6.499999999999977796, -11.54610323875549938, 23.00000000000000000 ) ) ;
#447 = EDGE_CURVE ( 'NONE', #951, #733, #549, .T. ) ;
#448 = CARTESIAN_POINT ( 'NONE',  ( 0.000000000000000000, 0.000000000000000000, 23.00000000000000000 ) ) ;
#449 = ORIENTED_EDGE ( 'NONE', *, *, #1395, .T. ) ;
#450 = ORIENTED_EDGE ( 'NONE', *, *, #1238, .T. ) ;
#451 = DIRECTION ( 'NONE',  ( -0.000000000000000000, -0.000000000000000000, 1.000000000000000000 ) ) ;
#452 = CARTESIAN_POINT ( 'NONE',  ( 13.95614035087719174, -12.14397572900313804, 0.5000000000000004441 ) ) ;
#453 = VERTEX_POINT ( 'NONE', #679 ) ;
#454 = DIRECTION ( 'NONE',  ( 0.000000000000000000, 0.000000000000000000, 1.000000000000000000 ) ) ;
#455 = AXIS2_PLACEMENT_3D ( 'NONE', #943, #1347, #692 ) ;
#456 = FILL_AREA_STYLE ('',( #1126 ) ) ;
#457 = VECTOR ( 'NONE', #357, 1000.000000000000000 ) ;
#458 = EDGE_CURVE ( 'NONE', #315, #453, #1609, .T. ) ;
#459 = ORIENTED_EDGE ( 'NONE', *, *, #1065, .T. ) ;
#460 = VECTOR ( 'NONE', #1414, 1000.000000000000000 ) ;
#461 = VERTEX_POINT ( 'NONE', #557 ) ;
#462 = AXIS2_PLACEMENT_3D ( 'NONE', #236, #1032, #356 ) ;
#463 = CARTESIAN_POINT ( 'NONE',  ( -11.49999999999999645, -18.70828693386969732, 0.000000000000000000 ) ) ;
#464 = LINE ( 'NONE', #1001, #460 ) ;
#465 = VERTEX_POINT ( 'NONE', #1728 ) ;
#466 = LINE ( 'NONE', #366, #1215 ) ;
#467 = CARTESIAN_POINT ( 'NONE',  ( 13.25000000000000000, 1.622657008870242882E-15, 0.5000000000000004441 ) ) ;
#468 = CARTESIAN_POINT ( 'NONE',  ( 11.40175425099137918, 6.750000000000000000, 22.50000000000000000 ) ) ;
#469 = SURFACE_SIDE_STYLE ('',( #607 ) ) ;
#470 = VERTEX_POINT ( 'NONE', #1088 ) ;
#471 = ORIENTED_EDGE ( 'NONE', *, *, #254, .T. ) ;
#472 = ORIENTED_EDGE ( 'NONE', *, *, #381, .F. ) ;
#473 = UNCERTAINTY_MEASURE_WITH_UNIT (LENGTH_MEASURE( 1.000000000000000082E-05 ), #344, 'distance_accuracy_value', 'NONE');
#474 = CARTESIAN_POINT ( 'NONE',  ( -6.173945625605781196, -11.72965897091355814, 17.32605437439419305 ) ) ;
#475 = ADVANCED_FACE ( 'NONE', ( #1501 ), #871, .F. ) ;
#476 = LINE ( 'NONE', #581, #1167 ) ;
#477 = FACE_OUTER_BOUND ( 'NONE', #490, .T. ) ;
#478 = LINE ( 'NONE', #738, #879 ) ;
#479 = LINE ( 'NONE', #337, #907 ) ;
#480 = ORIENTED_EDGE ( 'NONE', *, *, #991, .T. ) ;
#481 = ORIENTED_EDGE ( 'NONE', *, *, #1697, .F. ) ;
#482 = ORIENTED_EDGE ( 'NONE', *, *, #1339, .T. ) ;
#483 = CARTESIAN_POINT ( 'NONE',  ( -4.349923614575278208, -41.21484673873196414, 7.776530007457402860 ) ) ;
#484 = EDGE_CURVE ( 'NONE', #1227, #1069, #698, .T. ) ;
#485 = DIRECTION ( 'NONE',  ( 0.000000000000000000, 0.000000000000000000, -1.000000000000000000 ) ) ;
#486 = CARTESIAN_POINT ( 'NONE',  ( -6.499999999999973355, 8.737071821666338778, 18.00000000000000000 ) ) ;
#487 = DIRECTION ( 'NONE',  ( -0.5773502691896247319, 0.5773502691896283956, 0.5773502691896242878 ) ) ;
#488 = ORIENTED_EDGE ( 'NONE', *, *, #852, .T. ) ;
#489 = AXIS2_PLACEMENT_3D ( 'NONE', #1580, #101, #219 ) ;
#490 = EDGE_LOOP ( 'NONE', ( #1527, #488, #742, #471 ) ) ;
#491 = CYLINDRICAL_SURFACE ( 'NONE', #811, 10.00000000000000000 ) ;
#492 = CIRCLE ( 'NONE', #846, 18.00000000000000000 ) ;
#493 = CIRCLE ( 'NONE', #814, 10.00000000000000000 ) ;
#494 = CARTESIAN_POINT ( 'NONE',  ( -14.31318662992015511, 5.609065123723598667, 22.50000000000000000 ) ) ;
#495 = DIRECTION ( 'NONE',  ( 0.000000000000000000, 0.000000000000000000, -1.000000000000000000 ) ) ;
#496 = CARTESIAN_POINT ( 'NONE',  ( 0.000000000000000000, 0.000000000000000000, 0.000000000000000000 ) ) ;
#497 = CARTESIAN_POINT ( 'NONE',  ( 0.000000000000000000, 0.000000000000000000, 22.50000000000000000 ) ) ;
#498 = DIRECTION ( 'NONE',  ( -1.000000000000000000, 0.000000000000000000, 0.000000000000000000 ) ) ;
#499 = CYLINDRICAL_SURFACE ( 'NONE', #1099, 3.127006697942734892 ) ;
#500 = ORIENTED_EDGE ( 'NONE', *, *, #1112, .F. ) ;
#501 = CARTESIAN_POINT ( 'NONE',  ( 17.22461900884892927, 6.750000000000000888, 22.50000000000000000 ) ) ;
#502 = DIRECTION ( 'NONE',  ( 0.000000000000000000, 0.000000000000000000, 1.000000000000000000 ) ) ;
#503 = CARTESIAN_POINT ( 'NONE',  ( 0.000000000000000000, 0.000000000000000000, 0.5000000000000004441 ) ) ;
#504 = CARTESIAN_POINT ( 'NONE',  ( -11.96186498622372696, 6.780581542268687478, 0.000000000000000000 ) ) ;
#505 = EDGE_CURVE ( 'NONE', #465, #453, #382, .T. ) ;
#506 = EDGE_LOOP ( 'NONE', ( #1127, #1387, #1594, #1139 ) ) ;
#507 = LINE ( 'NONE', #1717, #1136 ) ;
#508 = CARTESIAN_POINT ( 'NONE',  ( 13.75000000000000000, 0.000000000000000000, 23.00000000000000000 ) ) ;
#509 = FACE_OUTER_BOUND ( 'NONE', #1495, .T. ) ;
#510 = EDGE_CURVE ( 'NONE', #461, #174, #1468, .T. ) ;
#511 = CARTESIAN_POINT ( 'NONE',  ( 0.000000000000000000, 0.000000000000000000, 23.00000000000000000 ) ) ;
#512 = ADVANCED_FACE ( 'NONE', ( #1478 ), #146, .F. ) ;
#513 = ORIENTED_EDGE ( 'NONE', *, *, #290, .F. ) ;
#514 = PRESENTATION_LAYER_ASSIGNMENT (  '', '', ( #36 ) ) ;
#515 = AXIS2_PLACEMENT_3D ( 'NONE', #486, #79, #1560 ) ;
#516 = PLANE ( 'NONE',  #1722 ) ;
#517 = VECTOR ( 'NONE', #1443, 1000.000000000000000 ) ;
#518 = DIRECTION ( 'NONE',  ( -1.000000000000000000, 0.000000000000000000, 0.000000000000000000 ) ) ;
#519 = AXIS2_PLACEMENT_3D ( 'NONE', #497, #1541, #343 ) ;
#520 = CARTESIAN_POINT ( 'NONE',  ( 0.000000000000000000, 0.000000000000000000, 0.000000000000000000 ) ) ;
#521 = DIRECTION ( 'NONE',  ( 1.000000000000000000, 0.000000000000000000, 0.000000000000000000 ) ) ;
#522 = EDGE_LOOP ( 'NONE', ( #1724, #577, #750, #200 ) ) ;
#523 = EDGE_CURVE ( 'NONE', #1642, #602, #1208, .T. ) ;
#524 = PLANE ( 'NONE',  #1419 ) ;
#525 = CARTESIAN_POINT ( 'NONE',  ( 0.000000000000000000, 0.000000000000000000, 0.5000000000000004441 ) ) ;
#526 = LINE ( 'NONE', #138, #1688 ) ;
#527 = EDGE_CURVE ( 'NONE', #1639, #1686, #1198, .T. ) ;
#528 = FACE_OUTER_BOUND ( 'NONE', #1169, .T. ) ;
#529 = ORIENTED_EDGE ( 'NONE', *, *, #619, .T. ) ;
#530 = ADVANCED_FACE ( 'NONE', ( #153 ), #1342, .T. ) ;
#531 = LINE ( 'NONE', #810, #1494 ) ;
#532 = EDGE_CURVE ( 'NONE', #1686, #63, #526, .T. ) ;
#533 = LINE ( 'NONE', #1073, #11 ) ;
#534 = DIRECTION ( 'NONE',  ( -0.000000000000000000, -0.000000000000000000, -1.000000000000000000 ) ) ;
#535 = VERTEX_POINT ( 'NONE', #259 ) ;
#536 = AXIS2_PLACEMENT_3D ( 'NONE', #944, #1485, #21 ) ;
#537 = AXIS2_PLACEMENT_3D ( 'NONE', #448, #739, #1675 ) ;
#538 = LINE ( 'NONE', #947, #1423 ) ;
#539 = AXIS2_PLACEMENT_3D ( 'NONE', #1335, #1488, #1364 ) ;
#540 = CARTESIAN_POINT ( 'NONE',  ( -11.49999999999999112, -43.99137674618942384, 23.00000000000000000 ) ) ;
#541 = CIRCLE ( 'NONE', #40, 10.50000000000000000 ) ;
#542 = ADVANCED_FACE ( 'NONE', ( #294 ), #961, .T. ) ;
#543 = CARTESIAN_POINT ( 'NONE',  ( -6.999999999999998224, -44.49137674618943095, 17.20710678118653902 ) ) ;
#544 = VECTOR ( 'NONE', #1690, 1000.000000000000000 ) ;
#545 = DIRECTION ( 'NONE',  ( 1.000000000000000000, 0.000000000000000000, 0.000000000000000000 ) ) ;
#546 = VERTEX_POINT ( 'NONE', #1067 ) ;
#547 = FACE_OUTER_BOUND ( 'NONE', #671, .T. ) ;
#548 = DIRECTION ( 'NONE',  ( -0.000000000000000000, -0.000000000000000000, 1.000000000000000000 ) ) ;
#549 = LINE ( 'NONE', #813, #1492 ) ;
#550 = CARTESIAN_POINT ( 'NONE',  ( -11.40175425099138096, 6.750000000000000888, 0.5000000000000004441 ) ) ;
#551 = EDGE_CURVE ( 'NONE', #1157, #1005, #1336, .T. ) ;
#552 = EDGE_LOOP ( 'NONE', ( #1676, #67, #1545, #1668 ) ) ;
#553 = EDGE_CURVE ( 'NONE', #1111, #687, #13, .T. ) ;
#554 = FACE_OUTER_BOUND ( 'NONE', #1677, .T. ) ;
#555 = LINE ( 'NONE', #1727, #1352 ) ;
#556 = ORIENTED_EDGE ( 'NONE', *, *, #963, .F. ) ;
#557 = CARTESIAN_POINT ( 'NONE',  ( 11.25000000000000533, -44.24137674618943805, 22.75000000000000000 ) ) ;
#558 = DIRECTION ( 'NONE',  ( -1.000000000000000000, 0.000000000000000000, 0.000000000000000000 ) ) ;
#559 = ORIENTED_EDGE ( 'NONE', *, *, #957, .T. ) ;
#560 = ORIENTED_EDGE ( 'NONE', *, *, #111, .T. ) ;
#561 = AXIS2_PLACEMENT_3D ( 'NONE', #1375, #1253, #170 ) ;
#562 = CARTESIAN_POINT ( 'NONE',  ( -6.499999999999989342, -43.99137674618941674, 5.000000000000000000 ) ) ;
#563 = ORIENTED_EDGE ( 'NONE', *, *, #637, .F. ) ;
#564 = CARTESIAN_POINT ( 'NONE',  ( 11.40175425099137918, 6.750000000000000000, 23.00000000000000000 ) ) ;
#565 = AXIS2_PLACEMENT_3D ( 'NONE', #1532, #454, #302 ) ;
#566 = DIRECTION ( 'NONE',  ( 0.000000000000000000, 0.000000000000000000, 1.000000000000000000 ) ) ;
#567 = AXIS2_PLACEMENT_3D ( 'NONE', #1567, #918, #1726 ) ;
#568 = ORIENTED_EDGE ( 'NONE', *, *, #244, .T. ) ;
#569 = CIRCLE ( 'NONE', #1631, 13.25000000000000000 ) ;
#570 = VERTEX_POINT ( 'NONE', #543 ) ;
#571 = EDGE_CURVE ( 'NONE', #1409, #156, #533, .T. ) ;
#572 = DIRECTION ( 'NONE',  ( -1.000000000000000000, 3.016910393003142859E-16, 0.000000000000000000 ) ) ;
#573 = DIRECTION ( 'NONE',  ( 1.000000000000000000, 8.881784197001252323E-16, 0.000000000000000000 ) ) ;
#574 = ORIENTED_EDGE ( 'NONE', *, *, #1509, .T. ) ;
#575 = DIRECTION ( 'NONE',  ( 0.000000000000000000, 0.000000000000000000, 1.000000000000000000 ) ) ;
#576 = DIRECTION ( 'NONE',  ( 0.5773502691896269523, 0.5773502691896269523, 0.5773502691896232886 ) ) ;
#577 = ORIENTED_EDGE ( 'NONE', *, *, #1573, .T. ) ;
#578 = EDGE_LOOP ( 'NONE', ( #395, #1555, #1110, #588, #1039 ) ) ;
#579 = ORIENTED_EDGE ( 'NONE', *, *, #1248, .F. ) ;
#580 = APPLICATION_CONTEXT ( 'automotive_design' ) ;
#581 = CARTESIAN_POINT ( 'NONE',  ( -11.49999999999999112, -44.49137674618943095, 0.5000000000000004441 ) ) ;
#582 = ORIENTED_EDGE ( 'NONE', *, *, #1487, .T. ) ;
#583 = EDGE_CURVE ( 'NONE', #55, #1002, #1211, .T. ) ;
#584 = CARTESIAN_POINT ( 'NONE',  ( 11.50000000000000000, -18.70828693386970443, 0.5000000000000004441 ) ) ;
#585 = ADVANCED_FACE ( 'NONE', ( #60, #477 ), #594, .F. ) ;
#586 = CARTESIAN_POINT ( 'NONE',  ( -16.75908876536652414, 6.567567567567569320, 0.000000000000000000 ) ) ;
#587 = ORIENTED_EDGE ( 'NONE', *, *, #1176, .F. ) ;
#588 = ORIENTED_EDGE ( 'NONE', *, *, #752, .T. ) ;
#589 = ORIENTED_EDGE ( 'NONE', *, *, #3, .T. ) ;
#590 = CARTESIAN_POINT ( 'NONE',  ( 0.000000000000000000, 0.000000000000000000, 22.50000000000000000 ) ) ;
#591 = VECTOR ( 'NONE', #109, 1000.000000000000000 ) ;
#592 = CARTESIAN_POINT ( 'NONE',  ( -5.499999999999974243, -12.05456345124120787, 5.000000000000000888 ) ) ;
#593 = ORIENTED_EDGE ( 'NONE', *, *, #1034, .T. ) ;
#594 = PLANE ( 'NONE',  #1350 ) ;
#595 = AXIS2_PLACEMENT_3D ( 'NONE', #1138, #327, #701 ) ;
#596 = FACE_OUTER_BOUND ( 'NONE', #1199, .T. ) ;
#597 = DIRECTION ( 'NONE',  ( 0.5773502691896270633, -0.5773502691896270633, -0.5773502691896230665 ) ) ;
#598 = CIRCLE ( 'NONE', #1579, 17.99999999999999645 ) ;
#599 = ORIENTED_EDGE ( 'NONE', *, *, #107, .T. ) ;
#600 = CONICAL_SURFACE ( 'NONE', #353, 13.25000000000000000, 0.7853981633974482790 ) ;
#601 = VERTEX_POINT ( 'NONE', #1673 ) ;
#602 = VERTEX_POINT ( 'NONE', #1540 ) ;
#603 = VECTOR ( 'NONE', #1476, 1000.000000000000000 ) ;
#604 = CARTESIAN_POINT ( 'NONE',  ( -21.50000000000000000, -18.70828693386970087, 23.00000000000000000 ) ) ;
#605 = CARTESIAN_POINT ( 'NONE',  ( -11.49999999999999822, -18.70828693386969732, 0.5000000000000004441 ) ) ;
#606 = DIRECTION ( 'NONE',  ( -0.000000000000000000, -0.000000000000000000, -1.000000000000000000 ) ) ;
#607 = SURFACE_STYLE_FILL_AREA ( #456 ) ;
#608 = ORIENTED_EDGE ( 'NONE', *, *, #1611, .T. ) ;
#609 =( BOUNDED_CURVE ( )  B_SPLINE_CURVE ( 3, ( #1151, #697, #1270, #592 ),
 .UNSPECIFIED., .F., .F. ) 
 B_SPLINE_CURVE_WITH_KNOTS ( ( 4, 4 ),
 ( 4.199649776327065709, 4.284342484694415809 ),
 .UNSPECIFIED. ) 
 CURVE ( )  GEOMETRIC_REPRESENTATION_ITEM ( )  RATIONAL_B_SPLINE_CURVE ( ( 1.000000000000000000, 0.9994023514130950803, 0.9994023514130950803, 1.000000000000000000 ) ) 
 REPRESENTATION_ITEM ( '' )  );
#610 = ADVANCED_FACE ( 'NONE', ( #1108 ), #1516, .F. ) ;
#611 = EDGE_LOOP ( 'NONE', ( #92, #159, #1408, #805 ) ) ;
#612 = DIRECTION ( 'NONE',  ( -0.6583591840276635798, -0.2579984201626593365, 0.7071067811865482389 ) ) ;
#613 = CARTESIAN_POINT ( 'NONE',  ( -10.99999999999999112, -43.99137674618943095, 23.00000000000000000 ) ) ;
#614 = CARTESIAN_POINT ( 'NONE',  ( 6.500000000000009770, -43.99137674618942384, 5.000000000000000000 ) ) ;
#615 = DIRECTION ( 'NONE',  ( 1.000000000000000000, 0.000000000000000000, 0.000000000000000000 ) ) ;
#616 = EDGE_LOOP ( 'NONE', ( #1456, #379, #163, #1646 ) ) ;
#617 = ORIENTED_EDGE ( 'NONE', *, *, #1481, .F. ) ;
#618 = ORIENTED_EDGE ( 'NONE', *, *, #726, .F. ) ;
#619 = EDGE_CURVE ( 'NONE', #1480, #249, #1383, .T. ) ;
#620 = CYLINDRICAL_SURFACE ( 'NONE', #788, 10.00000000000000178 ) ;
#621 = CARTESIAN_POINT ( 'NONE',  ( 10.99999999999999289, 3.816391647148972452E-15, 23.00000000000000000 ) ) ;
#622 = CARTESIAN_POINT ( 'NONE',  ( -6.353553390593245531, -44.49137674618943095, 17.85355339059329438 ) ) ;
#623 = LINE ( 'NONE', #1587, #350 ) ;
#624 = LINE ( 'NONE', #375, #1498 ) ;
#625 = DIRECTION ( 'NONE',  ( 1.000000000000000000, -3.016910393003142859E-16, 0.000000000000000000 ) ) ;
#626 = VECTOR ( 'NONE', #487, 1000.000000000000114 ) ;
#627 = DIRECTION ( 'NONE',  ( 1.000000000000000000, 0.000000000000000000, 0.000000000000000000 ) ) ;
#628 = CONICAL_SURFACE ( 'NONE', #537, 17.99999999999999645, 0.7853981633974482790 ) ;
#629 = ORIENTED_EDGE ( 'NONE', *, *, #1091, .F. ) ;
#630 = VECTOR ( 'NONE', #854, 999.9999999999998863 ) ;
#631 = DIRECTION ( 'NONE',  ( 0.7071067811865446862, -2.133277797124685943E-16, 0.7071067811865503483 ) ) ;
#632 = VECTOR ( 'NONE', #1539, 1000.000000000000000 ) ;
#633 = VECTOR ( 'NONE', #227, 1000.000000000000000 ) ;
#634 = LINE ( 'NONE', #1345, #68 ) ;
#635 = CARTESIAN_POINT ( 'NONE',  ( 0.000000000000000000, 0.000000000000000000, 23.00000000000000000 ) ) ;
#636 = ADVANCED_FACE ( 'NONE', ( #1273 ), #1231, .T. ) ;
#637 = EDGE_CURVE ( 'NONE', #46, #951, #809, .T. ) ;
#638 = EDGE_CURVE ( 'NONE', #330, #249, #1242, .T. ) ;
#639 = LINE ( 'NONE', #1062, #626 ) ;
#640 = CARTESIAN_POINT ( 'NONE',  ( 5.500000000000018652, -12.05456345124118833, 18.00000000000000000 ) ) ;
#641 = ORIENTED_EDGE ( 'NONE', *, *, #162, .F. ) ;
#642 = DIRECTION ( 'NONE',  ( -0.000000000000000000, -0.000000000000000000, 1.000000000000000000 ) ) ;
#643 = DIRECTION ( 'NONE',  ( 1.000000000000000000, -3.016910393003143352E-16, -6.672013369141567928E-17 ) ) ;
#644 = ORIENTED_EDGE ( 'NONE', *, *, #381, .T. ) ;
#645 = VERTEX_POINT ( 'NONE', #44 ) ;
#646 = DIRECTION ( 'NONE',  ( 3.469446951953614189E-16, -1.000000000000000000, 0.000000000000000000 ) ) ;
#647 = FACE_OUTER_BOUND ( 'NONE', #1634, .T. ) ;
#648 = FACE_OUTER_BOUND ( 'NONE', #1396, .T. ) ;
#649 = DIRECTION ( 'NONE',  ( 0.000000000000000000, 0.000000000000000000, -1.000000000000000000 ) ) ;
#650 = VECTOR ( 'NONE', #1321, 1000.000000000000227 ) ;
#651 = DIRECTION ( 'NONE',  ( 0.000000000000000000, 0.000000000000000000, -1.000000000000000000 ) ) ;
#652 = ORIENTED_EDGE ( 'NONE', *, *, #192, .F. ) ;
#653 = AXIS2_PLACEMENT_3D ( 'NONE', #1146, #1315, #1326 ) ;
#654 = CIRCLE ( 'NONE', #1024, 13.75000000000000000 ) ;
#655 = EDGE_CURVE ( 'NONE', #966, #1658, #191, .T. ) ;
#656 = FACE_OUTER_BOUND ( 'NONE', #922, .T. ) ;
#657 = VECTOR ( 'NONE', #1506, 1000.000000000000000 ) ;
#658 = DIRECTION ( 'NONE',  ( 1.000000000000000000, 0.000000000000000000, 0.000000000000000000 ) ) ;
#659 = ORIENTED_EDGE ( 'NONE', *, *, #1185, .F. ) ;
#660 = ORIENTED_EDGE ( 'NONE', *, *, #1725, .T. ) ;
#661 = EDGE_CURVE ( 'NONE', #687, #301, #1665, .T. ) ;
#662 = CARTESIAN_POINT ( 'NONE',  ( -6.499999999999977796, -11.54610323875549938, 6.000000000000001776 ) ) ;
#663 = FACE_OUTER_BOUND ( 'NONE', #1517, .T. ) ;
#664 = DIRECTION ( 'NONE',  ( -0.2810846377148113473, 0.6785983445458552143, 0.6785983445458424468 ) ) ;
#665 = FACE_OUTER_BOUND ( 'NONE', #1645, .T. ) ;
#666 = ORIENTED_EDGE ( 'NONE', *, *, #215, .T. ) ;
#667 = DIRECTION ( 'NONE',  ( -2.312964634635743450E-16, 1.000000000000000000, 0.000000000000000000 ) ) ;
#668 = CARTESIAN_POINT ( 'NONE',  ( 0.000000000000000000, 0.000000000000000000, 0.5000000000000004441 ) ) ;
#669 = CARTESIAN_POINT ( 'NONE',  ( -17.22461900884892927, 6.750000000000001776, 23.00000000000000000 ) ) ;
#670 = CARTESIAN_POINT ( 'NONE',  ( -10.99999999999999822, -18.70828693386969732, 23.00000000000000000 ) ) ;
#671 = EDGE_LOOP ( 'NONE', ( #574, #762, #221, #175 ) ) ;
#672 =( GEOMETRIC_REPRESENTATION_CONTEXT ( 3 ) GLOBAL_UNCERTAINTY_ASSIGNED_CONTEXT ( ( #473 ) ) GLOBAL_UNIT_ASSIGNED_CONTEXT ( ( #344, #1244, #1399 ) ) REPRESENTATION_CONTEXT ( 'NONE', 'WORKASPACE' ) );
#673 = DIRECTION ( 'NONE',  ( -0.000000000000000000, -0.000000000000000000, -1.000000000000000000 ) ) ;
#674 = CIRCLE ( 'NONE', #283, 18.49999999999999645 ) ;
#675 = DIRECTION ( 'NONE',  ( 0.000000000000000000, 0.000000000000000000, -1.000000000000000000 ) ) ;
#676 = VECTOR ( 'NONE', #1031, 1000.000000000000000 ) ;
#677 = EDGE_CURVE ( 'NONE', #17, #1075, #1366, .T. ) ;
#678 = EDGE_CURVE ( 'NONE', #856, #1684, #1374, .T. ) ;
#679 = CARTESIAN_POINT ( 'NONE',  ( -17.22461900884892927, 6.750000000000001776, 0.5000000000000004441 ) ) ;
#680 = CONICAL_SURFACE ( 'NONE', #320, 10.49999999999999822, 0.7853981633974482790 ) ;
#681 = DIRECTION ( 'NONE',  ( -0.6785983445458404484, 0.6785983445458551033, -0.2810846377148166209 ) ) ;
#682 = ORIENTED_EDGE ( 'NONE', *, *, #655, .T. ) ;
#683 = LINE ( 'NONE', #1334, #287 ) ;
#684 = DIRECTION ( 'NONE',  ( 0.000000000000000000, 0.000000000000000000, -1.000000000000000000 ) ) ;
#685 = DIRECTION ( 'NONE',  ( -1.000000000000000000, 0.000000000000000000, 0.000000000000000000 ) ) ;
#686 = DIRECTION ( 'NONE',  ( -0.5000000000000087708, -0.7071067811865379138, 0.5000000000000051070 ) ) ;
#687 = VERTEX_POINT ( 'NONE', #1643 ) ;
#688 = ORIENTED_EDGE ( 'NONE', *, *, #111, .F. ) ;
#689 = EDGE_CURVE ( 'NONE', #1433, #309, #971, .T. ) ;
#690 = LINE ( 'NONE', #25, #1659 ) ;
#691 = ORIENTED_EDGE ( 'NONE', *, *, #919, .F. ) ;
#692 = DIRECTION ( 'NONE',  ( 1.000000000000000000, 0.000000000000000000, 0.000000000000000000 ) ) ;
#693 = CARTESIAN_POINT ( 'NONE',  ( -5.146446609406780226, -44.49137674618943095, 29.35355339059325885 ) ) ;
#694 = VERTEX_POINT ( 'NONE', #1508 ) ;
#695 = ORIENTED_EDGE ( 'NONE', *, *, #133, .T. ) ;
#696 = CARTESIAN_POINT ( 'NONE',  ( 11.25000000000001066, -44.24137674618943095, 0.2500000000000019429 ) ) ;
#697 = CARTESIAN_POINT ( 'NONE',  ( -6.173945625605780307, -11.72965897091355814, 5.673945625605803400 ) ) ;
#698 = CIRCLE ( 'NONE', #119, 18.00000000000000000 ) ;
#699 = VERTEX_POINT ( 'NONE', #980 ) ;
#700 = DIRECTION ( 'NONE',  ( -0.000000000000000000, -0.000000000000000000, -1.000000000000000000 ) ) ;
#701 = DIRECTION ( 'NONE',  ( 1.000000000000000000, 0.000000000000000000, 0.000000000000000000 ) ) ;
#702 = VECTOR ( 'NONE', #266, 1000.000000000000000 ) ;
#703 = VERTEX_POINT ( 'NONE', #843 ) ;
#704 = VECTOR ( 'NONE', #955, 1000.000000000000000 ) ;
#705 = ORIENTED_EDGE ( 'NONE', *, *, #192, .T. ) ;
#706 = ORIENTED_EDGE ( 'NONE', *, *, #1065, .F. ) ;
#707 = EDGE_CURVE ( 'NONE', #330, #535, #861, .T. ) ;
#708 = DIRECTION ( 'NONE',  ( 3.016910393003143352E-16, 1.000000000000000000, 0.000000000000000000 ) ) ;
#709 = ORIENTED_EDGE ( 'NONE', *, *, #939, .T. ) ;
#710 = DIRECTION ( 'NONE',  ( 3.016910393003143352E-16, 1.000000000000000000, -3.289556566267318794E-48 ) ) ;
#711 = LINE ( 'NONE', #1636, #1267 ) ;
#712 = ORIENTED_EDGE ( 'NONE', *, *, #162, .T. ) ;
#713 = ORIENTED_EDGE ( 'NONE', *, *, #689, .F. ) ;
#714 = CARTESIAN_POINT ( 'NONE',  ( 21.50000000000000000, -18.70828693386970087, 23.00000000000000000 ) ) ;
#715 = CARTESIAN_POINT ( 'NONE',  ( 6.500000000000009770, -43.99137674618942384, 6.000000000000007994 ) ) ;
#716 = EDGE_LOOP ( 'NONE', ( #1465, #1266, #1294, #1027, #231, #666 ) ) ;
#717 = CARTESIAN_POINT ( 'NONE',  ( -13.95614035087719174, -12.14397572900314159, 22.50000000000000000 ) ) ;
#718 = ORIENTED_EDGE ( 'NONE', *, *, #1176, .T. ) ;
#719 = ORIENTED_EDGE ( 'NONE', *, *, #30, .T. ) ;
#720 = ORIENTED_EDGE ( 'NONE', *, *, #899, .T. ) ;
#721 = CARTESIAN_POINT ( 'NONE',  ( 17.22461900884892927, 6.750000000000000888, 0.5000000000000004441 ) ) ;
#722 = DIRECTION ( 'NONE',  ( -0.000000000000000000, -0.000000000000000000, -1.000000000000000000 ) ) ;
#723 = ORIENTED_EDGE ( 'NONE', *, *, #439, .F. ) ;
#724 = PRODUCT_CONTEXT ( 'NONE', #580, 'mechanical' ) ;
#725 = CARTESIAN_POINT ( 'NONE',  ( 0.000000000000000000, 0.000000000000000000, 23.00000000000000000 ) ) ;
#726 = EDGE_CURVE ( 'NONE', #104, #470, #314, .T. ) ;
#727 = AXIS2_PLACEMENT_3D ( 'NONE', #796, #1217, #1096 ) ;
#728 = DIRECTION ( 'NONE',  ( 1.000000000000000000, 0.000000000000000000, 0.000000000000000000 ) ) ;
#729 = AXIS2_PLACEMENT_3D ( 'NONE', #1060, #1291, #1163 ) ;
#730 = VERTEX_POINT ( 'NONE', #71 ) ;
#731 = AXIS2_PLACEMENT_3D ( 'NONE', #830, #1250, #50 ) ;
#732 = ORIENTED_EDGE ( 'NONE', *, *, #1695, .F. ) ;
#733 = VERTEX_POINT ( 'NONE', #717 ) ;
#734 = AXIS2_PLACEMENT_3D ( 'NONE', #622, #1448, #1692 ) ;
#735 = FACE_OUTER_BOUND ( 'NONE', #1369, .T. ) ;
#736 = FACE_OUTER_BOUND ( 'NONE', #329, .T. ) ;
#737 = CARTESIAN_POINT ( 'NONE',  ( -10.99999999999999112, -43.99137674618942384, 0.000000000000000000 ) ) ;
#738 = CARTESIAN_POINT ( 'NONE',  ( -6.499999999999989342, -43.99137674618941674, 5.000000000000000000 ) ) ;
#739 = DIRECTION ( 'NONE',  ( 0.000000000000000000, 0.000000000000000000, -1.000000000000000000 ) ) ;
#740 = ADVANCED_FACE ( 'NONE', ( #169, #335 ), #1404, .F. ) ;
#741 = ORIENTED_EDGE ( 'NONE', *, *, #523, .F. ) ;
#742 = ORIENTED_EDGE ( 'NONE', *, *, #571, .T. ) ;
#743 = FACE_OUTER_BOUND ( 'NONE', #1531, .T. ) ;
#744 = DIRECTION ( 'NONE',  ( 0.7071067811865473507, 2.453269466693398128E-16, 0.7071067811865476838 ) ) ;
#745 = DIRECTION ( 'NONE',  ( 1.000000000000000000, 0.000000000000000000, 0.000000000000000000 ) ) ;
#746 = PLANE ( 'NONE',  #729 ) ;
#747 = CARTESIAN_POINT ( 'NONE',  ( -13.25000000000000000, 0.000000000000000000, 0.5000000000000004441 ) ) ;
#748 = FACE_OUTER_BOUND ( 'NONE', #1316, .T. ) ;
#749 = CARTESIAN_POINT ( 'NONE',  ( -18.49999999999999645, 0.000000000000000000, 22.50000000000000000 ) ) ;
#750 = ORIENTED_EDGE ( 'NONE', *, *, #1542, .F. ) ;
#751 = CARTESIAN_POINT ( 'NONE',  ( 5.500000000000008882, -43.99137674618942384, 5.000000000000000000 ) ) ;
#752 = EDGE_CURVE ( 'NONE', #886, #1684, #326, .T. ) ;
#753 = ADVANCED_FACE ( 'NONE', ( #904 ), #1568, .F. ) ;
#754 = PLANE ( 'NONE',  #876 ) ;
#755 = CARTESIAN_POINT ( 'NONE',  ( -13.95614035087718818, -12.14397572900313982, 0.5000000000000004441 ) ) ;
#756 = LINE ( 'NONE', #1188, #457 ) ;
#757 = CIRCLE ( 'NONE', #536, 17.99999999999999645 ) ;
#758 = DIRECTION ( 'NONE',  ( -0.000000000000000000, -0.000000000000000000, -1.000000000000000000 ) ) ;
#759 = AXIS2_PLACEMENT_3D ( 'NONE', #1440, #643, #1178 ) ;
#760 = CARTESIAN_POINT ( 'NONE',  ( 5.840412956944376788, -11.89924706249206032, 17.65958704305564808 ) ) ;
#761 = VECTOR ( 'NONE', #1467, 1000.000000000000000 ) ;
#762 = ORIENTED_EDGE ( 'NONE', *, *, #398, .F. ) ;
#763 = VECTOR ( 'NONE', #435, 999.9999999999998863 ) ;
#764 = AXIS2_PLACEMENT_3D ( 'NONE', #413, #801, #142 ) ;
#765 = LINE ( 'NONE', #1197, #285 ) ;
#766 = CARTESIAN_POINT ( 'NONE',  ( 6.500000000000010658, -43.99137674618941674, 17.00000000000000355 ) ) ;
#767 = DIRECTION ( 'NONE',  ( 0.000000000000000000, 0.000000000000000000, 1.000000000000000000 ) ) ;
#768 = ADVANCED_FACE ( 'NONE', ( #894 ), #909, .F. ) ;
#769 = CARTESIAN_POINT ( 'NONE',  ( -6.499999999999979572, -11.54610323875549938, 6.000000000000000888 ) ) ;
#770 = LINE ( 'NONE', #896, #633 ) ;
#771 = CARTESIAN_POINT ( 'NONE',  ( 0.000000000000000000, 0.000000000000000000, 23.00000000000000000 ) ) ;
#772 = ORIENTED_EDGE ( 'NONE', *, *, #1420, .T. ) ;
#773 = ORIENTED_EDGE ( 'NONE', *, *, #1154, .T. ) ;
#774 = LINE ( 'NONE', #392, #1196 ) ;
#775 = DIRECTION ( 'NONE',  ( 0.000000000000000000, 0.000000000000000000, -1.000000000000000000 ) ) ;
#776 = FACE_OUTER_BOUND ( 'NONE', #1107, .T. ) ;
#777 = DIRECTION ( 'NONE',  ( 1.000000000000000000, 0.000000000000000000, 0.000000000000000000 ) ) ;
#778 = ORIENTED_EDGE ( 'NONE', *, *, #1091, .T. ) ;
#779 = EDGE_CURVE ( 'NONE', #63, #1424, #756, .T. ) ;
#780 = CARTESIAN_POINT ( 'NONE',  ( 11.49999999999999822, -14.49137674618943628, 0.5000000000000004441 ) ) ;
#781 = CARTESIAN_POINT ( 'NONE',  ( 0.000000000000000000, 0.000000000000000000, 23.00000000000000000 ) ) ;
#782 = EDGE_CURVE ( 'NONE', #1424, #1134, #1681, .T. ) ;
#783 = ORIENTED_EDGE ( 'NONE', *, *, #1173, .F. ) ;
#784 = CIRCLE ( 'NONE', #1412, 13.25000000000000000 ) ;
#785 = EDGE_LOOP ( 'NONE', ( #1351, #1378, #875, #1245 ) ) ;
#786 = AXIS2_PLACEMENT_3D ( 'NONE', #1592, #274, #685 ) ;
#787 = VECTOR ( 'NONE', #767, 1000.000000000000000 ) ;
#788 = AXIS2_PLACEMENT_3D ( 'NONE', #1371, #1159, #165 ) ;
#789 = CARTESIAN_POINT ( 'NONE',  ( -13.57894736842104777, -11.81576016875981061, 23.00000000000000000 ) ) ;
#790 = DIRECTION ( 'NONE',  ( -1.000000000000000000, 0.000000000000000000, 0.000000000000000000 ) ) ;
#791 = DIRECTION ( 'NONE',  ( -0.000000000000000000, -0.000000000000000000, 1.000000000000000000 ) ) ;
#792 = EDGE_CURVE ( 'NONE', #1111, #703, #243, .T. ) ;
#793 = EDGE_LOOP ( 'NONE', ( #617, #1595, #500, #851 ) ) ;
#794 = ADVANCED_FACE ( 'NONE', ( #1718 ), #746, .F. ) ;
#795 = FACE_OUTER_BOUND ( 'NONE', #931, .T. ) ;
#796 = CARTESIAN_POINT ( 'NONE',  ( -14.31318662992015511, 5.609065123723598667, 0.5000000000000004441 ) ) ;
#797 = CARTESIAN_POINT ( 'NONE',  ( -10.99999999999998401, -44.49137674618943095, 22.50000000000000000 ) ) ;
#798 = ORIENTED_EDGE ( 'NONE', *, *, #264, .F. ) ;
#799 = EDGE_CURVE ( 'NONE', #535, #730, #623, .T. ) ;
#800 = EDGE_CURVE ( 'NONE', #1158, #535, #406, .T. ) ;
#801 = DIRECTION ( 'NONE',  ( -0.000000000000000000, -0.000000000000000000, 1.000000000000000000 ) ) ;
#802 = DIRECTION ( 'NONE',  ( 0.000000000000000000, 0.000000000000000000, 1.000000000000000000 ) ) ;
#803 = DIRECTION ( 'NONE',  ( -0.000000000000000000, -0.000000000000000000, -1.000000000000000000 ) ) ;
#804 = FACE_OUTER_BOUND ( 'NONE', #1462, .T. ) ;
#805 = ORIENTED_EDGE ( 'NONE', *, *, #421, .F. ) ;
#806 = CONICAL_SURFACE ( 'NONE', #1265, 10.50000000000000000, 0.7853981633974482790 ) ;
#807 = VECTOR ( 'NONE', #566, 1000.000000000000000 ) ;
#808 = VECTOR ( 'NONE', #1714, 1000.000000000000000 ) ;
#809 = CIRCLE ( 'NONE', #1415, 17.99999999999999645 ) ;
#810 = CARTESIAN_POINT ( 'NONE',  ( -6.999999999999998224, -44.49137674618943095, 23.00000000000000000 ) ) ;
#811 = AXIS2_PLACEMENT_3D ( 'NONE', #352, #902, #977 ) ;
#812 = DIRECTION ( 'NONE',  ( -0.6583591840276635798, 0.2579984201626593365, -0.7071067811865482389 ) ) ;
#813 = CARTESIAN_POINT ( 'NONE',  ( -13.57894736842104777, -11.81576016875981061, 23.00000000000000000 ) ) ;
#814 = AXIS2_PLACEMENT_3D ( 'NONE', #1164, #606, #336 ) ;
#815 = CARTESIAN_POINT ( 'NONE',  ( -11.58748750035000441, 6.764987572125828130, 0.3325395488849458014 ) ) ;
#816 = ORIENTED_EDGE ( 'NONE', *, *, #826, .F. ) ;
#817 = ADVANCED_FACE ( 'NONE', ( #870 ), #1693, .F. ) ;
#818 = ORIENTED_EDGE ( 'NONE', *, *, #1359, .T. ) ;
#819 = LINE ( 'NONE', #157, #704 ) ;
#820 = FACE_OUTER_BOUND ( 'NONE', #793, .T. ) ;
#821 = ORIENTED_EDGE ( 'NONE', *, *, #1457, .T. ) ;
#822 = CARTESIAN_POINT ( 'NONE',  ( 14.31318662992015511, 5.609065123723598667, 23.00000000000000000 ) ) ;
#823 = EDGE_CURVE ( 'NONE', #1716, #1658, #1706, .T. ) ;
#824 = PLANE ( 'NONE',  #378 ) ;
#825 = ORIENTED_EDGE ( 'NONE', *, *, #1072, .F. ) ;
#826 = EDGE_CURVE ( 'NONE', #699, #1158, #674, .T. ) ;
#827 = ORIENTED_EDGE ( 'NONE', *, *, #125, .T. ) ;
#828 = CARTESIAN_POINT ( 'NONE',  ( 11.96186498622372874, 6.780581542268687478, 23.00000000000000000 ) ) ;
#829 = FACE_OUTER_BOUND ( 'NONE', #522, .T. ) ;
#830 = CARTESIAN_POINT ( 'NONE',  ( 0.000000000000000000, 0.000000000000000000, 0.5000000000000004441 ) ) ;
#831 = VERTEX_POINT ( 'NONE', #1020 ) ;
#832 = DIRECTION ( 'NONE',  ( -1.000000000000000000, 3.016910393003143352E-16, 0.000000000000000000 ) ) ;
#833 = DIRECTION ( 'NONE',  ( -0.000000000000000000, 0.000000000000000000, -1.000000000000000000 ) ) ;
#834 = ADVANCED_FACE ( 'NONE', ( #647 ), #233, .T. ) ;
#835 = EDGE_LOOP ( 'NONE', ( #1534, #482, #1053, #319, #150 ) ) ;
#836 = ORIENTED_EDGE ( 'NONE', *, *, #1379, .F. ) ;
#837 = EDGE_LOOP ( 'NONE', ( #688, #241, #999, #1200 ) ) ;
#838 = VECTOR ( 'NONE', #407, 1000.000000000000000 ) ;
#839 = LINE ( 'NONE', #1640, #1581 ) ;
#840 = CARTESIAN_POINT ( 'NONE',  ( -5.707106781186532807, -44.49137674618943095, 4.499999999999993783 ) ) ;
#841 = VECTOR ( 'NONE', #1003, 1000.000000000000000 ) ;
#842 = ORIENTED_EDGE ( 'NONE', *, *, #505, .F. ) ;
#843 = CARTESIAN_POINT ( 'NONE',  ( 13.75000000000000000, 0.000000000000000000, 23.00000000000000000 ) ) ;
#844 = VECTOR ( 'NONE', #1713, 1000.000000000000114 ) ;
#845 = FACE_OUTER_BOUND ( 'NONE', #974, .T. ) ;
#846 = AXIS2_PLACEMENT_3D ( 'NONE', #1019, #722, #573 ) ;
#847 = ORIENTED_EDGE ( 'NONE', *, *, #1694, .F. ) ;
#848 =( BOUNDED_CURVE ( )  B_SPLINE_CURVE ( 3, ( #1086, #1257, #474, #185 ),
 .UNSPECIFIED., .F., .F. ) 
 B_SPLINE_CURVE_WITH_KNOTS ( ( 4, 4 ),
 ( 5.140435476074964427, 5.225128184442313639 ),
 .UNSPECIFIED. ) 
 CURVE ( )  GEOMETRIC_REPRESENTATION_ITEM ( )  RATIONAL_B_SPLINE_CURVE ( ( 1.000000000000000000, 0.9994023514130950803, 0.9994023514130950803, 1.000000000000000000 ) ) 
 REPRESENTATION_ITEM ( '' )  );
#849 =( GEOMETRIC_REPRESENTATION_CONTEXT ( 3 ) GLOBAL_UNCERTAINTY_ASSIGNED_CONTEXT ( ( #1017 ) ) GLOBAL_UNIT_ASSIGNED_CONTEXT ( ( #1299, #1152, #1429 ) ) REPRESENTATION_CONTEXT ( 'NONE', 'WORKASPACE' ) );
#850 = ORIENTED_EDGE ( 'NONE', *, *, #972, .T. ) ;
#851 = ORIENTED_EDGE ( 'NONE', *, *, #1457, .F. ) ;
#852 = EDGE_CURVE ( 'NONE', #1535, #1409, #1417, .T. ) ;
#853 = EDGE_LOOP ( 'NONE', ( #59, #1426, #325, #1308 ) ) ;
#854 = DIRECTION ( 'NONE',  ( 0.5773502691896257311, -0.5773502691896257311, 0.5773502691896257311 ) ) ;
#855 = EDGE_LOOP ( 'NONE', ( #798, #1147, #1235, #253, #579, #857 ) ) ;
#856 = VERTEX_POINT ( 'NONE', #737 ) ;
#857 = ORIENTED_EDGE ( 'NONE', *, *, #510, .F. ) ;
#858 = EDGE_CURVE ( 'NONE', #301, #55, #654, .T. ) ;
#859 = LINE ( 'NONE', #715, #98 ) ;
#860 = ORIENTED_EDGE ( 'NONE', *, *, #858, .T. ) ;
#861 = LINE ( 'NONE', #310, #841 ) ;
#862 = FACE_OUTER_BOUND ( 'NONE', #1519, .T. ) ;
#863 = ORIENTED_EDGE ( 'NONE', *, *, #1695, .T. ) ;
#864 = ORIENTED_EDGE ( 'NONE', *, *, #321, .F. ) ;
#865 = ORIENTED_EDGE ( 'NONE', *, *, #752, .F. ) ;
#866 = LINE ( 'NONE', #967, #1276 ) ;
#867 = DIRECTION ( 'NONE',  ( -1.000000000000000000, 0.000000000000000000, 0.000000000000000000 ) ) ;
#868 = ADVANCED_FACE ( 'NONE', ( #88 ), #1076, .T. ) ;
#869 = PLANE ( 'NONE',  #734 ) ;
#870 = FACE_OUTER_BOUND ( 'NONE', #1205, .T. ) ;
#871 = CONICAL_SURFACE ( 'NONE', #1380, 13.75000000000000000, 0.7853981633974482790 ) ;
#872 = DIRECTION ( 'NONE',  ( 0.000000000000000000, 0.000000000000000000, -1.000000000000000000 ) ) ;
#873 = LINE ( 'NONE', #1275, #66 ) ;
#874 = AXIS2_PLACEMENT_3D ( 'NONE', #152, #684, #2 ) ;
#875 = ORIENTED_EDGE ( 'NONE', *, *, #1173, .T. ) ;
#876 = AXIS2_PLACEMENT_3D ( 'NONE', #621, #744, #646 ) ;
#877 = ORIENTED_EDGE ( 'NONE', *, *, #107, .F. ) ;
#878 = ORIENTED_EDGE ( 'NONE', *, *, #1420, .F. ) ;
#879 = VECTOR ( 'NONE', #872, 1000.000000000000000 ) ;
#880 = CARTESIAN_POINT ( 'NONE',  ( -16.75908876536652414, 6.567567567567569320, 0.000000000000000000 ) ) ;
#881 = DIRECTION ( 'NONE',  ( -3.469446951953614189E-16, 1.000000000000000000, 0.000000000000000000 ) ) ;
#882 = LINE ( 'NONE', #755, #1454 ) ;
#883 = CARTESIAN_POINT ( 'NONE',  ( 21.50000000000000000, -18.70828693386970087, 22.50000000000000000 ) ) ;
#884 = CARTESIAN_POINT ( 'NONE',  ( 6.500000000000009770, -43.99137674618942384, 6.000000000000007994 ) ) ;
#885 = PLANE ( 'NONE',  #489 ) ;
#886 = VERTEX_POINT ( 'NONE', #99 ) ;
#887 = ADVANCED_FACE ( 'NONE', ( #1175 ), #1049, .T. ) ;
#888 = VERTEX_POINT ( 'NONE', #1459 ) ;
#889 = ADVANCED_FACE ( 'NONE', ( #948 ), #204, .F. ) ;
#890 = ORIENTED_EDGE ( 'NONE', *, *, #707, .T. ) ;
#891 = DIRECTION ( 'NONE',  ( 3.016910393003143352E-16, 1.000000000000000000, 0.000000000000000000 ) ) ;
#892 = DIRECTION ( 'NONE',  ( 0.000000000000000000, 0.000000000000000000, -1.000000000000000000 ) ) ;
#893 = FACE_OUTER_BOUND ( 'NONE', #616, .T. ) ;
#894 = FACE_OUTER_BOUND ( 'NONE', #1090, .T. ) ;
#895 = CARTESIAN_POINT ( 'NONE',  ( -21.50000000000000000, -18.70828693386970087, 0.000000000000000000 ) ) ;
#896 = CARTESIAN_POINT ( 'NONE',  ( -5.579008573559260498, -44.18212031601996870, 18.19074356983054130 ) ) ;
#897 = LINE ( 'NONE', #90, #808 ) ;
#898 = DIRECTION ( 'NONE',  ( 0.000000000000000000, 0.000000000000000000, -1.000000000000000000 ) ) ;
#899 = EDGE_CURVE ( 'NONE', #432, #916, #1303, .T. ) ;
#900 = ORIENTED_EDGE ( 'NONE', *, *, #998, .T. ) ;
#901 = EDGE_CURVE ( 'NONE', #1134, #570, #397, .T. ) ;
#902 = DIRECTION ( 'NONE',  ( -0.000000000000000000, -0.000000000000000000, -1.000000000000000000 ) ) ;
#903 = DIRECTION ( 'NONE',  ( 1.000000000000000000, 0.000000000000000000, 0.000000000000000000 ) ) ;
#904 = FACE_OUTER_BOUND ( 'NONE', #1620, .T. ) ;
#905 = CLOSED_SHELL ( 'NONE', ( #834, #475, #41, #1328, #768, #997, #360, #740, #512, #188, #530, #542, #187, #49, #887, #1682, #585, #391, #1638, #1117, #1057, #97, #868, #1618, #969, #1288, #1102, #794, #1249, #1331, #12, #1446, #186, #143, #438, #270, #889, #1466, #1418, #1323, #1669, #610, #753, #318, #424, #1607, #347, #636, #915, #946, #1150, #114, #817, #136, #173, #1689, #1085, #1405, #134 ) ) ;
#906 = DIRECTION ( 'NONE',  ( -1.000000000000000000, 0.000000000000000000, -0.000000000000000000 ) ) ;
#907 = VECTOR ( 'NONE', #576, 1000.000000000000114 ) ;
#908 = ORIENTED_EDGE ( 'NONE', *, *, #1671, .F. ) ;
#909 = CONICAL_SURFACE ( 'NONE', #120, 13.25000000000000000, 0.7853981633974482790 ) ;
#910 = ORIENTED_EDGE ( 'NONE', *, *, #1632, .F. ) ;
#911 = CIRCLE ( 'NONE', #1079, 2.627006697942732671 ) ;
#912 = FACE_OUTER_BOUND ( 'NONE', #1626, .T. ) ;
#913 = DIRECTION ( 'NONE',  ( -0.000000000000000000, -0.000000000000000000, -1.000000000000000000 ) ) ;
#914 = PLANE ( 'NONE',  #954 ) ;
#915 = ADVANCED_FACE ( 'NONE', ( #820 ), #942, .T. ) ;
#916 = VERTEX_POINT ( 'NONE', #1223 ) ;
#917 = EDGE_LOOP ( 'NONE', ( #929, #74, #1046, #836 ) ) ;
#918 = DIRECTION ( 'NONE',  ( -0.000000000000000000, -0.000000000000000000, 1.000000000000000000 ) ) ;
#919 = EDGE_CURVE ( 'NONE', #55, #1075, #322, .T. ) ;
#920 = DIRECTION ( 'NONE',  ( -0.5773502691896247319, 0.5773502691896283956, -0.5773502691896242878 ) ) ;
#921 = CARTESIAN_POINT ( 'NONE',  ( 0.000000000000000000, 0.000000000000000000, 22.50000000000000000 ) ) ;
#922 = EDGE_LOOP ( 'NONE', ( #179, #1368, #1589, #1233 ) ) ;
#923 = CARTESIAN_POINT ( 'NONE',  ( -11.40175425099138096, 6.750000000000000888, 23.00000000000000000 ) ) ;
#924 = EDGE_CURVE ( 'NONE', #1480, #1212, #690, .T. ) ;
#925 = DIRECTION ( 'NONE',  ( 1.000000000000000000, 0.000000000000000000, 0.000000000000000000 ) ) ;
#926 = FACE_OUTER_BOUND ( 'NONE', #1286, .T. ) ;
#927 = EDGE_CURVE ( 'NONE', #984, #1536, #1520, .T. ) ;
#928 = AXIS2_PLACEMENT_3D ( 'NONE', #921, #651, #103 ) ;
#929 = ORIENTED_EDGE ( 'NONE', *, *, #1104, .F. ) ;
#930 = MECHANICAL_DESIGN_GEOMETRIC_PRESENTATION_REPRESENTATION (  '', ( #36 ), #672 ) ;
#931 = EDGE_LOOP ( 'NONE', ( #1256, #1401, #338, #599 ) ) ;
#932 = VECTOR ( 'NONE', #414, 1000.000000000000114 ) ;
#933 = AXIS2_PLACEMENT_3D ( 'NONE', #895, #1183, #226 ) ;
#934 = AXIS2_PLACEMENT_3D ( 'NONE', #334, #495, #745 ) ;
#935 = CARTESIAN_POINT ( 'NONE',  ( -21.50000000000000000, -18.70828693386970087, 23.00000000000000000 ) ) ;
#936 = DIRECTION ( 'NONE',  ( -1.000000000000000000, 0.000000000000000000, 0.000000000000000000 ) ) ;
#937 = DIRECTION ( 'NONE',  ( 0.5000000000000037748, -0.7071067811865400232, 0.5000000000000069944 ) ) ;
#938 = EDGE_CURVE ( 'NONE', #1075, #687, #147, .T. ) ;
#939 = EDGE_CURVE ( 'NONE', #1220, #1272, #555, .T. ) ;
#940 = EDGE_LOOP ( 'NONE', ( #741, #847, #1711, #1278 ) ) ;
#941 = PLANE ( 'NONE',  #1080 ) ;
#942 = PLANE ( 'NONE',  #539 ) ;
#943 = CARTESIAN_POINT ( 'NONE',  ( 14.31318662992015511, 5.609065123723598667, 0.000000000000000000 ) ) ;
#944 = CARTESIAN_POINT ( 'NONE',  ( 0.000000000000000000, 0.000000000000000000, 23.00000000000000000 ) ) ;
#945 = ORIENTED_EDGE ( 'NONE', *, *, #295, .F. ) ;
#946 = ADVANCED_FACE ( 'NONE', ( #1619 ), #1202, .F. ) ;
#947 = CARTESIAN_POINT ( 'NONE',  ( 6.825619641525483949, -44.31699638771490157, 5.865123928305093770 ) ) ;
#948 = FACE_OUTER_BOUND ( 'NONE', #252, .T. ) ;
#949 = DIRECTION ( 'NONE',  ( 0.5773502691896258421, 0.5773502691896258421, -0.5773502691896257311 ) ) ;
#950 = DIRECTION ( 'NONE',  ( 2.133277797124676575E-16, 0.7071067811865415775, 0.7071067811865535679 ) ) ;
#951 = VERTEX_POINT ( 'NONE', #789 ) ;
#952 = CONICAL_SURFACE ( 'NONE', #64, 18.49999999999999645, 0.7853981633974447263 ) ;
#953 = ORIENTED_EDGE ( 'NONE', *, *, #1238, .F. ) ;
#954 = AXIS2_PLACEMENT_3D ( 'NONE', #1460, #1165, #906 ) ;
#955 = DIRECTION ( 'NONE',  ( -0.5773502691896258421, -0.5773502691896258421, -0.5773502691896257311 ) ) ;
#956 = AXIS2_PLACEMENT_3D ( 'NONE', #614, #374, #237 ) ;
#957 = EDGE_CURVE ( 'NONE', #83, #465, #1216, .T. ) ;
#958 = DIRECTION ( 'NONE',  ( 1.000000000000000000, 0.000000000000000000, 0.000000000000000000 ) ) ;
#959 = VECTOR ( 'NONE', #1576, 1000.000000000000000 ) ;
#960 = ORIENTED_EDGE ( 'NONE', *, *, #1037, .T. ) ;
#961 = CYLINDRICAL_SURFACE ( 'NONE', #312, 3.127006697942733116 ) ;
#962 = AXIS2_PLACEMENT_3D ( 'NONE', #1705, #502, #903 ) ;
#963 = EDGE_CURVE ( 'NONE', #645, #831, #598, .T. ) ;
#964 = LINE ( 'NONE', #670, #117 ) ;
#965 = ORIENTED_EDGE ( 'NONE', *, *, #800, .T. ) ;
#966 = VERTEX_POINT ( 'NONE', #281 ) ;
#967 = CARTESIAN_POINT ( 'NONE',  ( 6.500000000000009770, -44.49137674618943095, 6.000000000000007994 ) ) ;
#968 = LINE ( 'NONE', #1435, #316 ) ;
#969 = ADVANCED_FACE ( 'NONE', ( #663 ), #1193, .F. ) ;
#970 = ORIENTED_EDGE ( 'NONE', *, *, #458, .T. ) ;
#971 = LINE ( 'NONE', #446, #1105 ) ;
#972 = EDGE_CURVE ( 'NONE', #1493, #570, #531, .T. ) ;
#973 = CARTESIAN_POINT ( 'NONE',  ( 11.00000000000000000, -18.70828693386970443, 0.000000000000000000 ) ) ;
#974 = EDGE_LOOP ( 'NONE', ( #288, #1702, #719, #890 ) ) ;
#975 = ORIENTED_EDGE ( 'NONE', *, *, #484, .T. ) ;
#976 = LINE ( 'NONE', #1513, #102 ) ;
#977 = DIRECTION ( 'NONE',  ( -1.000000000000000000, 0.000000000000000000, 0.000000000000000000 ) ) ;
#978 = DIRECTION ( 'NONE',  ( 1.000000000000000000, 0.000000000000000000, 0.000000000000000000 ) ) ;
#979 = ORIENTED_EDGE ( 'NONE', *, *, #927, .F. ) ;
#980 = CARTESIAN_POINT ( 'NONE',  ( 17.22461900884892927, 6.750000000000000888, 22.50000000000000000 ) ) ;
#981 = DIRECTION ( 'NONE',  ( -0.000000000000000000, -0.000000000000000000, 1.000000000000000000 ) ) ;
#982 = ORIENTED_EDGE ( 'NONE', *, *, #1445, .T. ) ;
#983 = ORIENTED_EDGE ( 'NONE', *, *, #262, .T. ) ;
#984 = VERTEX_POINT ( 'NONE', #1071 ) ;
#985 = AXIS2_PLACEMENT_3D ( 'NONE', #81, #1644, #210 ) ;
#986 = DIRECTION ( 'NONE',  ( 1.000000000000000000, 0.000000000000000000, 0.000000000000000000 ) ) ;
#987 = AXIS2_PLACEMENT_3D ( 'NONE', #1262, #1666, #728 ) ;
#988 = DIRECTION ( 'NONE',  ( -1.000000000000000000, 3.016910393003142859E-16, 0.000000000000000000 ) ) ;
#989 = AXIS2_PLACEMENT_3D ( 'NONE', #1144, #1135, #1635 ) ;
#990 = ORIENTED_EDGE ( 'NONE', *, *, #779, .T. ) ;
#991 = EDGE_CURVE ( 'NONE', #888, #966, #1207, .T. ) ;
#992 = DIRECTION ( 'NONE',  ( -0.7071067811865447972, 2.133277797124686436E-16, -0.7071067811865502373 ) ) ;
#993 = AXIS2_PLACEMENT_3D ( 'NONE', #232, #31, #1514 ) ;
#994 = CARTESIAN_POINT ( 'NONE',  ( -11.16666666666665364, -44.32471007952275954, 0.3333333333333316495 ) ) ;
#995 = AXIS2_PLACEMENT_3D ( 'NONE', #293, #1437, #1311 ) ;
#996 = ORIENTED_EDGE ( 'NONE', *, *, #1160, .F. ) ;
#997 = ADVANCED_FACE ( 'NONE', ( #795 ), #600, .F. ) ;
#998 = EDGE_CURVE ( 'NONE', #453, #984, #1385, .T. ) ;
#999 = ORIENTED_EDGE ( 'NONE', *, *, #1671, .T. ) ;
#1000 = DIRECTION ( 'NONE',  ( -0.000000000000000000, -0.000000000000000000, -1.000000000000000000 ) ) ;
#1001 = CARTESIAN_POINT ( 'NONE',  ( 11.50000000000000888, -43.99137674618943095, 23.00000000000000000 ) ) ;
#1002 = VERTEX_POINT ( 'NONE', #419 ) ;
#1003 = DIRECTION ( 'NONE',  ( 0.000000000000000000, 0.000000000000000000, 1.000000000000000000 ) ) ;
#1004 = FACE_OUTER_BOUND ( 'NONE', #1047, .T. ) ;
#1005 = VERTEX_POINT ( 'NONE', #751 ) ;
#1006 = ORIENTED_EDGE ( 'NONE', *, *, #1538, .F. ) ;
#1007 = VERTEX_POINT ( 'NONE', #1018 ) ;
#1008 = DIRECTION ( 'NONE',  ( -0.000000000000000000, -0.000000000000000000, 1.000000000000000000 ) ) ;
#1009 = LINE ( 'NONE', #178, #632 ) ;
#1010 = DIRECTION ( 'NONE',  ( 3.016910393003142859E-16, 1.000000000000000000, -0.000000000000000000 ) ) ;
#1011 = DIRECTION ( 'NONE',  ( 0.000000000000000000, 0.000000000000000000, 1.000000000000000000 ) ) ;
#1012 = CARTESIAN_POINT ( 'NONE',  ( -5.499999999999983125, -43.99137674618942384, 5.000000000000000000 ) ) ;
#1013 = EDGE_CURVE ( 'NONE', #1230, #269, #222, .T. ) ;
#1014 = ORIENTED_EDGE ( 'NONE', *, *, #447, .T. ) ;
#1015 = ORIENTED_EDGE ( 'NONE', *, *, #1390, .T. ) ;
#1016 = ORIENTED_EDGE ( 'NONE', *, *, #505, .T. ) ;
#1017 = UNCERTAINTY_MEASURE_WITH_UNIT (LENGTH_MEASURE( 1.000000000000000082E-05 ), #1299, 'distance_accuracy_value', 'NONE');
#1018 = CARTESIAN_POINT ( 'NONE',  ( 11.00000000000000888, -43.99137674618943095, 0.000000000000000000 ) ) ;
#1019 = CARTESIAN_POINT ( 'NONE',  ( 0.000000000000000000, 0.000000000000000000, 0.000000000000000000 ) ) ;
#1020 = CARTESIAN_POINT ( 'NONE',  ( 16.75908876536652414, 6.567567567567568432, 23.00000000000000000 ) ) ;
#1021 = CIRCLE ( 'NONE', #1598, 13.75000000000000000 ) ;
#1022 = DIRECTION ( 'NONE',  ( -1.000000000000000000, 0.000000000000000000, 0.000000000000000000 ) ) ;
#1023 = LINE ( 'NONE', #359, #1469 ) ;
#1024 = AXIS2_PLACEMENT_3D ( 'NONE', #496, #1318, #1283 ) ;
#1025 = EDGE_LOOP ( 'NONE', ( #559, #1016, #28, #1590 ) ) ;
#1026 = AXIS2_PLACEMENT_3D ( 'NONE', #444, #324, #978 ) ;
#1027 = ORIENTED_EDGE ( 'NONE', *, *, #1359, .F. ) ;
#1028 = AXIS2_PLACEMENT_3D ( 'NONE', #1145, #1674, #1022 ) ;
#1029 = DIRECTION ( 'NONE',  ( -0.000000000000000000, -0.000000000000000000, -1.000000000000000000 ) ) ;
#1030 = EDGE_CURVE ( 'NONE', #249, #1007, #1566, .T. ) ;
#1031 = DIRECTION ( 'NONE',  ( -6.672013369141567928E-17, 2.012886647561911102E-32, -1.000000000000000000 ) ) ;
#1032 = DIRECTION ( 'NONE',  ( -0.000000000000000000, -0.000000000000000000, 1.000000000000000000 ) ) ;
#1033 = CARTESIAN_POINT ( 'NONE',  ( -14.31318662992015511, 5.609065123723598667, 0.5000000000000004441 ) ) ;
#1034 = EDGE_CURVE ( 'NONE', #63, #1220, #839, .T. ) ;
#1035 = CARTESIAN_POINT ( 'NONE',  ( -11.49999999999999822, -14.49137674618943628, 0.5000000000000004441 ) ) ;
#1036 = CARTESIAN_POINT ( 'NONE',  ( 6.500000000000025757, 8.737071821666338778, 6.000000000000007994 ) ) ;
#1037 = EDGE_CURVE ( 'NONE', #570, #1063, #1703, .T. ) ;
#1038 = CARTESIAN_POINT ( 'NONE',  ( -14.31318662992015511, 5.609065123723598667, 23.00000000000000000 ) ) ;
#1039 = ORIENTED_EDGE ( 'NONE', *, *, #678, .F. ) ;
#1040 = DIRECTION ( 'NONE',  ( 2.133277797124674603E-16, 0.7071067811865409114, -0.7071067811865541231 ) ) ;
#1041 = CARTESIAN_POINT ( 'NONE',  ( 5.840412956944375011, -11.89924706249206388, 5.340412956944363465 ) ) ;
#1042 = DIRECTION ( 'NONE',  ( 0.5334314314214276820, 0.4641668966779980421, -0.7071067811865499042 ) ) ;
#1043 = DIRECTION ( 'NONE',  ( -0.7071067811865474617, 0.000000000000000000, 0.7071067811865474617 ) ) ;
#1044 = LINE ( 'NONE', #1035, #238 ) ;
#1045 = CARTESIAN_POINT ( 'NONE',  ( 13.75000000000000000, 1.683889348827610654E-15, 0.000000000000000000 ) ) ;
#1046 = ORIENTED_EDGE ( 'NONE', *, *, #1487, .F. ) ;
#1047 = EDGE_LOOP ( 'NONE', ( #660, #1710, #865, #1098 ) ) ;
#1048 = FACE_OUTER_BOUND ( 'NONE', #578, .T. ) ;
#1049 = CYLINDRICAL_SURFACE ( 'NONE', #1691, 18.49999999999999645 ) ;
#1050 = CIRCLE ( 'NONE', #230, 10.00000000000000000 ) ;
#1051 = DIRECTION ( 'NONE',  ( 1.000000000000000000, 0.000000000000000000, 0.000000000000000000 ) ) ;
#1052 = VECTOR ( 'NONE', #1599, 1000.000000000000000 ) ;
#1053 = ORIENTED_EDGE ( 'NONE', *, *, #279, .T. ) ;
#1054 = AXIS2_PLACEMENT_3D ( 'NONE', #725, #700, #197 ) ;
#1055 = ORIENTED_EDGE ( 'NONE', *, *, #532, .T. ) ;
#1056 = VECTOR ( 'NONE', #245, 1000.000000000000000 ) ;
#1057 = ADVANCED_FACE ( 'NONE', ( #743 ), #491, .F. ) ;
#1058 = AXIS2_PLACEMENT_3D ( 'NONE', #1606, #1482, #1497 ) ;
#1059 = CARTESIAN_POINT ( 'NONE',  ( 5.500000000000007994, -44.49137674618943095, 18.00000000000000000 ) ) ;
#1060 = CARTESIAN_POINT ( 'NONE',  ( -11.49999999999999112, -44.49137674618943095, 0.5000000000000004441 ) ) ;
#1061 = PRODUCT_DEFINITION_SHAPE ( 'NONE', 'NONE',  #5 ) ;
#1062 = CARTESIAN_POINT ( 'NONE',  ( -3.663792248729849987, -29.32758449745948326, 37.66379224872984111 ) ) ;
#1063 = VERTEX_POINT ( 'NONE', #1149 ) ;
#1064 = EDGE_LOOP ( 'NONE', ( #618, #821, #713, #1603, #953, #1322, #1373, #194 ) ) ;
#1065 = EDGE_CURVE ( 'NONE', #699, #831, #1106, .T. ) ;
#1066 = CARTESIAN_POINT ( 'NONE',  ( 11.50000000000000888, -43.99137674618943095, 23.00000000000000000 ) ) ;
#1067 = CARTESIAN_POINT ( 'NONE',  ( 18.49999999999999645, 0.000000000000000000, 0.5000000000000004441 ) ) ;
#1068 = LINE ( 'NONE', #394, #591 ) ;
#1069 = VERTEX_POINT ( 'NONE', #880 ) ;
#1070 = VERTEX_POINT ( 'NONE', #1229 ) ;
#1071 = CARTESIAN_POINT ( 'NONE',  ( -18.49999999999999645, 0.000000000000000000, 0.5000000000000004441 ) ) ;
#1072 = EDGE_CURVE ( 'NONE', #831, #1503, #260, .T. ) ;
#1073 = CARTESIAN_POINT ( 'NONE',  ( -11.49999999999999112, -44.49137674618943095, 22.50000000000000000 ) ) ;
#1074 = CARTESIAN_POINT ( 'NONE',  ( -10.99999999999998401, -44.49137674618943095, 0.5000000000000004441 ) ) ;
#1075 = VERTEX_POINT ( 'NONE', #214 ) ;
#1076 = CONICAL_SURFACE ( 'NONE', #1271, 3.127006697942733116, 0.7853981633974479459 ) ;
#1077 = AXIS2_PLACEMENT_3D ( 'NONE', #562, #1040, #1296 ) ;
#1078 = DIRECTION ( 'NONE',  ( -0.6785983445458416696, 0.6785983445458562135, 0.2810846377148109032 ) ) ;
#1079 = AXIS2_PLACEMENT_3D ( 'NONE', #373, #1029, #1384 ) ;
#1080 = AXIS2_PLACEMENT_3D ( 'NONE', #1222, #396, #667 ) ;
#1081 = DIRECTION ( 'NONE',  ( 1.000000000000000000, 0.000000000000000000, 0.000000000000000000 ) ) ;
#1082 = DIRECTION ( 'NONE',  ( -1.000000000000000000, 3.016910393003142859E-16, 0.000000000000000000 ) ) ;
#1083 = CARTESIAN_POINT ( 'NONE',  ( -11.77411392253199729, 6.775562595108821640, 0.1658097640272148399 ) ) ;
#1084 = ORIENTED_EDGE ( 'NONE', *, *, #637, .T. ) ;
#1085 = ADVANCED_FACE ( 'NONE', ( #307 ), #364, .F. ) ;
#1086 = CARTESIAN_POINT ( 'NONE',  ( -5.499999999999980460, -12.05456345124120432, 18.00000000000000000 ) ) ;
#1087 = DIRECTION ( 'NONE',  ( 1.000000000000000000, 0.000000000000000000, 0.000000000000000000 ) ) ;
#1088 = CARTESIAN_POINT ( 'NONE',  ( 5.500000000000018652, -12.05456345124118833, 18.00000000000000000 ) ) ;
#1089 = CARTESIAN_POINT ( 'NONE',  ( 6.353553390593342343, -44.49137674618943805, 5.146446609406788220 ) ) ;
#1090 = EDGE_LOOP ( 'NONE', ( #783, #1656, #864, #1361 ) ) ;
#1091 = EDGE_CURVE ( 'NONE', #1069, #349, #911, .T. ) ;
#1092 = EDGE_CURVE ( 'NONE', #535, #174, #1558, .T. ) ;
#1093 = DIRECTION ( 'NONE',  ( 0.7071067811865496822, -2.133277797124700734E-16, -0.7071067811865453523 ) ) ;
#1094 = CARTESIAN_POINT ( 'NONE',  ( -6.825619641525447534, -44.31699638771488026, 17.13487607169490090 ) ) ;
#1095 = ORIENTED_EDGE ( 'NONE', *, *, #290, .T. ) ;
#1096 = DIRECTION ( 'NONE',  ( 1.000000000000000000, 0.000000000000000000, 0.000000000000000000 ) ) ;
#1097 = FACE_OUTER_BOUND ( 'NONE', #1277, .T. ) ;
#1098 = ORIENTED_EDGE ( 'NONE', *, *, #1573, .F. ) ;
#1099 = AXIS2_PLACEMENT_3D ( 'NONE', #1038, #229, #1564 ) ;
#1100 = EDGE_CURVE ( 'NONE', #1002, #1472, #1633, .T. ) ;
#1101 = ORIENTED_EDGE ( 'NONE', *, *, #1030, .T. ) ;
#1102 = ADVANCED_FACE ( 'NONE', ( #735 ), #1604, .T. ) ;
#1103 = AXIS2_PLACEMENT_3D ( 'NONE', #520, #1570, #370 ) ;
#1104 = EDGE_CURVE ( 'NONE', #1005, #1070, #968, .T. ) ;
#1105 = VECTOR ( 'NONE', #575, 1000.000000000000000 ) ;
#1106 = LINE ( 'NONE', #501, #1551 ) ;
#1107 = EDGE_LOOP ( 'NONE', ( #1119, #263, #140, #292 ) ) ;
#1108 = FACE_OUTER_BOUND ( 'NONE', #506, .T. ) ;
#1109 = CIRCLE ( 'NONE', #519, 18.49999999999999645 ) ;
#1110 = ORIENTED_EDGE ( 'NONE', *, *, #1630, .F. ) ;
#1111 = VERTEX_POINT ( 'NONE', #93 ) ;
#1112 = EDGE_CURVE ( 'NONE', #309, #1134, #299, .T. ) ;
#1113 = LINE ( 'NONE', #769, #1056 ) ;
#1114 = DIRECTION ( 'NONE',  ( 0.7071067811865475727, 0.7071067811865475727, 0.000000000000000000 ) ) ;
#1115 = ORIENTED_EDGE ( 'NONE', *, *, #1259, .T. ) ;
#1116 = DIRECTION ( 'NONE',  ( -1.000000000000000000, 3.016910393003142859E-16, 0.000000000000000000 ) ) ;
#1117 = ADVANCED_FACE ( 'NONE', ( #829 ), #620, .F. ) ;
#1118 = ORIENTED_EDGE ( 'NONE', *, *, #527, .T. ) ;
#1119 = ORIENTED_EDGE ( 'NONE', *, *, #1654, .T. ) ;
#1120 = CARTESIAN_POINT ( 'NONE',  ( 11.00000000000000178, -44.49137674618943805, 0.5000000000000004441 ) ) ;
#1121 = VERTEX_POINT ( 'NONE', #696 ) ;
#1122 = CARTESIAN_POINT ( 'NONE',  ( -11.49999999999999112, -44.49137674618943095, 23.00000000000000000 ) ) ;
#1123 = EDGE_CURVE ( 'NONE', #1007, #856, #1239, .T. ) ;
#1124 = EDGE_CURVE ( 'NONE', #305, #1433, #1113, .T. ) ;
#1125 = EDGE_CURVE ( 'NONE', #304, #1716, #1561, .T. ) ;
#1126 = FILL_AREA_STYLE_COLOUR ( '', #145 ) ;
#1127 = ORIENTED_EDGE ( 'NONE', *, *, #1112, .T. ) ;
#1128 = VECTOR ( 'NONE', #1455, 1000.000000000000000 ) ;
#1129 = ORIENTED_EDGE ( 'NONE', *, *, #1, .F. ) ;
#1130 = VECTOR ( 'NONE', #681, 999.9999999999998863 ) ;
#1131 = DIRECTION ( 'NONE',  ( -3.016910393003143352E-16, -1.000000000000000000, -2.736911063134408949E-48 ) ) ;
#1132 = CIRCLE ( 'NONE', #987, 18.49999999999999645 ) ;
#1133 = DIRECTION ( 'NONE',  ( -0.000000000000000000, -0.000000000000000000, -1.000000000000000000 ) ) ;
#1134 = VERTEX_POINT ( 'NONE', #258 ) ;
#1135 = DIRECTION ( 'NONE',  ( 0.000000000000000000, 0.000000000000000000, 1.000000000000000000 ) ) ;
#1136 = VECTOR ( 'NONE', #250, 1000.000000000000000 ) ;
#1137 = PLANE ( 'NONE',  #151 ) ;
#1138 = CARTESIAN_POINT ( 'NONE',  ( 0.000000000000000000, 0.000000000000000000, 23.00000000000000000 ) ) ;
#1139 = ORIENTED_EDGE ( 'NONE', *, *, #689, .T. ) ;
#1140 = ORIENTED_EDGE ( 'NONE', *, *, #655, .F. ) ;
#1141 = ORIENTED_EDGE ( 'NONE', *, *, #1444, .F. ) ;
#1142 = EDGE_CURVE ( 'NONE', #1684, #1227, #16, .T. ) ;
#1143 = CARTESIAN_POINT ( 'NONE',  ( -13.25000000000000000, 0.000000000000000000, 23.00000000000000000 ) ) ;
#1144 = CARTESIAN_POINT ( 'NONE',  ( 21.50000000000000000, -18.70828693386970087, 0.000000000000000000 ) ) ;
#1145 = CARTESIAN_POINT ( 'NONE',  ( -21.50000000000000000, -18.70828693386970087, 0.000000000000000000 ) ) ;
#1146 = CARTESIAN_POINT ( 'NONE',  ( 14.31318662992015511, 5.609065123723598667, 0.5000000000000004441 ) ) ;
#1147 = ORIENTED_EDGE ( 'NONE', *, *, #852, .F. ) ;
#1148 = ORIENTED_EDGE ( 'NONE', *, *, #254, .F. ) ;
#1149 = CARTESIAN_POINT ( 'NONE',  ( -5.707106781186540800, -44.49137674618943095, 18.50000000000000711 ) ) ;
#1150 = ADVANCED_FACE ( 'NONE', ( #648 ), #1386, .F. ) ;
#1151 = CARTESIAN_POINT ( 'NONE',  ( -6.499999999999977796, -11.54610323875549938, 6.000000000000001776 ) ) ;
#1152 =( NAMED_UNIT ( * ) PLANE_ANGLE_UNIT ( ) SI_UNIT ( $, .RADIAN. ) );
#1153 = CARTESIAN_POINT ( 'NONE',  ( 0.000000000000000000, 0.000000000000000000, 22.50000000000000000 ) ) ;
#1154 = EDGE_CURVE ( 'NONE', #1157, #1230, #300, .T. ) ;
#1155 = CARTESIAN_POINT ( 'NONE',  ( 1.499999999999980460, -34.49137674618933858, -9.500000000000021316 ) ) ;
#1156 = VERTEX_POINT ( 'NONE', #1530 ) ;
#1157 = VERTEX_POINT ( 'NONE', #69 ) ;
#1158 = VERTEX_POINT ( 'NONE', #308 ) ;
#1159 = DIRECTION ( 'NONE',  ( -0.000000000000000000, -0.000000000000000000, -1.000000000000000000 ) ) ;
#1160 = EDGE_CURVE ( 'NONE', #1433, #390, #609, .T. ) ;
#1161 = AXIS2_PLACEMENT_3D ( 'NONE', #693, #431, #161 ) ;
#1162 = CARTESIAN_POINT ( 'NONE',  ( 11.50000000000000888, -43.99137674618943805, 23.00000000000000000 ) ) ;
#1163 = DIRECTION ( 'NONE',  ( 1.000000000000000000, -3.016910393003142859E-16, 0.000000000000000000 ) ) ;
#1164 = CARTESIAN_POINT ( 'NONE',  ( -21.50000000000000000, -18.70828693386970087, 0.5000000000000004441 ) ) ;
#1165 = DIRECTION ( 'NONE',  ( 0.000000000000000000, 0.000000000000000000, -1.000000000000000000 ) ) ;
#1166 = AXIS2_PLACEMENT_3D ( 'NONE', #1066, #9, #1355 ) ;
#1167 = VECTOR ( 'NONE', #1649, 1000.000000000000114 ) ;
#1168 = FACE_OUTER_BOUND ( 'NONE', #1025, .T. ) ;
#1169 = EDGE_LOOP ( 'NONE', ( #164, #1129, #1246, #1344 ) ) ;
#1170 = CONICAL_SURFACE ( 'NONE', #764, 13.75000000000000000, 0.7853981633974482790 ) ;
#1171 = CARTESIAN_POINT ( 'NONE',  ( 10.99999999999999289, 3.816391647148972452E-15, 0.000000000000000000 ) ) ;
#1172 = CARTESIAN_POINT ( 'NONE',  ( -11.49999999999999822, -14.49137674618943628, 0.5000000000000004441 ) ) ;
#1173 = EDGE_CURVE ( 'NONE', #687, #1584, #1240, .T. ) ;
#1174 = CARTESIAN_POINT ( 'NONE',  ( -10.99999999999999645, -18.70828693386969732, 0.000000000000000000 ) ) ;
#1175 = FACE_OUTER_BOUND ( 'NONE', #1317, .T. ) ;
#1176 = EDGE_CURVE ( 'NONE', #1002, #694, #492, .T. ) ;
#1177 = DIRECTION ( 'NONE',  ( 3.016910393003143352E-16, 1.000000000000000000, 0.000000000000000000 ) ) ;
#1178 = DIRECTION ( 'NONE',  ( 3.016910393003143352E-16, 1.000000000000000000, 0.000000000000000000 ) ) ;
#1179 = LINE ( 'NONE', #124, #1128 ) ;
#1180 = ORIENTED_EDGE ( 'NONE', *, *, #726, .T. ) ;
#1181 = LINE ( 'NONE', #1310, #206 ) ;
#1182 = DIRECTION ( 'NONE',  ( 1.000000000000000000, 0.000000000000000000, 0.000000000000000000 ) ) ;
#1183 = DIRECTION ( 'NONE',  ( 0.000000000000000000, 0.000000000000000000, 1.000000000000000000 ) ) ;
#1184 = CARTESIAN_POINT ( 'NONE',  ( -17.22461900884892927, 6.750000000000001776, 22.50000000000000000 ) ) ;
#1185 = EDGE_CURVE ( 'NONE', #951, #304, #541, .T. ) ;
#1186 = FACE_OUTER_BOUND ( 'NONE', #1486, .T. ) ;
#1187 = ORIENTED_EDGE ( 'NONE', *, *, #858, .F. ) ;
#1188 = CARTESIAN_POINT ( 'NONE',  ( -6.499999999999989342, -43.99137674618941674, 18.00000000000000000 ) ) ;
#1189 = DIRECTION ( 'NONE',  ( 2.312964634635743450E-16, -1.000000000000000000, 0.000000000000000000 ) ) ;
#1190 = DIRECTION ( 'NONE',  ( -1.000000000000000000, 0.000000000000000000, 0.000000000000000000 ) ) ;
#1191 = AXIS2_PLACEMENT_3D ( 'NONE', #113, #1683, #1051 ) ;
#1192 = CARTESIAN_POINT ( 'NONE',  ( -11.40175425099138096, 6.750000000000000888, 22.50000000000000000 ) ) ;
#1193 = CONICAL_SURFACE ( 'NONE', #874, 13.25000000000000000, 0.7853981633974482790 ) ;
#1194 = ORIENTED_EDGE ( 'NONE', *, *, #1370, .F. ) ;
#1195 = EDGE_CURVE ( 'NONE', #1642, #1584, #166, .T. ) ;
#1196 = VECTOR ( 'NONE', #1586, 1000.000000000000000 ) ;
#1197 = CARTESIAN_POINT ( 'NONE',  ( -21.33333333333332149, -34.15804341285608814, 10.33333333333333037 ) ) ;
#1198 = LINE ( 'NONE', #282, #94 ) ;
#1199 = EDGE_LOOP ( 'NONE', ( #116, #772, #513, #996 ) ) ;
#1200 = ORIENTED_EDGE ( 'NONE', *, *, #61, .F. ) ;
#1201 = EDGE_CURVE ( 'NONE', #1254, #856, #476, .T. ) ;
#1202 = PLANE ( 'NONE',  #1166 ) ;
#1203 = CARTESIAN_POINT ( 'NONE',  ( 13.25000000000000000, 1.622657008870242882E-15, 23.00000000000000000 ) ) ;
#1204 = CARTESIAN_POINT ( 'NONE',  ( 0.000000000000000000, 0.000000000000000000, 0.5000000000000004441 ) ) ;
#1205 = EDGE_LOOP ( 'NONE', ( #712, #372, #1141, #1392 ) ) ;
#1206 = CARTESIAN_POINT ( 'NONE',  ( -5.499999999999989342, -43.99137674618941674, 18.00000000000000000 ) ) ;
#1207 = LINE ( 'NONE', #540, #702 ) ;
#1208 = LINE ( 'NONE', #1489, #201 ) ;
#1209 = AXIS2_PLACEMENT_3D ( 'NONE', #284, #1367, #558 ) ;
#1210 = DIRECTION ( 'NONE',  ( -0.7071067811865474617, 0.000000000000000000, -0.7071067811865474617 ) ) ;
#1211 = CIRCLE ( 'NONE', #455, 2.627006697942734448 ) ;
#1212 = VERTEX_POINT ( 'NONE', #452 ) ;
#1213 = AXIS2_PLACEMENT_3D ( 'NONE', #1280, #1289, #77 ) ;
#1214 = LINE ( 'NONE', #1340, #603 ) ;
#1215 = VECTOR ( 'NONE', #208, 1000.000000000000114 ) ;
#1216 = LINE ( 'NONE', #923, #761 ) ;
#1217 = DIRECTION ( 'NONE',  ( -0.000000000000000000, -0.000000000000000000, 1.000000000000000000 ) ) ;
#1218 = ADVANCED_BREP_SHAPE_REPRESENTATION ( '34 Top Ridge Holder', ( #278, #962 ), #849 ) ;
#1219 = CARTESIAN_POINT ( 'NONE',  ( -13.95614035087719174, -12.14397572900314159, 23.00000000000000000 ) ) ;
#1220 = VERTEX_POINT ( 'NONE', #1523 ) ;
#1221 = EDGE_CURVE ( 'NONE', #349, #601, #1473, .T. ) ;
#1222 = CARTESIAN_POINT ( 'NONE',  ( -11.00000000000000178, -2.544261098099317992E-15, 23.00000000000000000 ) ) ;
#1223 = CARTESIAN_POINT ( 'NONE',  ( -16.75908876536652414, 6.567567567567569320, 23.00000000000000000 ) ) ;
#1224 = CARTESIAN_POINT ( 'NONE',  ( 11.00000000000000000, -18.70828693386970443, 23.00000000000000000 ) ) ;
#1225 = CARTESIAN_POINT ( 'NONE',  ( -11.96186498622372696, 6.780581542268688366, 23.00000000000000000 ) ) ;
#1226 = EDGE_CURVE ( 'NONE', #1005, #1639, #859, .T. ) ;
#1227 = VERTEX_POINT ( 'NONE', #1672 ) ;
#1228 = ORIENTED_EDGE ( 'NONE', *, *, #203, .F. ) ;
#1229 = CARTESIAN_POINT ( 'NONE',  ( 5.500000000000018652, -12.05456345124118478, 5.000000000000000888 ) ) ;
#1230 = VERTEX_POINT ( 'NONE', #840 ) ;
#1231 = PLANE ( 'NONE',  #14 ) ;
#1232 = CARTESIAN_POINT ( 'NONE',  ( -11.40175425099138096, 6.750000000000000888, 22.50000000000000000 ) ) ;
#1233 = ORIENTED_EDGE ( 'NONE', *, *, #924, .F. ) ;
#1234 = EDGE_CURVE ( 'NONE', #132, #1535, #1009, .T. ) ;
#1235 = ORIENTED_EDGE ( 'NONE', *, *, #1313, .F. ) ;
#1236 = CIRCLE ( 'NONE', #1191, 10.49999999999999822 ) ;
#1237 = VECTOR ( 'NONE', #33, 1000.000000000000114 ) ;
#1238 = EDGE_CURVE ( 'NONE', #1070, #390, #1696, .T. ) ;
#1239 = LINE ( 'NONE', #42, #1521 ) ;
#1240 = CIRCLE ( 'NONE', #731, 13.25000000000000000 ) ;
#1241 = ORIENTED_EDGE ( 'NONE', *, *, #553, .F. ) ;
#1242 = LINE ( 'NONE', #584, #1237 ) ;
#1243 = CIRCLE ( 'NONE', #1306, 18.49999999999999645 ) ;
#1244 =( NAMED_UNIT ( * ) PLANE_ANGLE_UNIT ( ) SI_UNIT ( $, .RADIAN. ) );
#1245 = ORIENTED_EDGE ( 'NONE', *, *, #1195, .F. ) ;
#1246 = ORIENTED_EDGE ( 'NONE', *, *, #638, .T. ) ;
#1247 = ORIENTED_EDGE ( 'NONE', *, *, #1123, .T. ) ;
#1248 = EDGE_CURVE ( 'NONE', #174, #29, #464, .T. ) ;
#1249 = ADVANCED_FACE ( 'NONE', ( #736 ), #385, .T. ) ;
#1250 = DIRECTION ( 'NONE',  ( 0.000000000000000000, 0.000000000000000000, -1.000000000000000000 ) ) ;
#1251 = ORIENTED_EDGE ( 'NONE', *, *, #1100, .F. ) ;
#1252 = CARTESIAN_POINT ( 'NONE',  ( 0.000000000000000000, 0.000000000000000000, 23.00000000000000000 ) ) ;
#1253 = DIRECTION ( 'NONE',  ( -0.000000000000000000, -0.000000000000000000, -1.000000000000000000 ) ) ;
#1254 = VERTEX_POINT ( 'NONE', #242 ) ;
#1255 =( BOUNDED_CURVE ( )  B_SPLINE_CURVE ( 3, ( #1704, #1041, #289, #23 ),
 .UNSPECIFIED., .F., .F. ) 
 B_SPLINE_CURVE_WITH_KNOTS ( ( 4, 4 ),
 ( 1.998842822485174864, 2.083535530852524964 ),
 .UNSPECIFIED. ) 
 CURVE ( )  GEOMETRIC_REPRESENTATION_ITEM ( )  RATIONAL_B_SPLINE_CURVE ( ( 1.000000000000000000, 0.9994023514130950803, 0.9994023514130950803, 1.000000000000000000 ) ) 
 REPRESENTATION_ITEM ( '' )  );
#1256 = ORIENTED_EDGE ( 'NONE', *, *, #85, .F. ) ;
#1257 = CARTESIAN_POINT ( 'NONE',  ( -5.840412956944335932, -11.89924706249207986, 17.65958704305564098 ) ) ;
#1258 = ORIENTED_EDGE ( 'NONE', *, *, #939, .F. ) ;
#1259 = EDGE_CURVE ( 'NONE', #1272, #1156, #234, .T. ) ;
#1260 = CARTESIAN_POINT ( 'NONE',  ( -11.00000000000000000, -2.544261098099317598E-15, 0.000000000000000000 ) ) ;
#1261 = EDGE_CURVE ( 'NONE', #1230, #1493, #507, .T. ) ;
#1262 = CARTESIAN_POINT ( 'NONE',  ( 0.000000000000000000, 0.000000000000000000, 0.5000000000000004441 ) ) ;
#1263 = EDGE_LOOP ( 'NONE', ( #582, #1118, #286, #1015 ) ) ;
#1264 = EDGE_LOOP ( 'NONE', ( #1464, #979, #361, #652, #1565 ) ) ;
#1265 = AXIS2_PLACEMENT_3D ( 'NONE', #1583, #1701, #91 ) ;
#1266 = ORIENTED_EDGE ( 'NONE', *, *, #264, .T. ) ;
#1267 = VECTOR ( 'NONE', #833, 1000.000000000000000 ) ;
#1268 = CARTESIAN_POINT ( 'NONE',  ( 11.00000000000000888, -43.99137674618943805, 23.00000000000000000 ) ) ;
#1269 = CONICAL_SURFACE ( 'NONE', #1327, 17.99999999999999645, 0.7853981633974482790 ) ;
#1270 = CARTESIAN_POINT ( 'NONE',  ( -5.840412956944333267, -11.89924706249207986, 5.340412956944359912 ) ) ;
#1271 = AXIS2_PLACEMENT_3D ( 'NONE', #1033, #225, #1182 ) ;
#1272 = VERTEX_POINT ( 'NONE', #1712 ) ;
#1273 = FACE_OUTER_BOUND ( 'NONE', #1504, .T. ) ;
#1274 = CARTESIAN_POINT ( 'NONE',  ( 11.58748750035000263, 6.764987572125827242, 22.66746045111505481 ) ) ;
#1275 = CARTESIAN_POINT ( 'NONE',  ( -5.499999999999983125, -44.49137674618943095, 5.000000000000000000 ) ) ;
#1276 = VECTOR ( 'NONE', #1131, 1000.000000000000000 ) ;
#1277 = EDGE_LOOP ( 'NONE', ( #1241, #441, #1528, #202 ) ) ;
#1278 = ORIENTED_EDGE ( 'NONE', *, *, #244, .F. ) ;
#1279 = ORIENTED_EDGE ( 'NONE', *, *, #972, .F. ) ;
#1280 = CARTESIAN_POINT ( 'NONE',  ( 14.31318662992015511, 5.609065123723598667, 0.5000000000000004441 ) ) ;
#1281 = EDGE_CURVE ( 'NONE', #1254, #888, #765, .T. ) ;
#1282 = DIRECTION ( 'NONE',  ( -0.000000000000000000, -0.000000000000000000, 1.000000000000000000 ) ) ;
#1283 = DIRECTION ( 'NONE',  ( 1.000000000000000000, 0.000000000000000000, 0.000000000000000000 ) ) ;
#1284 = FACE_OUTER_BOUND ( 'NONE', #716, .T. ) ;
#1285 = PLANE ( 'NONE',  #985 ) ;
#1286 = EDGE_LOOP ( 'NONE', ( #608, #825, #706, #732 ) ) ;
#1287 = ORIENTED_EDGE ( 'NONE', *, *, #247, .F. ) ;
#1288 = ADVANCED_FACE ( 'NONE', ( #1048 ), #516, .F. ) ;
#1289 = DIRECTION ( 'NONE',  ( -0.000000000000000000, -0.000000000000000000, 1.000000000000000000 ) ) ;
#1290 = LINE ( 'NONE', #86, #1582 ) ;
#1291 = DIRECTION ( 'NONE',  ( 2.133277797124687175E-16, 0.7071067811865451302, 0.7071067811865500152 ) ) ;
#1292 = CARTESIAN_POINT ( 'NONE',  ( -11.24999999999998757, -44.24137674618943095, 22.75000000000000355 ) ) ;
#1293 = LINE ( 'NONE', #1155, #1382 ) ;
#1294 = ORIENTED_EDGE ( 'NONE', *, *, #380, .T. ) ;
#1295 = ORIENTED_EDGE ( 'NONE', *, *, #1221, .T. ) ;
#1296 = DIRECTION ( 'NONE',  ( 1.000000000000000000, -3.016910393003142859E-16, 0.000000000000000000 ) ) ;
#1297 = EDGE_CURVE ( 'NONE', #470, #63, #1559, .T. ) ;
#1298 = FACE_OUTER_BOUND ( 'NONE', #1403, .T. ) ;
#1299 =( LENGTH_UNIT ( ) NAMED_UNIT ( * ) SI_UNIT ( .MILLI., .METRE. ) );
#1300 = DIRECTION ( 'NONE',  ( 0.000000000000000000, 0.000000000000000000, -1.000000000000000000 ) ) ;
#1301 = VECTOR ( 'NONE', #803, 1000.000000000000000 ) ;
#1302 = PRODUCT_RELATED_PRODUCT_CATEGORY ( 'part', '', ( #127 ) ) ;
#1303 = CIRCLE ( 'NONE', #257, 2.627006697942734448 ) ;
#1304 = CARTESIAN_POINT ( 'NONE',  ( -5.499999999999974243, -12.05456345124120787, 5.000000000000000888 ) ) ;
#1305 = VECTOR ( 'NONE', #631, 1000.000000000000114 ) ;
#1306 = AXIS2_PLACEMENT_3D ( 'NONE', #1428, #1324, #216 ) ;
#1307 = CARTESIAN_POINT ( 'NONE',  ( 5.500000000000007994, -43.99137674618941674, 18.00000000000000000 ) ) ;
#1308 = ORIENTED_EDGE ( 'NONE', *, *, #792, .F. ) ;
#1309 = VECTOR ( 'NONE', #708, 1000.000000000000000 ) ;
#1310 = CARTESIAN_POINT ( 'NONE',  ( 3.499999999999975131, -51.99137674618946647, 7.999999999999979572 ) ) ;
#1311 = DIRECTION ( 'NONE',  ( -2.312964634635743450E-16, 1.000000000000000000, 0.000000000000000000 ) ) ;
#1312 = DIRECTION ( 'NONE',  ( -0.7071067811865446862, 2.133277797124686189E-16, -0.7071067811865503483 ) ) ;
#1313 = EDGE_CURVE ( 'NONE', #1121, #1535, #1181, .T. ) ;
#1314 = LINE ( 'NONE', #1406, #323 ) ;
#1315 = DIRECTION ( 'NONE',  ( -0.000000000000000000, -0.000000000000000000, 1.000000000000000000 ) ) ;
#1316 = EDGE_LOOP ( 'NONE', ( #1095, #589, #1730, #450 ) ) ;
#1317 = EDGE_LOOP ( 'NONE', ( #1546, #75, #970, #900 ) ) ;
#1318 = DIRECTION ( 'NONE',  ( 0.000000000000000000, 0.000000000000000000, 1.000000000000000000 ) ) ;
#1319 = EDGE_CURVE ( 'NONE', #1686, #190, #774, .T. ) ;
#1320 = CARTESIAN_POINT ( 'NONE',  ( 0.000000000000000000, 0.000000000000000000, 23.00000000000000000 ) ) ;
#1321 = DIRECTION ( 'NONE',  ( -0.6785983445458437791, -0.6785983445458532159, -0.2810846377148131237 ) ) ;
#1322 = ORIENTED_EDGE ( 'NONE', *, *, #1379, .T. ) ;
#1323 = ADVANCED_FACE ( 'NONE', ( #1298 ), #754, .T. ) ;
#1324 = DIRECTION ( 'NONE',  ( -0.000000000000000000, -0.000000000000000000, 1.000000000000000000 ) ) ;
#1325 = VECTOR ( 'NONE', #534, 1000.000000000000000 ) ;
#1326 = DIRECTION ( 'NONE',  ( 1.000000000000000000, 0.000000000000000000, 0.000000000000000000 ) ) ;
#1327 = AXIS2_PLACEMENT_3D ( 'NONE', #771, #649, #1190 ) ;
#1328 = ADVANCED_FACE ( 'NONE', ( #656 ), #122, .T. ) ;
#1329 = LINE ( 'NONE', #1572, #650 ) ;
#1330 = VECTOR ( 'NONE', #1449, 1000.000000000000114 ) ;
#1331 = ADVANCED_FACE ( 'NONE', ( #912 ), #524, .F. ) ;
#1332 = ORIENTED_EDGE ( 'NONE', *, *, #707, .F. ) ;
#1333 = VECTOR ( 'NONE', #1000, 1000.000000000000000 ) ;
#1334 = CARTESIAN_POINT ( 'NONE',  ( -5.499999999999982236, -43.99137674618941674, 5.000000000000000000 ) ) ;
#1335 = CARTESIAN_POINT ( 'NONE',  ( -6.499999999999973355, 8.737071821666338778, 16.99999999999998934 ) ) ;
#1336 = LINE ( 'NONE', #130, #1657 ) ;
#1337 = CARTESIAN_POINT ( 'NONE',  ( -5.499999999999980460, -12.05456345124120432, 18.00000000000000000 ) ) ;
#1338 = ORIENTED_EDGE ( 'NONE', *, *, #677, .F. ) ;
#1339 = EDGE_CURVE ( 'NONE', #1212, #546, #1243, .T. ) ;
#1340 = CARTESIAN_POINT ( 'NONE',  ( -11.49999999999999645, -18.70828693386969732, 22.50000000000000000 ) ) ;
#1341 = CARTESIAN_POINT ( 'NONE',  ( 0.000000000000000000, 0.000000000000000000, 0.5000000000000004441 ) ) ;
#1342 = CYLINDRICAL_SURFACE ( 'NONE', #786, 18.49999999999999645 ) ;
#1343 = FACE_OUTER_BOUND ( 'NONE', #1529, .T. ) ;
#1344 = ORIENTED_EDGE ( 'NONE', *, *, #619, .F. ) ;
#1345 = CARTESIAN_POINT ( 'NONE',  ( 6.500000000000018652, -11.54610323875547628, 23.00000000000000000 ) ) ;
#1346 = CARTESIAN_POINT ( 'NONE',  ( 11.40175425099137918, 6.750000000000000000, 0.5000000000000004441 ) ) ;
#1347 = DIRECTION ( 'NONE',  ( -0.000000000000000000, -0.000000000000000000, -1.000000000000000000 ) ) ;
#1348 = VECTOR ( 'NONE', #597, 1000.000000000000114 ) ;
#1349 = DIRECTION ( 'NONE',  ( -1.000000000000000000, 3.016910393003142859E-16, 0.000000000000000000 ) ) ;
#1350 = AXIS2_PLACEMENT_3D ( 'NONE', #1122, #1010, #1116 ) ;
#1351 = ORIENTED_EDGE ( 'NONE', *, *, #1709, .T. ) ;
#1352 = VECTOR ( 'NONE', #1499, 1000.000000000000000 ) ;
#1353 = VECTOR ( 'NONE', #1547, 1000.000000000000114 ) ;
#1354 = PLANE ( 'NONE',  #354 ) ;
#1355 = DIRECTION ( 'NONE',  ( 0.000000000000000000, 0.000000000000000000, -1.000000000000000000 ) ) ;
#1356 = EDGE_CURVE ( 'NONE', #1158, #1212, #1290, .T. ) ;
#1357 = FACE_OUTER_BOUND ( 'NONE', #1393, .T. ) ;
#1358 = DIRECTION ( 'NONE',  ( -0.5334314314214306796, -0.4641668966779988192, -0.7071067811865472397 ) ) ;
#1359 = EDGE_CURVE ( 'NONE', #1716, #1475, #105, .T. ) ;
#1360 = LINE ( 'NONE', #1219, #807 ) ;
#1361 = ORIENTED_EDGE ( 'NONE', *, *, #1556, .F. ) ;
#1362 = VERTEX_POINT ( 'NONE', #1458 ) ;
#1363 = CARTESIAN_POINT ( 'NONE',  ( 11.00000000000000178, -44.49137674618943805, 22.50000000000000000 ) ) ;
#1364 = DIRECTION ( 'NONE',  ( 3.016910393003143352E-16, 1.000000000000000000, -0.000000000000000000 ) ) ;
#1365 = ORIENTED_EDGE ( 'NONE', *, *, #1125, .T. ) ;
#1366 = LINE ( 'NONE', #564, #1471 ) ;
#1367 = DIRECTION ( 'NONE',  ( 0.000000000000000000, 0.000000000000000000, -1.000000000000000000 ) ) ;
#1368 = ORIENTED_EDGE ( 'NONE', *, *, #1697, .T. ) ;
#1369 = EDGE_LOOP ( 'NONE', ( #47, #945, #1251, #1500 ) ) ;
#1370 = EDGE_CURVE ( 'NONE', #315, #83, #433, .T. ) ;
#1371 = CARTESIAN_POINT ( 'NONE',  ( -21.50000000000000000, -18.70828693386970087, 23.00000000000000000 ) ) ;
#1372 = DIRECTION ( 'NONE',  ( 1.000000000000000000, -2.643388153869420409E-15, 0.000000000000000000 ) ) ;
#1373 = ORIENTED_EDGE ( 'NONE', *, *, #1390, .F. ) ;
#1374 = LINE ( 'NONE', #1260, #1549 ) ;
#1375 = CARTESIAN_POINT ( 'NONE',  ( 0.000000000000000000, 0.000000000000000000, 23.00000000000000000 ) ) ;
#1376 = ORIENTED_EDGE ( 'NONE', *, *, #779, .F. ) ;
#1377 = AXIS2_PLACEMENT_3D ( 'NONE', #268, #950, #1349 ) ;
#1378 = ORIENTED_EDGE ( 'NONE', *, *, #553, .T. ) ;
#1379 = EDGE_CURVE ( 'NONE', #1070, #1362, #1255, .T. ) ;
#1380 = AXIS2_PLACEMENT_3D ( 'NONE', #420, #26, #925 ) ;
#1381 = ORIENTED_EDGE ( 'NONE', *, *, #1410, .T. ) ;
#1382 = VECTOR ( 'NONE', #920, 1000.000000000000114 ) ;
#1383 = CIRCLE ( 'NONE', #989, 10.49999999999999822 ) ;
#1384 = DIRECTION ( 'NONE',  ( 1.000000000000000000, 0.000000000000000000, 0.000000000000000000 ) ) ;
#1385 = CIRCLE ( 'NONE', #1628, 18.49999999999999645 ) ;
#1386 = PLANE ( 'NONE',  #100 ) ;
#1387 = ORIENTED_EDGE ( 'NONE', *, *, #1632, .T. ) ;
#1388 = PLANE ( 'NONE',  #995 ) ;
#1389 = DIRECTION ( 'NONE',  ( -2.312964634635743450E-16, 1.000000000000000000, 0.000000000000000000 ) ) ;
#1390 = EDGE_CURVE ( 'NONE', #190, #1362, #634, .T. ) ;
#1391 = CARTESIAN_POINT ( 'NONE',  ( 0.000000000000000000, 0.000000000000000000, 23.00000000000000000 ) ) ;
#1392 = ORIENTED_EDGE ( 'NONE', *, *, #1259, .F. ) ;
#1393 = EDGE_LOOP ( 'NONE', ( #339, #480, #449, #45 ) ) ;
#1394 = ORIENTED_EDGE ( 'NONE', *, *, #1100, .T. ) ;
#1395 = EDGE_CURVE ( 'NONE', #966, #1442, #1214, .T. ) ;
#1396 = EDGE_LOOP ( 'NONE', ( #1140, #1515, #428, #1287, #1148, #345 ) ) ;
#1397 = B_SPLINE_CURVE_WITH_KNOTS ( 'NONE', 3,
 ( #1502, #1083, #815, #550 ),
 .UNSPECIFIED., .F., .F.,
 ( 4, 4 ),
 ( 0.000000000000000000, 0.0007514381321506450251 ),
 .UNSPECIFIED. ) ;
#1398 = DIRECTION ( 'NONE',  ( 1.000000000000000000, 0.000000000000000000, 0.000000000000000000 ) ) ;
#1399 =( NAMED_UNIT ( * ) SI_UNIT ( $, .STERADIAN. ) SOLID_ANGLE_UNIT ( ) );
#1400 = EDGE_LOOP ( 'NONE', ( #705, #842, #877, #629 ) ) ;
#1401 = ORIENTED_EDGE ( 'NONE', *, *, #1556, .T. ) ;
#1402 = ORIENTED_EDGE ( 'NONE', *, *, #963, .T. ) ;
#1403 = EDGE_LOOP ( 'NONE', ( #155, #1411, #363, #1653, #723 ) ) ;
#1404 = CYLINDRICAL_SURFACE ( 'NONE', #1054, 13.25000000000000000 ) ;
#1405 = ADVANCED_FACE ( 'NONE', ( #554 ), #1354, .F. ) ;
#1406 = CARTESIAN_POINT ( 'NONE',  ( -13.25000000000000000, 0.000000000000000000, 0.5000000000000004441 ) ) ;
#1407 = SURFACE_STYLE_USAGE ( .BOTH. , #469 ) ;
#1408 = ORIENTED_EDGE ( 'NONE', *, *, #551, .F. ) ;
#1409 = VERTEX_POINT ( 'NONE', #1363 ) ;
#1410 = EDGE_CURVE ( 'NONE', #29, #1121, #819, .T. ) ;
#1411 = ORIENTED_EDGE ( 'NONE', *, *, #510, .T. ) ;
#1412 = AXIS2_PLACEMENT_3D ( 'NONE', #1723, #898, #521 ) ;
#1413 = VECTOR ( 'NONE', #949, 1000.000000000000000 ) ;
#1414 = DIRECTION ( 'NONE',  ( 0.000000000000000000, 0.000000000000000000, -1.000000000000000000 ) ) ;
#1415 = AXIS2_PLACEMENT_3D ( 'NONE', #1252, #1525, #1398 ) ;
#1416 = DIRECTION ( 'NONE',  ( 1.000000000000000000, 0.000000000000000000, 0.000000000000000000 ) ) ;
#1417 = LINE ( 'NONE', #209, #787 ) ;
#1418 = ADVANCED_FACE ( 'NONE', ( #265 ), #941, .T. ) ;
#1419 = AXIS2_PLACEMENT_3D ( 'NONE', #780, #1548, #881 ) ;
#1420 = EDGE_CURVE ( 'NONE', #305, #269, #683, .T. ) ;
#1421 = FACE_OUTER_BOUND ( 'NONE', #193, .T. ) ;
#1422 = DIRECTION ( 'NONE',  ( 1.000000000000000000, 0.000000000000000000, 0.000000000000000000 ) ) ;
#1423 = VECTOR ( 'NONE', #1078, 1000.000000000000114 ) ;
#1424 = VERTEX_POINT ( 'NONE', #1206 ) ;
#1425 = ORIENTED_EDGE ( 'NONE', *, *, #167, .T. ) ;
#1426 = ORIENTED_EDGE ( 'NONE', *, *, #523, .T. ) ;
#1427 = DIRECTION ( 'NONE',  ( -3.016910393003143352E-16, -1.000000000000000000, 0.000000000000000000 ) ) ;
#1428 = CARTESIAN_POINT ( 'NONE',  ( 0.000000000000000000, 0.000000000000000000, 0.5000000000000004441 ) ) ;
#1429 =( NAMED_UNIT ( * ) SI_UNIT ( $, .STERADIAN. ) SOLID_ANGLE_UNIT ( ) );
#1430 = CARTESIAN_POINT ( 'NONE',  ( -6.499999999999989342, -43.99137674618941674, 16.99999999999998934 ) ) ;
#1431 = PLANE ( 'NONE',  #18 ) ;
#1432 = DIRECTION ( 'NONE',  ( -0.7071067811865451302, 2.133277797124687175E-16, -0.7071067811865500152 ) ) ;
#1433 = VERTEX_POINT ( 'NONE', #662 ) ;
#1434 = ORIENTED_EDGE ( 'NONE', *, *, #1509, .F. ) ;
#1435 = CARTESIAN_POINT ( 'NONE',  ( 5.500000000000018652, -11.54610323875547806, 5.000000000000000000 ) ) ;
#1436 = DIRECTION ( 'NONE',  ( -0.5773502691896257311, 0.5773502691896257311, 0.5773502691896257311 ) ) ;
#1437 = DIRECTION ( 'NONE',  ( 1.000000000000000000, 2.312964634635743450E-16, -0.000000000000000000 ) ) ;
#1438 = DIRECTION ( 'NONE',  ( -1.000000000000000000, 0.000000000000000000, 0.000000000000000000 ) ) ;
#1439 = DIRECTION ( 'NONE',  ( 2.312964634635743450E-16, -1.000000000000000000, 0.000000000000000000 ) ) ;
#1440 = CARTESIAN_POINT ( 'NONE',  ( 6.500000000000025757, 8.737071821666338778, 5.000000000000000000 ) ) ;
#1441 = CARTESIAN_POINT ( 'NONE',  ( 6.500000000000018652, -11.54610323875547628, 17.00000000000000355 ) ) ;
#1442 = VERTEX_POINT ( 'NONE', #1613 ) ;
#1443 = DIRECTION ( 'NONE',  ( 3.469446951953614189E-16, -1.000000000000000000, -0.000000000000000000 ) ) ;
#1444 = EDGE_CURVE ( 'NONE', #1156, #1639, #538, .T. ) ;
#1445 = EDGE_CURVE ( 'NONE', #694, #1480, #410, .T. ) ;
#1446 = ADVANCED_FACE ( 'NONE', ( #271 ), #1170, .F. ) ;
#1447 = CIRCLE ( 'NONE', #595, 13.75000000000000000 ) ;
#1448 = DIRECTION ( 'NONE',  ( 0.5000000000000057732, -0.7071067811865422437, -0.5000000000000019984 ) ) ;
#1449 = DIRECTION ( 'NONE',  ( 0.7071067811865474617, 0.000000000000000000, -0.7071067811865474617 ) ) ;
#1450 = AXIS2_PLACEMENT_3D ( 'NONE', #160, #832, #341 ) ;
#1451 = AXIS2_PLACEMENT_3D ( 'NONE', #883, #642, #386 ) ;
#1452 = DIRECTION ( 'NONE',  ( -0.7071067811865474617, 0.000000000000000000, -0.7071067811865474617 ) ) ;
#1453 = FACE_OUTER_BOUND ( 'NONE', #837, .T. ) ;
#1454 = VECTOR ( 'NONE', #1042, 1000.000000000000114 ) ;
#1455 = DIRECTION ( 'NONE',  ( 1.000000000000000000, -3.016910393003142859E-16, 0.000000000000000000 ) ) ;
#1456 = ORIENTED_EDGE ( 'NONE', *, *, #1571, .T. ) ;
#1457 = EDGE_CURVE ( 'NONE', #104, #309, #848, .T. ) ;
#1458 = CARTESIAN_POINT ( 'NONE',  ( 6.500000000000018652, -11.54610323875547628, 6.000000000000008882 ) ) ;
#1459 = CARTESIAN_POINT ( 'NONE',  ( -11.49999999999999112, -43.99137674618942384, 0.5000000000000004441 ) ) ;
#1460 = CARTESIAN_POINT ( 'NONE',  ( -6.499999999999973355, 8.737071821666338778, 5.000000000000000000 ) ) ;
#1461 = CARTESIAN_POINT ( 'NONE',  ( 11.96186498622372696, 6.780581542268688366, 0.000000000000000000 ) ) ;
#1462 = EDGE_LOOP ( 'NONE', ( #593, #126, #32, #1376 ) ) ;
#1463 = CARTESIAN_POINT ( 'NONE',  ( -6.499999999999989342, -43.99137674618941674, 6.000000000000000888 ) ) ;
#1464 = ORIENTED_EDGE ( 'NONE', *, *, #1725, .F. ) ;
#1465 = ORIENTED_EDGE ( 'NONE', *, *, #571, .F. ) ;
#1466 = ADVANCED_FACE ( 'NONE', ( #547 ), #680, .F. ) ;
#1467 = DIRECTION ( 'NONE',  ( -0.000000000000000000, -0.000000000000000000, -1.000000000000000000 ) ) ;
#1468 = LINE ( 'NONE', #1621, #1413 ) ;
#1469 = VECTOR ( 'NONE', #1432, 1000.000000000000114 ) ;
#1470 = DIRECTION ( 'NONE',  ( 0.000000000000000000, 0.000000000000000000, -1.000000000000000000 ) ) ;
#1471 = VECTOR ( 'NONE', #437, 1000.000000000000000 ) ;
#1472 = VERTEX_POINT ( 'NONE', #721 ) ;
#1473 = CIRCLE ( 'NONE', #1026, 13.75000000000000000 ) ;
#1474 = AXIS2_PLACEMENT_3D ( 'NONE', #196, #224, #1416 ) ;
#1475 = VERTEX_POINT ( 'NONE', #1268 ) ;
#1476 = DIRECTION ( 'NONE',  ( -2.312964634635743450E-16, 1.000000000000000000, 0.000000000000000000 ) ) ;
#1477 = DIRECTION ( 'NONE',  ( 0.000000000000000000, 0.000000000000000000, 1.000000000000000000 ) ) ;
#1478 = FACE_OUTER_BOUND ( 'NONE', #1524, .T. ) ;
#1479 = DIRECTION ( 'NONE',  ( 0.7071067811865496822, -2.133277797124700980E-16, -0.7071067811865453523 ) ) ;
#1480 = VERTEX_POINT ( 'NONE', #1537 ) ;
#1481 = EDGE_CURVE ( 'NONE', #1424, #104, #57, .T. ) ;
#1482 = DIRECTION ( 'NONE',  ( -0.000000000000000000, -0.000000000000000000, -1.000000000000000000 ) ) ;
#1483 = DIRECTION ( 'NONE',  ( 0.5334314314214295694, -0.4641668966779974315, 0.7071067811865489050 ) ) ;
#1484 = CARTESIAN_POINT ( 'NONE',  ( 0.000000000000000000, 0.000000000000000000, 0.000000000000000000 ) ) ;
#1485 = DIRECTION ( 'NONE',  ( 0.000000000000000000, 0.000000000000000000, 1.000000000000000000 ) ) ;
#1486 = EDGE_LOOP ( 'NONE', ( #1006, #1637, #434, #1667 ) ) ;
#1487 = EDGE_CURVE ( 'NONE', #1362, #1639, #866, .T. ) ;
#1488 = DIRECTION ( 'NONE',  ( 0.7071067811865503483, -2.133277797124703199E-16, -0.7071067811865447972 ) ) ;
#1489 = CARTESIAN_POINT ( 'NONE',  ( -13.75000000000000000, 1.683889348827610654E-15, 23.00000000000000000 ) ) ;
#1490 = CIRCLE ( 'NONE', #928, 18.49999999999999645 ) ;
#1491 = FACE_OUTER_BOUND ( 'NONE', #198, .T. ) ;
#1492 = VECTOR ( 'NONE', #1358, 1000.000000000000000 ) ;
#1493 = VERTEX_POINT ( 'NONE', #1505 ) ;
#1494 = VECTOR ( 'NONE', #802, 1000.000000000000000 ) ;
#1495 = EDGE_LOOP ( 'NONE', ( #1365, #818, #110, #43, #1402, #37, #983, #340, #568, #720, #695, #1084, #213 ) ) ;
#1496 = VECTOR ( 'NONE', #1189, 1000.000000000000000 ) ;
#1497 = DIRECTION ( 'NONE',  ( 1.000000000000000000, 0.000000000000000000, 0.000000000000000000 ) ) ;
#1498 = VECTOR ( 'NONE', #812, 999.9999999999998863 ) ;
#1499 = DIRECTION ( 'NONE',  ( 0.7071067811865502373, -2.133277797124702706E-16, -0.7071067811865447972 ) ) ;
#1500 = ORIENTED_EDGE ( 'NONE', *, *, #583, .F. ) ;
#1501 = FACE_OUTER_BOUND ( 'NONE', #853, .T. ) ;
#1502 = CARTESIAN_POINT ( 'NONE',  ( -11.96186498622372696, 6.780581542268687478, 0.000000000000000000 ) ) ;
#1503 = VERTEX_POINT ( 'NONE', #828 ) ;
#1504 = EDGE_LOOP ( 'NONE', ( #1507, #1055, #182, #195 ) ) ;
#1505 = CARTESIAN_POINT ( 'NONE',  ( -6.999999999999998224, -44.49137674618943095, 5.792893218813451206 ) ) ;
#1506 = DIRECTION ( 'NONE',  ( 3.469446951953614189E-16, -1.000000000000000000, 0.000000000000000000 ) ) ;
#1507 = ORIENTED_EDGE ( 'NONE', *, *, #1319, .F. ) ;
#1508 = CARTESIAN_POINT ( 'NONE',  ( 18.00000000000000000, 0.000000000000000000, 0.000000000000000000 ) ) ;
#1509 = EDGE_CURVE ( 'NONE', #1158, #645, #976, .T. ) ;
#1510 = CARTESIAN_POINT ( 'NONE',  ( 6.500000000000018652, -11.54610323875547628, 17.00000000000000355 ) ) ;
#1511 = ORIENTED_EDGE ( 'NONE', *, *, #957, .F. ) ;
#1512 = EDGE_LOOP ( 'NONE', ( #1518, #76, #1338, #863 ) ) ;
#1513 = CARTESIAN_POINT ( 'NONE',  ( 13.95614035087719174, -12.14397572900313804, 22.50000000000000000 ) ) ;
#1514 = DIRECTION ( 'NONE',  ( 1.000000000000000000, 0.000000000000000000, 0.000000000000000000 ) ) ;
#1515 = ORIENTED_EDGE ( 'NONE', *, *, #991, .F. ) ;
#1516 = PLANE ( 'NONE',  #1450 ) ;
#1517 = EDGE_LOOP ( 'NONE', ( #1678, #328, #691, #1187 ) ) ;
#1518 = ORIENTED_EDGE ( 'NONE', *, *, #128, .T. ) ;
#1519 = EDGE_LOOP ( 'NONE', ( #459, #556, #1434, #816 ) ) ;
#1520 = CIRCLE ( 'NONE', #172, 18.49999999999999645 ) ;
#1521 = VECTOR ( 'NONE', #572, 1000.000000000000000 ) ;
#1522 = CONICAL_SURFACE ( 'NONE', #1028, 10.50000000000000178, 0.7853981633974482790 ) ;
#1523 = CARTESIAN_POINT ( 'NONE',  ( 5.707106781186558564, -44.49137674618943805, 18.50000000000000711 ) ) ;
#1524 = EDGE_LOOP ( 'NONE', ( #403, #1617, #317, #1511 ) ) ;
#1525 = DIRECTION ( 'NONE',  ( 0.000000000000000000, 0.000000000000000000, 1.000000000000000000 ) ) ;
#1526 = DIRECTION ( 'NONE',  ( -0.6583591840276635798, 0.2579984201626593365, 0.7071067811865482389 ) ) ;
#1527 = ORIENTED_EDGE ( 'NONE', *, *, #1234, .T. ) ;
#1528 = ORIENTED_EDGE ( 'NONE', *, *, #677, .T. ) ;
#1529 = EDGE_LOOP ( 'NONE', ( #184, #878, #56, #1627 ) ) ;
#1530 = CARTESIAN_POINT ( 'NONE',  ( 7.000000000000012434, -44.49137674618943805, 5.792893218813465417 ) ) ;
#1531 = EDGE_LOOP ( 'NONE', ( #1332, #171, #401, #965 ) ) ;
#1532 = CARTESIAN_POINT ( 'NONE',  ( 0.000000000000000000, 0.000000000000000000, 18.00000000000000000 ) ) ;
#1533 = LINE ( 'NONE', #181, #1348 ) ;
#1534 = ORIENTED_EDGE ( 'NONE', *, *, #1356, .T. ) ;
#1535 = VERTEX_POINT ( 'NONE', #1120 ) ;
#1536 = VERTEX_POINT ( 'NONE', #1648 ) ;
#1537 = CARTESIAN_POINT ( 'NONE',  ( 13.57894736842105310, -11.81576016875981061, 0.000000000000000000 ) ) ;
#1538 = EDGE_CURVE ( 'NONE', #1111, #17, #569, .T. ) ;
#1539 = DIRECTION ( 'NONE',  ( 1.000000000000000000, -3.016910393003142859E-16, 0.000000000000000000 ) ) ;
#1540 = CARTESIAN_POINT ( 'NONE',  ( -13.75000000000000000, 1.683889348827610654E-15, 23.00000000000000000 ) ) ;
#1541 = DIRECTION ( 'NONE',  ( 0.000000000000000000, 0.000000000000000000, -1.000000000000000000 ) ) ;
#1542 = EDGE_CURVE ( 'NONE', #1442, #886, #1660, .T. ) ;
#1543 = PRESENTATION_STYLE_ASSIGNMENT (( #1407 ) ) ;
#1544 = ORIENTED_EDGE ( 'NONE', *, *, #279, .F. ) ;
#1545 = ORIENTED_EDGE ( 'NONE', *, *, #1013, .F. ) ;
#1546 = ORIENTED_EDGE ( 'NONE', *, *, #342, .F. ) ;
#1547 = DIRECTION ( 'NONE',  ( 0.2810846377148142894, 0.6785983445458544372, 0.6785983445458420027 ) ) ;
#1548 = DIRECTION ( 'NONE',  ( -0.7071067811865473507, -2.453269466693398128E-16, 0.7071067811865476838 ) ) ;
#1549 = VECTOR ( 'NONE', #1389, 1000.000000000000000 ) ;
#1550 = DIRECTION ( 'NONE',  ( 1.000000000000000000, 0.000000000000000000, 0.000000000000000000 ) ) ;
#1551 = VECTOR ( 'NONE', #612, 999.9999999999998863 ) ;
#1552 = CARTESIAN_POINT ( 'NONE',  ( 11.96186498622372874, 6.780581542268687478, 23.00000000000000000 ) ) ;
#1553 = LINE ( 'NONE', #376, #348 ) ;
#1554 = CIRCLE ( 'NONE', #462, 13.25000000000000000 ) ;
#1555 = ORIENTED_EDGE ( 'NONE', *, *, #1281, .T. ) ;
#1556 = EDGE_CURVE ( 'NONE', #1584, #601, #1314, .T. ) ;
#1557 = ORIENTED_EDGE ( 'NONE', *, *, #409, .T. ) ;
#1558 = LINE ( 'NONE', #205, #517 ) ;
#1559 = LINE ( 'NONE', #1059, #959 ) ;
#1560 = DIRECTION ( 'NONE',  ( 1.000000000000000000, 0.000000000000000000, -0.000000000000000000 ) ) ;
#1561 = LINE ( 'NONE', #368, #1496 ) ;
#1562 = CARTESIAN_POINT ( 'NONE',  ( -13.25000000000000000, 0.000000000000000000, 22.50000000000000000 ) ) ;
#1563 = CARTESIAN_POINT ( 'NONE',  ( 11.50000000000000000, -18.70828693386970443, 0.5000000000000004441 ) ) ;
#1564 = DIRECTION ( 'NONE',  ( -1.000000000000000000, 0.000000000000000000, 0.000000000000000000 ) ) ;
#1565 = ORIENTED_EDGE ( 'NONE', *, *, #484, .F. ) ;
#1566 = LINE ( 'NONE', #1171, #657 ) ;
#1567 = CARTESIAN_POINT ( 'NONE',  ( 0.000000000000000000, 0.000000000000000000, 0.5000000000000004441 ) ) ;
#1568 = PLANE ( 'NONE',  #515 ) ;
#1569 = CARTESIAN_POINT ( 'NONE',  ( 0.000000000000000000, 0.000000000000000000, 0.000000000000000000 ) ) ;
#1570 = DIRECTION ( 'NONE',  ( 0.000000000000000000, 0.000000000000000000, 1.000000000000000000 ) ) ;
#1571 = EDGE_CURVE ( 'NONE', #1424, #1063, #770, .T. ) ;
#1572 = CARTESIAN_POINT ( 'NONE',  ( -9.927769290508388522, -47.41914603669786032, 4.580171471185444432 ) ) ;
#1573 = EDGE_CURVE ( 'NONE', #1536, #886, #493, .T. ) ;
#1574 = ORIENTED_EDGE ( 'NONE', *, *, #1030, .F. ) ;
#1575 = AXIS2_PLACEMENT_3D ( 'NONE', #1729, #377, #777 ) ;
#1576 = DIRECTION ( 'NONE',  ( -3.016910393003143352E-16, -1.000000000000000000, 0.000000000000000000 ) ) ;
#1577 = CARTESIAN_POINT ( 'NONE',  ( 0.000000000000000000, 0.000000000000000000, 23.00000000000000000 ) ) ;
#1578 = CIRCLE ( 'NONE', #653, 3.127006697942734892 ) ;
#1579 = AXIS2_PLACEMENT_3D ( 'NONE', #256, #129, #1087 ) ;
#1580 = CARTESIAN_POINT ( 'NONE',  ( 0.000000000000000000, 0.000000000000000000, 23.00000000000000000 ) ) ;
#1581 = VECTOR ( 'NONE', #84, 1000.000000000000000 ) ;
#1582 = VECTOR ( 'NONE', #365, 1000.000000000000000 ) ;
#1583 = CARTESIAN_POINT ( 'NONE',  ( 21.50000000000000000, -18.70828693386970087, 0.000000000000000000 ) ) ;
#1584 = VERTEX_POINT ( 'NONE', #747 ) ;
#1585 = B_SPLINE_CURVE_WITH_KNOTS ( 'NONE', 3,
 ( #1225, #1601, #6, #1232 ),
 .UNSPECIFIED., .F., .F.,
 ( 4, 4 ),
 ( 0.000000000000000000, 0.0007514381321506422061 ),
 .UNSPECIFIED. ) ;
#1586 = DIRECTION ( 'NONE',  ( 3.016910393003143352E-16, 1.000000000000000000, -2.736911063134408949E-48 ) ) ;
#1587 = CARTESIAN_POINT ( 'NONE',  ( 11.50000000000000178, -18.70828693386970443, 22.50000000000000000 ) ) ;
#1588 = CYLINDRICAL_SURFACE ( 'NONE', #255, 18.49999999999999645 ) ;
#1589 = ORIENTED_EDGE ( 'NONE', *, *, #1339, .F. ) ;
#1590 = ORIENTED_EDGE ( 'NONE', *, *, #1370, .T. ) ;
#1591 = DIRECTION ( 'NONE',  ( -0.000000000000000000, -0.000000000000000000, 1.000000000000000000 ) ) ;
#1592 = CARTESIAN_POINT ( 'NONE',  ( 0.000000000000000000, 0.000000000000000000, 23.00000000000000000 ) ) ;
#1593 = CARTESIAN_POINT ( 'NONE',  ( -17.85355339059328372, -44.49137674618943095, 16.64644660940667009 ) ) ;
#1594 = ORIENTED_EDGE ( 'NONE', *, *, #1124, .T. ) ;
#1595 = ORIENTED_EDGE ( 'NONE', *, *, #782, .T. ) ;
#1596 = AXIS2_PLACEMENT_3D ( 'NONE', #15, #1470, #261 ) ;
#1597 = CARTESIAN_POINT ( 'NONE',  ( 11.96186498622372696, 6.780581542268688366, 0.000000000000000000 ) ) ;
#1598 = AXIS2_PLACEMENT_3D ( 'NONE', #781, #393, #615 ) ;
#1599 = DIRECTION ( 'NONE',  ( -3.469446951953614189E-16, 1.000000000000000000, 0.000000000000000000 ) ) ;
#1600 = AXIS2_PLACEMENT_3D ( 'NONE', #635, #775, #1438 ) ;
#1601 = CARTESIAN_POINT ( 'NONE',  ( -11.77411392253199551, 6.775562595108819863, 22.83419023597278397 ) ) ;
#1602 = VECTOR ( 'NONE', #1312, 1000.000000000000114 ) ;
#1603 = ORIENTED_EDGE ( 'NONE', *, *, #1160, .T. ) ;
#1604 = CONICAL_SURFACE ( 'NONE', #1213, 3.127006697942734892, 0.7853981633974482790 ) ;
#1605 = CIRCLE ( 'NONE', #934, 3.127006697942734892 ) ;
#1606 = CARTESIAN_POINT ( 'NONE',  ( 0.000000000000000000, 0.000000000000000000, 0.000000000000000000 ) ) ;
#1607 = ADVANCED_FACE ( 'NONE', ( #596 ), #1137, .T. ) ;
#1608 = DIRECTION ( 'NONE',  ( 1.000000000000000000, 0.000000000000000000, 0.000000000000000000 ) ) ;
#1609 = LINE ( 'NONE', #669, #838 ) ;
#1610 = CARTESIAN_POINT ( 'NONE',  ( -17.99999999999999645, 0.000000000000000000, 23.00000000000000000 ) ) ;
#1611 = EDGE_CURVE ( 'NONE', #17, #1503, #272, .T. ) ;
#1612 = ORIENTED_EDGE ( 'NONE', *, *, #247, .T. ) ;
#1613 = CARTESIAN_POINT ( 'NONE',  ( -11.49999999999999645, -18.70828693386969732, 22.50000000000000000 ) ) ;
#1614 = DIRECTION ( 'NONE',  ( 1.000000000000000000, 0.000000000000000000, 0.000000000000000000 ) ) ;
#1615 = DIRECTION ( 'NONE',  ( -0.000000000000000000, -0.000000000000000000, -1.000000000000000000 ) ) ;
#1616 = LINE ( 'NONE', #1610, #1655 ) ;
#1617 = ORIENTED_EDGE ( 'NONE', *, *, #1195, .T. ) ;
#1618 = ADVANCED_FACE ( 'NONE', ( #1004 ), #1522, .F. ) ;
#1619 = FACE_OUTER_BOUND ( 'NONE', #855, .T. ) ;
#1620 = EDGE_LOOP ( 'NONE', ( #248, #990, #211, #1180 ) ) ;
#1621 = CARTESIAN_POINT ( 'NONE',  ( 25.83045891539648764, -29.66091783079296462, 8.169541084603524794 ) ) ;
#1622 = CONICAL_SURFACE ( 'NONE', #34, 13.75000000000000000, 0.7853981633974482790 ) ;
#1623 = CIRCLE ( 'NONE', #561, 13.75000000000000000 ) ;
#1624 = CYLINDRICAL_SURFACE ( 'NONE', #199, 13.25000000000000000 ) ;
#1625 = CIRCLE ( 'NONE', #1103, 13.75000000000000000 ) ;
#1626 = EDGE_LOOP ( 'NONE', ( #423, #1381, #644, #1574, #436 ) ) ;
#1627 = ORIENTED_EDGE ( 'NONE', *, *, #1261, .F. ) ;
#1628 = AXIS2_PLACEMENT_3D ( 'NONE', #137, #548, #1614 ) ;
#1629 = CARTESIAN_POINT ( 'NONE',  ( -5.499999999999979572, -11.54610323875549938, 18.00000000000000000 ) ) ;
#1630 = EDGE_CURVE ( 'NONE', #886, #888, #1044, .T. ) ;
#1631 = AXIS2_PLACEMENT_3D ( 'NONE', #590, #451, #986 ) ;
#1632 = EDGE_CURVE ( 'NONE', #1134, #305, #478, .T. ) ;
#1633 = LINE ( 'NONE', #1687, #763 ) ;
#1634 = EDGE_LOOP ( 'NONE', ( #563, #560, #297, #65 ) ) ;
#1635 = DIRECTION ( 'NONE',  ( 1.000000000000000000, 0.000000000000000000, 0.000000000000000000 ) ) ;
#1636 = CARTESIAN_POINT ( 'NONE',  ( -10.99999999999998401, -44.49137674618943095, 23.00000000000000000 ) ) ;
#1637 = ORIENTED_EDGE ( 'NONE', *, *, #792, .T. ) ;
#1638 = ADVANCED_FACE ( 'NONE', ( #1421 ), #1707, .F. ) ;
#1639 = VERTEX_POINT ( 'NONE', #884 ) ;
#1640 = CARTESIAN_POINT ( 'NONE',  ( 6.919828528814539581, -47.41914603669784611, 21.42776929050836898 ) ) ;
#1641 = DIRECTION ( 'NONE',  ( -0.000000000000000000, -0.000000000000000000, -1.000000000000000000 ) ) ;
#1642 = VERTEX_POINT ( 'NONE', #1562 ) ;
#1643 = CARTESIAN_POINT ( 'NONE',  ( 13.25000000000000000, 1.622657008870242882E-15, 0.5000000000000004441 ) ) ;
#1644 = DIRECTION ( 'NONE',  ( -1.000000000000000000, -3.469446951953614189E-16, 0.000000000000000000 ) ) ;
#1645 = EDGE_LOOP ( 'NONE', ( #1647, #183, #641, #1258 ) ) ;
#1646 = ORIENTED_EDGE ( 'NONE', *, *, #782, .F. ) ;
#1647 = ORIENTED_EDGE ( 'NONE', *, *, #1034, .F. ) ;
#1648 = CARTESIAN_POINT ( 'NONE',  ( -13.95614035087719174, -12.14397572900314159, 0.5000000000000004441 ) ) ;
#1649 = DIRECTION ( 'NONE',  ( 0.5773502691896243988, 0.5773502691896283956, -0.5773502691896246208 ) ) ;
#1650 = ORIENTED_EDGE ( 'NONE', *, *, #1125, .F. ) ;
#1651 = CARTESIAN_POINT ( 'NONE',  ( -25.83045891539646632, -29.66091783079294686, 8.169541084603524794 ) ) ;
#1652 = DIRECTION ( 'NONE',  ( -1.000000000000000000, 0.000000000000000000, 0.000000000000000000 ) ) ;
#1653 = ORIENTED_EDGE ( 'NONE', *, *, #799, .T. ) ;
#1654 = EDGE_CURVE ( 'NONE', #733, #39, #1109, .T. ) ;
#1655 = VECTOR ( 'NONE', #148, 1000.000000000000114 ) ;
#1656 = ORIENTED_EDGE ( 'NONE', *, *, #661, .T. ) ;
#1657 = VECTOR ( 'NONE', #664, 1000.000000000000114 ) ;
#1658 = VERTEX_POINT ( 'NONE', #1292 ) ;
#1659 = VECTOR ( 'NONE', #1483, 1000.000000000000114 ) ;
#1660 = LINE ( 'NONE', #463, #1333 ) ;
#1661 = AXIS2_PLACEMENT_3D ( 'NONE', #207, #1282, #78 ) ;
#1662 = DIRECTION ( 'NONE',  ( 0.000000000000000000, 0.000000000000000000, -1.000000000000000000 ) ) ;
#1663 = ORIENTED_EDGE ( 'NONE', *, *, #10, .F. ) ;
#1664 = SHAPE_DEFINITION_REPRESENTATION ( #1061, #1218 ) ;
#1665 = LINE ( 'NONE', #467, #1720 ) ;
#1666 = DIRECTION ( 'NONE',  ( -0.000000000000000000, -0.000000000000000000, 1.000000000000000000 ) ) ;
#1667 = ORIENTED_EDGE ( 'NONE', *, *, #1611, .F. ) ;
#1668 = ORIENTED_EDGE ( 'NONE', *, *, #1154, .F. ) ;
#1669 = ADVANCED_FACE ( 'NONE', ( #1284 ), #1431, .T. ) ;
#1670 = ORIENTED_EDGE ( 'NONE', *, *, #1313, .T. ) ;
#1671 = EDGE_CURVE ( 'NONE', #916, #315, #624, .T. ) ;
#1672 = CARTESIAN_POINT ( 'NONE',  ( -13.57894736842104777, -11.81576016875981061, 0.000000000000000000 ) ) ;
#1673 = CARTESIAN_POINT ( 'NONE',  ( -13.75000000000000000, 0.000000000000000000, 0.000000000000000000 ) ) ;
#1674 = DIRECTION ( 'NONE',  ( -0.000000000000000000, -0.000000000000000000, -1.000000000000000000 ) ) ;
#1675 = DIRECTION ( 'NONE',  ( -1.000000000000000000, 0.000000000000000000, 0.000000000000000000 ) ) ;
#1676 = ORIENTED_EDGE ( 'NONE', *, *, #551, .T. ) ;
#1677 = EDGE_LOOP ( 'NONE', ( #7, #1279, #1663, #910 ) ) ;
#1678 = ORIENTED_EDGE ( 'NONE', *, *, #661, .F. ) ;
#1679 = CARTESIAN_POINT ( 'NONE',  ( -6.499999999999990230, -44.49137674618943095, 16.99999999999998934 ) ) ;
#1680 = CARTESIAN_POINT ( 'NONE',  ( -10.99999999999998401, -44.49137674618943095, 23.00000000000000000 ) ) ;
#1681 = LINE ( 'NONE', #1430, #1602 ) ;
#1682 = ADVANCED_FACE ( 'NONE', ( #1357 ), #1388, .F. ) ;
#1683 = DIRECTION ( 'NONE',  ( -0.000000000000000000, -0.000000000000000000, -1.000000000000000000 ) ) ;
#1684 = VERTEX_POINT ( 'NONE', #1174 ) ;
#1685 = EDGE_LOOP ( 'NONE', ( #442, #682, #333, #1650, #1425 ) ) ;
#1686 = VERTEX_POINT ( 'NONE', #766 ) ;
#1687 = CARTESIAN_POINT ( 'NONE',  ( 16.75908876536652414, 6.567567567567568432, 0.000000000000000000 ) ) ;
#1688 = VECTOR ( 'NONE', #4, 1000.000000000000000 ) ;
#1689 = ADVANCED_FACE ( 'NONE', ( #893 ), #869, .T. ) ;
#1690 = DIRECTION ( 'NONE',  ( 1.000000000000000000, -3.016910393003142859E-16, 0.000000000000000000 ) ) ;
#1691 = AXIS2_PLACEMENT_3D ( 'NONE', #1577, #913, #112 ) ;
#1692 = DIRECTION ( 'NONE',  ( -0.7071067811865446862, 2.133277797124686189E-16, -0.7071067811865503483 ) ) ;
#1693 = PLANE ( 'NONE',  #956 ) ;
#1694 = EDGE_CURVE ( 'NONE', #83, #1642, #387, .T. ) ;
#1695 = EDGE_CURVE ( 'NONE', #17, #699, #1605, .T. ) ;
#1696 = CIRCLE ( 'NONE', #408, 13.25000000000000000 ) ;
#1697 = EDGE_CURVE ( 'NONE', #694, #546, #466, .T. ) ;
#1698 = CARTESIAN_POINT ( 'NONE',  ( 11.77411392253199907, 6.775562595108818975, 22.83419023597279107 ) ) ;
#1699 = DIRECTION ( 'NONE',  ( 3.016910393003143352E-16, 1.000000000000000000, 0.000000000000000000 ) ) ;
#1700 = AXIS2_PLACEMENT_3D ( 'NONE', #1569, #1011, #358 ) ;
#1701 = DIRECTION ( 'NONE',  ( -0.000000000000000000, -0.000000000000000000, -1.000000000000000000 ) ) ;
#1702 = ORIENTED_EDGE ( 'NONE', *, *, #1248, .T. ) ;
#1703 = LINE ( 'NONE', #443, #1305 ) ;
#1704 = CARTESIAN_POINT ( 'NONE',  ( 5.500000000000018652, -12.05456345124118478, 5.000000000000000888 ) ) ;
#1705 = CARTESIAN_POINT ( 'NONE',  ( 0.000000000000000000, 0.000000000000000000, 0.000000000000000000 ) ) ;
#1706 = LINE ( 'NONE', #106, #430 ) ;
#1707 = PLANE ( 'NONE',  #1700 ) ;
#1708 = CARTESIAN_POINT ( 'NONE',  ( -10.99999999999999822, -18.70828693386969732, 23.00000000000000000 ) ) ;
#1709 = EDGE_CURVE ( 'NONE', #1642, #1111, #1554, .T. ) ;
#1710 = ORIENTED_EDGE ( 'NONE', *, *, #1142, .F. ) ;
#1711 = ORIENTED_EDGE ( 'NONE', *, *, #125, .F. ) ;
#1712 = CARTESIAN_POINT ( 'NONE',  ( 7.000000000000014211, -44.49137674618943805, 17.20710678118656034 ) ) ;
#1713 = DIRECTION ( 'NONE',  ( 0.7071067811865474617, 0.000000000000000000, 0.7071067811865474617 ) ) ;
#1714 = DIRECTION ( 'NONE',  ( -0.000000000000000000, -0.000000000000000000, -1.000000000000000000 ) ) ;
#1715 = ORIENTED_EDGE ( 'NONE', *, *, #1201, .T. ) ;
#1716 = VERTEX_POINT ( 'NONE', #613 ) ;
#1717 = CARTESIAN_POINT ( 'NONE',  ( -17.85355339059328017, -44.49137674618943095, 16.64644660940667009 ) ) ;
#1718 = FACE_OUTER_BOUND ( 'NONE', #212, .T. ) ;
#1719 = AXIS2_PLACEMENT_3D ( 'NONE', #20, #415, #936 ) ;
#1720 = VECTOR ( 'NONE', #180, 1000.000000000000114 ) ;
#1721 = FACE_OUTER_BOUND ( 'NONE', #1263, .T. ) ;
#1722 = AXIS2_PLACEMENT_3D ( 'NONE', #1172, #223, #384 ) ;
#1723 = CARTESIAN_POINT ( 'NONE',  ( 0.000000000000000000, 0.000000000000000000, 0.5000000000000004441 ) ) ;
#1724 = ORIENTED_EDGE ( 'NONE', *, *, #95, .F. ) ;
#1725 = EDGE_CURVE ( 'NONE', #1536, #1227, #882, .T. ) ;
#1726 = DIRECTION ( 'NONE',  ( 1.000000000000000000, 0.000000000000000000, 0.000000000000000000 ) ) ;
#1727 = CARTESIAN_POINT ( 'NONE',  ( -5.146446609406778450, -44.49137674618943095, 29.35355339059325885 ) ) ;
#1728 = CARTESIAN_POINT ( 'NONE',  ( -11.40175425099138096, 6.750000000000000888, 0.5000000000000004441 ) ) ;
#1729 = CARTESIAN_POINT ( 'NONE',  ( 21.50000000000000000, -18.70828693386970087, 0.5000000000000004441 ) ) ;
#1730 = ORIENTED_EDGE ( 'NONE', *, *, #1104, .T. ) ;
ENDSEC;
END-ISO-10303-21;
