ISO-10303-21;
HEADER;
FILE_DESCRIPTION (( 'STEP AP214' ),
    '1' );
FILE_NAME ('Cord Clip.STEP',
    '2024-11-28T00:30:23',
    ( '' ),
    ( '' ),
    'SwSTEP 2.0',
    'SolidWorks 2024',
    '' );
FILE_SCHEMA (( 'AUTOMOTIVE_DESIGN' ));
ENDSEC;

DATA;
#1 = EDGE_LOOP ( 'NONE', ( #2573, #148, #1683, #61, #2674 ) ) ;
#2 = DIRECTION ( 'NONE',  ( -0.000000000000000000, 0.000000000000000000, 1.000000000000000000 ) ) ;
#3 = CARTESIAN_POINT ( 'NONE',  ( 11.34002376801030998, 2.201016892205979847, -0.6968489006698040944 ) ) ;
#4 = DIRECTION ( 'NONE',  ( 0.000000000000000000, -0.000000000000000000, -1.000000000000000000 ) ) ;
#5 = ORIENTED_EDGE ( 'NONE', *, *, #350, .T. ) ;
#6 = DIRECTION ( 'NONE',  ( -0.000000000000000000, 0.000000000000000000, 1.000000000000000000 ) ) ;
#7 = CARTESIAN_POINT ( 'NONE',  ( 11.18144426194064422, 2.424626958539326527, -9.579182942078345420 ) ) ;
#8 = CARTESIAN_POINT ( 'NONE',  ( 10.92566316056231557, -2.211178655597576981, -9.842584314851487548 ) ) ;
#9 = ORIENTED_EDGE ( 'NONE', *, *, #2478, .T. ) ;
#10 = CIRCLE ( 'NONE', #2143, 3.750000000000001776 ) ;
#11 = PLANE ( 'NONE',  #1934 ) ;
#12 = EDGE_CURVE ( 'NONE', #2829, #432, #2381, .T. ) ;
#13 = FACE_OUTER_BOUND ( 'NONE', #2430, .T. ) ;
#14 = CARTESIAN_POINT ( 'NONE',  ( 11.36678577670132206, 2.159805489000844236, -9.191486190040922821 ) ) ;
#15 = ORIENTED_EDGE ( 'NONE', *, *, #1628, .F. ) ;
#16 = CARTESIAN_POINT ( 'NONE',  ( 10.80881895751246624, -2.848508603313732124, -0.2531624675234216415 ) ) ;
#17 = CARTESIAN_POINT ( 'NONE',  ( 11.25684251601333763, 2.322374425438386236, -0.5151148252292285790 ) ) ;
#18 = CARTESIAN_POINT ( 'NONE',  ( 11.59687364248454067, -1.750000000000000000, -6.000000000000000000 ) ) ;
#19 = ORIENTED_EDGE ( 'NONE', *, *, #2826, .F. ) ;
#20 = DIRECTION ( 'NONE',  ( -0.4193139346887666541, -0.9078412990032039831, 0.000000000000000000 ) ) ;
#21 = CARTESIAN_POINT ( 'NONE',  ( 11.30038690282297686, 2.260137159571010912, -9.407575190448490332 ) ) ;
#22 = PLANE ( 'NONE',  #1617 ) ;
#23 = ADVANCED_FACE ( 'NONE', ( #208 ), #2629, .T. ) ;
#24 = ORIENTED_EDGE ( 'NONE', *, *, #362, .T. ) ;
#25 = FACE_OUTER_BOUND ( 'NONE', #546, .T. ) ;
#26 = VECTOR ( 'NONE', #2550, 1000.000000000000000 ) ;
#27 = CARTESIAN_POINT ( 'NONE',  ( 9.096873642484538891, 0.000000000000000000, 0.000000000000000000 ) ) ;
#28 = CARTESIAN_POINT ( 'NONE',  ( 11.38312664039872324, 2.134116769851214901, -9.036401912197849384 ) ) ;
#29 = VERTEX_POINT ( 'NONE', #2825 ) ;
#30 = DIRECTION ( 'NONE',  ( -1.000000000000000000, 0.000000000000000000, 0.000000000000000000 ) ) ;
#31 = CARTESIAN_POINT ( 'NONE',  ( 11.31361480903239247, 2.240603664208785428, -0.6238699738322093236 ) ) ;
#32 = CARTESIAN_POINT ( 'NONE',  ( 7.586546223265268729, -0.8839745962155610703, -6.500000000000000000 ) ) ;
#33 = ORIENTED_EDGE ( 'NONE', *, *, #547, .F. ) ;
#34 = AXIS2_PLACEMENT_3D ( 'NONE', #491, #4, #461 ) ;
#35 = CARTESIAN_POINT ( 'NONE',  ( 9.096873642484538891, 2.750000000000000000, -9.000000000000001776 ) ) ;
#36 = ADVANCED_FACE ( 'NONE', ( #417 ), #1749, .F. ) ;
#37 = DIRECTION ( 'NONE',  ( 1.224646799147353207E-16, 1.000000000000000000, 0.000000000000000000 ) ) ;
#38 = EDGE_CURVE ( 'NONE', #2084, #57, #1183, .T. ) ;
#39 = LINE ( 'NONE', #915, #1011 ) ;
#40 = CARTESIAN_POINT ( 'NONE',  ( 10.99486167955432414, 2.651676031463895633, -9.702208285537704313 ) ) ;
#41 = CARTESIAN_POINT ( 'NONE',  ( -4.000999999999999446, 0.8839745962155614034, -8.500000000000000000 ) ) ;
#42 = ORIENTED_EDGE ( 'NONE', *, *, #2543, .T. ) ;
#43 = LINE ( 'NONE', #2264, #84 ) ;
#44 = CARTESIAN_POINT ( 'NONE',  ( 2.400000000000002132, -0.2992877153422828229, -0.1999999999999960976 ) ) ;
#45 = CARTESIAN_POINT ( 'NONE',  ( 11.08429150164909061, 2.547152376426812914, -9.657285615824635627 ) ) ;
#46 = ORIENTED_EDGE ( 'NONE', *, *, #12, .F. ) ;
#47 = DIRECTION ( 'NONE',  ( 0.000000000000000000, 0.000000000000000000, 1.000000000000000000 ) ) ;
#48 = CIRCLE ( 'NONE', #378, 3.000000000000000000 ) ;
#49 = CARTESIAN_POINT ( 'NONE',  ( -4.000999999999999446, -1.749999999999999334, -9.000000000000001776 ) ) ;
#50 = FACE_OUTER_BOUND ( 'NONE', #774, .T. ) ;
#51 = ORIENTED_EDGE ( 'NONE', *, *, #2379, .T. ) ;
#52 = DIRECTION ( 'NONE',  ( 0.000000000000000000, 0.8660254037844382635, 0.5000000000000004441 ) ) ;
#53 = VECTOR ( 'NONE', #1917, 1000.000000000000000 ) ;
#54 = EDGE_CURVE ( 'NONE', #1512, #1239, #2054, .T. ) ;
#55 = CARTESIAN_POINT ( 'NONE',  ( 11.08816809964194050, 1.919911250770142574, -9.558742033971531882 ) ) ;
#56 = CIRCLE ( 'NONE', #2371, 1.000000000000000000 ) ;
#57 = VERTEX_POINT ( 'NONE', #1304 ) ;
#58 = CARTESIAN_POINT ( 'NONE',  ( 2.800000000000002931, 2.449293598294703456E-16, -10.00000000000000000 ) ) ;
#59 = DIRECTION ( 'NONE',  ( 1.000000000000000000, 0.000000000000000000, -0.000000000000000000 ) ) ;
#60 = CARTESIAN_POINT ( 'NONE',  ( 10.81248103219981083, 2.844988285009025120, -9.746653197329237628 ) ) ;
#61 = ORIENTED_EDGE ( 'NONE', *, *, #2854, .T. ) ;
#62 = CARTESIAN_POINT ( 'NONE',  ( 4.800000000000000711, 0.000000000000000000, -0.9999999999999991118 ) ) ;
#63 = CARTESIAN_POINT ( 'NONE',  ( 10.87696061604938791, 2.290625538999548017, -0.1112233196898025772 ) ) ;
#64 = CARTESIAN_POINT ( 'NONE',  ( 8.460311865238923090, 1.750000000000000000, -8.000000000000000000 ) ) ;
#65 = ORIENTED_EDGE ( 'NONE', *, *, #428, .T. ) ;
#66 = CARTESIAN_POINT ( 'NONE',  ( 9.096873642484538891, 1.750000000000000000, -3.000000000000000000 ) ) ;
#67 = DIRECTION ( 'NONE',  ( 1.000000000000000000, 0.000000000000000000, 0.000000000000000000 ) ) ;
#68 = CARTESIAN_POINT ( 'NONE',  ( 0.000000000000000000, 1.750000000000000000, -10.00000000000000000 ) ) ;
#69 = EDGE_LOOP ( 'NONE', ( #306, #496, #1801, #2187, #1869 ) ) ;
#70 = EDGE_CURVE ( 'NONE', #1281, #1239, #1292, .T. ) ;
#71 = DIRECTION ( 'NONE',  ( 1.000000000000000000, 0.000000000000000000, 0.000000000000000000 ) ) ;
#72 = CARTESIAN_POINT ( 'NONE',  ( 10.80648720777316285, 2.399642686324178431, -0.06326361297416795149 ) ) ;
#73 = CARTESIAN_POINT ( 'NONE',  ( 11.16088962629149783, 1.773655145524518861, -9.216452456218375389 ) ) ;
#74 = VERTEX_POINT ( 'NONE', #198 ) ;
#75 = CARTESIAN_POINT ( 'NONE',  ( 9.096873642484538891, 1.750000000000000000, -5.000000000000000888 ) ) ;
#76 = CARTESIAN_POINT ( 'NONE',  ( 11.32283136222662456, -2.226850665367353432, -0.6478530704933377349 ) ) ;
#77 = CARTESIAN_POINT ( 'NONE',  ( 10.99425453867020153, -2.093559034959791010, -9.754547414592972032 ) ) ;
#78 = ORIENTED_EDGE ( 'NONE', *, *, #269, .T. ) ;
#79 = CARTESIAN_POINT ( 'NONE',  ( 7.074532373789477191, 0.3237636702892487395, -9.708040315268085862 ) ) ;
#80 = PLANE ( 'NONE',  #2845 ) ;
#81 = AXIS2_PLACEMENT_3D ( 'NONE', #1097, #911, #885 ) ;
#82 = EDGE_CURVE ( 'NONE', #1289, #2507, #2602, .T. ) ;
#83 = CARTESIAN_POINT ( 'NONE',  ( 10.71947707391615268, 2.933333333333333126, -0.2500000000000002220 ) ) ;
#84 = VECTOR ( 'NONE', #1188, 1000.000000000000000 ) ;
#85 = ORIENTED_EDGE ( 'NONE', *, *, #858, .T. ) ;
#86 = DIRECTION ( 'NONE',  ( 0.000000000000000000, 0.7071067811865512365, 0.7071067811865439090 ) ) ;
#87 = DIRECTION ( 'NONE',  ( 1.000000000000000000, 0.000000000000000000, 0.000000000000000000 ) ) ;
#88 = ADVANCED_FACE ( 'NONE', ( #1969 ), #655, .T. ) ;
#89 = VERTEX_POINT ( 'NONE', #186 ) ;
#90 = DIRECTION ( 'NONE',  ( 0.000000000000000000, 0.000000000000000000, 1.000000000000000000 ) ) ;
#91 = CARTESIAN_POINT ( 'NONE',  ( 10.74998846346926662, 2.482901736204980114, -0.03592305260410835754 ) ) ;
#92 = CARTESIAN_POINT ( 'NONE',  ( 0.000000000000000000, 3.749999999999993783, -10.00000000000000000 ) ) ;
#93 = ORIENTED_EDGE ( 'NONE', *, *, #948, .T. ) ;
#94 = CARTESIAN_POINT ( 'NONE',  ( -4.000999999999999446, -0.8839745962155610703, -2.499999999999999556 ) ) ;
#95 = LINE ( 'NONE', #2113, #285 ) ;
#96 = DIRECTION ( 'NONE',  ( 1.000000000000000000, 0.000000000000000000, 0.000000000000000000 ) ) ;
#97 = AXIS2_PLACEMENT_3D ( 'NONE', #250, #37, #2053 ) ;
#98 = ORIENTED_EDGE ( 'NONE', *, *, #947, .F. ) ;
#99 = CARTESIAN_POINT ( 'NONE',  ( 11.59687364248453889, 1.749999999999999334, -8.000000000000000000 ) ) ;
#100 = VECTOR ( 'NONE', #2588, 1000.000000000000000 ) ;
#101 = VERTEX_POINT ( 'NONE', #1494 ) ;
#102 = CARTESIAN_POINT ( 'NONE',  ( 9.100615209038403819, 3.654558044438762199, -5.120323041807672837 ) ) ;
#103 = CARTESIAN_POINT ( 'NONE',  ( 11.16356812877850935, 1.768053924134077803, -0.8098806772553017730 ) ) ;
#104 = CARTESIAN_POINT ( 'NONE',  ( 7.586546223265272282, 0.8839745962155614034, -8.500000000000000000 ) ) ;
#105 = ORIENTED_EDGE ( 'NONE', *, *, #821, .F. ) ;
#106 = CARTESIAN_POINT ( 'NONE',  ( 7.101095856714717769, 1.505113138394671202, -9.969035775746569072 ) ) ;
#107 = CARTESIAN_POINT ( 'NONE',  ( 8.000000000000000000, -3.750000000000001776, 0.000000000000000000 ) ) ;
#108 = DIRECTION ( 'NONE',  ( -0.4193139346887666541, -0.9078412990032039831, 0.000000000000000000 ) ) ;
#109 = CARTESIAN_POINT ( 'NONE',  ( 10.97977958572392687, 2.118992649904105630, -9.775968289607279260 ) ) ;
#110 = FACE_OUTER_BOUND ( 'NONE', #953, .T. ) ;
#111 = ADVANCED_FACE ( 'NONE', ( #1528 ), #2868, .T. ) ;
#112 = ORIENTED_EDGE ( 'NONE', *, *, #2183, .F. ) ;
#113 = CARTESIAN_POINT ( 'NONE',  ( 11.29863304197744256, -2.262546218000640152, -9.408944325625245853 ) ) ;
#114 = EDGE_CURVE ( 'NONE', #642, #700, #2197, .T. ) ;
#115 = ORIENTED_EDGE ( 'NONE', *, *, #2595, .F. ) ;
#116 = VECTOR ( 'NONE', #522, 1000.000000000000000 ) ;
#117 = DIRECTION ( 'NONE',  ( 0.000000000000000000, -0.000000000000000000, -1.000000000000000000 ) ) ;
#118 = CARTESIAN_POINT ( 'NONE',  ( 11.13130451966505063, -1.834539599677593724, -0.5959355165593716031 ) ) ;
#119 = LINE ( 'NONE', #92, #640 ) ;
#120 = ORIENTED_EDGE ( 'NONE', *, *, #2784, .T. ) ;
#121 = DIRECTION ( 'NONE',  ( 1.000000000000000000, 1.776356839400250465E-15, 0.000000000000000000 ) ) ;
#122 = CARTESIAN_POINT ( 'NONE',  ( 7.077780195566107047, -0.6383491211654226394, -9.772945467776132489 ) ) ;
#123 = LINE ( 'NONE', #1010, #1396 ) ;
#124 = B_SPLINE_CURVE_WITH_KNOTS ( 'NONE', 3,
 ( #2609, #1725, #578, #410, #2565, #1081, #243, #1774, #1550, #646, #2001, #1974 ),
 .UNSPECIFIED., .F., .F.,
 ( 4, 2, 2, 2, 2, 4 ),
 ( 0.001927868493435104958, 0.002407996406752338329, 0.002888124320069572135, 0.003368252233386805506, 0.003608316190045421975, 0.003848380146704038444 ),
 .UNSPECIFIED. ) ;
#125 = EDGE_CURVE ( 'NONE', #197, #1076, #2170, .T. ) ;
#126 = ADVANCED_FACE ( 'NONE', ( #1720 ), #1677, .T. ) ;
#127 = ORIENTED_EDGE ( 'NONE', *, *, #1389, .F. ) ;
#128 = AXIS2_PLACEMENT_3D ( 'NONE', #2524, #1850, #560 ) ;
#129 = AXIS2_PLACEMENT_3D ( 'NONE', #68, #785, #801 ) ;
#130 = CARTESIAN_POINT ( 'NONE',  ( 11.11172097216411636, -2.513444345749775266, -9.638508371128780894 ) ) ;
#131 = EDGE_LOOP ( 'NONE', ( #1411, #440, #984, #2061 ) ) ;
#132 = CARTESIAN_POINT ( 'NONE',  ( 11.07589039335925563, -1.943476532276300794, -0.4085313561660653403 ) ) ;
#133 = CARTESIAN_POINT ( 'NONE',  ( 10.68185038053392866, -2.578183457860812489, -9.985216041679622734 ) ) ;
#134 = EDGE_LOOP ( 'NONE', ( #689, #1654, #1565, #2426 ) ) ;
#135 = CARTESIAN_POINT ( 'NONE',  ( 11.11526582072664660, -1.866721043606140107, -0.5296865198059251822 ) ) ;
#136 = DIRECTION ( 'NONE',  ( 0.4310924587192378477, -0.7814214413660224290, 0.4511538795232178933 ) ) ;
#137 = CARTESIAN_POINT ( 'NONE',  ( 11.19672259486930344, 1.795021304436666965, -9.025993062235777131 ) ) ;
#138 = DIRECTION ( 'NONE',  ( 0.000000000000000000, 0.000000000000000000, 1.000000000000000000 ) ) ;
#139 = AXIS2_PLACEMENT_3D ( 'NONE', #1476, #2164, #2347 ) ;
#140 = ADVANCED_FACE ( 'NONE', ( #2364 ), #379, .T. ) ;
#141 = B_SPLINE_CURVE_WITH_KNOTS ( 'NONE', 3,
 ( #2710, #211, #1131, #946, #2229, #1379 ),
 .UNSPECIFIED., .F., .F.,
 ( 4, 2, 4 ),
 ( -6.454976580825061114E-06, 0.0009073817498810238854, 0.001821218476342872797 ),
 .UNSPECIFIED. ) ;
#142 = VERTEX_POINT ( 'NONE', #2725 ) ;
#143 = CARTESIAN_POINT ( 'NONE',  ( 11.34211418713148234, -2.197799099831094782, -9.295317300651104730 ) ) ;
#144 = EDGE_CURVE ( 'NONE', #2531, #1032, #326, .T. ) ;
#145 = VERTEX_POINT ( 'NONE', #1586 ) ;
#146 = CARTESIAN_POINT ( 'NONE',  ( 10.99393308613886155, -2.094131162840024984, -0.2449421987455541461 ) ) ;
#147 = CARTESIAN_POINT ( 'NONE',  ( 0.000000000000000000, -2.750000000000000000, -10.00000000000000000 ) ) ;
#148 = ORIENTED_EDGE ( 'NONE', *, *, #1164, .F. ) ;
#149 = DIRECTION ( 'NONE',  ( 1.000000000000000000, 0.000000000000000000, 0.000000000000000000 ) ) ;
#150 = CARTESIAN_POINT ( 'NONE',  ( 7.586546223265272282, 0.8839745962155614034, -6.500000000000000888 ) ) ;
#151 = LINE ( 'NONE', #2852, #2132 ) ;
#152 = B_SPLINE_CURVE_WITH_KNOTS ( 'NONE', 3,
 ( #619, #2344, #2138, #1916, #1673, #1009, #2835, #1891, #2822, #2793, #1448, #1021, #825, #386, #1500, #399, #1286, #1877, #779, #1656, #564, #357, #796, #2568, #580, #1461, #135, #1903, #1760, #1513 ),
 .UNSPECIFIED., .F., .F.,
 ( 4, 1, 2, 2, 1, 2, 2, 2, 2, 2, 2, 2, 2, 2, 2, 4 ),
 ( 0.000000000000000000, 0.06250000000000364986, 0.09375000000000446865, 0.1250000000000053013, 0.1875000000000069389, 0.2187500000000077716, 0.2500000000000086042, 0.3125000000000080491, 0.3750000000000074385, 0.4375000000000068834, 0.4687500000000066058, 0.5000000000000063283, 0.6250000000000056621, 0.6875000000000048850, 0.7500000000000039968, 1.000000000000000000 ),
 .UNSPECIFIED. ) ;
#153 = AXIS2_PLACEMENT_3D ( 'NONE', #1688, #1699, #2124 ) ;
#154 = DIRECTION ( 'NONE',  ( 0.000000000000000000, 0.000000000000000000, 1.000000000000000000 ) ) ;
#155 = DIRECTION ( 'NONE',  ( 0.000000000000000000, 0.000000000000000000, -1.000000000000000000 ) ) ;
#156 = CARTESIAN_POINT ( 'NONE',  ( 10.90074751004644327, -2.754387130617064194, -9.731333894482386171 ) ) ;
#157 = EDGE_CURVE ( 'NONE', #2834, #1339, #1055, .T. ) ;
#158 = VERTEX_POINT ( 'NONE', #1614 ) ;
#159 = CARTESIAN_POINT ( 'NONE',  ( 11.27504335051715323, -2.296563434574646401, -0.5458008476997152636 ) ) ;
#160 = CARTESIAN_POINT ( 'NONE',  ( 10.59317794429283843, -2.696020646831604139, -10.00000000000000178 ) ) ;
#161 = VERTEX_POINT ( 'NONE', #1835 ) ;
#162 = FACE_OUTER_BOUND ( 'NONE', #778, .T. ) ;
#163 = CARTESIAN_POINT ( 'NONE',  ( 11.35504202454770351, -2.178002069218221148, -9.247107313676659501 ) ) ;
#164 = DIRECTION ( 'NONE',  ( -1.000000000000000000, 1.224646799147352961E-16, 0.000000000000000000 ) ) ;
#165 = CIRCLE ( 'NONE', #542, 1.749999999999999778 ) ;
#166 = FACE_OUTER_BOUND ( 'NONE', #1397, .T. ) ;
#167 = FACE_OUTER_BOUND ( 'NONE', #1419, .T. ) ;
#168 = EDGE_CURVE ( 'NONE', #830, #158, #2713, .T. ) ;
#169 = ORIENTED_EDGE ( 'NONE', *, *, #2578, .F. ) ;
#170 = DIRECTION ( 'NONE',  ( 1.000000000000000000, 0.000000000000000000, 0.000000000000000000 ) ) ;
#171 = AXIS2_PLACEMENT_3D ( 'NONE', #1579, #1960, #1538 ) ;
#172 = EDGE_LOOP ( 'NONE', ( #2358, #2760, #2321 ) ) ;
#173 = CARTESIAN_POINT ( 'NONE',  ( 9.096873642484538891, 1.750000000000000000, -10.00000000000000000 ) ) ;
#174 = CARTESIAN_POINT ( 'NONE',  ( 11.21577603957145008, -2.378851609611532858, -0.4592237371109157418 ) ) ;
#175 = TOROIDAL_SURFACE ( 'NONE', #1386, 2.999999999999997335, 1.000000000000000000 ) ;
#176 = EDGE_CURVE ( 'NONE', #2553, #1026, #2257, .T. ) ;
#177 = DIRECTION ( 'NONE',  ( 0.000000000000000000, -0.8660254037844385966, -0.5000000000000001110 ) ) ;
#178 = ORIENTED_EDGE ( 'NONE', *, *, #1929, .F. ) ;
#179 = EDGE_CURVE ( 'NONE', #694, #1137, #1393, .T. ) ;
#180 = CARTESIAN_POINT ( 'NONE',  ( 7.115709601361630554, 1.907220239553246488, -10.00000000000000000 ) ) ;
#181 = CARTESIAN_POINT ( 'NONE',  ( 7.799999999999998046, 0.000000000000000000, -9.000000000000001776 ) ) ;
#182 = LINE ( 'NONE', #1947, #2513 ) ;
#183 = CARTESIAN_POINT ( 'NONE',  ( 0.000000000000000000, 0.000000000000000000, 0.000000000000000000 ) ) ;
#184 = CARTESIAN_POINT ( 'NONE',  ( 8.000000000000000000, 4.000000000000000000, -0.2500000000000002220 ) ) ;
#185 = CIRCLE ( 'NONE', #1808, 1.000000000000000000 ) ;
#186 = CARTESIAN_POINT ( 'NONE',  ( 11.19687364248454209, 0.8839745962155612924, -6.500000000000000888 ) ) ;
#187 = CARTESIAN_POINT ( 'NONE',  ( 10.84631457230948470, -2.338740789291301247, -9.911656760525675125 ) ) ;
#188 = ORIENTED_EDGE ( 'NONE', *, *, #2509, .F. ) ;
#189 = VECTOR ( 'NONE', #2572, 1000.000000000000000 ) ;
#190 = CARTESIAN_POINT ( 'NONE',  ( 7.908091617554958930, 1.433355571187561850, -8.817185253787746646 ) ) ;
#191 = DIRECTION ( 'NONE',  ( -0.000000000000000000, 0.000000000000000000, 1.000000000000000000 ) ) ;
#192 = ORIENTED_EDGE ( 'NONE', *, *, #482, .T. ) ;
#193 = CARTESIAN_POINT ( 'NONE',  ( -3.750000000000001776, 0.000000000000000000, 0.000000000000000000 ) ) ;
#194 = CARTESIAN_POINT ( 'NONE',  ( 10.87151231925518502, 2.784838652339717058, -0.2627517743745734213 ) ) ;
#195 = LINE ( 'NONE', #1965, #365 ) ;
#196 = VECTOR ( 'NONE', #1706, 1000.000000000000000 ) ;
#197 = VERTEX_POINT ( 'NONE', #1420 ) ;
#198 = CARTESIAN_POINT ( 'NONE',  ( 11.35504202454770351, -2.178002069218221148, -9.247107313676659501 ) ) ;
#199 = CARTESIAN_POINT ( 'NONE',  ( 11.10278260301502939, -1.891361117168016914, -9.512934775445764046 ) ) ;
#200 = VERTEX_POINT ( 'NONE', #754 ) ;
#201 = DIRECTION ( 'NONE',  ( 1.000000000000000000, 0.000000000000000000, 0.000000000000000000 ) ) ;
#202 = CARTESIAN_POINT ( 'NONE',  ( 11.35504202454770351, -2.178002069218221148, -9.247107313676659501 ) ) ;
#203 = ORIENTED_EDGE ( 'NONE', *, *, #2671, .F. ) ;
#204 = CARTESIAN_POINT ( 'NONE',  ( 9.445442795245302392, 2.907984420486655175, -2.310711440950943718 ) ) ;
#205 = CARTESIAN_POINT ( 'NONE',  ( 11.37253278966505832, 2.150822989787640971, -0.8433762978984800096 ) ) ;
#206 = PLANE ( 'NONE',  #2545 ) ;
#207 = EDGE_CURVE ( 'NONE', #282, #385, #617, .T. ) ;
#208 = FACE_OUTER_BOUND ( 'NONE', #2596, .T. ) ;
#209 = EDGE_CURVE ( 'NONE', #1013, #240, #2480, .T. ) ;
#210 = DIRECTION ( 'NONE',  ( 0.000000000000000000, 0.000000000000000000, 1.000000000000000000 ) ) ;
#211 = CARTESIAN_POINT ( 'NONE',  ( 2.400000000000002132, -1.495387553174719830, -10.00000000000000000 ) ) ;
#212 = CARTESIAN_POINT ( 'NONE',  ( 10.99702646329673250, -2.088656596802038745, -9.750291516114232948 ) ) ;
#213 = ORIENTED_EDGE ( 'NONE', *, *, #209, .F. ) ;
#214 = CARTESIAN_POINT ( 'NONE',  ( 11.15559731259096488, 1.784696982185355107, -0.7362102231717595480 ) ) ;
#215 = CARTESIAN_POINT ( 'NONE',  ( 10.86343883105639030, -2.793079928191955386, -9.738577457415964034 ) ) ;
#216 = EDGE_LOOP ( 'NONE', ( #15, #203, #2865, #2238 ) ) ;
#217 = FACE_OUTER_BOUND ( 'NONE', #991, .T. ) ;
#218 = AXIS2_PLACEMENT_3D ( 'NONE', #2843, #1077, #2384 ) ;
#219 = CARTESIAN_POINT ( 'NONE',  ( 11.24385556626731919, 2.340501851372541076, -0.4957621373277522059 ) ) ;
#220 = LINE ( 'NONE', #1978, #1557 ) ;
#221 = CARTESIAN_POINT ( 'NONE',  ( 11.05187529609704988, 1.988861772323982313, -9.648839851647984744 ) ) ;
#222 = LINE ( 'NONE', #2040, #2691 ) ;
#223 = DIRECTION ( 'NONE',  ( 1.000000000000000000, 0.000000000000000000, 0.000000000000000000 ) ) ;
#224 = ORIENTED_EDGE ( 'NONE', *, *, #622, .F. ) ;
#225 = CARTESIAN_POINT ( 'NONE',  ( 11.24263648255932502, 1.877777777777777990, -0.9999999999999991118 ) ) ;
#226 = CARTESIAN_POINT ( 'NONE',  ( 11.05476362633851473, 1.983529757762446888, -0.3567708829853276642 ) ) ;
#227 = CARTESIAN_POINT ( 'NONE',  ( 11.34211418713148412, 2.197799099831093006, -9.295317300651104730 ) ) ;
#228 = VERTEX_POINT ( 'NONE', #1864 ) ;
#229 = CARTESIAN_POINT ( 'NONE',  ( 11.24402313800312392, -2.340270128136495487, -0.4959844953923968069 ) ) ;
#230 = VECTOR ( 'NONE', #1299, 1000.000000000000000 ) ;
#231 = CARTESIAN_POINT ( 'NONE',  ( 11.38249934810266240, 2.135114862879066155, -0.9423695748357304725 ) ) ;
#232 = CARTESIAN_POINT ( 'NONE',  ( 11.38362067745320516, -2.133333333333333748, -1.778682396810643551 ) ) ;
#233 = ORIENTED_EDGE ( 'NONE', *, *, #1880, .T. ) ;
#234 = MANIFOLD_SOLID_BREP ( 'Cut-Extrude1', #840 ) ;
#235 = LINE ( 'NONE', #2690, #1264 ) ;
#236 = EDGE_CURVE ( 'NONE', #2177, #1371, #2497, .T. ) ;
#237 = CARTESIAN_POINT ( 'NONE',  ( 0.000000000000000000, 0.000000000000000000, -10.00000000000000000 ) ) ;
#238 = CARTESIAN_POINT ( 'NONE',  ( -4.000999999999999446, 1.750000000000000000, -4.000000000000000000 ) ) ;
#239 = LINE ( 'NONE', #2540, #2275 ) ;
#240 = VERTEX_POINT ( 'NONE', #2052 ) ;
#241 = CARTESIAN_POINT ( 'NONE',  ( 2.400000000000002132, 1.799999999999997602, 0.000000000000000000 ) ) ;
#242 = CARTESIAN_POINT ( 'NONE',  ( 9.100615209038405595, 3.654558044438757758, -11.12032304180767639 ) ) ;
#243 = CARTESIAN_POINT ( 'NONE',  ( 7.093419849950770129, -1.267205853099621526, -0.07171947376273890562 ) ) ;
#244 = ORIENTED_EDGE ( 'NONE', *, *, #2022, .F. ) ;
#245 = PLANE ( 'NONE',  #1351 ) ;
#246 = CARTESIAN_POINT ( 'NONE',  ( 11.21624548446157377, 2.378300371053346574, -0.4592692178623806187 ) ) ;
#247 = EDGE_CURVE ( 'NONE', #462, #700, #757, .T. ) ;
#248 = CARTESIAN_POINT ( 'NONE',  ( 9.096873642484538891, 0.000000000000000000, -10.00000000000000000 ) ) ;
#249 = VERTEX_POINT ( 'NONE', #374 ) ;
#250 = CARTESIAN_POINT ( 'NONE',  ( 1.800000000000002931, 3.673940397442056417E-16, -0.9999999999999991118 ) ) ;
#251 = CARTESIAN_POINT ( 'NONE',  ( 10.98950819392135969, 2.101942761340846122, -9.761790424849447589 ) ) ;
#252 = DIRECTION ( 'NONE',  ( 1.000000000000000000, 0.000000000000000000, 0.000000000000000000 ) ) ;
#253 = CARTESIAN_POINT ( 'NONE',  ( -2.000000000000000000, 2.449293598294706414E-16, -0.9999999999999991118 ) ) ;
#254 = ADVANCED_FACE ( 'NONE', ( #2597 ), #1246, .T. ) ;
#255 =( BOUNDED_CURVE ( )  B_SPLINE_CURVE ( 3, ( #2418, #2178, #896, #2850 ),
 .UNSPECIFIED., .F., .F. ) 
 B_SPLINE_CURVE_WITH_KNOTS ( ( 4, 4 ),
 ( 4.136595461817956121, 4.259572385639764036 ),
 .UNSPECIFIED. ) 
 CURVE ( )  GEOMETRIC_REPRESENTATION_ITEM ( )  RATIONAL_B_SPLINE_CURVE ( ( 1.000000000000000000, 0.9987401200417563851, 0.9987401200417563851, 1.000000000000000000 ) ) 
 REPRESENTATION_ITEM ( '' )  );
#256 = VERTEX_POINT ( 'NONE', #343 ) ;
#257 = DIRECTION ( 'NONE',  ( -0.000000000000000000, -0.000000000000000000, 1.000000000000000000 ) ) ;
#258 = B_SPLINE_CURVE_WITH_KNOTS ( 'NONE', 3,
 ( #1584, #2255, #265, #1158, #2034, #1526, #2420, #430, #1316, #2194, #1179, #1832, #1625, #2778, #2316, #2050, #1221, #1446, #1194, #2495, #2083, #532, #309, #2270 ),
 .UNSPECIFIED., .F., .F.,
 ( 4, 2, 2, 2, 2, 2, 2, 2, 2, 2, 2, 4 ),
 ( 0.000000000000000000, 0.06250000000000016653, 0.1250000000000003331, 0.1875000000000004996, 0.2500000000000006661, 0.3125000000000008327, 0.3750000000000009992, 0.4375000000000011657, 0.5000000000000013323, 0.6250000000000009992, 0.7500000000000006661, 1.000000000000000000 ),
 .UNSPECIFIED. ) ;
#259 = CARTESIAN_POINT ( 'NONE',  ( 10.76967224281198732, 2.454353146015100240, -0.04429641001982880660 ) ) ;
#260 = CARTESIAN_POINT ( 'NONE',  ( 11.09246847685386861, 1.911516105834141666, -9.545259100833598964 ) ) ;
#261 = ORIENTED_EDGE ( 'NONE', *, *, #786, .T. ) ;
#262 = CARTESIAN_POINT ( 'NONE',  ( -4.000999999999999446, 0.8839745962155614034, -6.500000000000000888 ) ) ;
#263 = ADVANCED_FACE ( 'NONE', ( #2331 ), #602, .T. ) ;
#264 = CARTESIAN_POINT ( 'NONE',  ( 11.15526623461419042, 1.785371189761505217, -0.7357208488808801850 ) ) ;
#265 = CARTESIAN_POINT ( 'NONE',  ( 10.76479926801270715, 2.890814607560943106, -0.2507957097683625181 ) ) ;
#266 = ORIENTED_EDGE ( 'NONE', *, *, #2548, .F. ) ;
#267 = AXIS2_PLACEMENT_3D ( 'NONE', #1995, #6, #2869 ) ;
#268 =( NAMED_UNIT ( * ) SI_UNIT ( $, .STERADIAN. ) SOLID_ANGLE_UNIT ( ) );
#269 = EDGE_CURVE ( 'NONE', #642, #2590, #2231, .T. ) ;
#270 = CARTESIAN_POINT ( 'NONE',  ( 10.94221758610424189, 2.183450123691978995, -9.824195353978529610 ) ) ;
#271 = DIRECTION ( 'NONE',  ( -0.9078412990032039831, 0.4193139346887666541, 0.000000000000000000 ) ) ;
#272 = ORIENTED_EDGE ( 'NONE', *, *, #157, .F. ) ;
#273 = DIRECTION ( 'NONE',  ( -1.000000000000000000, 0.000000000000000000, -0.000000000000000000 ) ) ;
#274 = CARTESIAN_POINT ( 'NONE',  ( 7.115709601361630554, 1.907220239553246488, 0.000000000000000000 ) ) ;
#275 = CARTESIAN_POINT ( 'NONE',  ( 10.97501000364725066, 2.673865442501297096, -9.709550638820873658 ) ) ;
#276 = AXIS2_PLACEMENT_3D ( 'NONE', #1033, #2788, #775 ) ;
#277 = VERTEX_POINT ( 'NONE', #1261 ) ;
#278 = DIRECTION ( 'NONE',  ( 1.000000000000000000, 0.000000000000000000, 0.000000000000000000 ) ) ;
#279 = AXIS2_PLACEMENT_3D ( 'NONE', #2732, #540, #702 ) ;
#280 = CARTESIAN_POINT ( 'NONE',  ( 11.35732497616719350, -2.174489555706262678, -0.7621214722770802696 ) ) ;
#281 = CARTESIAN_POINT ( 'NONE',  ( 11.13861841867145941, -1.819657126336097219, -9.368570093821723788 ) ) ;
#282 = VERTEX_POINT ( 'NONE', #1037 ) ;
#283 = DIRECTION ( 'NONE',  ( -0.4310924587192376811, -0.7814214413660222069, -0.4511538795232183929 ) ) ;
#284 = LINE ( 'NONE', #1210, #940 ) ;
#285 = VECTOR ( 'NONE', #345, 1000.000000000000114 ) ;
#286 = LINE ( 'NONE', #990, #116 ) ;
#287 = LINE ( 'NONE', #2771, #2832 ) ;
#288 = ORIENTED_EDGE ( 'NONE', *, *, #2262, .T. ) ;
#289 = DIRECTION ( 'NONE',  ( 1.000000000000000000, 0.000000000000000000, 0.000000000000000000 ) ) ;
#290 = CARTESIAN_POINT ( 'NONE',  ( 10.71256669968242647, 2.535785599507506927, -0.02311174368061611611 ) ) ;
#291 = CARTESIAN_POINT ( 'NONE',  ( 10.94351054486079988, 2.708503199157159980, -9.719861538574399162 ) ) ;
#292 = ORIENTED_EDGE ( 'NONE', *, *, #2183, .T. ) ;
#293 = FACE_OUTER_BOUND ( 'NONE', #2862, .T. ) ;
#294 = CARTESIAN_POINT ( 'NONE',  ( 11.07611592898068231, 1.943140048197394387, -0.4082301877142577862 ) ) ;
#295 = ADVANCED_FACE ( 'NONE', ( #162 ), #669, .T. ) ;
#296 = FACE_OUTER_BOUND ( 'NONE', #1434, .T. ) ;
#297 = ORIENTED_EDGE ( 'NONE', *, *, #1756, .F. ) ;
#298 = DIRECTION ( 'NONE',  ( 0.000000000000000000, 0.000000000000000000, 1.000000000000000000 ) ) ;
#299 = CARTESIAN_POINT ( 'NONE',  ( 10.63323988566456890, 2.643291431551304971, -9.994377965719756673 ) ) ;
#300 = EDGE_CURVE ( 'NONE', #2798, #2779, #1410, .T. ) ;
#301 = ADVANCED_FACE ( 'NONE', ( #2611 ), #2666, .T. ) ;
#302 = EDGE_LOOP ( 'NONE', ( #1321, #976, #1149, #613, #1342, #127 ) ) ;
#303 = DIRECTION ( 'NONE',  ( -0.3713906763541029443, 0.8040844011283461157, 0.4642383454426302625 ) ) ;
#304 = DIRECTION ( 'NONE',  ( 0.000000000000000000, 0.000000000000000000, 1.000000000000000000 ) ) ;
#305 = CARTESIAN_POINT ( 'NONE',  ( 11.11172097216411636, 2.513444345749775266, -9.638508371128779117 ) ) ;
#306 = ORIENTED_EDGE ( 'NONE', *, *, #2112, .F. ) ;
#307 = CARTESIAN_POINT ( 'NONE',  ( -4.000000000000000000, 0.000000000000000000, -0.2500000000000002220 ) ) ;
#308 = CARTESIAN_POINT ( 'NONE',  ( 10.63254858388898505, 2.644951837282611073, -0.004044437010586105462 ) ) ;
#309 = CARTESIAN_POINT ( 'NONE',  ( 11.38356324123812513, 2.133424431316917058, -0.8841623221354352191 ) ) ;
#310 = ORIENTED_EDGE ( 'NONE', *, *, #2716, .T. ) ;
#311 =( LENGTH_UNIT ( ) NAMED_UNIT ( * ) SI_UNIT ( .MILLI., .METRE. ) );
#312 = DIRECTION ( 'NONE',  ( 0.000000000000000000, -1.000000000000000000, 0.000000000000000000 ) ) ;
#313 = DIRECTION ( 'NONE',  ( 0.3713906763541028888, 0.8040844011283462267, -0.4642383454426300959 ) ) ;
#314 = CIRCLE ( 'NONE', #688, 3.750000000000001776 ) ;
#315 = CARTESIAN_POINT ( 'NONE',  ( 7.908091617554957153, -1.433355571187562072, -2.817185253787743093 ) ) ;
#316 = CIRCLE ( 'NONE', #218, 1.000000000000000000 ) ;
#317 = EDGE_CURVE ( 'NONE', #1297, #2027, #2348, .T. ) ;
#318 = ORIENTED_EDGE ( 'NONE', *, *, #1628, .T. ) ;
#319 = LINE ( 'NONE', #2698, #2890 ) ;
#320 = ORIENTED_EDGE ( 'NONE', *, *, #2022, .T. ) ;
#321 = DIRECTION ( 'NONE',  ( 0.000000000000000000, -0.7071067811865512365, 0.7071067811865439090 ) ) ;
#322 = CARTESIAN_POINT ( 'NONE',  ( 10.71156508005778463, 2.537335988749431781, -0.02247241520014057331 ) ) ;
#323 = CARTESIAN_POINT ( 'NONE',  ( 8.000000000000000000, -4.000000000000000000, -0.2500000000000002220 ) ) ;
#324 = AXIS2_PLACEMENT_3D ( 'NONE', #869, #2613, #1052 ) ;
#325 = ORIENTED_EDGE ( 'NONE', *, *, #975, .F. ) ;
#326 = LINE ( 'NONE', #986, #2469 ) ;
#327 = EDGE_CURVE ( 'NONE', #944, #2538, #10, .T. ) ;
#328 = PLANE ( 'NONE',  #2651 ) ;
#329 = CARTESIAN_POINT ( 'NONE',  ( 10.97312311425569042, 2.130570286746994224, -9.785215213037574244 ) ) ;
#330 = CIRCLE ( 'NONE', #1350, 1.000000000000000888 ) ;
#331 = EDGE_CURVE ( 'NONE', #2829, #557, #152, .T. ) ;
#332 = CARTESIAN_POINT ( 'NONE',  ( 4.800000000000000711, 0.000000000000000000, -9.000000000000001776 ) ) ;
#333 = B_SPLINE_CURVE_WITH_KNOTS ( 'NONE', 3,
 ( #1344, #1360, #1762, #443, #2209, #943 ),
 .UNSPECIFIED., .F., .F.,
 ( 4, 2, 4 ),
 ( 0.001821218476342872797, 0.002736631247758206532, 0.003652044019173540483 ),
 .UNSPECIFIED. ) ;
#334 = ORIENTED_EDGE ( 'NONE', *, *, #556, .T. ) ;
#335 = CARTESIAN_POINT ( 'NONE',  ( 11.17241369535500439, -2.436385396278359927, -9.587892356327724741 ) ) ;
#336 = VECTOR ( 'NONE', #1182, 1000.000000000000000 ) ;
#337 = ORIENTED_EDGE ( 'NONE', *, *, #821, .T. ) ;
#338 = CARTESIAN_POINT ( 'NONE',  ( 8.000000000000000000, -3.749999999999993783, -10.00000000000000000 ) ) ;
#339 = CARTESIAN_POINT ( 'NONE',  ( 11.15031512448693540, -1.795622162777089637, -0.7007965001404955485 ) ) ;
#340 = ADVANCED_FACE ( 'NONE', ( #1991 ), #908, .T. ) ;
#341 = CARTESIAN_POINT ( 'NONE',  ( 10.95857911656067074, -2.155773461850562178, -9.804932107183025991 ) ) ;
#342 = ORIENTED_EDGE ( 'NONE', *, *, #247, .T. ) ;
#343 = CARTESIAN_POINT ( 'NONE',  ( 11.17214438511238228, 1.750000000000000000, -0.9999999999999991118 ) ) ;
#344 = EDGE_CURVE ( 'NONE', #161, #2632, #2227, .T. ) ;
#345 = DIRECTION ( 'NONE',  ( 0.3713906763541031109, 0.8040844011283466708, -0.4642383454426294298 ) ) ;
#346 = CARTESIAN_POINT ( 'NONE',  ( 7.073436821242268913, 9.289898083947400112E-17, -0.3129003367243836653 ) ) ;
#347 = CARTESIAN_POINT ( 'NONE',  ( 10.72280999112428646, 2.521720893435960953, -9.974304761929003504 ) ) ;
#348 = CARTESIAN_POINT ( 'NONE',  ( 10.79162672913324172, 2.865196565889843949, -9.748033782726624352 ) ) ;
#349 = ORIENTED_EDGE ( 'NONE', *, *, #350, .F. ) ;
#350 = EDGE_CURVE ( 'NONE', #74, #2610, #255, .T. ) ;
#351 = CARTESIAN_POINT ( 'NONE',  ( 11.38312664039872324, -2.134116769851213125, -9.036401912197849384 ) ) ;
#352 = EDGE_LOOP ( 'NONE', ( #795, #2146, #1302, #1256, #1123, #1486 ) ) ;
#353 = PLANE ( 'NONE',  #653 ) ;
#354 = CARTESIAN_POINT ( 'NONE',  ( 10.94936542555790737, -2.171346586946704349, -0.1842703569743971148 ) ) ;
#355 = CARTESIAN_POINT ( 'NONE',  ( 10.69276449485505331, -2.563236517187770680, -9.982506121009098621 ) ) ;
#356 = ORIENTED_EDGE ( 'NONE', *, *, #914, .T. ) ;
#357 = CARTESIAN_POINT ( 'NONE',  ( 11.01678460907498369, -2.054004879124508687, -0.2786456676395071552 ) ) ;
#358 = EDGE_CURVE ( 'NONE', #1339, #2563, #1314, .T. ) ;
#359 = FACE_OUTER_BOUND ( 'NONE', #1830, .T. ) ;
#360 = CARTESIAN_POINT ( 'NONE',  ( 11.22263926200019135, 1.844574473511353840, -9.054602597740249337 ) ) ;
#361 = LINE ( 'NONE', #1936, #1734 ) ;
#362 = EDGE_CURVE ( 'NONE', #228, #2590, #2877, .T. ) ;
#363 = EDGE_CURVE ( 'NONE', #277, #2706, #664, .T. ) ;
#364 = ORIENTED_EDGE ( 'NONE', *, *, #1086, .T. ) ;
#365 = VECTOR ( 'NONE', #1804, 1000.000000000000000 ) ;
#366 = VECTOR ( 'NONE', #303, 1000.000000000000000 ) ;
#367 = CARTESIAN_POINT ( 'NONE',  ( 0.000000000000000000, -2.750000000000000000, -0.9999999999999991118 ) ) ;
#368 = EDGE_LOOP ( 'NONE', ( #2002, #815, #1613, #772 ) ) ;
#369 = CARTESIAN_POINT ( 'NONE',  ( 0.000000000000000000, 4.000000000000000000, -10.00000000000000000 ) ) ;
#370 = CARTESIAN_POINT ( 'NONE',  ( 10.93272719245684854, -2.720293405405229237, -0.2767799631918380077 ) ) ;
#371 = APPLICATION_CONTEXT ( 'automotive_design' ) ;
#372 = CARTESIAN_POINT ( 'NONE',  ( 6.799999999999998046, 0.000000000000000000, -9.000000000000001776 ) ) ;
#373 = ORIENTED_EDGE ( 'NONE', *, *, #2324, .T. ) ;
#374 = CARTESIAN_POINT ( 'NONE',  ( 10.54950975679639491, 2.750000000000000000, 0.000000000000000000 ) ) ;
#375 = CARTESIAN_POINT ( 'NONE',  ( 11.17214438511238228, 1.750000000000000000, -10.00000000000000000 ) ) ;
#376 = DIRECTION ( 'NONE',  ( -0.000000000000000000, 0.000000000000000000, 1.000000000000000000 ) ) ;
#377 = AXIS2_PLACEMENT_3D ( 'NONE', #587, #1468, #1912 ) ;
#378 = AXIS2_PLACEMENT_3D ( 'NONE', #743, #1799, #1816 ) ;
#379 = PLANE ( 'NONE',  #2329 ) ;
#380 = VECTOR ( 'NONE', #2360, 1000.000000000000000 ) ;
#381 = CARTESIAN_POINT ( 'NONE',  ( 10.74958293481728155, -2.483335958511661001, -9.963903214931624674 ) ) ;
#382 = VERTEX_POINT ( 'NONE', #677 ) ;
#383 = CARTESIAN_POINT ( 'NONE',  ( 10.87120465626034616, -2.785154744840232954, -0.2626978234871692464 ) ) ;
#384 = CARTESIAN_POINT ( 'NONE',  ( 7.586546223265268729, -0.8839745962155610703, -8.500000000000000000 ) ) ;
#385 = VERTEX_POINT ( 'NONE', #180 ) ;
#386 = CARTESIAN_POINT ( 'NONE',  ( 10.85983862668303956, -2.317746179005761853, -0.09774841738703846095 ) ) ;
#387 = DIRECTION ( 'NONE',  ( 0.000000000000000000, 0.000000000000000000, 1.000000000000000000 ) ) ;
#388 = CARTESIAN_POINT ( 'NONE',  ( 11.17214476213271723, 1.750000000000000000, -9.000000000000001776 ) ) ;
#389 = DIRECTION ( 'NONE',  ( 0.000000000000000000, 0.000000000000000000, 1.000000000000000000 ) ) ;
#390 = ADVANCED_FACE ( 'NONE', ( #2460 ), #1272, .T. ) ;
#391 = CARTESIAN_POINT ( 'NONE',  ( 11.22013004160492322, -2.373064024739907740, -9.536007604788203196 ) ) ;
#392 = EDGE_CURVE ( 'NONE', #2538, #462, #854, .T. ) ;
#393 = ORIENTED_EDGE ( 'NONE', *, *, #1882, .F. ) ;
#394 = FACE_OUTER_BOUND ( 'NONE', #790, .T. ) ;
#395 = CARTESIAN_POINT ( 'NONE',  ( 11.14598978726143130, -2.470410602891088381, -0.3882027677304869528 ) ) ;
#396 = DIRECTION ( 'NONE',  ( 0.3713906763541031109, 0.8040844011283466708, -0.4642383454426294298 ) ) ;
#397 = VECTOR ( 'NONE', #2334, 1000.000000000000000 ) ;
#398 = ORIENTED_EDGE ( 'NONE', *, *, #1389, .T. ) ;
#399 = CARTESIAN_POINT ( 'NONE',  ( 10.91025646371867275, -2.236784532551517657, -0.1411488620534541716 ) ) ;
#400 = CARTESIAN_POINT ( 'NONE',  ( 7.109477736465774633, -1.746156079830677221, -9.999999999999998224 ) ) ;
#401 = CARTESIAN_POINT ( 'NONE',  ( 7.586546223265268729, -0.8839745962155610703, -2.499999999999999556 ) ) ;
#402 = DIRECTION ( 'NONE',  ( 0.000000000000000000, -1.000000000000000000, 0.000000000000000000 ) ) ;
#403 = DIRECTION ( 'NONE',  ( 0.000000000000000000, -0.5000000000000004441, 0.8660254037844383745 ) ) ;
#404 = CARTESIAN_POINT ( 'NONE',  ( 10.95034728630090015, -2.169681638700330151, -9.814566723583141084 ) ) ;
#405 = ADVANCED_FACE ( 'NONE', ( #217 ), #803, .T. ) ;
#406 = AXIS2_PLACEMENT_3D ( 'NONE', #2848, #2820, #2399 ) ;
#407 = ORIENTED_EDGE ( 'NONE', *, *, #2493, .T. ) ;
#408 = CARTESIAN_POINT ( 'NONE',  ( 9.096873642484538891, -1.749999999999999334, -3.000000000000000000 ) ) ;
#409 = CARTESIAN_POINT ( 'NONE',  ( 10.87613422007964026, -2.291803177552881987, -0.1110181801417735314 ) ) ;
#410 = CARTESIAN_POINT ( 'NONE',  ( 7.078576380455054107, -0.6402307259329531597, -0.2287193291048405519 ) ) ;
#411 = ADVANCED_FACE ( 'NONE', ( #1343 ), #2222, .T. ) ;
#412 = ORIENTED_EDGE ( 'NONE', *, *, #1631, .F. ) ;
#413 = CARTESIAN_POINT ( 'NONE',  ( 11.06847220359373019, -2.566169877379343767, -0.3332684388870314485 ) ) ;
#414 = CARTESIAN_POINT ( 'NONE',  ( 7.586546223265268729, -0.8839745962155610703, -4.500000000000000000 ) ) ;
#415 = ORIENTED_EDGE ( 'NONE', *, *, #1394, .T. ) ;
#416 = VECTOR ( 'NONE', #304, 1000.000000000000000 ) ;
#417 = FACE_OUTER_BOUND ( 'NONE', #2787, .T. ) ;
#418 = EDGE_CURVE ( 'NONE', #2590, #1695, #1402, .T. ) ;
#419 = EDGE_CURVE ( 'NONE', #970, #2507, #763, .T. ) ;
#420 = CARTESIAN_POINT ( 'NONE',  ( 10.83700056973569481, -2.353164261852025430, -9.918022832429816305 ) ) ;
#421 = ORIENTED_EDGE ( 'NONE', *, *, #2730, .T. ) ;
#422 = CARTESIAN_POINT ( 'NONE',  ( 11.17214438511238228, 1.750000000000000000, -0.9999999999999991118 ) ) ;
#423 = CIRCLE ( 'NONE', #610, 2.999999999999997335 ) ;
#424 = CARTESIAN_POINT ( 'NONE',  ( 10.54950975679639491, -2.750000000000000000, 8.131516293641283255E-16 ) ) ;
#425 = CARTESIAN_POINT ( 'NONE',  ( 10.99409631428408396, -2.652869536075263213, -9.703385666981290569 ) ) ;
#426 = VERTEX_POINT ( 'NONE', #75 ) ;
#427 = CARTESIAN_POINT ( 'NONE',  ( 11.10331019500659444, -2.523928552349421928, -0.3552559206553186910 ) ) ;
#428 = EDGE_CURVE ( 'NONE', #970, #426, #721, .T. ) ;
#429 = CARTESIAN_POINT ( 'NONE',  ( 11.31592072249468117, -2.050480615588800681, -9.173482564296461916 ) ) ;
#430 = CARTESIAN_POINT ( 'NONE',  ( 10.93423653899603565, 2.718666928372434732, -0.2771986299364813111 ) ) ;
#431 = EDGE_CURVE ( 'NONE', #1846, #2123, #1596, .T. ) ;
#432 = VERTEX_POINT ( 'NONE', #2300 ) ;
#433 = EDGE_LOOP ( 'NONE', ( #9, #2046, #2858, #1839 ) ) ;
#434 = CYLINDRICAL_SURFACE ( 'NONE', #922, 2.000000000000000000 ) ;
#435 = DIRECTION ( 'NONE',  ( -0.000000000000000000, 0.000000000000000000, 1.000000000000000000 ) ) ;
#436 = ORIENTED_EDGE ( 'NONE', *, *, #82, .T. ) ;
#437 = CARTESIAN_POINT ( 'NONE',  ( 0.000000000000000000, 4.000000000000000000, -0.2500000000000002220 ) ) ;
#438 = CARTESIAN_POINT ( 'NONE',  ( 0.000000000000000000, 0.000000000000000000, -9.749999999999996447 ) ) ;
#439 = CARTESIAN_POINT ( 'NONE',  ( 11.27479166439670166, 2.296924732925011092, -9.454661871244978144 ) ) ;
#440 = ORIENTED_EDGE ( 'NONE', *, *, #327, .F. ) ;
#441 = CARTESIAN_POINT ( 'NONE',  ( 10.76531335284522584, -2.890838773207908829, -0.2500037915612670081 ) ) ;
#442 = CARTESIAN_POINT ( 'NONE',  ( 11.23156272367811681, -1.862095220852819866, -9.064718205934250150 ) ) ;
#443 = CARTESIAN_POINT ( 'NONE',  ( 2.400000000000001243, 1.196078630320172254, -9.950041303021651018 ) ) ;
#444 = EDGE_CURVE ( 'NONE', #1371, #2829, #572, .T. ) ;
#445 = EDGE_LOOP ( 'NONE', ( #2533, #1174, #393, #2338, #1269, #857, #1447 ) ) ;
#446 = EDGE_CURVE ( 'NONE', #432, #1626, #56, .T. ) ;
#447 = CIRCLE ( 'NONE', #2392, 1.000000000000000000 ) ;
#448 = DIRECTION ( 'NONE',  ( 1.000000000000000000, 0.000000000000000000, 0.000000000000000000 ) ) ;
#449 = CARTESIAN_POINT ( 'NONE',  ( 6.799999999999998046, 0.000000000000000000, -0.9999999999999991118 ) ) ;
#450 = CARTESIAN_POINT ( 'NONE',  ( 9.096873642484538891, 0.000000000000000000, -0.9999999999999991118 ) ) ;
#451 = ORIENTED_EDGE ( 'NONE', *, *, #847, .F. ) ;
#452 = DIRECTION ( 'NONE',  ( 0.000000000000000000, 0.7071067811865451302, 0.7071067811865500152 ) ) ;
#453 = FACE_OUTER_BOUND ( 'NONE', #2470, .T. ) ;
#454 = CARTESIAN_POINT ( 'NONE',  ( 11.33444403949068047, -2.209731655917891668, -9.332354689243052448 ) ) ;
#455 = CIRCLE ( 'NONE', #829, 2.000000000000000000 ) ;
#456 = ORIENTED_EDGE ( 'NONE', *, *, #2440, .T. ) ;
#457 = DIRECTION ( 'NONE',  ( -1.000000000000000000, 0.000000000000000000, 0.000000000000000000 ) ) ;
#458 = ADVANCED_FACE ( 'NONE', ( #293 ), #245, .F. ) ;
#459 = VECTOR ( 'NONE', #273, 1000.000000000000000 ) ;
#460 = CARTESIAN_POINT ( 'NONE',  ( 11.06875799045346653, 2.565833764532090555, -0.3334174897679659244 ) ) ;
#461 = DIRECTION ( 'NONE',  ( 1.000000000000000000, 0.000000000000000000, 0.000000000000000000 ) ) ;
#462 = VERTEX_POINT ( 'NONE', #307 ) ;
#463 = CARTESIAN_POINT ( 'NONE',  ( 11.08709172115790764, 1.921943586094694512, -9.560954683553191558 ) ) ;
#464 = FACE_OUTER_BOUND ( 'NONE', #2580, .T. ) ;
#465 = CARTESIAN_POINT ( 'NONE',  ( 11.07011718537191314, -1.954489249489800073, -9.606215828326510220 ) ) ;
#466 = ORIENTED_EDGE ( 'NONE', *, *, #841, .T. ) ;
#467 = CARTESIAN_POINT ( 'NONE',  ( 9.096873642484538891, 1.750000000000000000, -6.000000000000000000 ) ) ;
#468 = PLANE ( 'NONE',  #2421 ) ;
#469 = CARTESIAN_POINT ( 'NONE',  ( 11.38253787791012073, 2.135050415969106830, -9.051335982975901473 ) ) ;
#470 = ORIENTED_EDGE ( 'NONE', *, *, #2391, .F. ) ;
#471 = CARTESIAN_POINT ( 'NONE',  ( 11.25692322836913206, -2.322258745859302032, -0.5152604814447580006 ) ) ;
#472 = AXIS2_PLACEMENT_3D ( 'NONE', #2810, #811, #387 ) ;
#473 = VECTOR ( 'NONE', #1372, 1000.000000000000000 ) ;
#474 = LINE ( 'NONE', #1541, #2092 ) ;
#475 = CARTESIAN_POINT ( 'NONE',  ( 9.096873642484538891, -1.749999999999999334, -7.000000000000000000 ) ) ;
#476 = ORIENTED_EDGE ( 'NONE', *, *, #490, .F. ) ;
#477 = ADVANCED_FACE ( 'NONE', ( #1192 ), #2239, .F. ) ;
#478 = CARTESIAN_POINT ( 'NONE',  ( -4.000999999999999446, -1.750000000000000000, -6.000000000000000000 ) ) ;
#479 = CARTESIAN_POINT ( 'NONE',  ( 9.096873642484538891, 1.750000000000000000, -2.000000000000000000 ) ) ;
#480 = DIRECTION ( 'NONE',  ( 0.000000000000000000, 0.8660254037844383745, -0.5000000000000004441 ) ) ;
#481 = VERTEX_POINT ( 'NONE', #1205 ) ;
#482 = EDGE_CURVE ( 'NONE', #2210, #2563, #2062, .T. ) ;
#483 = CARTESIAN_POINT ( 'NONE',  ( 2.400000000000001688, 0.2987724386188605474, -0.1999999999999990397 ) ) ;
#484 =( BOUNDED_CURVE ( )  B_SPLINE_CURVE ( 3, ( #1284, #2148, #1889, #1511 ),
 .UNSPECIFIED., .F., .F. ) 
 B_SPLINE_CURVE_WITH_KNOTS ( ( 4, 4 ),
 ( 0.000000000000000000, 1.041265660972694462 ),
 .UNSPECIFIED. ) 
 CURVE ( )  GEOMETRIC_REPRESENTATION_ITEM ( )  RATIONAL_B_SPLINE_CURVE ( ( 1.000000000000000000, 0.9116697100197745929, 0.9116697100197745929, 1.000000000000000000 ) ) 
 REPRESENTATION_ITEM ( '' )  );
#485 = CARTESIAN_POINT ( 'NONE',  ( 2.400000000000001688, -1.196078630320172698, -0.04995869697834710854 ) ) ;
#486 = CARTESIAN_POINT ( 'NONE',  ( 10.75757872879535526, -2.898009500291656604, -9.749996086165921838 ) ) ;
#487 = EDGE_LOOP ( 'NONE', ( #1648, #2279, #2304, #1764 ) ) ;
#488 = DIRECTION ( 'NONE',  ( 1.000000000000000000, 0.000000000000000000, 0.000000000000000000 ) ) ;
#489 = LINE ( 'NONE', #1964, #2182 ) ;
#490 = EDGE_CURVE ( 'NONE', #158, #1392, #707, .T. ) ;
#491 = CARTESIAN_POINT ( 'NONE',  ( 4.800000000000000711, 0.000000000000000000, -9.000000000000001776 ) ) ;
#492 = ORIENTED_EDGE ( 'NONE', *, *, #1845, .T. ) ;
#493 = DIRECTION ( 'NONE',  ( 0.000000000000000000, 0.5000000000000005551, -0.8660254037844383745 ) ) ;
#494 = DIRECTION ( 'NONE',  ( 1.000000000000000000, 0.000000000000000000, 0.000000000000000000 ) ) ;
#495 = FACE_OUTER_BOUND ( 'NONE', #352, .T. ) ;
#496 = ORIENTED_EDGE ( 'NONE', *, *, #1949, .F. ) ;
#497 = CARTESIAN_POINT ( 'NONE',  ( 2.400000000000001688, 0.5980058168751619663, -0.1519316970788226195 ) ) ;
#498 = CARTESIAN_POINT ( 'NONE',  ( 9.096873642484538891, 2.750000000000000000, -1.000000000000000000 ) ) ;
#499 = CARTESIAN_POINT ( 'NONE',  ( 11.13323205043654163, 1.830582208120552279, -9.393756400864203826 ) ) ;
#500 = ORIENTED_EDGE ( 'NONE', *, *, #2397, .T. ) ;
#501 = CARTESIAN_POINT ( 'NONE',  ( -4.000999999999999446, 1.750000000000000000, -6.000000000000000000 ) ) ;
#502 = CARTESIAN_POINT ( 'NONE',  ( 11.37265100691984721, -2.150637497166802081, -0.8442066159656262947 ) ) ;
#503 = CARTESIAN_POINT ( 'NONE',  ( 11.17214392186698291, -1.750000000000613287, -9.076240426457831134 ) ) ;
#504 = ORIENTED_EDGE ( 'NONE', *, *, #2273, .T. ) ;
#505 = AXIS2_PLACEMENT_3D ( 'NONE', #1489, #1276, #164 ) ;
#506 = CARTESIAN_POINT ( 'NONE',  ( 0.000000000000000000, -3.750000000000001776, 0.000000000000000000 ) ) ;
#507 = LINE ( 'NONE', #1853, #1575 ) ;
#508 = B_SPLINE_CURVE_WITH_KNOTS ( 'NONE', 3,
 ( #388, #1703, #137, #2837, #2626, #360, #633, #2152, #1933, #1023, #2390, #2361, #621, #1248, #2126, #843, #1905, #2599, #812 ),
 .UNSPECIFIED., .F., .F.,
 ( 4, 1, 2, 2, 1, 2, 2, 1, 2, 2, 4 ),
 ( 0.000000000000000000, 0.1249999999999912847, 0.1874999999999896472, 0.2499999999999880096, 0.3749999999999832911, 0.4374999999999845679, 0.4999999999999859002, 0.6249999999999852340, 0.6874999999999865663, 0.7499999999999878986, 1.000000000000000000 ),
 .UNSPECIFIED. ) ;
#509 = ORIENTED_EDGE ( 'NONE', *, *, #1848, .T. ) ;
#510 = CYLINDRICAL_SURFACE ( 'NONE', #1101, 1.749999999999999778 ) ;
#511 = CARTESIAN_POINT ( 'NONE',  ( 7.073436821242268913, 9.289898083947400112E-17, -0.3129003367243836653 ) ) ;
#512 = CARTESIAN_POINT ( 'NONE',  ( 10.90074751004644504, 2.754387130617063750, -9.731333894482386171 ) ) ;
#513 = ORIENTED_EDGE ( 'NONE', *, *, #1666, .T. ) ;
#514 = CARTESIAN_POINT ( 'NONE',  ( 8.000000000000000000, -4.000000000000000000, -9.749999999999996447 ) ) ;
#515 = VECTOR ( 'NONE', #1865, 1000.000000000000000 ) ;
#516 = FACE_OUTER_BOUND ( 'NONE', #1712, .T. ) ;
#517 = CARTESIAN_POINT ( 'NONE',  ( 11.02298282918449424, -2.042063816961490641, -9.706489797855132551 ) ) ;
#518 = ORIENTED_EDGE ( 'NONE', *, *, #1458, .F. ) ;
#519 = CARTESIAN_POINT ( 'NONE',  ( 7.109547371164327778, 1.745205619120245855, -9.995625125752553686 ) ) ;
#520 = EDGE_CURVE ( 'NONE', #1512, #89, #2735, .T. ) ;
#521 = EDGE_CURVE ( 'NONE', #1026, #2130, #1449, .T. ) ;
#522 = DIRECTION ( 'NONE',  ( 1.000000000000000000, 0.000000000000000000, 0.000000000000000000 ) ) ;
#523 = VECTOR ( 'NONE', #1610, 1000.000000000000227 ) ;
#524 = ORIENTED_EDGE ( 'NONE', *, *, #695, .F. ) ;
#525 = CARTESIAN_POINT ( 'NONE',  ( 9.445442795245302392, 2.907984420486655175, -4.310711440950944606 ) ) ;
#526 = CARTESIAN_POINT ( 'NONE',  ( 7.115709601361630554, -1.907220239553246488, 0.000000000000000000 ) ) ;
#527 = CARTESIAN_POINT ( 'NONE',  ( 10.99569779747588427, 2.650667246252472964, -9.701718762546487795 ) ) ;
#528 = AXIS2_PLACEMENT_3D ( 'NONE', #2670, #2, #883 ) ;
#529 = ORIENTED_EDGE ( 'NONE', *, *, #2145, .F. ) ;
#530 = DIRECTION ( 'NONE',  ( 1.000000000000000000, 0.000000000000000000, 0.000000000000000000 ) ) ;
#531 = DIRECTION ( 'NONE',  ( 1.000000000000000000, 0.000000000000000000, 0.000000000000000000 ) ) ;
#532 = CARTESIAN_POINT ( 'NONE',  ( 11.36557331908194968, 2.162566460471365914, -0.7710329749094719798 ) ) ;
#533 = VERTEX_POINT ( 'NONE', #1860 ) ;
#534 = DIRECTION ( 'NONE',  ( 0.000000000000000000, -0.000000000000000000, -1.000000000000000000 ) ) ;
#535 = CARTESIAN_POINT ( 'NONE',  ( 7.115709601361630554, -1.907220239553246488, -10.00000000000000000 ) ) ;
#536 = EDGE_CURVE ( 'NONE', #1509, #2544, #2522, .T. ) ;
#537 = CARTESIAN_POINT ( 'NONE',  ( 9.096873642484538891, 1.750000000000000000, -10.00000000000000000 ) ) ;
#538 = CARTESIAN_POINT ( 'NONE',  ( 9.096873642484538891, -1.750000000000000000, -6.000000000000000000 ) ) ;
#539 = ORIENTED_EDGE ( 'NONE', *, *, #2199, .F. ) ;
#540 = DIRECTION ( 'NONE',  ( -0.000000000000000000, 0.000000000000000000, 1.000000000000000000 ) ) ;
#541 = ORIENTED_EDGE ( 'NONE', *, *, #2049, .T. ) ;
#542 = AXIS2_PLACEMENT_3D ( 'NONE', #2032, #705, #488 ) ;
#543 = CARTESIAN_POINT ( 'NONE',  ( 11.38362067745320516, -2.133333333333332416, -10.00000000000000000 ) ) ;
#544 = CARTESIAN_POINT ( 'NONE',  ( 10.54950975679639491, 2.750000000000000000, 0.000000000000000000 ) ) ;
#545 = CARTESIAN_POINT ( 'NONE',  ( 10.85224242139356221, -2.329801900227764122, -9.908301974119037681 ) ) ;
#546 = EDGE_LOOP ( 'NONE', ( #553, #1441, #2604, #1020, #476 ) ) ;
#547 = EDGE_CURVE ( 'NONE', #29, #679, #2847, .T. ) ;
#548 = DIRECTION ( 'NONE',  ( 0.000000000000000000, 0.000000000000000000, 1.000000000000000000 ) ) ;
#549 = CARTESIAN_POINT ( 'NONE',  ( 9.100615209038405595, -3.654558044438758646, -5.879676958192323610 ) ) ;
#550 = AXIS2_PLACEMENT_3D ( 'NONE', #1778, #1128, #1375 ) ;
#551 = CARTESIAN_POINT ( 'NONE',  ( 8.460311865238923090, -1.750000000000000000, -3.000000000000000444 ) ) ;
#552 = AXIS2_PLACEMENT_3D ( 'NONE', #2542, #1186, #960 ) ;
#553 = ORIENTED_EDGE ( 'NONE', *, *, #168, .F. ) ;
#554 = ADVANCED_FACE ( 'NONE', ( #2761 ), #2680, .T. ) ;
#555 = CARTESIAN_POINT ( 'NONE',  ( 11.38253787791012073, -2.135050415969105941, -9.051335982975901473 ) ) ;
#556 = EDGE_CURVE ( 'NONE', #2842, #1094, #924, .T. ) ;
#557 = VERTEX_POINT ( 'NONE', #1156 ) ;
#558 = CARTESIAN_POINT ( 'NONE',  ( 0.000000000000000000, 4.000000000000000000, -9.749999999999996447 ) ) ;
#559 = CARTESIAN_POINT ( 'NONE',  ( 11.04001032140077854, -2.599721028128009426, -0.3182316640971115107 ) ) ;
#560 = DIRECTION ( 'NONE',  ( 1.000000000000000000, 0.000000000000000000, 0.000000000000000000 ) ) ;
#561 =( BOUNDED_CURVE ( )  B_SPLINE_CURVE ( 3, ( #1629, #1000, #768, #2528 ),
 .UNSPECIFIED., .F., .T. ) 
 B_SPLINE_CURVE_WITH_KNOTS ( ( 4, 4 ),
 ( 2.023612921539822640, 2.146589845361632332 ),
 .UNSPECIFIED. ) 
 CURVE ( )  GEOMETRIC_REPRESENTATION_ITEM ( )  RATIONAL_B_SPLINE_CURVE ( ( 1.000000000000000000, 0.9987401200417563851, 0.9987401200417563851, 1.000000000000000000 ) ) 
 REPRESENTATION_ITEM ( '' )  );
#562 = VECTOR ( 'NONE', #1237, 1000.000000000000000 ) ;
#563 = ORIENTED_EDGE ( 'NONE', *, *, #2490, .T. ) ;
#564 = CARTESIAN_POINT ( 'NONE',  ( 10.97917263463244453, -2.120051346676894877, -0.2231716571564756613 ) ) ;
#565 = B_SPLINE_CURVE_WITH_KNOTS ( 'NONE', 3,
 ( #890, #1767, #2663, #21, #1996, #1146, #1114, #7, #671, #2025, #1780, #2676, #2693, #2453, #40, #1348, #1660, #1894, #2278, #348, #2089, #1423 ),
 .UNSPECIFIED., .F., .F.,
 ( 4, 2, 2, 2, 2, 2, 2, 2, 2, 2, 4 ),
 ( 0.000000000000000000, 0.1249999999999956146, 0.2499999999999912292, 0.3749999999999868439, 0.4374999999999870104, 0.4999999999999872324, 0.6249999999999893419, 0.6874999999999904521, 0.7499999999999914513, 0.8749999999999956701, 1.000000000000000000 ),
 .UNSPECIFIED. ) ;
#566 = DIRECTION ( 'NONE',  ( 0.000000000000000000, 0.000000000000000000, 1.000000000000000000 ) ) ;
#567 = FACE_OUTER_BOUND ( 'NONE', #1667, .T. ) ;
#568 = EDGE_CURVE ( 'NONE', #142, #1626, #165, .T. ) ;
#569 = CARTESIAN_POINT ( 'NONE',  ( 10.75112193630655533, 2.481111908953527401, -9.963273162504570735 ) ) ;
#570 = CIRCLE ( 'NONE', #1858, 4.000000000000000000 ) ;
#571 = ORIENTED_EDGE ( 'NONE', *, *, #2578, .T. ) ;
#572 = CIRCLE ( 'NONE', #1307, 3.750000000000001776 ) ;
#573 = CARTESIAN_POINT ( 'NONE',  ( 11.37047849864999627, -2.154038002541850627, -9.169692351921524320 ) ) ;
#574 = VECTOR ( 'NONE', #844, 1000.000000000000000 ) ;
#575 = EDGE_CURVE ( 'NONE', #2463, #994, #2253, .T. ) ;
#576 = ORIENTED_EDGE ( 'NONE', *, *, #1250, .F. ) ;
#577 = CARTESIAN_POINT ( 'NONE',  ( 11.00103140684340097, -2.081538312235690746, -0.2560626955954025674 ) ) ;
#578 = CARTESIAN_POINT ( 'NONE',  ( 7.074532373789477191, -0.3237636702892485174, -0.2919596847319153032 ) ) ;
#579 = ORIENTED_EDGE ( 'NONE', *, *, #1331, .T. ) ;
#580 = CARTESIAN_POINT ( 'NONE',  ( 11.08785279145113556, -1.920522072692107285, -0.4403494243173488587 ) ) ;
#581 = ADVANCED_FACE ( 'NONE', ( #995 ), #2134, .F. ) ;
#582 = DIRECTION ( 'NONE',  ( 0.000000000000000000, 0.000000000000000000, -1.000000000000000000 ) ) ;
#583 = CARTESIAN_POINT ( 'NONE',  ( 8.460311865238923090, 1.749999999999999778, -5.000000000000000888 ) ) ;
#584 = ORIENTED_EDGE ( 'NONE', *, *, #761, .F. ) ;
#585 = CARTESIAN_POINT ( 'NONE',  ( 11.14703710538766757, -2.469078644293900116, -9.610925042686972120 ) ) ;
#586 = EDGE_LOOP ( 'NONE', ( #2729, #2618, #1999, #98 ) ) ;
#587 = CARTESIAN_POINT ( 'NONE',  ( 8.000000000000000000, 0.000000000000000000, -10.00000000000000000 ) ) ;
#588 = CARTESIAN_POINT ( 'NONE',  ( 10.92594548415606504, -2.210839018195320360, -0.1571923286028507338 ) ) ;
#589 = CARTESIAN_POINT ( 'NONE',  ( 8.000000000000000000, 4.000000000000000000, -0.2500000000000002220 ) ) ;
#590 = ORIENTED_EDGE ( 'NONE', *, *, #992, .T. ) ;
#591 = DIRECTION ( 'NONE',  ( 0.000000000000000000, -0.4999999999999996669, -0.8660254037844388186 ) ) ;
#592 = CARTESIAN_POINT ( 'NONE',  ( 7.073436821242051309, -0.3256215702554521862, -9.687099663276038441 ) ) ;
#593 = CARTESIAN_POINT ( 'NONE',  ( 7.908091617554957153, -1.433355571187560962, -2.182814746212256907 ) ) ;
#594 = CARTESIAN_POINT ( 'NONE',  ( 8.000000000000000000, 0.000000000000000000, -9.749999999999996447 ) ) ;
#595 = AXIS2_PLACEMENT_3D ( 'NONE', #332, #2070, #2309 ) ;
#596 = CARTESIAN_POINT ( 'NONE',  ( 10.69901936082194815, -2.554785293634874499, -9.981178338768529557 ) ) ;
#597 = ORIENTED_EDGE ( 'NONE', *, *, #941, .F. ) ;
#598 = CARTESIAN_POINT ( 'NONE',  ( 10.60616552916963862, -2.811111111111111338, -9.916666666666666075 ) ) ;
#599 = CARTESIAN_POINT ( 'NONE',  ( 11.09172917899093314, -1.912950396592112412, -0.4525740706230744204 ) ) ;
#600 = PLANE ( 'NONE',  #1053 ) ;
#601 = VERTEX_POINT ( 'NONE', #2118 ) ;
#602 = CYLINDRICAL_SURFACE ( 'NONE', #1951, 1.000000000000000888 ) ;
#603 = CARTESIAN_POINT ( 'NONE',  ( 8.460311865238923090, 1.750000000000000000, -6.000000000000000888 ) ) ;
#604 = FACE_OUTER_BOUND ( 'NONE', #1356, .T. ) ;
#605 = ADVANCED_FACE ( 'NONE', ( #2576 ), #1886, .F. ) ;
#606 = PLANE ( 'NONE',  #1833 ) ;
#607 = ADVANCED_FACE ( 'NONE', ( #1218 ), #2339, .T. ) ;
#608 = DIRECTION ( 'NONE',  ( 0.000000000000000000, -0.8660254037844383745, -0.5000000000000004441 ) ) ;
#609 = CARTESIAN_POINT ( 'NONE',  ( 9.096873642484538891, 1.750000000000000000, -10.00000000000000000 ) ) ;
#610 = AXIS2_PLACEMENT_3D ( 'NONE', #1820, #955, #531 ) ;
#611 = ADVANCED_FACE ( 'NONE', ( #2355 ), #353, .F. ) ;
#612 = CARTESIAN_POINT ( 'NONE',  ( 11.12070737126648545, -2.502276257811388405, -9.631938236138603671 ) ) ;
#613 = ORIENTED_EDGE ( 'NONE', *, *, #2826, .T. ) ;
#614 = MECHANICAL_DESIGN_GEOMETRIC_PRESENTATION_REPRESENTATION (  '', ( #1227 ), #2378 ) ;
#615 = CARTESIAN_POINT ( 'NONE',  ( 10.98231983136206402, -2.665705358792619606, -0.2931296313301403056 ) ) ;
#616 = CARTESIAN_POINT ( 'NONE',  ( 10.74206331583108209, -2.494417015225915968, -9.967502614094929214 ) ) ;
#617 = B_SPLINE_CURVE_WITH_KNOTS ( 'NONE', 3,
 ( #725, #739, #79, #972, #1640, #2512, #1224, #106, #2100, #519, #1196, #1436 ),
 .UNSPECIFIED., .F., .F.,
 ( 4, 2, 2, 2, 2, 4 ),
 ( 0.001927868493435105175, 0.002407996406752337896, 0.002888124320069570834, 0.003368252233386803771, 0.003608316190045420674, 0.003848380146704037576 ),
 .UNSPECIFIED. ) ;
#618 = ORIENTED_EDGE ( 'NONE', *, *, #2305, .T. ) ;
#619 = CARTESIAN_POINT ( 'NONE',  ( 10.54950975679639491, -2.750000000000000000, 0.000000000000000000 ) ) ;
#620 = CARTESIAN_POINT ( 'NONE',  ( 7.908091617554957153, -1.433355571187561406, -4.817185253787743981 ) ) ;
#621 = CARTESIAN_POINT ( 'NONE',  ( 11.29854976814447198, 2.006285558757810339, -9.147966536338236310 ) ) ;
#622 = EDGE_CURVE ( 'NONE', #738, #1297, #2649, .T. ) ;
#623 = CARTESIAN_POINT ( 'NONE',  ( 11.17214476213271723, 1.750000000000000000, -9.000000000000001776 ) ) ;
#624 = ORIENTED_EDGE ( 'NONE', *, *, #2870, .F. ) ;
#625 = CARTESIAN_POINT ( 'NONE',  ( 10.77928494795740910, -2.440127982213740498, -9.950898027437725446 ) ) ;
#626 = EDGE_LOOP ( 'NONE', ( #46, #1944, #2496, #904 ) ) ;
#627 = CARTESIAN_POINT ( 'NONE',  ( 11.13842322087000802, 1.820055275236014403, -0.6304301795476343617 ) ) ;
#628 = DIRECTION ( 'NONE',  ( 0.000000000000000000, -0.5000000000000001110, 0.8660254037844385966 ) ) ;
#629 = ADVANCED_FACE ( 'NONE', ( #1649 ), #1696, .F. ) ;
#630 = ORIENTED_EDGE ( 'NONE', *, *, #2802, .F. ) ;
#631 = CARTESIAN_POINT ( 'NONE',  ( 11.21634901320020461, -2.378160931861780458, -0.4593808927896274041 ) ) ;
#632 = CARTESIAN_POINT ( 'NONE',  ( 7.088910369116875998, -1.109029112633164171, -9.890755415693643471 ) ) ;
#633 = CARTESIAN_POINT ( 'NONE',  ( 11.23687075166485627, 1.872516737963608735, -9.070735071643525771 ) ) ;
#634 = EDGE_CURVE ( 'NONE', #29, #1787, #816, .T. ) ;
#635 = ORIENTED_EDGE ( 'NONE', *, *, #2167, .F. ) ;
#636 = DIRECTION ( 'NONE',  ( 0.000000000000000000, 0.5000000000000005551, -0.8660254037844383745 ) ) ;
#637 = B_SPLINE_SURFACE_WITH_KNOTS ( 'NONE', 1, 3, ( 
 ( #703, #2429, #2473, #28, #469, #1341, #2251, #2861, #1122, #864, #1136, #2220, #14, #2237, #687, #227, #2458, #906, #2013, #1786, #1740, #1758, #2635, #1092, #439, #921, #2875, #2204, #1989, #662, #880, #1105, #744, #2266, #1606, #2078, #305, #45, #2733, #1384, #2282, #2045, #527, #275, #937, #291, #1173, #512, #1829, #60, #1817, #2506 ),
 ( #1621, #732, #1400, #2719, #1190, #2489, #2060, #1152, #2030, #73, #719, #952, #1594, #965, #1843, #499, #2747, #2520, #1414, #2298, #1203, #260, #463, #2709, #1165, #2646, #221, #1378, #713, #873, #251, #1347, #889, #1556, #270, #1982, #1792, #2258, #2228, #697, #670, #2007, #1098, #901, #1588, #1750, #656, #2424, #2245, #1779, #1572, #2435 ) ),
 .UNSPECIFIED., .F., .F., .F.,
 ( 2, 2 ),
 ( 4, 2, 2, 2, 2, 2, 2, 2, 2, 2, 2, 2, 2, 2, 2, 2, 2, 2, 2, 2, 2, 2, 2, 2, 2, 4 ),
 ( 0.000000000000000000, 1.000000000000000000 ),
 ( 0.003275007816704996952, 0.003364043274614480182, 0.003408561003569221797, 0.003453078732523963412, 0.003497596461478705027, 0.003519855325956076052, 0.003542114190433446642, 0.003631149648342929873, 0.003675667377297671488, 0.003720185106252413103, 0.003764702835207154718, 0.003809220564161896333, 0.003853738293116637948, 0.003898256022071379563, 0.003987291479980862793, 0.004031809208935603975, 0.004076326937890346024, 0.004120844666845088072, 0.004165362395799829254, 0.004254397853709312484, 0.004298915582664054533, 0.004343433311618795714, 0.004387951040573536896, 0.004432468769528278944, 0.004521504227437762174, 0.004699575143256729502 ),
 .UNSPECIFIED. ) ;
#638 = CARTESIAN_POINT ( 'NONE',  ( 9.096873642484538891, -2.750000000000000000, 0.000000000000000000 ) ) ;
#639 = CARTESIAN_POINT ( 'NONE',  ( 11.15756004484816977, -1.780597449830657153, -9.245679276966932036 ) ) ;
#640 = VECTOR ( 'NONE', #2064, 1000.000000000000000 ) ;
#641 = AXIS2_PLACEMENT_3D ( 'NONE', #1562, #257, #1201 ) ;
#642 = VERTEX_POINT ( 'NONE', #558 ) ;
#643 = EDGE_CURVE ( 'NONE', #1137, #1890, #2326, .T. ) ;
#644 = DIRECTION ( 'NONE',  ( 1.000000000000000000, 0.000000000000000000, 0.000000000000000000 ) ) ;
#645 = CARTESIAN_POINT ( 'NONE',  ( 10.99398907524254199, 2.094028406496546424, -0.2450448359384606312 ) ) ;
#646 = CARTESIAN_POINT ( 'NONE',  ( 7.109547371164326002, -1.745205619120247187, -0.004374874247446306451 ) ) ;
#647 = EDGE_CURVE ( 'NONE', #2834, #2210, #791, .T. ) ;
#648 = ORIENTED_EDGE ( 'NONE', *, *, #1065, .F. ) ;
#649 = CARTESIAN_POINT ( 'NONE',  ( 11.12174751837717501, -2.501082274128551219, -0.3684429943165233312 ) ) ;
#650 = CARTESIAN_POINT ( 'NONE',  ( 11.10425503509347145, 2.522772153244195348, -0.3558845941286105652 ) ) ;
#651 = PLANE ( 'NONE',  #2024 ) ;
#652 = EDGE_LOOP ( 'NONE', ( #2252, #1208, #1822, #2019 ) ) ;
#653 = AXIS2_PLACEMENT_3D ( 'NONE', #1045, #2804, #1016 ) ;
#654 = VECTOR ( 'NONE', #718, 1000.000000000000000 ) ;
#655 = PLANE ( 'NONE',  #1310 ) ;
#656 = CARTESIAN_POINT ( 'NONE',  ( 10.74958293481728155, 2.483335958511661445, -9.963903214931624674 ) ) ;
#657 = CARTESIAN_POINT ( 'NONE',  ( 0.000000000000000000, 0.000000000000000000, -9.000000000000001776 ) ) ;
#658 = EDGE_LOOP ( 'NONE', ( #2455, #504, #2411, #1775, #451 ) ) ;
#659 = LINE ( 'NONE', #1535, #971 ) ;
#660 = DIRECTION ( 'NONE',  ( 1.000000000000000000, 0.000000000000000000, 0.000000000000000000 ) ) ;
#661 = EDGE_CURVE ( 'NONE', #679, #1695, #2605, .T. ) ;
#662 = CARTESIAN_POINT ( 'NONE',  ( 11.19682822751653894, 2.404258610775060756, -9.562718637085549034 ) ) ;
#663 = ORIENTED_EDGE ( 'NONE', *, *, #1983, .T. ) ;
#664 = LINE ( 'NONE', #204, #900 ) ;
#665 = CARTESIAN_POINT ( 'NONE',  ( 10.76442645937103926, 2.891661020175117613, -0.2500039415621495009 ) ) ;
#666 = CARTESIAN_POINT ( 'NONE',  ( 11.59687364248454067, -1.750000000000000000, -10.25783678545318445 ) ) ;
#667 = ORIENTED_EDGE ( 'NONE', *, *, #928, .T. ) ;
#668 = DIRECTION ( 'NONE',  ( 0.000000000000000000, -0.7071067811865451302, 0.7071067811865500152 ) ) ;
#669 = CONICAL_SURFACE ( 'NONE', #2240, 4.000000000000000000, 0.7853981633974533860 ) ;
#670 = CARTESIAN_POINT ( 'NONE',  ( 10.83700056973568948, 2.353164261852029426, -9.918022832429818081 ) ) ;
#671 = CARTESIAN_POINT ( 'NONE',  ( 11.16879949608059341, 2.441141635502556806, -9.591589601731980608 ) ) ;
#672 = CARTESIAN_POINT ( 'NONE',  ( 11.13323205043653985, -1.830582208120552945, -9.393756400864205602 ) ) ;
#673 = ORIENTED_EDGE ( 'NONE', *, *, #2233, .F. ) ;
#674 = CARTESIAN_POINT ( 'NONE',  ( 11.10791375579327322, 1.881478592928373939, -0.4993136737833785421 ) ) ;
#675 = CARTESIAN_POINT ( 'NONE',  ( 11.05723570744838824, -2.579852581786070687, -9.673850593002702780 ) ) ;
#676 = VERTEX_POINT ( 'NONE', #2095 ) ;
#677 = CARTESIAN_POINT ( 'NONE',  ( -3.000000000000000000, 3.673940397442059868E-16, 4.336808689942017736E-16 ) ) ;
#678 = CARTESIAN_POINT ( 'NONE',  ( 11.37917562571628771, 2.140368265875254306, -0.8997297455344507311 ) ) ;
#679 = VERTEX_POINT ( 'NONE', #338 ) ;
#680 = VECTOR ( 'NONE', #47, 1000.000000000000000 ) ;
#681 = DIRECTION ( 'NONE',  ( -0.9078412990032039831, 0.4193139346887666541, 0.000000000000000000 ) ) ;
#682 = DIRECTION ( 'NONE',  ( 1.000000000000000000, 0.000000000000000000, 0.000000000000000000 ) ) ;
#683 = CARTESIAN_POINT ( 'NONE',  ( 10.87378635780332559, -2.295711809954541049, -9.891417566357166180 ) ) ;
#684 = ORIENTED_EDGE ( 'NONE', *, *, #157, .T. ) ;
#685 = LINE ( 'NONE', #717, #2879 ) ;
#686 = DIRECTION ( 'NONE',  ( 0.000000000000000000, -0.8660254037844383745, -0.5000000000000004441 ) ) ;
#687 = CARTESIAN_POINT ( 'NONE',  ( 11.35352903229976107, 2.180375207141940663, -9.255043254978319922 ) ) ;
#688 = AXIS2_PLACEMENT_3D ( 'NONE', #931, #1810, #494 ) ;
#689 = ORIENTED_EDGE ( 'NONE', *, *, #841, .F. ) ;
#690 = DIRECTION ( 'NONE',  ( 1.000000000000000000, 0.000000000000000000, 0.000000000000000000 ) ) ;
#691 = TOROIDAL_SURFACE ( 'NONE', #1844, 3.000000000000000000, 1.000000000000000000 ) ;
#692 = CARTESIAN_POINT ( 'NONE',  ( 10.71947707391615268, 2.933333333333333126, -0.2500000000000002220 ) ) ;
#693 = CARTESIAN_POINT ( 'NONE',  ( 11.46168270134240608, -2.009521327948013525, -1.850165291448765181 ) ) ;
#694 = VERTEX_POINT ( 'NONE', #2412 ) ;
#695 = EDGE_CURVE ( 'NONE', #994, #2177, #1497, .T. ) ;
#696 = ADVANCED_FACE ( 'NONE', ( #1723 ), #1784, .T. ) ;
#697 = CARTESIAN_POINT ( 'NONE',  ( 10.84631457230948648, 2.338740789291300803, -9.911656760525675125 ) ) ;
#698 = DIRECTION ( 'NONE',  ( -1.000000000000000000, 1.224646799147352961E-16, 0.000000000000000000 ) ) ;
#699 = VECTOR ( 'NONE', #87, 1000.000000000000000 ) ;
#700 = VERTEX_POINT ( 'NONE', #437 ) ;
#701 = DIRECTION ( 'NONE',  ( 1.000000000000000000, 0.000000000000000000, 0.000000000000000000 ) ) ;
#702 = DIRECTION ( 'NONE',  ( 1.000000000000000000, 0.000000000000000000, 0.000000000000000000 ) ) ;
#703 = CARTESIAN_POINT ( 'NONE',  ( 11.38148124370310121, 2.136722864220859552, -8.931033122969761706 ) ) ;
#704 = ORIENTED_EDGE ( 'NONE', *, *, #1502, .F. ) ;
#705 = DIRECTION ( 'NONE',  ( -0.000000000000000000, 0.000000000000000000, 1.000000000000000000 ) ) ;
#706 = CONICAL_SURFACE ( 'NONE', #2606, 3.750000000000001776, 0.7853981633974447263 ) ;
#707 = CIRCLE ( 'NONE', #1717, 1.000000000000000888 ) ;
#708 = CARTESIAN_POINT ( 'NONE',  ( 11.32309295070038679, 2.226496585225571145, -0.6476796205494038672 ) ) ;
#709 = PLANE ( 'NONE',  #550 ) ;
#710 = ORIENTED_EDGE ( 'NONE', *, *, #1164, .T. ) ;
#711 = CARTESIAN_POINT ( 'NONE',  ( 7.586546223265268729, -0.8839745962155610703, -6.500000000000000000 ) ) ;
#712 = AXIS2_PLACEMENT_3D ( 'NONE', #35, #2645, #155 ) ;
#713 = CARTESIAN_POINT ( 'NONE',  ( 11.01887191400465227, 2.049663364258627496, -9.714676806383733876 ) ) ;
#714 = CARTESIAN_POINT ( 'NONE',  ( 11.17214438511238228, 1.750000000000000000, -2.000000000000000000 ) ) ;
#715 = CARTESIAN_POINT ( 'NONE',  ( 7.115709601361630554, -1.907220239553246488, -10.00000000000000000 ) ) ;
#716 = ORIENTED_EDGE ( 'NONE', *, *, #1295, .T. ) ;
#717 = CARTESIAN_POINT ( 'NONE',  ( -4.000999999999999446, -0.8839745962155610703, -8.500000000000000000 ) ) ;
#718 = DIRECTION ( 'NONE',  ( -1.000000000000000000, -0.000000000000000000, -0.000000000000000000 ) ) ;
#719 = CARTESIAN_POINT ( 'NONE',  ( 11.15982359248434186, 1.775880836510683070, -9.226256469228923507 ) ) ;
#720 = ORIENTED_EDGE ( 'NONE', *, *, #647, .F. ) ;
#721 = LINE ( 'NONE', #1802, #1406 ) ;
#722 = CARTESIAN_POINT ( 'NONE',  ( 11.38361941752722117, -2.133334708693989334, -0.9710617640078103019 ) ) ;
#723 = CARTESIAN_POINT ( 'NONE',  ( 10.92742722309315262, -2.208370038961059212, -9.841224025524788033 ) ) ;
#724 = ORIENTED_EDGE ( 'NONE', *, *, #114, .T. ) ;
#725 = CARTESIAN_POINT ( 'NONE',  ( 7.073436821242268913, 2.252865057962012526E-16, -9.687099663275615669 ) ) ;
#726 = CARTESIAN_POINT ( 'NONE',  ( 0.000000000000000000, 1.750000000000000000, -10.00000000000000000 ) ) ;
#727 = EDGE_CURVE ( 'NONE', #2299, #256, #1330, .T. ) ;
#728 = DIRECTION ( 'NONE',  ( 0.000000000000000000, 0.000000000000000000, 1.000000000000000000 ) ) ;
#729 = ORIENTED_EDGE ( 'NONE', *, *, #125, .T. ) ;
#730 = CARTESIAN_POINT ( 'NONE',  ( -0.000000000000000000, 3.749999999999993783, -10.00000000000000000 ) ) ;
#731 = CARTESIAN_POINT ( 'NONE',  ( 10.82493034281158906, 2.371685664376798286, -0.07420111823013958441 ) ) ;
#732 = CARTESIAN_POINT ( 'NONE',  ( 11.17190416003006526, 1.750510568042937809, -8.948402366768407390 ) ) ;
#733 = EDGE_CURVE ( 'NONE', #1899, #1392, #316, .T. ) ;
#734 = ORIENTED_EDGE ( 'NONE', *, *, #431, .T. ) ;
#735 = DIRECTION ( 'NONE',  ( 1.000000000000000000, 0.000000000000000000, 0.000000000000000000 ) ) ;
#736 = CARTESIAN_POINT ( 'NONE',  ( 11.37783770823355844, -2.142480281835896339, -0.8860250933751038227 ) ) ;
#737 = CARTESIAN_POINT ( 'NONE',  ( 11.08909543922776209, -1.918515273329963078, -9.559931814984668819 ) ) ;
#738 = VERTEX_POINT ( 'NONE', #2889 ) ;
#739 = CARTESIAN_POINT ( 'NONE',  ( 7.073436821242048644, 0.1616573844158281648, -9.687099663276050876 ) ) ;
#740 = DIRECTION ( 'NONE',  ( 0.000000000000000000, 0.000000000000000000, 1.000000000000000000 ) ) ;
#741 = ORIENTED_EDGE ( 'NONE', *, *, #1394, .F. ) ;
#742 = CARTESIAN_POINT ( 'NONE',  ( 7.115709601361630554, 1.907220239553246488, 0.000000000000000000 ) ) ;
#743 = CARTESIAN_POINT ( 'NONE',  ( 0.000000000000000000, 0.000000000000000000, 0.000000000000000000 ) ) ;
#744 = CARTESIAN_POINT ( 'NONE',  ( 11.16406317913724422, 2.447222119356505132, -9.595796119078084274 ) ) ;
#745 = VERTEX_POINT ( 'NONE', #408 ) ;
#746 = DIRECTION ( 'NONE',  ( 1.000000000000000000, 0.000000000000000000, 0.000000000000000000 ) ) ;
#747 = EDGE_CURVE ( 'NONE', #957, #277, #659, .T. ) ;
#748 = AXIS2_PLACEMENT_3D ( 'NONE', #657, #2677, #170 ) ;
#749 = ADVANCED_FACE ( 'NONE', ( #394 ), #1322, .T. ) ;
#750 = LINE ( 'NONE', #49, #1672 ) ;
#751 = CARTESIAN_POINT ( 'NONE',  ( 10.87764862926986353, -2.289518597550763701, -9.888174847632154041 ) ) ;
#752 = ORIENTED_EDGE ( 'NONE', *, *, #1926, .F. ) ;
#753 = TOROIDAL_SURFACE ( 'NONE', #2464, 2.750000000000000000, 1.000000000000000000 ) ;
#754 = CARTESIAN_POINT ( 'NONE',  ( 9.096873642484538891, 2.750000000000000000, 0.000000000000000000 ) ) ;
#755 = DIRECTION ( 'NONE',  ( -0.3713906763541029443, 0.8040844011283461157, 0.4642383454426302625 ) ) ;
#756 = B_SPLINE_CURVE_WITH_KNOTS ( 'NONE', 3,
 ( #274, #2472, #1189, #1842, #1634, #1172, #2505, #511 ),
 .UNSPECIFIED., .F., .F.,
 ( 4, 2, 2, 4 ),
 ( -6.345716733861477932E-06, 0.0004772078358083802429, 0.0009607613883506220314, 0.001927868493435104958 ),
 .UNSPECIFIED. ) ;
#757 = CIRCLE ( 'NONE', #2759, 4.000000000000000000 ) ;
#758 = CARTESIAN_POINT ( 'NONE',  ( 10.91102166796421358, 2.235528541581184747, -9.858098456229260620 ) ) ;
#759 = ORIENTED_EDGE ( 'NONE', *, *, #1184, .T. ) ;
#760 = CARTESIAN_POINT ( 'NONE',  ( 10.87742473279344502, 2.289875952607650422, -0.1116405972697122329 ) ) ;
#761 = EDGE_CURVE ( 'NONE', #2648, #1339, #1957, .T. ) ;
#762 = ORIENTED_EDGE ( 'NONE', *, *, #2345, .T. ) ;
#763 = LINE ( 'NONE', #501, #1027 ) ;
#764 = CARTESIAN_POINT ( 'NONE',  ( 10.83323330431407072, 2.358960330519519477, -0.07950328347396831696 ) ) ;
#765 = CARTESIAN_POINT ( 'NONE',  ( 11.04275807472991389, -2.005914642859945918, -9.668986454424780774 ) ) ;
#766 = ORIENTED_EDGE ( 'NONE', *, *, #2844, .F. ) ;
#767 =( NAMED_UNIT ( * ) PLANE_ANGLE_UNIT ( ) SI_UNIT ( $, .RADIAN. ) );
#768 = CARTESIAN_POINT ( 'NONE',  ( 11.44437962101461892, 2.040384487656653256, -9.167653562117060062 ) ) ;
#769 = DIRECTION ( 'NONE',  ( -0.9078412990032039831, 0.4193139346887666541, 0.000000000000000000 ) ) ;
#770 = CARTESIAN_POINT ( 'NONE',  ( 10.95077089737284126, 2.168956287356562207, -9.814029129055786171 ) ) ;
#771 =( GEOMETRIC_REPRESENTATION_CONTEXT ( 3 ) GLOBAL_UNCERTAINTY_ASSIGNED_CONTEXT ( ( #2444 ) ) GLOBAL_UNIT_ASSIGNED_CONTEXT ( ( #1491, #2168, #2571 ) ) REPRESENTATION_CONTEXT ( 'NONE', 'WORKASPACE' ) );
#772 = ORIENTED_EDGE ( 'NONE', *, *, #1331, .F. ) ;
#773 = CARTESIAN_POINT ( 'NONE',  ( 11.38075945244646725, -2.137865359141778221, -9.081107571107182252 ) ) ;
#774 = EDGE_LOOP ( 'NONE', ( #1453, #1698, #787 ) ) ;
#775 = DIRECTION ( 'NONE',  ( 0.000000000000000000, -0.000000000000000000, -1.000000000000000000 ) ) ;
#776 = CARTESIAN_POINT ( 'NONE',  ( 11.13826409488881275, 1.820378655879013374, -0.6296249582009908474 ) ) ;
#777 = DIRECTION ( 'NONE',  ( 1.000000000000000000, 0.000000000000000000, 0.000000000000000000 ) ) ;
#778 = EDGE_LOOP ( 'NONE', ( #1467, #297, #2133, #33 ) ) ;
#779 = CARTESIAN_POINT ( 'NONE',  ( 10.95770052606155431, -2.157134607909878543, -0.1945392071231461517 ) ) ;
#780 = CARTESIAN_POINT ( 'NONE',  ( 9.096873642484538891, 1.750000000000000000, -3.000000000000000000 ) ) ;
#781 = CARTESIAN_POINT ( 'NONE',  ( 2.800000000000002931, 2.449293598294703456E-16, -0.9999999999999991118 ) ) ;
#782 =( BOUNDED_CURVE ( )  B_SPLINE_CURVE ( 3, ( #1790, #2018, #693, #232 ),
 .UNSPECIFIED., .F., .T. ) 
 B_SPLINE_CURVE_WITH_KNOTS ( ( 4, 4 ),
 ( 5.165205575129615312, 5.274925224928545653 ),
 .UNSPECIFIED. ) 
 CURVE ( )  GEOMETRIC_REPRESENTATION_ITEM ( )  RATIONAL_B_SPLINE_CURVE ( ( 1.000000000000000000, 0.9989970514480521757, 0.9989970514480521757, 1.000000000000000000 ) ) 
 REPRESENTATION_ITEM ( '' )  );
#783 = CIRCLE ( 'NONE', #34, 1.999999999999997335 ) ;
#784 = CARTESIAN_POINT ( 'NONE',  ( 9.096873642484538891, -1.750000000000000000, -4.000000000000000000 ) ) ;
#785 = DIRECTION ( 'NONE',  ( 0.000000000000000000, -1.000000000000000000, 0.000000000000000000 ) ) ;
#786 = EDGE_CURVE ( 'NONE', #2655, #1013, #1868, .T. ) ;
#787 = ORIENTED_EDGE ( 'NONE', *, *, #1380, .T. ) ;
#788 = CARTESIAN_POINT ( 'NONE',  ( 11.02613394105112832, -2.615864742815278365, -9.688517124322498120 ) ) ;
#789 = ADVANCED_FACE ( 'NONE', ( #2202 ), #11, .T. ) ;
#790 = EDGE_LOOP ( 'NONE', ( #178, #802, #120, #1759 ) ) ;
#791 = LINE ( 'NONE', #1709, #1054 ) ;
#792 = CARTESIAN_POINT ( 'NONE',  ( 11.29784445759024081, -2.263693650607018437, -0.5894305529671011179 ) ) ;
#793 = DIRECTION ( 'NONE',  ( 0.000000000000000000, -0.7071067811865451302, 0.7071067811865500152 ) ) ;
#794 = AXIS2_PLACEMENT_3D ( 'NONE', #367, #1884, #2574 ) ;
#795 = ORIENTED_EDGE ( 'NONE', *, *, #1295, .F. ) ;
#796 = CARTESIAN_POINT ( 'NONE',  ( 11.04321693981264829, -2.005390396907811734, -0.3288396611328638364 ) ) ;
#797 = FACE_OUTER_BOUND ( 'NONE', #2195, .T. ) ;
#798 = CARTESIAN_POINT ( 'NONE',  ( 11.59687364248454244, 1.749999999999999778, -2.000000000000000000 ) ) ;
#799 = CARTESIAN_POINT ( 'NONE',  ( 11.17214308087076269, 1.750000000001227018, -9.152547132628630067 ) ) ;
#800 = CIRCLE ( 'NONE', #1812, 1.999999999999997335 ) ;
#801 = DIRECTION ( 'NONE',  ( 0.000000000000000000, -0.000000000000000000, -1.000000000000000000 ) ) ;
#802 = ORIENTED_EDGE ( 'NONE', *, *, #1163, .F. ) ;
#803 = CONICAL_SURFACE ( 'NONE', #1676, 3.750000000000001776, 0.7853981633974447263 ) ;
#804 = CARTESIAN_POINT ( 'NONE',  ( 10.94351054486079455, -2.708503199157163532, -9.719861538574399162 ) ) ;
#805 = AXIS2_PLACEMENT_3D ( 'NONE', #594, #1479, #2616 ) ;
#806 = ORIENTED_EDGE ( 'NONE', *, *, #1949, .T. ) ;
#807 = CARTESIAN_POINT ( 'NONE',  ( 11.04941754051256986, -2.588678867375731496, -0.3230736354046214176 ) ) ;
#808 = LINE ( 'NONE', #147, #1651 ) ;
#809 = EDGE_LOOP ( 'NONE', ( #2271, #1133, #2387, #1472 ) ) ;
#810 = DIRECTION ( 'NONE',  ( 1.000000000000000000, 0.000000000000000000, 0.000000000000000000 ) ) ;
#811 = DIRECTION ( 'NONE',  ( -1.000000000000000000, 0.000000000000000000, 0.000000000000000000 ) ) ;
#812 = CARTESIAN_POINT ( 'NONE',  ( 11.35504202454769818, 2.178002069218229142, -9.247107313676668383 ) ) ;
#813 = APPLICATION_PROTOCOL_DEFINITION ( 'draft international standard', 'automotive_design', 1998, #2756 ) ;
#814 = CARTESIAN_POINT ( 'NONE',  ( 8.000000000000000000, 4.000000000000000000, -9.749999999999996447 ) ) ;
#815 = ORIENTED_EDGE ( 'NONE', *, *, #418, .F. ) ;
#816 = B_SPLINE_CURVE_WITH_KNOTS ( 'NONE', 3,
 ( #2591, #598, #1924, #2830 ),
 .UNSPECIFIED., .F., .F.,
 ( 4, 4 ),
 ( 0.000000000000000000, 1.000000000000000000 ),
 .UNSPECIFIED. ) ;
#817 = CARTESIAN_POINT ( 'NONE',  ( 10.63670096761610573, -2.639568689691505377, -9.995537596455360330 ) ) ;
#818 = ORIENTED_EDGE ( 'NONE', *, *, #38, .T. ) ;
#819 = CARTESIAN_POINT ( 'NONE',  ( 0.000000000000000000, -1.750000000000000000, -10.00000000000000000 ) ) ;
#820 = CARTESIAN_POINT ( 'NONE',  ( 11.10374782560540119, -2.523397739302144505, -0.3555307372346517836 ) ) ;
#821 = EDGE_CURVE ( 'NONE', #228, #145, #925, .T. ) ;
#822 = CARTESIAN_POINT ( 'NONE',  ( 11.38362067745320694, -2.133333333333332416, -0.9999999999999991118 ) ) ;
#823 = ORIENTED_EDGE ( 'NONE', *, *, #521, .T. ) ;
#824 = ADVANCED_FACE ( 'NONE', ( #2745 ), #510, .F. ) ;
#825 = CARTESIAN_POINT ( 'NONE',  ( 10.82439484189333889, -2.372649562761675934, -0.07344296904736775933 ) ) ;
#826 = CARTESIAN_POINT ( 'NONE',  ( 9.096873642484538891, -1.749999999999999334, -5.000000000000000000 ) ) ;
#827 = DIRECTION ( 'NONE',  ( 0.3713906763541031109, -0.8040844011283465598, 0.4642383454426293188 ) ) ;
#828 = LINE ( 'NONE', #184, #2449 ) ;
#829 = AXIS2_PLACEMENT_3D ( 'NONE', #1318, #1113, #448 ) ;
#830 = VERTEX_POINT ( 'NONE', #2043 ) ;
#831 = AXIS2_PLACEMENT_3D ( 'NONE', #2169, #1278, #1732 ) ;
#832 = CARTESIAN_POINT ( 'NONE',  ( 11.08429150164909061, -2.547152376426814246, -9.657285615824633851 ) ) ;
#833 = ORIENTED_EDGE ( 'NONE', *, *, #1219, .T. ) ;
#834 = DIRECTION ( 'NONE',  ( 0.3713906763541031109, -0.8040844011283465598, 0.4642383454426293188 ) ) ;
#835 = CARTESIAN_POINT ( 'NONE',  ( 10.80795587368536204, -2.849384993049626669, -0.2530324366850476014 ) ) ;
#836 = CARTESIAN_POINT ( 'NONE',  ( 8.460311865238923090, -1.750000000000000000, -9.000000000000001776 ) ) ;
#837 = EDGE_CURVE ( 'NONE', #1325, #481, #2234, .T. ) ;
#838 = ORIENTED_EDGE ( 'NONE', *, *, #786, .F. ) ;
#839 = DIRECTION ( 'NONE',  ( 1.000000000000000000, 0.000000000000000000, 0.000000000000000000 ) ) ;
#840 = CLOSED_SHELL ( 'NONE', ( #1346, #2242, #390, #1148, #874, #2450, #1483, #1374, #1120, #2883, #1303, #477, #696, #581, #2142, #607, #1241, #629, #2816, #824, #1754, #999, #2697, #605, #340, #2514, #23, #1440, #2400, #88, #411, #749, #2891, #1701, #254, #2276, #111, #1253, #2071, #2292, #140, #301, #1144, #263, #1252, #1591, #2799, #1935, #1078, #1959, #909, #1943, #295, #789, #1745, #2362, #126, #2687, #458, #1682, #405, #2179, #554, #2636, #1970, #1655, #36, #2408, #2714, #2088, #2184, #2466, #1028, #611, #2016 ) ) ;
#841 = EDGE_CURVE ( 'NONE', #2538, #2177, #1477, .T. ) ;
#842 = CARTESIAN_POINT ( 'NONE',  ( 11.35103988671779796, -2.160630263804313334, -9.237077493344830970 ) ) ;
#843 = CARTESIAN_POINT ( 'NONE',  ( 11.31848440913045728, 2.057611234526354416, -9.177599429059545955 ) ) ;
#844 = DIRECTION ( 'NONE',  ( 0.000000000000000000, 0.000000000000000000, 1.000000000000000000 ) ) ;
#845 = VECTOR ( 'NONE', #735, 1000.000000000000000 ) ;
#846 = CARTESIAN_POINT ( 'NONE',  ( 8.000000000000000000, 0.000000000000000000, 0.000000000000000000 ) ) ;
#847 = EDGE_CURVE ( 'NONE', #1797, #2117, #2394, .T. ) ;
#848 = EDGE_LOOP ( 'NONE', ( #2521, #2042, #752, #1229 ) ) ;
#849 = DIRECTION ( 'NONE',  ( -1.000000000000000000, 0.000000000000000000, 0.000000000000000000 ) ) ;
#850 = CARTESIAN_POINT ( 'NONE',  ( 11.17109394504521092, -1.752225108189956249, -0.9232916598081583048 ) ) ;
#851 = EDGE_CURVE ( 'NONE', #240, #481, #43, .T. ) ;
#852 = DIRECTION ( 'NONE',  ( -0.000000000000000000, 0.000000000000000000, 1.000000000000000000 ) ) ;
#853 = ORIENTED_EDGE ( 'NONE', *, *, #1882, .T. ) ;
#854 = LINE ( 'NONE', #193, #1181 ) ;
#855 = CARTESIAN_POINT ( 'NONE',  ( 7.908091617554958930, 1.433355571187562072, -6.182814746212256019 ) ) ;
#856 = PLANE ( 'NONE',  #1607 ) ;
#857 = ORIENTED_EDGE ( 'NONE', *, *, #2630, .T. ) ;
#858 = EDGE_CURVE ( 'NONE', #1297, #57, #1815, .T. ) ;
#859 =( BOUNDED_CURVE ( )  B_SPLINE_CURVE ( 3, ( #711, #2644, #1587, #1980 ),
 .UNSPECIFIED., .F., .F. ) 
 B_SPLINE_CURVE_WITH_KNOTS ( ( 4, 4 ),
 ( 5.241919646206890882, 6.283185307179586232 ),
 .UNSPECIFIED. ) 
 CURVE ( )  GEOMETRIC_REPRESENTATION_ITEM ( )  RATIONAL_B_SPLINE_CURVE ( ( 1.000000000000000000, 0.9116697100197745929, 0.9116697100197745929, 1.000000000000000000 ) ) 
 REPRESENTATION_ITEM ( '' )  );
#860 = CARTESIAN_POINT ( 'NONE',  ( 11.17249156972851587, -1.749266010642543057, -8.988637696705609414 ) ) ;
#861 = ORIENTED_EDGE ( 'NONE', *, *, #643, .T. ) ;
#862 = CARTESIAN_POINT ( 'NONE',  ( 7.908091617554957153, -1.433355571187561406, -8.182814746212256907 ) ) ;
#863 = DIRECTION ( 'NONE',  ( 1.000000000000000000, 0.000000000000000000, 0.000000000000000000 ) ) ;
#864 = CARTESIAN_POINT ( 'NONE',  ( 11.37161560137756489, 2.152257449753025131, -9.162339342164090183 ) ) ;
#865 = AXIS2_PLACEMENT_3D ( 'NONE', #183, #138, #1907 ) ;
#866 = EDGE_LOOP ( 'NONE', ( #24, #1622, #938, #105 ) ) ;
#867 = CARTESIAN_POINT ( 'NONE',  ( 10.99158493665176906, -2.655416250628106933, -0.2963986348560124773 ) ) ;
#868 = CARTESIAN_POINT ( 'NONE',  ( 10.71947707391615268, 2.933333333333333126, -0.2500000000000002220 ) ) ;
#869 = CARTESIAN_POINT ( 'NONE',  ( 0.000000000000000000, -3.750000000000001776, 0.000000000000000000 ) ) ;
#870 = ORIENTED_EDGE ( 'NONE', *, *, #1926, .T. ) ;
#871 = DIRECTION ( 'NONE',  ( 1.000000000000000000, 0.000000000000000000, 0.000000000000000000 ) ) ;
#872 = ORIENTED_EDGE ( 'NONE', *, *, #575, .T. ) ;
#873 = CARTESIAN_POINT ( 'NONE',  ( 10.99702646329673428, 2.088656596802038301, -9.750291516114232948 ) ) ;
#874 = ADVANCED_FACE ( 'NONE', ( #25 ), #691, .T. ) ;
#875 = CARTESIAN_POINT ( 'NONE',  ( 11.12123484058614942, -1.854758230829231858, -9.445992723462792284 ) ) ;
#876 = CIRCLE ( 'NONE', #1700, 1.999999999999997335 ) ;
#877 = AXIS2_PLACEMENT_3D ( 'NONE', #2679, #2456, #1577 ) ;
#878 = ORIENTED_EDGE ( 'NONE', *, *, #236, .F. ) ;
#879 = CARTESIAN_POINT ( 'NONE',  ( 9.096873642484538891, 0.000000000000000000, 0.000000000000000000 ) ) ;
#880 = CARTESIAN_POINT ( 'NONE',  ( 11.18880874018276472, 2.414887542405992793, -9.571342818637170069 ) ) ;
#881 = EDGE_CURVE ( 'NONE', #1883, #944, #1382, .T. ) ;
#882 = ORIENTED_EDGE ( 'NONE', *, *, #82, .F. ) ;
#883 = DIRECTION ( 'NONE',  ( 1.000000000000000000, 0.000000000000000000, 0.000000000000000000 ) ) ;
#884 = CARTESIAN_POINT ( 'NONE',  ( 11.01252905440973429, 2.631517767772351135, -0.3053331690138627041 ) ) ;
#885 = DIRECTION ( 'NONE',  ( 1.000000000000000000, 0.000000000000000000, 0.000000000000000000 ) ) ;
#886 = ORIENTED_EDGE ( 'NONE', *, *, #647, .T. ) ;
#887 = B_SPLINE_CURVE_WITH_KNOTS ( 'NONE', 1,
 ( #868, #1327 ),
 .UNSPECIFIED., .F., .F.,
 ( 2, 2 ),
 ( 0.000000000000000000, 1.000000000000000000 ),
 .UNSPECIFIED. ) ;
#888 = VECTOR ( 'NONE', #1085, 1000.000000000000114 ) ;
#889 = CARTESIAN_POINT ( 'NONE',  ( 10.96630923044120109, 2.142360982529328606, -9.794394825436942398 ) ) ;
#890 = CARTESIAN_POINT ( 'NONE',  ( 11.35504202454769818, 2.178002069218229142, -9.247107313676668383 ) ) ;
#891 = CARTESIAN_POINT ( 'NONE',  ( 11.17013866597165261, -1.754236913609400705, -8.908044163959685235 ) ) ;
#892 = ORIENTED_EDGE ( 'NONE', *, *, #1458, .T. ) ;
#893 = CARTESIAN_POINT ( 'NONE',  ( 10.74943174292900316, -2.483700090088870827, -0.03570661758936453239 ) ) ;
#894 = CARTESIAN_POINT ( 'NONE',  ( 7.586546223265268729, -0.8839745962155610703, -8.500000000000000000 ) ) ;
#895 = ORIENTED_EDGE ( 'NONE', *, *, #2199, .T. ) ;
#896 = CARTESIAN_POINT ( 'NONE',  ( 11.52509186257234575, -1.897537138386742095, -9.085180606563056926 ) ) ;
#897 = CARTESIAN_POINT ( 'NONE',  ( 11.36809320513262378, 2.157768566423942325, -0.8154948385825678825 ) ) ;
#898 = LINE ( 'NONE', #2006, #1931 ) ;
#899 = ORIENTED_EDGE ( 'NONE', *, *, #2772, .F. ) ;
#900 = VECTOR ( 'NONE', #2684, 1000.000000000000000 ) ;
#901 = CARTESIAN_POINT ( 'NONE',  ( 10.78907187841907600, 2.425665136460335436, -9.946067518427790688 ) ) ;
#902 = CARTESIAN_POINT ( 'NONE',  ( 11.59687364248454067, -1.750000000000000000, -3.000000000000000000 ) ) ;
#903 = CARTESIAN_POINT ( 'NONE',  ( 11.09246847685386328, -1.911516105834146995, -9.545259100833606070 ) ) ;
#904 = ORIENTED_EDGE ( 'NONE', *, *, #446, .F. ) ;
#905 = CARTESIAN_POINT ( 'NONE',  ( 9.096873642484538891, 1.750000000000000000, -9.000000000000001776 ) ) ;
#906 = CARTESIAN_POINT ( 'NONE',  ( 11.32931716329188632, 2.217139917996750142, -9.334494542597143507 ) ) ;
#907 = ORIENTED_EDGE ( 'NONE', *, *, #521, .F. ) ;
#908 = PLANE ( 'NONE',  #528 ) ;
#909 = ADVANCED_FACE ( 'NONE', ( #1841 ), #2717, .T. ) ;
#910 = CARTESIAN_POINT ( 'NONE',  ( 11.29445887270470017, -1.996954308639976805, -9.142579136570827103 ) ) ;
#911 = DIRECTION ( 'NONE',  ( 0.000000000000000000, -0.7071067811865439090, 0.7071067811865512365 ) ) ;
#912 = EDGE_CURVE ( 'NONE', #2655, #2479, #685, .T. ) ;
#913 = VERTEX_POINT ( 'NONE', #742 ) ;
#914 = EDGE_CURVE ( 'NONE', #1899, #2130, #1827, .T. ) ;
#915 = CARTESIAN_POINT ( 'NONE',  ( 9.096873642484538891, -1.750000000000000000, -10.00000000000000000 ) ) ;
#916 = PLANE ( 'NONE',  #2743 ) ;
#917 = DIRECTION ( 'NONE',  ( -0.9078412990032039831, -0.4193139346887665986, 0.000000000000000000 ) ) ;
#918 = ORIENTED_EDGE ( 'NONE', *, *, #1895, .F. ) ;
#919 = DIRECTION ( 'NONE',  ( 0.000000000000000000, 0.000000000000000000, -1.000000000000000000 ) ) ;
#920 = DIRECTION ( 'NONE',  ( 0.3713906763541029443, -0.8040844011283462267, 0.4642383454426299849 ) ) ;
#921 = CARTESIAN_POINT ( 'NONE',  ( 11.26196947911571122, 2.315098006900359273, -9.476190474199626124 ) ) ;
#922 = AXIS2_PLACEMENT_3D ( 'NONE', #237, #210, #1766 ) ;
#923 = ORIENTED_EDGE ( 'NONE', *, *, #1718, .T. ) ;
#924 = LINE ( 'NONE', #2701, #680 ) ;
#925 = CIRCLE ( 'NONE', #2165, 3.749999999999993783 ) ;
#926 = CARTESIAN_POINT ( 'NONE',  ( 11.35717589924274762, 2.174719553296726282, -0.7614901810839976859 ) ) ;
#927 = DIRECTION ( 'NONE',  ( 1.000000000000000000, 0.000000000000000000, 0.000000000000000000 ) ) ;
#928 = EDGE_CURVE ( 'NONE', #481, #2544, #1619, .T. ) ;
#929 = ORIENTED_EDGE ( 'NONE', *, *, #975, .T. ) ;
#930 = CARTESIAN_POINT ( 'NONE',  ( 0.000000000000000000, 4.000000000000000000, -10.00000000000000000 ) ) ;
#931 = CARTESIAN_POINT ( 'NONE',  ( 8.000000000000000000, 0.000000000000000000, 0.000000000000000000 ) ) ;
#932 = DIRECTION ( 'NONE',  ( 0.000000000000000000, -1.000000000000000000, 0.000000000000000000 ) ) ;
#933 = AXIS2_PLACEMENT_3D ( 'NONE', #2647, #435, #223 ) ;
#934 = ORIENTED_EDGE ( 'NONE', *, *, #2543, .F. ) ;
#935 = CARTESIAN_POINT ( 'NONE',  ( 9.096873642484538891, 0.000000000000000000, -10.00000000000000000 ) ) ;
#936 = CARTESIAN_POINT ( 'NONE',  ( 2.400000000000001688, -1.560348302497693482E-14, -0.1999999999999979849 ) ) ;
#937 = CARTESIAN_POINT ( 'NONE',  ( 10.96457061115456888, 2.685435719104344532, -9.713173520578282094 ) ) ;
#938 = ORIENTED_EDGE ( 'NONE', *, *, #2451, .F. ) ;
#939 = CARTESIAN_POINT ( 'NONE',  ( 8.000000000000000000, 0.000000000000000000, 0.000000000000000000 ) ) ;
#940 = VECTOR ( 'NONE', #548, 1000.000000000000000 ) ;
#941 = EDGE_CURVE ( 'NONE', #2027, #1234, #2547, .T. ) ;
#942 = DIRECTION ( 'NONE',  ( 1.000000000000000000, 0.000000000000000000, 0.000000000000000000 ) ) ;
#943 = CARTESIAN_POINT ( 'NONE',  ( 2.400000000000002132, 1.799999999999997602, -10.00000000000000000 ) ) ;
#944 = VERTEX_POINT ( 'NONE', #1412 ) ;
#945 = CARTESIAN_POINT ( 'NONE',  ( 11.10722958896304569, 1.882665492540716690, -9.498969782947819240 ) ) ;
#946 = CARTESIAN_POINT ( 'NONE',  ( 2.400000000000001688, -0.5980058168751618553, -9.848068302921175743 ) ) ;
#947 = EDGE_CURVE ( 'NONE', #145, #738, #2296, .T. ) ;
#948 = EDGE_CURVE ( 'NONE', #738, #1234, #2504, .T. ) ;
#949 = ORIENTED_EDGE ( 'NONE', *, *, #317, .T. ) ;
#950 = DIRECTION ( 'NONE',  ( 0.000000000000000000, 0.000000000000000000, 1.000000000000000000 ) ) ;
#951 = CARTESIAN_POINT ( 'NONE',  ( 10.59314135436590831, 2.696065867075174260, 3.741062183706435643E-18 ) ) ;
#952 = CARTESIAN_POINT ( 'NONE',  ( 11.15756004484817154, 1.780597449830655599, -9.245679276966926707 ) ) ;
#953 = EDGE_LOOP ( 'NONE', ( #704, #1722, #618, #1986, #2665, #961 ) ) ;
#954 = DIRECTION ( 'NONE',  ( 0.000000000000000000, 0.000000000000000000, 1.000000000000000000 ) ) ;
#955 = DIRECTION ( 'NONE',  ( 0.000000000000000000, -0.000000000000000000, -1.000000000000000000 ) ) ;
#956 = LINE ( 'NONE', #2328, #1335 ) ;
#957 = VERTEX_POINT ( 'NONE', #2696 ) ;
#958 = CARTESIAN_POINT ( 'NONE',  ( 7.586546223265268729, 0.8839745962155614034, -2.500000000000000000 ) ) ;
#959 = LINE ( 'NONE', #2727, #2303 ) ;
#960 = DIRECTION ( 'NONE',  ( 1.000000000000000000, 0.000000000000000000, 0.000000000000000000 ) ) ;
#961 = ORIENTED_EDGE ( 'NONE', *, *, #1507, .F. ) ;
#962 = EDGE_CURVE ( 'NONE', #1923, #1975, #2121, .T. ) ;
#963 = CARTESIAN_POINT ( 'NONE',  ( 2.400000000000002132, 1.495387553174719830, 9.071722865093552687E-16 ) ) ;
#964 = CARTESIAN_POINT ( 'NONE',  ( 10.79637948315608220, 2.414783297612414614, -0.05775594139128071430 ) ) ;
#965 = CARTESIAN_POINT ( 'NONE',  ( 11.15003799678343555, 1.796215615074555183, -9.303079553475155805 ) ) ;
#966 = ORIENTED_EDGE ( 'NONE', *, *, #2363, .F. ) ;
#967 = DIRECTION ( 'NONE',  ( -0.000000000000000000, 0.000000000000000000, 1.000000000000000000 ) ) ;
#968 = CARTESIAN_POINT ( 'NONE',  ( 11.36828251747969176, -2.157472902953692540, -0.8166018365750242758 ) ) ;
#969 = CARTESIAN_POINT ( 'NONE',  ( 11.13125403663558544, -1.834635629447454175, -9.404183734241797765 ) ) ;
#970 = VERTEX_POINT ( 'NONE', #467 ) ;
#971 = VECTOR ( 'NONE', #1309, 1000.000000000000000 ) ;
#972 = CARTESIAN_POINT ( 'NONE',  ( 7.078576380455052330, 0.6402307259329530487, -9.771280670895157172 ) ) ;
#973 = DIRECTION ( 'NONE',  ( -1.000000000000000000, 0.000000000000000000, 0.000000000000000000 ) ) ;
#974 = CARTESIAN_POINT ( 'NONE',  ( 10.54950975679638248, 2.750000000000000000, -10.00000000000000000 ) ) ;
#975 = EDGE_CURVE ( 'NONE', #2463, #1371, #2028, .T. ) ;
#976 = ORIENTED_EDGE ( 'NONE', *, *, #2397, .F. ) ;
#977 = DIRECTION ( 'NONE',  ( 1.000000000000000000, 0.000000000000000000, 0.000000000000000000 ) ) ;
#978 = LINE ( 'NONE', #1857, #2320 ) ;
#979 = ORIENTED_EDGE ( 'NONE', *, *, #144, .T. ) ;
#980 = DIRECTION ( 'NONE',  ( -0.000000000000000000, 0.000000000000000000, 1.000000000000000000 ) ) ;
#981 = CARTESIAN_POINT ( 'NONE',  ( 11.05328985876262848, 1.986301365131025509, -0.3534864336392511408 ) ) ;
#982 = CARTESIAN_POINT ( 'NONE',  ( 11.19687364248454031, -0.8839745962155611814, -8.500000000000000000 ) ) ;
#983 = PRODUCT_RELATED_PRODUCT_CATEGORY ( 'part', '', ( #1332 ) ) ;
#984 = ORIENTED_EDGE ( 'NONE', *, *, #1266, .F. ) ;
#985 = CONICAL_SURFACE ( 'NONE', #1665, 4.000000000000000000, 0.7853981633974533860 ) ;
#986 = CARTESIAN_POINT ( 'NONE',  ( 9.616232103637287310, -1.070330518519248653, -3.628318584070804764 ) ) ;
#987 = DIRECTION ( 'NONE',  ( 1.000000000000000000, 8.881784197001252323E-16, 0.000000000000000000 ) ) ;
#988 = CARTESIAN_POINT ( 'NONE',  ( -4.000999999999999446, -1.750000000000000000, -2.000000000000000000 ) ) ;
#989 = AXIS2_PLACEMENT_3D ( 'NONE', #1056, #2409, #1937 ) ;
#990 = CARTESIAN_POINT ( 'NONE',  ( -4.000999999999999446, -1.749999999999999334, -5.000000000000000000 ) ) ;
#991 = EDGE_LOOP ( 'NONE', ( #1481, #1213, #325, #1110 ) ) ;
#992 = EDGE_CURVE ( 'NONE', #676, #1392, #141, .T. ) ;
#993 = CARTESIAN_POINT ( 'NONE',  ( 11.18880874018275939, -2.414887542406002563, -9.571342818637171845 ) ) ;
#994 = VERTEX_POINT ( 'NONE', #1545 ) ;
#995 = FACE_OUTER_BOUND ( 'NONE', #2225, .T. ) ;
#996 = CARTESIAN_POINT ( 'NONE',  ( 10.69204279932544210, 2.564381648725882368, -0.01700236583794228692 ) ) ;
#997 = CARTESIAN_POINT ( 'NONE',  ( 11.59687364248454067, -1.750000000000000000, -10.25783678545318445 ) ) ;
#998 = ORIENTED_EDGE ( 'NONE', *, *, #2324, .F. ) ;
#999 = ADVANCED_FACE ( 'NONE', ( #464 ), #1589, .T. ) ;
#1000 = CARTESIAN_POINT ( 'NONE',  ( 11.52509186257234219, 1.897537138386744981, -9.085180606563058703 ) ) ;
#1001 = PLANE ( 'NONE',  #1019 ) ;
#1002 = CARTESIAN_POINT ( 'NONE',  ( 11.01729503952696554, 2.053078478166465271, -9.720453600187189735 ) ) ;
#1003 = ORIENTED_EDGE ( 'NONE', *, *, #2769, .T. ) ;
#1004 = CARTESIAN_POINT ( 'NONE',  ( 11.32468058619040896, -2.224090111531121572, -9.347263619913155352 ) ) ;
#1005 = ORIENTED_EDGE ( 'NONE', *, *, #2815, .T. ) ;
#1006 = CARTESIAN_POINT ( 'NONE',  ( 11.11515440208741978, -1.866896665042222958, -0.5304707606575860268 ) ) ;
#1007 = FACE_OUTER_BOUND ( 'NONE', #172, .T. ) ;
#1008 = ORIENTED_EDGE ( 'NONE', *, *, #2608, .T. ) ;
#1009 = CARTESIAN_POINT ( 'NONE',  ( 10.66174025640391498, -2.605416273657545467, -0.01040762205526831255 ) ) ;
#1010 = CARTESIAN_POINT ( 'NONE',  ( 9.445442795245300616, -2.907984420486655619, -8.689288559049057170 ) ) ;
#1011 = VECTOR ( 'NONE', #2692, 1000.000000000000000 ) ;
#1012 = AXIS2_PLACEMENT_3D ( 'NONE', #2471, #1353, #71 ) ;
#1013 = VERTEX_POINT ( 'NONE', #1166 ) ;
#1014 = CARTESIAN_POINT ( 'NONE',  ( 11.30963477654938387, -2.246422227067775612, -9.384701081584278626 ) ) ;
#1015 = ORIENTED_EDGE ( 'NONE', *, *, #1452, .T. ) ;
#1016 = DIRECTION ( 'NONE',  ( 0.4193139346887665986, -0.9078412990032039831, 0.000000000000000000 ) ) ;
#1017 = CARTESIAN_POINT ( 'NONE',  ( 11.17021531835345804, -2.439243026355593091, -0.4100123115776899696 ) ) ;
#1018 = CARTESIAN_POINT ( 'NONE',  ( 9.096873642484538891, -1.749999999999999334, -9.000000000000001776 ) ) ;
#1019 = AXIS2_PLACEMENT_3D ( 'NONE', #41, #2318, #480 ) ;
#1020 = ORIENTED_EDGE ( 'NONE', *, *, #2305, .F. ) ;
#1021 = CARTESIAN_POINT ( 'NONE',  ( 10.80591981212224439, -2.400666390124144289, -0.06251954279197992348 ) ) ;
#1022 = DIRECTION ( 'NONE',  ( 1.000000000000000000, 0.000000000000000000, 0.000000000000000000 ) ) ;
#1023 = CARTESIAN_POINT ( 'NONE',  ( 11.27057577609608963, 1.942788415594937090, -9.111306443640380337 ) ) ;
#1024 = CARTESIAN_POINT ( 'NONE',  ( 9.096873642484538891, 0.000000000000000000, -9.000000000000001776 ) ) ;
#1025 = FACE_OUTER_BOUND ( 'NONE', #1730, .T. ) ;
#1026 = VERTEX_POINT ( 'NONE', #449 ) ;
#1027 = VECTOR ( 'NONE', #746, 1000.000000000000000 ) ;
#1028 = ADVANCED_FACE ( 'NONE', ( #2501 ), #916, .F. ) ;
#1029 = CARTESIAN_POINT ( 'NONE',  ( 10.54950975679638425, -2.749999999999999556, -10.00000000000000178 ) ) ;
#1030 = AXIS2_PLACEMENT_3D ( 'NONE', #1852, #534, #1407 ) ;
#1031 = EDGE_CURVE ( 'NONE', #158, #1217, #222, .T. ) ;
#1032 = VERTEX_POINT ( 'NONE', #714 ) ;
#1033 = CARTESIAN_POINT ( 'NONE',  ( 0.000000000000000000, -4.000000000000000000, -10.00000000000000000 ) ) ;
#1034 = CARTESIAN_POINT ( 'NONE',  ( 10.97207686095640611, -2.132387116278306127, -0.2133497487708653495 ) ) ;
#1035 = CARTESIAN_POINT ( 'NONE',  ( 11.59687364248454067, 1.749999999999999334, -2.999999999999999112 ) ) ;
#1036 = ORIENTED_EDGE ( 'NONE', *, *, #941, .T. ) ;
#1037 = CARTESIAN_POINT ( 'NONE',  ( 7.073436821242268913, 2.252865057962012526E-16, -9.687099663275615669 ) ) ;
#1038 = DIRECTION ( 'NONE',  ( 0.000000000000000000, -0.8660254037844389297, 0.4999999999999995559 ) ) ;
#1039 = CARTESIAN_POINT ( 'NONE',  ( 8.460311865238923090, -1.750000000000000000, -2.000000000000000000 ) ) ;
#1040 = DIRECTION ( 'NONE',  ( 0.000000000000000000, 0.8660254037844382635, 0.5000000000000004441 ) ) ;
#1041 = CARTESIAN_POINT ( 'NONE',  ( 11.59687364248454067, -1.750000000000000000, -8.000000000000000000 ) ) ;
#1042 = CARTESIAN_POINT ( 'NONE',  ( -4.000999999999999446, 1.750000000000000000, -4.000000000000000000 ) ) ;
#1043 = CARTESIAN_POINT ( 'NONE',  ( 10.93288846380465351, -2.720002100143160018, -9.722927411198815761 ) ) ;
#1044 = ORIENTED_EDGE ( 'NONE', *, *, #2792, .F. ) ;
#1045 = CARTESIAN_POINT ( 'NONE',  ( 11.59687364248454067, -1.750000000000000000, -10.25783678545318445 ) ) ;
#1046 = CARTESIAN_POINT ( 'NONE',  ( 10.95277360119561116, -2.698517095319957093, -0.2827084115796627550 ) ) ;
#1047 = CARTESIAN_POINT ( 'NONE',  ( 10.60616552916964572, -2.811111111111111782, -0.08333333333333339810 ) ) ;
#1048 = AXIS2_PLACEMENT_3D ( 'NONE', #2015, #1416, #530 ) ;
#1049 = EDGE_LOOP ( 'NONE', ( #539, #1313, #979, #2173, #364, #886 ) ) ;
#1050 = DIRECTION ( 'NONE',  ( -0.000000000000000000, 0.000000000000000000, 1.000000000000000000 ) ) ;
#1051 = CARTESIAN_POINT ( 'NONE',  ( 9.784664548864492772, 0.7650207840059725095, -3.452047926663350808 ) ) ;
#1052 = DIRECTION ( 'NONE',  ( 1.000000000000000000, 0.000000000000000000, 0.000000000000000000 ) ) ;
#1053 = AXIS2_PLACEMENT_3D ( 'NONE', #2579, #628, #177 ) ;
#1054 = VECTOR ( 'NONE', #1668, 1000.000000000000000 ) ;
#1055 =( BOUNDED_CURVE ( )  B_SPLINE_CURVE ( 3, ( #958, #2539, #2289, #66 ),
 .UNSPECIFIED., .F., .F. ) 
 B_SPLINE_CURVE_WITH_KNOTS ( ( 4, 4 ),
 ( 2.100326992617097766, 3.141592653589793116 ),
 .UNSPECIFIED. ) 
 CURVE ( )  GEOMETRIC_REPRESENTATION_ITEM ( )  RATIONAL_B_SPLINE_CURVE ( ( 1.000000000000000000, 0.9116697100197745929, 0.9116697100197745929, 1.000000000000000000 ) ) 
 REPRESENTATION_ITEM ( '' )  );
#1056 = CARTESIAN_POINT ( 'NONE',  ( -4.000999999999999446, 0.8839745962155614034, -2.500000000000000000 ) ) ;
#1057 = EDGE_CURVE ( 'NONE', #1308, #676, #1560, .T. ) ;
#1058 = AXIS2_PLACEMENT_3D ( 'NONE', #2011, #1150, #919 ) ;
#1059 = FACE_OUTER_BOUND ( 'NONE', #1377, .T. ) ;
#1060 = ORIENTED_EDGE ( 'NONE', *, *, #1380, .F. ) ;
#1061 = CARTESIAN_POINT ( 'NONE',  ( 11.15416607927683579, -2.459960984228416692, -0.3952668756398352579 ) ) ;
#1062 = CARTESIAN_POINT ( 'NONE',  ( -3.750000000000001776, 0.000000000000000000, 0.000000000000000000 ) ) ;
#1063 = ORIENTED_EDGE ( 'NONE', *, *, #1848, .F. ) ;
#1064 = CARTESIAN_POINT ( 'NONE',  ( 11.36539657240993861, -2.162831943819381930, -0.7705617473079510171 ) ) ;
#1065 = EDGE_CURVE ( 'NONE', #2648, #1254, #1794, .T. ) ;
#1066 = DIRECTION ( 'NONE',  ( 0.000000000000000000, -1.000000000000000000, 0.000000000000000000 ) ) ;
#1067 = FACE_OUTER_BOUND ( 'NONE', #2396, .T. ) ;
#1068 = AXIS2_PLACEMENT_3D ( 'NONE', #450, #2216, #1115 ) ;
#1069 = ORIENTED_EDGE ( 'NONE', *, *, #2214, .F. ) ;
#1070 = CARTESIAN_POINT ( 'NONE',  ( 11.15565074076952357, 1.785678661978368442, -9.303155189121540047 ) ) ;
#1071 = CARTESIAN_POINT ( 'NONE',  ( 9.096873642484538891, 1.750000000000000000, -7.000000000000000888 ) ) ;
#1072 = VERTEX_POINT ( 'NONE', #2728 ) ;
#1073 = CIRCLE ( 'NONE', #97, 1.000000000000000000 ) ;
#1074 = CARTESIAN_POINT ( 'NONE',  ( 10.96630923044119932, -2.142360982529325053, -9.794394825436938845 ) ) ;
#1075 =( BOUNDED_CURVE ( )  B_SPLINE_CURVE ( 3, ( #1645, #1395, #1439, #784 ),
 .UNSPECIFIED., .F., .F. ) 
 B_SPLINE_CURVE_WITH_KNOTS ( ( 4, 4 ),
 ( 5.241919646206890882, 6.283185307179586232 ),
 .UNSPECIFIED. ) 
 CURVE ( )  GEOMETRIC_REPRESENTATION_ITEM ( )  RATIONAL_B_SPLINE_CURVE ( ( 1.000000000000000000, 0.9116697100197745929, 0.9116697100197745929, 1.000000000000000000 ) ) 
 REPRESENTATION_ITEM ( '' )  );
#1076 = VERTEX_POINT ( 'NONE', #902 ) ;
#1077 = DIRECTION ( 'NONE',  ( 1.224646799147353207E-16, 1.000000000000000000, 0.000000000000000000 ) ) ;
#1078 = ADVANCED_FACE ( 'NONE', ( #495 ), #175, .T. ) ;
#1079 = AXIS2_PLACEMENT_3D ( 'NONE', #2153, #1317, #1143 ) ;
#1080 = DIRECTION ( 'NONE',  ( 1.000000000000000000, 0.000000000000000000, 0.000000000000000000 ) ) ;
#1081 = CARTESIAN_POINT ( 'NONE',  ( 7.088941010349674166, -1.110152420227760839, -0.1089729281461580962 ) ) ;
#1082 = ORIENTED_EDGE ( 'NONE', *, *, #2196, .T. ) ;
#1083 = CARTESIAN_POINT ( 'NONE',  ( 11.38362067745320694, -2.133333333333332416, -0.9999999999999991118 ) ) ;
#1084 = CARTESIAN_POINT ( 'NONE',  ( 11.17214476213271013, -1.749999999999999334, -9.000000000000001776 ) ) ;
#1085 = DIRECTION ( 'NONE',  ( -0.3713906763541029998, -0.8040844011283462267, -0.4642383454426297629 ) ) ;
#1086 = EDGE_CURVE ( 'NONE', #1876, #2834, #1661, .T. ) ;
#1087 = DIRECTION ( 'NONE',  ( 0.000000000000000000, 0.000000000000000000, 1.000000000000000000 ) ) ;
#1088 = CARTESIAN_POINT ( 'NONE',  ( 11.16088962629149783, -1.773655145524518195, -9.216452456218373612 ) ) ;
#1089 = ORIENTED_EDGE ( 'NONE', *, *, #144, .F. ) ;
#1090 = CARTESIAN_POINT ( 'NONE',  ( 0.000000000000000000, 1.750000000000000000, -10.00000000000000000 ) ) ;
#1091 = CARTESIAN_POINT ( 'NONE',  ( 10.80507623679589457, -2.401762836055743922, -0.06247783874546901373 ) ) ;
#1092 = CARTESIAN_POINT ( 'NONE',  ( 11.28097812611101780, 2.288076026221665504, -9.443572723393643287 ) ) ;
#1093 = AXIS2_PLACEMENT_3D ( 'NONE', #1678, #636, #1040 ) ;
#1094 = VERTEX_POINT ( 'NONE', #2885 ) ;
#1095 = DIRECTION ( 'NONE',  ( -0.7071067811865451302, 0.000000000000000000, -0.7071067811865500152 ) ) ;
#1096 = CARTESIAN_POINT ( 'NONE',  ( 11.37779281715984325, 2.142551111764095406, -0.8855792099344688140 ) ) ;
#1097 = CARTESIAN_POINT ( 'NONE',  ( 0.000000000000000000, 3.749999999999993783, -10.00000000000000000 ) ) ;
#1098 = CARTESIAN_POINT ( 'NONE',  ( 10.80846668513385289, 2.396667391148543658, -9.935625016728661052 ) ) ;
#1099 = CARTESIAN_POINT ( 'NONE',  ( 0.000000000000000000, 0.000000000000000000, -10.00000000000000000 ) ) ;
#1100 = CARTESIAN_POINT ( 'NONE',  ( 9.096873642484538891, -1.750000000000000000, -2.000000000000000000 ) ) ;
#1101 = AXIS2_PLACEMENT_3D ( 'NONE', #935, #2518, #977 ) ;
#1102 = ORIENTED_EDGE ( 'NONE', *, *, #54, .T. ) ;
#1103 = CARTESIAN_POINT ( 'NONE',  ( 0.000000000000000000, -4.000000000000000000, -9.749999999999996447 ) ) ;
#1104 = CARTESIAN_POINT ( 'NONE',  ( 8.460311865238924867, 1.750000000000000222, -9.000000000000003553 ) ) ;
#1105 = CARTESIAN_POINT ( 'NONE',  ( 11.17241369535500617, 2.436385396278358595, -9.587892356327722965 ) ) ;
#1106 = EDGE_LOOP ( 'NONE', ( #115, #1352, #1102, #1005 ) ) ;
#1107 = CARTESIAN_POINT ( 'NONE',  ( 0.000000000000000000, -3.749999999999993783, -10.00000000000000000 ) ) ;
#1108 = CARTESIAN_POINT ( 'NONE',  ( 11.15465734654051211, 2.459441933319573614, -0.3952750243391966456 ) ) ;
#1109 = CARTESIAN_POINT ( 'NONE',  ( 11.17214438511238228, -1.750000000000000000, -2.000000000000000000 ) ) ;
#1110 = ORIENTED_EDGE ( 'NONE', *, *, #1370, .F. ) ;
#1111 = AXIS2_PLACEMENT_3D ( 'NONE', #369, #1257, #2368 ) ;
#1112 = AXIS2_PLACEMENT_3D ( 'NONE', #1340, #1135, #201 ) ;
#1113 = DIRECTION ( 'NONE',  ( -0.000000000000000000, 0.000000000000000000, 1.000000000000000000 ) ) ;
#1114 = CARTESIAN_POINT ( 'NONE',  ( 11.21772992738442021, 2.376515944414779646, -9.539984951130350055 ) ) ;
#1115 = DIRECTION ( 'NONE',  ( 1.000000000000000000, 0.000000000000000000, 0.000000000000000000 ) ) ;
#1116 = AXIS2_PLACEMENT_3D ( 'NONE', #2125, #1702, #2162 ) ;
#1117 = ORIENTED_EDGE ( 'NONE', *, *, #431, .F. ) ;
#1118 = EDGE_CURVE ( 'NONE', #1361, #2027, #565, .T. ) ;
#1119 = DIRECTION ( 'NONE',  ( -0.000000000000000000, 0.4999999999999995559, 0.8660254037844389297 ) ) ;
#1120 = ADVANCED_FACE ( 'NONE', ( #2516 ), #1199, .T. ) ;
#1121 = CARTESIAN_POINT ( 'NONE',  ( 10.83219875002227717, -2.360550604762404525, -0.07882922225372099301 ) ) ;
#1122 = CARTESIAN_POINT ( 'NONE',  ( 11.37478386720571066, 2.147288805199087047, -9.140281771491064688 ) ) ;
#1123 = ORIENTED_EDGE ( 'NONE', *, *, #2509, .T. ) ;
#1124 = VECTOR ( 'NONE', #1733, 1000.000000000000000 ) ;
#1125 = CARTESIAN_POINT ( 'NONE',  ( 10.71947707391615090, -2.933333333333334458, -0.2500000000000002220 ) ) ;
#1126 = CARTESIAN_POINT ( 'NONE',  ( 11.19235109223008173, -1.786627227994428857, -9.021146739942253134 ) ) ;
#1127 = PRODUCT_DEFINITION_SHAPE ( 'NONE', 'NONE',  #2129 ) ;
#1128 = DIRECTION ( 'NONE',  ( 0.000000000000000000, 0.5000000000000005551, -0.8660254037844383745 ) ) ;
#1129 = ORIENTED_EDGE ( 'NONE', *, *, #1118, .F. ) ;
#1130 = FACE_OUTER_BOUND ( 'NONE', #2051, .T. ) ;
#1131 = CARTESIAN_POINT ( 'NONE',  ( 2.400000000000002132, -1.195747933157273568, -9.949985101381614072 ) ) ;
#1132 = CARTESIAN_POINT ( 'NONE',  ( 11.46168270134240608, 2.009521327948013081, -1.850165291448764515 ) ) ;
#1133 = ORIENTED_EDGE ( 'NONE', *, *, #168, .T. ) ;
#1134 = CARTESIAN_POINT ( 'NONE',  ( 2.400000000000002132, 1.195747933157273568, -0.05001489861838770423 ) ) ;
#1135 = DIRECTION ( 'NONE',  ( 0.000000000000000000, 0.000000000000000000, 1.000000000000000000 ) ) ;
#1136 = CARTESIAN_POINT ( 'NONE',  ( 11.37047849864999804, 2.154038002541849739, -9.169692351921526097 ) ) ;
#1137 = VERTEX_POINT ( 'NONE', #1679 ) ;
#1138 = DIRECTION ( 'NONE',  ( 1.000000000000000000, 0.000000000000000000, 0.000000000000000000 ) ) ;
#1139 = CARTESIAN_POINT ( 'NONE',  ( 11.02211552460417465, 2.620501597746078826, -0.3096274626067324620 ) ) ;
#1140 = DIRECTION ( 'NONE',  ( 1.000000000000000000, 0.000000000000000000, 0.000000000000000000 ) ) ;
#1141 = AXIS2_PLACEMENT_3D ( 'NONE', #1024, #2795, #1504 ) ;
#1142 = ORIENTED_EDGE ( 'NONE', *, *, #1666, .F. ) ;
#1143 = DIRECTION ( 'NONE',  ( 0.000000000000000000, 0.8660254037844382635, 0.5000000000000004441 ) ) ;
#1144 = ADVANCED_FACE ( 'NONE', ( #2294 ), #1704, .T. ) ;
#1145 = CARTESIAN_POINT ( 'NONE',  ( 11.19687364248454031, -0.8839745962155611814, -4.500000000000000888 ) ) ;
#1146 = CARTESIAN_POINT ( 'NONE',  ( 11.24119172734795846, 2.344330983492616927, -9.509255301767950641 ) ) ;
#1147 = CARTESIAN_POINT ( 'NONE',  ( 11.19687364248454209, 0.8839745962155612924, -8.500000000000000000 ) ) ;
#1148 = ADVANCED_FACE ( 'NONE', ( #110 ), #1338, .T. ) ;
#1149 = ORIENTED_EDGE ( 'NONE', *, *, #1719, .T. ) ;
#1150 = DIRECTION ( 'NONE',  ( 1.000000000000000000, 0.000000000000000000, 0.000000000000000000 ) ) ;
#1151 = LINE ( 'NONE', #2718, #654 ) ;
#1152 = CARTESIAN_POINT ( 'NONE',  ( 11.16554569490670623, 1.763906169759224873, -9.167382002127716589 ) ) ;
#1153 = AXIS2_PLACEMENT_3D ( 'NONE', #1690, #376, #1715 ) ;
#1154 = EDGE_LOOP ( 'NONE', ( #2773, #648, #2373, #762 ) ) ;
#1155 =( BOUNDED_CURVE ( )  B_SPLINE_CURVE ( 3, ( #2230, #1132, #2712, #798 ),
 .UNSPECIFIED., .F., .F. ) 
 B_SPLINE_CURVE_WITH_KNOTS ( ( 4, 4 ),
 ( 1.008260082251040801, 1.117979732049971364 ),
 .UNSPECIFIED. ) 
 CURVE ( )  GEOMETRIC_REPRESENTATION_ITEM ( )  RATIONAL_B_SPLINE_CURVE ( ( 1.000000000000000000, 0.9989970514480521757, 0.9989970514480521757, 1.000000000000000000 ) ) 
 REPRESENTATION_ITEM ( '' )  );
#1156 = CARTESIAN_POINT ( 'NONE',  ( 11.17214438511238228, -1.750000000000000000, -0.9999999999999991118 ) ) ;
#1157 = CARTESIAN_POINT ( 'NONE',  ( 11.17214323063544335, 1.750001643175058463, -0.9614043860481460424 ) ) ;
#1158 = CARTESIAN_POINT ( 'NONE',  ( 10.80841604727956806, 2.848459828235946123, -0.2539664738255679732 ) ) ;
#1159 = VERTEX_POINT ( 'NONE', #2104 ) ;
#1160 = SURFACE_SIDE_STYLE ('',( #2765 ) ) ;
#1161 = EDGE_CURVE ( 'NONE', #1626, #557, #287, .T. ) ;
#1162 = DIRECTION ( 'NONE',  ( 0.000000000000000000, 0.000000000000000000, 1.000000000000000000 ) ) ;
#1163 = EDGE_CURVE ( 'NONE', #101, #2706, #2742, .T. ) ;
#1164 = EDGE_CURVE ( 'NONE', #1975, #382, #2502, .T. ) ;
#1165 = CARTESIAN_POINT ( 'NONE',  ( 11.07011718537191669, 1.954489249489801406, -9.606215828326510220 ) ) ;
#1166 = CARTESIAN_POINT ( 'NONE',  ( 9.096873642484538891, -1.750000000000000000, -8.000000000000000000 ) ) ;
#1167 = AXIS2_PLACEMENT_3D ( 'NONE', #2776, #1873, #1456 ) ;
#1168 = AXIS2_PLACEMENT_3D ( 'NONE', #1675, #769, #108 ) ;
#1169 = ORIENTED_EDGE ( 'NONE', *, *, #2171, .T. ) ;
#1170 = CARTESIAN_POINT ( 'NONE',  ( 9.096873642484538891, 2.750000000000000000, -10.00000000000000000 ) ) ;
#1171 = B_SPLINE_CURVE_WITH_KNOTS ( 'NONE', 1,
 ( #822, #2158 ),
 .UNSPECIFIED., .F., .F.,
 ( 2, 2 ),
 ( 0.000000000000000000, 1.000000000000000000 ),
 .UNSPECIFIED. ) ;
#1172 = CARTESIAN_POINT ( 'NONE',  ( 7.077780195566107047, 0.6383491211654228614, -0.2270545322238723129 ) ) ;
#1173 = CARTESIAN_POINT ( 'NONE',  ( 10.93288846380465351, 2.720002100143159129, -9.722927411198813985 ) ) ;
#1174 = ORIENTED_EDGE ( 'NONE', *, *, #568, .F. ) ;
#1175 = DIRECTION ( 'NONE',  ( 0.3713906763541029998, 0.8040844011283462267, -0.4642383454426297629 ) ) ;
#1176 = CIRCLE ( 'NONE', #2801, 2.749999999999999112 ) ;
#1177 = VECTOR ( 'NONE', #1175, 1000.000000000000114 ) ;
#1178 = CARTESIAN_POINT ( 'NONE',  ( 11.32732375652275181, -2.220129583986616861, -0.6599649922618595621 ) ) ;
#1179 = CARTESIAN_POINT ( 'NONE',  ( 11.01326817373857914, 2.630788979725759980, -0.3053316485611615172 ) ) ;
#1180 = EDGE_LOOP ( 'NONE', ( #918, #2090, #2724, #853 ) ) ;
#1181 = VECTOR ( 'NONE', #1095, 1000.000000000000114 ) ;
#1182 = DIRECTION ( 'NONE',  ( 1.000000000000000000, 0.000000000000000000, 0.000000000000000000 ) ) ;
#1183 = CIRCLE ( 'NONE', #712, 1.000000000000000888 ) ;
#1184 = EDGE_CURVE ( 'NONE', #700, #2798, #828, .T. ) ;
#1185 = CARTESIAN_POINT ( 'NONE',  ( 0.000000000000000000, 0.000000000000000000, -0.9999999999999991118 ) ) ;
#1186 = DIRECTION ( 'NONE',  ( -0.000000000000000000, 0.000000000000000000, 1.000000000000000000 ) ) ;
#1187 = ORIENTED_EDGE ( 'NONE', *, *, #2559, .F. ) ;
#1188 = DIRECTION ( 'NONE',  ( 0.000000000000000000, 0.000000000000000000, 1.000000000000000000 ) ) ;
#1189 = CARTESIAN_POINT ( 'NONE',  ( 7.103632562517121940, 1.583796939879651866, -0.01745077414976187527 ) ) ;
#1190 = CARTESIAN_POINT ( 'NONE',  ( 11.17112926054072553, 1.752146353294725678, -9.068447977301415719 ) ) ;
#1191 = ORIENTED_EDGE ( 'NONE', *, *, #2769, .F. ) ;
#1192 = FACE_OUTER_BOUND ( 'NONE', #1590, .T. ) ;
#1193 = CARTESIAN_POINT ( 'NONE',  ( 11.16668076608737792, 1.761522223038495039, -0.8474389465792577791 ) ) ;
#1194 = CARTESIAN_POINT ( 'NONE',  ( 11.24431956382209918, 2.340134011329397357, -0.4940023852324712528 ) ) ;
#1195 = ORIENTED_EDGE ( 'NONE', *, *, #1650, .F. ) ;
#1196 = CARTESIAN_POINT ( 'NONE',  ( 7.112615743119055978, 1.827258673237347475, -10.00000000000000355 ) ) ;
#1197 = DIRECTION ( 'NONE',  ( -1.000000000000000000, 0.000000000000000000, -0.000000000000000000 ) ) ;
#1198 = CARTESIAN_POINT ( 'NONE',  ( 10.66199068611332734, 2.605080583440528397, -9.989544558146270958 ) ) ;
#1199 = PLANE ( 'NONE',  #129 ) ;
#1200 = ORIENTED_EDGE ( 'NONE', *, *, #1426, .F. ) ;
#1201 = DIRECTION ( 'NONE',  ( 1.000000000000000000, 0.000000000000000000, 0.000000000000000000 ) ) ;
#1202 = CARTESIAN_POINT ( 'NONE',  ( 10.85202804234254081, 2.330137497444534578, -0.09154435920406667204 ) ) ;
#1203 = CARTESIAN_POINT ( 'NONE',  ( 11.10278260301502762, 1.891361117168015138, -9.512934775445760494 ) ) ;
#1204 = ORIENTED_EDGE ( 'NONE', *, *, #176, .F. ) ;
#1205 = CARTESIAN_POINT ( 'NONE',  ( 11.59687364248454067, -1.750000000000000000, -7.000000000000000000 ) ) ;
#1206 = CARTESIAN_POINT ( 'NONE',  ( 11.01523014168258285, 2.056208797150754997, -0.2790256238166402003 ) ) ;
#1207 = PLANE ( 'NONE',  #1431 ) ;
#1208 = ORIENTED_EDGE ( 'NONE', *, *, #837, .F. ) ;
#1209 = VECTOR ( 'NONE', #2867, 1000.000000000000000 ) ;
#1210 = CARTESIAN_POINT ( 'NONE',  ( 8.000000000000000000, 4.000000000000000000, -10.00000000000000000 ) ) ;
#1211 = DIRECTION ( 'NONE',  ( 0.000000000000000000, -0.000000000000000000, -1.000000000000000000 ) ) ;
#1212 = DIRECTION ( 'NONE',  ( 1.000000000000000000, 0.000000000000000000, 0.000000000000000000 ) ) ;
#1213 = ORIENTED_EDGE ( 'NONE', *, *, #444, .F. ) ;
#1214 = CARTESIAN_POINT ( 'NONE',  ( 10.68175376768483709, 2.578315215584929376, -0.01476111462236164365 ) ) ;
#1215 = VECTOR ( 'NONE', #920, 1000.000000000000114 ) ;
#1216 = EDGE_CURVE ( 'NONE', #1890, #1076, #1908, .T. ) ;
#1217 = VERTEX_POINT ( 'NONE', #2615 ) ;
#1218 = FACE_OUTER_BOUND ( 'NONE', #1928, .T. ) ;
#1219 = EDGE_CURVE ( 'NONE', #1576, #1846, #1478, .T. ) ;
#1220 = CARTESIAN_POINT ( 'NONE',  ( 10.82424598850912822, 2.372730543048772400, -0.07377755868515092907 ) ) ;
#1221 = CARTESIAN_POINT ( 'NONE',  ( 11.17045350898971634, 2.439036466828943706, -0.4097483935719912762 ) ) ;
#1222 = ORIENTED_EDGE ( 'NONE', *, *, #1771, .F. ) ;
#1223 = AXIS2_PLACEMENT_3D ( 'NONE', #2587, #1920, #608 ) ;
#1224 = CARTESIAN_POINT ( 'NONE',  ( 7.093419849950769240, 1.267205853099620638, -9.928280526237260872 ) ) ;
#1225 = DIRECTION ( 'NONE',  ( 0.000000000000000000, 0.000000000000000000, -1.000000000000000000 ) ) ;
#1226 = PLANE ( 'NONE',  #1168 ) ;
#1227 = STYLED_ITEM ( 'NONE', ( #2526 ), #234 ) ;
#1228 = CARTESIAN_POINT ( 'NONE',  ( 10.65302577525165439, 2.617080307825826235, -9.991214715751162601 ) ) ;
#1229 = ORIENTED_EDGE ( 'NONE', *, *, #428, .F. ) ;
#1230 = CARTESIAN_POINT ( 'NONE',  ( 11.13836542517785411, -2.480093432286934352, -9.618146515483902093 ) ) ;
#1231 = ORIENTED_EDGE ( 'NONE', *, *, #837, .T. ) ;
#1232 = CARTESIAN_POINT ( 'NONE',  ( 11.13833803534578060, -1.820228434796775652, -0.6299803759882196541 ) ) ;
#1233 = CARTESIAN_POINT ( 'NONE',  ( 11.59687364248454067, 1.750000000000000000, -10.00000000000000000 ) ) ;
#1234 = VERTEX_POINT ( 'NONE', #814 ) ;
#1235 = CARTESIAN_POINT ( 'NONE',  ( -4.000999999999999446, 0.8839745962155614034, -6.500000000000000888 ) ) ;
#1236 = PLANE ( 'NONE',  #1529 ) ;
#1237 = DIRECTION ( 'NONE',  ( 0.000000000000000000, 0.000000000000000000, 1.000000000000000000 ) ) ;
#1238 = CARTESIAN_POINT ( 'NONE',  ( 3.000000000000000000, 0.000000000000000000, -0.9999999999999991118 ) ) ;
#1239 = VERTEX_POINT ( 'NONE', #1071 ) ;
#1240 = CARTESIAN_POINT ( 'NONE',  ( 11.25533364917014190, -2.324422751192486647, -9.486629888736118232 ) ) ;
#1241 = ADVANCED_FACE ( 'NONE', ( #2855 ), #2407, .T. ) ;
#1242 = ORIENTED_EDGE ( 'NONE', *, *, #70, .F. ) ;
#1243 = CARTESIAN_POINT ( 'NONE',  ( 11.10157987961950710, -1.893719879929044003, -0.4831729295770012533 ) ) ;
#1244 = CARTESIAN_POINT ( 'NONE',  ( 11.59687364248454067, -1.750000000000000000, -9.000000000000001776 ) ) ;
#1245 = ORIENTED_EDGE ( 'NONE', *, *, #1719, .F. ) ;
#1246 = PLANE ( 'NONE',  #1493 ) ;
#1247 = CARTESIAN_POINT ( 'NONE',  ( 7.093389830280449004, -1.266213029078443020, -9.928075931292019263 ) ) ;
#1248 = CARTESIAN_POINT ( 'NONE',  ( 11.30905510759675892, 2.032857697963501575, -9.163307968061586095 ) ) ;
#1249 = VECTOR ( 'NONE', #793, 1000.000000000000114 ) ;
#1250 = EDGE_CURVE ( 'NONE', #240, #2610, #1492, .T. ) ;
#1251 = VECTOR ( 'NONE', #1398, 1000.000000000000000 ) ;
#1252 = ADVANCED_FACE ( 'NONE', ( #167 ), #753, .T. ) ;
#1253 = ADVANCED_FACE ( 'NONE', ( #1025 ), #1691, .T. ) ;
#1254 = VERTEX_POINT ( 'NONE', #1807 ) ;
#1255 = CARTESIAN_POINT ( 'NONE',  ( 11.32931716329188632, -2.217139917996747922, -9.334494542597139954 ) ) ;
#1256 = ORIENTED_EDGE ( 'NONE', *, *, #2630, .F. ) ;
#1257 = DIRECTION ( 'NONE',  ( 0.000000000000000000, -1.000000000000000000, 0.000000000000000000 ) ) ;
#1258 = CARTESIAN_POINT ( 'NONE',  ( 11.16672285146895227, -1.761433685628229773, -0.8480334578333392770 ) ) ;
#1259 = CARTESIAN_POINT ( 'NONE',  ( 10.71947707391615090, -2.933333333333334458, -0.2500000000000002220 ) ) ;
#1260 = ORIENTED_EDGE ( 'NONE', *, *, #1163, .T. ) ;
#1261 = CARTESIAN_POINT ( 'NONE',  ( 11.59687364248454067, -1.750000000000000000, -5.000000000000000000 ) ) ;
#1262 = LINE ( 'NONE', #1475, #230 ) ;
#1263 = DIRECTION ( 'NONE',  ( -1.000000000000000000, 0.000000000000000000, 0.000000000000000000 ) ) ;
#1264 = VECTOR ( 'NONE', #1162, 1000.000000000000000 ) ;
#1265 = EDGE_CURVE ( 'NONE', #1509, #2842, #859, .T. ) ;
#1266 = EDGE_CURVE ( 'NONE', #700, #944, #1765, .T. ) ;
#1267 = CARTESIAN_POINT ( 'NONE',  ( -4.000999999999999446, -1.749999999999999334, -9.000000000000001776 ) ) ;
#1268 = CYLINDRICAL_SURFACE ( 'NONE', #794, 1.000000000000000000 ) ;
#1269 = ORIENTED_EDGE ( 'NONE', *, *, #1809, .T. ) ;
#1270 = CARTESIAN_POINT ( 'NONE',  ( 11.06787650141812840, -2.566775875375813865, -0.3332636351062283619 ) ) ;
#1271 = CARTESIAN_POINT ( 'NONE',  ( 7.799999999999998046, 0.000000000000000000, -0.9999999999999991118 ) ) ;
#1272 = TOROIDAL_SURFACE ( 'NONE', #2661, 3.000000000000000000, 1.000000000000000000 ) ;
#1273 = ORIENTED_EDGE ( 'NONE', *, *, #2784, .F. ) ;
#1274 = CARTESIAN_POINT ( 'NONE',  ( 8.000000000000000000, 0.000000000000000000, -0.2500000000000002220 ) ) ;
#1275 = CARTESIAN_POINT ( 'NONE',  ( 9.096873642484538891, -1.750000000000000000, -0.9999999999999991118 ) ) ;
#1276 = DIRECTION ( 'NONE',  ( 1.224646799147353207E-16, 1.000000000000000000, 0.000000000000000000 ) ) ;
#1277 = EDGE_CURVE ( 'NONE', #830, #2031, #235, .T. ) ;
#1278 = DIRECTION ( 'NONE',  ( 0.000000000000000000, -0.000000000000000000, -1.000000000000000000 ) ) ;
#1279 = DIRECTION ( 'NONE',  ( 0.000000000000000000, -0.8660254037844383745, -0.5000000000000004441 ) ) ;
#1280 = CARTESIAN_POINT ( 'NONE',  ( 10.96457061115456355, -2.685435719104349861, -9.713173520578285647 ) ) ;
#1281 = VERTEX_POINT ( 'NONE', #2021 ) ;
#1282 = DIRECTION ( 'NONE',  ( 0.000000000000000000, -0.8660254037844389297, 0.4999999999999995559 ) ) ;
#1283 = CARTESIAN_POINT ( 'NONE',  ( 11.16800548310545338, -1.758734004696683062, -0.8667653544494843265 ) ) ;
#1284 = CARTESIAN_POINT ( 'NONE',  ( 9.096873642484538891, 1.750000000000000000, -4.000000000000000000 ) ) ;
#1285 = ORIENTED_EDGE ( 'NONE', *, *, #727, .T. ) ;
#1286 = CARTESIAN_POINT ( 'NONE',  ( 10.92667919842072699, -2.209616153897095536, -0.1579740764196281566 ) ) ;
#1287 = CARTESIAN_POINT ( 'NONE',  ( 7.103632562517121940, -1.583796939879651866, -9.982549225850238628 ) ) ;
#1288 = CARTESIAN_POINT ( 'NONE',  ( 9.096873642484538891, -1.750000000000000000, -2.000000000000000000 ) ) ;
#1289 = VERTEX_POINT ( 'NONE', #1570 ) ;
#1290 = FACE_OUTER_BOUND ( 'NONE', #1783, .T. ) ;
#1291 = AXIS2_PLACEMENT_3D ( 'NONE', #248, #2446, #1140 ) ;
#1292 = LINE ( 'NONE', #609, #196 ) ;
#1293 = CARTESIAN_POINT ( 'NONE',  ( 11.10766120025223280, -1.881748836996263163, -9.496491477507769119 ) ) ;
#1294 = ORIENTED_EDGE ( 'NONE', *, *, #1782, .T. ) ;
#1295 = EDGE_CURVE ( 'NONE', #2117, #2130, #1073, .T. ) ;
#1296 = CARTESIAN_POINT ( 'NONE',  ( 7.908091617554957153, -1.433355571187561406, -8.817185253787744870 ) ) ;
#1297 = VERTEX_POINT ( 'NONE', #1641 ) ;
#1298 = CARTESIAN_POINT ( 'NONE',  ( 10.87077311434678961, -2.785592939708179117, -0.2626328080679822818 ) ) ;
#1299 = DIRECTION ( 'NONE',  ( 0.000000000000000000, 0.000000000000000000, 1.000000000000000000 ) ) ;
#1300 = LINE ( 'NONE', #1503, #2448 ) ;
#1301 = CIRCLE ( 'NONE', #748, 2.000000000000000000 ) ;
#1302 = ORIENTED_EDGE ( 'NONE', *, *, #962, .F. ) ;
#1303 = ADVANCED_FACE ( 'NONE', ( #2726 ), #1236, .T. ) ;
#1304 = CARTESIAN_POINT ( 'NONE',  ( 9.096873642484538891, 2.750000000000000000, -10.00000000000000000 ) ) ;
#1305 = VECTOR ( 'NONE', #1197, 1000.000000000000000 ) ;
#1306 = CARTESIAN_POINT ( 'NONE',  ( 10.89152328279522308, -2.267273803868117721, -9.876380821100321228 ) ) ;
#1307 = AXIS2_PLACEMENT_3D ( 'NONE', #939, #967, #2492 ) ;
#1308 = VERTEX_POINT ( 'NONE', #2274 ) ;
#1309 = DIRECTION ( 'NONE',  ( 0.000000000000000000, 0.000000000000000000, 1.000000000000000000 ) ) ;
#1310 = AXIS2_PLACEMENT_3D ( 'NONE', #1042, #403, #1279 ) ;
#1311 = CARTESIAN_POINT ( 'NONE',  ( 11.17214209181645757, 1.750000000000000000, -0.9233322370833738635 ) ) ;
#1312 = CARTESIAN_POINT ( 'NONE',  ( 10.96309858337733267, -2.687480754085025847, -9.714595134902552331 ) ) ;
#1313 = ORIENTED_EDGE ( 'NONE', *, *, #1983, .F. ) ;
#1314 = LINE ( 'NONE', #2192, #1776 ) ;
#1315 = CARTESIAN_POINT ( 'NONE',  ( 10.98322024824311427, 2.664698470466558167, -0.2934635502708962118 ) ) ;
#1316 = CARTESIAN_POINT ( 'NONE',  ( 10.95294317069333623, 2.698342740662746042, -0.2827378545566319734 ) ) ;
#1317 = DIRECTION ( 'NONE',  ( 0.000000000000000000, 0.5000000000000005551, -0.8660254037844383745 ) ) ;
#1318 = CARTESIAN_POINT ( 'NONE',  ( 0.000000000000000000, 0.000000000000000000, -0.9999999999999991118 ) ) ;
#1319 = CARTESIAN_POINT ( 'NONE',  ( 4.800000000000000711, 0.000000000000000000, -0.9999999999999991118 ) ) ;
#1320 = CARTESIAN_POINT ( 'NONE',  ( 10.98950819392135791, -2.101942761340851895, -9.761790424849452918 ) ) ;
#1321 = ORIENTED_EDGE ( 'NONE', *, *, #2049, .F. ) ;
#1322 = PLANE ( 'NONE',  #1981 ) ;
#1323 = CARTESIAN_POINT ( 'NONE',  ( 10.59163568590004090, -2.697927073583164859, -4.955934658810666009E-06 ) ) ;
#1324 = CARTESIAN_POINT ( 'NONE',  ( 10.91195956366980013, -2.742465679666662659, -9.728557880335541697 ) ) ;
#1325 = VERTEX_POINT ( 'NONE', #2290 ) ;
#1326 = DIRECTION ( 'NONE',  ( -0.000000000000000000, 0.000000000000000000, 1.000000000000000000 ) ) ;
#1327 = CARTESIAN_POINT ( 'NONE',  ( 10.54950975679639491, 2.750000000000000000, 0.000000000000000000 ) ) ;
#1328 = CARTESIAN_POINT ( 'NONE',  ( 11.38362067745320694, 2.133333333333332860, -0.9999999999999991118 ) ) ;
#1329 = ORIENTED_EDGE ( 'NONE', *, *, #2870, .T. ) ;
#1330 = B_SPLINE_CURVE_WITH_KNOTS ( 'NONE', 3,
 ( #1755, #2650, #225, #422 ),
 .UNSPECIFIED., .F., .F.,
 ( 4, 4 ),
 ( 0.000000000000000000, 1.000000000000000000 ),
 .UNSPECIFIED. ) ;
#1331 = EDGE_CURVE ( 'NONE', #679, #228, #2332, .T. ) ;
#1332 = PRODUCT ( 'Cord Clip', 'Cord Clip', '', ( #2811 ) ) ;
#1333 = EDGE_CURVE ( 'NONE', #1234, #2798, #284, .T. ) ;
#1334 = CARTESIAN_POINT ( 'NONE',  ( 9.096873642484538891, -2.750000000000000000, -9.000000000000001776 ) ) ;
#1335 = VECTOR ( 'NONE', #777, 1000.000000000000000 ) ;
#1336 = DIRECTION ( 'NONE',  ( -0.4193139346887666541, -0.9078412990032039831, 0.000000000000000000 ) ) ;
#1337 = LINE ( 'NONE', #1997, #2413 ) ;
#1338 = TOROIDAL_SURFACE ( 'NONE', #552, 2.999999999999997335, 1.000000000000000000 ) ;
#1339 = VERTEX_POINT ( 'NONE', #780 ) ;
#1340 = CARTESIAN_POINT ( 'NONE',  ( 4.800000000000000711, 0.000000000000000000, -10.00000000000000000 ) ) ;
#1341 = CARTESIAN_POINT ( 'NONE',  ( 11.38075945244646725, 2.137865359141778221, -9.081107571107175147 ) ) ;
#1342 = ORIENTED_EDGE ( 'NONE', *, *, #2233, .T. ) ;
#1343 = FACE_OUTER_BOUND ( 'NONE', #1555, .T. ) ;
#1344 = CARTESIAN_POINT ( 'NONE',  ( 2.400000000000001688, 1.556971336385373512E-14, -9.800000000000000711 ) ) ;
#1345 = ORIENTED_EDGE ( 'NONE', *, *, #1814, .F. ) ;
#1346 = ADVANCED_FACE ( 'NONE', ( #1657 ), #706, .T. ) ;
#1347 = CARTESIAN_POINT ( 'NONE',  ( 10.97413783939529175, 2.128815078681256523, -9.783856475103732464 ) ) ;
#1348 = CARTESIAN_POINT ( 'NONE',  ( 10.96265244690088458, 2.687614692320175358, -9.713970119492996602 ) ) ;
#1349 = CARTESIAN_POINT ( 'NONE',  ( 11.14393346777947080, -1.808802342264018481, -9.340057673312287534 ) ) ;
#1350 = AXIS2_PLACEMENT_3D ( 'NONE', #181, #1066, #1904 ) ;
#1351 = AXIS2_PLACEMENT_3D ( 'NONE', #543, #1582, #90 ) ;
#1352 = ORIENTED_EDGE ( 'NONE', *, *, #520, .F. ) ;
#1353 = DIRECTION ( 'NONE',  ( -0.000000000000000000, 0.000000000000000000, 1.000000000000000000 ) ) ;
#1354 = CARTESIAN_POINT ( 'NONE',  ( 10.82321421578831355, -2.374304083294742185, -0.07313998617847872197 ) ) ;
#1355 = CARTESIAN_POINT ( 'NONE',  ( 7.586546223265270505, 0.8839745962155614034, -4.500000000000000888 ) ) ;
#1356 = EDGE_LOOP ( 'NONE', ( #2115, #716, #907, #188, #2757, #1142 ) ) ;
#1357 =( BOUNDED_CURVE ( )  B_SPLINE_CURVE ( 3, ( #2584, #603, #855, #1674 ),
 .UNSPECIFIED., .F., .F. ) 
 B_SPLINE_CURVE_WITH_KNOTS ( ( 4, 4 ),
 ( 0.000000000000000000, 1.041265660972694240 ),
 .UNSPECIFIED. ) 
 CURVE ( )  GEOMETRIC_REPRESENTATION_ITEM ( )  RATIONAL_B_SPLINE_CURVE ( ( 1.000000000000000000, 0.9116697100197745929, 0.9116697100197745929, 1.000000000000000000 ) ) 
 REPRESENTATION_ITEM ( '' )  );
#1358 = CARTESIAN_POINT ( 'NONE',  ( 11.15502313401316670, -2.458973186981878278, -0.3955888825393927832 ) ) ;
#1359 = FACE_OUTER_BOUND ( 'NONE', #487, .T. ) ;
#1360 = CARTESIAN_POINT ( 'NONE',  ( 2.400000000000001243, 0.2992877153422828229, -9.800000000000006040 ) ) ;
#1361 = VERTEX_POINT ( 'NONE', #2306 ) ;
#1362 = EDGE_CURVE ( 'NONE', #2734, #1633, #95, .T. ) ;
#1363 = DIRECTION ( 'NONE',  ( 1.000000000000000000, 0.000000000000000000, 0.000000000000000000 ) ) ;
#1364 = CARTESIAN_POINT ( 'NONE',  ( 7.586546223265268729, 0.8839745962155614034, -2.500000000000000000 ) ) ;
#1365 = CARTESIAN_POINT ( 'NONE',  ( -4.000999999999999446, 1.750000000000000000, -8.000000000000000000 ) ) ;
#1366 = VERTEX_POINT ( 'NONE', #1836 ) ;
#1367 = CARTESIAN_POINT ( 'NONE',  ( 0.000000000000000000, 3.750000000000001776, 0.000000000000000000 ) ) ;
#1368 = CARTESIAN_POINT ( 'NONE',  ( 10.69265269424843190, 2.563390162374318937, -0.01746488957676364112 ) ) ;
#1369 = CARTESIAN_POINT ( 'NONE',  ( 11.21954870451500419, -2.374808900343484019, -9.543916674487787688 ) ) ;
#1370 = EDGE_CURVE ( 'NONE', #2632, #2463, #1948, .T. ) ;
#1371 = VERTEX_POINT ( 'NONE', #107 ) ;
#1372 = DIRECTION ( 'NONE',  ( 1.000000000000000000, 0.000000000000000000, 0.000000000000000000 ) ) ;
#1373 = CARTESIAN_POINT ( 'NONE',  ( 10.95749126238286308, 2.157635749980920004, -0.1937000324536092277 ) ) ;
#1374 = ADVANCED_FACE ( 'NONE', ( #2767 ), #80, .F. ) ;
#1375 = DIRECTION ( 'NONE',  ( 0.000000000000000000, 0.8660254037844382635, 0.5000000000000004441 ) ) ;
#1376 = VECTOR ( 'NONE', #728, 1000.000000000000000 ) ;
#1377 = EDGE_LOOP ( 'NONE', ( #2474, #1191, #412, #1885 ) ) ;
#1378 = CARTESIAN_POINT ( 'NONE',  ( 11.03257988791526323, 2.024669434364405607, -9.689343869590652858 ) ) ;
#1379 = CARTESIAN_POINT ( 'NONE',  ( 2.400000000000001688, 1.556971336385373512E-14, -9.800000000000000711 ) ) ;
#1380 = EDGE_CURVE ( 'NONE', #2610, #2479, #507, .T. ) ;
#1381 = EDGE_LOOP ( 'NONE', ( #2244, #2314, #85, #51, #1561, #310, #1415, #571, #492, #42, #1693, #579, #337 ) ) ;
#1382 = LINE ( 'NONE', #1367, #459 ) ;
#1383 = CARTESIAN_POINT ( 'NONE',  ( 2.400000000000002132, 1.799999999999997602, 0.000000000000000000 ) ) ;
#1384 = CARTESIAN_POINT ( 'NONE',  ( 11.03606887713067231, 2.604325964765653811, -9.683742570394116456 ) ) ;
#1385 = CIRCLE ( 'NONE', #1291, 2.749999999999999112 ) ;
#1386 = AXIS2_PLACEMENT_3D ( 'NONE', #1319, #1602, #682 ) ;
#1387 = ORIENTED_EDGE ( 'NONE', *, *, #2057, .F. ) ;
#1388 = DIRECTION ( 'NONE',  ( 0.000000000000000000, -1.000000000000000000, 0.000000000000000000 ) ) ;
#1389 = EDGE_CURVE ( 'NONE', #1576, #1361, #561, .T. ) ;
#1390 = CARTESIAN_POINT ( 'NONE',  ( 11.36582558146016275, -2.161306038154958031, -0.8028934552353188536 ) ) ;
#1391 = CARTESIAN_POINT ( 'NONE',  ( 11.15574812105005975, -1.784383824732813650, -9.262646140868602274 ) ) ;
#1392 = VERTEX_POINT ( 'NONE', #2498 ) ;
#1393 = LINE ( 'NONE', #94, #1998 ) ;
#1394 = EDGE_CURVE ( 'NONE', #2563, #1366, #1878, .T. ) ;
#1395 = CARTESIAN_POINT ( 'NONE',  ( 7.908091617554957153, -1.433355571187560962, -4.182814746212256907 ) ) ;
#1396 = VECTOR ( 'NONE', #2642, 1000.000000000000227 ) ;
#1397 = EDGE_LOOP ( 'NONE', ( #2036, #2549, #334, #1595 ) ) ;
#1398 = DIRECTION ( 'NONE',  ( -1.000000000000000000, 0.000000000000000000, -0.000000000000000000 ) ) ;
#1399 = CARTESIAN_POINT ( 'NONE',  ( 8.000000000000000000, -4.000000000000000000, -10.00000000000000000 ) ) ;
#1400 = CARTESIAN_POINT ( 'NONE',  ( 11.17249156972852120, 1.749266010642543279, -8.988637696705607638 ) ) ;
#1401 = ORIENTED_EDGE ( 'NONE', *, *, #125, .F. ) ;
#1402 = LINE ( 'NONE', #514, #2283 ) ;
#1403 = CARTESIAN_POINT ( 'NONE',  ( 11.34005815431036979, -2.200965013073840737, -0.6969516374224020705 ) ) ;
#1404 = CARTESIAN_POINT ( 'NONE',  ( 11.01616262982566674, -2.054418347973021586, -9.718655382644465490 ) ) ;
#1405 = ORIENTED_EDGE ( 'NONE', *, *, #236, .T. ) ;
#1406 = VECTOR ( 'NONE', #954, 1000.000000000000000 ) ;
#1407 = DIRECTION ( 'NONE',  ( 1.000000000000000000, 0.000000000000000000, 0.000000000000000000 ) ) ;
#1408 = DIRECTION ( 'NONE',  ( 0.000000000000000000, -0.000000000000000000, -1.000000000000000000 ) ) ;
#1409 = FACE_OUTER_BOUND ( 'NONE', #2503, .T. ) ;
#1410 = CIRCLE ( 'NONE', #1867, 4.000000000000000000 ) ;
#1411 = ORIENTED_EDGE ( 'NONE', *, *, #392, .F. ) ;
#1412 = CARTESIAN_POINT ( 'NONE',  ( 0.000000000000000000, 3.750000000000001776, 0.000000000000000000 ) ) ;
#1413 = LINE ( 'NONE', #1399, #416 ) ;
#1414 = CARTESIAN_POINT ( 'NONE',  ( 11.11688804955347543, 1.863445972747087787, -9.463018159884340363 ) ) ;
#1415 = ORIENTED_EDGE ( 'NONE', *, *, #1057, .T. ) ;
#1416 = DIRECTION ( 'NONE',  ( 0.000000000000000000, -0.000000000000000000, -1.000000000000000000 ) ) ;
#1417 = CARTESIAN_POINT ( 'NONE',  ( 11.31334440802092445, -2.240941982728503312, -0.6240579201018907618 ) ) ;
#1418 = CARTESIAN_POINT ( 'NONE',  ( 9.096873642484538891, -1.750000000000000000, -4.000000000000000000 ) ) ;
#1419 = EDGE_LOOP ( 'NONE', ( #2110, #1902, #2688, #1444, #624, #2317, #1618 ) ) ;
#1420 = CARTESIAN_POINT ( 'NONE',  ( 11.59687364248454067, -1.750000000000000000, -4.000000000000000000 ) ) ;
#1421 = DIRECTION ( 'NONE',  ( 0.4193139346887665986, -0.9078412990032039831, 0.000000000000000000 ) ) ;
#1422 = CARTESIAN_POINT ( 'NONE',  ( 9.096873642484538891, -1.749999999999999334, -3.000000000000000000 ) ) ;
#1423 = CARTESIAN_POINT ( 'NONE',  ( 10.71947707391614557, 2.933333333333338899, -9.749999999999996447 ) ) ;
#1424 = EDGE_CURVE ( 'NONE', #1990, #282, #1950, .T. ) ;
#1425 = AXIS2_PLACEMENT_3D ( 'NONE', #1636, #2534, #30 ) ;
#1426 = EDGE_CURVE ( 'NONE', #1032, #256, #2151, .T. ) ;
#1427 = ORIENTED_EDGE ( 'NONE', *, *, #1471, .T. ) ;
#1428 = CARTESIAN_POINT ( 'NONE',  ( 10.90977497865682011, 2.237548111279377139, -0.1407621812590545696 ) ) ;
#1429 = ORIENTED_EDGE ( 'NONE', *, *, #556, .F. ) ;
#1430 = CARTESIAN_POINT ( 'NONE',  ( 8.000000000000000000, -3.749999999999993783, -10.00000000000000000 ) ) ;
#1431 = AXIS2_PLACEMENT_3D ( 'NONE', #997, #2723, #1875 ) ;
#1432 = CARTESIAN_POINT ( 'NONE',  ( 10.97252356962522946, 2.131736578593382170, -0.2133253597869092522 ) ) ;
#1433 = CARTESIAN_POINT ( 'NONE',  ( 10.82512822703010436, -2.371382141642319308, -9.925675029721247711 ) ) ;
#1434 = EDGE_LOOP ( 'NONE', ( #806, #2217, #2856, #2342 ) ) ;
#1435 = AXIS2_PLACEMENT_3D ( 'NONE', #1099, #2008, #1825 ) ;
#1436 = CARTESIAN_POINT ( 'NONE',  ( 7.115709601361630554, 1.907220239553246488, -10.00000000000000000 ) ) ;
#1437 = CARTESIAN_POINT ( 'NONE',  ( 0.000000000000000000, 0.000000000000000000, 0.000000000000000000 ) ) ;
#1438 = LINE ( 'NONE', #549, #1898 ) ;
#1439 = CARTESIAN_POINT ( 'NONE',  ( 8.460311865238923090, -1.750000000000000000, -4.000000000000000000 ) ) ;
#1440 = ADVANCED_FACE ( 'NONE', ( #359 ), #1892, .T. ) ;
#1441 = ORIENTED_EDGE ( 'NONE', *, *, #2112, .T. ) ;
#1442 = CARTESIAN_POINT ( 'NONE',  ( 11.38336443736537085, -2.133741787767670317, -8.961301775076305987 ) ) ;
#1443 = CIRCLE ( 'NONE', #279, 2.749999999999999112 ) ;
#1444 = ORIENTED_EDGE ( 'NONE', *, *, #38, .F. ) ;
#1445 = CARTESIAN_POINT ( 'NONE',  ( 11.15546148261889492, -1.784965881027012147, -0.7371912736470843663 ) ) ;
#1446 = CARTESIAN_POINT ( 'NONE',  ( 11.21755340661236211, 2.376982842248493544, -0.4586785170176085336 ) ) ;
#1447 = ORIENTED_EDGE ( 'NONE', *, *, #1718, .F. ) ;
#1448 = CARTESIAN_POINT ( 'NONE',  ( 10.77707756140125639, -2.443371688003674880, -0.04805201143064032065 ) ) ;
#1449 = CIRCLE ( 'NONE', #2093, 1.999999999999997335 ) ;
#1450 = DIRECTION ( 'NONE',  ( 1.000000000000000000, 0.000000000000000000, 0.000000000000000000 ) ) ;
#1451 =( BOUNDED_CURVE ( )  B_SPLINE_CURVE ( 3, ( #1643, #1795, #583, #2086 ),
 .UNSPECIFIED., .F., .F. ) 
 B_SPLINE_CURVE_WITH_KNOTS ( ( 4, 4 ),
 ( 2.100326992617098210, 3.141592653589793116 ),
 .UNSPECIFIED. ) 
 CURVE ( )  GEOMETRIC_REPRESENTATION_ITEM ( )  RATIONAL_B_SPLINE_CURVE ( ( 1.000000000000000000, 0.9116697100197745929, 0.9116697100197745929, 1.000000000000000000 ) ) 
 REPRESENTATION_ITEM ( '' )  );
#1452 = EDGE_CURVE ( 'NONE', #2785, #161, #1262, .T. ) ;
#1453 = ORIENTED_EDGE ( 'NONE', *, *, #1771, .T. ) ;
#1454 = CARTESIAN_POINT ( 'NONE',  ( 10.87895398483876974, -2.777161568279995052, -9.735883754082530928 ) ) ;
#1455 = ORIENTED_EDGE ( 'NONE', *, *, #418, .T. ) ;
#1456 = DIRECTION ( 'NONE',  ( 1.000000000000000000, 0.000000000000000000, 0.000000000000000000 ) ) ;
#1457 = CARTESIAN_POINT ( 'NONE',  ( 10.97945697290304068, -2.119552943492768016, -0.2235907197605605523 ) ) ;
#1458 = EDGE_CURVE ( 'NONE', #2335, #2785, #1714, .T. ) ;
#1459 = DIRECTION ( 'NONE',  ( 0.000000000000000000, -1.000000000000000000, 0.000000000000000000 ) ) ;
#1460 = ORIENTED_EDGE ( 'NONE', *, *, #520, .T. ) ;
#1461 = CARTESIAN_POINT ( 'NONE',  ( 11.10697062455606776, -1.883176789359387149, -0.5001400993802177508 ) ) ;
#1462 = FACE_OUTER_BOUND ( 'NONE', #1966, .T. ) ;
#1463 = FACE_OUTER_BOUND ( 'NONE', #2876, .T. ) ;
#1464 = CARTESIAN_POINT ( 'NONE',  ( 0.000000000000000000, -1.750000000000000000, -10.00000000000000000 ) ) ;
#1465 = EDGE_LOOP ( 'NONE', ( #2486, #1547, #1753, #2627 ) ) ;
#1466 = CARTESIAN_POINT ( 'NONE',  ( 11.35352903229976995, -2.180375207141932226, -9.255043254978309264 ) ) ;
#1467 = ORIENTED_EDGE ( 'NONE', *, *, #634, .T. ) ;
#1468 = DIRECTION ( 'NONE',  ( 0.000000000000000000, -0.000000000000000000, -1.000000000000000000 ) ) ;
#1469 = CARTESIAN_POINT ( 'NONE',  ( 11.24368794896535029, -2.340734652321789344, -0.4955193520808851004 ) ) ;
#1470 = CARTESIAN_POINT ( 'NONE',  ( 11.38362067745320516, 2.133333333333333748, -1.778682396810643107 ) ) ;
#1471 = EDGE_CURVE ( 'NONE', #1094, #101, #2643, .T. ) ;
#1472 = ORIENTED_EDGE ( 'NONE', *, *, #2529, .T. ) ;
#1473 = DIRECTION ( 'NONE',  ( 0.000000000000000000, 0.000000000000000000, -1.000000000000000000 ) ) ;
#1474 = EDGE_CURVE ( 'NONE', #1254, #2563, #1728, .T. ) ;
#1475 = CARTESIAN_POINT ( 'NONE',  ( 11.38362067745320516, -2.133333333333333748, -10.00000000000000000 ) ) ;
#1476 = CARTESIAN_POINT ( 'NONE',  ( 11.59687364248454067, 1.750000000000000000, -10.25783678545318445 ) ) ;
#1477 = CIRCLE ( 'NONE', #1012, 3.750000000000001776 ) ;
#1478 = LINE ( 'NONE', #1517, #2562 ) ;
#1479 = DIRECTION ( 'NONE',  ( -0.000000000000000000, -0.000000000000000000, 1.000000000000000000 ) ) ;
#1480 = CARTESIAN_POINT ( 'NONE',  ( 10.71945079066768436, -2.526317246605887412, -9.975111859310118234 ) ) ;
#1481 = ORIENTED_EDGE ( 'NONE', *, *, #2559, .T. ) ;
#1482 = CARTESIAN_POINT ( 'NONE',  ( 10.99208131924896215, -2.654743602177889628, -0.2968583790590485494 ) ) ;
#1483 = ADVANCED_FACE ( 'NONE', ( #797 ), #2836, .F. ) ;
#1484 = CARTESIAN_POINT ( 'NONE',  ( 0.000000000000000000, 0.000000000000000000, -0.9999999999999991118 ) ) ;
#1485 = AXIS2_PLACEMENT_3D ( 'NONE', #846, #2556, #1574 ) ;
#1486 = ORIENTED_EDGE ( 'NONE', *, *, #2608, .F. ) ;
#1487 = DIRECTION ( 'NONE',  ( 1.000000000000000000, 0.000000000000000000, 0.000000000000000000 ) ) ;
#1488 = CARTESIAN_POINT ( 'NONE',  ( 0.000000000000000000, 0.000000000000000000, -0.2500000000000002220 ) ) ;
#1489 = CARTESIAN_POINT ( 'NONE',  ( -3.000000000000000000, 3.673940397442059868E-16, -0.9999999999999991118 ) ) ;
#1490 = AXIS2_PLACEMENT_3D ( 'NONE', #2101, #1615, #987 ) ;
#1491 =( LENGTH_UNIT ( ) NAMED_UNIT ( * ) SI_UNIT ( .MILLI., .METRE. ) );
#1492 = LINE ( 'NONE', #1041, #189 ) ;
#1493 = AXIS2_PLACEMENT_3D ( 'NONE', #1235, #591, #1713 ) ;
#1494 = CARTESIAN_POINT ( 'NONE',  ( 7.586546223265268729, -0.8839745962155610703, -4.500000000000000000 ) ) ;
#1495 = CARTESIAN_POINT ( 'NONE',  ( 11.28097812611101247, -2.288076026221666837, -9.443572723393643287 ) ) ;
#1496 = ORIENTED_EDGE ( 'NONE', *, *, #1265, .F. ) ;
#1497 = LINE ( 'NONE', #1548, #2075 ) ;
#1498 = CARTESIAN_POINT ( 'NONE',  ( 10.76441139829336890, -2.891674992199861460, -0.2500037169509919388 ) ) ;
#1499 = ORIENTED_EDGE ( 'NONE', *, *, #2056, .T. ) ;
#1500 = CARTESIAN_POINT ( 'NONE',  ( 10.87578953496940493, -2.292505171277359644, -0.1102169506714097413 ) ) ;
#1501 = CARTESIAN_POINT ( 'NONE',  ( 11.34390832834920992, -2.133775830739707224, -9.221573079186045518 ) ) ;
#1502 = EDGE_CURVE ( 'NONE', #1899, #2553, #800, .T. ) ;
#1503 = CARTESIAN_POINT ( 'NONE',  ( 0.000000000000000000, 4.000000000000000000, -9.749999999999996447 ) ) ;
#1504 = DIRECTION ( 'NONE',  ( 1.000000000000000000, 0.000000000000000000, 0.000000000000000000 ) ) ;
#1505 = DIRECTION ( 'NONE',  ( 1.000000000000000000, 0.000000000000000000, 0.000000000000000000 ) ) ;
#1506 = CARTESIAN_POINT ( 'NONE',  ( 8.460311865238924867, 1.750000000000000222, -7.000000000000000888 ) ) ;
#1507 = EDGE_CURVE ( 'NONE', #2553, #282, #330, .T. ) ;
#1508 = CARTESIAN_POINT ( 'NONE',  ( 11.01887191400465404, -2.049663364258632825, -9.714676806383740981 ) ) ;
#1509 = VERTEX_POINT ( 'NONE', #1946 ) ;
#1510 = CARTESIAN_POINT ( 'NONE',  ( 11.01589549875184915, 2.054900478123111718, -0.2808786692888268766 ) ) ;
#1511 = CARTESIAN_POINT ( 'NONE',  ( 7.586546223265270505, 0.8839745962155614034, -4.500000000000000888 ) ) ;
#1512 = VERTEX_POINT ( 'NONE', #150 ) ;
#1513 = CARTESIAN_POINT ( 'NONE',  ( 11.17214438511238228, -1.750000000000000000, -0.9999999999999991118 ) ) ;
#1514 = CARTESIAN_POINT ( 'NONE',  ( 11.59687364248454067, 1.750000000000000000, -5.000000000000000000 ) ) ;
#1515 = CARTESIAN_POINT ( 'NONE',  ( -4.000999999999999446, -0.8839745962155610703, -6.500000000000000000 ) ) ;
#1516 = ORIENTED_EDGE ( 'NONE', *, *, #1362, .T. ) ;
#1517 = CARTESIAN_POINT ( 'NONE',  ( 11.59687364248454067, 1.750000000000000000, -9.000000000000001776 ) ) ;
#1518 = CIRCLE ( 'NONE', #267, 3.000000000000000000 ) ;
#1519 = EDGE_LOOP ( 'NONE', ( #2014, #1329, #1245, #2383, #2678, #2803, #2284, #65, #244, #1856, #2752, #272, #2715, #1499, #2417, #2295, #112, #899, #1939, #1273, #2288, #1429, #1496, #2325, #2882, #838 ) ) ;
#1520 = CARTESIAN_POINT ( 'NONE',  ( 10.78907187841907245, -2.425665136460338100, -9.946067518427788912 ) ) ;
#1521 = EDGE_LOOP ( 'NONE', ( #1222, #1746, #261, #1580 ) ) ;
#1522 = CARTESIAN_POINT ( 'NONE',  ( 10.97307849756971443, 2.130762906889888786, -0.2141440670052023321 ) ) ;
#1523 = CARTESIAN_POINT ( 'NONE',  ( 10.71947707391614912, -2.933333333333336679, -9.749999999999996447 ) ) ;
#1524 = ORIENTED_EDGE ( 'NONE', *, *, #358, .F. ) ;
#1525 = CARTESIAN_POINT ( 'NONE',  ( 10.89285310402470586, -2.762659183456044776, -0.2669668331130789496 ) ) ;
#1526 = CARTESIAN_POINT ( 'NONE',  ( 10.87214501834023750, 2.784195984962463566, -0.2628476892847069202 ) ) ;
#1527 = CIRCLE ( 'NONE', #2839, 1.000000000000000000 ) ;
#1528 = FACE_OUTER_BOUND ( 'NONE', #652, .T. ) ;
#1529 = AXIS2_PLACEMENT_3D ( 'NONE', #726, #312, #2085 ) ;
#1530 = FACE_OUTER_BOUND ( 'NONE', #809, .T. ) ;
#1531 = AXIS2_PLACEMENT_3D ( 'NONE', #2721, #1388, #2475 ) ;
#1532 = CARTESIAN_POINT ( 'NONE',  ( 11.05187529609704988, -1.988861772323981425, -9.648839851647984744 ) ) ;
#1533 = AXIS2_PLACEMENT_3D ( 'NONE', #2624, #1963, #2863 ) ;
#1534 = ORIENTED_EDGE ( 'NONE', *, *, #331, .F. ) ;
#1535 = CARTESIAN_POINT ( 'NONE',  ( 11.59687364248454067, -1.750000000000000000, -10.00000000000000000 ) ) ;
#1536 = COLOUR_RGB ( '',0.7921568627450980005, 0.8196078431372548767, 0.9333333333333333481 ) ;
#1537 = DIRECTION ( 'NONE',  ( 0.000000000000000000, -0.5000000000000004441, 0.8660254037844383745 ) ) ;
#1538 = DIRECTION ( 'NONE',  ( -1.000000000000000000, 0.000000000000000000, 0.000000000000000000 ) ) ;
#1539 = ORIENTED_EDGE ( 'NONE', *, *, #2766, .T. ) ;
#1540 = EDGE_CURVE ( 'NONE', #970, #1512, #1357, .T. ) ;
#1541 = CARTESIAN_POINT ( 'NONE',  ( 9.445442795245302392, 2.907984420486655175, -0.3107114409509437181 ) ) ;
#1542 = DIRECTION ( 'NONE',  ( -0.000000000000000000, 0.5000000000000003331, 0.8660254037844385966 ) ) ;
#1543 = ORIENTED_EDGE ( 'NONE', *, *, #1362, .F. ) ;
#1544 = DIRECTION ( 'NONE',  ( 0.000000000000000000, 0.000000000000000000, 1.000000000000000000 ) ) ;
#1545 = CARTESIAN_POINT ( 'NONE',  ( 0.000000000000000000, -4.000000000000000000, -0.2500000000000002220 ) ) ;
#1546 = FACE_OUTER_BOUND ( 'NONE', #445, .T. ) ;
#1547 = ORIENTED_EDGE ( 'NONE', *, *, #2888, .F. ) ;
#1548 = CARTESIAN_POINT ( 'NONE',  ( 0.000000000000000000, -4.000000000000000000, -0.2500000000000002220 ) ) ;
#1549 = CARTESIAN_POINT ( 'NONE',  ( 11.08884289614119112, 1.919004363207930997, -0.4393507616368181878 ) ) ;
#1550 = CARTESIAN_POINT ( 'NONE',  ( 7.103814610087948012, -1.584796304621333363, -0.01985245005216986630 ) ) ;
#1551 = ORIENTED_EDGE ( 'NONE', *, *, #2888, .T. ) ;
#1552 = CARTESIAN_POINT ( 'NONE',  ( 0.000000000000000000, 0.000000000000000000, -0.9999999999999991118 ) ) ;
#1553 = CARTESIAN_POINT ( 'NONE',  ( 10.99305947863335398, 2.653641300011832627, -0.2972417361417247217 ) ) ;
#1554 = DIRECTION ( 'NONE',  ( -0.9078412990032039831, -0.4193139346887665986, 0.000000000000000000 ) ) ;
#1555 = EDGE_LOOP ( 'NONE', ( #1543, #1805, #320, #870 ) ) ;
#1556 = CARTESIAN_POINT ( 'NONE',  ( 10.95034728630089838, 2.169681638700325266, -9.814566723583137531 ) ) ;
#1557 = VECTOR ( 'NONE', #2462, 1000.000000000000000 ) ;
#1558 = DIRECTION ( 'NONE',  ( 0.000000000000000000, 0.7071067811865451302, 0.7071067811865500152 ) ) ;
#1559 = DIRECTION ( 'NONE',  ( 0.000000000000000000, 0.000000000000000000, 1.000000000000000000 ) ) ;
#1560 = CIRCLE ( 'NONE', #1435, 3.000000000000000000 ) ;
#1561 = ORIENTED_EDGE ( 'NONE', *, *, #1954, .T. ) ;
#1562 = CARTESIAN_POINT ( 'NONE',  ( 8.000000000000000000, 0.000000000000000000, -9.749999999999996447 ) ) ;
#1563 = CYLINDRICAL_SURFACE ( 'NONE', #1112, 1.999999999999997335 ) ;
#1564 = CARTESIAN_POINT ( 'NONE',  ( 11.17167750429440076, -2.439027945706992995, -9.594948905837551223 ) ) ;
#1565 = ORIENTED_EDGE ( 'NONE', *, *, #1573, .F. ) ;
#1566 = CARTESIAN_POINT ( 'NONE',  ( 10.95335723929471605, -2.697868957975361415, -0.2829131479706165075 ) ) ;
#1567 = EDGE_CURVE ( 'NONE', #1633, #1254, #2598, .T. ) ;
#1568 = CARTESIAN_POINT ( 'NONE',  ( 11.20161514212695053, 2.397981254397394402, -0.4421228496004590558 ) ) ;
#1569 = CARTESIAN_POINT ( 'NONE',  ( -4.000999999999999446, -0.8839745962155610703, -8.500000000000000000 ) ) ;
#1570 = CARTESIAN_POINT ( 'NONE',  ( 11.59687364248453889, 1.749999999999998890, -6.999999999999997335 ) ) ;
#1571 = VECTOR ( 'NONE', #1893, 1000.000000000000000 ) ;
#1572 = CARTESIAN_POINT ( 'NONE',  ( 10.59379049995773414, 2.695263451251332931, -9.999993530945129550 ) ) ;
#1573 = EDGE_CURVE ( 'NONE', #994, #462, #570, .T. ) ;
#1574 = DIRECTION ( 'NONE',  ( -1.000000000000000000, 0.000000000000000000, 0.000000000000000000 ) ) ;
#1575 = VECTOR ( 'NONE', #755, 1000.000000000000000 ) ;
#1576 = VERTEX_POINT ( 'NONE', #2375 ) ;
#1577 = DIRECTION ( 'NONE',  ( 1.000000000000000000, 0.000000000000000000, 0.000000000000000000 ) ) ;
#1578 = CARTESIAN_POINT ( 'NONE',  ( 10.74191041319893358, 2.494634059916471358, -0.03244131885809376642 ) ) ;
#1579 = CARTESIAN_POINT ( 'NONE',  ( 0.000000000000000000, 4.000000000000000000, -0.2500000000000002220 ) ) ;
#1580 = ORIENTED_EDGE ( 'NONE', *, *, #209, .T. ) ;
#1581 = PRESENTATION_LAYER_ASSIGNMENT (  '', '', ( #1227 ) ) ;
#1582 = DIRECTION ( 'NONE',  ( -0.8755950357709159082, -0.4830458915396429465, 0.000000000000000000 ) ) ;
#1583 = CARTESIAN_POINT ( 'NONE',  ( 11.36015800079329807, 2.170106823179668964, -0.7747838263449092766 ) ) ;
#1584 = CARTESIAN_POINT ( 'NONE',  ( 10.71947707391615268, 2.933333333333333126, -0.2500000000000002220 ) ) ;
#1585 = ORIENTED_EDGE ( 'NONE', *, *, #419, .F. ) ;
#1586 = CARTESIAN_POINT ( 'NONE',  ( 0.000000000000000000, 3.749999999999993783, -10.00000000000000000 ) ) ;
#1587 = CARTESIAN_POINT ( 'NONE',  ( 8.460311865238923090, -1.750000000000000000, -6.000000000000000888 ) ) ;
#1588 = CARTESIAN_POINT ( 'NONE',  ( 10.77928494795741265, 2.440127982213732061, -9.950898027437723670 ) ) ;
#1589 = CYLINDRICAL_SURFACE ( 'NONE', #2640, 4.000000000000000000 ) ;
#1590 = EDGE_LOOP ( 'NONE', ( #1401, #2191, #2267, #1551 ) ) ;
#1591 = ADVANCED_FACE ( 'NONE', ( #1462 ), #2346, .T. ) ;
#1592 = DIRECTION ( 'NONE',  ( -0.000000000000000000, 0.000000000000000000, 1.000000000000000000 ) ) ;
#1593 = CARTESIAN_POINT ( 'NONE',  ( 10.71947707391614912, -2.933333333333336679, -9.749999999999996447 ) ) ;
#1594 = CARTESIAN_POINT ( 'NONE',  ( 11.15636166565566612, 1.783090194588499156, -9.255314920068544282 ) ) ;
#1595 = ORIENTED_EDGE ( 'NONE', *, *, #2792, .T. ) ;
#1596 = LINE ( 'NONE', #1819, #523 ) ;
#1597 = CARTESIAN_POINT ( 'NONE',  ( 11.37920584864541951, -2.140320537091297215, -0.9000740158320732487 ) ) ;
#1598 = CARTESIAN_POINT ( 'NONE',  ( 11.17214476213271013, -1.749999999999999334, -9.000000000000001776 ) ) ;
#1599 = AXIS2_PLACEMENT_3D ( 'NONE', #1185, #2319, #1659 ) ;
#1600 = EDGE_LOOP ( 'NONE', ( #1060, #349, #318, #2434, #407, #2351 ) ) ;
#1601 = CARTESIAN_POINT ( 'NONE',  ( 10.76964694854085636, 2.454251535958630104, -9.955368430044320149 ) ) ;
#1602 = DIRECTION ( 'NONE',  ( -0.000000000000000000, 0.000000000000000000, 1.000000000000000000 ) ) ;
#1603 = ORIENTED_EDGE ( 'NONE', *, *, #1266, .T. ) ;
#1604 = DIRECTION ( 'NONE',  ( 1.000000000000000000, 0.000000000000000000, 0.000000000000000000 ) ) ;
#1605 = CARTESIAN_POINT ( 'NONE',  ( 10.63404190016042961, 2.642931028884241140, -0.004370822654671207771 ) ) ;
#1606 = CARTESIAN_POINT ( 'NONE',  ( 11.13836542517785055, 2.480093432286937016, -9.618146515483905645 ) ) ;
#1607 = AXIS2_PLACEMENT_3D ( 'NONE', #1515, #2405, #2181 ) ;
#1608 = VECTOR ( 'NONE', #86, 1000.000000000000000 ) ;
#1609 = ORIENTED_EDGE ( 'NONE', *, *, #1219, .F. ) ;
#1610 = DIRECTION ( 'NONE',  ( -0.3713906763541028888, -0.8040844011283462267, -0.4642383454426300959 ) ) ;
#1611 = CARTESIAN_POINT ( 'NONE',  ( 10.92634656856189501, 2.210170937917445233, -0.1576222234034273528 ) ) ;
#1612 = CARTESIAN_POINT ( 'NONE',  ( 11.05502776838543966, -1.983035037958751357, -9.642640933204896569 ) ) ;
#1613 = ORIENTED_EDGE ( 'NONE', *, *, #362, .F. ) ;
#1614 = CARTESIAN_POINT ( 'NONE',  ( 2.000000000000000000, 0.000000000000000000, -9.000000000000001776 ) ) ;
#1615 = DIRECTION ( 'NONE',  ( 0.000000000000000000, 0.000000000000000000, -1.000000000000000000 ) ) ;
#1616 = LINE ( 'NONE', #2557, #397 ) ;
#1617 = AXIS2_PLACEMENT_3D ( 'NONE', #1811, #917, #1421 ) ;
#1618 = ORIENTED_EDGE ( 'NONE', *, *, #1845, .F. ) ;
#1619 = LINE ( 'NONE', #525, #366 ) ;
#1620 = CARTESIAN_POINT ( 'NONE',  ( 11.59687364248454067, -1.750000000000000000, -2.000000000000000000 ) ) ;
#1621 = CARTESIAN_POINT ( 'NONE',  ( 11.17013866597165261, 1.754236913609400705, -8.908044163959683459 ) ) ;
#1622 = ORIENTED_EDGE ( 'NONE', *, *, #269, .F. ) ;
#1623 = DIRECTION ( 'NONE',  ( 0.000000000000000000, 0.000000000000000000, -1.000000000000000000 ) ) ;
#1624 = CARTESIAN_POINT ( 'NONE',  ( 10.85978138451647368, 2.317837258568369752, -0.09770778073500410721 ) ) ;
#1625 = CARTESIAN_POINT ( 'NONE',  ( 11.06820254502562229, 2.566507592760837397, -0.3330674065123909733 ) ) ;
#1626 = VERTEX_POINT ( 'NONE', #1275 ) ;
#1627 = CARTESIAN_POINT ( 'NONE',  ( 0.000000000000000000, 0.000000000000000000, -0.2500000000000002220 ) ) ;
#1628 = EDGE_CURVE ( 'NONE', #74, #1072, #2481, .T. ) ;
#1629 = CARTESIAN_POINT ( 'NONE',  ( 11.59687364248454067, 1.749999999999999334, -9.000000000000001776 ) ) ;
#1630 = DIRECTION ( 'NONE',  ( 1.224646799147353207E-16, 1.000000000000000000, 0.000000000000000000 ) ) ;
#1631 = EDGE_CURVE ( 'NONE', #2779, #249, #887, .T. ) ;
#1632 = CARTESIAN_POINT ( 'NONE',  ( 7.586546223265268729, -0.8839745962155610703, -2.499999999999999556 ) ) ;
#1633 = VERTEX_POINT ( 'NONE', #2180 ) ;
#1634 = CARTESIAN_POINT ( 'NONE',  ( 7.088910369116875998, 1.109029112633164393, -0.1092445843063588884 ) ) ;
#1635 = ORIENTED_EDGE ( 'NONE', *, *, #2415, .T. ) ;
#1636 = CARTESIAN_POINT ( 'NONE',  ( 0.000000000000000000, 0.000000000000000000, 0.000000000000000000 ) ) ;
#1637 = CARTESIAN_POINT ( 'NONE',  ( 11.11539964128292368, 1.866454064862632212, -0.5302394940712999993 ) ) ;
#1638 = CARTESIAN_POINT ( 'NONE',  ( 11.00206532942063120, -2.079697066302446995, -9.742289276978254975 ) ) ;
#1639 = EDGE_LOOP ( 'NONE', ( #1818, #288, #724, #759 ) ) ;
#1640 = CARTESIAN_POINT ( 'NONE',  ( 7.081518731808614575, 0.7966178638889399588, -9.812569141912193871 ) ) ;
#1641 = CARTESIAN_POINT ( 'NONE',  ( 10.54950975679638248, 2.750000000000000000, -10.00000000000000000 ) ) ;
#1642 = EDGE_CURVE ( 'NONE', #1076, #1137, #474, .T. ) ;
#1643 = CARTESIAN_POINT ( 'NONE',  ( 7.586546223265270505, 0.8839745962155614034, -4.500000000000000888 ) ) ;
#1644 =( BOUNDED_CURVE ( )  B_SPLINE_CURVE ( 3, ( #2552, #64, #2302, #104 ),
 .UNSPECIFIED., .F., .T. ) 
 B_SPLINE_CURVE_WITH_KNOTS ( ( 4, 4 ),
 ( 0.000000000000000000, 1.041265660972694240 ),
 .UNSPECIFIED. ) 
 CURVE ( )  GEOMETRIC_REPRESENTATION_ITEM ( )  RATIONAL_B_SPLINE_CURVE ( ( 1.000000000000000000, 0.9116697100197745929, 0.9116697100197745929, 1.000000000000000000 ) ) 
 REPRESENTATION_ITEM ( '' )  );
#1645 = CARTESIAN_POINT ( 'NONE',  ( 7.586546223265268729, -0.8839745962155610703, -4.500000000000000000 ) ) ;
#1646 = ORIENTED_EDGE ( 'NONE', *, *, #1642, .T. ) ;
#1647 = CARTESIAN_POINT ( 'NONE',  ( 11.23475188044305106, -2.353068880824946252, -9.517007902192732516 ) ) ;
#1648 = ORIENTED_EDGE ( 'NONE', *, *, #1631, .T. ) ;
#1649 = FACE_OUTER_BOUND ( 'NONE', #1639, .T. ) ;
#1650 = EDGE_CURVE ( 'NONE', #197, #277, #489, .T. ) ;
#1651 = VECTOR ( 'NONE', #2386, 1000.000000000000000 ) ;
#1652 = CARTESIAN_POINT ( 'NONE',  ( 11.16174949031097796, 1.771862070567870928, -0.7911683971978880070 ) ) ;
#1653 = DIRECTION ( 'NONE',  ( 0.000000000000000000, 0.000000000000000000, 1.000000000000000000 ) ) ;
#1654 = ORIENTED_EDGE ( 'NONE', *, *, #392, .T. ) ;
#1655 = ADVANCED_FACE ( 'NONE', ( #1359 ), #2376, .T. ) ;
#1656 = CARTESIAN_POINT ( 'NONE',  ( 10.97250180141846876, -2.131647246770027593, -0.2139361765270607618 ) ) ;
#1657 = FACE_OUTER_BOUND ( 'NONE', #134, .T. ) ;
#1658 = FACE_OUTER_BOUND ( 'NONE', #433, .T. ) ;
#1659 = DIRECTION ( 'NONE',  ( 1.000000000000000000, 0.000000000000000000, 0.000000000000000000 ) ) ;
#1660 = CARTESIAN_POINT ( 'NONE',  ( 10.94515569348634365, 2.706773037570665785, -9.719492460468057260 ) ) ;
#1661 =( BOUNDED_CURVE ( )  B_SPLINE_CURVE ( 3, ( #479, #1984, #2246, #1364 ),
 .UNSPECIFIED., .F., .F. ) 
 B_SPLINE_CURVE_WITH_KNOTS ( ( 4, 4 ),
 ( 0.000000000000000000, 1.041265660972695350 ),
 .UNSPECIFIED. ) 
 CURVE ( )  GEOMETRIC_REPRESENTATION_ITEM ( )  RATIONAL_B_SPLINE_CURVE ( ( 1.000000000000000000, 0.9116697100197745929, 0.9116697100197745929, 1.000000000000000000 ) ) 
 REPRESENTATION_ITEM ( '' )  );
#1662 = ORIENTED_EDGE ( 'NONE', *, *, #1814, .T. ) ;
#1663 = EDGE_CURVE ( 'NONE', #2695, #1072, #750, .T. ) ;
#1664 = CARTESIAN_POINT ( 'NONE',  ( 10.71947707391614912, -2.933333333333336679, -9.749999999999998224 ) ) ;
#1665 = AXIS2_PLACEMENT_3D ( 'NONE', #438, #2892, #1080 ) ;
#1666 = EDGE_CURVE ( 'NONE', #1797, #913, #423, .T. ) ;
#1667 = EDGE_LOOP ( 'NONE', ( #895, #192, #415 ) ) ;
#1668 = DIRECTION ( 'NONE',  ( 1.000000000000000000, 0.000000000000000000, 0.000000000000000000 ) ) ;
#1669 = CARTESIAN_POINT ( 'NONE',  ( 11.01479003709827609, -2.056897845347734233, -0.2789649828146785748 ) ) ;
#1670 = CARTESIAN_POINT ( 'NONE',  ( 10.66282130154290009, -2.872222222222222676, -0.1666666666666668239 ) ) ;
#1671 = EDGE_LOOP ( 'NONE', ( #1603, #1851, #266, #2637 ) ) ;
#1672 = VECTOR ( 'NONE', #942, 1000.000000000000000 ) ;
#1673 = CARTESIAN_POINT ( 'NONE',  ( 10.65275764483536314, -2.617437753263524680, -0.008737881723520260491 ) ) ;
#1674 = CARTESIAN_POINT ( 'NONE',  ( 7.586546223265272282, 0.8839745962155614034, -6.500000000000000888 ) ) ;
#1675 = CARTESIAN_POINT ( 'NONE',  ( 11.59687364248454067, 1.750000000000000000, -10.25783678545318445 ) ) ;
#1676 = AXIS2_PLACEMENT_3D ( 'NONE', #1727, #2443, #457 ) ;
#1677 = CONICAL_SURFACE ( 'NONE', #805, 4.000000000000000000, 0.7853981633974533860 ) ;
#1678 = CARTESIAN_POINT ( 'NONE',  ( -4.000999999999999446, -1.749999999999999334, -5.000000000000000000 ) ) ;
#1679 = CARTESIAN_POINT ( 'NONE',  ( 11.19687364248454031, -0.8839745962155611814, -2.500000000000000444 ) ) ;
#1680 = ORIENTED_EDGE ( 'NONE', *, *, #1370, .T. ) ;
#1681 = CARTESIAN_POINT ( 'NONE',  ( 10.97501000364724710, -2.673865442501299761, -9.709550638820870105 ) ) ;
#1682 = ADVANCED_FACE ( 'NONE', ( #516 ), #2873, .T. ) ;
#1683 = ORIENTED_EDGE ( 'NONE', *, *, #1871, .F. ) ;
#1684 = DIRECTION ( 'NONE',  ( 0.000000000000000000, -1.000000000000000000, 0.000000000000000000 ) ) ;
#1685 = CARTESIAN_POINT ( 'NONE',  ( 11.16186031898731379, -1.771630204791807106, -0.7922754879540327977 ) ) ;
#1686 = LINE ( 'NONE', #589, #1249 ) ;
#1687 = ORIENTED_EDGE ( 'NONE', *, *, #2815, .F. ) ;
#1688 = CARTESIAN_POINT ( 'NONE',  ( 0.000000000000000000, 0.000000000000000000, -9.000000000000001776 ) ) ;
#1689 = CARTESIAN_POINT ( 'NONE',  ( 7.073436821242268913, 2.252865057962012526E-16, -9.687099663275615669 ) ) ;
#1690 = CARTESIAN_POINT ( 'NONE',  ( 4.800000000000000711, 0.000000000000000000, -0.9999999999999991118 ) ) ;
#1691 = PLANE ( 'NONE',  #1223 ) ;
#1692 = PRODUCT_DEFINITION_FORMATION_WITH_SPECIFIED_SOURCE ( 'ANY', '', #1332, .NOT_KNOWN. ) ;
#1693 = ORIENTED_EDGE ( 'NONE', *, *, #547, .T. ) ;
#1694 = CARTESIAN_POINT ( 'NONE',  ( 10.99569779747588072, -2.650667246252480069, -9.701718762546491348 ) ) ;
#1695 = VERTEX_POINT ( 'NONE', #2874 ) ;
#1696 = PLANE ( 'NONE',  #1111 ) ;
#1697 = CARTESIAN_POINT ( 'NONE',  ( 10.95703069932204166, -2.158284563619111029, -0.1936891675200742846 ) ) ;
#1698 = ORIENTED_EDGE ( 'NONE', *, *, #1250, .T. ) ;
#1699 = DIRECTION ( 'NONE',  ( -0.000000000000000000, 0.000000000000000000, 1.000000000000000000 ) ) ;
#1700 = AXIS2_PLACEMENT_3D ( 'NONE', #2790, #852, #1711 ) ;
#1701 = ADVANCED_FACE ( 'NONE', ( #13 ), #468, .T. ) ;
#1702 = DIRECTION ( 'NONE',  ( 0.000000000000000000, 0.000000000000000000, 1.000000000000000000 ) ) ;
#1703 = CARTESIAN_POINT ( 'NONE',  ( 11.18224366866579444, 1.768305666097615081, -9.010568781249157055 ) ) ;
#1704 = TOROIDAL_SURFACE ( 'NONE', #595, 2.999999999999997335, 1.000000000000000000 ) ;
#1705 = DIRECTION ( 'NONE',  ( 0.000000000000000000, 0.000000000000000000, 1.000000000000000000 ) ) ;
#1706 = DIRECTION ( 'NONE',  ( 0.000000000000000000, 0.000000000000000000, 1.000000000000000000 ) ) ;
#1707 = FACE_OUTER_BOUND ( 'NONE', #216, .T. ) ;
#1708 = ORIENTED_EDGE ( 'NONE', *, *, #536, .F. ) ;
#1709 = CARTESIAN_POINT ( 'NONE',  ( -4.000999999999999446, 0.8839745962155614034, -2.500000000000000000 ) ) ;
#1710 = CARTESIAN_POINT ( 'NONE',  ( 11.25672573716200375, -2.322538666577411703, -0.5149302613448552002 ) ) ;
#1711 = DIRECTION ( 'NONE',  ( 1.000000000000000000, 0.000000000000000000, 0.000000000000000000 ) ) ;
#1712 = EDGE_LOOP ( 'NONE', ( #2221, #1534, #1187, #1979 ) ) ;
#1713 = DIRECTION ( 'NONE',  ( 0.000000000000000000, 0.8660254037844388186, -0.4999999999999996669 ) ) ;
#1714 = LINE ( 'NONE', #1051, #2708 ) ;
#1715 = DIRECTION ( 'NONE',  ( 1.000000000000000000, 0.000000000000000000, 0.000000000000000000 ) ) ;
#1716 = VECTOR ( 'NONE', #2404, 1000.000000000000000 ) ;
#1717 = AXIS2_PLACEMENT_3D ( 'NONE', #2047, #2749, #1623 ) ;
#1718 = EDGE_CURVE ( 'NONE', #432, #1923, #1176, .T. ) ;
#1719 = EDGE_CURVE ( 'NONE', #533, #2084, #1962, .T. ) ;
#1720 = FACE_OUTER_BOUND ( 'NONE', #2099, .T. ) ;
#1721 = CARTESIAN_POINT ( 'NONE',  ( 11.17214476213271723, 1.750000000000000000, -9.000000000000001776 ) ) ;
#1722 = ORIENTED_EDGE ( 'NONE', *, *, #733, .T. ) ;
#1723 = FACE_OUTER_BOUND ( 'NONE', #1972, .T. ) ;
#1724 = CARTESIAN_POINT ( 'NONE',  ( 11.15776486013725943, -1.780174462025479576, -0.7554691154334995939 ) ) ;
#1725 = CARTESIAN_POINT ( 'NONE',  ( 7.073436821242048644, -0.1616573844158279150, -0.3129003367239494571 ) ) ;
#1726 = ORIENTED_EDGE ( 'NONE', *, *, #317, .F. ) ;
#1727 = CARTESIAN_POINT ( 'NONE',  ( 8.000000000000000000, 0.000000000000000000, 0.000000000000000000 ) ) ;
#1728 = LINE ( 'NONE', #2794, #380 ) ;
#1729 = CARTESIAN_POINT ( 'NONE',  ( 0.000000000000000000, -3.750000000000001776, 0.000000000000000000 ) ) ;
#1730 = EDGE_LOOP ( 'NONE', ( #1117, #1387, #456, #500 ) ) ;
#1731 = SHAPE_DEFINITION_REPRESENTATION ( #1127, #2797 ) ;
#1732 = DIRECTION ( 'NONE',  ( 1.000000000000000000, 0.000000000000000000, 0.000000000000000000 ) ) ;
#1733 = DIRECTION ( 'NONE',  ( -1.000000000000000000, 0.000000000000000000, -0.000000000000000000 ) ) ;
#1734 = VECTOR ( 'NONE', #2614, 1000.000000000000000 ) ;
#1735 = CARTESIAN_POINT ( 'NONE',  ( 10.81809444409145549, -2.382101157410170700, -9.929998006474324512 ) ) ;
#1736 = ORIENTED_EDGE ( 'NONE', *, *, #2145, .T. ) ;
#1737 = CARTESIAN_POINT ( 'NONE',  ( -4.000999999999999446, -0.8839745962155610703, -4.500000000000000000 ) ) ;
#1738 =( BOUNDED_CURVE ( )  B_SPLINE_CURVE ( 3, ( #401, #593, #1039, #1288 ),
 .UNSPECIFIED., .F., .F. ) 
 B_SPLINE_CURVE_WITH_KNOTS ( ( 4, 4 ),
 ( 5.241919646206890882, 6.283185307179586232 ),
 .UNSPECIFIED. ) 
 CURVE ( )  GEOMETRIC_REPRESENTATION_ITEM ( )  RATIONAL_B_SPLINE_CURVE ( ( 1.000000000000000000, 0.9116697100197745929, 0.9116697100197745929, 1.000000000000000000 ) ) 
 REPRESENTATION_ITEM ( '' )  );
#1739 = CARTESIAN_POINT ( 'NONE',  ( 11.13104706494682894, 1.835054588627894390, -0.5948716843275183574 ) ) ;
#1740 = CARTESIAN_POINT ( 'NONE',  ( 11.30963477654938387, 2.246422227067772948, -9.384701081584275073 ) ) ;
#1741 = ORIENTED_EDGE ( 'NONE', *, *, #2291, .F. ) ;
#1742 = DIRECTION ( 'NONE',  ( 0.000000000000000000, -0.7071067811865512365, 0.7071067811865439090 ) ) ;
#1743 = CARTESIAN_POINT ( 'NONE',  ( 11.27073275621613746, -1.942978473349086466, -9.111416173535900498 ) ) ;
#1744 = PLANE ( 'NONE',  #139 ) ;
#1745 = ADVANCED_FACE ( 'NONE', ( #2012 ), #985, .T. ) ;
#1746 = ORIENTED_EDGE ( 'NONE', *, *, #912, .F. ) ;
#1747 = AXIS2_PLACEMENT_3D ( 'NONE', #1271, #1459, #2176 ) ;
#1748 = VECTOR ( 'NONE', #1604, 1000.000000000000000 ) ;
#1749 = PLANE ( 'NONE',  #2566 ) ;
#1750 = CARTESIAN_POINT ( 'NONE',  ( 10.75954113580698568, 2.468962332279802663, -9.959815384765860813 ) ) ;
#1751 = CARTESIAN_POINT ( 'NONE',  ( 11.17190416003006348, -1.750510568042937809, -8.948402366768407390 ) ) ;
#1752 = EDGE_CURVE ( 'NONE', #913, #200, #2174, .T. ) ;
#1753 = ORIENTED_EDGE ( 'NONE', *, *, #2772, .T. ) ;
#1754 = ADVANCED_FACE ( 'NONE', ( #453 ), #1563, .F. ) ;
#1755 = CARTESIAN_POINT ( 'NONE',  ( 11.38362067745320694, 2.133333333333332860, -0.9999999999999991118 ) ) ;
#1756 = EDGE_CURVE ( 'NONE', #1695, #1787, #2754, .T. ) ;
#1757 = CARTESIAN_POINT ( 'NONE',  ( -4.000999999999999446, 1.750000000000000000, -6.000000000000000000 ) ) ;
#1758 = CARTESIAN_POINT ( 'NONE',  ( 11.29863304197744611, 2.262546218000634823, -9.408944325625242300 ) ) ;
#1759 = ORIENTED_EDGE ( 'NONE', *, *, #2035, .T. ) ;
#1760 = CARTESIAN_POINT ( 'NONE',  ( 11.17213971630233971, -1.750000000000000444, -0.8474891647452255095 ) ) ;
#1761 = CARTESIAN_POINT ( 'NONE',  ( 11.21077094363132787, -1.821270794547111826, -9.041148212417132513 ) ) ;
#1762 = CARTESIAN_POINT ( 'NONE',  ( 2.400000000000002132, 0.5983198015841574291, -9.848122021251867864 ) ) ;
#1763 = TOROIDAL_SURFACE ( 'NONE', #1068, 2.750000000000000000, 1.000000000000000000 ) ;
#1764 = ORIENTED_EDGE ( 'NONE', *, *, #2415, .F. ) ;
#1765 = LINE ( 'NONE', #2211, #2369 ) ;
#1766 = DIRECTION ( 'NONE',  ( 1.000000000000000000, 0.000000000000000000, 0.000000000000000000 ) ) ;
#1767 = CARTESIAN_POINT ( 'NONE',  ( 11.34474990774494430, 2.193856271049722917, -9.289702545396123057 ) ) ;
#1768 = CARTESIAN_POINT ( 'NONE',  ( 11.12940683248549867, -1.838326391617925326, -9.411361823013210781 ) ) ;
#1769 = ORIENTED_EDGE ( 'NONE', *, *, #1507, .T. ) ;
#1770 = DIRECTION ( 'NONE',  ( 0.000000000000000000, -1.000000000000000000, 0.000000000000000000 ) ) ;
#1771 = EDGE_CURVE ( 'NONE', #2479, #240, #2189, .T. ) ;
#1772 = CARTESIAN_POINT ( 'NONE',  ( 11.17214438511238228, 1.750000000000000000, -0.9999999999999991118 ) ) ;
#1773 = EDGE_CURVE ( 'NONE', #256, #249, #2620, .T. ) ;
#1774 = CARTESIAN_POINT ( 'NONE',  ( 7.101095856714717769, -1.505113138394672090, -0.03096422425343529558 ) ) ;
#1775 = ORIENTED_EDGE ( 'NONE', *, *, #2854, .F. ) ;
#1776 = VECTOR ( 'NONE', #1945, 1000.000000000000000 ) ;
#1777 = CARTESIAN_POINT ( 'NONE',  ( 10.89233608539585774, 2.763202124331947562, -0.2668543114003538164 ) ) ;
#1778 = CARTESIAN_POINT ( 'NONE',  ( -4.000999999999999446, -1.749999999999999334, -3.000000000000000000 ) ) ;
#1779 = CARTESIAN_POINT ( 'NONE',  ( 10.63670096761611283, 2.639568689691496939, -9.995537596455358553 ) ) ;
#1780 = CARTESIAN_POINT ( 'NONE',  ( 11.12789809507327021, 2.493337475404642678, -9.626657121638963588 ) ) ;
#1781 = CARTESIAN_POINT ( 'NONE',  ( 11.16946198666856738, -1.755665032260528724, -9.108143428142694731 ) ) ;
#1782 = EDGE_CURVE ( 'NONE', #1254, #2734, #319, .T. ) ;
#1783 = EDGE_LOOP ( 'NONE', ( #2155, #1044, #1427, #1260 ) ) ;
#1784 = PLANE ( 'NONE',  #1840 ) ;
#1785 = CARTESIAN_POINT ( 'NONE',  ( 11.04249170635019617, 2.006407631222336896, -0.3304673074780543063 ) ) ;
#1786 = CARTESIAN_POINT ( 'NONE',  ( 11.31483861360235466, 2.238732402930240450, -9.372368608130924983 ) ) ;
#1787 = VERTEX_POINT ( 'NONE', #1593 ) ;
#1788 = CARTESIAN_POINT ( 'NONE',  ( 11.01255021525945210, -2.631611614933231369, -0.3050189482958504117 ) ) ;
#1789 = CARTESIAN_POINT ( 'NONE',  ( 11.23676512731196553, -1.872434248574284199, -9.070687446372394547 ) ) ;
#1790 = CARTESIAN_POINT ( 'NONE',  ( 11.59687364248454067, -1.750000000000000000, -2.000000000000000000 ) ) ;
#1791 = ORIENTED_EDGE ( 'NONE', *, *, #2057, .T. ) ;
#1792 = CARTESIAN_POINT ( 'NONE',  ( 10.91723841140425222, 2.225138765519906858, -9.851344494837974253 ) ) ;
#1793 = CIRCLE ( 'NONE', #2500, 1.000000000000000888 ) ;
#1794 = LINE ( 'NONE', #238, #1796 ) ;
#1795 = CARTESIAN_POINT ( 'NONE',  ( 7.908091617554957153, 1.433355571187561184, -4.817185253787743981 ) ) ;
#1796 = VECTOR ( 'NONE', #252, 1000.000000000000000 ) ;
#1797 = VERTEX_POINT ( 'NONE', #1383 ) ;
#1798 = DIRECTION ( 'NONE',  ( 1.000000000000000000, 0.000000000000000000, 0.000000000000000000 ) ) ;
#1799 = DIRECTION ( 'NONE',  ( 0.000000000000000000, -0.000000000000000000, -1.000000000000000000 ) ) ;
#1800 = CARTESIAN_POINT ( 'NONE',  ( 10.89678932793065691, -2.758475849823124992, -9.732055322297471278 ) ) ;
#1801 = ORIENTED_EDGE ( 'NONE', *, *, #490, .T. ) ;
#1802 = CARTESIAN_POINT ( 'NONE',  ( 9.096873642484538891, 1.750000000000000000, -10.00000000000000000 ) ) ;
#1803 = CARTESIAN_POINT ( 'NONE',  ( 11.28119032424619128, 2.287845371891013890, -0.5561726407859047816 ) ) ;
#1804 = DIRECTION ( 'NONE',  ( -0.000000000000000000, -0.000000000000000000, -1.000000000000000000 ) ) ;
#1805 = ORIENTED_EDGE ( 'NONE', *, *, #2345, .F. ) ;
#1806 = CARTESIAN_POINT ( 'NONE',  ( 6.799999999999998046, 0.000000000000000000, -10.00000000000000000 ) ) ;
#1807 = CARTESIAN_POINT ( 'NONE',  ( 11.59687364248453889, 1.749999999999999778, -4.000000000000000000 ) ) ;
#1808 = AXIS2_PLACEMENT_3D ( 'NONE', #498, #59, #2250 ) ;
#1809 = EDGE_CURVE ( 'NONE', #913, #2166, #756, .T. ) ;
#1810 = DIRECTION ( 'NONE',  ( -0.000000000000000000, 0.000000000000000000, 1.000000000000000000 ) ) ;
#1811 = CARTESIAN_POINT ( 'NONE',  ( 11.59687364248454067, -1.750000000000000000, -10.25783678545318445 ) ) ;
#1812 = AXIS2_PLACEMENT_3D ( 'NONE', #2139, #2851, #1022 ) ;
#1813 = EDGE_LOOP ( 'NONE', ( #673, #766, #949, #1129 ) ) ;
#1814 = EDGE_CURVE ( 'NONE', #1695, #2463, #1413, .T. ) ;
#1815 = LINE ( 'NONE', #1170, #1251 ) ;
#1816 = DIRECTION ( 'NONE',  ( 1.000000000000000000, 0.000000000000000000, 0.000000000000000000 ) ) ;
#1817 = CARTESIAN_POINT ( 'NONE',  ( 10.76670986662158569, 2.889544094334401958, -9.749995148208844498 ) ) ;
#1818 = ORIENTED_EDGE ( 'NONE', *, *, #1333, .F. ) ;
#1819 = CARTESIAN_POINT ( 'NONE',  ( 9.445442795245300616, -2.907984420486655619, -10.68928855904905539 ) ) ;
#1820 = CARTESIAN_POINT ( 'NONE',  ( 4.800000000000000711, 0.000000000000000000, 0.000000000000000000 ) ) ;
#1821 = PLANE ( 'NONE',  #81 ) ;
#1822 = ORIENTED_EDGE ( 'NONE', *, *, #2353, .T. ) ;
#1823 = CARTESIAN_POINT ( 'NONE',  ( 0.000000000000000000, -3.749999999999993783, -10.00000000000000000 ) ) ;
#1824 = CARTESIAN_POINT ( 'NONE',  ( 7.586546223265268729, 0.8839745962155614034, -2.500000000000000000 ) ) ;
#1825 = DIRECTION ( 'NONE',  ( 1.000000000000000000, 0.000000000000000000, 0.000000000000000000 ) ) ;
#1826 = ORIENTED_EDGE ( 'NONE', *, *, #2802, .T. ) ;
#1827 = LINE ( 'NONE', #58, #2313 ) ;
#1828 = CARTESIAN_POINT ( 'NONE',  ( 8.000000000000000000, 3.750000000000001776, 0.000000000000000000 ) ) ;
#1829 = CARTESIAN_POINT ( 'NONE',  ( 10.87895398483877329, 2.777161568279992387, -9.735883754082529151 ) ) ;
#1830 = EDGE_LOOP ( 'NONE', ( #2739, #2441, #292, #1736, #892, #966 ) ) ;
#1831 = CARTESIAN_POINT ( 'NONE',  ( 10.79676898273002550, 2.414206421413445991, -0.05795140036235529174 ) ) ;
#1832 = CARTESIAN_POINT ( 'NONE',  ( 11.05097843649556033, 2.586960827448190336, -0.3235646381438665453 ) ) ;
#1833 = AXIS2_PLACEMENT_3D ( 'NONE', #1464, #2349, #2127 ) ;
#1834 = ORIENTED_EDGE ( 'NONE', *, *, #2595, .T. ) ;
#1835 = CARTESIAN_POINT ( 'NONE',  ( 11.38362067745320694, -2.133333333333332416, -0.9999999999999991118 ) ) ;
#1836 = CARTESIAN_POINT ( 'NONE',  ( 11.59687364248454244, 1.749999999999999778, -2.000000000000000000 ) ) ;
#1837 = CARTESIAN_POINT ( 'NONE',  ( 11.59687364248454067, 1.750000000000000000, -10.00000000000000000 ) ) ;
#1838 = DIRECTION ( 'NONE',  ( 1.000000000000000000, 0.000000000000000000, -0.000000000000000000 ) ) ;
#1839 = ORIENTED_EDGE ( 'NONE', *, *, #2056, .F. ) ;
#1840 = AXIS2_PLACEMENT_3D ( 'NONE', #1090, #1770, #2218 ) ;
#1841 = FACE_OUTER_BOUND ( 'NONE', #1180, .T. ) ;
#1842 = CARTESIAN_POINT ( 'NONE',  ( 7.093389830280449004, 1.266213029078443464, -0.07192406870798270790 ) ) ;
#1843 = CARTESIAN_POINT ( 'NONE',  ( 11.14393346777946192, 1.808802342264024254, -9.340057673312298192 ) ) ;
#1844 = AXIS2_PLACEMENT_3D ( 'NONE', #2280, #1592, #289 ) ;
#1845 = EDGE_CURVE ( 'NONE', #1990, #601, #1443, .T. ) ;
#1846 = VERTEX_POINT ( 'NONE', #99 ) ;
#1847 = CARTESIAN_POINT ( 'NONE',  ( 9.100615209038405595, -3.654558044438759534, 0.1203230418076752517 ) ) ;
#1848 = EDGE_CURVE ( 'NONE', #557, #2335, #2312, .T. ) ;
#1849 = CARTESIAN_POINT ( 'NONE',  ( 11.30835187159422439, -2.248309237276566730, -0.6123796971829533753 ) ) ;
#1850 = DIRECTION ( 'NONE',  ( 0.000000000000000000, 0.000000000000000000, 1.000000000000000000 ) ) ;
#1851 = ORIENTED_EDGE ( 'NONE', *, *, #881, .F. ) ;
#1852 = CARTESIAN_POINT ( 'NONE',  ( 0.000000000000000000, 0.000000000000000000, -9.000000000000001776 ) ) ;
#1853 = CARTESIAN_POINT ( 'NONE',  ( 9.445442795245302392, 2.907984420486655175, -6.310711440950944606 ) ) ;
#1854 = CARTESIAN_POINT ( 'NONE',  ( 10.77804776134510512, 2.441945366998211853, -9.951487330715712787 ) ) ;
#1855 = AXIS2_PLACEMENT_3D ( 'NONE', #819, #1684, #117 ) ;
#1856 = ORIENTED_EDGE ( 'NONE', *, *, #2581, .F. ) ;
#1857 = CARTESIAN_POINT ( 'NONE',  ( 9.100615209038403819, 3.654558044438762199, -7.120323041807672837 ) ) ;
#1858 = AXIS2_PLACEMENT_3D ( 'NONE', #1488, #582, #2569 ) ;
#1859 = ORIENTED_EDGE ( 'NONE', *, *, #1118, .T. ) ;
#1860 = CARTESIAN_POINT ( 'NONE',  ( 7.586546223265272282, 0.8839745962155614034, -8.500000000000000000 ) ) ;
#1861 = CARTESIAN_POINT ( 'NONE',  ( 11.08676384932255665, 1.922643516218877524, -0.4371564071443525545 ) ) ;
#1862 = CARTESIAN_POINT ( 'NONE',  ( 11.16790701811243913, -1.759011297174471133, -9.153400664520638941 ) ) ;
#1863 = ORIENTED_EDGE ( 'NONE', *, *, #327, .T. ) ;
#1864 = CARTESIAN_POINT ( 'NONE',  ( 0.000000000000000000, -3.749999999999993783, -10.00000000000000000 ) ) ;
#1865 = DIRECTION ( 'NONE',  ( 1.000000000000000000, 0.000000000000000000, 0.000000000000000000 ) ) ;
#1866 = CARTESIAN_POINT ( 'NONE',  ( 10.69292476544961623, 2.563185796394898297, -9.982802489182201811 ) ) ;
#1867 = AXIS2_PLACEMENT_3D ( 'NONE', #1274, #2150, #121 ) ;
#1868 =( BOUNDED_CURVE ( )  B_SPLINE_CURVE ( 3, ( #2859, #862, #2427, #2633 ),
 .UNSPECIFIED., .F., .F. ) 
 B_SPLINE_CURVE_WITH_KNOTS ( ( 4, 4 ),
 ( 5.241919646206890882, 6.283185307179586232 ),
 .UNSPECIFIED. ) 
 CURVE ( )  GEOMETRIC_REPRESENTATION_ITEM ( )  RATIONAL_B_SPLINE_CURVE ( ( 1.000000000000000000, 0.9116697100197745929, 0.9116697100197745929, 1.000000000000000000 ) ) 
 REPRESENTATION_ITEM ( '' )  );
#1869 = ORIENTED_EDGE ( 'NONE', *, *, #1057, .F. ) ;
#1870 = CARTESIAN_POINT ( 'NONE',  ( 11.37478386720570889, -2.147288805199083495, -9.140281771491064688 ) ) ;
#1871 = EDGE_CURVE ( 'NONE', #2117, #1975, #2343, .T. ) ;
#1872 = ORIENTED_EDGE ( 'NONE', *, *, #575, .F. ) ;
#1873 = DIRECTION ( 'NONE',  ( -0.000000000000000000, 0.000000000000000000, 1.000000000000000000 ) ) ;
#1874 = CARTESIAN_POINT ( 'NONE',  ( 10.80599326121876835, 2.400384958348127817, -0.06298898152229770453 ) ) ;
#1875 = DIRECTION ( 'NONE',  ( 0.4193139346887665986, -0.9078412990032039831, 0.000000000000000000 ) ) ;
#1876 = VERTEX_POINT ( 'NONE', #2281 ) ;
#1877 = CARTESIAN_POINT ( 'NONE',  ( 10.95009720596495484, -2.170100442048958023, -0.1851551730754049385 ) ) ;
#1878 = LINE ( 'NONE', #2781, #2041 ) ;
#1879 = CARTESIAN_POINT ( 'NONE',  ( -3.000000000000000000, 3.673940397442059868E-16, -9.000000000000001776 ) ) ;
#1880 = EDGE_CURVE ( 'NONE', #382, #1797, #48, .T. ) ;
#1881 = CARTESIAN_POINT ( 'NONE',  ( 10.87663232419975223, 2.291160557810156817, -9.889089539023789399 ) ) ;
#1882 = EDGE_CURVE ( 'NONE', #200, #142, #185, .T. ) ;
#1883 = VERTEX_POINT ( 'NONE', #1828 ) ;
#1884 = DIRECTION ( 'NONE',  ( -1.000000000000000000, 0.000000000000000000, 0.000000000000000000 ) ) ;
#1885 = ORIENTED_EDGE ( 'NONE', *, *, #300, .F. ) ;
#1886 = PLANE ( 'NONE',  #1167 ) ;
#1887 = VECTOR ( 'NONE', #2675, 1000.000000000000000 ) ;
#1888 = CARTESIAN_POINT ( 'NONE',  ( 11.07035314110978952, -1.954037626552042939, -0.3944011302663419927 ) ) ;
#1889 = CARTESIAN_POINT ( 'NONE',  ( 7.908091617554958930, 1.433355571187562072, -4.182814746212257795 ) ) ;
#1890 = VERTEX_POINT ( 'NONE', #1620 ) ;
#1891 = CARTESIAN_POINT ( 'NONE',  ( 10.72219796122425528, -2.522578451801918753, -0.02550364910813208985 ) ) ;
#1892 = PLANE ( 'NONE',  #1994 ) ;
#1893 = DIRECTION ( 'NONE',  ( 0.000000000000000000, 0.000000000000000000, 1.000000000000000000 ) ) ;
#1894 = CARTESIAN_POINT ( 'NONE',  ( 10.89670632374424741, 2.758866038277019150, -9.732725974637508770 ) ) ;
#1895 = EDGE_CURVE ( 'NONE', #256, #142, #1151, .T. ) ;
#1896 = ORIENTED_EDGE ( 'NONE', *, *, #747, .T. ) ;
#1897 = CARTESIAN_POINT ( 'NONE',  ( 11.36806404783802549, -2.157811293197892333, -9.184259457725362452 ) ) ;
#1898 = VECTOR ( 'NONE', #313, 1000.000000000000227 ) ;
#1899 = VERTEX_POINT ( 'NONE', #2519 ) ;
#1900 = CARTESIAN_POINT ( 'NONE',  ( 11.17214320393181026, -1.750001719200884764, -0.9614156853437499928 ) ) ;
#1901 = FACE_OUTER_BOUND ( 'NONE', #1049, .T. ) ;
#1902 = ORIENTED_EDGE ( 'NONE', *, *, #207, .T. ) ;
#1903 = CARTESIAN_POINT ( 'NONE',  ( 11.15566432233698180, -1.785666202756836851, -0.6965464139899042451 ) ) ;
#1904 = DIRECTION ( 'NONE',  ( 0.000000000000000000, 0.000000000000000000, -1.000000000000000000 ) ) ;
#1905 = CARTESIAN_POINT ( 'NONE',  ( 11.33601802247943269, 2.106367815905296315, -9.205749054443446155 ) ) ;
#1906 = VECTOR ( 'NONE', #2753, 1000.000000000000000 ) ;
#1907 = DIRECTION ( 'NONE',  ( 1.000000000000000000, 0.000000000000000000, 0.000000000000000000 ) ) ;
#1908 = LINE ( 'NONE', #2628, #1209 ) ;
#1909 = ORIENTED_EDGE ( 'NONE', *, *, #358, .T. ) ;
#1910 = CARTESIAN_POINT ( 'NONE',  ( 10.59379049995773059, -2.695263451251335596, -9.999993530945127773 ) ) ;
#1911 = ORIENTED_EDGE ( 'NONE', *, *, #482, .F. ) ;
#1912 = DIRECTION ( 'NONE',  ( 1.000000000000000000, 0.000000000000000000, 0.000000000000000000 ) ) ;
#1913 = CARTESIAN_POINT ( 'NONE',  ( 11.01142849684085334, -2.632776599969166575, -0.3048549896339132759 ) ) ;
#1914 = CARTESIAN_POINT ( 'NONE',  ( 10.63410870732473867, -2.642844440683355778, -9.995621842406080759 ) ) ;
#1915 = ORIENTED_EDGE ( 'NONE', *, *, #1474, .T. ) ;
#1916 = CARTESIAN_POINT ( 'NONE',  ( 10.63301970406927310, -2.643580552040249554, -0.005591513770252445371 ) ) ;
#1917 = DIRECTION ( 'NONE',  ( 0.000000000000000000, 0.000000000000000000, 1.000000000000000000 ) ) ;
#1918 = CARTESIAN_POINT ( 'NONE',  ( 9.445442795245302392, -2.907984420486657395, -4.689288559049055394 ) ) ;
#1919 = DIRECTION ( 'NONE',  ( 0.000000000000000000, 0.000000000000000000, -1.000000000000000000 ) ) ;
#1920 = DIRECTION ( 'NONE',  ( 0.000000000000000000, -0.5000000000000004441, 0.8660254037844383745 ) ) ;
#1921 = CARTESIAN_POINT ( 'NONE',  ( 11.59687364248454067, 1.750000000000000000, -7.000000000000000000 ) ) ;
#1922 = CARTESIAN_POINT ( 'NONE',  ( 11.16406317913724955, -2.447222119356501580, -9.595796119078084274 ) ) ;
#1923 = VERTEX_POINT ( 'NONE', #526 ) ;
#1924 = CARTESIAN_POINT ( 'NONE',  ( 10.66282130154289476, -2.872222222222224008, -9.833333333333330373 ) ) ;
#1925 = CARTESIAN_POINT ( 'NONE',  ( 10.89194276271731532, -2.763612129274540585, -0.2667740587613112169 ) ) ;
#1926 = EDGE_CURVE ( 'NONE', #426, #1633, #2297, .T. ) ;
#1927 = CARTESIAN_POINT ( 'NONE',  ( 10.54950975679639491, -2.750000000000000000, 0.000000000000000000 ) ) ;
#1928 = EDGE_LOOP ( 'NONE', ( #635, #1455, #1662, #872 ) ) ;
#1929 = EDGE_CURVE ( 'NONE', #2706, #197, #978, .T. ) ;
#1930 = DIRECTION ( 'NONE',  ( 1.000000000000000000, 0.000000000000000000, 0.000000000000000000 ) ) ;
#1931 = VECTOR ( 'NONE', #927, 1000.000000000000000 ) ;
#1932 = VECTOR ( 'NONE', #834, 1000.000000000000114 ) ;
#1933 = CARTESIAN_POINT ( 'NONE',  ( 11.26263197620129830, 1.925702431138774040, -9.101441845915250184 ) ) ;
#1934 = AXIS2_PLACEMENT_3D ( 'NONE', #1103, #2156, #849 ) ;
#1935 = ADVANCED_FACE ( 'NONE', ( #2352 ), #1268, .T. ) ;
#1936 = CARTESIAN_POINT ( 'NONE',  ( -4.000999999999999446, -1.749999999999999334, -3.000000000000000000 ) ) ;
#1937 = DIRECTION ( 'NONE',  ( 0.000000000000000000, 0.8660254037844385966, -0.5000000000000001110 ) ) ;
#1938 = CARTESIAN_POINT ( 'NONE',  ( 11.16834684184075854, -1.758016329855862647, -9.127930379040050113 ) ) ;
#1939 = ORIENTED_EDGE ( 'NONE', *, *, #2737, .F. ) ;
#1940 = AXIS2_PLACEMENT_3D ( 'NONE', #27, #2236, #660 ) ;
#1941 = CARTESIAN_POINT ( 'NONE',  ( 11.17808743776328306, -2.428975688127472221, -0.4176930398204528050 ) ) ;
#1942 = CARTESIAN_POINT ( 'NONE',  ( 11.19687364248454031, -0.8839745962155611814, -6.500000000000000888 ) ) ;
#1943 = ADVANCED_FACE ( 'NONE', ( #1707 ), #2235, .T. ) ;
#1944 = ORIENTED_EDGE ( 'NONE', *, *, #331, .T. ) ;
#1945 = DIRECTION ( 'NONE',  ( 1.000000000000000000, 0.000000000000000000, 0.000000000000000000 ) ) ;
#1946 = CARTESIAN_POINT ( 'NONE',  ( 7.586546223265268729, -0.8839745962155610703, -6.500000000000000000 ) ) ;
#1947 = CARTESIAN_POINT ( 'NONE',  ( 9.100615209038403819, 3.654558044438762199, -9.120323041807672837 ) ) ;
#1948 = CIRCLE ( 'NONE', #1490, 4.000000000000000000 ) ;
#1949 = EDGE_CURVE ( 'NONE', #158, #830, #1301, .T. ) ;
#1950 = B_SPLINE_CURVE_WITH_KNOTS ( 'NONE', 3,
 ( #535, #400, #1287, #1247, #632, #122, #592, #1689 ),
 .UNSPECIFIED., .F., .F.,
 ( 4, 2, 2, 4 ),
 ( -6.345716733861477085E-06, 0.0004772078358083802971, 0.0009607613883506221399, 0.001927868493435105175 ),
 .UNSPECIFIED. ) ;
#1951 = AXIS2_PLACEMENT_3D ( 'NONE', #2809, #1487, #2388 ) ;
#1952 = ORIENTED_EDGE ( 'NONE', *, *, #1968, .T. ) ;
#1953 = CARTESIAN_POINT ( 'NONE',  ( 10.94221758610424544, -2.183450123691971889, -9.824195353978526057 ) ) ;
#1954 = EDGE_CURVE ( 'NONE', #385, #1159, #2366, .T. ) ;
#1955 = B_SPLINE_CURVE_WITH_KNOTS ( 'NONE', 3,
 ( #1259, #1670, #1047, #1927 ),
 .UNSPECIFIED., .F., .F.,
 ( 4, 4 ),
 ( 0.000000000000000000, 1.000000000000000000 ),
 .UNSPECIFIED. ) ;
#1956 = VERTEX_POINT ( 'NONE', #1100 ) ;
#1957 = LINE ( 'NONE', #173, #2079 ) ;
#1958 = CARTESIAN_POINT ( 'NONE',  ( 10.85000967631329338, -2.332984618493170625, -0.09097555212934760327 ) ) ;
#1959 = ADVANCED_FACE ( 'NONE', ( #1546 ), #1763, .T. ) ;
#1960 = DIRECTION ( 'NONE',  ( 0.000000000000000000, 0.7071067811865500152, 0.7071067811865451302 ) ) ;
#1961 = VERTEX_POINT ( 'NONE', #1721 ) ;
#1962 =( BOUNDED_CURVE ( )  B_SPLINE_CURVE ( 3, ( #2652, #190, #1104, #905 ),
 .UNSPECIFIED., .F., .T. ) 
 B_SPLINE_CURVE_WITH_KNOTS ( ( 4, 4 ),
 ( 2.100326992617099098, 3.141592653589793116 ),
 .UNSPECIFIED. ) 
 CURVE ( )  GEOMETRIC_REPRESENTATION_ITEM ( )  RATIONAL_B_SPLINE_CURVE ( ( 1.000000000000000000, 0.9116697100197748149, 0.9116697100197748149, 1.000000000000000000 ) ) 
 REPRESENTATION_ITEM ( '' )  );
#1963 = DIRECTION ( 'NONE',  ( 0.000000000000000000, -0.4999999999999996669, -0.8660254037844388186 ) ) ;
#1964 = CARTESIAN_POINT ( 'NONE',  ( 11.59687364248454067, -1.750000000000000000, -4.000000000000000000 ) ) ;
#1965 = CARTESIAN_POINT ( 'NONE',  ( 11.38362067745320516, 2.133333333333333748, -10.00000000000000000 ) ) ;
#1966 = EDGE_LOOP ( 'NONE', ( #2511, #2720, #19, #818 ) ) ;
#1967 = CARTESIAN_POINT ( 'NONE',  ( 0.000000000000000000, 0.000000000000000000, -10.00000000000000000 ) ) ;
#1968 = EDGE_CURVE ( 'NONE', #1956, #1626, #1337, .T. ) ;
#1969 = FACE_OUTER_BOUND ( 'NONE', #1154, .T. ) ;
#1970 = ADVANCED_FACE ( 'NONE', ( #1059 ), #2702, .T. ) ;
#1971 = CARTESIAN_POINT ( 'NONE',  ( 10.97413783939528997, -2.128815078681258743, -9.783856475103734240 ) ) ;
#1972 = EDGE_LOOP ( 'NONE', ( #2567, #1915, #1524, #584 ) ) ;
#1973 = CARTESIAN_POINT ( 'NONE',  ( 10.69175436526455947, -2.564776764355890748, -0.01693043132067751852 ) ) ;
#1974 = CARTESIAN_POINT ( 'NONE',  ( 7.115709601361630554, -1.907220239553246488, 0.000000000000000000 ) ) ;
#1975 = VERTEX_POINT ( 'NONE', #2570 ) ;
#1976 = CARTESIAN_POINT ( 'NONE',  ( 11.31465454747296384, -2.239196118613845599, -0.6231599373190848112 ) ) ;
#1977 = CARTESIAN_POINT ( 'NONE',  ( 11.25881547821550299, -1.917344031581390329, -9.096616121680796141 ) ) ;
#1978 = CARTESIAN_POINT ( 'NONE',  ( -4.000999999999999446, 0.8839745962155614034, -4.500000000000000888 ) ) ;
#1979 = ORIENTED_EDGE ( 'NONE', *, *, #344, .F. ) ;
#1980 = CARTESIAN_POINT ( 'NONE',  ( 9.096873642484538891, -1.750000000000000000, -6.000000000000000000 ) ) ;
#1981 = AXIS2_PLACEMENT_3D ( 'NONE', #1737, #1119, #1282 ) ;
#1982 = CARTESIAN_POINT ( 'NONE',  ( 10.92566316056231557, 2.211178655597574760, -9.842584314851487548 ) ) ;
#1983 = EDGE_CURVE ( 'NONE', #2531, #1366, #1155, .T. ) ;
#1984 = CARTESIAN_POINT ( 'NONE',  ( 8.460311865238923090, 1.750000000000000000, -2.000000000000000000 ) ) ;
#1985 = CARTESIAN_POINT ( 'NONE',  ( 11.16554569490670623, -1.763906169759225095, -9.167382002127721918 ) ) ;
#1986 = ORIENTED_EDGE ( 'NONE', *, *, #1954, .F. ) ;
#1987 = DIRECTION ( 'NONE',  ( 0.000000000000000000, -0.000000000000000000, -1.000000000000000000 ) ) ;
#1988 = CARTESIAN_POINT ( 'NONE',  ( 10.76822525112009465, -2.456479702484460237, -0.04361121543917687027 ) ) ;
#1989 = CARTESIAN_POINT ( 'NONE',  ( 11.22013004160492677, 2.373064024739899747, -9.536007604788206748 ) ) ;
#1990 = VERTEX_POINT ( 'NONE', #715 ) ;
#1991 = FACE_OUTER_BOUND ( 'NONE', #2263, .T. ) ;
#1992 = CARTESIAN_POINT ( 'NONE',  ( 11.30587803456936946, -2.024311561916686930, -9.158373854114426393 ) ) ;
#1993 = VECTOR ( 'NONE', #2029, 1000.000000000000000 ) ;
#1994 = AXIS2_PLACEMENT_3D ( 'NONE', #2823, #2625, #1038 ) ;
#1995 = CARTESIAN_POINT ( 'NONE',  ( 0.000000000000000000, 0.000000000000000000, -10.00000000000000000 ) ) ;
#1996 = CARTESIAN_POINT ( 'NONE',  ( 11.28149815201806128, 2.287571081276898344, -9.444674148106232181 ) ) ;
#1997 = CARTESIAN_POINT ( 'NONE',  ( 9.096873642484538891, -1.750000000000000000, -10.00000000000000000 ) ) ;
#1998 = VECTOR ( 'NONE', #2740, 1000.000000000000000 ) ;
#1999 = ORIENTED_EDGE ( 'NONE', *, *, #948, .F. ) ;
#2000 = CARTESIAN_POINT ( 'NONE',  ( 8.000000000000000000, 0.000000000000000000, -9.749999999999996447 ) ) ;
#2001 = CARTESIAN_POINT ( 'NONE',  ( 7.112615743119053313, -1.827258673237346809, 8.838788804598624038E-16 ) ) ;
#2002 = ORIENTED_EDGE ( 'NONE', *, *, #661, .T. ) ;
#2003 = CARTESIAN_POINT ( 'NONE',  ( 11.29296598145804609, -2.271148044008099554, -0.5760109938547699482 ) ) ;
#2004 = VECTOR ( 'NONE', #1742, 1000.000000000000000 ) ;
#2005 = DIRECTION ( 'NONE',  ( -0.3713906763541029443, 0.8040844011283461157, 0.4642383454426302625 ) ) ;
#2006 = CARTESIAN_POINT ( 'NONE',  ( -4.000999999999999446, 0.8839745962155614034, -8.500000000000000000 ) ) ;
#2007 = CARTESIAN_POINT ( 'NONE',  ( 10.81809444409145726, 2.382101157410171588, -9.929998006474326289 ) ) ;
#2008 = DIRECTION ( 'NONE',  ( -0.000000000000000000, 0.000000000000000000, 1.000000000000000000 ) ) ;
#2009 = CARTESIAN_POINT ( 'NONE',  ( 9.096873642484538891, 1.750000000000000000, -9.000000000000001776 ) ) ;
#2010 = EDGE_LOOP ( 'NONE', ( #2058, #470, #1769, #2310, #169, #590 ) ) ;
#2011 = CARTESIAN_POINT ( 'NONE',  ( 0.000000000000000000, 2.750000000000000000, -1.000000000000000000 ) ) ;
#2012 = FACE_OUTER_BOUND ( 'NONE', #866, .T. ) ;
#2013 = CARTESIAN_POINT ( 'NONE',  ( 11.32468058619041074, 2.224090111531120684, -9.347263619913151800 ) ) ;
#2014 = ORIENTED_EDGE ( 'NONE', *, *, #2493, .F. ) ;
#2015 = CARTESIAN_POINT ( 'NONE',  ( 8.000000000000000000, 0.000000000000000000, -10.00000000000000000 ) ) ;
#2016 = ADVANCED_FACE ( 'NONE', ( #567 ), #1226, .F. ) ;
#2017 = CARTESIAN_POINT ( 'NONE',  ( 11.29254810594304814, 2.271448146309703375, -0.5778673053559785222 ) ) ;
#2018 = CARTESIAN_POINT ( 'NONE',  ( 11.53283838851292842, -1.881615266971594203, -1.924011890184485818 ) ) ;
#2019 = ORIENTED_EDGE ( 'NONE', *, *, #536, .T. ) ;
#2020 = CARTESIAN_POINT ( 'NONE',  ( 9.096873642484538891, 1.750000000000000000, -7.000000000000000888 ) ) ;
#2021 = CARTESIAN_POINT ( 'NONE',  ( 9.096873642484538891, 1.750000000000000000, -8.000000000000000000 ) ) ;
#2022 = EDGE_CURVE ( 'NONE', #2660, #426, #1451, .T. ) ;
#2023 = PLANE ( 'NONE',  #2639 ) ;
#2024 = AXIS2_PLACEMENT_3D ( 'NONE', #666, #1554, #2224 ) ;
#2025 = CARTESIAN_POINT ( 'NONE',  ( 11.14236105217557160, 2.475081766066475453, -9.615084246381185196 ) ) ;
#2026 = CARTESIAN_POINT ( 'NONE',  ( 0.000000000000000000, 1.750000000000000000, -10.00000000000000000 ) ) ;
#2027 = VERTEX_POINT ( 'NONE', #2694 ) ;
#2028 = LINE ( 'NONE', #2249, #2593 ) ;
#2029 = DIRECTION ( 'NONE',  ( 0.000000000000000000, 0.000000000000000000, -1.000000000000000000 ) ) ;
#2030 = CARTESIAN_POINT ( 'NONE',  ( 11.16385987550527936, 1.767444339832359157, -9.187042361988915218 ) ) ;
#2031 = VERTEX_POINT ( 'NONE', #253 ) ;
#2032 = CARTESIAN_POINT ( 'NONE',  ( 9.096873642484538891, 0.000000000000000000, -0.9999999999999991118 ) ) ;
#2033 = CARTESIAN_POINT ( 'NONE',  ( 11.17214438511238228, 1.749999999999999778, -0.9999999999999988898 ) ) ;
#2034 = CARTESIAN_POINT ( 'NONE',  ( 10.82857262257700093, 2.828452086895865580, -0.2561768950585299187 ) ) ;
#2035 = EDGE_CURVE ( 'NONE', #2437, #197, #239, .T. ) ;
#2036 = ORIENTED_EDGE ( 'NONE', *, *, #747, .F. ) ;
#2037 = FILL_AREA_STYLE_COLOUR ( '', #1536 ) ;
#2038 =( BOUNDED_CURVE ( )  B_SPLINE_CURVE ( 3, ( #1018, #836, #1296, #384 ),
 .UNSPECIFIED., .F., .T. ) 
 B_SPLINE_CURVE_WITH_KNOTS ( ( 4, 4 ),
 ( 3.141592653589793116, 4.182858314562488466 ),
 .UNSPECIFIED. ) 
 CURVE ( )  GEOMETRIC_REPRESENTATION_ITEM ( )  RATIONAL_B_SPLINE_CURVE ( ( 1.000000000000000000, 0.9116697100197745929, 0.9116697100197745929, 1.000000000000000000 ) ) 
 REPRESENTATION_ITEM ( '' )  );
#2039 = CARTESIAN_POINT ( 'NONE',  ( 11.04365711132895456, 2.004571764648660714, -9.670244160033158565 ) ) ;
#2040 = CARTESIAN_POINT ( 'NONE',  ( 2.000000000000000000, 0.000000000000000000, -10.00000000000000000 ) ) ;
#2041 = VECTOR ( 'NONE', #566, 1000.000000000000000 ) ;
#2042 = ORIENTED_EDGE ( 'NONE', *, *, #2482, .T. ) ;
#2043 = CARTESIAN_POINT ( 'NONE',  ( -2.000000000000000000, 2.449293598294706414E-16, -9.000000000000001776 ) ) ;
#2044 = DIRECTION ( 'NONE',  ( -0.3713906763541028888, -0.8040844011283462267, -0.4642383454426300959 ) ) ;
#2045 = CARTESIAN_POINT ( 'NONE',  ( 11.00596740703117682, 2.639014259261152961, -9.697498504855612822 ) ) ;
#2046 = ORIENTED_EDGE ( 'NONE', *, *, #1426, .T. ) ;
#2047 = CARTESIAN_POINT ( 'NONE',  ( 3.000000000000000000, 0.000000000000000000, -9.000000000000001776 ) ) ;
#2048 = CARTESIAN_POINT ( 'NONE',  ( 11.14735240553943818, 1.801732774955525640, -0.6819869081083413942 ) ) ;
#2049 = EDGE_CURVE ( 'NONE', #2123, #1576, #1438, .T. ) ;
#2050 = CARTESIAN_POINT ( 'NONE',  ( 11.15542278589326131, 2.458459602221959361, -0.3959462420905693891 ) ) ;
#2051 = EDGE_LOOP ( 'NONE', ( #734, #541, #833 ) ) ;
#2052 = CARTESIAN_POINT ( 'NONE',  ( 11.59687364248454067, -1.750000000000000000, -8.000000000000000000 ) ) ;
#2053 = DIRECTION ( 'NONE',  ( -1.000000000000000000, 1.224646799147353454E-16, 0.000000000000000000 ) ) ;
#2054 =( BOUNDED_CURVE ( )  B_SPLINE_CURVE ( 3, ( #2185, #2423, #1506, #2020 ),
 .UNSPECIFIED., .F., .T. ) 
 B_SPLINE_CURVE_WITH_KNOTS ( ( 4, 4 ),
 ( 2.100326992617099098, 3.141592653589793116 ),
 .UNSPECIFIED. ) 
 CURVE ( )  GEOMETRIC_REPRESENTATION_ITEM ( )  RATIONAL_B_SPLINE_CURVE ( ( 1.000000000000000000, 0.9116697100197748149, 0.9116697100197748149, 1.000000000000000000 ) ) 
 REPRESENTATION_ITEM ( '' )  );
#2055 = LINE ( 'NONE', #1837, #1376 ) ;
#2056 = EDGE_CURVE ( 'NONE', #1876, #142, #2102, .T. ) ;
#2057 = EDGE_CURVE ( 'NONE', #1281, #1846, #2782, .T. ) ;
#2058 = ORIENTED_EDGE ( 'NONE', *, *, #733, .F. ) ;
#2059 = CARTESIAN_POINT ( 'NONE',  ( 2.400000000000002132, -0.5983198015841573181, -0.1518779787481333576 ) ) ;
#2060 = CARTESIAN_POINT ( 'NONE',  ( 11.16834684184075854, 1.758016329855861981, -9.127930379040048336 ) ) ;
#2061 = ORIENTED_EDGE ( 'NONE', *, *, #247, .F. ) ;
#2062 = LINE ( 'NONE', #1847, #1177 ) ;
#2063 = CARTESIAN_POINT ( 'NONE',  ( 11.38250020804900942, -2.135113419884064001, -0.9424687448661968059 ) ) ;
#2064 = DIRECTION ( 'NONE',  ( 0.000000000000000000, 0.7071067811865512365, 0.7071067811865439090 ) ) ;
#2065 = AXIS2_PLACEMENT_3D ( 'NONE', #2530, #740, #67 ) ;
#2066 = ORIENTED_EDGE ( 'NONE', *, *, #1474, .F. ) ;
#2067 = CARTESIAN_POINT ( 'NONE',  ( -4.000999999999999446, -1.750000000000000000, -8.000000000000000000 ) ) ;
#2068 = DIRECTION ( 'NONE',  ( 0.000000000000000000, -1.000000000000000000, 0.000000000000000000 ) ) ;
#2069 = CARTESIAN_POINT ( 'NONE',  ( 10.80684707914285525, 2.399270939720488105, -9.936959079138970807 ) ) ;
#2070 = DIRECTION ( 'NONE',  ( -0.000000000000000000, 0.000000000000000000, 1.000000000000000000 ) ) ;
#2071 = ADVANCED_FACE ( 'NONE', ( #2333 ), #1001, .T. ) ;
#2072 =( BOUNDED_CURVE ( )  B_SPLINE_CURVE ( 3, ( #475, #2477, #2433, #32 ),
 .UNSPECIFIED., .F., .T. ) 
 B_SPLINE_CURVE_WITH_KNOTS ( ( 4, 4 ),
 ( 3.141592653589793116, 4.182858314562488466 ),
 .UNSPECIFIED. ) 
 CURVE ( )  GEOMETRIC_REPRESENTATION_ITEM ( )  RATIONAL_B_SPLINE_CURVE ( ( 1.000000000000000000, 0.9116697100197745929, 0.9116697100197745929, 1.000000000000000000 ) ) 
 REPRESENTATION_ITEM ( '' )  );
#2073 = ORIENTED_EDGE ( 'NONE', *, *, #176, .T. ) ;
#2074 = CIRCLE ( 'NONE', #1747, 1.000000000000000000 ) ;
#2075 = VECTOR ( 'NONE', #452, 1000.000000000000114 ) ;
#2076 = CARTESIAN_POINT ( 'NONE',  ( 8.000000000000000000, 3.749999999999993783, -10.00000000000000000 ) ) ;
#2077 = CARTESIAN_POINT ( 'NONE',  ( -4.000999999999999446, 1.750000000000000000, -5.000000000000000000 ) ) ;
#2078 = CARTESIAN_POINT ( 'NONE',  ( 11.12070737126648901, 2.502276257811384852, -9.631938236138603671 ) ) ;
#2079 = VECTOR ( 'NONE', #2188, 1000.000000000000000 ) ;
#2080 = ORIENTED_EDGE ( 'NONE', *, *, #2671, .T. ) ;
#2081 = DIRECTION ( 'NONE',  ( 0.000000000000000000, 0.000000000000000000, 1.000000000000000000 ) ) ;
#2082 = CARTESIAN_POINT ( 'NONE',  ( 10.91023909540086834, 2.236798524887478656, -0.1411794588389642668 ) ) ;
#2083 = CARTESIAN_POINT ( 'NONE',  ( 11.31455087949204596, 2.239351877837980620, -0.6228799034596695927 ) ) ;
#2084 = VERTEX_POINT ( 'NONE', #2009 ) ;
#2085 = DIRECTION ( 'NONE',  ( 0.000000000000000000, -0.000000000000000000, -1.000000000000000000 ) ) ;
#2086 = CARTESIAN_POINT ( 'NONE',  ( 9.096873642484538891, 1.750000000000000000, -5.000000000000000888 ) ) ;
#2087 = CARTESIAN_POINT ( 'NONE',  ( 10.54950975679639491, -2.750000000000000000, 0.000000000000000000 ) ) ;
#2088 = ADVANCED_FACE ( 'NONE', ( #2468 ), #22, .F. ) ;
#2089 = CARTESIAN_POINT ( 'NONE',  ( 10.75674782054903034, 2.898779830721116113, -9.749996171517519628 ) ) ;
#2090 = ORIENTED_EDGE ( 'NONE', *, *, #1773, .T. ) ;
#2091 = CARTESIAN_POINT ( 'NONE',  ( 11.17214438511238228, -1.750000000000000000, -2.000000000000000000 ) ) ;
#2092 = VECTOR ( 'NONE', #2005, 1000.000000000000000 ) ;
#2093 = AXIS2_PLACEMENT_3D ( 'NONE', #62, #980, #1138 ) ;
#2094 = ORIENTED_EDGE ( 'NONE', *, *, #1663, .T. ) ;
#2095 = CARTESIAN_POINT ( 'NONE',  ( 2.400000000000002132, -1.799999999999997602, -10.00000000000000000 ) ) ;
#2096 = CARTESIAN_POINT ( 'NONE',  ( 11.13127228250835543, 1.834604448593475157, -0.5957985342209767277 ) ) ;
#2097 = CARTESIAN_POINT ( 'NONE',  ( 10.80667254490175111, -2.399362850474147102, -9.936631908857030737 ) ) ;
#2098 = VECTOR ( 'NONE', #298, 1000.000000000000000 ) ;
#2099 = EDGE_LOOP ( 'NONE', ( #93, #597, #1726, #224 ) ) ;
#2100 = CARTESIAN_POINT ( 'NONE',  ( 7.103814610087949788, 1.584796304621332252, -9.980147549947830043 ) ) ;
#2101 = CARTESIAN_POINT ( 'NONE',  ( 8.000000000000000000, 0.000000000000000000, -0.2500000000000002220 ) ) ;
#2102 = LINE ( 'NONE', #537, #562 ) ;
#2103 = CARTESIAN_POINT ( 'NONE',  ( 8.000000000000000000, 4.000000000000000000, -0.2500000000000002220 ) ) ;
#2104 = CARTESIAN_POINT ( 'NONE',  ( 2.400000000000002132, 1.799999999999997602, -10.00000000000000000 ) ) ;
#2105 = ORIENTED_EDGE ( 'NONE', *, *, #1573, .T. ) ;
#2106 = CARTESIAN_POINT ( 'NONE',  ( 11.00596740703117327, -2.639014259261152961, -9.697498504855614598 ) ) ;
#2107 = EDGE_LOOP ( 'NONE', ( #2422, #373, #667 ) ) ;
#2108 = CARTESIAN_POINT ( 'NONE',  ( 11.11936602174054300, -1.858495313315622566, -0.5466199896843955131 ) ) ;
#2109 = CYLINDRICAL_SURFACE ( 'NONE', #128, 2.000000000000000000 ) ;
#2110 = ORIENTED_EDGE ( 'NONE', *, *, #1424, .T. ) ;
#2111 = DIRECTION ( 'NONE',  ( -0.000000000000000000, -0.000000000000000000, 1.000000000000000000 ) ) ;
#2112 = EDGE_CURVE ( 'NONE', #830, #1308, #1527, .T. ) ;
#2113 = CARTESIAN_POINT ( 'NONE',  ( 9.100615209038403819, -3.654558044438761311, -1.879676958192326053 ) ) ;
#2114 = CARTESIAN_POINT ( 'NONE',  ( 0.000000000000000000, -4.000000000000000000, -10.00000000000000000 ) ) ;
#2115 = ORIENTED_EDGE ( 'NONE', *, *, #847, .T. ) ;
#2116 = CARTESIAN_POINT ( 'NONE',  ( 11.38399100771050065, -2.132746141847237542, -8.991478272524577875 ) ) ;
#2117 = VERTEX_POINT ( 'NONE', #2247 ) ;
#2118 = CARTESIAN_POINT ( 'NONE',  ( 9.096873642484538891, -2.750000000000000000, -10.00000000000000000 ) ) ;
#2119 = CIRCLE ( 'NONE', #406, 2.999999999999997335 ) ;
#2120 = CARTESIAN_POINT ( 'NONE',  ( 11.07696288614774360, -2.555874952645666109, -0.3386279010394367406 ) ) ;
#2121 = CIRCLE ( 'NONE', #877, 2.999999999999997335 ) ;
#2122 = CARTESIAN_POINT ( 'NONE',  ( 10.54950975679638425, -2.750000000000000000, -10.00000000000000000 ) ) ;
#2123 = VERTEX_POINT ( 'NONE', #1147 ) ;
#2124 = DIRECTION ( 'NONE',  ( 1.000000000000000000, 0.000000000000000000, 0.000000000000000000 ) ) ;
#2125 = CARTESIAN_POINT ( 'NONE',  ( 4.800000000000000711, 0.000000000000000000, -10.00000000000000000 ) ) ;
#2126 = CARTESIAN_POINT ( 'NONE',  ( 11.31575264006983872, 2.050308267119024475, -9.173383058861043438 ) ) ;
#2127 = DIRECTION ( 'NONE',  ( 0.000000000000000000, -0.000000000000000000, -1.000000000000000000 ) ) ;
#2128 = DIRECTION ( 'NONE',  ( 1.000000000000000000, 0.000000000000000000, 0.000000000000000000 ) ) ;
#2129 = PRODUCT_DEFINITION ( 'UNKNOWN', '', #1692, #2207 ) ;
#2130 = VERTEX_POINT ( 'NONE', #781 ) ;
#2131 = CARTESIAN_POINT ( 'NONE',  ( 11.31483861360235643, -2.238732402930239562, -9.372368608130921430 ) ) ;
#2132 = VECTOR ( 'NONE', #2585, 1000.000000000000000 ) ;
#2133 = ORIENTED_EDGE ( 'NONE', *, *, #661, .F. ) ;
#2134 = PLANE ( 'NONE',  #1855 ) ;
#2135 = CARTESIAN_POINT ( 'NONE',  ( 11.10626038251965930, -1.884510811744266601, -0.4987438934693867454 ) ) ;
#2136 = CARTESIAN_POINT ( 'NONE',  ( 10.79655211454627128, -2.414525027388735534, -9.942152241352387065 ) ) ;
#2137 = ORIENTED_EDGE ( 'NONE', *, *, #1540, .T. ) ;
#2138 = CARTESIAN_POINT ( 'NONE',  ( 10.60290632800808552, -2.683029648165449643, -0.001629212082756786341 ) ) ;
#2139 = CARTESIAN_POINT ( 'NONE',  ( 4.800000000000000711, 0.000000000000000000, -9.000000000000001776 ) ) ;
#2140 = FACE_OUTER_BOUND ( 'NONE', #2744, .T. ) ;
#2141 = CARTESIAN_POINT ( 'NONE',  ( 11.17214438511238228, 1.750000000000000000, -10.00000000000000000 ) ) ;
#2142 = ADVANCED_FACE ( 'NONE', ( #1658 ), #328, .T. ) ;
#2143 = AXIS2_PLACEMENT_3D ( 'NONE', #2554, #1050, #1930 ) ;
#2144 = CARTESIAN_POINT ( 'NONE',  ( 10.81248103219980550, -2.844988285009031781, -9.746653197329241181 ) ) ;
#2145 = EDGE_CURVE ( 'NONE', #1956, #2335, #2307, .T. ) ;
#2146 = ORIENTED_EDGE ( 'NONE', *, *, #1871, .T. ) ;
#2147 = CARTESIAN_POINT ( 'NONE',  ( 11.19352862521473924, -2.408638263605418217, -0.4337066490591213186 ) ) ;
#2148 = CARTESIAN_POINT ( 'NONE',  ( 8.460311865238923090, 1.750000000000000000, -4.000000000000000888 ) ) ;
#2149 = EDGE_LOOP ( 'NONE', ( #1791, #1826, #1687, #1242 ) ) ;
#2150 = DIRECTION ( 'NONE',  ( 0.000000000000000000, 0.000000000000000000, -1.000000000000000000 ) ) ;
#2151 = LINE ( 'NONE', #375, #53 ) ;
#2152 = CARTESIAN_POINT ( 'NONE',  ( 11.25033031138869433, 1.899687906493193079, -9.086422353108277505 ) ) ;
#2153 = CARTESIAN_POINT ( 'NONE',  ( -4.000999999999999446, -1.749999999999999334, -7.000000000000000000 ) ) ;
#2154 = CARTESIAN_POINT ( 'NONE',  ( 11.06537211498909379, -2.569902781298063932, -9.668563174768806334 ) ) ;
#2155 = ORIENTED_EDGE ( 'NONE', *, *, #363, .F. ) ;
#2156 = DIRECTION ( 'NONE',  ( -0.000000000000000000, -0.7071067811865439090, -0.7071067811865512365 ) ) ;
#2157 = CARTESIAN_POINT ( 'NONE',  ( 11.16365026820093931, -1.767881773609496054, -0.8107885229441602615 ) ) ;
#2158 = CARTESIAN_POINT ( 'NONE',  ( 11.17214438511238228, -1.750000000000000000, -0.9999999999999991118 ) ) ;
#2159 = ORIENTED_EDGE ( 'NONE', *, *, #1756, .T. ) ;
#2160 = CARTESIAN_POINT ( 'NONE',  ( 8.000000000000000000, 0.000000000000000000, -9.749999999999996447 ) ) ;
#2161 = VECTOR ( 'NONE', #1653, 1000.000000000000000 ) ;
#2162 = DIRECTION ( 'NONE',  ( 1.000000000000000000, 0.000000000000000000, 0.000000000000000000 ) ) ;
#2163 = VECTOR ( 'NONE', #321, 1000.000000000000000 ) ;
#2164 = DIRECTION ( 'NONE',  ( -0.9078412990032039831, 0.4193139346887666541, 0.000000000000000000 ) ) ;
#2165 = AXIS2_PLACEMENT_3D ( 'NONE', #2619, #1987, #644 ) ;
#2166 = VERTEX_POINT ( 'NONE', #346 ) ;
#2167 = EDGE_CURVE ( 'NONE', #2590, #994, #2768, .T. ) ;
#2168 =( NAMED_UNIT ( * ) PLANE_ANGLE_UNIT ( ) SI_UNIT ( $, .RADIAN. ) );
#2169 = CARTESIAN_POINT ( 'NONE',  ( 0.000000000000000000, 0.000000000000000000, 0.000000000000000000 ) ) ;
#2170 = LINE ( 'NONE', #2840, #574 ) ;
#2171 = EDGE_CURVE ( 'NONE', #2507, #89, #123, .T. ) ;
#2172 = CARTESIAN_POINT ( 'NONE',  ( 11.15003799678343910, -1.796215615074557626, -9.303079553475166463 ) ) ;
#2173 = ORIENTED_EDGE ( 'NONE', *, *, #2478, .F. ) ;
#2174 = CIRCLE ( 'NONE', #1940, 2.749999999999999112 ) ;
#2175 = CARTESIAN_POINT ( 'NONE',  ( 10.85882894423038891, -2.319181917553230221, -0.09743151387271391239 ) ) ;
#2176 = DIRECTION ( 'NONE',  ( 0.000000000000000000, 0.000000000000000000, -1.000000000000000000 ) ) ;
#2177 = VERTEX_POINT ( 'NONE', #1729 ) ;
#2178 = CARTESIAN_POINT ( 'NONE',  ( 11.44437962101462247, -2.040384487656648815, -9.167653562117058286 ) ) ;
#2179 = ADVANCED_FACE ( 'NONE', ( #1463 ), #2864, .F. ) ;
#2180 = CARTESIAN_POINT ( 'NONE',  ( 11.59687364248453889, 1.749999999999998446, -4.999999999999997335 ) ) ;
#2181 = DIRECTION ( 'NONE',  ( 0.000000000000000000, -0.8660254037844389297, 0.4999999999999995559 ) ) ;
#2182 = VECTOR ( 'NONE', #2880, 1000.000000000000000 ) ;
#2183 = EDGE_CURVE ( 'NONE', #694, #1956, #1738, .T. ) ;
#2184 = ADVANCED_FACE ( 'NONE', ( #2140 ), #1744, .F. ) ;
#2185 = CARTESIAN_POINT ( 'NONE',  ( 7.586546223265272282, 0.8839745962155614034, -6.500000000000000888 ) ) ;
#2186 = CARTESIAN_POINT ( 'NONE',  ( 11.08709172115790409, -1.921943586094700063, -9.560954683553198663 ) ) ;
#2187 = ORIENTED_EDGE ( 'NONE', *, *, #992, .F. ) ;
#2188 = DIRECTION ( 'NONE',  ( 0.000000000000000000, 0.000000000000000000, 1.000000000000000000 ) ) ;
#2189 = LINE ( 'NONE', #242, #1215 ) ;
#2190 = PLANE ( 'NONE',  #171 ) ;
#2191 = ORIENTED_EDGE ( 'NONE', *, *, #2035, .F. ) ;
#2192 = CARTESIAN_POINT ( 'NONE',  ( -4.000999999999999446, 1.750000000000000000, -3.000000000000000000 ) ) ;
#2193 = CARTESIAN_POINT ( 'NONE',  ( 11.12143633980056023, 2.501470083665783495, -0.3682166675535806233 ) ) ;
#2194 = CARTESIAN_POINT ( 'NONE',  ( 10.99367457801712256, 2.653081121331530845, -0.2971662918437139034 ) ) ;
#2195 = EDGE_LOOP ( 'NONE', ( #2406, #356, #1008, #1204 ) ) ;
#2196 = EDGE_CURVE ( 'NONE', #1013, #1325, #151, .T. ) ;
#2197 = LINE ( 'NONE', #930, #100 ) ;
#2198 = CARTESIAN_POINT ( 'NONE',  ( -0.000000000000000000, 2.750000000000000000, 0.000000000000000000 ) ) ;
#2199 = EDGE_CURVE ( 'NONE', #1366, #2210, #2377, .T. ) ;
#2200 = CARTESIAN_POINT ( 'NONE',  ( 10.91723841140425222, -2.225138765519907302, -9.851344494837974253 ) ) ;
#2201 = ORIENTED_EDGE ( 'NONE', *, *, #344, .T. ) ;
#2202 = FACE_OUTER_BOUND ( 'NONE', #368, .T. ) ;
#2203 = DIRECTION ( 'NONE',  ( -0.000000000000000000, -0.000000000000000000, 1.000000000000000000 ) ) ;
#2204 = CARTESIAN_POINT ( 'NONE',  ( 11.23475188044305106, 2.353068880824944920, -9.517007902192725410 ) ) ;
#2205 = ORIENTED_EDGE ( 'NONE', *, *, #1265, .T. ) ;
#2206 = CARTESIAN_POINT ( 'NONE',  ( 11.38356347908494826, -2.133424054074685383, -0.8849012840640001487 ) ) ;
#2207 = PRODUCT_DEFINITION_CONTEXT ( 'detailed design', #2756, 'design' ) ;
#2208 = CARTESIAN_POINT ( 'NONE',  ( 11.05043347681256272, 2.587603140193673212, -0.3232808355485609075 ) ) ;
#2209 = CARTESIAN_POINT ( 'NONE',  ( 2.400000000000002132, 1.494862204503906167, -10.00000000000000000 ) ) ;
#2210 = VERTEX_POINT ( 'NONE', #2824 ) ;
#2211 = CARTESIAN_POINT ( 'NONE',  ( 0.000000000000000000, 4.000000000000000000, -0.2500000000000002220 ) ) ;
#2212 = VECTOR ( 'NONE', #701, 1000.000000000000000 ) ;
#2213 = DIRECTION ( 'NONE',  ( -1.000000000000000000, 0.000000000000000000, 0.000000000000000000 ) ) ;
#2214 = EDGE_CURVE ( 'NONE', #2544, #957, #182, .T. ) ;
#2215 = DIRECTION ( 'NONE',  ( 0.000000000000000000, 0.000000000000000000, 1.000000000000000000 ) ) ;
#2216 = DIRECTION ( 'NONE',  ( -0.000000000000000000, 0.000000000000000000, 1.000000000000000000 ) ) ;
#2217 = ORIENTED_EDGE ( 'NONE', *, *, #1277, .T. ) ;
#2218 = DIRECTION ( 'NONE',  ( 0.000000000000000000, -0.000000000000000000, -1.000000000000000000 ) ) ;
#2219 = DIRECTION ( 'NONE',  ( 1.000000000000000000, 0.000000000000000000, 0.000000000000000000 ) ) ;
#2220 = CARTESIAN_POINT ( 'NONE',  ( 11.36806404783802371, 2.157811293197892333, -9.184259457725360676 ) ) ;
#2221 = ORIENTED_EDGE ( 'NONE', *, *, #2537, .T. ) ;
#2222 = PLANE ( 'NONE',  #1533 ) ;
#2223 = CARTESIAN_POINT ( 'NONE',  ( 11.36561731692179578, 2.161630285142399632, -0.8017906366607286950 ) ) ;
#2224 = DIRECTION ( 'NONE',  ( 0.4193139346887665986, -0.9078412990032039831, 0.000000000000000000 ) ) ;
#2225 = EDGE_LOOP ( 'NONE', ( #2808, #509, #529, #1952 ) ) ;
#2226 = TOROIDAL_SURFACE ( 'NONE', #1153, 2.999999999999997335, 1.000000000000000000 ) ;
#2227 = B_SPLINE_CURVE_WITH_KNOTS ( 'NONE', 3,
 ( #1083, #2206, #1064, #1976, #2003, #471, #229, #631, #2638, #2431, #1358, #649, #427, #413, #2656, #1788, #867, #1566, #2402, #1525, #1298, #16, #441, #1125 ),
 .UNSPECIFIED., .F., .F.,
 ( 4, 2, 2, 2, 2, 2, 2, 2, 2, 2, 2, 4 ),
 ( 0.000000000000000000, 0.2500000000000026645, 0.3750000000000037748, 0.4375000000000034972, 0.5000000000000032196, 0.5625000000000028866, 0.6250000000000025535, 0.6875000000000022204, 0.7500000000000018874, 0.8125000000000015543, 0.8750000000000012212, 1.000000000000000000 ),
 .UNSPECIFIED. ) ;
#2228 = CARTESIAN_POINT ( 'NONE',  ( 10.87378635780332736, 2.295711809954535276, -9.891417566357166180 ) ) ;
#2229 = CARTESIAN_POINT ( 'NONE',  ( 2.400000000000001688, -0.2987724386188607695, -9.799999999999998934 ) ) ;
#2230 = CARTESIAN_POINT ( 'NONE',  ( 11.38362067745320516, 2.133333333333333748, -1.778682396810643107 ) ) ;
#2231 = CIRCLE ( 'NONE', #2527, 4.000000000000000000 ) ;
#2232 = ORIENTED_EDGE ( 'NONE', *, *, #2537, .F. ) ;
#2233 = EDGE_CURVE ( 'NONE', #1961, #1361, #508, .T. ) ;
#2234 = LINE ( 'NONE', #2487, #2212 ) ;
#2235 = B_SPLINE_SURFACE_WITH_KNOTS ( 'NONE', 1, 3, ( 
 ( #1664, #2603, #2144, #1454, #156, #1043, #804, #1280, #1681, #1694, #2106, #788, #2561, #2154, #832, #130, #612, #1230, #585, #1922, #335, #993, #2382, #391, #1647, #1240, #2337, #2589, #1495, #2322, #113, #1014, #2131, #1004, #1255, #2365, #143, #1466, #2827, #2814, #1897, #573, #2546, #1870, #2774, #2786, #773, #555, #351, #2116, #1442, #2800 ),
 ( #1029, #1910, #817, #596, #1480, #381, #2454, #625, #1520, #2410, #1735, #420, #187, #683, #1306, #2200, #8, #1953, #404, #1074, #1971, #1320, #212, #1508, #2841, #1532, #2617, #465, #2871, #2186, #903, #199, #1293, #2395, #875, #1768, #672, #1349, #2172, #2857, #639, #2664, #1088, #2631, #1985, #1938, #1781, #2425, #2886, #860, #1751, #891 ) ),
 .UNSPECIFIED., .F., .F., .F.,
 ( 2, 2 ),
 ( 4, 2, 2, 2, 2, 2, 2, 2, 2, 2, 2, 2, 2, 2, 2, 2, 2, 2, 2, 2, 2, 2, 2, 2, 2, 4 ),
 ( 0.000000000000000000, 1.000000000000000000 ),
 ( 0.003275007816704996952, 0.003453078732523963412, 0.003542114190433446642, 0.003586631919388188691, 0.003631149648342930306, 0.003675667377297671921, 0.003720185106252413970, 0.003809220564161897200, 0.003853738293116638815, 0.003898256022071380431, 0.003942773751026121612, 0.003987291479980863661, 0.004076326937890346891, 0.004120844666845088940, 0.004165362395799830988, 0.004209880124754572170, 0.004254397853709314219, 0.004298915582664056267, 0.004343433311618797449, 0.004432468769528280679, 0.004454727634005652137, 0.004476986498483022728, 0.004521504227437763909, 0.004566021956392505091, 0.004610539685347247139, 0.004699575143256730370 ),
 .UNSPECIFIED. ) ;
#2236 = DIRECTION ( 'NONE',  ( 0.000000000000000000, -0.000000000000000000, -1.000000000000000000 ) ) ;
#2237 = CARTESIAN_POINT ( 'NONE',  ( 11.36004052989424729, 2.170305825404607258, -9.227309665148650808 ) ) ;
#2238 = ORIENTED_EDGE ( 'NONE', *, *, #2490, .F. ) ;
#2239 = PLANE ( 'NONE',  #1531 ) ;
#2240 = AXIS2_PLACEMENT_3D ( 'NONE', #2160, #2111, #839 ) ;
#2241 = CARTESIAN_POINT ( 'NONE',  ( 10.95348612657952536, 2.697738852058354286, -0.2829291190587263083 ) ) ;
#2242 = ADVANCED_FACE ( 'NONE', ( #604 ), #2226, .T. ) ;
#2243 = FACE_OUTER_BOUND ( 'NONE', #1521, .T. ) ;
#2244 = ORIENTED_EDGE ( 'NONE', *, *, #947, .T. ) ;
#2245 = CARTESIAN_POINT ( 'NONE',  ( 10.69901936082194815, 2.554785293634873611, -9.981178338768527780 ) ) ;
#2246 = CARTESIAN_POINT ( 'NONE',  ( 7.908091617554957153, 1.433355571187561184, -2.182814746212256907 ) ) ;
#2247 = CARTESIAN_POINT ( 'NONE',  ( 2.400000000000001688, -1.560348302497693482E-14, -0.1999999999999979849 ) ) ;
#2248 = ORIENTED_EDGE ( 'NONE', *, *, #1502, .T. ) ;
#2249 = CARTESIAN_POINT ( 'NONE',  ( 8.000000000000000000, -4.000000000000000000, -0.2500000000000002220 ) ) ;
#2250 = DIRECTION ( 'NONE',  ( 0.000000000000000000, 0.000000000000000000, -1.000000000000000000 ) ) ;
#2251 = CARTESIAN_POINT ( 'NONE',  ( 11.37956996463016068, 2.139746397218004414, -9.095947784279875492 ) ) ;
#2252 = ORIENTED_EDGE ( 'NONE', *, *, #928, .F. ) ;
#2253 = LINE ( 'NONE', #2818, #26 ) ;
#2254 = CARTESIAN_POINT ( 'NONE',  ( 11.16797714910939554, 1.758793665676767981, -0.8663063273853051083 ) ) ;
#2255 = CARTESIAN_POINT ( 'NONE',  ( 10.74242755484039513, 2.912056069682596338, -0.2500020125027069828 ) ) ;
#2256 = ORIENTED_EDGE ( 'NONE', *, *, #1333, .T. ) ;
#2257 = LINE ( 'NONE', #1806, #2098 ) ;
#2258 = CARTESIAN_POINT ( 'NONE',  ( 10.89152328279522308, 2.267273803868119497, -9.876380821100323004 ) ) ;
#2259 = AXIS2_PLACEMENT_3D ( 'NONE', #1484, #191, #2806 ) ;
#2260 = CARTESIAN_POINT ( 'NONE',  ( 8.000000000000000000, 0.000000000000000000, -10.00000000000000000 ) ) ;
#2261 = VECTOR ( 'NONE', #2812, 1000.000000000000000 ) ;
#2262 = EDGE_CURVE ( 'NONE', #1234, #642, #1300, .T. ) ;
#2263 = EDGE_LOOP ( 'NONE', ( #421, #1003, #2849, #1863, #466, #1405, #2683, #2401, #923, #2330, #710, #233, #513, #2872 ) ) ;
#2264 = CARTESIAN_POINT ( 'NONE',  ( 11.59687364248454067, -1.750000000000000000, -10.00000000000000000 ) ) ;
#2265 = CARTESIAN_POINT ( 'NONE',  ( 10.92718371044552583, 2.208775114207282009, -0.1585164718975184683 ) ) ;
#2266 = CARTESIAN_POINT ( 'NONE',  ( 11.14703710538767290, 2.469078644293896563, -9.610925042686972120 ) ) ;
#2267 = ORIENTED_EDGE ( 'NONE', *, *, #2737, .T. ) ;
#2268 = CARTESIAN_POINT ( 'NONE',  ( -4.000999999999999446, -0.8839745962155610703, -6.500000000000000000 ) ) ;
#2269 = CARTESIAN_POINT ( 'NONE',  ( 11.36033613278605259, -2.169831063554991335, -0.7755973751053645282 ) ) ;
#2270 = CARTESIAN_POINT ( 'NONE',  ( 11.38362067745320694, 2.133333333333332860, -0.9999999999999991118 ) ) ;
#2271 = ORIENTED_EDGE ( 'NONE', *, *, #1277, .F. ) ;
#2272 = FILL_AREA_STYLE ('',( #2037 ) ) ;
#2273 = EDGE_CURVE ( 'NONE', #382, #2031, #2878, .T. ) ;
#2274 = CARTESIAN_POINT ( 'NONE',  ( -3.000000000000000000, 3.673940397442059868E-16, -10.00000000000000178 ) ) ;
#2275 = VECTOR ( 'NONE', #96, 1000.000000000000000 ) ;
#2276 = ADVANCED_FACE ( 'NONE', ( #1067 ), #856, .T. ) ;
#2277 = FACE_OUTER_BOUND ( 'NONE', #1, .T. ) ;
#2278 = CARTESIAN_POINT ( 'NONE',  ( 10.86280708567572972, 2.794077083081809132, -9.739316473367185978 ) ) ;
#2279 = ORIENTED_EDGE ( 'NONE', *, *, #1773, .F. ) ;
#2280 = CARTESIAN_POINT ( 'NONE',  ( 0.000000000000000000, 0.000000000000000000, -9.000000000000001776 ) ) ;
#2281 = CARTESIAN_POINT ( 'NONE',  ( 9.096873642484538891, 1.750000000000000000, -2.000000000000000000 ) ) ;
#2282 = CARTESIAN_POINT ( 'NONE',  ( 11.02613394105112121, 2.615864742815282362, -9.688517124322499896 ) ) ;
#2283 = VECTOR ( 'NONE', #278, 1000.000000000000000 ) ;
#2284 = ORIENTED_EDGE ( 'NONE', *, *, #1540, .F. ) ;
#2285 = DIRECTION ( 'NONE',  ( -1.000000000000000000, 0.000000000000000000, 0.000000000000000000 ) ) ;
#2286 = CARTESIAN_POINT ( 'NONE',  ( 10.59164980566035119, 2.697909608552236715, -5.255416200930432670E-06 ) ) ;
#2287 = CARTESIAN_POINT ( 'NONE',  ( 11.15070099429935624, -1.794861276786558602, -9.298482488690979153 ) ) ;
#2288 = ORIENTED_EDGE ( 'NONE', *, *, #1471, .F. ) ;
#2289 = CARTESIAN_POINT ( 'NONE',  ( 8.460311865238923090, 1.750000000000000000, -3.000000000000000444 ) ) ;
#2290 = CARTESIAN_POINT ( 'NONE',  ( 9.096873642484538891, -1.749999999999999334, -7.000000000000000000 ) ) ;
#2291 = EDGE_CURVE ( 'NONE', #2299, #2531, #195, .T. ) ;
#2292 = ADVANCED_FACE ( 'NONE', ( #2243 ), #206, .T. ) ;
#2293 = CARTESIAN_POINT ( 'NONE',  ( 10.60305143233729019, 2.682845000726900242, -9.998361704133420957 ) ) ;
#2294 = FACE_OUTER_BOUND ( 'NONE', #2010, .T. ) ;
#2295 = ORIENTED_EDGE ( 'NONE', *, *, #1968, .F. ) ;
#2296 = LINE ( 'NONE', #730, #1748 ) ;
#2297 = LINE ( 'NONE', #2077, #699 ) ;
#2298 = CARTESIAN_POINT ( 'NONE',  ( 11.10766120025223103, 1.881748836996263385, -9.496491477507767343 ) ) ;
#2299 = VERTEX_POINT ( 'NONE', #1328 ) ;
#2300 = CARTESIAN_POINT ( 'NONE',  ( 9.096873642484538891, -2.750000000000000000, 0.000000000000000000 ) ) ;
#2301 = CARTESIAN_POINT ( 'NONE',  ( 11.38361944601115994, 2.133334647873393664, -0.9710532895361120298 ) ) ;
#2302 = CARTESIAN_POINT ( 'NONE',  ( 7.908091617554958930, 1.433355571187562072, -8.182814746212256907 ) ) ;
#2303 = VECTOR ( 'NONE', #1212, 1000.000000000000000 ) ;
#2304 = ORIENTED_EDGE ( 'NONE', *, *, #727, .F. ) ;
#2305 = EDGE_CURVE ( 'NONE', #1392, #1159, #333, .T. ) ;
#2306 = CARTESIAN_POINT ( 'NONE',  ( 11.35504202454769818, 2.178002069218229142, -9.247107313676668383 ) ) ;
#2307 = LINE ( 'NONE', #988, #515 ) ;
#2308 = CARTESIAN_POINT ( 'NONE',  ( 11.38362067745320516, -2.133333333333333748, -1.778682396810643551 ) ) ;
#2309 = DIRECTION ( 'NONE',  ( 1.000000000000000000, 0.000000000000000000, 0.000000000000000000 ) ) ;
#2310 = ORIENTED_EDGE ( 'NONE', *, *, #1424, .F. ) ;
#2311 = VECTOR ( 'NONE', #2673, 1000.000000000000000 ) ;
#2312 = LINE ( 'NONE', #2091, #1993 ) ;
#2313 = VECTOR ( 'NONE', #950, 1000.000000000000000 ) ;
#2314 = ORIENTED_EDGE ( 'NONE', *, *, #622, .T. ) ;
#2315 = CARTESIAN_POINT ( 'NONE',  ( 11.04111459337575596, 2.008960647548271972, -0.3276828497702039544 ) ) ;
#2316 = CARTESIAN_POINT ( 'NONE',  ( 11.12223651784010947, 2.500471095645262931, -0.3688104444998213660 ) ) ;
#2317 = ORIENTED_EDGE ( 'NONE', *, *, #2711, .T. ) ;
#2318 = DIRECTION ( 'NONE',  ( 0.000000000000000000, -0.5000000000000004441, -0.8660254037844383745 ) ) ;
#2319 = DIRECTION ( 'NONE',  ( -0.000000000000000000, 0.000000000000000000, 1.000000000000000000 ) ) ;
#2320 = VECTOR ( 'NONE', #2758, 1000.000000000000114 ) ;
#2321 = ORIENTED_EDGE ( 'NONE', *, *, #363, .T. ) ;
#2322 = CARTESIAN_POINT ( 'NONE',  ( 11.29289783590168561, -2.270888202208197981, -9.420716012665437233 ) ) ;
#2323 = AXIS2_PLACEMENT_3D ( 'NONE', #1967, #154, #871 ) ;
#2324 = EDGE_CURVE ( 'NONE', #957, #481, #2881, .T. ) ;
#2325 = ORIENTED_EDGE ( 'NONE', *, *, #2353, .F. ) ;
#2326 = LINE ( 'NONE', #102, #1932 ) ;
#2327 = CARTESIAN_POINT ( 'NONE',  ( 11.17214438511238228, -1.749999999999999778, -0.9999999999999991118 ) ) ;
#2328 = CARTESIAN_POINT ( 'NONE',  ( -4.000999999999999446, 1.750000000000000000, -2.000000000000000000 ) ) ;
#2329 = AXIS2_PLACEMENT_3D ( 'NONE', #1267, #493, #52 ) ;
#2330 = ORIENTED_EDGE ( 'NONE', *, *, #962, .T. ) ;
#2331 = FACE_OUTER_BOUND ( 'NONE', #2813, .T. ) ;
#2332 = LINE ( 'NONE', #1823, #1305 ) ;
#2333 = FACE_OUTER_BOUND ( 'NONE', #302, .T. ) ;
#2334 = DIRECTION ( 'NONE',  ( 1.000000000000000000, 0.000000000000000000, 0.000000000000000000 ) ) ;
#2335 = VERTEX_POINT ( 'NONE', #1109 ) ;
#2336 =( BOUNDED_CURVE ( )  B_SPLINE_CURVE ( 3, ( #1422, #551, #315, #1632 ),
 .UNSPECIFIED., .F., .T. ) 
 B_SPLINE_CURVE_WITH_KNOTS ( ( 4, 4 ),
 ( 3.141592653589793116, 4.182858314562487578 ),
 .UNSPECIFIED. ) 
 CURVE ( )  GEOMETRIC_REPRESENTATION_ITEM ( )  RATIONAL_B_SPLINE_CURVE ( ( 1.000000000000000000, 0.9116697100197745929, 0.9116697100197745929, 1.000000000000000000 ) ) 
 REPRESENTATION_ITEM ( '' )  );
#2337 = CARTESIAN_POINT ( 'NONE',  ( 11.26196947911571478, -2.315098006900352612, -9.476190474199619018 ) ) ;
#2338 = ORIENTED_EDGE ( 'NONE', *, *, #1752, .F. ) ;
#2339 = PLANE ( 'NONE',  #276 ) ;
#2340 = CARTESIAN_POINT ( 'NONE',  ( 11.08656657172067383, -1.922956079455439227, -0.4375806128752415813 ) ) ;
#2341 = CARTESIAN_POINT ( 'NONE',  ( 11.59687364248453889, 1.749999999999999778, -6.000000000000000000 ) ) ;
#2342 = ORIENTED_EDGE ( 'NONE', *, *, #1031, .F. ) ;
#2343 = B_SPLINE_CURVE_WITH_KNOTS ( 'NONE', 3,
 ( #936, #44, #2059, #485, #2488, #2746 ),
 .UNSPECIFIED., .F., .F.,
 ( 4, 2, 4 ),
 ( 0.001821218476342873665, 0.002736631247758207833, 0.003652044019173541350 ),
 .UNSPECIFIED. ) ;
#2344 = CARTESIAN_POINT ( 'NONE',  ( 10.57127355721071638, -2.723097215856359998, 8.675972650069057242E-16 ) ) ;
#2345 = EDGE_CURVE ( 'NONE', #2660, #2734, #220, .T. ) ;
#2346 = CYLINDRICAL_SURFACE ( 'NONE', #472, 1.000000000000000888 ) ;
#2347 = DIRECTION ( 'NONE',  ( -0.4193139346887666541, -0.9078412990032039831, 0.000000000000000000 ) ) ;
#2348 = B_SPLINE_CURVE_WITH_KNOTS ( 'NONE', 1,
 ( #2582, #2359 ),
 .UNSPECIFIED., .F., .F.,
 ( 2, 2 ),
 ( 0.000000000000000000, 1.000000000000000000 ),
 .UNSPECIFIED. ) ;
#2349 = DIRECTION ( 'NONE',  ( 0.000000000000000000, -1.000000000000000000, 0.000000000000000000 ) ) ;
#2350 = CARTESIAN_POINT ( 'NONE',  ( 9.096873642484538891, 0.000000000000000000, -9.000000000000001776 ) ) ;
#2351 = ORIENTED_EDGE ( 'NONE', *, *, #912, .T. ) ;
#2352 = FACE_OUTER_BOUND ( 'NONE', #626, .T. ) ;
#2353 = EDGE_CURVE ( 'NONE', #1325, #1509, #2072, .T. ) ;
#2354 = ORIENTED_EDGE ( 'NONE', *, *, #300, .T. ) ;
#2355 = FACE_OUTER_BOUND ( 'NONE', #2560, .T. ) ;
#2356 = CARTESIAN_POINT ( 'NONE',  ( 11.29233767650220877, -2.271698196897679711, -0.5781854596568164473 ) ) ;
#2357 = CARTESIAN_POINT ( 'NONE',  ( 10.76983837274049982, -2.454111618939444739, -9.955629257865616921 ) ) ;
#2358 = ORIENTED_EDGE ( 'NONE', *, *, #1929, .T. ) ;
#2359 = CARTESIAN_POINT ( 'NONE',  ( 10.71947707391614557, 2.933333333333338899, -9.749999999999996447 ) ) ;
#2360 = DIRECTION ( 'NONE',  ( 0.000000000000000000, 0.000000000000000000, 1.000000000000000000 ) ) ;
#2361 = CARTESIAN_POINT ( 'NONE',  ( 11.28666730646420469, 1.978524563134907321, -9.131938718042382774 ) ) ;
#2362 = ADVANCED_FACE ( 'NONE', ( #2705 ), #1821, .F. ) ;
#2363 = EDGE_CURVE ( 'NONE', #1890, #2785, #782, .T. ) ;
#2364 = FACE_OUTER_BOUND ( 'NONE', #1600, .T. ) ;
#2365 = CARTESIAN_POINT ( 'NONE',  ( 11.33803395465121433, -2.203994446627659087, -9.308521367259862345 ) ) ;
#2366 = CIRCLE ( 'NONE', #933, 2.999999999999997335 ) ;
#2367 = ORIENTED_EDGE ( 'NONE', *, *, #1567, .F. ) ;
#2368 = DIRECTION ( 'NONE',  ( 0.000000000000000000, -0.000000000000000000, -1.000000000000000000 ) ) ;
#2369 = VECTOR ( 'NONE', #668, 1000.000000000000114 ) ;
#2370 = CARTESIAN_POINT ( 'NONE',  ( 11.22291404512607116, -2.369169328748252923, -0.4680940994876720551 ) ) ;
#2371 = AXIS2_PLACEMENT_3D ( 'NONE', #2508, #2285, #2081 ) ;
#2372 = LINE ( 'NONE', #2833, #2403 ) ;
#2373 = ORIENTED_EDGE ( 'NONE', *, *, #2581, .T. ) ;
#2374 = CARTESIAN_POINT ( 'NONE',  ( 0.000000000000000000, 0.000000000000000000, -9.749999999999996447 ) ) ;
#2375 = CARTESIAN_POINT ( 'NONE',  ( 11.59687364248454067, 1.749999999999999334, -9.000000000000001776 ) ) ;
#2376 = B_SPLINE_SURFACE_WITH_KNOTS ( 'NONE', 1, 3, ( 
 ( #692, #665, #2641, #194, #1777, #2461, #2241, #1315, #1553, #884, #1139, #2208, #460, #650, #2193, #1108, #2445, #1568, #246, #219, #17, #1803, #2017, #31, #708, #3, #2704, #926, #1583, #2223, #897, #205, #2672, #1096, #678, #231, #2301, #2535 ),
 ( #544, #2286, #308, #996, #322, #91, #2777, #1831, #1874, #1220, #764, #1624, #63, #2082, #1611, #1373, #1432, #2750, #1206, #2315, #981, #294, #1861, #2762, #1637, #2096, #776, #2048, #2551, #264, #2736, #1652, #103, #1193, #2254, #2510, #1157, #2033 ) ),
 .UNSPECIFIED., .F., .F., .F.,
 ( 2, 2 ),
 ( 4, 2, 2, 2, 2, 2, 2, 2, 2, 2, 2, 2, 2, 2, 2, 2, 2, 2, 4 ),
 ( 0.000000000000000000, 1.000000000000000000 ),
 ( 0.000000000000000000, 0.0001706817944698344304, 0.0002560226917047516457, 0.0003413635889396688609, 0.0003840340375571274414, 0.0004267044861745860761, 0.0005120453834095032913, 0.0005973862806444205607, 0.0006827271778793377217, 0.0007680680751142548827, 0.0008534089723491721522, 0.0009387498695840894216, 0.001024090766819006583, 0.001109431664053923960, 0.001152102112671382541, 0.001194772561288841121, 0.001237443009906299702, 0.001280113458523758282, 0.001365454355758675443 ),
 .UNSPECIFIED. ) ;
#2377 = LINE ( 'NONE', #1918, #888 ) ;
#2378 =( GEOMETRIC_REPRESENTATION_CONTEXT ( 3 ) GLOBAL_UNCERTAINTY_ASSIGNED_CONTEXT ( ( #2657 ) ) GLOBAL_UNIT_ASSIGNED_CONTEXT ( ( #311, #767, #268 ) ) REPRESENTATION_CONTEXT ( 'NONE', 'WORKASPACE' ) );
#2379 = EDGE_CURVE ( 'NONE', #57, #385, #1385, .T. ) ;
#2380 = CARTESIAN_POINT ( 'NONE',  ( 11.11552901462489551, 1.866196591977204111, -9.469313547051157798 ) ) ;
#2381 = LINE ( 'NONE', #638, #1124 ) ;
#2382 = CARTESIAN_POINT ( 'NONE',  ( 11.19682822751653539, -2.404258610775062532, -9.562718637085549034 ) ) ;
#2383 = ORIENTED_EDGE ( 'NONE', *, *, #2440, .F. ) ;
#2384 = DIRECTION ( 'NONE',  ( -1.000000000000000000, 1.224646799147353454E-16, 0.000000000000000000 ) ) ;
#2385 = CARTESIAN_POINT ( 'NONE',  ( 11.20110016729966596, -2.398563983121839271, -0.4420470216966106425 ) ) ;
#2386 = DIRECTION ( 'NONE',  ( 1.000000000000000000, 0.000000000000000000, 0.000000000000000000 ) ) ;
#2387 = ORIENTED_EDGE ( 'NONE', *, *, #1031, .T. ) ;
#2388 = DIRECTION ( 'NONE',  ( 0.000000000000000000, 0.000000000000000000, -1.000000000000000000 ) ) ;
#2389 = CARTESIAN_POINT ( 'NONE',  ( 11.33508478801076436, -2.105726672018418899, -9.205378889847766644 ) ) ;
#2390 = CARTESIAN_POINT ( 'NONE',  ( 11.27386676329860293, 1.949970996567193637, -9.115453308698192814 ) ) ;
#2391 = EDGE_CURVE ( 'NONE', #2553, #1899, #783, .T. ) ;
#2392 = AXIS2_PLACEMENT_3D ( 'NONE', #1238, #402, #1919 ) ;
#2393 = DIRECTION ( 'NONE',  ( -0.8755950357709159082, 0.4830458915396429465, 0.000000000000000000 ) ) ;
#2394 = B_SPLINE_CURVE_WITH_KNOTS ( 'NONE', 3,
 ( #241, #963, #1134, #497, #483, #2731 ),
 .UNSPECIFIED., .F., .F.,
 ( 4, 2, 4 ),
 ( -6.454976580825061961E-06, 0.0009073817498810243191, 0.001821218476342873665 ),
 .UNSPECIFIED. ) ;
#2395 = CARTESIAN_POINT ( 'NONE',  ( 11.11688804955347365, -1.863445972747088453, -9.463018159884338587 ) ) ;
#2396 = EDGE_LOOP ( 'NONE', ( #1069, #1708, #2205, #1539 ) ) ;
#2397 = EDGE_CURVE ( 'NONE', #533, #2123, #898, .T. ) ;
#2398 = CARTESIAN_POINT ( 'NONE',  ( 10.79592484190233215, -2.415465031823517350, -0.05750617510704166685 ) ) ;
#2399 = DIRECTION ( 'NONE',  ( 1.000000000000000000, 0.000000000000000000, 0.000000000000000000 ) ) ;
#2400 = ADVANCED_FACE ( 'NONE', ( #2659 ), #709, .T. ) ;
#2401 = ORIENTED_EDGE ( 'NONE', *, *, #12, .T. ) ;
#2402 = CARTESIAN_POINT ( 'NONE',  ( 10.93362039842622657, -2.719330101943665312, -0.2770267876220298131 ) ) ;
#2403 = VECTOR ( 'NONE', #396, 1000.000000000000114 ) ;
#2404 = DIRECTION ( 'NONE',  ( 0.000000000000000000, 0.000000000000000000, 1.000000000000000000 ) ) ;
#2405 = DIRECTION ( 'NONE',  ( -0.000000000000000000, 0.4999999999999995559, 0.8660254037844389297 ) ) ;
#2406 = ORIENTED_EDGE ( 'NONE', *, *, #2391, .T. ) ;
#2407 = CYLINDRICAL_SURFACE ( 'NONE', #2323, 4.000000000000000000 ) ;
#2408 = ADVANCED_FACE ( 'NONE', ( #50 ), #651, .F. ) ;
#2409 = DIRECTION ( 'NONE',  ( 0.000000000000000000, -0.5000000000000001110, -0.8660254037844385966 ) ) ;
#2410 = CARTESIAN_POINT ( 'NONE',  ( 10.80846668513385289, -2.396667391148547654, -9.935625016728662828 ) ) ;
#2411 = ORIENTED_EDGE ( 'NONE', *, *, #2529, .F. ) ;
#2412 = CARTESIAN_POINT ( 'NONE',  ( 7.586546223265268729, -0.8839745962155610703, -2.499999999999999556 ) ) ;
#2413 = VECTOR ( 'NONE', #1559, 1000.000000000000000 ) ;
#2414 = CARTESIAN_POINT ( 'NONE',  ( 10.95832338609879031, 2.156210785235247229, -0.1947464539052328469 ) ) ;
#2415 = EDGE_CURVE ( 'NONE', #2779, #2299, #258, .T. ) ;
#2416 = CARTESIAN_POINT ( 'NONE',  ( 11.30314117485102088, -2.257093164426021925, -9.410012775386380923 ) ) ;
#2417 = ORIENTED_EDGE ( 'NONE', *, *, #568, .T. ) ;
#2418 = CARTESIAN_POINT ( 'NONE',  ( 11.35504202454770351, -2.178002069218221148, -9.247107313676659501 ) ) ;
#2419 = CARTESIAN_POINT ( 'NONE',  ( 11.32504576112708250, -2.075857536191183961, -9.188133936237452559 ) ) ;
#2420 = CARTESIAN_POINT ( 'NONE',  ( 10.89326860347860659, 2.762225682729483545, -0.2670520362602964437 ) ) ;
#2421 = AXIS2_PLACEMENT_3D ( 'NONE', #1757, #1537, #686 ) ;
#2422 = ORIENTED_EDGE ( 'NONE', *, *, #2214, .T. ) ;
#2423 = CARTESIAN_POINT ( 'NONE',  ( 7.908091617554958930, 1.433355571187561628, -6.817185253787742205 ) ) ;
#2424 = CARTESIAN_POINT ( 'NONE',  ( 10.71945079066769146, 2.526317246605888300, -9.975111859310120010 ) ) ;
#2425 = CARTESIAN_POINT ( 'NONE',  ( 11.17112926054072375, -1.752146353294725234, -9.068447977301417495 ) ) ;
#2426 = ORIENTED_EDGE ( 'NONE', *, *, #695, .T. ) ;
#2427 = CARTESIAN_POINT ( 'NONE',  ( 8.460311865238923090, -1.750000000000000444, -8.000000000000000000 ) ) ;
#2428 = CARTESIAN_POINT ( 'NONE',  ( 10.63245863153905724, -2.645064574700840332, -0.004043248904491283241 ) ) ;
#2429 = CARTESIAN_POINT ( 'NONE',  ( 11.38336443736537440, 2.133741787767667653, -8.961301775076304210 ) ) ;
#2430 = EDGE_LOOP ( 'NONE', ( #2748, #1585, #2137, #1460 ) ) ;
#2431 = CARTESIAN_POINT ( 'NONE',  ( 11.17081605927252497, -2.438552886131984287, -0.4101501845433358495 ) ) ;
#2432 = CARTESIAN_POINT ( 'NONE',  ( 11.32882643179183013, -2.086761738280517697, -9.194429480249025843 ) ) ;
#2433 = CARTESIAN_POINT ( 'NONE',  ( 7.908091617554957153, -1.433355571187561406, -6.817185253787743093 ) ) ;
#2434 = ORIENTED_EDGE ( 'NONE', *, *, #1663, .F. ) ;
#2435 = CARTESIAN_POINT ( 'NONE',  ( 10.54950975679638248, 2.750000000000000444, -10.00000000000000178 ) ) ;
#2436 = DIRECTION ( 'NONE',  ( 0.000000000000000000, 0.000000000000000000, 1.000000000000000000 ) ) ;
#2437 = VERTEX_POINT ( 'NONE', #1418 ) ;
#2438 = CARTESIAN_POINT ( 'NONE',  ( 11.02271558128658135, 2.042549277366661808, -0.2930244810740734729 ) ) ;
#2439 = FACE_OUTER_BOUND ( 'NONE', #1671, .T. ) ;
#2440 = EDGE_CURVE ( 'NONE', #1281, #533, #1644, .T. ) ;
#2441 = ORIENTED_EDGE ( 'NONE', *, *, #179, .F. ) ;
#2442 = B_SPLINE_CURVE_WITH_KNOTS ( 'NONE', 3,
 ( #1523, #486, #2668, #215, #1800, #1324, #1312, #425, #675, #2682, #1564, #1369, #2416, #454, #202 ),
 .UNSPECIFIED., .F., .F.,
 ( 4, 1, 2, 2, 2, 2, 2, 4 ),
 ( 0.000000000000000000, 0.1250000000000005829, 0.1875000000000008882, 0.2500000000000011657, 0.3750000000000009437, 0.5000000000000007772, 0.7500000000000003331, 1.000000000000000000 ),
 .UNSPECIFIED. ) ;
#2443 = DIRECTION ( 'NONE',  ( 0.000000000000000000, 0.000000000000000000, -1.000000000000000000 ) ) ;
#2444 = UNCERTAINTY_MEASURE_WITH_UNIT (LENGTH_MEASURE( 1.000000000000000082E-05 ), #1491, 'distance_accuracy_value', 'NONE');
#2445 = CARTESIAN_POINT ( 'NONE',  ( 11.17069180760091029, 2.438722596206859716, -0.4099940198406017422 ) ) ;
#2446 = DIRECTION ( 'NONE',  ( -0.000000000000000000, 0.000000000000000000, 1.000000000000000000 ) ) ;
#2447 = ORIENTED_EDGE ( 'NONE', *, *, #2291, .T. ) ;
#2448 = VECTOR ( 'NONE', #1263, 1000.000000000000000 ) ;
#2449 = VECTOR ( 'NONE', #1505, 1000.000000000000000 ) ;
#2450 = ADVANCED_FACE ( 'NONE', ( #296 ), #2109, .F. ) ;
#2451 = EDGE_CURVE ( 'NONE', #145, #642, #119, .T. ) ;
#2452 = CARTESIAN_POINT ( 'NONE',  ( 11.19687364248454209, 0.8839745962155612924, -4.500000000000000888 ) ) ;
#2453 = CARTESIAN_POINT ( 'NONE',  ( 11.01049260702890820, 2.633908198345175755, -9.695717928029921495 ) ) ;
#2454 = CARTESIAN_POINT ( 'NONE',  ( 10.75954113580698213, -2.468962332279803551, -9.959815384765862589 ) ) ;
#2455 = ORIENTED_EDGE ( 'NONE', *, *, #1880, .F. ) ;
#2456 = DIRECTION ( 'NONE',  ( 0.000000000000000000, -0.000000000000000000, -1.000000000000000000 ) ) ;
#2457 = CARTESIAN_POINT ( 'NONE',  ( 10.71119634004677756, -2.537848494927508636, -0.02236541168149988601 ) ) ;
#2458 = CARTESIAN_POINT ( 'NONE',  ( 11.33803395465121433, 2.203994446627658643, -9.308521367259862345 ) ) ;
#2459 = ORIENTED_EDGE ( 'NONE', *, *, #1567, .T. ) ;
#2460 = FACE_OUTER_BOUND ( 'NONE', #658, .T. ) ;
#2461 = CARTESIAN_POINT ( 'NONE',  ( 10.93332102769966241, 2.719654722298244121, -0.2769422894528320023 ) ) ;
#2462 = DIRECTION ( 'NONE',  ( 1.000000000000000000, 0.000000000000000000, 0.000000000000000000 ) ) ;
#2463 = VERTEX_POINT ( 'NONE', #323 ) ;
#2464 = AXIS2_PLACEMENT_3D ( 'NONE', #2350, #2601, #2128 ) ;
#2465 = LINE ( 'NONE', #478, #2828 ) ;
#2466 = ADVANCED_FACE ( 'NONE', ( #1007 ), #1207, .F. ) ;
#2467 = DIRECTION ( 'NONE',  ( 1.000000000000000000, 0.000000000000000000, 0.000000000000000000 ) ) ;
#2468 = FACE_OUTER_BOUND ( 'NONE', #2107, .T. ) ;
#2469 = VECTOR ( 'NONE', #283, 1000.000000000000000 ) ;
#2470 = EDGE_LOOP ( 'NONE', ( #2623, #2248, #2073, #823 ) ) ;
#2471 = CARTESIAN_POINT ( 'NONE',  ( 0.000000000000000000, 0.000000000000000000, 0.000000000000000000 ) ) ;
#2472 = CARTESIAN_POINT ( 'NONE',  ( 7.109477736465774633, 1.746156079830677221, 8.786555106184612138E-16 ) ) ;
#2473 = CARTESIAN_POINT ( 'NONE',  ( 11.38399100771051309, 2.132746141847229104, -8.991478272524572546 ) ) ;
#2474 = ORIENTED_EDGE ( 'NONE', *, *, #2548, .T. ) ;
#2475 = DIRECTION ( 'NONE',  ( 0.000000000000000000, -0.000000000000000000, -1.000000000000000000 ) ) ;
#2476 = CARTESIAN_POINT ( 'NONE',  ( 11.28187772095706265, -1.967841486859976508, -9.125770841079276607 ) ) ;
#2477 = CARTESIAN_POINT ( 'NONE',  ( 8.460311865238923090, -1.750000000000000000, -7.000000000000000888 ) ) ;
#2478 = EDGE_CURVE ( 'NONE', #1876, #1032, #956, .T. ) ;
#2479 = VERTEX_POINT ( 'NONE', #982 ) ;
#2480 = LINE ( 'NONE', #2067, #1906 ) ;
#2481 = B_SPLINE_CURVE_WITH_KNOTS ( 'NONE', 3,
 ( #163, #842, #1501, #2389, #2432, #2419, #429, #1992, #910, #2685, #2476, #1743, #1977, #2658, #1789, #442, #1761, #1126, #1084 ),
 .UNSPECIFIED., .F., .F.,
 ( 4, 1, 2, 2, 1, 2, 2, 1, 2, 2, 4 ),
 ( 0.000000000000000000, 0.1250000000000028033, 0.1875000000000053846, 0.2500000000000079381, 0.3750000000000131006, 0.4375000000000156541, 0.5000000000000182077, 0.6250000000000210942, 0.6875000000000207612, 0.7500000000000204281, 1.000000000000000000 ),
 .UNSPECIFIED. ) ;
#2482 = EDGE_CURVE ( 'NONE', #2507, #1633, #2738, .T. ) ;
#2483 = B_SPLINE_CURVE_WITH_KNOTS ( 'NONE', 3,
 ( #1598, #503, #1862, #1391, #2287, #281, #969, #2763, #737, #1612, #765, #517, #1404, #1638, #77, #2536, #341, #723, #2751, #751, #545, #1433, #2097, #2136, #2357, #616, #2622, #355, #133, #1914, #160, #2122 ),
 .UNSPECIFIED., .F., .F.,
 ( 4, 2, 2, 2, 2, 2, 2, 2, 2, 2, 1, 2, 2, 1, 2, 2, 4 ),
 ( 0.000000000000000000, 0.1250000000000007216, 0.1874999999999995004, 0.2499999999999982792, 0.3749999999999986122, 0.4374999999999974465, 0.4687499999999981681, 0.4999999999999988343, 0.5624999999999988898, 0.6249999999999988898, 0.6874999999999990008, 0.7187500000000003331, 0.7500000000000017764, 0.8125000000000042188, 0.8437500000000043299, 0.8750000000000043299, 1.000000000000000000 ),
 .UNSPECIFIED. ) ;
#2484 = LINE ( 'NONE', #2198, #1887 ) ;
#2485 = CARTESIAN_POINT ( 'NONE',  ( 11.59687364248454067, 1.750000000000000000, -10.25783678545318445 ) ) ;
#2486 = ORIENTED_EDGE ( 'NONE', *, *, #1642, .F. ) ;
#2487 = CARTESIAN_POINT ( 'NONE',  ( -4.000999999999999446, -1.749999999999999334, -7.000000000000000000 ) ) ;
#2488 = CARTESIAN_POINT ( 'NONE',  ( 2.400000000000001243, -1.494862204503905945, 8.978549240895583594E-16 ) ) ;
#2489 = CARTESIAN_POINT ( 'NONE',  ( 11.16946198666856560, 1.755665032260528280, -9.108143428142685849 ) ) ;
#2490 = EDGE_CURVE ( 'NONE', #1072, #29, #2483, .T. ) ;
#2491 = EDGE_LOOP ( 'NONE', ( #2700, #78, #2821, #2105, #342 ) ) ;
#2492 = DIRECTION ( 'NONE',  ( 1.000000000000000000, 0.000000000000000000, 0.000000000000000000 ) ) ;
#2493 = EDGE_CURVE ( 'NONE', #2695, #2655, #2038, .T. ) ;
#2494 = CARTESIAN_POINT ( 'NONE',  ( 11.37456028608098890, -2.147638752220951464, -0.8580913922080189993 ) ) ;
#2495 = CARTESIAN_POINT ( 'NONE',  ( 11.29371327643742973, 2.270085786000003214, -0.5772850807826620523 ) ) ;
#2496 = ORIENTED_EDGE ( 'NONE', *, *, #1161, .F. ) ;
#2497 = LINE ( 'NONE', #506, #336 ) ;
#2498 = CARTESIAN_POINT ( 'NONE',  ( 2.400000000000001688, 1.556971336385373512E-14, -9.800000000000000711 ) ) ;
#2499 = CARTESIAN_POINT ( 'NONE',  ( 10.92740697727220578, 2.208404846381743614, -9.841246435589702912 ) ) ;
#2500 = AXIS2_PLACEMENT_3D ( 'NONE', #1334, #2213, #1544 ) ;
#2501 = FACE_OUTER_BOUND ( 'NONE', #2517, .T. ) ;
#2502 = CIRCLE ( 'NONE', #831, 3.000000000000000000 ) ;
#2503 = EDGE_LOOP ( 'NONE', ( #1609, #398, #1859, #1036, #2256, #2354, #1635, #2447, #663, #741, #2066, #2367, #2764, #882, #630 ) ) ;
#2504 = LINE ( 'NONE', #2076, #1608 ) ;
#2505 = CARTESIAN_POINT ( 'NONE',  ( 7.073436821242051309, 0.3256215702554524083, -0.3129003367239643341 ) ) ;
#2506 = CARTESIAN_POINT ( 'NONE',  ( 10.71947707391614557, 2.933333333333338899, -9.749999999999998224 ) ) ;
#2507 = VERTEX_POINT ( 'NONE', #2341 ) ;
#2508 = CARTESIAN_POINT ( 'NONE',  ( 9.096873642484538891, -2.750000000000000000, -1.000000000000000000 ) ) ;
#2509 = EDGE_CURVE ( 'NONE', #2166, #1026, #2074, .T. ) ;
#2510 = CARTESIAN_POINT ( 'NONE',  ( 11.17109313884564337, 1.752226911933633113, -0.9231594331022376920 ) ) ;
#2511 = ORIENTED_EDGE ( 'NONE', *, *, #858, .F. ) ;
#2512 = CARTESIAN_POINT ( 'NONE',  ( 7.088941010349671501, 1.110152420227760395, -9.891027071853841335 ) ) ;
#2513 = VECTOR ( 'NONE', #827, 1000.000000000000114 ) ;
#2514 = ADVANCED_FACE ( 'NONE', ( #1901 ), #600, .T. ) ;
#2515 = CARTESIAN_POINT ( 'NONE',  ( 10.57133412217006807, 2.723022348906102952, -10.00000000000000000 ) ) ;
#2516 = FACE_OUTER_BOUND ( 'NONE', #2149, .T. ) ;
#2517 = EDGE_LOOP ( 'NONE', ( #1294, #1516, #2459 ) ) ;
#2518 = DIRECTION ( 'NONE',  ( 0.000000000000000000, 0.000000000000000000, 1.000000000000000000 ) ) ;
#2519 = CARTESIAN_POINT ( 'NONE',  ( 2.800000000000002931, 2.449293598294703456E-16, -9.000000000000001776 ) ) ;
#2520 = CARTESIAN_POINT ( 'NONE',  ( 11.12123484058615119, 1.854758230829233634, -9.445992723462795837 ) ) ;
#2521 = ORIENTED_EDGE ( 'NONE', *, *, #419, .T. ) ;
#2522 = LINE ( 'NONE', #2268, #845 ) ;
#2523 = CARTESIAN_POINT ( 'NONE',  ( 11.34756057102518767, -2.189516081186180685, -0.7224852819494798073 ) ) ;
#2524 = CARTESIAN_POINT ( 'NONE',  ( 0.000000000000000000, 0.000000000000000000, -10.00000000000000000 ) ) ;
#2525 = ORIENTED_EDGE ( 'NONE', *, *, #1216, .F. ) ;
#2526 = PRESENTATION_STYLE_ASSIGNMENT (( #2707 ) ) ;
#2527 = AXIS2_PLACEMENT_3D ( 'NONE', #2374, #2780, #810 ) ;
#2528 = CARTESIAN_POINT ( 'NONE',  ( 11.35504202454769818, 2.178002069218229142, -9.247107313676668383 ) ) ;
#2529 = EDGE_CURVE ( 'NONE', #1217, #2031, #2689, .T. ) ;
#2530 = CARTESIAN_POINT ( 'NONE',  ( 8.000000000000000000, 0.000000000000000000, -10.00000000000000000 ) ) ;
#2531 = VERTEX_POINT ( 'NONE', #1470 ) ;
#2532 = CARTESIAN_POINT ( 'NONE',  ( 10.54950975679639491, 2.750000000000000000, 0.000000000000000000 ) ) ;
#2533 = ORIENTED_EDGE ( 'NONE', *, *, #446, .T. ) ;
#2534 = DIRECTION ( 'NONE',  ( 0.000000000000000000, 0.000000000000000000, -1.000000000000000000 ) ) ;
#2535 = CARTESIAN_POINT ( 'NONE',  ( 11.38362067745320694, 2.133333333333332416, -0.9999999999999991118 ) ) ;
#2536 = CARTESIAN_POINT ( 'NONE',  ( 10.97333895211320787, -2.130311376750156693, -9.785501225983852081 ) ) ;
#2537 = EDGE_CURVE ( 'NONE', #161, #557, #1171, .T. ) ;
#2538 = VERTEX_POINT ( 'NONE', #1062 ) ;
#2539 = CARTESIAN_POINT ( 'NONE',  ( 7.908091617554957153, 1.433355571187561184, -2.817185253787743093 ) ) ;
#2540 = CARTESIAN_POINT ( 'NONE',  ( -4.000999999999999446, -1.750000000000000000, -4.000000000000000000 ) ) ;
#2541 = CARTESIAN_POINT ( 'NONE',  ( 10.95835653009616628, 2.156012859178527030, -9.804633691181940947 ) ) ;
#2542 = CARTESIAN_POINT ( 'NONE',  ( 4.800000000000000711, 0.000000000000000000, -9.000000000000001776 ) ) ;
#2543 = EDGE_CURVE ( 'NONE', #601, #29, #808, .T. ) ;
#2544 = VERTEX_POINT ( 'NONE', #1942 ) ;
#2545 = AXIS2_PLACEMENT_3D ( 'NONE', #1569, #1542, #2686 ) ;
#2546 = CARTESIAN_POINT ( 'NONE',  ( 11.37161560137756489, -2.152257449753025131, -9.162339342164088407 ) ) ;
#2547 = CIRCLE ( 'NONE', #641, 4.000000000000000000 ) ;
#2548 = EDGE_CURVE ( 'NONE', #2798, #1883, #1686, .T. ) ;
#2549 = ORIENTED_EDGE ( 'NONE', *, *, #2766, .F. ) ;
#2550 = DIRECTION ( 'NONE',  ( -1.000000000000000000, 0.000000000000000000, 0.000000000000000000 ) ) ;
#2551 = CARTESIAN_POINT ( 'NONE',  ( 11.15014812574371206, 1.795966862307750267, -0.6997117684599696297 ) ) ;
#2552 = CARTESIAN_POINT ( 'NONE',  ( 9.096873642484538891, 1.750000000000000000, -8.000000000000000000 ) ) ;
#2553 = VERTEX_POINT ( 'NONE', #372 ) ;
#2554 = CARTESIAN_POINT ( 'NONE',  ( 0.000000000000000000, 0.000000000000000000, 0.000000000000000000 ) ) ;
#2555 = CARTESIAN_POINT ( 'NONE',  ( 0.000000000000000000, -1.750000000000000000, -10.00000000000000000 ) ) ;
#2556 = DIRECTION ( 'NONE',  ( 0.000000000000000000, 0.000000000000000000, -1.000000000000000000 ) ) ;
#2557 = CARTESIAN_POINT ( 'NONE',  ( -4.000999999999999446, 1.750000000000000000, -7.000000000000000000 ) ) ;
#2558 = AXIS2_PLACEMENT_3D ( 'NONE', #2000, #2203, #2219 ) ;
#2559 = EDGE_CURVE ( 'NONE', #2632, #2829, #1955, .T. ) ;
#2560 = EDGE_LOOP ( 'NONE', ( #861, #2817, #1646 ) ) ;
#2561 = CARTESIAN_POINT ( 'NONE',  ( 11.03606887713067053, -2.604325964765655588, -9.683742570394114679 ) ) ;
#2562 = VECTOR ( 'NONE', #1705, 1000.000000000000000 ) ;
#2563 = VERTEX_POINT ( 'NONE', #1035 ) ;
#2564 = CARTESIAN_POINT ( 'NONE',  ( 11.04095745215498958, -2.009251648736361862, -0.3273591361083224571 ) ) ;
#2565 = CARTESIAN_POINT ( 'NONE',  ( 7.081518731808615463, -0.7966178638889400698, -0.1874308580878046859 ) ) ;
#2566 = AXIS2_PLACEMENT_3D ( 'NONE', #2141, #2393, #389 ) ;
#2567 = ORIENTED_EDGE ( 'NONE', *, *, #1065, .T. ) ;
#2568 = CARTESIAN_POINT ( 'NONE',  ( 11.07737956269458657, -1.940710408169393553, -0.4115484115698297418 ) ) ;
#2569 = DIRECTION ( 'NONE',  ( 1.000000000000000000, 0.000000000000000000, 0.000000000000000000 ) ) ;
#2570 = CARTESIAN_POINT ( 'NONE',  ( 2.400000000000002132, -1.799999999999997602, 0.000000000000000000 ) ) ;
#2571 =( NAMED_UNIT ( * ) SI_UNIT ( $, .STERADIAN. ) SOLID_ANGLE_UNIT ( ) );
#2572 = DIRECTION ( 'NONE',  ( 0.000000000000000000, 6.505213034913020688E-16, -1.000000000000000000 ) ) ;
#2573 = ORIENTED_EDGE ( 'NONE', *, *, #2273, .F. ) ;
#2574 = DIRECTION ( 'NONE',  ( 0.000000000000000000, 0.000000000000000000, 1.000000000000000000 ) ) ;
#2575 = ORIENTED_EDGE ( 'NONE', *, *, #2363, .T. ) ;
#2576 = FACE_OUTER_BOUND ( 'NONE', #1381, .T. ) ;
#2577 = CARTESIAN_POINT ( 'NONE',  ( 11.02148191730574567, -2.044794994268952948, -0.2907921326506377468 ) ) ;
#2578 = EDGE_CURVE ( 'NONE', #676, #1990, #2119, .T. ) ;
#2579 = CARTESIAN_POINT ( 'NONE',  ( -4.000999999999999446, 1.750000000000000000, -2.000000000000000000 ) ) ;
#2580 = EDGE_LOOP ( 'NONE', ( #2080, #5, #576, #2887, #998, #1896, #1195, #729, #2525, #2575, #1015, #2201, #1680, #1345, #2159 ) ) ;
#2581 = EDGE_CURVE ( 'NONE', #2648, #2660, #484, .T. ) ;
#2582 = CARTESIAN_POINT ( 'NONE',  ( 10.54950975679638248, 2.750000000000000000, -10.00000000000000000 ) ) ;
#2583 = TOROIDAL_SURFACE ( 'NONE', #1599, 3.000000000000000000, 1.000000000000000000 ) ;
#2584 = CARTESIAN_POINT ( 'NONE',  ( 9.096873642484538891, 1.750000000000000000, -6.000000000000000000 ) ) ;
#2585 = DIRECTION ( 'NONE',  ( 0.000000000000000000, 0.000000000000000000, 1.000000000000000000 ) ) ;
#2586 = APPLICATION_PROTOCOL_DEFINITION ( 'draft international standard', 'automotive_design', 1998, #371 ) ;
#2587 = CARTESIAN_POINT ( 'NONE',  ( -4.000999999999999446, 1.750000000000000000, -8.000000000000000000 ) ) ;
#2588 = DIRECTION ( 'NONE',  ( 0.000000000000000000, 0.000000000000000000, 1.000000000000000000 ) ) ;
#2589 = CARTESIAN_POINT ( 'NONE',  ( 11.27479166439669456, -2.296924732925017310, -9.454661871244981697 ) ) ;
#2590 = VERTEX_POINT ( 'NONE', #2594 ) ;
#2591 = CARTESIAN_POINT ( 'NONE',  ( 10.54950975679638425, -2.750000000000000000, -10.00000000000000000 ) ) ;
#2592 = CARTESIAN_POINT ( 'NONE',  ( 10.90976358650529754, -2.237580507461086388, -0.1407076496470238414 ) ) ;
#2593 = VECTOR ( 'NONE', #1558, 1000.000000000000114 ) ;
#2594 = CARTESIAN_POINT ( 'NONE',  ( 0.000000000000000000, -4.000000000000000000, -9.749999999999996447 ) ) ;
#2595 = EDGE_CURVE ( 'NONE', #89, #1289, #2372, .T. ) ;
#2596 = EDGE_LOOP ( 'NONE', ( #1911, #720, #684, #1909 ) ) ;
#2597 = FACE_OUTER_BOUND ( 'NONE', #1106, .T. ) ;
#2598 = LINE ( 'NONE', #1514, #1716 ) ;
#2599 = CARTESIAN_POINT ( 'NONE',  ( 11.34703506753831803, 2.143247708971238730, -9.227041670632750936 ) ) ;
#2600 = PLANE ( 'NONE',  #1093 ) ;
#2601 = DIRECTION ( 'NONE',  ( -0.000000000000000000, 0.000000000000000000, 1.000000000000000000 ) ) ;
#2602 = LINE ( 'NONE', #1921, #2807 ) ;
#2603 = CARTESIAN_POINT ( 'NONE',  ( 10.76670986662157858, -2.889544094334408175, -9.749995148208846274 ) ) ;
#2604 = ORIENTED_EDGE ( 'NONE', *, *, #2716, .F. ) ;
#2605 = LINE ( 'NONE', #1430, #2163 ) ;
#2606 = AXIS2_PLACEMENT_3D ( 'NONE', #1437, #1225, #973 ) ;
#2607 = CARTESIAN_POINT ( 'NONE',  ( 11.02101200002382697, -2.621773817143102203, -0.3091219166901650328 ) ) ;
#2608 = EDGE_CURVE ( 'NONE', #2130, #1026, #876, .T. ) ;
#2609 = CARTESIAN_POINT ( 'NONE',  ( 7.073436821242268913, 9.289898083947400112E-17, -0.3129003367243836653 ) ) ;
#2610 = VERTEX_POINT ( 'NONE', #1244 ) ;
#2611 = FACE_OUTER_BOUND ( 'NONE', #69, .T. ) ;
#2612 = CARTESIAN_POINT ( 'NONE',  ( 8.460311865238923090, -1.750000000000000000, -5.000000000000000888 ) ) ;
#2613 = DIRECTION ( 'NONE',  ( 0.000000000000000000, 0.7071067811865500152, -0.7071067811865451302 ) ) ;
#2614 = DIRECTION ( 'NONE',  ( 1.000000000000000000, 0.000000000000000000, 0.000000000000000000 ) ) ;
#2615 = CARTESIAN_POINT ( 'NONE',  ( 2.000000000000000000, 0.000000000000000000, -0.9999999999999991118 ) ) ;
#2616 = DIRECTION ( 'NONE',  ( 1.000000000000000000, 0.000000000000000000, 0.000000000000000000 ) ) ;
#2617 = CARTESIAN_POINT ( 'NONE',  ( 11.05809638667096273, -1.977205841958559862, -9.634920632266295470 ) ) ;
#2618 = ORIENTED_EDGE ( 'NONE', *, *, #2262, .F. ) ;
#2619 = CARTESIAN_POINT ( 'NONE',  ( 0.000000000000000000, 0.000000000000000000, -10.00000000000000000 ) ) ;
#2620 = B_SPLINE_CURVE_WITH_KNOTS ( 'NONE', 3,
 ( #1772, #1311, #2621, #214, #2667, #627, #1739, #674, #1549, #226, #1785, #2438, #1510, #2634, #645, #1522, #2414, #2265, #1428, #760, #1202, #731, #72, #964, #259, #1578, #290, #1368, #1214, #1605, #951, #2532 ),
 .UNSPECIFIED., .F., .F.,
 ( 4, 2, 2, 2, 2, 2, 2, 2, 2, 2, 1, 2, 2, 1, 2, 2, 4 ),
 ( 0.000000000000000000, 0.1249999999999998890, 0.1875000000000000000, 0.2500000000000001110, 0.3750000000000004441, 0.4375000000000006106, 0.4687500000000001665, 0.4999999999999997780, 0.5625000000000001110, 0.6250000000000005551, 0.6875000000000008882, 0.7187500000000014433, 0.7500000000000019984, 0.8125000000000028866, 0.8437500000000022204, 0.8750000000000015543, 1.000000000000000000 ),
 .UNSPECIFIED. ) ;
#2621 = CARTESIAN_POINT ( 'NONE',  ( 11.16781068000230803, 1.759215203526013127, -0.8453218266185765772 ) ) ;
#2622 = CARTESIAN_POINT ( 'NONE',  ( 10.71269628626619053, -2.535605003754065834, -9.976848842921569371 ) ) ;
#2623 = ORIENTED_EDGE ( 'NONE', *, *, #914, .F. ) ;
#2624 = CARTESIAN_POINT ( 'NONE',  ( -4.000999999999999446, 0.8839745962155614034, -4.500000000000000888 ) ) ;
#2625 = DIRECTION ( 'NONE',  ( -0.000000000000000000, 0.4999999999999995559, 0.8660254037844389297 ) ) ;
#2626 = CARTESIAN_POINT ( 'NONE',  ( 11.21895762818178355, 1.837441048765445561, -9.050484113042955414 ) ) ;
#2627 = ORIENTED_EDGE ( 'NONE', *, *, #179, .T. ) ;
#2628 = CARTESIAN_POINT ( 'NONE',  ( 11.59687364248454067, -1.750000000000000000, -2.000000000000000000 ) ) ;
#2629 = PLANE ( 'NONE',  #989 ) ;
#2630 = EDGE_CURVE ( 'NONE', #2166, #1923, #124, .T. ) ;
#2631 = CARTESIAN_POINT ( 'NONE',  ( 11.16385987550527936, -1.767444339832358047, -9.187042361988908112 ) ) ;
#2632 = VERTEX_POINT ( 'NONE', #2653 ) ;
#2633 = CARTESIAN_POINT ( 'NONE',  ( 9.096873642484538891, -1.750000000000000000, -8.000000000000000000 ) ) ;
#2634 = CARTESIAN_POINT ( 'NONE',  ( 11.00179925198867359, 2.080170983818339980, -0.2572834169897661449 ) ) ;
#2635 = CARTESIAN_POINT ( 'NONE',  ( 11.29289783590168739, 2.270888202208191764, -9.420716012665428352 ) ) ;
#2636 = ADVANCED_FACE ( 'NONE', ( #2439 ), #2190, .T. ) ;
#2637 = ORIENTED_EDGE ( 'NONE', *, *, #1184, .F. ) ;
#2638 = CARTESIAN_POINT ( 'NONE',  ( 11.20080000370548490, -2.399061065600900822, -0.4412495043362383296 ) ) ;
#2639 = AXIS2_PLACEMENT_3D ( 'NONE', #2662, #681, #20 ) ;
#2640 = AXIS2_PLACEMENT_3D ( 'NONE', #2260, #2436, #2467 ) ;
#2641 = CARTESIAN_POINT ( 'NONE',  ( 10.80805182286548849, 2.849294803108060492, -0.2530333277657084157 ) ) ;
#2642 = DIRECTION ( 'NONE',  ( -0.3713906763541028888, -0.8040844011283462267, -0.4642383454426300959 ) ) ;
#2643 =( BOUNDED_CURVE ( )  B_SPLINE_CURVE ( 3, ( #826, #2612, #620, #414 ),
 .UNSPECIFIED., .F., .T. ) 
 B_SPLINE_CURVE_WITH_KNOTS ( ( 4, 4 ),
 ( 3.141592653589793116, 4.182858314562488466 ),
 .UNSPECIFIED. ) 
 CURVE ( )  GEOMETRIC_REPRESENTATION_ITEM ( )  RATIONAL_B_SPLINE_CURVE ( ( 1.000000000000000000, 0.9116697100197745929, 0.9116697100197745929, 1.000000000000000000 ) ) 
 REPRESENTATION_ITEM ( '' )  );
#2644 = CARTESIAN_POINT ( 'NONE',  ( 7.908091617554957153, -1.433355571187560962, -6.182814746212256019 ) ) ;
#2645 = DIRECTION ( 'NONE',  ( 1.000000000000000000, 0.000000000000000000, 0.000000000000000000 ) ) ;
#2646 = CARTESIAN_POINT ( 'NONE',  ( 11.05809638667095918, 1.977205841958563637, -9.634920632266304352 ) ) ;
#2647 = CARTESIAN_POINT ( 'NONE',  ( 4.800000000000000711, 0.000000000000000000, -10.00000000000000000 ) ) ;
#2648 = VERTEX_POINT ( 'NONE', #2893 ) ;
#2649 = CIRCLE ( 'NONE', #377, 3.749999999999992895 ) ;
#2650 = CARTESIAN_POINT ( 'NONE',  ( 11.31312858000626420, 2.005555555555555980, -0.9999999999999991118 ) ) ;
#2651 = AXIS2_PLACEMENT_3D ( 'NONE', #2026, #932, #1211 ) ;
#2652 = CARTESIAN_POINT ( 'NONE',  ( 7.586546223265272282, 0.8839745962155614034, -8.500000000000000000 ) ) ;
#2653 = CARTESIAN_POINT ( 'NONE',  ( 10.71947707391615090, -2.933333333333334458, -0.2500000000000002220 ) ) ;
#2654 = B_SPLINE_CURVE_WITH_KNOTS ( 'NONE', 3,
 ( #974, #2515, #2293, #299, #1228, #1198, #1866, #347, #569, #1601, #1854, #2069, #2770, #2755, #1881, #758, #2499, #770, #2541, #329, #109, #1002, #2039, #2783, #55, #945, #2380, #1070, #799, #623 ),
 .UNSPECIFIED., .F., .F.,
 ( 4, 1, 2, 2, 1, 2, 2, 2, 2, 2, 2, 2, 2, 2, 2, 4 ),
 ( 0.000000000000000000, 0.06250000000000074940, 0.09375000000000070777, 0.1250000000000006661, 0.1875000000000005829, 0.2187500000000011102, 0.2500000000000016653, 0.3125000000000016653, 0.3750000000000017208, 0.4375000000000017208, 0.4687500000000010547, 0.5000000000000003331, 0.6250000000000006661, 0.6875000000000006661, 0.7500000000000006661, 1.000000000000000000 ),
 .UNSPECIFIED. ) ;
#2655 = VERTEX_POINT ( 'NONE', #894 ) ;
#2656 = CARTESIAN_POINT ( 'NONE',  ( 11.05033389855891279, -2.587721313938898593, -0.3232210444151384920 ) ) ;
#2657 = UNCERTAINTY_MEASURE_WITH_UNIT (LENGTH_MEASURE( 1.000000000000000082E-05 ), #311, 'distance_accuracy_value', 'NONE');
#2658 = CARTESIAN_POINT ( 'NONE',  ( 11.24573973032531704, -1.890552447428486937, -9.081147993358097636 ) ) ;
#2659 = FACE_OUTER_BOUND ( 'NONE', #1465, .T. ) ;
#2660 = VERTEX_POINT ( 'NONE', #1355 ) ;
#2661 = AXIS2_PLACEMENT_3D ( 'NONE', #1552, #1326, #690 ) ;
#2662 = CARTESIAN_POINT ( 'NONE',  ( 11.59687364248454067, 1.750000000000000000, -10.25783678545318445 ) ) ;
#2663 = CARTESIAN_POINT ( 'NONE',  ( 11.33149935996037172, 2.214020258033507549, -9.331159595515423177 ) ) ;
#2664 = CARTESIAN_POINT ( 'NONE',  ( 11.15982359248434364, -1.775880836510681515, -9.226256469228918178 ) ) ;
#2665 = ORIENTED_EDGE ( 'NONE', *, *, #207, .F. ) ;
#2666 = TOROIDAL_SURFACE ( 'NONE', #153, 3.000000000000000000, 1.000000000000000000 ) ;
#2667 = CARTESIAN_POINT ( 'NONE',  ( 11.15053404525859548, 1.795206111716393327, -0.7004208381715602005 ) ) ;
#2668 = CARTESIAN_POINT ( 'NONE',  ( 10.81226927549422179, -2.845236633448700037, -9.746731104772601739 ) ) ;
#2669 = ORIENTED_EDGE ( 'NONE', *, *, #2711, .F. ) ;
#2670 = CARTESIAN_POINT ( 'NONE',  ( 0.000000000000000000, 0.000000000000000000, 0.000000000000000000 ) ) ;
#2671 = EDGE_CURVE ( 'NONE', #1787, #74, #2442, .T. ) ;
#2672 = CARTESIAN_POINT ( 'NONE',  ( 11.37447267069707557, 2.147776472640599454, -0.8574105079414499064 ) ) ;
#2673 = DIRECTION ( 'NONE',  ( 0.000000000000000000, 6.505213034913026604E-16, -1.000000000000000000 ) ) ;
#2674 = ORIENTED_EDGE ( 'NONE', *, *, #2703, .F. ) ;
#2675 = DIRECTION ( 'NONE',  ( 1.000000000000000000, 0.000000000000000000, 0.000000000000000000 ) ) ;
#2676 = CARTESIAN_POINT ( 'NONE',  ( 11.08672347027450655, 2.544415700261520641, -9.656488393851956786 ) ) ;
#2677 = DIRECTION ( 'NONE',  ( 0.000000000000000000, -0.000000000000000000, -1.000000000000000000 ) ) ;
#2678 = ORIENTED_EDGE ( 'NONE', *, *, #70, .T. ) ;
#2679 = CARTESIAN_POINT ( 'NONE',  ( 4.800000000000000711, 0.000000000000000000, 0.000000000000000000 ) ) ;
#2680 = CONICAL_SURFACE ( 'NONE', #1425, 3.750000000000001776, 0.7853981633974447263 ) ;
#2681 = CARTESIAN_POINT ( 'NONE',  ( 10.88465270576340771, -2.278177024140572549, -0.1181705347191615713 ) ) ;
#2682 = CARTESIAN_POINT ( 'NONE',  ( 11.08542107806332844, -2.546031352681905169, -9.657426865646169034 ) ) ;
#2683 = ORIENTED_EDGE ( 'NONE', *, *, #444, .T. ) ;
#2684 = DIRECTION ( 'NONE',  ( -0.3713906763541029443, 0.8040844011283461157, 0.4642383454426302625 ) ) ;
#2685 = CARTESIAN_POINT ( 'NONE',  ( 11.28654021503061955, -1.978452095432260860, -9.131896878794750094 ) ) ;
#2686 = DIRECTION ( 'NONE',  ( 0.000000000000000000, -0.8660254037844384856, 0.5000000000000002220 ) ) ;
#2687 = ADVANCED_FACE ( 'NONE', ( #2699 ), #637, .T. ) ;
#2688 = ORIENTED_EDGE ( 'NONE', *, *, #2379, .F. ) ;
#2689 = CIRCLE ( 'NONE', #2259, 2.000000000000000000 ) ;
#2690 = CARTESIAN_POINT ( 'NONE',  ( -2.000000000000000000, 2.449293598294706414E-16, -10.00000000000000000 ) ) ;
#2691 = VECTOR ( 'NONE', #2215, 1000.000000000000000 ) ;
#2692 = DIRECTION ( 'NONE',  ( 0.000000000000000000, 0.000000000000000000, 1.000000000000000000 ) ) ;
#2693 = CARTESIAN_POINT ( 'NONE',  ( 11.05601281854088924, 2.581266780101652447, -9.674418533916153251 ) ) ;
#2694 = CARTESIAN_POINT ( 'NONE',  ( 10.71947707391614557, 2.933333333333338899, -9.749999999999996447 ) ) ;
#2695 = VERTEX_POINT ( 'NONE', #2884 ) ;
#2696 = CARTESIAN_POINT ( 'NONE',  ( 11.59687364248454067, -1.750000000000000000, -6.000000000000000000 ) ) ;
#2697 = ADVANCED_FACE ( 'NONE', ( #1530 ), #434, .F. ) ;
#2698 = CARTESIAN_POINT ( 'NONE',  ( 9.445442795245300616, -2.907984420486655619, -6.689288559049056282 ) ) ;
#2699 = FACE_OUTER_BOUND ( 'NONE', #1813, .T. ) ;
#2700 = ORIENTED_EDGE ( 'NONE', *, *, #114, .F. ) ;
#2701 = CARTESIAN_POINT ( 'NONE',  ( 9.096873642484538891, -1.750000000000000000, -10.00000000000000000 ) ) ;
#2702 = CONICAL_SURFACE ( 'NONE', #1485, 3.750000000000001776, 0.7853981633974447263 ) ;
#2703 = EDGE_CURVE ( 'NONE', #2031, #1217, #455, .T. ) ;
#2704 = CARTESIAN_POINT ( 'NONE',  ( 11.34748170121337196, 2.189636258038595962, -0.7222187186452615482 ) ) ;
#2705 = FACE_OUTER_BOUND ( 'NONE', #586, .T. ) ;
#2706 = VERTEX_POINT ( 'NONE', #1145 ) ;
#2707 = SURFACE_STYLE_USAGE ( .BOTH. , #1160 ) ;
#2708 = VECTOR ( 'NONE', #136, 1000.000000000000000 ) ;
#2709 = CARTESIAN_POINT ( 'NONE',  ( 11.07591699322909484, 1.943428366110661942, -9.591430297857995058 ) ) ;
#2710 = CARTESIAN_POINT ( 'NONE',  ( 2.400000000000002132, -1.799999999999997602, -10.00000000000000000 ) ) ;
#2711 = EDGE_CURVE ( 'NONE', #2695, #601, #1793, .T. ) ;
#2712 = CARTESIAN_POINT ( 'NONE',  ( 11.53283838851293019, 1.881615266971593536, -1.924011890184485596 ) ) ;
#2713 = CIRCLE ( 'NONE', #1030, 2.000000000000000000 ) ;
#2714 = ADVANCED_FACE ( 'NONE', ( #1130 ), #2023, .F. ) ;
#2715 = ORIENTED_EDGE ( 'NONE', *, *, #1086, .F. ) ;
#2716 = EDGE_CURVE ( 'NONE', #1159, #1308, #1518, .T. ) ;
#2717 = CYLINDRICAL_SURFACE ( 'NONE', #1058, 1.000000000000000000 ) ;
#2718 = CARTESIAN_POINT ( 'NONE',  ( -0.000000000000000000, 1.750000000000000000, -0.9999999999999991118 ) ) ;
#2719 = CARTESIAN_POINT ( 'NONE',  ( 11.17168122537383645, 1.750979295647252298, -9.048535882927378537 ) ) ;
#2720 = ORIENTED_EDGE ( 'NONE', *, *, #2844, .T. ) ;
#2721 = CARTESIAN_POINT ( 'NONE',  ( 0.000000000000000000, -1.750000000000000000, -10.00000000000000000 ) ) ;
#2722 = CARTESIAN_POINT ( 'NONE',  ( 11.38362067745320694, -2.133333333333332416, -0.9999999999999991118 ) ) ;
#2723 = DIRECTION ( 'NONE',  ( -0.9078412990032039831, -0.4193139346887665986, 0.000000000000000000 ) ) ;
#2724 = ORIENTED_EDGE ( 'NONE', *, *, #2730, .F. ) ;
#2725 = CARTESIAN_POINT ( 'NONE',  ( 9.096873642484538891, 1.750000000000000000, -0.9999999999999991118 ) ) ;
#2726 = FACE_OUTER_BOUND ( 'NONE', #848, .T. ) ;
#2727 = CARTESIAN_POINT ( 'NONE',  ( -4.000999999999999446, 1.750000000000000000, -9.000000000000001776 ) ) ;
#2728 = CARTESIAN_POINT ( 'NONE',  ( 11.17214476213271013, -1.749999999999999334, -9.000000000000001776 ) ) ;
#2729 = ORIENTED_EDGE ( 'NONE', *, *, #2451, .T. ) ;
#2730 = EDGE_CURVE ( 'NONE', #200, #249, #2484, .T. ) ;
#2731 = CARTESIAN_POINT ( 'NONE',  ( 2.400000000000001688, -1.560348302497693482E-14, -0.1999999999999979849 ) ) ;
#2732 = CARTESIAN_POINT ( 'NONE',  ( 9.096873642484538891, 0.000000000000000000, -10.00000000000000000 ) ) ;
#2733 = CARTESIAN_POINT ( 'NONE',  ( 11.06537211498909556, 2.569902781298066152, -9.668563174768804558 ) ) ;
#2734 = VERTEX_POINT ( 'NONE', #2452 ) ;
#2735 = LINE ( 'NONE', #262, #473 ) ;
#2736 = CARTESIAN_POINT ( 'NONE',  ( 11.15758737981185256, 1.780544041363277596, -0.7539931181101757751 ) ) ;
#2737 = EDGE_CURVE ( 'NONE', #2437, #745, #39, .T. ) ;
#2738 = LINE ( 'NONE', #1233, #2161 ) ;
#2739 = ORIENTED_EDGE ( 'NONE', *, *, #643, .F. ) ;
#2740 = DIRECTION ( 'NONE',  ( 1.000000000000000000, 0.000000000000000000, 0.000000000000000000 ) ) ;
#2741 = CYLINDRICAL_SURFACE ( 'NONE', #2065, 4.000000000000000000 ) ;
#2742 = LINE ( 'NONE', #2838, #2261 ) ;
#2743 = AXIS2_PLACEMENT_3D ( 'NONE', #2485, #271, #1336 ) ;
#2744 = EDGE_LOOP ( 'NONE', ( #1169, #1834, #436 ) ) ;
#2745 = FACE_OUTER_BOUND ( 'NONE', #1519, .T. ) ;
#2746 = CARTESIAN_POINT ( 'NONE',  ( 2.400000000000002132, -1.799999999999997602, 0.000000000000000000 ) ) ;
#2747 = CARTESIAN_POINT ( 'NONE',  ( 11.12940683248549689, 1.838326391617926658, -9.411361823013214334 ) ) ;
#2748 = ORIENTED_EDGE ( 'NONE', *, *, #2171, .F. ) ;
#2749 = DIRECTION ( 'NONE',  ( 0.000000000000000000, -1.000000000000000000, 0.000000000000000000 ) ) ;
#2750 = CARTESIAN_POINT ( 'NONE',  ( 11.00151419574464207, 2.080809901328604550, -0.2561637994678396812 ) ) ;
#2751 = CARTESIAN_POINT ( 'NONE',  ( 10.91000536289410405, -2.237170501840575199, -9.859013147620897755 ) ) ;
#2752 = ORIENTED_EDGE ( 'NONE', *, *, #761, .T. ) ;
#2753 = DIRECTION ( 'NONE',  ( 1.000000000000000000, 0.000000000000000000, 0.000000000000000000 ) ) ;
#2754 = CIRCLE ( 'NONE', #2558, 4.000000000000000000 ) ;
#2755 = CARTESIAN_POINT ( 'NONE',  ( 10.86068829429944316, 2.316409010632454191, -9.901609705866341926 ) ) ;
#2756 = APPLICATION_CONTEXT ( 'automotive_design' ) ;
#2757 = ORIENTED_EDGE ( 'NONE', *, *, #1809, .F. ) ;
#2758 = DIRECTION ( 'NONE',  ( 0.3713906763541031109, -0.8040844011283465598, 0.4642383454426293188 ) ) ;
#2759 = AXIS2_PLACEMENT_3D ( 'NONE', #1627, #1473, #149 ) ;
#2760 = ORIENTED_EDGE ( 'NONE', *, *, #1650, .T. ) ;
#2761 = FACE_OUTER_BOUND ( 'NONE', #131, .T. ) ;
#2762 = CARTESIAN_POINT ( 'NONE',  ( 11.10651388346692237, 1.884087913595901886, -0.4984932984398953160 ) ) ;
#2763 = CARTESIAN_POINT ( 'NONE',  ( 11.10815200629030208, -1.881007759037395477, -9.499878157912098331 ) ) ;
#2764 = ORIENTED_EDGE ( 'NONE', *, *, #2482, .F. ) ;
#2765 = SURFACE_STYLE_FILL_AREA ( #2272 ) ;
#2766 = EDGE_CURVE ( 'NONE', #2842, #957, #2465, .T. ) ;
#2767 = FACE_OUTER_BOUND ( 'NONE', #2775, .T. ) ;
#2768 = LINE ( 'NONE', #2114, #1571 ) ;
#2769 = EDGE_CURVE ( 'NONE', #249, #1883, #314, .T. ) ;
#2770 = CARTESIAN_POINT ( 'NONE',  ( 10.82529514025357109, 2.371273945248123738, -9.925995563285914258 ) ) ;
#2771 = CARTESIAN_POINT ( 'NONE',  ( 11.59687364248454067, -1.750000000000000000, -0.9999999999999991118 ) ) ;
#2772 = EDGE_CURVE ( 'NONE', #745, #694, #2336, .T. ) ;
#2773 = ORIENTED_EDGE ( 'NONE', *, *, #1782, .F. ) ;
#2774 = CARTESIAN_POINT ( 'NONE',  ( 11.37658207456714443, -2.144458269140747220, -9.125536501595950867 ) ) ;
#2775 = EDGE_LOOP ( 'NONE', ( #2853, #213, #1082, #1231 ) ) ;
#2776 = CARTESIAN_POINT ( 'NONE',  ( 0.000000000000000000, 0.000000000000000000, -10.00000000000000000 ) ) ;
#2777 = CARTESIAN_POINT ( 'NONE',  ( 10.76889324366409717, 2.455506898412602279, -0.04390549207640612184 ) ) ;
#2778 = CARTESIAN_POINT ( 'NONE',  ( 11.10481048052131392, 2.522098325015448506, -0.3562346773841856273 ) ) ;
#2779 = VERTEX_POINT ( 'NONE', #83 ) ;
#2780 = DIRECTION ( 'NONE',  ( -0.000000000000000000, -0.000000000000000000, 1.000000000000000000 ) ) ;
#2781 = CARTESIAN_POINT ( 'NONE',  ( 11.59687364248454067, 1.750000000000000000, -3.000000000000000000 ) ) ;
#2782 = LINE ( 'NONE', #1365, #2796 ) ;
#2783 = CARTESIAN_POINT ( 'NONE',  ( 11.07772478217127166, 1.940048280859165475, -9.587537943191927425 ) ) ;
#2784 = EDGE_CURVE ( 'NONE', #101, #2437, #1075, .T. ) ;
#2785 = VERTEX_POINT ( 'NONE', #2308 ) ;
#2786 = CARTESIAN_POINT ( 'NONE',  ( 11.37956996463016246, -2.139746397218003970, -9.095947784279879045 ) ) ;
#2787 = EDGE_LOOP ( 'NONE', ( #1089, #1741, #1285, #1200 ) ) ;
#2788 = DIRECTION ( 'NONE',  ( 0.000000000000000000, -1.000000000000000000, 0.000000000000000000 ) ) ;
#2789 = CARTESIAN_POINT ( 'NONE',  ( 11.05318037858946489, -1.986506666554296530, -0.3532403484597007592 ) ) ;
#2790 = CARTESIAN_POINT ( 'NONE',  ( 4.800000000000000711, 0.000000000000000000, -0.9999999999999991118 ) ) ;
#2791 = ORIENTED_EDGE ( 'NONE', *, *, #1452, .F. ) ;
#2792 = EDGE_CURVE ( 'NONE', #1094, #277, #286, .T. ) ;
#2793 = CARTESIAN_POINT ( 'NONE',  ( 10.76878261863527264, -2.455513185848197999, -0.04424320829092347196 ) ) ;
#2794 = CARTESIAN_POINT ( 'NONE',  ( 11.59687364248454067, 1.750000000000000000, -10.00000000000000000 ) ) ;
#2795 = DIRECTION ( 'NONE',  ( 0.000000000000000000, -0.000000000000000000, -1.000000000000000000 ) ) ;
#2796 = VECTOR ( 'NONE', #1450, 1000.000000000000000 ) ;
#2797 = ADVANCED_BREP_SHAPE_REPRESENTATION ( 'Cord Clip', ( #234, #865 ), #771 ) ;
#2798 = VERTEX_POINT ( 'NONE', #2103 ) ;
#2799 = ADVANCED_FACE ( 'NONE', ( #2277 ), #2583, .T. ) ;
#2800 = CARTESIAN_POINT ( 'NONE',  ( 11.38148124370310121, -2.136722864220859108, -8.931033122969763483 ) ) ;
#2801 = AXIS2_PLACEMENT_3D ( 'NONE', #879, #2860, #863 ) ;
#2802 = EDGE_CURVE ( 'NONE', #1846, #1289, #2055, .T. ) ;
#2803 = ORIENTED_EDGE ( 'NONE', *, *, #54, .F. ) ;
#2804 = DIRECTION ( 'NONE',  ( -0.9078412990032039831, -0.4193139346887665986, 0.000000000000000000 ) ) ;
#2805 = CARTESIAN_POINT ( 'NONE',  ( 11.14749216515196117, -1.801445277976160941, -0.6828286296750952777 ) ) ;
#2806 = DIRECTION ( 'NONE',  ( 1.000000000000000000, 0.000000000000000000, 0.000000000000000000 ) ) ;
#2807 = VECTOR ( 'NONE', #1087, 1000.000000000000000 ) ;
#2808 = ORIENTED_EDGE ( 'NONE', *, *, #1161, .T. ) ;
#2809 = CARTESIAN_POINT ( 'NONE',  ( 0.000000000000000000, -2.750000000000000000, -9.000000000000001776 ) ) ;
#2810 = CARTESIAN_POINT ( 'NONE',  ( 0.000000000000000000, 2.750000000000000000, -9.000000000000001776 ) ) ;
#2811 = PRODUCT_CONTEXT ( 'NONE', #371, 'mechanical' ) ;
#2812 = DIRECTION ( 'NONE',  ( 1.000000000000000000, 0.000000000000000000, 0.000000000000000000 ) ) ;
#2813 = EDGE_LOOP ( 'NONE', ( #2094, #563, #934, #2669 ) ) ;
#2814 = CARTESIAN_POINT ( 'NONE',  ( 11.36678577670132206, -2.159805489000845125, -9.191486190040922821 ) ) ;
#2815 = EDGE_CURVE ( 'NONE', #1239, #1289, #1616, .T. ) ;
#2816 = ADVANCED_FACE ( 'NONE', ( #1409 ), #2741, .T. ) ;
#2817 = ORIENTED_EDGE ( 'NONE', *, *, #1216, .T. ) ;
#2818 = CARTESIAN_POINT ( 'NONE',  ( 0.000000000000000000, -4.000000000000000000, -0.2500000000000002220 ) ) ;
#2819 = CARTESIAN_POINT ( 'NONE',  ( 11.28094975291636004, -2.288114559154186267, -0.5563985171240426464 ) ) ;
#2820 = DIRECTION ( 'NONE',  ( -0.000000000000000000, 0.000000000000000000, 1.000000000000000000 ) ) ;
#2821 = ORIENTED_EDGE ( 'NONE', *, *, #2167, .T. ) ;
#2822 = CARTESIAN_POINT ( 'NONE',  ( 10.75035585184937048, -2.482213938793216723, -0.03642117394026227889 ) ) ;
#2823 = CARTESIAN_POINT ( 'NONE',  ( -4.000999999999999446, -0.8839745962155610703, -2.499999999999999556 ) ) ;
#2824 = CARTESIAN_POINT ( 'NONE',  ( 11.19687364248454209, 0.8839745962155617365, -2.500000000000000444 ) ) ;
#2825 = CARTESIAN_POINT ( 'NONE',  ( 10.54950975679638425, -2.750000000000000000, -10.00000000000000000 ) ) ;
#2826 = EDGE_CURVE ( 'NONE', #2084, #1961, #959, .T. ) ;
#2827 = CARTESIAN_POINT ( 'NONE',  ( 11.36004052989424729, -2.170305825404605482, -9.227309665148659690 ) ) ;
#2828 = VECTOR ( 'NONE', #1363, 1000.000000000000000 ) ;
#2829 = VERTEX_POINT ( 'NONE', #2087 ) ;
#2830 = CARTESIAN_POINT ( 'NONE',  ( 10.71947707391614912, -2.933333333333336679, -9.749999999999996447 ) ) ;
#2831 = CARTESIAN_POINT ( 'NONE',  ( 11.12100851643380395, -2.502004547888806218, -0.3678942464527591438 ) ) ;
#2832 = VECTOR ( 'NONE', #1838, 1000.000000000000000 ) ;
#2833 = CARTESIAN_POINT ( 'NONE',  ( 9.100615209038403819, -3.654558044438761311, -3.879676958192326275 ) ) ;
#2834 = VERTEX_POINT ( 'NONE', #1824 ) ;
#2835 = CARTESIAN_POINT ( 'NONE',  ( 10.69248684926034798, -2.563785556097528229, -0.01708886743531000396 ) ) ;
#2836 = CYLINDRICAL_SURFACE ( 'NONE', #1116, 1.999999999999997335 ) ;
#2837 = CARTESIAN_POINT ( 'NONE',  ( 11.21019748617632139, 1.820621832415320274, -9.040773533955650976 ) ) ;
#2838 = CARTESIAN_POINT ( 'NONE',  ( -4.000999999999999446, -0.8839745962155610703, -4.500000000000000000 ) ) ;
#2839 = AXIS2_PLACEMENT_3D ( 'NONE', #1879, #1630, #698 ) ;
#2840 = CARTESIAN_POINT ( 'NONE',  ( 11.59687364248454067, -1.750000000000000000, -10.00000000000000000 ) ) ;
#2841 = CARTESIAN_POINT ( 'NONE',  ( 11.03257988791526323, -2.024669434364410048, -9.689343869590659963 ) ) ;
#2842 = VERTEX_POINT ( 'NONE', #538 ) ;
#2843 = CARTESIAN_POINT ( 'NONE',  ( 1.800000000000002931, 3.673940397442056417E-16, -9.000000000000001776 ) ) ;
#2844 = EDGE_CURVE ( 'NONE', #1297, #1961, #2654, .T. ) ;
#2845 = AXIS2_PLACEMENT_3D ( 'NONE', #2555, #2068, #1408 ) ;
#2846 = CARTESIAN_POINT ( 'NONE',  ( 10.71947707391615090, -2.933333333333334458, -0.2499999999999985012 ) ) ;
#2847 = CIRCLE ( 'NONE', #1048, 3.749999999999992895 ) ;
#2848 = CARTESIAN_POINT ( 'NONE',  ( 4.800000000000000711, 0.000000000000000000, -10.00000000000000000 ) ) ;
#2849 = ORIENTED_EDGE ( 'NONE', *, *, #881, .T. ) ;
#2850 = CARTESIAN_POINT ( 'NONE',  ( 11.59687364248454067, -1.750000000000000000, -9.000000000000001776 ) ) ;
#2851 = DIRECTION ( 'NONE',  ( 0.000000000000000000, -0.000000000000000000, -1.000000000000000000 ) ) ;
#2852 = CARTESIAN_POINT ( 'NONE',  ( 9.096873642484538891, -1.750000000000000000, -10.00000000000000000 ) ) ;
#2853 = ORIENTED_EDGE ( 'NONE', *, *, #851, .F. ) ;
#2854 = EDGE_CURVE ( 'NONE', #2117, #1217, #447, .T. ) ;
#2855 = FACE_OUTER_BOUND ( 'NONE', #2491, .T. ) ;
#2856 = ORIENTED_EDGE ( 'NONE', *, *, #2703, .T. ) ;
#2857 = CARTESIAN_POINT ( 'NONE',  ( 11.15636166565566434, -1.783090194588499600, -9.255314920068544282 ) ) ;
#2858 = ORIENTED_EDGE ( 'NONE', *, *, #1895, .T. ) ;
#2859 = CARTESIAN_POINT ( 'NONE',  ( 7.586546223265268729, -0.8839745962155610703, -8.500000000000000000 ) ) ;
#2860 = DIRECTION ( 'NONE',  ( 0.000000000000000000, -0.000000000000000000, -1.000000000000000000 ) ) ;
#2861 = CARTESIAN_POINT ( 'NONE',  ( 11.37658207456714621, 2.144458269140745887, -9.125536501595947314 ) ) ;
#2862 = EDGE_LOOP ( 'NONE', ( #518, #1063, #2232, #2791 ) ) ;
#2863 = DIRECTION ( 'NONE',  ( 0.000000000000000000, 0.8660254037844388186, -0.4999999999999996669 ) ) ;
#2864 = PLANE ( 'NONE',  #324 ) ;
#2865 = ORIENTED_EDGE ( 'NONE', *, *, #634, .F. ) ;
#2866 = CIRCLE ( 'NONE', #1141, 1.749999999999999778 ) ;
#2867 = DIRECTION ( 'NONE',  ( 0.000000000000000000, 6.505213034913026604E-16, -1.000000000000000000 ) ) ;
#2868 = PLANE ( 'NONE',  #1079 ) ;
#2869 = DIRECTION ( 'NONE',  ( 1.000000000000000000, 0.000000000000000000, 0.000000000000000000 ) ) ;
#2870 = EDGE_CURVE ( 'NONE', #2695, #2084, #2866, .T. ) ;
#2871 = CARTESIAN_POINT ( 'NONE',  ( 11.07591699322909484, -1.943428366110663497, -9.591430297857998610 ) ) ;
#2872 = ORIENTED_EDGE ( 'NONE', *, *, #1752, .T. ) ;
#2873 = B_SPLINE_SURFACE_WITH_KNOTS ( 'NONE', 1, 3, ( 
 ( #2722, #722, #2063, #1597, #736, #2494, #502, #968, #1390, #2269, #280, #2523, #1403, #1178, #76, #1417, #1849, #792, #2356, #2819, #159, #1710, #1469, #2370, #174, #2385, #2147, #1941, #1017, #1061, #395, #2831, #820, #2120, #1270, #807, #559, #2607, #1913, #1482, #615, #1046, #370, #1925, #383, #835, #1498, #2846 ),
 ( #2327, #1900, #850, #1283, #1258, #2157, #1685, #1724, #1445, #339, #2805, #1232, #118, #2108, #1006, #2135, #1243, #599, #2340, #132, #1888, #2789, #2564, #2577, #1669, #577, #146, #1457, #1034, #1697, #354, #588, #2592, #2681, #409, #2175, #1958, #1121, #1354, #1091, #2398, #1988, #893, #2457, #1973, #2428, #1323, #424 ) ),
 .UNSPECIFIED., .F., .F., .F.,
 ( 2, 2 ),
 ( 4, 2, 2, 2, 2, 2, 2, 2, 2, 2, 2, 2, 2, 2, 2, 2, 2, 2, 2, 2, 2, 2, 2, 4 ),
 ( 0.000000000000000000, 1.000000000000000000 ),
 ( 0.000000000000000000, 8.551054954272584554E-05, 0.0001282658243140887683, 0.0001710210990854516911, 0.0002137763738568146138, 0.0002565316486281775366, 0.0003420421981709033821, 0.0003847974729422662778, 0.0004275527477136292277, 0.0004703080224849921775, 0.0005130632972563550732, 0.0005985738467990809730, 0.0006413291215704438686, 0.0006840843963418067643, 0.0007268396711131696599, 0.0007695949458845325556, 0.0008551054954272584554, 0.0008978607701986213510, 0.0009406160449699843551, 0.0009833713197413473592, 0.001026126594512710146, 0.001111637144055435938, 0.001197147693598161946, 0.001368168792683613529 ),
 .UNSPECIFIED. ) ;
#2874 = CARTESIAN_POINT ( 'NONE',  ( 8.000000000000000000, -4.000000000000000000, -9.749999999999996447 ) ) ;
#2875 = CARTESIAN_POINT ( 'NONE',  ( 11.25533364917014190, 2.324422751192485759, -9.486629888736118232 ) ) ;
#2876 = EDGE_LOOP ( 'NONE', ( #929, #878, #524, #1872 ) ) ;
#2877 = LINE ( 'NONE', #1107, #2004 ) ;
#2878 = CIRCLE ( 'NONE', #505, 1.000000000000000000 ) ;
#2879 = VECTOR ( 'NONE', #1798, 1000.000000000000000 ) ;
#2880 = DIRECTION ( 'NONE',  ( 0.000000000000000000, 6.505213034913026604E-16, -1.000000000000000000 ) ) ;
#2881 = LINE ( 'NONE', #18, #2311 ) ;
#2882 = ORIENTED_EDGE ( 'NONE', *, *, #2196, .F. ) ;
#2883 = ADVANCED_FACE ( 'NONE', ( #166 ), #606, .F. ) ;
#2884 = CARTESIAN_POINT ( 'NONE',  ( 9.096873642484538891, -1.749999999999999334, -9.000000000000001776 ) ) ;
#2885 = CARTESIAN_POINT ( 'NONE',  ( 9.096873642484538891, -1.749999999999999334, -5.000000000000000000 ) ) ;
#2886 = CARTESIAN_POINT ( 'NONE',  ( 11.17168122537383645, -1.750979295647252298, -9.048535882927380314 ) ) ;
#2887 = ORIENTED_EDGE ( 'NONE', *, *, #851, .T. ) ;
#2888 = EDGE_CURVE ( 'NONE', #745, #1076, #361, .T. ) ;
#2889 = CARTESIAN_POINT ( 'NONE',  ( 8.000000000000000000, 3.749999999999993783, -10.00000000000000000 ) ) ;
#2890 = VECTOR ( 'NONE', #2044, 1000.000000000000227 ) ;
#2891 = ADVANCED_FACE ( 'NONE', ( #1290 ), #2600, .T. ) ;
#2892 = DIRECTION ( 'NONE',  ( -0.000000000000000000, -0.000000000000000000, 1.000000000000000000 ) ) ;
#2893 = CARTESIAN_POINT ( 'NONE',  ( 9.096873642484538891, 1.750000000000000000, -4.000000000000000000 ) ) ;
ENDSEC;
END-ISO-10303-21;
