ISO-10303-21;
HEADER;
FILE_DESCRIPTION (( 'STEP AP214' ),
    '1' );
FILE_NAME ('P5 Panel LRS-100-5 Mount.STEP',
    '2024-12-08T01:23:22',
    ( '' ),
    ( '' ),
    'SwSTEP 2.0',
    'SolidWorks 2024',
    '' );
FILE_SCHEMA (( 'AUTOMOTIVE_DESIGN' ));
ENDSEC;

DATA;
#1 = VERTEX_POINT ( 'NONE', #2531 ) ;
#2 = CARTESIAN_POINT ( 'NONE',  ( -33.00000000000001421, -31.50000000000000000, 10.00000000000000000 ) ) ;
#3 = EDGE_CURVE ( 'NONE', #4350, #1936, #196, .T. ) ;
#4 = DIRECTION ( 'NONE',  ( 1.000000000000000000, 0.000000000000000000, -0.000000000000000000 ) ) ;
#5 = LINE ( 'NONE', #4511, #4563 ) ;
#6 = CYLINDRICAL_SURFACE ( 'NONE', #1093, 1.549999999999995826 ) ;
#7 = PLANE ( 'NONE',  #1092 ) ;
#8 = DIRECTION ( 'NONE',  ( -0.000000000000000000, -0.000000000000000000, -1.000000000000000000 ) ) ;
#9 = ORIENTED_EDGE ( 'NONE', *, *, #4200, .F. ) ;
#10 = VERTEX_POINT ( 'NONE', #3381 ) ;
#11 = ORIENTED_EDGE ( 'NONE', *, *, #670, .F. ) ;
#12 = FACE_OUTER_BOUND ( 'NONE', #85, .T. ) ;
#13 = DIRECTION ( 'NONE',  ( -0.000000000000000000, -0.000000000000000000, -1.000000000000000000 ) ) ;
#14 = FACE_OUTER_BOUND ( 'NONE', #3517, .T. ) ;
#15 = ORIENTED_EDGE ( 'NONE', *, *, #3318, .T. ) ;
#16 = LINE ( 'NONE', #3589, #5406 ) ;
#17 = CARTESIAN_POINT ( 'NONE',  ( 0.000000000000000000, -40.49999999999999289, 10.00000000000000000 ) ) ;
#18 = EDGE_CURVE ( 'NONE', #10, #3311, #3459, .T. ) ;
#19 = LINE ( 'NONE', #4083, #3468 ) ;
#20 = VERTEX_POINT ( 'NONE', #4259 ) ;
#21 = LINE ( 'NONE', #886, #2220 ) ;
#22 = EDGE_CURVE ( 'NONE', #2560, #2645, #4726, .T. ) ;
#23 = EDGE_CURVE ( 'NONE', #1917, #2946, #3088, .T. ) ;
#24 = ORIENTED_EDGE ( 'NONE', *, *, #1058, .T. ) ;
#25 = DIRECTION ( 'NONE',  ( -0.000000000000000000, -0.000000000000000000, -1.000000000000000000 ) ) ;
#26 = DIRECTION ( 'NONE',  ( -0.000000000000000000, -0.000000000000000000, -1.000000000000000000 ) ) ;
#27 = EDGE_CURVE ( 'NONE', #2821, #4358, #881, .T. ) ;
#28 = ORIENTED_EDGE ( 'NONE', *, *, #5184, .F. ) ;
#29 = DIRECTION ( 'NONE',  ( 1.000000000000000000, 0.000000000000000000, 0.000000000000000000 ) ) ;
#30 = CARTESIAN_POINT ( 'NONE',  ( 55.86714007511208990, -23.60000000000000142, 10.00000000000000000 ) ) ;
#31 = CARTESIAN_POINT ( 'NONE',  ( 62.00000000000000000, -1.500000000000008216, 10.00000000000000000 ) ) ;
#32 = ORIENTED_EDGE ( 'NONE', *, *, #125, .F. ) ;
#33 = ORIENTED_EDGE ( 'NONE', *, *, #3911, .T. ) ;
#34 = ORIENTED_EDGE ( 'NONE', *, *, #961, .F. ) ;
#35 = ORIENTED_EDGE ( 'NONE', *, *, #66, .F. ) ;
#36 = SURFACE_STYLE_FILL_AREA ( #4073 ) ;
#37 = DIRECTION ( 'NONE',  ( -0.000000000000000000, -0.000000000000000000, -1.000000000000000000 ) ) ;
#38 = AXIS2_PLACEMENT_3D ( 'NONE', #5751, #2166, #3965 ) ;
#39 = LINE ( 'NONE', #4108, #4124 ) ;
#40 = DIRECTION ( 'NONE',  ( -0.000000000000000000, -0.000000000000000000, -1.000000000000000000 ) ) ;
#41 = ORIENTED_EDGE ( 'NONE', *, *, #1970, .T. ) ;
#42 = CARTESIAN_POINT ( 'NONE',  ( -25.00000000000001421, 6.499999999999999112, 1.000000000000000888 ) ) ;
#43 = EDGE_CURVE ( 'NONE', #1, #3417, #3199, .T. ) ;
#44 = DIRECTION ( 'NONE',  ( -1.000000000000000000, 0.000000000000000000, 0.000000000000000000 ) ) ;
#45 = DIRECTION ( 'NONE',  ( 1.000000000000000000, 0.000000000000000000, -0.000000000000000000 ) ) ;
#46 = VECTOR ( 'NONE', #4723, 1000.000000000000000 ) ;
#47 = DIRECTION ( 'NONE',  ( 0.000000000000000000, 0.000000000000000000, -1.000000000000000000 ) ) ;
#48 = EDGE_CURVE ( 'NONE', #1549, #1733, #464, .T. ) ;
#49 = AXIS2_PLACEMENT_3D ( 'NONE', #2443, #1150, #1654 ) ;
#50 = VERTEX_POINT ( 'NONE', #4970 ) ;
#51 = AXIS2_PLACEMENT_3D ( 'NONE', #5812, #2640, #2696 ) ;
#52 = DIRECTION ( 'NONE',  ( 0.000000000000000000, 1.000000000000000000, -0.000000000000000000 ) ) ;
#53 = ORIENTED_EDGE ( 'NONE', *, *, #2796, .F. ) ;
#54 = AXIS2_PLACEMENT_3D ( 'NONE', #1774, #3146, #2675 ) ;
#55 = CIRCLE ( 'NONE', #1658, 14.99999999999998579 ) ;
#56 = AXIS2_PLACEMENT_3D ( 'NONE', #3156, #1280, #3069 ) ;
#57 = CARTESIAN_POINT ( 'NONE',  ( 0.000000000000000000, -6.899999999999998579, 10.00000000000000000 ) ) ;
#58 = EDGE_CURVE ( 'NONE', #486, #3438, #4884, .T. ) ;
#59 = VECTOR ( 'NONE', #3280, 1000.000000000000000 ) ;
#61 = CIRCLE ( 'NONE', #3349, 1.549999999999974953 ) ;
#60 = CARTESIAN_POINT ( 'NONE',  ( -84.49999999999998579, -16.50000000000000000, 0.000000000000000000 ) ) ;
#62 = ORIENTED_EDGE ( 'NONE', *, *, #3435, .F. ) ;
#63 = CARTESIAN_POINT ( 'NONE',  ( -98.30000000000001137, -26.09999999999999787, 10.00000000000000000 ) ) ;
#64 = DIRECTION ( 'NONE',  ( -0.000000000000000000, -0.000000000000000000, -1.000000000000000000 ) ) ;
#65 = DIRECTION ( 'NONE',  ( 1.000000000000000000, 0.000000000000000000, 0.000000000000000000 ) ) ;
#66 = EDGE_CURVE ( 'NONE', #3029, #5637, #1553, .T. ) ;
#67 = ORIENTED_EDGE ( 'NONE', *, *, #1000, .T. ) ;
#68 = VERTEX_POINT ( 'NONE', #911 ) ;
#69 = VECTOR ( 'NONE', #3638, 1000.000000000000000 ) ;
#70 = CARTESIAN_POINT ( 'NONE',  ( 53.90000000000000568, 0.000000000000000000, 10.00000000000000000 ) ) ;
#71 = DIRECTION ( 'NONE',  ( 0.000000000000000000, 0.000000000000000000, 1.000000000000000000 ) ) ;
#72 = VECTOR ( 'NONE', #2839, 1000.000000000000000 ) ;
#73 = DIRECTION ( 'NONE',  ( -0.000000000000000000, -0.000000000000000000, -1.000000000000000000 ) ) ;
#74 = ADVANCED_FACE ( 'NONE', ( #2647 ), #4742, .F. ) ;
#75 = CARTESIAN_POINT ( 'NONE',  ( -25.00000000000001421, -41.49999999999999289, 10.00000000000000000 ) ) ;
#76 = ORIENTED_EDGE ( 'NONE', *, *, #1419, .T. ) ;
#77 = CARTESIAN_POINT ( 'NONE',  ( 40.49999999999999289, -16.49999999999998579, 0.000000000000000000 ) ) ;
#78 = CARTESIAN_POINT ( 'NONE',  ( 47.33740027002946960, -31.16259972997042027, 0.6625997299704057264 ) ) ;
#79 = CIRCLE ( 'NONE', #5813, 1.549999999999999822 ) ;
#80 = CARTESIAN_POINT ( 'NONE',  ( -98.30000000000001137, -10.90000000000000391, 0.000000000000000000 ) ) ;
#81 = VECTOR ( 'NONE', #544, 1000.000000000000000 ) ;
#82 = ORIENTED_EDGE ( 'NONE', *, *, #4936, .F. ) ;
#83 = CARTESIAN_POINT ( 'NONE',  ( -112.8000000000000114, -30.50000000000000000, 0.000000000000000000 ) ) ;
#84 = DIRECTION ( 'NONE',  ( -1.249000902703301354E-16, 1.000000000000000000, 0.000000000000000000 ) ) ;
#85 = EDGE_LOOP ( 'NONE', ( #4985, #4362, #4784, #4847 ) ) ;
#86 = ADVANCED_FACE ( 'NONE', ( #2706 ), #4908, .T. ) ;
#87 = DIRECTION ( 'NONE',  ( -1.000000000000000000, 0.000000000000000000, 0.000000000000000000 ) ) ;
#88 = DIRECTION ( 'NONE',  ( 0.000000000000000000, -1.000000000000000000, 0.000000000000000000 ) ) ;
#89 = VERTEX_POINT ( 'NONE', #4549 ) ;
#90 = CARTESIAN_POINT ( 'NONE',  ( 0.000000000000000000, -24.60000000000000497, 10.00000000000000000 ) ) ;
#91 = ADVANCED_FACE ( 'NONE', ( #3616 ), #5404, .T. ) ;
#92 = DIRECTION ( 'NONE',  ( 0.5773502691896197359, -0.5773502691896288397, 0.5773502691896288397 ) ) ;
#93 = CARTESIAN_POINT ( 'NONE',  ( 47.00000000000001421, -31.50000000000000711, 10.00000000000000000 ) ) ;
#94 = EDGE_LOOP ( 'NONE', ( #3144, #3784, #5617, #3506 ) ) ;
#95 = ORIENTED_EDGE ( 'NONE', *, *, #1714, .T. ) ;
#96 = LINE ( 'NONE', #1896, #997 ) ;
#97 = ADVANCED_FACE ( 'NONE', ( #3530 ), #398, .F. ) ;
#98 = FACE_OUTER_BOUND ( 'NONE', #604, .T. ) ;
#99 = DIRECTION ( 'NONE',  ( 1.000000000000000000, 0.000000000000000000, 0.000000000000000000 ) ) ;
#100 = ORIENTED_EDGE ( 'NONE', *, *, #1805, .T. ) ;
#101 = DIRECTION ( 'NONE',  ( 1.000000000000000000, 0.000000000000000000, 0.000000000000000000 ) ) ;
#102 = ORIENTED_EDGE ( 'NONE', *, *, #2048, .F. ) ;
#103 = FACE_OUTER_BOUND ( 'NONE', #2569, .T. ) ;
#104 = LINE ( 'NONE', #5054, #3053 ) ;
#105 = ORIENTED_EDGE ( 'NONE', *, *, #3956, .F. ) ;
#106 = FACE_OUTER_BOUND ( 'NONE', #3623, .T. ) ;
#107 = VERTEX_POINT ( 'NONE', #2198 ) ;
#108 = FACE_OUTER_BOUND ( 'NONE', #2136, .T. ) ;
#109 = LINE ( 'NONE', #195, #432 ) ;
#110 = EDGE_LOOP ( 'NONE', ( #4588, #1161, #4046, #1544 ) ) ;
#111 = CARTESIAN_POINT ( 'NONE',  ( 56.40000000000000568, -9.400000000000000355, 10.00000000000000000 ) ) ;
#112 = CARTESIAN_POINT ( 'NONE',  ( 54.90000000000000568, -7.432859924887910807, 10.00000000000000000 ) ) ;
#113 = CARTESIAN_POINT ( 'NONE',  ( 24.99999999999998579, 0.000000000000000000, 1.000000000000000888 ) ) ;
#114 = DIRECTION ( 'NONE',  ( 0.000000000000000000, 0.000000000000000000, -1.000000000000000000 ) ) ;
#115 = CARTESIAN_POINT ( 'NONE',  ( -33.00000000000001421, -1.500000000000001332, 0.000000000000000000 ) ) ;
#116 = EDGE_LOOP ( 'NONE', ( #5320, #5165, #2152, #885 ) ) ;
#117 = EDGE_CURVE ( 'NONE', #451, #2888, #5787, .T. ) ;
#118 = ORIENTED_EDGE ( 'NONE', *, *, #4795, .F. ) ;
#119 = ORIENTED_EDGE ( 'NONE', *, *, #4517, .F. ) ;
#120 = CARTESIAN_POINT ( 'NONE',  ( -25.00000000000001421, 0.000000000000000000, 10.00000000000000000 ) ) ;
#121 = CARTESIAN_POINT ( 'NONE',  ( 53.90000000000000568, -7.432859924887910807, 10.00000000000000000 ) ) ;
#122 = DIRECTION ( 'NONE',  ( 0.000000000000000000, -0.000000000000000000, -1.000000000000000000 ) ) ;
#123 = ORIENTED_EDGE ( 'NONE', *, *, #4953, .T. ) ;
#124 = DIRECTION ( 'NONE',  ( -0.000000000000000000, -0.000000000000000000, 1.000000000000000000 ) ) ;
#125 = EDGE_CURVE ( 'NONE', #5536, #932, #236, .T. ) ;
#126 = ORIENTED_EDGE ( 'NONE', *, *, #5786, .F. ) ;
#127 = CARTESIAN_POINT ( 'NONE',  ( 70.10000000000000853, -6.899999999999998579, 0.000000000000000000 ) ) ;
#128 = ORIENTED_EDGE ( 'NONE', *, *, #529, .T. ) ;
#129 = AXIS2_PLACEMENT_3D ( 'NONE', #5788, #1351, #399 ) ;
#130 = LINE ( 'NONE', #5528, #4212 ) ;
#131 = EDGE_CURVE ( 'NONE', #4612, #3949, #3109, .T. ) ;
#132 = ORIENTED_EDGE ( 'NONE', *, *, #4917, .T. ) ;
#133 = EDGE_LOOP ( 'NONE', ( #3113, #3257, #899, #2203 ) ) ;
#134 = FACE_OUTER_BOUND ( 'NONE', #1416, .T. ) ;
#135 = AXIS2_PLACEMENT_3D ( 'NONE', #3652, #1768, #1263 ) ;
#136 = ORIENTED_EDGE ( 'NONE', *, *, #5039, .F. ) ;
#137 = FACE_OUTER_BOUND ( 'NONE', #4168, .T. ) ;
#138 = ORIENTED_EDGE ( 'NONE', *, *, #3329, .T. ) ;
#139 = VECTOR ( 'NONE', #1735, 1000.000000000000000 ) ;
#140 = PLANE ( 'NONE',  #3829 ) ;
#141 = ORIENTED_EDGE ( 'NONE', *, *, #2181, .T. ) ;
#142 = PLANE ( 'NONE',  #1555 ) ;
#143 = AXIS2_PLACEMENT_3D ( 'NONE', #384, #1183, #3982 ) ;
#144 = AXIS2_PLACEMENT_3D ( 'NONE', #1158, #5161, #780 ) ;
#145 = ORIENTED_EDGE ( 'NONE', *, *, #2928, .T. ) ;
#146 = CARTESIAN_POINT ( 'NONE',  ( 54.40000000000000568, -24.10000000000000142, 10.00000000000000000 ) ) ;
#147 = LINE ( 'NONE', #3751, #3828 ) ;
#148 = EDGE_CURVE ( 'NONE', #3377, #273, #4377, .T. ) ;
#149 = AXIS2_PLACEMENT_3D ( 'NONE', #4294, #286, #1649 ) ;
#150 = CARTESIAN_POINT ( 'NONE',  ( 69.60000000000002274, -24.09999999999999787, 10.00000000000000000 ) ) ;
#151 = ORIENTED_EDGE ( 'NONE', *, *, #2830, .T. ) ;
#152 = ORIENTED_EDGE ( 'NONE', *, *, #3990, .T. ) ;
#153 = VECTOR ( 'NONE', #2375, 1000.000000000000000 ) ;
#154 = CARTESIAN_POINT ( 'NONE',  ( -84.49999999999998579, -25.00000000000000000, 9.000000000000000000 ) ) ;
#155 = AXIS2_PLACEMENT_3D ( 'NONE', #5119, #4766, #676 ) ;
#156 = DIRECTION ( 'NONE',  ( -0.000000000000000000, -0.000000000000000000, -1.000000000000000000 ) ) ;
#157 = EDGE_CURVE ( 'NONE', #4987, #489, #712, .T. ) ;
#158 = DIRECTION ( 'NONE',  ( -0.000000000000000000, -0.000000000000000000, -1.000000000000000000 ) ) ;
#159 = EDGE_LOOP ( 'NONE', ( #364, #32, #1200, #4717 ) ) ;
#160 = ORIENTED_EDGE ( 'NONE', *, *, #2073, .T. ) ;
#161 = DIRECTION ( 'NONE',  ( 0.000000000000000000, -0.000000000000000000, -1.000000000000000000 ) ) ;
#162 = B_SPLINE_CURVE_WITH_KNOTS ( 'NONE', 3,
 ( #5707, #3476, #2584, #1152 ),
 .UNSPECIFIED., .F., .F.,
 ( 4, 4 ),
 ( 0.000000000000000000, 0.001752940012359747264 ),
 .UNSPECIFIED. ) ;
#163 = ADVANCED_FACE ( 'NONE', ( #4875 ), #4925, .T. ) ;
#164 = LINE ( 'NONE', #2905, #5623 ) ;
#165 = AXIS2_PLACEMENT_3D ( 'NONE', #1771, #5676, #3440 ) ;
#166 = ORIENTED_EDGE ( 'NONE', *, *, #3443, .T. ) ;
#167 = PLANE ( 'NONE',  #2680 ) ;
#168 = ORIENTED_EDGE ( 'NONE', *, *, #3688, .F. ) ;
#169 = FACE_OUTER_BOUND ( 'NONE', #4395, .T. ) ;
#170 = VERTEX_POINT ( 'NONE', #1728 ) ;
#171 = ADVANCED_FACE ( 'NONE', ( #901 ), #3989, .T. ) ;
#172 = CIRCLE ( 'NONE', #3374, 9.500000000000008882 ) ;
#173 = FACE_OUTER_BOUND ( 'NONE', #1648, .T. ) ;
#174 = DIRECTION ( 'NONE',  ( 0.000000000000000000, -0.7071067811865474617, 0.7071067811865474617 ) ) ;
#175 = LINE ( 'NONE', #1976, #4286 ) ;
#176 = EDGE_CURVE ( 'NONE', #5002, #847, #4095, .T. ) ;
#177 = DIRECTION ( 'NONE',  ( 1.000000000000000000, 0.000000000000000000, 0.000000000000000000 ) ) ;
#178 = CARTESIAN_POINT ( 'NONE',  ( 70.10000000000000853, -7.432859924887909031, 10.00000000000000000 ) ) ;
#179 = VERTEX_POINT ( 'NONE', #4105 ) ;
#180 = ORIENTED_EDGE ( 'NONE', *, *, #1580, .F. ) ;
#181 = ORIENTED_EDGE ( 'NONE', *, *, #4622, .F. ) ;
#182 = PLANE ( 'NONE',  #5037 ) ;
#183 = CARTESIAN_POINT ( 'NONE',  ( -84.49999999999998579, -26.00000000000000355, 0.000000000000000000 ) ) ;
#184 = PLANE ( 'NONE',  #5603 ) ;
#185 = ORIENTED_EDGE ( 'NONE', *, *, #5211, .F. ) ;
#186 = VERTEX_POINT ( 'NONE', #1760 ) ;
#187 = CARTESIAN_POINT ( 'NONE',  ( -0.000000000000000000, -23.60000000000000142, 0.000000000000000000 ) ) ;
#188 = ORIENTED_EDGE ( 'NONE', *, *, #18, .F. ) ;
#189 = EDGE_CURVE ( 'NONE', #2560, #3075, #3634, .T. ) ;
#190 = CYLINDRICAL_SURFACE ( 'NONE', #4035, 1.549999999999995826 ) ;
#191 = ORIENTED_EDGE ( 'NONE', *, *, #5622, .F. ) ;
#192 = VERTEX_POINT ( 'NONE', #958 ) ;
#193 = CARTESIAN_POINT ( 'NONE',  ( -97.30000000000001137, -7.432859924887881498, 10.00000000000000000 ) ) ;
#194 = ADVANCED_FACE ( 'NONE', ( #3557 ), #4492, .F. ) ;
#195 = CARTESIAN_POINT ( 'NONE',  ( 70.10000000000000853, 0.000000000000000000, 10.00000000000000000 ) ) ;
#196 = LINE ( 'NONE', #2463, #3556 ) ;
#197 = MANIFOLD_SOLID_BREP ( 'Chamfer2', #250 ) ;
#198 = ADVANCED_FACE ( 'NONE', ( #1450 ), #5347, .T. ) ;
#199 = DIRECTION ( 'NONE',  ( 0.000000000000000000, -0.000000000000000000, 1.000000000000000000 ) ) ;
#200 = FACE_OUTER_BOUND ( 'NONE', #1526, .T. ) ;
#201 = FACE_BOUND ( 'NONE', #1920, .T. ) ;
#202 = CARTESIAN_POINT ( 'NONE',  ( 53.90000000000000568, -7.432859924887910807, 0.000000000000000000 ) ) ;
#203 = FACE_OUTER_BOUND ( 'NONE', #2858, .T. ) ;
#204 = AXIS2_PLACEMENT_3D ( 'NONE', #289, #3414, #5716 ) ;
#205 = ORIENTED_EDGE ( 'NONE', *, *, #2899, .T. ) ;
#206 = EDGE_CURVE ( 'NONE', #4400, #4525, #1104, .T. ) ;
#207 = DIRECTION ( 'NONE',  ( 1.000000000000000000, 0.000000000000000000, -0.000000000000000000 ) ) ;
#208 = ORIENTED_EDGE ( 'NONE', *, *, #3288, .F. ) ;
#209 = ORIENTED_EDGE ( 'NONE', *, *, #1514, .F. ) ;
#210 = CARTESIAN_POINT ( 'NONE',  ( 54.40000000000000568, -8.900000000000000355, 10.00000000000000000 ) ) ;
#211 = FACE_BOUND ( 'NONE', #740, .T. ) ;
#212 = CARTESIAN_POINT ( 'NONE',  ( 91.99999999999998579, -16.50000000000000711, 1.000000000000000888 ) ) ;
#213 = ORIENTED_EDGE ( 'NONE', *, *, #2899, .F. ) ;
#214 = ORIENTED_EDGE ( 'NONE', *, *, #2709, .F. ) ;
#215 = FACE_OUTER_BOUND ( 'NONE', #5170, .T. ) ;
#216 = VERTEX_POINT ( 'NONE', #4185 ) ;
#217 = ORIENTED_EDGE ( 'NONE', *, *, #2678, .T. ) ;
#218 = CARTESIAN_POINT ( 'NONE',  ( 48.03575995623107531, -2.500000000000009326, 10.00000000000000000 ) ) ;
#219 = EDGE_CURVE ( 'NONE', #221, #1527, #3721, .T. ) ;
#220 = ORIENTED_EDGE ( 'NONE', *, *, #4322, .T. ) ;
#221 = VERTEX_POINT ( 'NONE', #1955 ) ;
#222 = DIRECTION ( 'NONE',  ( -1.000000000000000000, 0.000000000000000000, 0.000000000000000000 ) ) ;
#223 = DIRECTION ( 'NONE',  ( 0.000000000000000000, -0.000000000000000000, -1.000000000000000000 ) ) ;
#224 = ORIENTED_EDGE ( 'NONE', *, *, #919, .F. ) ;
#225 = EDGE_CURVE ( 'NONE', #672, #1, #4628, .T. ) ;
#226 = CIRCLE ( 'NONE', #1272, 8.500000000000000000 ) ;
#227 = VERTEX_POINT ( 'NONE', #5547 ) ;
#228 = DIRECTION ( 'NONE',  ( 0.000000000000000000, 0.000000000000000000, -1.000000000000000000 ) ) ;
#229 = DIRECTION ( 'NONE',  ( 1.000000000000000000, 0.000000000000000000, 0.000000000000000000 ) ) ;
#230 = CARTESIAN_POINT ( 'NONE',  ( -84.49999999999998579, -8.000000000000000000, 9.000000000000000000 ) ) ;
#231 = ADVANCED_FACE ( 'NONE', ( #5099 ), #182, .T. ) ;
#232 = DIRECTION ( 'NONE',  ( 0.000000000000000000, -0.000000000000000000, 1.000000000000000000 ) ) ;
#233 = DIRECTION ( 'NONE',  ( 0.000000000000000000, -0.000000000000000000, -1.000000000000000000 ) ) ;
#234 = EDGE_LOOP ( 'NONE', ( #832, #5290, #2673, #279 ) ) ;
#236 = CIRCLE ( 'NONE', #2692, 13.99999999999998401 ) ;
#235 = CARTESIAN_POINT ( 'NONE',  ( 54.40000000000000568, -24.10000000000000142, 0.000000000000000000 ) ) ;
#237 = ORIENTED_EDGE ( 'NONE', *, *, #131, .F. ) ;
#238 = EDGE_LOOP ( 'NONE', ( #5098, #3776, #4781, #4664 ) ) ;
#239 = LINE ( 'NONE', #4042, #3915 ) ;
#240 = LINE ( 'NONE', #3367, #4382 ) ;
#241 = VECTOR ( 'NONE', #257, 1000.000000000000000 ) ;
#242 = AXIS2_PLACEMENT_3D ( 'NONE', #5213, #4805, #5129 ) ;
#243 = EDGE_CURVE ( 'NONE', #1640, #3939, #5460, .T. ) ;
#244 = DIRECTION ( 'NONE',  ( 1.000000000000000000, 0.000000000000000000, 0.000000000000000000 ) ) ;
#245 = ORIENTED_EDGE ( 'NONE', *, *, #1903, .F. ) ;
#246 = ORIENTED_EDGE ( 'NONE', *, *, #4785, .F. ) ;
#247 = VECTOR ( 'NONE', #5150, 1000.000000000000000 ) ;
#248 = EDGE_CURVE ( 'NONE', #1381, #4160, #3756, .T. ) ;
#249 = FACE_OUTER_BOUND ( 'NONE', #3735, .T. ) ;
#250 = CLOSED_SHELL ( 'NONE', ( #2438, #5448, #4645, #1888, #4432, #2579, #4998, #737, #953, #310, #4082, #1069, #1248, #2542, #1171, #5310, #889, #5588, #2792, #3120, #5764, #2157, #171, #2176, #3798, #4127, #4163, #3150, #592, #476, #2472, #3724, #5489, #2085, #298, #334, #2611, #599, #2266, #5116, #955, #4051, #431, #4768, #5063, #3870, #4992, #5741, #2825, #1525, #3680, #569, #5710, #4629, #4500, #1839, #1866, #4981, #1264, #3762, #2567, #4313, #1662, #383, #3056, #1322, #1114, #5452, #231, #2424, #1404, #2400, #5428, #4156, #770, #3979, #1684, #3008, #2456, #4606, #1765, #2994, #86, #194, #1353, #564, #2442, #3984, #1424, #4922, #4191, #2938, #400, #3073, #1229, #2289, #3115, #5015, #5802, #3142, #3408, #4886, #3568, #3427, #3000, #3700, #2070, #97, #5562, #3284, #4267, #2620, #198, #3808, #3016, #2461, #2523, #3660, #483, #5168, #3662, #5816, #586, #1008, #1040, #2377, #1564, #4209, #1330, #5246, #1588, #4689, #1645, #3091, #968, #2866, #163, #3750, #1215, #4257, #1636, #1508, #624, #3560, #3543, #5008, #2748, #1629, #3206, #5517, #4811, #783, #3842, #2115, #2754, #3254, #3292, #940, #74, #1254, #5484, #2761, #2486, #5090, #5230, #3159, #5667, #4762, #5362, #1207, #91, #4058, #5396, #2934, #5600, #1076, #4819, #5318, #3371, #3226, #4425, #5567, #1412, #3919, #1034, #3328, #1473, #2722 ) ) ;
#251 = ORIENTED_EDGE ( 'NONE', *, *, #5144, .T. ) ;
#252 = CARTESIAN_POINT ( 'NONE',  ( 2.886579864025407005E-15, -25.99999999999999289, 0.000000000000000000 ) ) ;
#253 = DIRECTION ( 'NONE',  ( 1.000000000000000000, -2.238352872228164104E-15, 0.000000000000000000 ) ) ;
#254 = AXIS2_PLACEMENT_3D ( 'NONE', #1422, #477, #3211 ) ;
#255 = AXIS2_PLACEMENT_3D ( 'NONE', #3023, #4821, #3567 ) ;
#256 = EDGE_LOOP ( 'NONE', ( #2419, #4146, #151, #2165 ) ) ;
#257 = DIRECTION ( 'NONE',  ( -0.000000000000000000, -0.000000000000000000, -1.000000000000000000 ) ) ;
#258 = AXIS2_PLACEMENT_3D ( 'NONE', #3786, #2432, #2955 ) ;
#259 = EDGE_CURVE ( 'NONE', #2118, #192, #3339, .T. ) ;
#260 = CARTESIAN_POINT ( 'NONE',  ( -25.00000000000001421, 0.000000000000000000, 9.000000000000067502 ) ) ;
#261 = CARTESIAN_POINT ( 'NONE',  ( -112.8000000000000114, -2.500000000000002220, 0.000000000000000000 ) ) ;
#262 = FACE_OUTER_BOUND ( 'NONE', #887, .T. ) ;
#263 = CARTESIAN_POINT ( 'NONE',  ( 40.49999999999999289, -24.99999999999998579, 9.000000000000000000 ) ) ;
#264 = CIRCLE ( 'NONE', #129, 9.500000000000001776 ) ;
#265 = LINE ( 'NONE', #2758, #2024 ) ;
#266 = VERTEX_POINT ( 'NONE', #154 ) ;
#267 = EDGE_CURVE ( 'NONE', #227, #3019, #5075, .T. ) ;
#268 = ORIENTED_EDGE ( 'NONE', *, *, #1295, .F. ) ;
#269 = DIRECTION ( 'NONE',  ( 0.000000000000000000, -1.000000000000000000, 0.000000000000000000 ) ) ;
#270 = LINE ( 'NONE', #686, #5698 ) ;
#271 = LINE ( 'NONE', #5307, #4949 ) ;
#272 = EDGE_LOOP ( 'NONE', ( #4066, #1871, #3759, #4670 ) ) ;
#273 = VERTEX_POINT ( 'NONE', #1427 ) ;
#274 = EDGE_CURVE ( 'NONE', #1952, #3094, #3304, .T. ) ;
#275 = DIRECTION ( 'NONE',  ( -0.000000000000000000, -0.000000000000000000, -1.000000000000000000 ) ) ;
#276 = ORIENTED_EDGE ( 'NONE', *, *, #884, .F. ) ;
#277 = CARTESIAN_POINT ( 'NONE',  ( 71.60000000000000853, -8.399999999999998579, 0.000000000000000000 ) ) ;
#278 = LINE ( 'NONE', #5669, #2321 ) ;
#279 = ORIENTED_EDGE ( 'NONE', *, *, #1140, .T. ) ;
#280 = ORIENTED_EDGE ( 'NONE', *, *, #1799, .T. ) ;
#281 = CARTESIAN_POINT ( 'NONE',  ( 62.00000000000000000, -1.500000000000008216, 0.000000000000000000 ) ) ;
#282 = LINE ( 'NONE', #1202, #1620 ) ;
#283 = DIRECTION ( 'NONE',  ( -0.000000000000000000, -0.000000000000000000, 1.000000000000000000 ) ) ;
#284 = EDGE_LOOP ( 'NONE', ( #4934, #5414, #3896, #2904 ) ) ;
#285 = EDGE_LOOP ( 'NONE', ( #4502, #2016, #493, #5724 ) ) ;
#286 = DIRECTION ( 'NONE',  ( -0.000000000000000000, 0.000000000000000000, 1.000000000000000000 ) ) ;
#287 = LINE ( 'NONE', #5117, #1569 ) ;
#288 = DIRECTION ( 'NONE',  ( -0.000000000000000000, -0.000000000000000000, -1.000000000000000000 ) ) ;
#289 = CARTESIAN_POINT ( 'NONE',  ( 54.90000000000000568, 0.000000000000000000, 10.00000000000000000 ) ) ;
#290 = DIRECTION ( 'NONE',  ( 1.000000000000000000, 0.000000000000000000, 0.000000000000000000 ) ) ;
#291 = DIRECTION ( 'NONE',  ( 0.000000000000000000, -1.000000000000000000, 0.000000000000000000 ) ) ;
#292 = EDGE_LOOP ( 'NONE', ( #549, #1548, #1612, #3866, #1253, #3011, #5376, #2471, #5737, #95, #4389, #4823, #3598, #3494, #3682, #479 ) ) ;
#293 = EDGE_LOOP ( 'NONE', ( #1626, #2842, #1290 ) ) ;
#294 = LINE ( 'NONE', #5658, #3540 ) ;
#295 = CARTESIAN_POINT ( 'NONE',  ( 24.99999999999998579, -39.50000000000000711, 10.00000000000000000 ) ) ;
#296 = VECTOR ( 'NONE', #4707, 1000.000000000000000 ) ;
#297 = DIRECTION ( 'NONE',  ( -0.000000000000000000, 0.000000000000000000, 1.000000000000000000 ) ) ;
#298 = ADVANCED_FACE ( 'NONE', ( #540 ), #4157, .T. ) ;
#299 = ORIENTED_EDGE ( 'NONE', *, *, #2317, .F. ) ;
#300 = ORIENTED_EDGE ( 'NONE', *, *, #3744, .F. ) ;
#301 = CARTESIAN_POINT ( 'NONE',  ( 32.99999999999998579, -2.500000000000009326, 10.00000000000000000 ) ) ;
#302 = EDGE_LOOP ( 'NONE', ( #2592, #3325, #1877, #4129 ) ) ;
#303 = LINE ( 'NONE', #5260, #5722 ) ;
#304 = EDGE_CURVE ( 'NONE', #5752, #3042, #1982, .T. ) ;
#305 = CARTESIAN_POINT ( 'NONE',  ( -33.00000000000001421, -31.50000000000000000, 1.000000000000000888 ) ) ;
#306 = ORIENTED_EDGE ( 'NONE', *, *, #3597, .F. ) ;
#307 = CARTESIAN_POINT ( 'NONE',  ( 40.49999999999999289, -6.999999999999985789, 0.000000000000000000 ) ) ;
#308 = CARTESIAN_POINT ( 'NONE',  ( -97.30000000000001137, -25.56714007511212117, 10.00000000000000000 ) ) ;
#309 = CARTESIAN_POINT ( 'NONE',  ( 62.00000000000000000, -31.50000000000000711, 0.000000000000000000 ) ) ;
#310 = ADVANCED_FACE ( 'NONE', ( #1872 ), #913, .T. ) ;
#311 = ORIENTED_EDGE ( 'NONE', *, *, #2250, .F. ) ;
#312 = PLANE ( 'NONE',  #4948 ) ;
#313 = UNCERTAINTY_MEASURE_WITH_UNIT (LENGTH_MEASURE( 1.000000000000000082E-05 ), #407, 'distance_accuracy_value', 'NONE');
#314 = DIRECTION ( 'NONE',  ( 0.7071067811865531239, 0.000000000000000000, -0.7071067811865419106 ) ) ;
#315 = CARTESIAN_POINT ( 'NONE',  ( 62.00000000000000000, -31.50000000000000711, 8.999999999999996447 ) ) ;
#316 = AXIS2_PLACEMENT_3D ( 'NONE', #2760, #45, #2283 ) ;
#317 = CARTESIAN_POINT ( 'NONE',  ( 0.000000000000000000, -9.400000000000000355, 10.00000000000000000 ) ) ;
#318 = DIRECTION ( 'NONE',  ( 1.000000000000000000, 0.000000000000000000, -0.000000000000000000 ) ) ;
#319 = CARTESIAN_POINT ( 'NONE',  ( 47.00000000000001421, -31.50000000000000711, 1.000000000000000888 ) ) ;
#320 = ORIENTED_EDGE ( 'NONE', *, *, #3767, .T. ) ;
#321 = CIRCLE ( 'NONE', #3331, 3.250000000000000444 ) ;
#322 = CARTESIAN_POINT ( 'NONE',  ( -98.30000000000001137, 0.000000000000000000, 10.00000000000000000 ) ) ;
#323 = EDGE_CURVE ( 'NONE', #1477, #227, #96, .T. ) ;
#324 = LINE ( 'NONE', #844, #5328 ) ;
#325 = AXIS2_PLACEMENT_3D ( 'NONE', #2599, #5719, #1694 ) ;
#326 = CARTESIAN_POINT ( 'NONE',  ( 47.99999999999998579, -31.50000000000000711, 0.000000000000000000 ) ) ;
#327 = VECTOR ( 'NONE', #37, 1000.000000000000000 ) ;
#328 = VECTOR ( 'NONE', #4738, 1000.000000000000000 ) ;
#329 = ORIENTED_EDGE ( 'NONE', *, *, #1482, .T. ) ;
#330 = VERTEX_POINT ( 'NONE', #2544 ) ;
#331 = DIRECTION ( 'NONE',  ( 0.000000000000000000, 1.000000000000000000, -0.000000000000000000 ) ) ;
#332 = ORIENTED_EDGE ( 'NONE', *, *, #2007, .T. ) ;
#333 = AXIS2_PLACEMENT_3D ( 'NONE', #4640, #669, #5560 ) ;
#334 = ADVANCED_FACE ( 'NONE', ( #2512 ), #2012, .F. ) ;
#335 = VECTOR ( 'NONE', #4954, 1000.000000000000000 ) ;
#336 = AXIS2_PLACEMENT_3D ( 'NONE', #1834, #3187, #474 ) ;
#337 = EDGE_CURVE ( 'NONE', #3164, #4812, #294, .T. ) ;
#338 = CARTESIAN_POINT ( 'NONE',  ( 67.60000000000000853, -8.399999999999998579, 10.00000000000000000 ) ) ;
#339 = CARTESIAN_POINT ( 'NONE',  ( 52.93285992488791436, -9.400000000000000355, 10.00000000000000000 ) ) ;
#340 = VECTOR ( 'NONE', #2980, 1000.000000000000000 ) ;
#341 = ORIENTED_EDGE ( 'NONE', *, *, #4233, .F. ) ;
#342 = VECTOR ( 'NONE', #2686, 1000.000000000000000 ) ;
#343 = ORIENTED_EDGE ( 'NONE', *, *, #4669, .F. ) ;
#344 = CARTESIAN_POINT ( 'NONE',  ( -98.30000000000001137, -26.09999999999999787, 0.000000000000000000 ) ) ;
#345 = DIRECTION ( 'NONE',  ( 1.000000000000000000, 0.000000000000000000, 0.000000000000000000 ) ) ;
#346 = EDGE_CURVE ( 'NONE', #4816, #722, #1844, .T. ) ;
#347 = AXIS2_PLACEMENT_3D ( 'NONE', #1997, #283, #5173 ) ;
#348 = DIRECTION ( 'NONE',  ( -1.000000000000000000, 0.000000000000000000, 0.000000000000000000 ) ) ;
#349 = ORIENTED_EDGE ( 'NONE', *, *, #346, .F. ) ;
#350 = ORIENTED_EDGE ( 'NONE', *, *, #850, .T. ) ;
#351 = CARTESIAN_POINT ( 'NONE',  ( 56.40000000000000568, -23.60000000000000142, 10.00000000000000000 ) ) ;
#352 = EDGE_CURVE ( 'NONE', #944, #1713, #3817, .T. ) ;
#353 = EDGE_LOOP ( 'NONE', ( #5643, #3720, #3370, #5045 ) ) ;
#354 = AXIS2_PLACEMENT_3D ( 'NONE', #572, #3699, #101 ) ;
#355 = DIRECTION ( 'NONE',  ( -0.000000000000000000, -0.000000000000000000, 1.000000000000000000 ) ) ;
#356 = VECTOR ( 'NONE', #5627, 1000.000000000000000 ) ;
#357 = PLANE ( 'NONE',  #5533 ) ;
#358 = CARTESIAN_POINT ( 'NONE',  ( -84.49999999999998579, -6.999999999999999112, 0.000000000000000000 ) ) ;
#359 = EDGE_CURVE ( 'NONE', #5353, #4859, #5278, .T. ) ;
#360 = CARTESIAN_POINT ( 'NONE',  ( 71.60000000000000853, -23.60000000000000142, 0.000000000000000000 ) ) ;
#361 = CARTESIAN_POINT ( 'NONE',  ( -98.30000000000001137, 0.000000000000000000, 0.000000000000000000 ) ) ;
#362 = VECTOR ( 'NONE', #2232, 1000.000000000000000 ) ;
#363 = CARTESIAN_POINT ( 'NONE',  ( -98.30000000000001137, -22.63285992488788523, 0.000000000000000000 ) ) ;
#364 = ORIENTED_EDGE ( 'NONE', *, *, #2356, .F. ) ;
#365 = VERTEX_POINT ( 'NONE', #3458 ) ;
#366 = CARTESIAN_POINT ( 'NONE',  ( 24.99999999999998579, 6.499999999999992006, 1.000000000000000666 ) ) ;
#367 = ORIENTED_EDGE ( 'NONE', *, *, #5551, .T. ) ;
#368 = FACE_OUTER_BOUND ( 'NONE', #4410, .T. ) ;
#369 = CARTESIAN_POINT ( 'NONE',  ( 68.13285992488792431, -9.399999999999998579, 10.00000000000000000 ) ) ;
#370 = DIRECTION ( 'NONE',  ( -0.000000000000000000, -0.000000000000000000, -1.000000000000000000 ) ) ;
#371 = EDGE_LOOP ( 'NONE', ( #4683, #1355, #1367, #3743 ) ) ;
#372 = ORIENTED_EDGE ( 'NONE', *, *, #3640, .T. ) ;
#373 = LINE ( 'NONE', #3087, #806 ) ;
#374 = EDGE_CURVE ( 'NONE', #1917, #4162, #2978, .T. ) ;
#375 = CARTESIAN_POINT ( 'NONE',  ( 68.13285992488792431, -24.60000000000000497, 0.000000000000000000 ) ) ;
#376 = CYLINDRICAL_SURFACE ( 'NONE', #255, 8.000000000000000000 ) ;
#377 = EDGE_CURVE ( 'NONE', #2664, #1441, #4008, .T. ) ;
#378 = ORIENTED_EDGE ( 'NONE', *, *, #5342, .T. ) ;
#379 = CARTESIAN_POINT ( 'NONE',  ( 32.99999999999998579, 6.499999999999992006, 8.999999999999996447 ) ) ;
#380 = ORIENTED_EDGE ( 'NONE', *, *, #700, .F. ) ;
#381 = DIRECTION ( 'NONE',  ( 1.000000000000000000, 0.000000000000000000, 0.000000000000000000 ) ) ;
#382 = DIRECTION ( 'NONE',  ( -1.000000000000000000, 0.000000000000000000, 0.000000000000000000 ) ) ;
#383 = ADVANCED_FACE ( 'NONE', ( #4776 ), #2947, .F. ) ;
#384 = CARTESIAN_POINT ( 'NONE',  ( 69.60000000000002274, -24.09999999999999787, 0.000000000000000000 ) ) ;
#385 = CARTESIAN_POINT ( 'NONE',  ( 0.000000000000000000, -9.399999999999998579, 10.00000000000000000 ) ) ;
#386 = CARTESIAN_POINT ( 'NONE',  ( 76.00000000000001421, -31.50000000000000711, 0.000000000000000000 ) ) ;
#387 = CARTESIAN_POINT ( 'NONE',  ( -24.00000000000001421, 6.499999999999999112, 0.000000000000000000 ) ) ;
#388 = EDGE_CURVE ( 'NONE', #4162, #4602, #4804, .T. ) ;
#389 = EDGE_LOOP ( 'NONE', ( #1369, #2099, #5062 ) ) ;
#390 = ORIENTED_EDGE ( 'NONE', *, *, #2766, .F. ) ;
#391 = DIRECTION ( 'NONE',  ( 0.000000000000000000, -1.000000000000000000, 0.000000000000000000 ) ) ;
#392 = CYLINDRICAL_SURFACE ( 'NONE', #710, 1.549999999999974953 ) ;
#393 = DIRECTION ( 'NONE',  ( 0.000000000000000000, 1.000000000000000000, -0.000000000000000000 ) ) ;
#394 = CARTESIAN_POINT ( 'NONE',  ( -0.000000000000000000, -22.10000000000000142, 0.000000000000000000 ) ) ;
#395 = ORIENTED_EDGE ( 'NONE', *, *, #5769, .T. ) ;
#396 = ORIENTED_EDGE ( 'NONE', *, *, #1786, .F. ) ;
#397 = LINE ( 'NONE', #1377, #3534 ) ;
#398 = CYLINDRICAL_SURFACE ( 'NONE', #5596, 1.549999999999995826 ) ;
#399 = DIRECTION ( 'NONE',  ( 1.000000000000000000, 0.000000000000000000, 0.000000000000000000 ) ) ;
#400 = ADVANCED_FACE ( 'NONE', ( #1134 ), #2075, .T. ) ;
#401 = CARTESIAN_POINT ( 'NONE',  ( 71.60000000000000853, 0.000000000000000000, 10.00000000000000000 ) ) ;
#402 = VERTEX_POINT ( 'NONE', #5252 ) ;
#403 = LINE ( 'NONE', #4940, #4753 ) ;
#404 = ORIENTED_EDGE ( 'NONE', *, *, #1046, .T. ) ;
#405 = EDGE_CURVE ( 'NONE', #583, #4141, #807, .T. ) ;
#406 = LINE ( 'NONE', #4892, #2685 ) ;
#407 =( LENGTH_UNIT ( ) NAMED_UNIT ( * ) SI_UNIT ( .MILLI., .METRE. ) );
#408 = CARTESIAN_POINT ( 'NONE',  ( 0.000000000000000000, -24.60000000000000497, 10.00000000000000000 ) ) ;
#409 = CARTESIAN_POINT ( 'NONE',  ( 0.000000000000000000, -8.400000000000000355, 10.00000000000000000 ) ) ;
#410 = CARTESIAN_POINT ( 'NONE',  ( -96.33285992488789873, -8.400000000000005684, 10.00000000000000000 ) ) ;
#411 = EDGE_CURVE ( 'NONE', #20, #4400, #4244, .T. ) ;
#412 = CARTESIAN_POINT ( 'NONE',  ( -98.30000000000001137, -26.09999999999999787, 10.00000000000000000 ) ) ;
#413 = CARTESIAN_POINT ( 'NONE',  ( 62.00000000000000000, -1.500000000000008216, 8.999999999999996447 ) ) ;
#414 = ORIENTED_EDGE ( 'NONE', *, *, #1821, .T. ) ;
#415 = VECTOR ( 'NONE', #1255, 1000.000000000000000 ) ;
#416 = VERTEX_POINT ( 'NONE', #2133 ) ;
#417 = CARTESIAN_POINT ( 'NONE',  ( -33.00000000000001421, -39.50000000000000000, 9.000000000000067502 ) ) ;
#418 = EDGE_CURVE ( 'NONE', #946, #1674, #5720, .T. ) ;
#419 = DIRECTION ( 'NONE',  ( -0.000000000000000000, -0.000000000000000000, -1.000000000000000000 ) ) ;
#420 = AXIS2_PLACEMENT_3D ( 'NONE', #3528, #939, #828 ) ;
#421 = VECTOR ( 'NONE', #288, 1000.000000000000000 ) ;
#422 = CARTESIAN_POINT ( 'NONE',  ( 3.250000000000000888, -33.00000000000000000, 3.000000000000000000 ) ) ;
#423 = DIRECTION ( 'NONE',  ( -0.000000000000000000, -0.000000000000000000, -1.000000000000000000 ) ) ;
#424 = EDGE_LOOP ( 'NONE', ( #5423, #4419, #4793, #3958 ) ) ;
#425 = DIRECTION ( 'NONE',  ( 0.000000000000000000, -1.000000000000000000, 0.000000000000000000 ) ) ;
#426 = AXIS2_PLACEMENT_3D ( 'NONE', #5390, #3630, #1832 ) ;
#427 = AXIS2_PLACEMENT_3D ( 'NONE', #1214, #4391, #4009 ) ;
#428 = CARTESIAN_POINT ( 'NONE',  ( 0.000000000000000000, 7.500000000000009770, 10.00000000000000000 ) ) ;
#429 = CARTESIAN_POINT ( 'NONE',  ( -99.80000000000001137, -23.59999999999999432, 0.000000000000000000 ) ) ;
#430 = AXIS2_PLACEMENT_3D ( 'NONE', #3489, #3806, #2476 ) ;
#431 = ADVANCED_FACE ( 'NONE', ( #715 ), #1696, .F. ) ;
#432 = VECTOR ( 'NONE', #643, 1000.000000000000000 ) ;
#433 = CARTESIAN_POINT ( 'NONE',  ( 40.49999999999999289, -6.999999999999984013, 10.00000000000000000 ) ) ;
#434 = VECTOR ( 'NONE', #5771, 1000.000000000000000 ) ;
#435 = AXIS2_PLACEMENT_3D ( 'NONE', #2746, #587, #2355 ) ;
#436 = ORIENTED_EDGE ( 'NONE', *, *, #905, .T. ) ;
#437 = DIRECTION ( 'NONE',  ( -1.000000000000000000, -1.249000902703301354E-16, 0.000000000000000000 ) ) ;
#438 = VECTOR ( 'NONE', #745, 1000.000000000000000 ) ;
#439 = VERTEX_POINT ( 'NONE', #5212 ) ;
#440 = CARTESIAN_POINT ( 'NONE',  ( -95.80000000000001137, 0.000000000000000000, 10.00000000000000000 ) ) ;
#441 = AXIS2_PLACEMENT_3D ( 'NONE', #2225, #423, #5729 ) ;
#442 = LINE ( 'NONE', #2681, #2273 ) ;
#443 = AXIS2_PLACEMENT_3D ( 'NONE', #1235, #2558, #3052 ) ;
#444 = CARTESIAN_POINT ( 'NONE',  ( -1.549999999999999822, 0.000000000000000000, 10.00000000000000000 ) ) ;
#445 = DIRECTION ( 'NONE',  ( -0.000000000000000000, -0.000000000000000000, -1.000000000000000000 ) ) ;
#446 = EDGE_CURVE ( 'NONE', #3311, #655, #4749, .T. ) ;
#447 = AXIS2_PLACEMENT_3D ( 'NONE', #1892, #2807, #589 ) ;
#448 = DIRECTION ( 'NONE',  ( 1.000000000000000000, 0.000000000000000000, 0.000000000000000000 ) ) ;
#449 = FACE_OUTER_BOUND ( 'NONE', #3085, .T. ) ;
#450 = CARTESIAN_POINT ( 'NONE',  ( 0.000000000000000000, -9.399999999999998579, 0.000000000000000000 ) ) ;
#451 = VERTEX_POINT ( 'NONE', #1574 ) ;
#452 = VECTOR ( 'NONE', #1807, 1000.000000000000114 ) ;
#453 = EDGE_CURVE ( 'NONE', #1381, #1, #4474, .T. ) ;
#454 = ORIENTED_EDGE ( 'NONE', *, *, #388, .F. ) ;
#455 = VERTEX_POINT ( 'NONE', #685 ) ;
#456 = CONICAL_SURFACE ( 'NONE', #165, 14.00000000000001243, 0.7853981633974346233 ) ;
#457 = LINE ( 'NONE', #3080, #2029 ) ;
#458 = B_SPLINE_CURVE_WITH_KNOTS ( 'NONE', 3,
 ( #5552, #78, #1987, #1023 ),
 .UNSPECIFIED., .F., .F.,
 ( 4, 4 ),
 ( 0.000000000000000000, 0.001752940012359702811 ),
 .UNSPECIFIED. ) ;
#459 = CARTESIAN_POINT ( 'NONE',  ( 32.99999999999998579, -31.50000000000000711, 9.000000000000031974 ) ) ;
#460 = DIRECTION ( 'NONE',  ( 0.000000000000000000, -0.000000000000000000, 1.000000000000000000 ) ) ;
#461 = EDGE_CURVE ( 'NONE', #50, #4309, #239, .T. ) ;
#462 = VERTEX_POINT ( 'NONE', #5340 ) ;
#463 = LINE ( 'NONE', #1101, #992 ) ;
#464 = LINE ( 'NONE', #3116, #4393 ) ;
#465 = PLANE ( 'NONE',  #316 ) ;
#466 = CARTESIAN_POINT ( 'NONE',  ( 24.99999999999998579, 0.000000000000000000, 1.000000000000000888 ) ) ;
#467 = EDGE_CURVE ( 'NONE', #5730, #216, #3547, .T. ) ;
#468 = ORIENTED_EDGE ( 'NONE', *, *, #2735, .F. ) ;
#469 = LINE ( 'NONE', #4447, #5510 ) ;
#470 = VERTEX_POINT ( 'NONE', #1719 ) ;
#471 = DIRECTION ( 'NONE',  ( 1.000000000000000000, 0.000000000000000000, 0.000000000000000000 ) ) ;
#472 = FACE_OUTER_BOUND ( 'NONE', #5193, .T. ) ;
#473 = EDGE_LOOP ( 'NONE', ( #3971, #2159, #4254, #2921 ) ) ;
#474 = DIRECTION ( 'NONE',  ( -1.000000000000000000, 0.000000000000000000, 0.000000000000000000 ) ) ;
#475 = DIRECTION ( 'NONE',  ( -0.000000000000000000, -0.000000000000000000, -1.000000000000000000 ) ) ;
#476 = ADVANCED_FACE ( 'NONE', ( #5424 ), #1395, .F. ) ;
#477 = DIRECTION ( 'NONE',  ( 0.000000000000000000, -0.7071067811865475727, -0.7071067811865475727 ) ) ;
#478 = ORIENTED_EDGE ( 'NONE', *, *, #3901, .T. ) ;
#479 = ORIENTED_EDGE ( 'NONE', *, *, #2625, .F. ) ;
#480 = DIRECTION ( 'NONE',  ( 1.000000000000000000, 0.000000000000000000, 0.000000000000000000 ) ) ;
#481 = DIRECTION ( 'NONE',  ( 0.000000000000000000, -0.000000000000000000, -1.000000000000000000 ) ) ;
#482 = PRODUCT_DEFINITION_FORMATION_WITH_SPECIFIED_SOURCE ( 'ANY', '', #1151, .NOT_KNOWN. ) ;
#483 = ADVANCED_FACE ( 'NONE', ( #4397 ), #892, .T. ) ;
#484 = FACE_OUTER_BOUND ( 'NONE', #1225, .T. ) ;
#485 = DIRECTION ( 'NONE',  ( 0.000000000000000000, 0.000000000000000000, -1.000000000000000000 ) ) ;
#486 = VERTEX_POINT ( 'NONE', #4896 ) ;
#487 = CARTESIAN_POINT ( 'NONE',  ( 47.00000000000001421, -1.500000000000008216, 1.000000000000000888 ) ) ;
#488 = PLANE ( 'NONE',  #5309 ) ;
#489 = VERTEX_POINT ( 'NONE', #5391 ) ;
#490 = EDGE_CURVE ( 'NONE', #3290, #5126, #3128, .T. ) ;
#491 = DIRECTION ( 'NONE',  ( 1.000000000000000000, 0.000000000000000000, 0.000000000000000000 ) ) ;
#492 = VECTOR ( 'NONE', #3450, 1000.000000000000000 ) ;
#493 = ORIENTED_EDGE ( 'NONE', *, *, #2351, .T. ) ;
#494 = DIRECTION ( 'NONE',  ( -0.000000000000000000, -0.000000000000000000, -1.000000000000000000 ) ) ;
#495 = EDGE_LOOP ( 'NONE', ( #4457, #119, #3397, #1577, #5639, #3706, #725, #2446, #1297, #4801, #1894, #5199, #2086, #5200, #1080, #5154 ) ) ;
#496 = EDGE_CURVE ( 'NONE', #2150, #566, #926, .T. ) ;
#497 = CARTESIAN_POINT ( 'NONE',  ( -84.49999999999998579, -26.00000000000000355, 10.00000000000000000 ) ) ;
#498 = DIRECTION ( 'NONE',  ( 0.000000000000000000, 0.000000000000000000, 1.000000000000000000 ) ) ;
#499 = CARTESIAN_POINT ( 'NONE',  ( 54.40000000000000568, -24.10000000000000142, 10.00000000000000000 ) ) ;
#500 = DIRECTION ( 'NONE',  ( -0.000000000000000000, -0.000000000000000000, -1.000000000000000000 ) ) ;
#501 = CARTESIAN_POINT ( 'NONE',  ( -98.30000000000001137, -10.36714007511211832, 10.00000000000000000 ) ) ;
#502 = ORIENTED_EDGE ( 'NONE', *, *, #1222, .T. ) ;
#503 = VERTEX_POINT ( 'NONE', #360 ) ;
#504 = DIRECTION ( 'NONE',  ( 1.000000000000000000, 0.000000000000000000, 0.000000000000000000 ) ) ;
#505 = CARTESIAN_POINT ( 'NONE',  ( -84.49999999999998579, -25.00000000000000000, 1.000000000000000888 ) ) ;
#506 = AXIS2_PLACEMENT_3D ( 'NONE', #2393, #4196, #161 ) ;
#507 = CARTESIAN_POINT ( 'NONE',  ( 69.60000000000000853, -8.899999999999998579, 10.00000000000000000 ) ) ;
#508 = LINE ( 'NONE', #75, #1863 ) ;
#509 = ORIENTED_EDGE ( 'NONE', *, *, #2242, .F. ) ;
#510 = DIRECTION ( 'NONE',  ( 0.000000000000000000, 0.000000000000000000, 1.000000000000000000 ) ) ;
#511 = EDGE_CURVE ( 'NONE', #192, #1384, #5305, .T. ) ;
#512 = DIRECTION ( 'NONE',  ( -1.000000000000000000, 0.000000000000000000, -0.000000000000000000 ) ) ;
#513 = CARTESIAN_POINT ( 'NONE',  ( 0.000000000000000000, -41.49999999999999289, 10.00000000000000000 ) ) ;
#514 = ORIENTED_EDGE ( 'NONE', *, *, #585, .T. ) ;
#515 = CIRCLE ( 'NONE', #4089, 8.999999999999918288 ) ;
#516 = AXIS2_PLACEMENT_3D ( 'NONE', #5441, #3973, #4442 ) ;
#517 = CARTESIAN_POINT ( 'NONE',  ( -97.30000000000001137, -22.09999999999999432, 10.00000000000000000 ) ) ;
#518 = CONICAL_SURFACE ( 'NONE', #4093, 14.00000000000001243, 0.7853981633974346233 ) ;
#519 = VECTOR ( 'NONE', #4074, 1000.000000000000000 ) ;
#520 = ORIENTED_EDGE ( 'NONE', *, *, #23, .T. ) ;
#521 = AXIS2_PLACEMENT_3D ( 'NONE', #5634, #3931, #3037 ) ;
#522 = CARTESIAN_POINT ( 'NONE',  ( -97.30000000000001137, 0.000000000000000000, 0.000000000000000000 ) ) ;
#523 = EDGE_CURVE ( 'NONE', #3137, #4110, #3579, .T. ) ;
#524 = CARTESIAN_POINT ( 'NONE',  ( 24.99999999999998579, 6.499999999999992006, 8.999999999999996447 ) ) ;
#525 = VERTEX_POINT ( 'NONE', #1315 ) ;
#526 = AXIS2_PLACEMENT_3D ( 'NONE', #3507, #5794, #4508 ) ;
#527 = CIRCLE ( 'NONE', #5792, 1.549999999999968070 ) ;
#528 = LINE ( 'NONE', #2408, #5335 ) ;
#529 = EDGE_CURVE ( 'NONE', #3196, #4488, #3635, .T. ) ;
#531 = VECTOR ( 'NONE', #1511, 1000.000000000000000 ) ;
#530 = DIRECTION ( 'NONE',  ( 1.000000000000000000, 0.000000000000000000, 0.000000000000000000 ) ) ;
#532 = LINE ( 'NONE', #3749, #628 ) ;
#533 = AXIS2_PLACEMENT_3D ( 'NONE', #5067, #2525, #5003 ) ;
#534 = CARTESIAN_POINT ( 'NONE',  ( 75.99999999999998579, -31.50000000000000711, 10.00000000000000000 ) ) ;
#535 = DIRECTION ( 'NONE',  ( 0.000000000000000000, 0.000000000000000000, 1.000000000000000000 ) ) ;
#536 = ORIENTED_EDGE ( 'NONE', *, *, #4558, .T. ) ;
#537 = VERTEX_POINT ( 'NONE', #5770 ) ;
#538 = ORIENTED_EDGE ( 'NONE', *, *, #1867, .T. ) ;
#539 = VECTOR ( 'NONE', #3752, 1000.000000000000000 ) ;
#540 = FACE_OUTER_BOUND ( 'NONE', #2865, .T. ) ;
#541 = DIRECTION ( 'NONE',  ( 0.000000000000000000, -0.000000000000000000, -1.000000000000000000 ) ) ;
#542 = AXIS2_PLACEMENT_3D ( 'NONE', #3993, #4787, #2988 ) ;
#543 = VECTOR ( 'NONE', #471, 1000.000000000000000 ) ;
#544 = DIRECTION ( 'NONE',  ( -1.000000000000000000, 0.000000000000000000, -0.000000000000000000 ) ) ;
#545 = CARTESIAN_POINT ( 'NONE',  ( 40.49999999999999289, -24.99999999999998579, 1.000000000000000888 ) ) ;
#546 = ORIENTED_EDGE ( 'NONE', *, *, #2332, .T. ) ;
#547 = CARTESIAN_POINT ( 'NONE',  ( 24.99999999999998579, -41.49999999999999289, 10.00000000000000000 ) ) ;
#548 = DIRECTION ( 'NONE',  ( 1.000000000000000000, 0.000000000000000000, 0.000000000000000000 ) ) ;
#549 = ORIENTED_EDGE ( 'NONE', *, *, #1757, .T. ) ;
#550 = VECTOR ( 'NONE', #994, 1000.000000000000000 ) ;
#551 = DIRECTION ( 'NONE',  ( -1.000000000000000000, 0.000000000000000000, 0.000000000000000000 ) ) ;
#552 = AXIS2_PLACEMENT_3D ( 'NONE', #2260, #2199, #4885 ) ;
#553 = EDGE_CURVE ( 'NONE', #1047, #4208, #4482, .T. ) ;
#554 = ORIENTED_EDGE ( 'NONE', *, *, #2037, .T. ) ;
#555 = DIRECTION ( 'NONE',  ( -1.000000000000000000, 0.000000000000000000, 0.000000000000000000 ) ) ;
#556 = DIRECTION ( 'NONE',  ( 1.000000000000000000, 0.000000000000000000, 0.000000000000000000 ) ) ;
#557 = ORIENTED_EDGE ( 'NONE', *, *, #895, .T. ) ;
#558 = EDGE_CURVE ( 'NONE', #3314, #5002, #2876, .T. ) ;
#559 = DIRECTION ( 'NONE',  ( 0.000000000000000000, -1.000000000000000000, 0.000000000000000000 ) ) ;
#560 = LINE ( 'NONE', #2851, #2597 ) ;
#561 = APPLICATION_CONTEXT ( 'automotive_design' ) ;
#562 = LINE ( 'NONE', #950, #3344 ) ;
#563 = DIRECTION ( 'NONE',  ( -0.000000000000000000, -0.000000000000000000, 1.000000000000000000 ) ) ;
#564 = ADVANCED_FACE ( 'NONE', ( #2245 ), #6, .F. ) ;
#565 = DIRECTION ( 'NONE',  ( 0.000000000000000000, 1.000000000000000000, -0.000000000000000000 ) ) ;
#566 = VERTEX_POINT ( 'NONE', #3514 ) ;
#567 = ORIENTED_EDGE ( 'NONE', *, *, #3041, .T. ) ;
#568 = CARTESIAN_POINT ( 'NONE',  ( -96.33285992488789873, -24.59999999999999787, 0.000000000000000000 ) ) ;
#569 = ADVANCED_FACE ( 'NONE', ( #2723 ), #4453, .T. ) ;
#570 = DIRECTION ( 'NONE',  ( -0.000000000000000000, -0.000000000000000000, -1.000000000000000000 ) ) ;
#571 = ORIENTED_EDGE ( 'NONE', *, *, #2734, .T. ) ;
#572 = CARTESIAN_POINT ( 'NONE',  ( 54.40000000000000568, -8.900000000000000355, 0.000000000000000000 ) ) ;
#573 = VERTEX_POINT ( 'NONE', #4868 ) ;
#574 = LINE ( 'NONE', #187, #3423 ) ;
#575 = LINE ( 'NONE', #3619, #841 ) ;
#576 = ORIENTED_EDGE ( 'NONE', *, *, #558, .T. ) ;
#577 = CARTESIAN_POINT ( 'NONE',  ( 0.000000000000000000, -9.400000000000007461, 10.00000000000000000 ) ) ;
#578 = ORIENTED_EDGE ( 'NONE', *, *, #5156, .F. ) ;
#579 = CARTESIAN_POINT ( 'NONE',  ( 0.000000000000000000, -31.50000000000000000, 1.000000000000000888 ) ) ;
#580 = EDGE_CURVE ( 'NONE', #5361, #2589, #4952, .T. ) ;
#581 = EDGE_LOOP ( 'NONE', ( #4261, #4272, #4337, #2708 ) ) ;
#582 = CARTESIAN_POINT ( 'NONE',  ( -97.30000000000001137, -6.900000000000000355, 10.00000000000000000 ) ) ;
#583 = VERTEX_POINT ( 'NONE', #2211 ) ;
#584 = FACE_OUTER_BOUND ( 'NONE', #581, .T. ) ;
#585 = EDGE_CURVE ( 'NONE', #2426, #2821, #4016, .T. ) ;
#586 = ADVANCED_FACE ( 'NONE', ( #2185 ), #5804, .T. ) ;
#587 = DIRECTION ( 'NONE',  ( -1.000000000000000000, 0.000000000000000000, 0.000000000000000000 ) ) ;
#588 = LINE ( 'NONE', #4180, #1854 ) ;
#589 = DIRECTION ( 'NONE',  ( 0.000000000000000000, -0.000000000000000000, -1.000000000000000000 ) ) ;
#590 = ORIENTED_EDGE ( 'NONE', *, *, #1933, .F. ) ;
#591 = ORIENTED_EDGE ( 'NONE', *, *, #3322, .T. ) ;
#592 = ADVANCED_FACE ( 'NONE', ( #3666 ), #2769, .T. ) ;
#593 = DIRECTION ( 'NONE',  ( 1.000000000000000000, 0.000000000000000000, 0.000000000000000000 ) ) ;
#594 = CARTESIAN_POINT ( 'NONE',  ( 24.99999999999998579, -41.49999999999999289, 1.000000000000000888 ) ) ;
#595 = DIRECTION ( 'NONE',  ( 1.000000000000000000, -2.238352872228144383E-15, 0.000000000000000000 ) ) ;
#596 = ORIENTED_EDGE ( 'NONE', *, *, #580, .F. ) ;
#597 = CARTESIAN_POINT ( 'NONE',  ( 69.10000000000000853, -6.899999999999998579, 0.000000000000000000 ) ) ;
#598 = ORIENTED_EDGE ( 'NONE', *, *, #2698, .T. ) ;
#599 = ADVANCED_FACE ( 'NONE', ( #2828 ), #1481, .T. ) ;
#600 = CARTESIAN_POINT ( 'NONE',  ( 56.40000000000000568, -8.400000000000000355, 0.000000000000000000 ) ) ;
#601 = ORIENTED_EDGE ( 'NONE', *, *, #411, .F. ) ;
#602 = CYLINDRICAL_SURFACE ( 'NONE', #3569, 8.500000000000000000 ) ;
#603 = ORIENTED_EDGE ( 'NONE', *, *, #2734, .F. ) ;
#604 = EDGE_LOOP ( 'NONE', ( #1677, #4654, #4335, #4216 ) ) ;
#605 = LINE ( 'NONE', #3683, #4737 ) ;
#606 = VECTOR ( 'NONE', #4848, 1000.000000000000000 ) ;
#607 = CARTESIAN_POINT ( 'NONE',  ( 0.000000000000000000, 0.000000000000000000, 10.00000000000000000 ) ) ;
#608 = EDGE_CURVE ( 'NONE', #3302, #3040, #175, .T. ) ;
#609 = EDGE_LOOP ( 'NONE', ( #854, #4838, #5456, #1455 ) ) ;
#610 = VECTOR ( 'NONE', #3687, 1000.000000000000000 ) ;
#611 = VECTOR ( 'NONE', #2970, 1000.000000000000000 ) ;
#612 = CARTESIAN_POINT ( 'NONE',  ( 48.03575995623106820, -30.50000000000004974, 10.00000000000000000 ) ) ;
#613 = B_SPLINE_CURVE_WITH_KNOTS ( 'NONE', 3,
 ( #612, #1475, #5504, #5476 ),
 .UNSPECIFIED., .F., .F.,
 ( 4, 4 ),
 ( 0.000000000000000000, 0.001752940012359694572 ),
 .UNSPECIFIED. ) ;
#614 = CARTESIAN_POINT ( 'NONE',  ( 3.250000000000000444, 3.980102097228898231E-16, 3.000000000000000000 ) ) ;
#615 = VECTOR ( 'NONE', #1056, 1000.000000000000000 ) ;
#616 = CONICAL_SURFACE ( 'NONE', #1942, 8.500000000000000000, 0.7853981633974482790 ) ;
#617 = VECTOR ( 'NONE', #5688, 1000.000000000000114 ) ;
#618 = LINE ( 'NONE', #4566, #1672 ) ;
#619 = CARTESIAN_POINT ( 'NONE',  ( 47.99999999999998579, -31.50000000000000711, 0.000000000000000000 ) ) ;
#620 = LINE ( 'NONE', #3274, #2236 ) ;
#621 = AXIS2_PLACEMENT_3D ( 'NONE', #5186, #297, #2162 ) ;
#622 = AXIS2_PLACEMENT_3D ( 'NONE', #5070, #5564, #4621 ) ;
#623 = VERTEX_POINT ( 'NONE', #1890 ) ;
#624 = ADVANCED_FACE ( 'NONE', ( #3272 ), #1851, .T. ) ;
#625 = ORIENTED_EDGE ( 'NONE', *, *, #4342, .T. ) ;
#626 = VECTOR ( 'NONE', #3260, 1000.000000000000000 ) ;
#627 = DIRECTION ( 'NONE',  ( 1.000000000000000000, 0.000000000000000000, 0.000000000000000000 ) ) ;
#628 = VECTOR ( 'NONE', #2294, 1000.000000000000000 ) ;
#629 = PLANE ( 'NONE',  #5785 ) ;
#630 = CARTESIAN_POINT ( 'NONE',  ( 71.06714007511209275, -9.399999999999998579, 10.00000000000000000 ) ) ;
#631 = EDGE_CURVE ( 'NONE', #5536, #2912, #4125, .T. ) ;
#632 = ORIENTED_EDGE ( 'NONE', *, *, #5496, .T. ) ;
#633 = VECTOR ( 'NONE', #5225, 1000.000000000000000 ) ;
#634 = ORIENTED_EDGE ( 'NONE', *, *, #2906, .F. ) ;
#635 = CARTESIAN_POINT ( 'NONE',  ( -99.80000000000001137, -9.400000000000007461, 10.00000000000000000 ) ) ;
#636 = FACE_OUTER_BOUND ( 'NONE', #4831, .T. ) ;
#637 = EDGE_CURVE ( 'NONE', #1425, #266, #1864, .T. ) ;
#638 = EDGE_CURVE ( 'NONE', #2996, #4277, #719, .T. ) ;
#639 = VERTEX_POINT ( 'NONE', #3210 ) ;
#640 = CIRCLE ( 'NONE', #5537, 3.250000000000000444 ) ;
#641 = ORIENTED_EDGE ( 'NONE', *, *, #1637, .F. ) ;
#642 = DIRECTION ( 'NONE',  ( 0.000000000000000000, 1.000000000000000000, 0.000000000000000000 ) ) ;
#643 = DIRECTION ( 'NONE',  ( 0.000000000000000000, -1.000000000000000000, 0.000000000000000000 ) ) ;
#644 = CIRCLE ( 'NONE', #5155, 1.549999999999968070 ) ;
#645 = EDGE_CURVE ( 'NONE', #5752, #1980, #4015, .T. ) ;
#646 = ORIENTED_EDGE ( 'NONE', *, *, #66, .T. ) ;
#647 = CARTESIAN_POINT ( 'NONE',  ( 53.90000000000000568, -26.10000000000000142, 10.00000000000000000 ) ) ;
#648 = LINE ( 'NONE', #1592, #5048 ) ;
#649 = CARTESIAN_POINT ( 'NONE',  ( 75.96142399166005532, -2.538576008339935797, 0.000000000000000000 ) ) ;
#650 = CARTESIAN_POINT ( 'NONE',  ( 0.000000000000000000, 8.500000000000010658, 9.000000000000000000 ) ) ;
#651 = LINE ( 'NONE', #4240, #3930 ) ;
#652 = VERTEX_POINT ( 'NONE', #4536 ) ;
#653 = PLANE ( 'NONE',  #5687 ) ;
#654 = ORIENTED_EDGE ( 'NONE', *, *, #5661, .T. ) ;
#655 = VERTEX_POINT ( 'NONE', #5038 ) ;
#656 = CARTESIAN_POINT ( 'NONE',  ( -1.550000000000000488, -33.00000000000000000, 10.00000000000000000 ) ) ;
#657 = EDGE_CURVE ( 'NONE', #3391, #3163, #562, .T. ) ;
#658 = DIRECTION ( 'NONE',  ( -0.000000000000000000, 0.000000000000000000, -1.000000000000000000 ) ) ;
#659 = DIRECTION ( 'NONE',  ( 1.000000000000000000, 0.000000000000000000, 0.000000000000000000 ) ) ;
#660 = EDGE_LOOP ( 'NONE', ( #721, #908, #3501, #4268 ) ) ;
#661 = ORIENTED_EDGE ( 'NONE', *, *, #558, .F. ) ;
#662 = LINE ( 'NONE', #4249, #3622 ) ;
#663 = ORIENTED_EDGE ( 'NONE', *, *, #2889, .F. ) ;
#664 = EDGE_CURVE ( 'NONE', #2433, #5531, #2222, .T. ) ;
#665 = DIRECTION ( 'NONE',  ( -1.000000000000000000, 0.000000000000000000, 0.000000000000000000 ) ) ;
#666 = VERTEX_POINT ( 'NONE', #5480 ) ;
#667 = ORIENTED_EDGE ( 'NONE', *, *, #4963, .T. ) ;
#668 = CARTESIAN_POINT ( 'NONE',  ( 54.90000000000000568, -6.899999999999999467, 10.00000000000000000 ) ) ;
#669 = DIRECTION ( 'NONE',  ( -0.000000000000000000, -0.000000000000000000, -1.000000000000000000 ) ) ;
#670 = EDGE_CURVE ( 'NONE', #1185, #5262, #4647, .T. ) ;
#671 = VERTEX_POINT ( 'NONE', #1009 ) ;
#672 = VERTEX_POINT ( 'NONE', #2412 ) ;
#673 = CARTESIAN_POINT ( 'NONE',  ( 62.00000000000000000, -1.500000000000008216, 0.000000000000000000 ) ) ;
#674 = EDGE_CURVE ( 'NONE', #3594, #4602, #3712, .T. ) ;
#675 = CARTESIAN_POINT ( 'NONE',  ( 71.06714007511209275, -24.60000000000000497, 10.00000000000000000 ) ) ;
#676 = DIRECTION ( 'NONE',  ( 1.000000000000000000, 0.000000000000000000, 0.000000000000000000 ) ) ;
#677 = PRODUCT_DEFINITION_SHAPE ( 'NONE', 'NONE',  #1199 ) ;
#678 = LINE ( 'NONE', #1216, #5004 ) ;
#679 = DIRECTION ( 'NONE',  ( 1.000000000000000000, -2.825121089447940548E-14, 0.000000000000000000 ) ) ;
#680 = ORIENTED_EDGE ( 'NONE', *, *, #1884, .F. ) ;
#681 = FACE_BOUND ( 'NONE', #3934, .T. ) ;
#682 = ORIENTED_EDGE ( 'NONE', *, *, #3736, .F. ) ;
#683 = EDGE_CURVE ( 'NONE', #2290, #5019, #532, .T. ) ;
#684 = ORIENTED_EDGE ( 'NONE', *, *, #1446, .F. ) ;
#685 = CARTESIAN_POINT ( 'NONE',  ( 76.00000000000001421, -1.500000000000008216, 0.000000000000000000 ) ) ;
#686 = CARTESIAN_POINT ( 'NONE',  ( 0.000000000000000000, -8.400000000000005684, 0.000000000000000000 ) ) ;
#687 = CARTESIAN_POINT ( 'NONE',  ( 0.000000000000000000, -9.399999999999998579, 10.00000000000000000 ) ) ;
#688 = EDGE_LOOP ( 'NONE', ( #5579, #2930, #4203, #3343, #4959 ) ) ;
#689 = VERTEX_POINT ( 'NONE', #5542 ) ;
#690 = CARTESIAN_POINT ( 'NONE',  ( -97.30000000000001137, 0.000000000000000000, 10.00000000000000000 ) ) ;
#691 = CARTESIAN_POINT ( 'NONE',  ( 0.000000000000000000, 0.000000000000000000, 3.000000000000000000 ) ) ;
#692 = ORIENTED_EDGE ( 'NONE', *, *, #4991, .T. ) ;
#693 = ORIENTED_EDGE ( 'NONE', *, *, #5473, .F. ) ;
#694 = CARTESIAN_POINT ( 'NONE',  ( 0.000000000000000000, -33.00000000000000000, 3.000000000000000000 ) ) ;
#695 = EDGE_CURVE ( 'NONE', #3086, #4488, #618, .T. ) ;
#696 = CARTESIAN_POINT ( 'NONE',  ( 53.90000000000000568, -22.63285992488791365, 10.00000000000000000 ) ) ;
#697 = CARTESIAN_POINT ( 'NONE',  ( 0.000000000000000000, -24.59999999999999787, 10.00000000000000000 ) ) ;
#698 = AXIS2_PLACEMENT_3D ( 'NONE', #5219, #4365, #723 ) ;
#699 = ORIENTED_EDGE ( 'NONE', *, *, #2362, .F. ) ;
#700 = EDGE_CURVE ( 'NONE', #2347, #2803, #4760, .T. ) ;
#701 = VERTEX_POINT ( 'NONE', #1061 ) ;
#702 = CARTESIAN_POINT ( 'NONE',  ( 0.000000000000000000, -1.500000000000008216, 10.00000000000000000 ) ) ;
#703 = DIRECTION ( 'NONE',  ( 0.000000000000000000, 0.000000000000000000, 1.000000000000000000 ) ) ;
#704 = CIRCLE ( 'NONE', #3149, 14.00000000000001243 ) ;
#705 = CARTESIAN_POINT ( 'NONE',  ( 67.60000000000000853, -23.60000000000000142, 0.000000000000000000 ) ) ;
#706 = DIRECTION ( 'NONE',  ( 0.000000000000000000, 1.000000000000000000, 0.000000000000000000 ) ) ;
#707 = PLANE ( 'NONE',  #1476 ) ;
#708 = EDGE_CURVE ( 'NONE', #1702, #4400, #2854, .T. ) ;
#709 = AXIS2_PLACEMENT_3D ( 'NONE', #409, #1625, #5208 ) ;
#710 = AXIS2_PLACEMENT_3D ( 'NONE', #3967, #419, #5348 ) ;
#712 = CIRCLE ( 'NONE', #1184, 14.00000000000008171 ) ;
#711 = CARTESIAN_POINT ( 'NONE',  ( -24.00000000000009592, -40.49999999999999289, 10.00000000000000000 ) ) ;
#713 = VERTEX_POINT ( 'NONE', #3447 ) ;
#714 = ORIENTED_EDGE ( 'NONE', *, *, #2293, .T. ) ;
#715 = FACE_OUTER_BOUND ( 'NONE', #2401, .T. ) ;
#716 = CYLINDRICAL_SURFACE ( 'NONE', #2968, 8.000000000000000000 ) ;
#717 = AXIS2_PLACEMENT_3D ( 'NONE', #3885, #2064, #797 ) ;
#718 = AXIS2_PLACEMENT_3D ( 'NONE', #4333, #1221, #1540 ) ;
#719 = CIRCLE ( 'NONE', #5132, 1.549999999999968070 ) ;
#720 = CARTESIAN_POINT ( 'NONE',  ( 23.99999999999998579, -40.49999999999999289, 0.000000000000000000 ) ) ;
#721 = ORIENTED_EDGE ( 'NONE', *, *, #4450, .F. ) ;
#722 = VERTEX_POINT ( 'NONE', #5176 ) ;
#723 = DIRECTION ( 'NONE',  ( 0.000000000000000000, 1.000000000000000000, 0.000000000000000000 ) ) ;
#724 = CONICAL_SURFACE ( 'NONE', #5516, 14.00000000000001243, 0.7853981633974346233 ) ;
#725 = ORIENTED_EDGE ( 'NONE', *, *, #3575, .T. ) ;
#726 = EDGE_LOOP ( 'NONE', ( #2269, #4234, #1500, #4840 ) ) ;
#727 = AXIS2_PLACEMENT_3D ( 'NONE', #4894, #1359, #4011 ) ;
#728 = CIRCLE ( 'NONE', #5426, 8.500000000000007105 ) ;
#729 = LINE ( 'NONE', #1675, #4312 ) ;
#730 = CARTESIAN_POINT ( 'NONE',  ( 0.000000000000000000, -41.49999999999999289, 1.000000000000000888 ) ) ;
#731 = ORIENTED_EDGE ( 'NONE', *, *, #2256, .T. ) ;
#732 = ORIENTED_EDGE ( 'NONE', *, *, #4349, .F. ) ;
#733 = DIRECTION ( 'NONE',  ( 1.000000000000000000, 0.000000000000000000, 0.000000000000000000 ) ) ;
#734 = DIRECTION ( 'NONE',  ( -0.000000000000000000, -0.000000000000000000, -1.000000000000000000 ) ) ;
#735 = AXIS2_PLACEMENT_3D ( 'NONE', #952, #2214, #872 ) ;
#736 = ORIENTED_EDGE ( 'NONE', *, *, #5197, .F. ) ;
#737 = ADVANCED_FACE ( 'NONE', ( #200 ), #2041, .T. ) ;
#738 = AXIS2_PLACEMENT_3D ( 'NONE', #1732, #370, #5317 ) ;
#739 = CIRCLE ( 'NONE', #4402, 1.549999999999995826 ) ;
#740 = EDGE_LOOP ( 'NONE', ( #2497, #1513 ) ) ;
#741 = DIRECTION ( 'NONE',  ( -0.000000000000000000, -0.000000000000000000, 1.000000000000000000 ) ) ;
#742 = VECTOR ( 'NONE', #860, 1000.000000000000000 ) ;
#743 = DIRECTION ( 'NONE',  ( 1.000000000000000000, 0.000000000000000000, 0.000000000000000000 ) ) ;
#744 = EDGE_CURVE ( 'NONE', #5019, #782, #2036, .T. ) ;
#745 = DIRECTION ( 'NONE',  ( 0.000000000000000000, -1.000000000000000000, 0.000000000000000000 ) ) ;
#746 = LINE ( 'NONE', #2941, #492 ) ;
#747 = DIRECTION ( 'NONE',  ( -1.000000000000000000, 0.000000000000000000, 0.000000000000000000 ) ) ;
#748 = DIRECTION ( 'NONE',  ( 0.000000000000000000, 1.000000000000000000, 0.000000000000000000 ) ) ;
#749 = EDGE_LOOP ( 'NONE', ( #2548, #1801, #3383, #76 ) ) ;
#750 = ORIENTED_EDGE ( 'NONE', *, *, #1388, .T. ) ;
#751 = DIRECTION ( 'NONE',  ( 1.000000000000000000, 0.000000000000000000, 0.000000000000000000 ) ) ;
#752 = EDGE_CURVE ( 'NONE', #1186, #4316, #1094, .T. ) ;
#753 = FACE_BOUND ( 'NONE', #5263, .T. ) ;
#754 = PLANE ( 'NONE',  #3256 ) ;
#755 = EDGE_LOOP ( 'NONE', ( #5158, #3259 ) ) ;
#756 = ORIENTED_EDGE ( 'NONE', *, *, #4986, .F. ) ;
#757 = DIRECTION ( 'NONE',  ( -0.5773502691896257311, 0.5773502691896257311, 0.5773502691896257311 ) ) ;
#758 = ORIENTED_EDGE ( 'NONE', *, *, #3597, .T. ) ;
#759 = EDGE_CURVE ( 'NONE', #2017, #3466, #4295, .T. ) ;
#760 = FACE_OUTER_BOUND ( 'NONE', #1247, .T. ) ;
#761 = CARTESIAN_POINT ( 'NONE',  ( 52.40000000000000568, -23.60000000000000142, 10.00000000000000000 ) ) ;
#762 = ORIENTED_EDGE ( 'NONE', *, *, #2960, .T. ) ;
#763 = ORIENTED_EDGE ( 'NONE', *, *, #4752, .F. ) ;
#764 = LINE ( 'NONE', #2460, #46 ) ;
#765 = LINE ( 'NONE', #308, #5475 ) ;
#766 = ORIENTED_EDGE ( 'NONE', *, *, #4145, .T. ) ;
#767 = CARTESIAN_POINT ( 'NONE',  ( 71.60000000000000853, -24.60000000000000497, 10.00000000000000000 ) ) ;
#768 = ORIENTED_EDGE ( 'NONE', *, *, #4877, .T. ) ;
#769 = DIRECTION ( 'NONE',  ( -1.000000000000000000, 0.000000000000000000, 0.000000000000000000 ) ) ;
#770 = ADVANCED_FACE ( 'NONE', ( #2999 ), #4796, .T. ) ;
#771 = CARTESIAN_POINT ( 'NONE',  ( 32.99999999999998579, -2.500000000000009326, 10.00000000000000000 ) ) ;
#772 = CARTESIAN_POINT ( 'NONE',  ( -33.00000000000001421, -2.499999999999919176, 10.00000000000000000 ) ) ;
#773 = DIRECTION ( 'NONE',  ( 0.000000000000000000, 1.000000000000000000, 0.000000000000000000 ) ) ;
#774 = CARTESIAN_POINT ( 'NONE',  ( 76.65798675386805883, -31.15798675386808014, 0.6579867538679461392 ) ) ;
#775 = EDGE_CURVE ( 'NONE', #3302, #107, #648, .T. ) ;
#776 = DIRECTION ( 'NONE',  ( 1.000000000000000000, 0.000000000000000000, 0.000000000000000000 ) ) ;
#777 = EDGE_LOOP ( 'NONE', ( #2574, #4807, #280, #3313 ) ) ;
#778 = EDGE_CURVE ( 'NONE', #1936, #2645, #3355, .T. ) ;
#779 = CARTESIAN_POINT ( 'NONE',  ( -98.30000000000001137, 0.000000000000000000, 0.000000000000000000 ) ) ;
#780 = DIRECTION ( 'NONE',  ( 1.000000000000000000, -0.000000000000000000, 0.000000000000000000 ) ) ;
#781 = CARTESIAN_POINT ( 'NONE',  ( 0.000000000000000000, -26.10000000000000497, 0.000000000000000000 ) ) ;
#782 = VERTEX_POINT ( 'NONE', #5586 ) ;
#783 = ADVANCED_FACE ( 'NONE', ( #4323 ), #4704, .F. ) ;
#784 = VERTEX_POINT ( 'NONE', #5203 ) ;
#785 = CARTESIAN_POINT ( 'NONE',  ( -0.000000000000000000, -26.10000000000000142, 0.000000000000000000 ) ) ;
#786 = ORIENTED_EDGE ( 'NONE', *, *, #2650, .T. ) ;
#787 = DIRECTION ( 'NONE',  ( -1.000000000000000000, 0.000000000000000000, 0.000000000000000000 ) ) ;
#788 = CARTESIAN_POINT ( 'NONE',  ( -33.00000000000001421, 6.499999999999999112, 10.00000000000000000 ) ) ;
#789 = EDGE_CURVE ( 'NONE', #4686, #4498, #5332, .T. ) ;
#790 = ORIENTED_EDGE ( 'NONE', *, *, #1609, .F. ) ;
#791 = DIRECTION ( 'NONE',  ( -0.7071067811865474617, 0.000000000000000000, 0.7071067811865474617 ) ) ;
#792 = DIRECTION ( 'NONE',  ( -0.000000000000000000, -0.000000000000000000, -1.000000000000000000 ) ) ;
#793 = FACE_OUTER_BOUND ( 'NONE', #5664, .T. ) ;
#794 = VERTEX_POINT ( 'NONE', #5713 ) ;
#795 = EDGE_CURVE ( 'NONE', #4559, #2353, #1565, .T. ) ;
#796 = ORIENTED_EDGE ( 'NONE', *, *, #695, .F. ) ;
#797 = DIRECTION ( 'NONE',  ( 1.000000000000000000, 6.715058616684552661E-15, 0.000000000000000000 ) ) ;
#798 = PRODUCT_DEFINITION_CONTEXT ( 'detailed design', #561, 'design' ) ;
#799 = ORIENTED_EDGE ( 'NONE', *, *, #1964, .F. ) ;
#800 = PLANE ( 'NONE',  #3816 ) ;
#801 = AXIS2_PLACEMENT_3D ( 'NONE', #1882, #2878, #1118 ) ;
#802 = PLANE ( 'NONE',  #3123 ) ;
#803 = DIRECTION ( 'NONE',  ( 0.000000000000000000, -0.000000000000000000, -1.000000000000000000 ) ) ;
#804 = CARTESIAN_POINT ( 'NONE',  ( 62.00000000000000000, -31.50000000000000711, 10.00000000000000000 ) ) ;
#805 = ORIENTED_EDGE ( 'NONE', *, *, #4861, .F. ) ;
#806 = VECTOR ( 'NONE', #880, 1000.000000000000000 ) ;
#807 = LINE ( 'NONE', #1600, #5325 ) ;
#808 = CARTESIAN_POINT ( 'NONE',  ( 52.40000000000000568, -24.60000000000000497, 0.000000000000000000 ) ) ;
#809 = EDGE_CURVE ( 'NONE', #5647, #4711, #2467, .T. ) ;
#810 = AXIS2_PLACEMENT_3D ( 'NONE', #974, #3127, #530 ) ;
#811 = LINE ( 'NONE', #4399, #5702 ) ;
#812 = AXIS2_PLACEMENT_3D ( 'NONE', #2679, #5387, #4946 ) ;
#813 = MECHANICAL_DESIGN_GEOMETRIC_PRESENTATION_REPRESENTATION (  '', ( #2306 ), #5507 ) ;
#814 = ORIENTED_EDGE ( 'NONE', *, *, #4911, .T. ) ;
#815 = ORIENTED_EDGE ( 'NONE', *, *, #1068, .F. ) ;
#816 = CYLINDRICAL_SURFACE ( 'NONE', #38, 1.549999999999968070 ) ;
#817 = ORIENTED_EDGE ( 'NONE', *, *, #4091, .F. ) ;
#818 = CIRCLE ( 'NONE', #4853, 9.000000000000001776 ) ;
#819 = AXIS2_PLACEMENT_3D ( 'NONE', #4043, #3932, #4869 ) ;
#820 = LINE ( 'NONE', #5372, #327 ) ;
#821 = EDGE_CURVE ( 'NONE', #1192, #1869, #1174, .T. ) ;
#822 = CARTESIAN_POINT ( 'NONE',  ( 69.60000000000000853, -8.899999999999998579, 10.00000000000000000 ) ) ;
#823 = DIRECTION ( 'NONE',  ( 1.000000000000000000, -0.000000000000000000, 0.000000000000000000 ) ) ;
#824 = VECTOR ( 'NONE', #5519, 1000.000000000000000 ) ;
#825 = ORIENTED_EDGE ( 'NONE', *, *, #2356, .T. ) ;
#826 = VECTOR ( 'NONE', #1126, 1000.000000000000000 ) ;
#827 = ORIENTED_EDGE ( 'NONE', *, *, #1918, .T. ) ;
#828 = DIRECTION ( 'NONE',  ( -1.000000000000000000, 0.000000000000000000, 0.000000000000000000 ) ) ;
#829 = LINE ( 'NONE', #4347, #4250 ) ;
#830 = EDGE_CURVE ( 'NONE', #416, #3203, #2066, .T. ) ;
#831 = DIRECTION ( 'NONE',  ( -0.000000000000000000, 0.000000000000000000, -1.000000000000000000 ) ) ;
#832 = ORIENTED_EDGE ( 'NONE', *, *, #1027, .F. ) ;
#833 = VECTOR ( 'NONE', #5120, 1000.000000000000000 ) ;
#834 = ORIENTED_EDGE ( 'NONE', *, *, #4587, .T. ) ;
#835 = EDGE_CURVE ( 'NONE', #537, #4358, #287, .T. ) ;
#836 = AXIS2_PLACEMENT_3D ( 'NONE', #1900, #4990, #2756 ) ;
#837 = FACE_OUTER_BOUND ( 'NONE', #5731, .T. ) ;
#838 = DIRECTION ( 'NONE',  ( -1.000000000000000000, 0.000000000000000000, 0.000000000000000000 ) ) ;
#839 = FACE_OUTER_BOUND ( 'NONE', #3214, .T. ) ;
#840 = LINE ( 'NONE', #4426, #4472 ) ;
#841 = VECTOR ( 'NONE', #1905, 1000.000000000000000 ) ;
#842 = ORIENTED_EDGE ( 'NONE', *, *, #2836, .F. ) ;
#843 = DIRECTION ( 'NONE',  ( -0.000000000000000000, -0.000000000000000000, -1.000000000000000000 ) ) ;
#844 = CARTESIAN_POINT ( 'NONE',  ( -84.49999999999998579, -8.000000000000000000, 9.000000000000000000 ) ) ;
#845 = AXIS2_PLACEMENT_3D ( 'NONE', #3531, #912, #5442 ) ;
#846 = DIRECTION ( 'NONE',  ( 0.000000000000000000, -0.7071067811865432429, -0.7071067811865517916 ) ) ;
#847 = VERTEX_POINT ( 'NONE', #3385 ) ;
#848 = ORIENTED_EDGE ( 'NONE', *, *, #2771, .F. ) ;
#849 = EDGE_LOOP ( 'NONE', ( #2459, #3884, #5439 ) ) ;
#850 = EDGE_CURVE ( 'NONE', #1425, #5773, #4858, .T. ) ;
#851 = LINE ( 'NONE', #1371, #2962 ) ;
#852 = LINE ( 'NONE', #2578, #5352 ) ;
#853 = CARTESIAN_POINT ( 'NONE',  ( 54.40000000000000568, -24.10000000000000142, 10.00000000000000000 ) ) ;
#854 = ORIENTED_EDGE ( 'NONE', *, *, #5535, .F. ) ;
#855 = ORIENTED_EDGE ( 'NONE', *, *, #5559, .F. ) ;
#856 = CARTESIAN_POINT ( 'NONE',  ( 47.33740027002946960, -1.837400270029593496, 0.6625997299704065036 ) ) ;
#857 = EDGE_CURVE ( 'NONE', #5649, #50, #5651, .T. ) ;
#858 = CARTESIAN_POINT ( 'NONE',  ( 0.000000000000000000, -9.399999999999998579, 10.00000000000000000 ) ) ;
#859 = DIRECTION ( 'NONE',  ( 0.000000000000000000, 0.000000000000000000, 1.000000000000000000 ) ) ;
#860 = DIRECTION ( 'NONE',  ( 0.000000000000000000, -1.000000000000000000, 0.000000000000000000 ) ) ;
#861 = ORIENTED_EDGE ( 'NONE', *, *, #5555, .F. ) ;
#862 = FACE_OUTER_BOUND ( 'NONE', #5628, .T. ) ;
#863 = VERTEX_POINT ( 'NONE', #1213 ) ;
#864 = ORIENTED_EDGE ( 'NONE', *, *, #4515, .F. ) ;
#865 = CARTESIAN_POINT ( 'NONE',  ( -84.49999999999998579, -8.000000000000000000, 1.000000000000000888 ) ) ;
#866 = FACE_OUTER_BOUND ( 'NONE', #2810, .T. ) ;
#867 = CARTESIAN_POINT ( 'NONE',  ( 23.99999999999998579, 0.000000000000000000, 0.000000000000000000 ) ) ;
#868 = EDGE_CURVE ( 'NONE', #4003, #3872, #3796, .T. ) ;
#869 = CARTESIAN_POINT ( 'NONE',  ( 0.000000000000000000, -23.60000000000000142, 0.000000000000000000 ) ) ;
#870 = DIRECTION ( 'NONE',  ( -1.000000000000000000, 0.000000000000000000, 0.000000000000000000 ) ) ;
#871 = CARTESIAN_POINT ( 'NONE',  ( -0.000000000000000000, -23.60000000000000142, 0.000000000000000000 ) ) ;
#872 = DIRECTION ( 'NONE',  ( -1.000000000000000000, 0.000000000000000000, 0.000000000000000000 ) ) ;
#873 = ORIENTED_EDGE ( 'NONE', *, *, #4330, .T. ) ;
#874 = EDGE_CURVE ( 'NONE', #2832, #451, #61, .T. ) ;
#875 = ORIENTED_EDGE ( 'NONE', *, *, #1222, .F. ) ;
#876 = CYLINDRICAL_SURFACE ( 'NONE', #3909, 1.549999999999968070 ) ;
#877 = LINE ( 'NONE', #1374, #3184 ) ;
#878 = CYLINDRICAL_SURFACE ( 'NONE', #441, 1.549999999999999822 ) ;
#879 = ORIENTED_EDGE ( 'NONE', *, *, #778, .F. ) ;
#880 = DIRECTION ( 'NONE',  ( 1.000000000000000000, 0.000000000000000000, 0.000000000000000000 ) ) ;
#881 = LINE ( 'NONE', #3139, #3650 ) ;
#882 = PLANE ( 'NONE',  #3852 ) ;
#883 = DIRECTION ( 'NONE',  ( -1.000000000000000000, 0.000000000000000000, 0.000000000000000000 ) ) ;
#884 = EDGE_CURVE ( 'NONE', #5361, #4888, #977, .T. ) ;
#885 = ORIENTED_EDGE ( 'NONE', *, *, #2102, .T. ) ;
#886 = CARTESIAN_POINT ( 'NONE',  ( 71.60000000000000853, 0.000000000000000000, 0.000000000000000000 ) ) ;
#887 = EDGE_LOOP ( 'NONE', ( #3801, #1966, #2403, #1115 ) ) ;
#888 = PLANE ( 'NONE',  #812 ) ;
#889 = ADVANCED_FACE ( 'NONE', ( #3714 ), #4513, .F. ) ;
#890 = DIRECTION ( 'NONE',  ( -0.000000000000000000, -0.000000000000000000, -1.000000000000000000 ) ) ;
#891 = DIRECTION ( 'NONE',  ( -0.000000000000000000, -0.000000000000000000, -1.000000000000000000 ) ) ;
#892 = CYLINDRICAL_SURFACE ( 'NONE', #336, 14.99999999999997868 ) ;
#893 = VECTOR ( 'NONE', #3938, 1000.000000000000000 ) ;
#894 = PLANE ( 'NONE',  #819 ) ;
#895 = EDGE_CURVE ( 'NONE', #1386, #3086, #1421, .T. ) ;
#896 = CARTESIAN_POINT ( 'NONE',  ( -99.80000000000001137, -8.400000000000005684, 0.000000000000000000 ) ) ;
#897 = VERTEX_POINT ( 'NONE', #5509 ) ;
#898 = VECTOR ( 'NONE', #3051, 1000.000000000000000 ) ;
#899 = ORIENTED_EDGE ( 'NONE', *, *, #2340, .T. ) ;
#900 = ORIENTED_EDGE ( 'NONE', *, *, #5302, .T. ) ;
#901 = FACE_OUTER_BOUND ( 'NONE', #4022, .T. ) ;
#902 = CARTESIAN_POINT ( 'NONE',  ( 69.10000000000000853, -7.432859924887909031, 10.00000000000000000 ) ) ;
#903 = AXIS2_PLACEMENT_3D ( 'NONE', #3320, #228, #2032 ) ;
#904 = VECTOR ( 'NONE', #3510, 1000.000000000000000 ) ;
#905 = EDGE_CURVE ( 'NONE', #3685, #3496, #4388, .T. ) ;
#906 = CARTESIAN_POINT ( 'NONE',  ( -84.49999999999998579, -8.000000000000000000, 1.000000000000000888 ) ) ;
#907 = CARTESIAN_POINT ( 'NONE',  ( -97.80000000000001137, -24.10000000000000497, 10.00000000000000000 ) ) ;
#908 = ORIENTED_EDGE ( 'NONE', *, *, #5112, .F. ) ;
#909 = LINE ( 'NONE', #3174, #3434 ) ;
#910 = VECTOR ( 'NONE', #4535, 1000.000000000000000 ) ;
#911 = CARTESIAN_POINT ( 'NONE',  ( -95.80000000000001137, -24.59999999999999787, 0.000000000000000000 ) ) ;
#912 = DIRECTION ( 'NONE',  ( -0.000000000000000000, -0.000000000000000000, -1.000000000000000000 ) ) ;
#913 = CONICAL_SURFACE ( 'NONE', #1557, 14.00000000000001243, 0.7853981633974346233 ) ;
#914 = EDGE_LOOP ( 'NONE', ( #963, #2908, #1238, #3755 ) ) ;
#915 = CIRCLE ( 'NONE', #5697, 1.549999999999999822 ) ;
#916 = CARTESIAN_POINT ( 'NONE',  ( 0.000000000000000000, -33.00000000000000000, 0.000000000000000000 ) ) ;
#917 = ORIENTED_EDGE ( 'NONE', *, *, #4701, .F. ) ;
#918 = CYLINDRICAL_SURFACE ( 'NONE', #3731, 15.00000000000001421 ) ;
#919 = EDGE_CURVE ( 'NONE', #4728, #4812, #2330, .T. ) ;
#920 = ORIENTED_EDGE ( 'NONE', *, *, #3667, .T. ) ;
#921 = LINE ( 'NONE', #2717, #1556 ) ;
#922 = DIRECTION ( 'NONE',  ( 0.000000000000000000, -1.000000000000000000, 0.000000000000000000 ) ) ;
#923 = LINE ( 'NONE', #5005, #610 ) ;
#924 = EDGE_CURVE ( 'NONE', #5228, #1537, #4567, .T. ) ;
#925 = AXIS2_PLACEMENT_3D ( 'NONE', #1978, #5566, #1536 ) ;
#926 = LINE ( 'NONE', #2601, #3253 ) ;
#927 = LINE ( 'NONE', #871, #5222 ) ;
#928 = DIRECTION ( 'NONE',  ( -0.000000000000000000, -0.000000000000000000, -1.000000000000000000 ) ) ;
#929 = ORIENTED_EDGE ( 'NONE', *, *, #5786, .T. ) ;
#930 = AXIS2_PLACEMENT_3D ( 'NONE', #4114, #551, #3202 ) ;
#931 = ORIENTED_EDGE ( 'NONE', *, *, #1925, .F. ) ;
#932 = VERTEX_POINT ( 'NONE', #534 ) ;
#933 = EDGE_CURVE ( 'NONE', #4711, #2946, #3668, .T. ) ;
#934 = VECTOR ( 'NONE', #3648, 1000.000000000000000 ) ;
#935 = LINE ( 'NONE', #3611, #5410 ) ;
#936 = CARTESIAN_POINT ( 'NONE',  ( 24.00000000000003197, -39.50000000000000711, 10.00000000000000000 ) ) ;
#937 = DIRECTION ( 'NONE',  ( -0.000000000000000000, 0.000000000000000000, 1.000000000000000000 ) ) ;
#938 = ORIENTED_EDGE ( 'NONE', *, *, #580, .T. ) ;
#939 = DIRECTION ( 'NONE',  ( -0.000000000000000000, -0.000000000000000000, -1.000000000000000000 ) ) ;
#940 = ADVANCED_FACE ( 'NONE', ( #4537 ), #1461, .F. ) ;
#941 = FACE_OUTER_BOUND ( 'NONE', #3364, .T. ) ;
#942 = CARTESIAN_POINT ( 'NONE',  ( 0.000000000000000000, -6.900000000000000355, 0.000000000000000000 ) ) ;
#943 = ORIENTED_EDGE ( 'NONE', *, *, #1360, .T. ) ;
#944 = VERTEX_POINT ( 'NONE', #1891 ) ;
#945 = LINE ( 'NONE', #5472, #2311 ) ;
#946 = VERTEX_POINT ( 'NONE', #1865 ) ;
#947 = PLANE ( 'NONE',  #4118 ) ;
#948 = ORIENTED_EDGE ( 'NONE', *, *, #1027, .T. ) ;
#949 = PLANE ( 'NONE',  #5784 ) ;
#950 = CARTESIAN_POINT ( 'NONE',  ( 0.000000000000000000, -26.10000000000000142, 10.00000000000000000 ) ) ;
#951 = CARTESIAN_POINT ( 'NONE',  ( 32.99999999999998579, -39.50000000000000711, 9.000000000000031974 ) ) ;
#952 = CARTESIAN_POINT ( 'NONE',  ( 69.60000000000002274, -24.09999999999999787, 10.00000000000000000 ) ) ;
#953 = ADVANCED_FACE ( 'NONE', ( #5481 ), #724, .T. ) ;
#954 = VERTEX_POINT ( 'NONE', #1483 ) ;
#955 = ADVANCED_FACE ( 'NONE', ( #5071 ), #4599, .F. ) ;
#956 = VERTEX_POINT ( 'NONE', #1011 ) ;
#957 = ORIENTED_EDGE ( 'NONE', *, *, #3693, .F. ) ;
#958 = CARTESIAN_POINT ( 'NONE',  ( 55.86714007511208990, -8.400000000000000355, 10.00000000000000000 ) ) ;
#959 = CARTESIAN_POINT ( 'NONE',  ( 0.000000000000000000, -33.00000000000000000, 3.000000000000000000 ) ) ;
#960 = DIRECTION ( 'NONE',  ( 0.000000000000000000, -1.000000000000000000, 0.000000000000000000 ) ) ;
#961 = EDGE_CURVE ( 'NONE', #1678, #3392, #1038, .T. ) ;
#962 = CARTESIAN_POINT ( 'NONE',  ( 48.99999999999999289, -16.49999999999998579, 9.000000000000000000 ) ) ;
#963 = ORIENTED_EDGE ( 'NONE', *, *, #2906, .T. ) ;
#964 = CARTESIAN_POINT ( 'NONE',  ( -99.26714007511212401, -23.59999999999999432, 0.000000000000000000 ) ) ;
#965 = DIRECTION ( 'NONE',  ( -0.000000000000000000, -0.000000000000000000, -1.000000000000000000 ) ) ;
#966 = LINE ( 'NONE', #5760, #2337 ) ;
#967 = DIRECTION ( 'NONE',  ( 0.000000000000000000, 1.000000000000000000, -0.000000000000000000 ) ) ;
#968 = ADVANCED_FACE ( 'NONE', ( #2357 ), #3299, .F. ) ;
#969 = ORIENTED_EDGE ( 'NONE', *, *, #2612, .F. ) ;
#970 = DIRECTION ( 'NONE',  ( 0.7071067811865463515, 8.659560562354918067E-17, -0.7071067811865487940 ) ) ;
#971 = ORIENTED_EDGE ( 'NONE', *, *, #117, .F. ) ;
#972 = EDGE_CURVE ( 'NONE', #2347, #3311, #588, .T. ) ;
#973 = DIRECTION ( 'NONE',  ( 0.000000000000000000, -1.000000000000000000, 0.000000000000000000 ) ) ;
#974 = CARTESIAN_POINT ( 'NONE',  ( -97.80000000000001137, -8.900000000000000355, 0.000000000000000000 ) ) ;
#975 = ORIENTED_EDGE ( 'NONE', *, *, #2054, .F. ) ;
#976 = DIRECTION ( 'NONE',  ( 1.000000000000000000, 0.000000000000000000, 0.000000000000000000 ) ) ;
#977 = LINE ( 'NONE', #2806, #1480 ) ;
#978 = LINE ( 'NONE', #3580, #69 ) ;
#979 = ORIENTED_EDGE ( 'NONE', *, *, #4368, .F. ) ;
#980 = VERTEX_POINT ( 'NONE', #5094 ) ;
#981 = ORIENTED_EDGE ( 'NONE', *, *, #1964, .T. ) ;
#982 = CARTESIAN_POINT ( 'NONE',  ( 69.10000000000000853, -7.432859924887909031, 10.00000000000000000 ) ) ;
#983 = EDGE_CURVE ( 'NONE', #1370, #2046, #147, .T. ) ;
#984 = DIRECTION ( 'NONE',  ( 0.000000000000000000, -1.000000000000000000, 0.000000000000000000 ) ) ;
#985 = VECTOR ( 'NONE', #2818, 1000.000000000000000 ) ;
#986 = LINE ( 'NONE', #4928, #2721 ) ;
#987 = ORIENTED_EDGE ( 'NONE', *, *, #1334, .T. ) ;
#988 = DIRECTION ( 'NONE',  ( 0.000000000000000000, 1.000000000000000000, -0.000000000000000000 ) ) ;
#989 = ORIENTED_EDGE ( 'NONE', *, *, #752, .F. ) ;
#990 = FACE_BOUND ( 'NONE', #4999, .T. ) ;
#991 = CARTESIAN_POINT ( 'NONE',  ( 16.66666666666666075, -33.16666666666666430, -7.333333333333328596 ) ) ;
#992 = VECTOR ( 'NONE', #4137, 1000.000000000000000 ) ;
#993 = EDGE_CURVE ( 'NONE', #1501, #3594, #4576, .T. ) ;
#994 = DIRECTION ( 'NONE',  ( 1.000000000000000000, 0.000000000000000000, 0.000000000000000000 ) ) ;
#995 = CONICAL_SURFACE ( 'NONE', #2495, 9.500000000000008882, 0.7853981633974482790 ) ;
#996 = EDGE_LOOP ( 'NONE', ( #3044, #5656, #1673, #1505 ) ) ;
#997 = VECTOR ( 'NONE', #5486, 1000.000000000000000 ) ;
#998 = DIRECTION ( 'NONE',  ( -0.000000000000000000, -0.000000000000000000, -1.000000000000000000 ) ) ;
#999 = DIRECTION ( 'NONE',  ( -0.000000000000000000, -0.000000000000000000, 1.000000000000000000 ) ) ;
#1000 = EDGE_CURVE ( 'NONE', #2946, #4716, #2094, .T. ) ;
#1001 = ORIENTED_EDGE ( 'NONE', *, *, #4809, .F. ) ;
#1002 = VECTOR ( 'NONE', #2602, 1000.000000000000114 ) ;
#1003 = VECTOR ( 'NONE', #3689, 1000.000000000000000 ) ;
#1004 = DIRECTION ( 'NONE',  ( -0.000000000000000000, -0.000000000000000000, -1.000000000000000000 ) ) ;
#1005 = AXIS2_PLACEMENT_3D ( 'NONE', #3889, #2972, #2566 ) ;
#1007 = AXIS2_PLACEMENT_3D ( 'NONE', #260, #314, #4765 ) ;
#1006 = LINE ( 'NONE', #2683, #2869 ) ;
#1008 = ADVANCED_FACE ( 'NONE', ( #4214 ), #1534, .T. ) ;
#1009 = CARTESIAN_POINT ( 'NONE',  ( 3.250000000000000888, -33.00000000000000000, 0.000000000000000000 ) ) ;
#1010 = AXIS2_PLACEMENT_3D ( 'NONE', #730, #3047, #823 ) ;
#1011 = CARTESIAN_POINT ( 'NONE',  ( -97.30000000000001137, -10.36714007511211832, 0.000000000000000000 ) ) ;
#1012 = VECTOR ( 'NONE', #2619, 1000.000000000000000 ) ;
#1013 = CARTESIAN_POINT ( 'NONE',  ( 76.99999999999997158, -1.500000000000007327, 1.000000000000000888 ) ) ;
#1014 = ORIENTED_EDGE ( 'NONE', *, *, #3471, .F. ) ;
#1015 = ORIENTED_EDGE ( 'NONE', *, *, #608, .F. ) ;
#1016 = DIRECTION ( 'NONE',  ( -0.000000000000000000, 0.000000000000000000, -1.000000000000000000 ) ) ;
#1017 = LINE ( 'NONE', #3647, #4473 ) ;
#1018 = VECTOR ( 'NONE', #5364, 1000.000000000000000 ) ;
#1019 = CARTESIAN_POINT ( 'NONE',  ( 67.60000000000000853, 0.000000000000000000, 10.00000000000000000 ) ) ;
#1020 = ORIENTED_EDGE ( 'NONE', *, *, #2248, .T. ) ;
#1021 = CARTESIAN_POINT ( 'NONE',  ( -99.80000000000001137, 0.000000000000000000, 10.00000000000000000 ) ) ;
#1022 = EDGE_LOOP ( 'NONE', ( #2265, #5758, #3105, #864 ) ) ;
#1023 = CARTESIAN_POINT ( 'NONE',  ( 48.03575995623103978, -30.50000000000003553, 0.000000000000000000 ) ) ;
#1024 = AXIS2_PLACEMENT_3D ( 'NONE', #5107, #5612, #3340 ) ;
#1025 = DIRECTION ( 'NONE',  ( -0.7071067811865475727, 0.000000000000000000, 0.7071067811865475727 ) ) ;
#1026 = AXIS2_PLACEMENT_3D ( 'NONE', #822, #2141, #2614 ) ;
#1027 = EDGE_CURVE ( 'NONE', #489, #5730, #2210, .T. ) ;
#1028 = VERTEX_POINT ( 'NONE', #619 ) ;
#1029 = LINE ( 'NONE', #5110, #2295 ) ;
#1030 = EDGE_CURVE ( 'NONE', #3717, #5637, #4324, .T. ) ;
#1031 = DIRECTION ( 'NONE',  ( 0.000000000000000000, 0.000000000000000000, -1.000000000000000000 ) ) ;
#1032 = EDGE_LOOP ( 'NONE', ( #1819, #3006, #879, #1804 ) ) ;
#1033 = PLANE ( 'NONE',  #2510 ) ;
#1034 = ADVANCED_FACE ( 'NONE', ( #1593 ), #1622, .T. ) ;
#1035 = CARTESIAN_POINT ( 'NONE',  ( -84.49999999999998579, -8.000000000000000000, 9.000000000000000000 ) ) ;
#1036 = VERTEX_POINT ( 'NONE', #5243 ) ;
#1037 = DIRECTION ( 'NONE',  ( -0.000000000000000000, 0.000000000000000000, 1.000000000000000000 ) ) ;
#1038 = LINE ( 'NONE', #30, #531 ) ;
#1039 = FACE_OUTER_BOUND ( 'NONE', #4431, .T. ) ;
#1040 = ADVANCED_FACE ( 'NONE', ( #3774 ), #5681, .T. ) ;
#1041 = VERTEX_POINT ( 'NONE', #3413 ) ;
#1042 = ORIENTED_EDGE ( 'NONE', *, *, #2340, .F. ) ;
#1043 = CARTESIAN_POINT ( 'NONE',  ( 71.60000000000000853, 0.000000000000000000, 10.00000000000000000 ) ) ;
#1044 = FACE_OUTER_BOUND ( 'NONE', #5578, .T. ) ;
#1045 = CARTESIAN_POINT ( 'NONE',  ( -24.00000000000001421, -40.49999999999999289, 0.000000000000000000 ) ) ;
#1046 = EDGE_CURVE ( 'NONE', #3398, #5333, #2703, .T. ) ;
#1047 = VERTEX_POINT ( 'NONE', #261 ) ;
#1048 = CARTESIAN_POINT ( 'NONE',  ( 54.90000000000000568, 0.000000000000000000, 10.00000000000000000 ) ) ;
#1049 = ORIENTED_EDGE ( 'NONE', *, *, #2151, .T. ) ;
#1050 = CARTESIAN_POINT ( 'NONE',  ( -25.00000000000001421, -41.49999999999999289, 9.000000000000067502 ) ) ;
#1051 = VECTOR ( 'NONE', #2469, 1000.000000000000000 ) ;
#1052 = CARTESIAN_POINT ( 'NONE',  ( 54.90000000000000568, -22.63285992488791365, 0.000000000000000000 ) ) ;
#1053 = VERTEX_POINT ( 'NONE', #5625 ) ;
#1054 = ORIENTED_EDGE ( 'NONE', *, *, #2801, .F. ) ;
#1055 = DIRECTION ( 'NONE',  ( 0.000000000000000000, -0.7071067811865420216, 0.7071067811865531239 ) ) ;
#1056 = DIRECTION ( 'NONE',  ( 0.000000000000000000, -1.000000000000000000, 0.000000000000000000 ) ) ;
#1057 = ORIENTED_EDGE ( 'NONE', *, *, #4445, .T. ) ;
#1058 = EDGE_CURVE ( 'NONE', #1205, #4987, #3861, .T. ) ;
#1059 = CARTESIAN_POINT ( 'NONE',  ( 54.90000000000000568, 0.000000000000000000, 0.000000000000000000 ) ) ;
#1060 = DIRECTION ( 'NONE',  ( 0.000000000000000000, 1.000000000000000000, 0.000000000000000000 ) ) ;
#1061 = CARTESIAN_POINT ( 'NONE',  ( -98.30000000000001137, -22.63285992488788523, 10.00000000000000000 ) ) ;
#1062 = EDGE_CURVE ( 'NONE', #2046, #2150, #3356, .T. ) ;
#1063 = CARTESIAN_POINT ( 'NONE',  ( 32.99999999999998579, 6.499999999999992006, 1.000000000000000888 ) ) ;
#1064 = CARTESIAN_POINT ( 'NONE',  ( 62.00000000000000000, -31.50000000000000711, 0.000000000000000000 ) ) ;
#1065 = ORIENTED_EDGE ( 'NONE', *, *, #1562, .T. ) ;
#1066 = VERTEX_POINT ( 'NONE', #649 ) ;
#1067 = DIRECTION ( 'NONE',  ( 0.000000000000000000, -1.000000000000000000, 0.000000000000000000 ) ) ;
#1068 = EDGE_CURVE ( 'NONE', #4309, #4372, #3646, .T. ) ;
#1069 = ADVANCED_FACE ( 'NONE', ( #1177 ), #3725, .T. ) ;
#1070 = DIRECTION ( 'NONE',  ( 0.000000000000000000, -0.000000000000000000, -1.000000000000000000 ) ) ;
#1071 = CARTESIAN_POINT ( 'NONE',  ( -97.80000000000001137, -24.10000000000000497, 0.000000000000000000 ) ) ;
#1072 = VERTEX_POINT ( 'NONE', #4706 ) ;
#1073 = ORIENTED_EDGE ( 'NONE', *, *, #189, .F. ) ;
#1074 = CARTESIAN_POINT ( 'NONE',  ( 53.90000000000000568, 0.000000000000000000, 10.00000000000000000 ) ) ;
#1075 = VERTEX_POINT ( 'NONE', #1566 ) ;
#1076 = ADVANCED_FACE ( 'NONE', ( #201, #4264 ), #3448, .T. ) ;
#1077 = AXIS2_PLACEMENT_3D ( 'NONE', #5142, #3228, #4205 ) ;
#1078 = CARTESIAN_POINT ( 'NONE',  ( 47.00000000000001421, -1.500000000000008216, 1.000000000000000888 ) ) ;
#1079 = ORIENTED_EDGE ( 'NONE', *, *, #2209, .T. ) ;
#1080 = ORIENTED_EDGE ( 'NONE', *, *, #4021, .F. ) ;
#1081 = PLANE ( 'NONE',  #801 ) ;
#1082 = VECTOR ( 'NONE', #3034, 1000.000000000000000 ) ;
#1083 = ORIENTED_EDGE ( 'NONE', *, *, #2960, .F. ) ;
#1084 = DIRECTION ( 'NONE',  ( 0.000000000000000000, 0.7071067811865475727, 0.7071067811865475727 ) ) ;
#1085 = ORIENTED_EDGE ( 'NONE', *, *, #1609, .T. ) ;
#1086 = VECTOR ( 'NONE', #1391, 1000.000000000000000 ) ;
#1087 = CONICAL_SURFACE ( 'NONE', #2305, 8.999999999999973355, 0.7853981633974346233 ) ;
#1088 = VECTOR ( 'NONE', #2570, 1000.000000000000000 ) ;
#1089 = CARTESIAN_POINT ( 'NONE',  ( 54.40000000000000568, -8.900000000000000355, 10.00000000000000000 ) ) ;
#1090 = EDGE_CURVE ( 'NONE', #3466, #5592, #2004, .T. ) ;
#1091 = VECTOR ( 'NONE', #1031, 1000.000000000000000 ) ;
#1092 = AXIS2_PLACEMENT_3D ( 'NONE', #2246, #2161, #3960 ) ;
#1093 = AXIS2_PLACEMENT_3D ( 'NONE', #3604, #5745, #870 ) ;
#1094 = LINE ( 'NONE', #4352, #3719 ) ;
#1095 = DIRECTION ( 'NONE',  ( -1.000000000000000000, 0.000000000000000000, 0.000000000000000000 ) ) ;
#1096 = CARTESIAN_POINT ( 'NONE',  ( -97.30000000000001137, 0.000000000000000000, 0.000000000000000000 ) ) ;
#1097 = CIRCLE ( 'NONE', #2226, 14.00000000000001243 ) ;
#1098 = VECTOR ( 'NONE', #1149, 1000.000000000000000 ) ;
#1099 = ORIENTED_EDGE ( 'NONE', *, *, #5638, .F. ) ;
#1100 = EDGE_CURVE ( 'NONE', #954, #2022, #2468, .T. ) ;
#1101 = CARTESIAN_POINT ( 'NONE',  ( -95.80000000000001137, -24.59999999999999787, 10.00000000000000000 ) ) ;
#1102 = VERTEX_POINT ( 'NONE', #705 ) ;
#1103 = VERTEX_POINT ( 'NONE', #5652 ) ;
#1104 = LINE ( 'NONE', #2385, #1380 ) ;
#1105 = VECTOR ( 'NONE', #965, 1000.000000000000000 ) ;
#1106 = DIRECTION ( 'NONE',  ( -0.000000000000000000, 0.000000000000000000, 1.000000000000000000 ) ) ;
#1107 = CARTESIAN_POINT ( 'NONE',  ( 47.00000000000002132, -1.500000000000008216, 8.999999999999996447 ) ) ;
#1108 = EDGE_LOOP ( 'NONE', ( #4822, #5164, #1596, #900 ) ) ;
#1109 = AXIS2_PLACEMENT_3D ( 'NONE', #150, #1916, #5153 ) ;
#1110 = EDGE_CURVE ( 'NONE', #2228, #3633, #2396, .T. ) ;
#1111 = ORIENTED_EDGE ( 'NONE', *, *, #3036, .T. ) ;
#1112 = DIRECTION ( 'NONE',  ( -1.000000000000000000, 0.000000000000000000, 0.000000000000000000 ) ) ;
#1113 = CARTESIAN_POINT ( 'NONE',  ( -24.00000000000001421, -39.50000000000000000, 0.000000000000000000 ) ) ;
#1114 = ADVANCED_FACE ( 'NONE', ( #2155 ), #3541, .F. ) ;
#1115 = ORIENTED_EDGE ( 'NONE', *, *, #3508, .F. ) ;
#1116 = AXIS2_PLACEMENT_3D ( 'NONE', #916, #47, #2710 ) ;
#1117 = ORIENTED_EDGE ( 'NONE', *, *, #4220, .F. ) ;
#1118 = DIRECTION ( 'NONE',  ( -0.000000000000000000, 0.000000000000000000, -1.000000000000000000 ) ) ;
#1119 = LINE ( 'NONE', #3768, #3066 ) ;
#1120 = ORIENTED_EDGE ( 'NONE', *, *, #5408, .T. ) ;
#1121 = CIRCLE ( 'NONE', #1026, 1.549999999999968070 ) ;
#1122 = EDGE_LOOP ( 'NONE', ( #454, #5344, #1543, #1457 ) ) ;
#1123 = EDGE_CURVE ( 'NONE', #2757, #273, #3483, .T. ) ;
#1124 = ORIENTED_EDGE ( 'NONE', *, *, #895, .F. ) ;
#1125 = DIRECTION ( 'NONE',  ( 1.000000000000000000, 0.000000000000000000, 0.000000000000000000 ) ) ;
#1126 = DIRECTION ( 'NONE',  ( 1.000000000000000000, 0.000000000000000000, 0.000000000000000000 ) ) ;
#1127 = CARTESIAN_POINT ( 'NONE',  ( 0.000000000000000000, -24.60000000000000497, 0.000000000000000000 ) ) ;
#1128 = CARTESIAN_POINT ( 'NONE',  ( -0.000000000000000000, -6.899999999999999467, 0.000000000000000000 ) ) ;
#1129 = LINE ( 'NONE', #1485, #3357 ) ;
#1130 = VERTEX_POINT ( 'NONE', #1243 ) ;
#1131 = FACE_BOUND ( 'NONE', #5670, .T. ) ;
#1132 = ORIENTED_EDGE ( 'NONE', *, *, #4103, .T. ) ;
#1133 = ORIENTED_EDGE ( 'NONE', *, *, #5718, .T. ) ;
#1134 = FACE_OUTER_BOUND ( 'NONE', #5470, .T. ) ;
#1135 = DIRECTION ( 'NONE',  ( 1.000000000000000000, 0.000000000000000000, 0.000000000000000000 ) ) ;
#1136 = CARTESIAN_POINT ( 'NONE',  ( -98.30000000000001137, 0.000000000000000000, 10.00000000000000000 ) ) ;
#1137 = VERTEX_POINT ( 'NONE', #865 ) ;
#1138 = ORIENTED_EDGE ( 'NONE', *, *, #3376, .F. ) ;
#1139 = DIRECTION ( 'NONE',  ( -0.000000000000000000, -0.000000000000000000, -1.000000000000000000 ) ) ;
#1140 = EDGE_CURVE ( 'NONE', #4614, #5730, #2654, .T. ) ;
#1141 = DIRECTION ( 'NONE',  ( 1.000000000000000000, 2.238352872228144383E-15, 0.000000000000000000 ) ) ;
#1142 = ORIENTED_EDGE ( 'NONE', *, *, #2250, .T. ) ;
#1143 = VERTEX_POINT ( 'NONE', #5766 ) ;
#1144 = CYLINDRICAL_SURFACE ( 'NONE', #4468, 3.250000000000000888 ) ;
#1145 = DIRECTION ( 'NONE',  ( 1.000000000000000000, 0.000000000000000000, 0.000000000000000000 ) ) ;
#1146 = EDGE_CURVE ( 'NONE', #5647, #4716, #2628, .T. ) ;
#1147 = ORIENTED_EDGE ( 'NONE', *, *, #3772, .F. ) ;
#1148 = LINE ( 'NONE', #2827, #2493 ) ;
#1149 = DIRECTION ( 'NONE',  ( -0.000000000000000000, -0.000000000000000000, -1.000000000000000000 ) ) ;
#1150 = DIRECTION ( 'NONE',  ( 0.000000000000000000, -0.000000000000000000, -1.000000000000000000 ) ) ;
#1151 = PRODUCT ( 'P5 Panel LRS-100-5 Mount', 'P5 Panel LRS-100-5 Mount', '', ( #1273 ) ) ;
#1152 = CARTESIAN_POINT ( 'NONE',  ( 47.00000000000001421, -1.500000000000008216, 8.999999999999996447 ) ) ;
#1153 = FACE_OUTER_BOUND ( 'NONE', #1734, .T. ) ;
#1154 = DIRECTION ( 'NONE',  ( 1.000000000000000000, 0.000000000000000000, 0.000000000000000000 ) ) ;
#1155 = ORIENTED_EDGE ( 'NONE', *, *, #1995, .F. ) ;
#1156 = ORIENTED_EDGE ( 'NONE', *, *, #248, .F. ) ;
#1157 = DIRECTION ( 'NONE',  ( -0.000000000000000000, -0.000000000000000000, 1.000000000000000000 ) ) ;
#1158 = CARTESIAN_POINT ( 'NONE',  ( 0.000000000000000000, -1.500000000000001332, 9.000000000000067502 ) ) ;
#1159 = LINE ( 'NONE', #781, #4665 ) ;
#1160 = VERTEX_POINT ( 'NONE', #4039 ) ;
#1161 = ORIENTED_EDGE ( 'NONE', *, *, #5383, .F. ) ;
#1162 = DIRECTION ( 'NONE',  ( -0.000000000000000000, -0.000000000000000000, -1.000000000000000000 ) ) ;
#1163 = EDGE_CURVE ( 'NONE', #2638, #4888, #5334, .T. ) ;
#1164 = LINE ( 'NONE', #1965, #4506 ) ;
#1165 = CARTESIAN_POINT ( 'NONE',  ( 68.13285992488792431, -9.399999999999998579, 0.000000000000000000 ) ) ;
#1166 = ORIENTED_EDGE ( 'NONE', *, *, #3603, .T. ) ;
#1167 = ORIENTED_EDGE ( 'NONE', *, *, #2146, .T. ) ;
#1168 = DIRECTION ( 'NONE',  ( 0.000000000000000000, 0.000000000000000000, -1.000000000000000000 ) ) ;
#1169 = EDGE_CURVE ( 'NONE', #1706, #1320, #1336, .T. ) ;
#1170 = CARTESIAN_POINT ( 'NONE',  ( 69.60000000000002274, -24.09999999999999787, 10.00000000000000000 ) ) ;
#1171 = ADVANCED_FACE ( 'NONE', ( #5740 ), #1935, .T. ) ;
#1172 = ORIENTED_EDGE ( 'NONE', *, *, #5184, .T. ) ;
#1173 = DIRECTION ( 'NONE',  ( -1.000000000000000000, 0.000000000000000000, -0.000000000000000000 ) ) ;
#1174 = LINE ( 'NONE', #4237, #3172 ) ;
#1175 = AXIS2_PLACEMENT_3D ( 'NONE', #252, #5672, #1642 ) ;
#1176 = AXIS2_PLACEMENT_3D ( 'NONE', #4731, #2855, #3323 ) ;
#1177 = FACE_OUTER_BOUND ( 'NONE', #293, .T. ) ;
#1178 = DIRECTION ( 'NONE',  ( 0.000000000000000000, 1.000000000000000000, -0.000000000000000000 ) ) ;
#1179 = CARTESIAN_POINT ( 'NONE',  ( -33.00000000000001421, -1.500000000000001332, 9.000000000000067502 ) ) ;
#1180 = CIRCLE ( 'NONE', #4187, 3.250000000000000888 ) ;
#1181 = VECTOR ( 'NONE', #1309, 1000.000000000000000 ) ;
#1182 = EDGE_CURVE ( 'NONE', #2637, #3133, #1465, .T. ) ;
#1184 = AXIS2_PLACEMENT_3D ( 'NONE', #3645, #1790, #3610 ) ;
#1183 = DIRECTION ( 'NONE',  ( 0.000000000000000000, -0.000000000000000000, -1.000000000000000000 ) ) ;
#1185 = VERTEX_POINT ( 'NONE', #4797 ) ;
#1186 = VERTEX_POINT ( 'NONE', #5273 ) ;
#1187 = DIRECTION ( 'NONE',  ( 0.000000000000000000, -0.000000000000000000, -1.000000000000000000 ) ) ;
#1188 = FACE_OUTER_BOUND ( 'NONE', #1426, .T. ) ;
#1189 = AXIS2_PLACEMENT_3D ( 'NONE', #702, #5270, #1712 ) ;
#1190 = VECTOR ( 'NONE', #2814, 1000.000000000000000 ) ;
#1191 = LINE ( 'NONE', #4430, #3071 ) ;
#1192 = VERTEX_POINT ( 'NONE', #4449 ) ;
#1193 = ORIENTED_EDGE ( 'NONE', *, *, #3219, .F. ) ;
#1194 = DIRECTION ( 'NONE',  ( 1.000000000000000000, 0.000000000000000000, 0.000000000000000000 ) ) ;
#1195 = AXIS2_PLACEMENT_3D ( 'NONE', #2536, #5241, #2441 ) ;
#1196 = ORIENTED_EDGE ( 'NONE', *, *, #3584, .F. ) ;
#1197 = DIRECTION ( 'NONE',  ( -0.000000000000000000, 0.000000000000000000, 1.000000000000000000 ) ) ;
#1198 = CARTESIAN_POINT ( 'NONE',  ( 1.550000000000000488, -33.00000000000000000, 10.00000000000000000 ) ) ;
#1199 = PRODUCT_DEFINITION ( 'UNKNOWN', '', #482, #798 ) ;
#1200 = ORIENTED_EDGE ( 'NONE', *, *, #631, .T. ) ;
#1201 = FACE_OUTER_BOUND ( 'NONE', #2474, .T. ) ;
#1202 = CARTESIAN_POINT ( 'NONE',  ( 70.10000000000000853, -6.899999999999998579, 10.00000000000000000 ) ) ;
#1203 = AXIS2_PLACEMENT_3D ( 'NONE', #2586, #5358, #348 ) ;
#1204 = VECTOR ( 'NONE', #5482, 1000.000000000000000 ) ;
#1205 = VERTEX_POINT ( 'NONE', #772 ) ;
#1206 = CARTESIAN_POINT ( 'NONE',  ( 53.90000000000000568, -26.10000000000000142, 10.00000000000000000 ) ) ;
#1207 = ADVANCED_FACE ( 'NONE', ( #837 ), #1087, .F. ) ;
#1208 = CONICAL_SURFACE ( 'NONE', #4504, 14.00000000000001243, 0.7853981633974346233 ) ;
#1209 = ORIENTED_EDGE ( 'NONE', *, *, #5030, .T. ) ;
#1210 = ORIENTED_EDGE ( 'NONE', *, *, #5068, .F. ) ;
#1211 = CARTESIAN_POINT ( 'NONE',  ( 54.90000000000000568, -26.10000000000000142, 0.000000000000000000 ) ) ;
#1212 = AXIS2_PLACEMENT_3D ( 'NONE', #3141, #3681, #4937 ) ;
#1213 = CARTESIAN_POINT ( 'NONE',  ( -33.00000000000001421, -30.50000000000000000, 0.000000000000000000 ) ) ;
#1214 = CARTESIAN_POINT ( 'NONE',  ( -112.8000000000000114, -16.50000000000000000, 10.00000000000000000 ) ) ;
#1215 = ADVANCED_FACE ( 'NONE', ( #3980 ), #3338, .F. ) ;
#1216 = CARTESIAN_POINT ( 'NONE',  ( 56.40000000000000568, -23.60000000000000142, 10.00000000000000000 ) ) ;
#1217 = CARTESIAN_POINT ( 'NONE',  ( 32.99999999999998579, -39.50000000000000711, 0.000000000000000000 ) ) ;
#1218 = FACE_OUTER_BOUND ( 'NONE', #3055, .T. ) ;
#1219 = EDGE_LOOP ( 'NONE', ( #4439, #1277, #4339, #4120, #5501, #3275, #1233, #341, #3841, #5187, #848, #1111, #1523, #1042, #3426, #4412 ) ) ;
#1220 = DIRECTION ( 'NONE',  ( 0.000000000000000000, 1.000000000000000000, -0.000000000000000000 ) ) ;
#1221 = DIRECTION ( 'NONE',  ( -0.000000000000000000, 0.000000000000000000, 1.000000000000000000 ) ) ;
#1222 = EDGE_CURVE ( 'NONE', #179, #980, #2240, .T. ) ;
#1223 = CARTESIAN_POINT ( 'NONE',  ( 1.550000000000000488, -33.00000000000000000, 10.00000000000000000 ) ) ;
#1224 = ORIENTED_EDGE ( 'NONE', *, *, #2391, .F. ) ;
#1225 = EDGE_LOOP ( 'NONE', ( #861, #3147, #2487, #4241, #4490 ) ) ;
#1226 = LINE ( 'NONE', #2481, #3804 ) ;
#1227 = EDGE_LOOP ( 'NONE', ( #1132, #5568, #1795, #3015 ) ) ;
#1228 = ORIENTED_EDGE ( 'NONE', *, *, #638, .T. ) ;
#1229 = ADVANCED_FACE ( 'NONE', ( #3124 ), #800, .T. ) ;
#1230 = DIRECTION ( 'NONE',  ( -0.5773502691896257311, -0.5773502691896257311, 0.5773502691896257311 ) ) ;
#1231 = DIRECTION ( 'NONE',  ( -0.000000000000000000, -0.000000000000000000, -1.000000000000000000 ) ) ;
#1232 = EDGE_LOOP ( 'NONE', ( #332, #3455, #1001, #2616 ) ) ;
#1233 = ORIENTED_EDGE ( 'NONE', *, *, #4304, .F. ) ;
#1234 = DIRECTION ( 'NONE',  ( 0.000000000000000000, 0.000000000000000000, 1.000000000000000000 ) ) ;
#1235 = CARTESIAN_POINT ( 'NONE',  ( 40.49999999999999289, -16.49999999999998579, 0.000000000000000000 ) ) ;
#1236 = CARTESIAN_POINT ( 'NONE',  ( 0.000000000000000000, -10.90000000000000036, 10.00000000000000000 ) ) ;
#1237 = ORIENTED_EDGE ( 'NONE', *, *, #2391, .T. ) ;
#1238 = ORIENTED_EDGE ( 'NONE', *, *, #377, .F. ) ;
#1239 = PLANE ( 'NONE',  #1189 ) ;
#1240 = EDGE_CURVE ( 'NONE', #639, #3783, #406, .T. ) ;
#1241 = EDGE_LOOP ( 'NONE', ( #4184, #299, #1209, #5194 ) ) ;
#1242 = VECTOR ( 'NONE', #4798, 1000.000000000000000 ) ;
#1243 = CARTESIAN_POINT ( 'NONE',  ( -94.00000000000000000, -16.50000000000000000, 0.000000000000000000 ) ) ;
#1244 = CARTESIAN_POINT ( 'NONE',  ( 0.000000000000000000, -23.60000000000000142, 10.00000000000000000 ) ) ;
#1245 = CARTESIAN_POINT ( 'NONE',  ( 76.99999999999998579, -31.50000000000000711, 1.000000000000000888 ) ) ;
#1246 = CARTESIAN_POINT ( 'NONE',  ( 54.90000000000000568, -25.56714007511209275, 0.000000000000000000 ) ) ;
#1247 = EDGE_LOOP ( 'NONE', ( #3333, #4229, #5113, #661 ) ) ;
#1248 = ADVANCED_FACE ( 'NONE', ( #2204 ), #4748, .T. ) ;
#1249 = CARTESIAN_POINT ( 'NONE',  ( 62.00000000000000000, -31.50000000000000711, 1.000000000000000888 ) ) ;
#1250 = DIRECTION ( 'NONE',  ( 1.000000000000000000, 0.000000000000000000, 0.000000000000000000 ) ) ;
#1251 = DIRECTION ( 'NONE',  ( 1.000000000000000000, 0.000000000000000000, 0.000000000000000000 ) ) ;
#1252 = VERTEX_POINT ( 'NONE', #3574 ) ;
#1253 = ORIENTED_EDGE ( 'NONE', *, *, #4653, .T. ) ;
#1254 = ADVANCED_FACE ( 'NONE', ( #5363 ), #888, .T. ) ;
#1255 = DIRECTION ( 'NONE',  ( 0.7071067811865378028, 0.000000000000000000, 0.7071067811865573427 ) ) ;
#1256 = EDGE_CURVE ( 'NONE', #2664, #89, #921, .T. ) ;
#1257 = ORIENTED_EDGE ( 'NONE', *, *, #5101, .F. ) ;
#1258 = DIRECTION ( 'NONE',  ( -0.000000000000000000, -0.000000000000000000, -1.000000000000000000 ) ) ;
#1259 = DIRECTION ( 'NONE',  ( -1.000000000000000000, 0.000000000000000000, -0.000000000000000000 ) ) ;
#1260 = DIRECTION ( 'NONE',  ( 1.000000000000000000, 0.000000000000000000, 0.000000000000000000 ) ) ;
#1261 = ORIENTED_EDGE ( 'NONE', *, *, #2317, .T. ) ;
#1262 = VERTEX_POINT ( 'NONE', #3148 ) ;
#1263 = DIRECTION ( 'NONE',  ( 1.000000000000000000, 0.000000000000000000, 0.000000000000000000 ) ) ;
#1264 = ADVANCED_FACE ( 'NONE', ( #4024 ), #876, .F. ) ;
#1265 = CARTESIAN_POINT ( 'NONE',  ( 0.000000000000000000, 0.000000000000000000, 10.00000000000000000 ) ) ;
#1266 = DIRECTION ( 'NONE',  ( -1.000000000000000000, 0.000000000000000000, 0.000000000000000000 ) ) ;
#1267 = VERTEX_POINT ( 'NONE', #5315 ) ;
#1268 = ORIENTED_EDGE ( 'NONE', *, *, #4028, .F. ) ;
#1269 = CARTESIAN_POINT ( 'NONE',  ( -24.00000000000009592, -39.50000000000000000, 10.00000000000000000 ) ) ;
#1270 = EDGE_LOOP ( 'NONE', ( #4071, #1466, #2950, #100 ) ) ;
#1271 = DIRECTION ( 'NONE',  ( -1.000000000000000000, 0.000000000000000000, 0.000000000000000000 ) ) ;
#1272 = AXIS2_PLACEMENT_3D ( 'NONE', #5257, #2053, #1194 ) ;
#1273 = PRODUCT_CONTEXT ( 'NONE', #4357, 'mechanical' ) ;
#1274 = LINE ( 'NONE', #1179, #2418 ) ;
#1275 = EDGE_CURVE ( 'NONE', #3644, #3042, #4281, .T. ) ;
#1276 = LINE ( 'NONE', #4356, #3337 ) ;
#1277 = ORIENTED_EDGE ( 'NONE', *, *, #4663, .T. ) ;
#1278 = VECTOR ( 'NONE', #5493, 1000.000000000000000 ) ;
#1279 = AXIS2_PLACEMENT_3D ( 'NONE', #1797, #1379, #512 ) ;
#1280 = DIRECTION ( 'NONE',  ( -1.000000000000000000, 0.000000000000000000, 0.000000000000000000 ) ) ;
#1281 = DIRECTION ( 'NONE',  ( -1.000000000000000000, -1.249000902703301354E-16, -0.000000000000000000 ) ) ;
#1282 = VECTOR ( 'NONE', #3545, 1000.000000000000000 ) ;
#1283 = CARTESIAN_POINT ( 'NONE',  ( 32.99999999999998579, -30.50000000000004974, 10.00000000000000000 ) ) ;
#1284 = EDGE_CURVE ( 'NONE', #5649, #1053, #851, .T. ) ;
#1285 = CIRCLE ( 'NONE', #4564, 13.99999999999999822 ) ;
#1286 = PRESENTATION_LAYER_ASSIGNMENT (  '', '', ( #2306 ) ) ;
#1287 = ORIENTED_EDGE ( 'NONE', *, *, #924, .F. ) ;
#1288 = ORIENTED_EDGE ( 'NONE', *, *, #4236, .F. ) ;
#1289 = PLANE ( 'NONE',  #3897 ) ;
#1290 = ORIENTED_EDGE ( 'NONE', *, *, #5661, .F. ) ;
#1291 = AXIS2_PLACEMENT_3D ( 'NONE', #2264, #4037, #3684 ) ;
#1292 = VECTOR ( 'NONE', #659, 1000.000000000000000 ) ;
#1293 = DIRECTION ( 'NONE',  ( 1.000000000000000000, 0.000000000000000000, 0.000000000000000000 ) ) ;
#1294 = CARTESIAN_POINT ( 'NONE',  ( -99.80000000000001137, 0.000000000000000000, 0.000000000000000000 ) ) ;
#1295 = EDGE_CURVE ( 'NONE', #2639, #3326, #2731, .T. ) ;
#1296 = LINE ( 'NONE', #1198, #1770 ) ;
#1297 = ORIENTED_EDGE ( 'NONE', *, *, #453, .F. ) ;
#1298 = AXIS2_PLACEMENT_3D ( 'NONE', #4152, #114, #4097 ) ;
#1299 = ORIENTED_EDGE ( 'NONE', *, *, #3198, .F. ) ;
#1300 = LINE ( 'NONE', #5403, #1838 ) ;
#1301 = CARTESIAN_POINT ( 'NONE',  ( -25.00000000000001421, -39.50000000000000000, 1.000000000000000888 ) ) ;
#1302 = CARTESIAN_POINT ( 'NONE',  ( 32.99999999999998579, -31.50000000000000711, 1.000000000000000888 ) ) ;
#1303 = EDGE_CURVE ( 'NONE', #1633, #2249, #3154, .T. ) ;
#1304 = ORIENTED_EDGE ( 'NONE', *, *, #2073, .F. ) ;
#1305 = CIRCLE ( 'NONE', #925, 1.549999999999995826 ) ;
#1306 = CARTESIAN_POINT ( 'NONE',  ( 69.10000000000000853, 0.000000000000000000, 0.000000000000000000 ) ) ;
#1307 = ORIENTED_EDGE ( 'NONE', *, *, #4734, .T. ) ;
#1308 = AXIS2_PLACEMENT_3D ( 'NONE', #4109, #5052, #460 ) ;
#1309 = DIRECTION ( 'NONE',  ( -0.000000000000000000, -0.000000000000000000, -1.000000000000000000 ) ) ;
#1310 = EDGE_CURVE ( 'NONE', #489, #2347, #935, .T. ) ;
#1311 = CARTESIAN_POINT ( 'NONE',  ( 0.000000000000000000, 8.500000000000010658, 10.00000000000000000 ) ) ;
#1312 = LINE ( 'NONE', #3100, #452 ) ;
#1313 = DIRECTION ( 'NONE',  ( -0.000000000000000000, 0.000000000000000000, 1.000000000000000000 ) ) ;
#1314 = AXIS2_PLACEMENT_3D ( 'NONE', #4973, #4553, #2819 ) ;
#1315 = CARTESIAN_POINT ( 'NONE',  ( 55.86714007511208990, -24.60000000000000497, 0.000000000000000000 ) ) ;
#1316 = PRODUCT_RELATED_PRODUCT_CATEGORY ( 'part', '', ( #1151 ) ) ;
#1317 = DIRECTION ( 'NONE',  ( 1.000000000000000000, 0.000000000000000000, 0.000000000000000000 ) ) ;
#1318 = CIRCLE ( 'NONE', #5629, 1.549999999999999822 ) ;
#1319 = CARTESIAN_POINT ( 'NONE',  ( 0.000000000000000000, 0.000000000000000000, 0.000000000000000000 ) ) ;
#1320 = VERTEX_POINT ( 'NONE', #3110 ) ;
#1321 = ORIENTED_EDGE ( 'NONE', *, *, #3767, .F. ) ;
#1322 = ADVANCED_FACE ( 'NONE', ( #368 ), #392, .F. ) ;
#1323 = CARTESIAN_POINT ( 'NONE',  ( -84.49999999999998579, -6.999999999999999112, 10.00000000000000000 ) ) ;
#1324 = DIRECTION ( 'NONE',  ( 1.000000000000000000, 0.000000000000000000, 0.000000000000000000 ) ) ;
#1325 = LINE ( 'NONE', #4462, #3929 ) ;
#1326 = ORIENTED_EDGE ( 'NONE', *, *, #490, .T. ) ;
#1327 = DIRECTION ( 'NONE',  ( 1.000000000000000000, 0.000000000000000000, 0.000000000000000000 ) ) ;
#1328 = DIRECTION ( 'NONE',  ( 0.000000000000000000, -1.000000000000000000, 0.000000000000000000 ) ) ;
#1329 = CARTESIAN_POINT ( 'NONE',  ( 76.99999999999997158, -1.500000000000007327, 1.000000000000000888 ) ) ;
#1330 = ADVANCED_FACE ( 'NONE', ( #2223 ), #1346, .T. ) ;
#1331 = CARTESIAN_POINT ( 'NONE',  ( -97.30000000000001137, 0.000000000000000000, 10.00000000000000000 ) ) ;
#1332 = ORIENTED_EDGE ( 'NONE', *, *, #3793, .T. ) ;
#1333 = DIRECTION ( 'NONE',  ( 0.000000000000000000, -1.000000000000000000, 0.000000000000000000 ) ) ;
#1334 = EDGE_CURVE ( 'NONE', #3438, #2750, #1816, .T. ) ;
#1335 = EDGE_LOOP ( 'NONE', ( #4899, #224, #1837, #2935 ) ) ;
#1336 = LINE ( 'NONE', #3921, #4094 ) ;
#1337 = DIRECTION ( 'NONE',  ( 0.000000000000000000, 1.000000000000000000, 0.000000000000000000 ) ) ;
#1338 = FACE_OUTER_BOUND ( 'NONE', #1724, .T. ) ;
#1339 = CARTESIAN_POINT ( 'NONE',  ( 0.000000000000000000, -8.399999999999998579, 10.00000000000000000 ) ) ;
#1340 = CARTESIAN_POINT ( 'NONE',  ( 69.60000000000002274, -24.09999999999999787, 10.00000000000000000 ) ) ;
#1341 = CARTESIAN_POINT ( 'NONE',  ( -84.49999999999998579, -8.000000000000000000, 1.000000000000000888 ) ) ;
#1342 = CARTESIAN_POINT ( 'NONE',  ( 69.10000000000000853, -25.56714007511209275, 10.00000000000000000 ) ) ;
#1343 = EDGE_LOOP ( 'NONE', ( #5313, #5449, #855, #3855 ) ) ;
#1344 = ORIENTED_EDGE ( 'NONE', *, *, #4086, .T. ) ;
#1345 = CARTESIAN_POINT ( 'NONE',  ( 24.00000000000003197, 0.000000000000000000, 10.00000000000000000 ) ) ;
#1346 = PLANE ( 'NONE',  #3539 ) ;
#1347 = CARTESIAN_POINT ( 'NONE',  ( 0.000000000000000000, -6.900000000000000355, 10.00000000000000000 ) ) ;
#1348 = DIRECTION ( 'NONE',  ( 0.000000000000000000, 0.000000000000000000, 1.000000000000000000 ) ) ;
#1349 = EDGE_LOOP ( 'NONE', ( #3518, #2554, #1073, #4320 ) ) ;
#1350 = DIRECTION ( 'NONE',  ( 0.000000000000000000, 0.7071067811865474617, -0.7071067811865474617 ) ) ;
#1351 = DIRECTION ( 'NONE',  ( 0.000000000000000000, -0.000000000000000000, -1.000000000000000000 ) ) ;
#1352 = PLANE ( 'NONE',  #1212 ) ;
#1353 = ADVANCED_FACE ( 'NONE', ( #2254 ), #4521, .F. ) ;
#1354 = EDGE_LOOP ( 'NONE', ( #5198, #3582 ) ) ;
#1355 = ORIENTED_EDGE ( 'NONE', *, *, #1000, .F. ) ;
#1356 = LINE ( 'NONE', #4531, #3820 ) ;
#1357 = VERTEX_POINT ( 'NONE', #5778 ) ;
#1358 = DIRECTION ( 'NONE',  ( -1.000000000000000000, 0.000000000000000000, 0.000000000000000000 ) ) ;
#1359 = DIRECTION ( 'NONE',  ( -0.000000000000000000, -0.000000000000000000, -1.000000000000000000 ) ) ;
#1360 = EDGE_CURVE ( 'NONE', #2483, #1386, #5123, .T. ) ;
#1361 = CYLINDRICAL_SURFACE ( 'NONE', #426, 1.549999999999995826 ) ;
#1362 = DIRECTION ( 'NONE',  ( -0.000000000000000000, -0.000000000000000000, -1.000000000000000000 ) ) ;
#1363 = AXIS2_PLACEMENT_3D ( 'NONE', #3373, #1162, #5166 ) ;
#1364 = LINE ( 'NONE', #3515, #5416 ) ;
#1365 = CYLINDRICAL_SURFACE ( 'NONE', #3835, 1.549999999999982059 ) ;
#1366 = EDGE_CURVE ( 'NONE', #2551, #4270, #820, .T. ) ;
#1367 = ORIENTED_EDGE ( 'NONE', *, *, #933, .F. ) ;
#1368 = VECTOR ( 'NONE', #1707, 1000.000000000000000 ) ;
#1369 = ORIENTED_EDGE ( 'NONE', *, *, #1535, .F. ) ;
#1370 = VERTEX_POINT ( 'NONE', #4926 ) ;
#1371 = CARTESIAN_POINT ( 'NONE',  ( 54.90000000000000568, 0.000000000000000000, 0.000000000000000000 ) ) ;
#1372 = VECTOR ( 'NONE', #88, 1000.000000000000000 ) ;
#1373 = AXIS2_PLACEMENT_3D ( 'NONE', #5589, #3834, #4238 ) ;
#1374 = CARTESIAN_POINT ( 'NONE',  ( 53.90000000000000568, 0.000000000000000000, 10.00000000000000000 ) ) ;
#1375 = CYLINDRICAL_SURFACE ( 'NONE', #836, 1.549999999999968070 ) ;
#1376 = ORIENTED_EDGE ( 'NONE', *, *, #2262, .T. ) ;
#1377 = CARTESIAN_POINT ( 'NONE',  ( -112.8000000000000114, -31.50000000000000000, 9.000000000000067502 ) ) ;
#1378 = AXIS2_PLACEMENT_3D ( 'NONE', #4605, #5077, #2014 ) ;
#1379 = DIRECTION ( 'NONE',  ( 0.000000000000000000, 0.7071067811865475727, -0.7071067811865475727 ) ) ;
#1380 = VECTOR ( 'NONE', #593, 1000.000000000000000 ) ;
#1381 = VERTEX_POINT ( 'NONE', #902 ) ;
#1382 = DIRECTION ( 'NONE',  ( -0.000000000000000000, 0.7071067811865487940, 0.7071067811865463515 ) ) ;
#1383 = VECTOR ( 'NONE', #3074, 1000.000000000000000 ) ;
#1384 = VERTEX_POINT ( 'NONE', #3045 ) ;
#1385 = CARTESIAN_POINT ( 'NONE',  ( 69.10000000000000853, -22.10000000000000142, 10.00000000000000000 ) ) ;
#1386 = VERTEX_POINT ( 'NONE', #1323 ) ;
#1387 = EDGE_CURVE ( 'NONE', #1137, #330, #2613, .T. ) ;
#1388 = EDGE_CURVE ( 'NONE', #1516, #1047, #1285, .T. ) ;
#1389 = AXIS2_PLACEMENT_3D ( 'NONE', #1319, #3104, #4898 ) ;
#1390 = FACE_OUTER_BOUND ( 'NONE', #2301, .T. ) ;
#1391 = DIRECTION ( 'NONE',  ( -1.000000000000000000, -1.110223024625156787E-16, 0.000000000000000000 ) ) ;
#1392 = ORIENTED_EDGE ( 'NONE', *, *, #2248, .F. ) ;
#1393 = AXIS2_PLACEMENT_3D ( 'NONE', #853, #4815, #1260 ) ;
#1394 = CIRCLE ( 'NONE', #4396, 1.549999999999968070 ) ;
#1395 = CYLINDRICAL_SURFACE ( 'NONE', #1667, 1.549999999999968070 ) ;
#1396 = EDGE_CURVE ( 'NONE', #1102, #5553, #457, .T. ) ;
#1397 = DIRECTION ( 'NONE',  ( 1.000000000000000000, 0.000000000000000000, 0.000000000000000000 ) ) ;
#1398 = CYLINDRICAL_SURFACE ( 'NONE', #735, 1.549999999999968070 ) ;
#1399 = ORIENTED_EDGE ( 'NONE', *, *, #5776, .T. ) ;
#1400 = VECTOR ( 'NONE', #5316, 1000.000000000000000 ) ;
#1401 = EDGE_LOOP ( 'NONE', ( #1399, #1495, #3849, #1133 ) ) ;
#1402 = ORIENTED_EDGE ( 'NONE', *, *, #1991, .T. ) ;
#1403 = CARTESIAN_POINT ( 'NONE',  ( 69.10000000000000853, 0.000000000000000000, 10.00000000000000000 ) ) ;
#1404 = ADVANCED_FACE ( 'NONE', ( #12 ), #1762, .F. ) ;
#1405 = VECTOR ( 'NONE', #73, 1000.000000000000000 ) ;
#1406 = LINE ( 'NONE', #4186, #2501 ) ;
#1407 = DIRECTION ( 'NONE',  ( -0.000000000000000000, -0.000000000000000000, -1.000000000000000000 ) ) ;
#1408 = FACE_OUTER_BOUND ( 'NONE', #777, .T. ) ;
#1409 = ORIENTED_EDGE ( 'NONE', *, *, #752, .T. ) ;
#1410 = FACE_OUTER_BOUND ( 'NONE', #4193, .T. ) ;
#1411 = CARTESIAN_POINT ( 'NONE',  ( 0.000000000000000000, 0.000000000000000000, 3.000000000000000000 ) ) ;
#1412 = ADVANCED_FACE ( 'NONE', ( #2363 ), #995, .F. ) ;
#1413 = FACE_OUTER_BOUND ( 'NONE', #2957, .T. ) ;
#1414 = ORIENTED_EDGE ( 'NONE', *, *, #2657, .F. ) ;
#1415 = CARTESIAN_POINT ( 'NONE',  ( -96.33285992488789873, -8.400000000000005684, 10.00000000000000000 ) ) ;
#1416 = EDGE_LOOP ( 'NONE', ( #2218, #3334, #2008, #4958 ) ) ;
#1417 = CARTESIAN_POINT ( 'NONE',  ( -112.8000000000000114, -16.50000000000000000, 1.000000000000000888 ) ) ;
#1418 = CARTESIAN_POINT ( 'NONE',  ( 53.90000000000000568, -10.36714007511208813, 10.00000000000000000 ) ) ;
#1419 = EDGE_CURVE ( 'NONE', #3326, #3963, #2813, .T. ) ;
#1420 = DIRECTION ( 'NONE',  ( 0.000000000000000000, -0.000000000000000000, 1.000000000000000000 ) ) ;
#1421 = LINE ( 'NONE', #4983, #1766 ) ;
#1422 = CARTESIAN_POINT ( 'NONE',  ( 0.000000000000000000, 8.500000000000010658, 9.000000000000000000 ) ) ;
#1423 = ORIENTED_EDGE ( 'NONE', *, *, #3318, .F. ) ;
#1424 = ADVANCED_FACE ( 'NONE', ( #2779 ), #629, .T. ) ;
#1425 = VERTEX_POINT ( 'NONE', #505 ) ;
#1426 = EDGE_LOOP ( 'NONE', ( #3779, #5674, #1224, #191 ) ) ;
#1427 = CARTESIAN_POINT ( 'NONE',  ( -33.00000000000001421, -31.50000000000000000, 9.000000000000067502 ) ) ;
#1428 = CARTESIAN_POINT ( 'NONE',  ( 56.40000000000000568, -8.400000000000000355, 10.00000000000000000 ) ) ;
#1429 = VECTOR ( 'NONE', #2629, 1000.000000000000000 ) ;
#1430 = DIRECTION ( 'NONE',  ( 0.000000000000000000, -0.000000000000000000, -1.000000000000000000 ) ) ;
#1431 = ORIENTED_EDGE ( 'NONE', *, *, #3787, .F. ) ;
#1432 = CARTESIAN_POINT ( 'NONE',  ( 24.99999999999998579, 0.000000000000000000, 10.00000000000000000 ) ) ;
#1433 = EDGE_CURVE ( 'NONE', #2249, #4287, #1957, .T. ) ;
#1434 = VERTEX_POINT ( 'NONE', #568 ) ;
#1435 = CARTESIAN_POINT ( 'NONE',  ( 0.000000000000000000, -24.59999999999999787, 0.000000000000000000 ) ) ;
#1436 = LINE ( 'NONE', #5081, #985 ) ;
#1437 = CARTESIAN_POINT ( 'NONE',  ( 52.40000000000000568, 0.000000000000000000, 10.00000000000000000 ) ) ;
#1438 = VERTEX_POINT ( 'NONE', #2421 ) ;
#1439 = DIRECTION ( 'NONE',  ( 0.000000000000000000, -0.000000000000000000, 1.000000000000000000 ) ) ;
#1440 = CYLINDRICAL_SURFACE ( 'NONE', #5602, 3.250000000000000888 ) ;
#1441 = VERTEX_POINT ( 'NONE', #121 ) ;
#1442 = CARTESIAN_POINT ( 'NONE',  ( 69.60000000000000853, -8.899999999999998579, 0.000000000000000000 ) ) ;
#1443 = DIRECTION ( 'NONE',  ( 1.000000000000000000, 0.000000000000000000, 0.000000000000000000 ) ) ;
#1444 = DIRECTION ( 'NONE',  ( 1.000000000000000000, 0.000000000000000000, 0.000000000000000000 ) ) ;
#1445 = DIRECTION ( 'NONE',  ( -0.000000000000000000, -0.000000000000000000, -1.000000000000000000 ) ) ;
#1446 = EDGE_CURVE ( 'NONE', #5333, #2426, #1490, .T. ) ;
#1447 = LINE ( 'NONE', #178, #1204 ) ;
#1448 = ORIENTED_EDGE ( 'NONE', *, *, #3770, .T. ) ;
#1449 = EDGE_LOOP ( 'NONE', ( #3765, #1538, #4385, #3122 ) ) ;
#1450 = FACE_OUTER_BOUND ( 'NONE', #3709, .T. ) ;
#1451 = LINE ( 'NONE', #2101, #2788 ) ;
#1452 = EDGE_CURVE ( 'NONE', #3783, #4677, #1017, .T. ) ;
#1453 = VECTOR ( 'NONE', #998, 1000.000000000000000 ) ;
#1454 = CARTESIAN_POINT ( 'NONE',  ( 32.99999999999998579, -30.50000000000003553, 0.000000000000000000 ) ) ;
#1455 = ORIENTED_EDGE ( 'NONE', *, *, #5583, .T. ) ;
#1456 = DIRECTION ( 'NONE',  ( 0.000000000000000000, -0.000000000000000000, -1.000000000000000000 ) ) ;
#1457 = ORIENTED_EDGE ( 'NONE', *, *, #674, .T. ) ;
#1458 = DIRECTION ( 'NONE',  ( -1.000000000000000000, 0.000000000000000000, 0.000000000000000000 ) ) ;
#1459 = CARTESIAN_POINT ( 'NONE',  ( 24.00000000000003197, -40.49999999999999289, 10.00000000000000000 ) ) ;
#1460 = VECTOR ( 'NONE', #1613, 1000.000000000000000 ) ;
#1461 = CONICAL_SURFACE ( 'NONE', #1947, 9.000000000000001776, 0.7853981633974482790 ) ;
#1462 = EDGE_CURVE ( 'NONE', #3892, #4301, #1406, .T. ) ;
#1463 = PLANE ( 'NONE',  #3754 ) ;
#1464 = AXIS2_PLACEMENT_3D ( 'NONE', #5339, #4895, #4452 ) ;
#1465 = CIRCLE ( 'NONE', #1931, 8.000000000000000000 ) ;
#1466 = ORIENTED_EDGE ( 'NONE', *, *, #1831, .F. ) ;
#1467 = VECTOR ( 'NONE', #269, 1000.000000000000000 ) ;
#1468 = LINE ( 'NONE', #3766, #4837 ) ;
#1469 = CARTESIAN_POINT ( 'NONE',  ( 0.000000000000000000, -9.399999999999998579, 0.000000000000000000 ) ) ;
#1470 = ORIENTED_EDGE ( 'NONE', *, *, #243, .F. ) ;
#1471 = CIRCLE ( 'NONE', #1291, 14.00000000000001243 ) ;
#1472 = AXIS2_PLACEMENT_3D ( 'NONE', #2303, #4604, #3696 ) ;
#1473 = ADVANCED_FACE ( 'NONE', ( #98 ), #616, .F. ) ;
#1474 = AXIS2_PLACEMENT_3D ( 'NONE', #5006, #3321, #976 ) ;
#1475 = CARTESIAN_POINT ( 'NONE',  ( 47.68227931540591413, -30.82907256795386530, 9.670927432046180883 ) ) ;
#1476 = AXIS2_PLACEMENT_3D ( 'NONE', #5654, #3388, #1624 ) ;
#1477 = VERTEX_POINT ( 'NONE', #183 ) ;
#1478 = VECTOR ( 'NONE', #1723, 1000.000000000000000 ) ;
#1480 = VECTOR ( 'NONE', #1397, 1000.000000000000000 ) ;
#1479 = DIRECTION ( 'NONE',  ( 0.000000000000000000, -0.000000000000000000, 1.000000000000000000 ) ) ;
#1481 = PLANE ( 'NONE',  #435 ) ;
#1482 = EDGE_CURVE ( 'NONE', #4579, #1661, #3639, .T. ) ;
#1483 = CARTESIAN_POINT ( 'NONE',  ( -99.26714007511212401, -24.59999999999999787, 10.00000000000000000 ) ) ;
#1484 = AXIS2_PLACEMENT_3D ( 'NONE', #2174, #5172, #3946 ) ;
#1485 = CARTESIAN_POINT ( 'NONE',  ( 0.000000000000000000, -1.500000000000008216, 1.000000000000000888 ) ) ;
#1486 = ORIENTED_EDGE ( 'NONE', *, *, #3041, .F. ) ;
#1487 = VERTEX_POINT ( 'NONE', #1518 ) ;
#1488 = CIRCLE ( 'NONE', #3936, 14.99999999999998579 ) ;
#1489 = CARTESIAN_POINT ( 'NONE',  ( 54.40000000000000568, -8.900000000000000355, 10.00000000000000000 ) ) ;
#1490 = LINE ( 'NONE', #5049, #5506 ) ;
#1491 = VECTOR ( 'NONE', #3613, 1000.000000000000000 ) ;
#1492 = CARTESIAN_POINT ( 'NONE',  ( -97.30000000000001137, -10.90000000000000391, 10.00000000000000000 ) ) ;
#1493 = EDGE_LOOP ( 'NONE', ( #4655, #2010, #468, #1705 ) ) ;
#1494 = DIRECTION ( 'NONE',  ( 0.000000000000000000, -0.7071067811865474617, 0.7071067811865474617 ) ) ;
#1495 = ORIENTED_EDGE ( 'NONE', *, *, #2573, .F. ) ;
#1496 = LINE ( 'NONE', #5494, #5774 ) ;
#1497 = VECTOR ( 'NONE', #2524, 1000.000000000000000 ) ;
#1498 = EDGE_CURVE ( 'NONE', #3227, #689, #2129, .T. ) ;
#1499 = LINE ( 'NONE', #3819, #2716 ) ;
#1500 = ORIENTED_EDGE ( 'NONE', *, *, #1821, .F. ) ;
#1501 = VERTEX_POINT ( 'NONE', #3757 ) ;
#1502 = DIRECTION ( 'NONE',  ( 0.000000000000000000, -0.000000000000000000, 1.000000000000000000 ) ) ;
#1503 = EDGE_CURVE ( 'NONE', #4446, #3398, #5548, .T. ) ;
#1504 = PLANE ( 'NONE',  #2128 ) ;
#1505 = ORIENTED_EDGE ( 'NONE', *, *, #1903, .T. ) ;
#1506 = DIRECTION ( 'NONE',  ( -1.000000000000000000, -1.110223024625156787E-16, 0.000000000000000000 ) ) ;
#1507 = ORIENTED_EDGE ( 'NONE', *, *, #352, .T. ) ;
#1508 = ADVANCED_FACE ( 'NONE', ( #1044 ), #3441, .F. ) ;
#1509 = CARTESIAN_POINT ( 'NONE',  ( 76.99999999999998579, -16.50000000000000711, 0.000000000000000000 ) ) ;
#1510 = DIRECTION ( 'NONE',  ( 0.000000000000000000, -0.7071067811865474617, -0.7071067811865474617 ) ) ;
#1511 = DIRECTION ( 'NONE',  ( -0.000000000000000000, -0.000000000000000000, -1.000000000000000000 ) ) ;
#1512 = CARTESIAN_POINT ( 'NONE',  ( 0.000000000000000000, -31.50000000000000000, 1.000000000000000888 ) ) ;
#1513 = ORIENTED_EDGE ( 'NONE', *, *, #5163, .F. ) ;
#1514 = EDGE_CURVE ( 'NONE', #3365, #4003, #4544, .T. ) ;
#1515 = ORIENTED_EDGE ( 'NONE', *, *, #1709, .T. ) ;
#1516 = VERTEX_POINT ( 'NONE', #5461 ) ;
#1517 = CARTESIAN_POINT ( 'NONE',  ( 40.49999999999999289, -25.99999999999998934, 0.000000000000000000 ) ) ;
#1518 = CARTESIAN_POINT ( 'NONE',  ( 54.90000000000000568, -6.899999999999999467, 10.00000000000000000 ) ) ;
#1519 = LINE ( 'NONE', #2050, #1292 ) ;
#1520 = ORIENTED_EDGE ( 'NONE', *, *, #5137, .F. ) ;
#1521 = ORIENTED_EDGE ( 'NONE', *, *, #3198, .T. ) ;
#1522 = DIRECTION ( 'NONE',  ( 1.000000000000000000, 0.000000000000000000, -0.000000000000000000 ) ) ;
#1523 = ORIENTED_EDGE ( 'NONE', *, *, #2848, .F. ) ;
#1524 = DIRECTION ( 'NONE',  ( 0.000000000000000000, 1.000000000000000000, 0.000000000000000000 ) ) ;
#1525 = ADVANCED_FACE ( 'NONE', ( #4630 ), #5014, .T. ) ;
#1526 = EDGE_LOOP ( 'NONE', ( #105, #4251, #1585, #2465 ) ) ;
#1527 = VERTEX_POINT ( 'NONE', #594 ) ;
#1528 = CARTESIAN_POINT ( 'NONE',  ( 53.90000000000000568, -10.36714007511208813, 0.000000000000000000 ) ) ;
#1529 = DIRECTION ( 'NONE',  ( -1.000000000000000000, 0.000000000000000000, 0.000000000000000000 ) ) ;
#1530 = EDGE_LOOP ( 'NONE', ( #2777, #4084, #3410, #4155 ) ) ;
#1531 = EDGE_CURVE ( 'NONE', #1102, #782, #1897, .T. ) ;
#1532 = CARTESIAN_POINT ( 'NONE',  ( 70.10000000000000853, 0.000000000000000000, 10.00000000000000000 ) ) ;
#1533 = DIRECTION ( 'NONE',  ( -0.7071067811865463515, 0.000000000000000000, -0.7071067811865487940 ) ) ;
#1534 = PLANE ( 'NONE',  #4201 ) ;
#1535 = EDGE_CURVE ( 'NONE', #2286, #3409, #1451, .T. ) ;
#1536 = DIRECTION ( 'NONE',  ( 1.000000000000000000, -2.238352872228144383E-15, 0.000000000000000000 ) ) ;
#1537 = VERTEX_POINT ( 'NONE', #1664 ) ;
#1538 = ORIENTED_EDGE ( 'NONE', *, *, #1062, .F. ) ;
#1539 = CARTESIAN_POINT ( 'NONE',  ( -25.00000000000001421, -41.49999999999999289, 8.999999999999971578 ) ) ;
#1540 = DIRECTION ( 'NONE',  ( 1.000000000000000000, 0.000000000000000000, 0.000000000000000000 ) ) ;
#1541 = EDGE_CURVE ( 'NONE', #2078, #4302, #270, .T. ) ;
#1542 = CARTESIAN_POINT ( 'NONE',  ( 70.10000000000000853, -10.36714007511208635, 10.00000000000000000 ) ) ;
#1543 = ORIENTED_EDGE ( 'NONE', *, *, #5279, .T. ) ;
#1544 = ORIENTED_EDGE ( 'NONE', *, *, #830, .T. ) ;
#1545 = DIRECTION ( 'NONE',  ( 1.000000000000000000, 0.000000000000000000, 0.000000000000000000 ) ) ;
#1546 = AXIS2_PLACEMENT_3D ( 'NONE', #577, #642, #1439 ) ;
#1547 = CARTESIAN_POINT ( 'NONE',  ( 55.86714007511208990, -23.60000000000000142, 0.000000000000000000 ) ) ;
#1548 = ORIENTED_EDGE ( 'NONE', *, *, #4414, .F. ) ;
#1549 = VERTEX_POINT ( 'NONE', #4714 ) ;
#1550 = LINE ( 'NONE', #522, #1744 ) ;
#1551 = CIRCLE ( 'NONE', #3718, 15.00000000000000000 ) ;
#1552 = DIRECTION ( 'NONE',  ( 1.000000000000000000, 0.000000000000000000, 0.000000000000000000 ) ) ;
#1553 = CIRCLE ( 'NONE', #1750, 1.549999999999982059 ) ;
#1554 = VERTEX_POINT ( 'NONE', #4688 ) ;
#1555 = AXIS2_PLACEMENT_3D ( 'NONE', #4148, #1946, #199 ) ;
#1556 = VECTOR ( 'NONE', #1358, 1000.000000000000000 ) ;
#1557 = AXIS2_PLACEMENT_3D ( 'NONE', #3672, #2336, #3216 ) ;
#1558 = ORIENTED_EDGE ( 'NONE', *, *, #352, .F. ) ;
#1559 = ORIENTED_EDGE ( 'NONE', *, *, #2464, .F. ) ;
#1560 = DIRECTION ( 'NONE',  ( -0.000000000000000000, -0.000000000000000000, -1.000000000000000000 ) ) ;
#1561 = AXIS2_PLACEMENT_3D ( 'NONE', #1509, #3353, #1125 ) ;
#1562 = EDGE_CURVE ( 'NONE', #1252, #3431, #2896, .T. ) ;
#1563 = VECTOR ( 'NONE', #1810, 1000.000000000000000 ) ;
#1564 = ADVANCED_FACE ( 'NONE', ( #3807 ), #2477, .T. ) ;
#1565 = LINE ( 'NONE', #3920, #826 ) ;
#1566 = CARTESIAN_POINT ( 'NONE',  ( 49.99999999999999289, -16.49999999999998579, 10.00000000000000000 ) ) ;
#1567 = LINE ( 'NONE', #317, #1722 ) ;
#1568 = CYLINDRICAL_SURFACE ( 'NONE', #2982, 1.549999999999995826 ) ;
#1569 = VECTOR ( 'NONE', #2093, 1000.000000000000000 ) ;
#1570 = ORIENTED_EDGE ( 'NONE', *, *, #1709, .F. ) ;
#1571 = LINE ( 'NONE', #4685, #1278 ) ;
#1572 = ORIENTED_EDGE ( 'NONE', *, *, #2494, .T. ) ;
#1573 = EDGE_CURVE ( 'NONE', #666, #2912, #55, .T. ) ;
#1574 = CARTESIAN_POINT ( 'NONE',  ( 53.90000000000000568, -25.56714007511209275, 0.000000000000000000 ) ) ;
#1575 = DIRECTION ( 'NONE',  ( -1.000000000000000000, -1.249000902703301354E-16, 0.000000000000000000 ) ) ;
#1576 = DIRECTION ( 'NONE',  ( 0.000000000000000000, 1.000000000000000000, -0.000000000000000000 ) ) ;
#1577 = ORIENTED_EDGE ( 'NONE', *, *, #1910, .T. ) ;
#1578 = CIRCLE ( 'NONE', #2893, 9.000000000000001776 ) ;
#1579 = ORIENTED_EDGE ( 'NONE', *, *, #3705, .F. ) ;
#1580 = EDGE_CURVE ( 'NONE', #2637, #3496, #3460, .T. ) ;
#1581 = CYLINDRICAL_SURFACE ( 'NONE', #1363, 1.549999999999954081 ) ;
#1582 = VECTOR ( 'NONE', #1764, 1000.000000000000000 ) ;
#1583 = CARTESIAN_POINT ( 'NONE',  ( -97.80000000000001137, -24.10000000000000497, 0.000000000000000000 ) ) ;
#1584 = EDGE_LOOP ( 'NONE', ( #5465, #4509, #1079, #2274 ) ) ;
#1585 = ORIENTED_EDGE ( 'NONE', *, *, #1956, .F. ) ;
#1586 = CARTESIAN_POINT ( 'NONE',  ( -95.80000000000001137, -9.400000000000007461, 10.00000000000000000 ) ) ;
#1587 = DIRECTION ( 'NONE',  ( 0.000000000000000000, -1.000000000000000000, 0.000000000000000000 ) ) ;
#1588 = ADVANCED_FACE ( 'NONE', ( #4274, #4777, #753, #5570, #211, #3420, #1601, #5253, #2013, #2923 ), #2451, .T. ) ;
#1589 = CIRCLE ( 'NONE', #2062, 9.000000000000001776 ) ;
#1590 = ORIENTED_EDGE ( 'NONE', *, *, #4829, .F. ) ;
#1591 = LINE ( 'NONE', #614, #4652 ) ;
#1592 = CARTESIAN_POINT ( 'NONE',  ( 0.000000000000000000, -6.899999999999998579, 10.00000000000000000 ) ) ;
#1593 = FACE_OUTER_BOUND ( 'NONE', #1775, .T. ) ;
#1594 = DIRECTION ( 'NONE',  ( 0.000000000000000000, -0.000000000000000000, 1.000000000000000000 ) ) ;
#1595 = CARTESIAN_POINT ( 'NONE',  ( 40.49999999999999289, -16.49999999999998579, 9.000000000000000000 ) ) ;
#1596 = ORIENTED_EDGE ( 'NONE', *, *, #2549, .T. ) ;
#1597 = CARTESIAN_POINT ( 'NONE',  ( 40.49999999999999289, -16.49999999999998579, 9.000000000000000000 ) ) ;
#1598 = ORIENTED_EDGE ( 'NONE', *, *, #5266, .F. ) ;
#1599 = ORIENTED_EDGE ( 'NONE', *, *, #1925, .T. ) ;
#1600 = CARTESIAN_POINT ( 'NONE',  ( 67.60000000000000853, 0.000000000000000000, 0.000000000000000000 ) ) ;
#1601 = FACE_BOUND ( 'NONE', #1219, .T. ) ;
#1602 = LINE ( 'NONE', #5254, #3549 ) ;
#1603 = EDGE_CURVE ( 'NONE', #4317, #4758, #5659, .T. ) ;
#1604 = ORIENTED_EDGE ( 'NONE', *, *, #4327, .T. ) ;
#1605 = ORIENTED_EDGE ( 'NONE', *, *, #4724, .F. ) ;
#1606 = PLANE ( 'NONE',  #4642 ) ;
#1607 = ORIENTED_EDGE ( 'NONE', *, *, #125, .T. ) ;
#1608 = LINE ( 'NONE', #5139, #5248 ) ;
#1609 = EDGE_CURVE ( 'NONE', #5217, #5228, #240, .T. ) ;
#1610 = CARTESIAN_POINT ( 'NONE',  ( -84.49999999999998579, -25.00000000000000000, 1.000000000000000888 ) ) ;
#1611 = ORIENTED_EDGE ( 'NONE', *, *, #4418, .T. ) ;
#1612 = ORIENTED_EDGE ( 'NONE', *, *, #5776, .F. ) ;
#1613 = DIRECTION ( 'NONE',  ( -0.000000000000000000, -0.000000000000000000, -1.000000000000000000 ) ) ;
#1614 = DIRECTION ( 'NONE',  ( 1.000000000000000000, 0.000000000000000000, 0.000000000000000000 ) ) ;
#1615 = VERTEX_POINT ( 'NONE', #2049 ) ;
#1616 = VECTOR ( 'NONE', #1178, 1000.000000000000000 ) ;
#1617 = EDGE_CURVE ( 'NONE', #689, #3227, #2221, .T. ) ;
#1618 = ORIENTED_EDGE ( 'NONE', *, *, #5197, .T. ) ;
#1619 = CARTESIAN_POINT ( 'NONE',  ( 70.10000000000000853, -22.10000000000000142, 10.00000000000000000 ) ) ;
#1620 = VECTOR ( 'NONE', #2961, 1000.000000000000000 ) ;
#1621 = DIRECTION ( 'NONE',  ( -0.000000000000000000, -0.000000000000000000, -1.000000000000000000 ) ) ;
#1622 = PLANE ( 'NONE',  #5235 ) ;
#1623 = LINE ( 'NONE', #5178, #1616 ) ;
#1624 = DIRECTION ( 'NONE',  ( 0.000000000000000000, -0.000000000000000000, -1.000000000000000000 ) ) ;
#1625 = DIRECTION ( 'NONE',  ( 0.000000000000000000, -1.000000000000000000, 0.000000000000000000 ) ) ;
#1626 = ORIENTED_EDGE ( 'NONE', *, *, #2928, .F. ) ;
#1627 = ORIENTED_EDGE ( 'NONE', *, *, #1738, .T. ) ;
#1628 = CARTESIAN_POINT ( 'NONE',  ( 52.40000000000000568, 0.000000000000000000, 10.00000000000000000 ) ) ;
#1629 = ADVANCED_FACE ( 'NONE', ( #1188 ), #5635, .F. ) ;
#1630 = DIRECTION ( 'NONE',  ( 0.000000000000000000, 0.7071067811865517916, -0.7071067811865432429 ) ) ;
#1631 = CARTESIAN_POINT ( 'NONE',  ( 24.99999999999998579, 0.000000000000000000, 1.000000000000000888 ) ) ;
#1632 = ORIENTED_EDGE ( 'NONE', *, *, #5272, .F. ) ;
#1633 = VERTEX_POINT ( 'NONE', #5185 ) ;
#1634 = LINE ( 'NONE', #4279, #3532 ) ;
#1635 = ORIENTED_EDGE ( 'NONE', *, *, #4890, .T. ) ;
#1636 = ADVANCED_FACE ( 'NONE', ( #2948 ), #4739, .F. ) ;
#1637 = EDGE_CURVE ( 'NONE', #2589, #170, #4284, .T. ) ;
#1638 = CARTESIAN_POINT ( 'NONE',  ( 24.99999999999998579, -39.50000000000000711, 9.000000000000031974 ) ) ;
#1639 = LINE ( 'NONE', #1610, #1945 ) ;
#1640 = VERTEX_POINT ( 'NONE', #4305 ) ;
#1641 = ORIENTED_EDGE ( 'NONE', *, *, #608, .T. ) ;
#1642 = DIRECTION ( 'NONE',  ( 1.000000000000000000, 1.110223024625156787E-16, 0.000000000000000000 ) ) ;
#1643 = CARTESIAN_POINT ( 'NONE',  ( 71.60000000000000853, -9.399999999999998579, 10.00000000000000000 ) ) ;
#1644 = CIRCLE ( 'NONE', #2770, 8.500000000000000000 ) ;
#1645 = ADVANCED_FACE ( 'NONE', ( #4245 ), #716, .F. ) ;
#1646 = PLANE ( 'NONE',  #2055 ) ;
#1647 = AXIS2_PLACEMENT_3D ( 'NONE', #2508, #1458, #3223 ) ;
#1648 = EDGE_LOOP ( 'NONE', ( #3389, #3614, #5086 ) ) ;
#1649 = DIRECTION ( 'NONE',  ( 1.000000000000000000, 0.000000000000000000, 0.000000000000000000 ) ) ;
#1650 = EDGE_CURVE ( 'NONE', #4488, #330, #324, .T. ) ;
#1651 = DIRECTION ( 'NONE',  ( -1.000000000000000000, 0.000000000000000000, 0.000000000000000000 ) ) ;
#1652 = VECTOR ( 'NONE', #3101, 1000.000000000000000 ) ;
#1653 = VECTOR ( 'NONE', #1689, 1000.000000000000000 ) ;
#1654 = DIRECTION ( 'NONE',  ( 1.000000000000000000, 0.000000000000000000, 0.000000000000000000 ) ) ;
#1655 = CARTESIAN_POINT ( 'NONE',  ( -33.00000000000001421, 6.499999999999999112, 0.000000000000000000 ) ) ;
#1656 = LINE ( 'NONE', #4355, #1954 ) ;
#1657 = AXIS2_PLACEMENT_3D ( 'NONE', #379, #741, #4351 ) ;
#1658 = AXIS2_PLACEMENT_3D ( 'NONE', #2076, #5601, #1135 ) ;
#1660 = AXIS2_PLACEMENT_3D ( 'NONE', #2730, #2253, #4520 ) ;
#1659 = CARTESIAN_POINT ( 'NONE',  ( 70.10000000000000853, -26.10000000000000497, 0.000000000000000000 ) ) ;
#1661 = VERTEX_POINT ( 'NONE', #5367 ) ;
#1662 = ADVANCED_FACE ( 'NONE', ( #4484 ), #2635, .F. ) ;
#1663 = DIRECTION ( 'NONE',  ( 1.000000000000000000, 0.000000000000000000, -0.000000000000000000 ) ) ;
#1664 = CARTESIAN_POINT ( 'NONE',  ( 70.10000000000000853, -22.63285992488791365, 0.000000000000000000 ) ) ;
#1665 = VECTOR ( 'NONE', #1333, 1000.000000000000000 ) ;
#1666 = VECTOR ( 'NONE', #4870, 1000.000000000000000 ) ;
#1667 = AXIS2_PLACEMENT_3D ( 'NONE', #1340, #4512, #2659 ) ;
#1668 = DIRECTION ( 'NONE',  ( -0.000000000000000000, -0.000000000000000000, -1.000000000000000000 ) ) ;
#1669 = ORIENTED_EDGE ( 'NONE', *, *, #5163, .T. ) ;
#1670 = VERTEX_POINT ( 'NONE', #3548 ) ;
#1671 = CARTESIAN_POINT ( 'NONE',  ( 67.60000000000000853, -8.399999999999998579, 0.000000000000000000 ) ) ;
#1672 = VECTOR ( 'NONE', #1510, 1000.000000000000114 ) ;
#1673 = ORIENTED_EDGE ( 'NONE', *, *, #1169, .T. ) ;
#1674 = VERTEX_POINT ( 'NONE', #808 ) ;
#1675 = CARTESIAN_POINT ( 'NONE',  ( 54.90000000000000568, -22.10000000000000142, 10.00000000000000000 ) ) ;
#1676 = DIRECTION ( 'NONE',  ( 0.000000000000000000, 0.7071067811865474617, 0.7071067811865474617 ) ) ;
#1677 = ORIENTED_EDGE ( 'NONE', *, *, #2907, .F. ) ;
#1678 = VERTEX_POINT ( 'NONE', #3070 ) ;
#1679 = CARTESIAN_POINT ( 'NONE',  ( 54.90000000000000568, -10.36714007511208813, 10.00000000000000000 ) ) ;
#1680 = EDGE_CURVE ( 'NONE', #3939, #4612, #5306, .T. ) ;
#1681 = CYLINDRICAL_SURFACE ( 'NONE', #2369, 1.549999999999999822 ) ;
#1682 = CIRCLE ( 'NONE', #5432, 13.99999999999998401 ) ;
#1683 = DIRECTION ( 'NONE',  ( 0.000000000000000000, 1.000000000000000000, 0.000000000000000000 ) ) ;
#1684 = ADVANCED_FACE ( 'NONE', ( #4017 ), #894, .F. ) ;
#1685 = ORIENTED_EDGE ( 'NONE', *, *, #4972, .T. ) ;
#1686 = CARTESIAN_POINT ( 'NONE',  ( -25.00000000000001421, 0.000000000000000000, 9.000000000000067502 ) ) ;
#1687 = VECTOR ( 'NONE', #4052, 1000.000000000000000 ) ;
#1688 = DIRECTION ( 'NONE',  ( 0.000000000000000000, 1.000000000000000000, 0.000000000000000000 ) ) ;
#1689 = DIRECTION ( 'NONE',  ( -0.000000000000000000, -0.000000000000000000, 1.000000000000000000 ) ) ;
#1690 = DIRECTION ( 'NONE',  ( -1.000000000000000000, 0.000000000000000000, 0.000000000000000000 ) ) ;
#1691 = FACE_OUTER_BOUND ( 'NONE', #1906, .T. ) ;
#1692 = EDGE_CURVE ( 'NONE', #4224, #722, #4454, .T. ) ;
#1693 = EDGE_CURVE ( 'NONE', #2228, #2776, #2134, .T. ) ;
#1694 = DIRECTION ( 'NONE',  ( 1.000000000000000000, 0.000000000000000000, 0.000000000000000000 ) ) ;
#1695 = ORIENTED_EDGE ( 'NONE', *, *, #657, .F. ) ;
#1696 = PLANE ( 'NONE',  #2594 ) ;
#1697 = DIRECTION ( 'NONE',  ( -0.000000000000000000, -0.000000000000000000, -1.000000000000000000 ) ) ;
#1698 = CARTESIAN_POINT ( 'NONE',  ( 71.06714007511209275, -24.60000000000000497, 10.00000000000000000 ) ) ;
#1699 = EDGE_LOOP ( 'NONE', ( #2498, #2072, #520, #67, #1700, #24, #2517, #948, #3035, #1604, #2668, #2800, #2275, #1611, #1627, #591, #1607, #5259, #576, #3878, #1167, #145, #4626 ) ) ;
#1700 = ORIENTED_EDGE ( 'NONE', *, *, #2422, .T. ) ;
#1701 = CARTESIAN_POINT ( 'NONE',  ( 0.000000000000000000, -9.400000000000000355, 10.00000000000000000 ) ) ;
#1702 = VERTEX_POINT ( 'NONE', #412 ) ;
#1703 = PLANE ( 'NONE',  #3473 ) ;
#1704 = CYLINDRICAL_SURFACE ( 'NONE', #738, 1.549999999999968070 ) ;
#1705 = ORIENTED_EDGE ( 'NONE', *, *, #3770, .F. ) ;
#1706 = VERTEX_POINT ( 'NONE', #4920 ) ;
#1707 = DIRECTION ( 'NONE',  ( -1.000000000000000000, 0.000000000000000000, 0.000000000000000000 ) ) ;
#1708 = CYLINDRICAL_SURFACE ( 'NONE', #5660, 3.250000000000000444 ) ;
#1709 = EDGE_CURVE ( 'NONE', #3263, #2052, #3103, .T. ) ;
#1710 = FACE_OUTER_BOUND ( 'NONE', #2983, .T. ) ;
#1711 = ORIENTED_EDGE ( 'NONE', *, *, #259, .F. ) ;
#1712 = DIRECTION ( 'NONE',  ( 0.000000000000000000, -0.000000000000000000, -1.000000000000000000 ) ) ;
#1713 = VERTEX_POINT ( 'NONE', #4833 ) ;
#1714 = EDGE_CURVE ( 'NONE', #1670, #946, #927, .T. ) ;
#1715 = CARTESIAN_POINT ( 'NONE',  ( -112.8000000000000114, -31.50000000000000000, 9.000000000000067502 ) ) ;
#1716 = DIRECTION ( 'NONE',  ( 0.000000000000000000, -0.000000000000000000, 1.000000000000000000 ) ) ;
#1717 = CARTESIAN_POINT ( 'NONE',  ( -33.00000000000001421, 6.499999999999999112, 9.000000000000067502 ) ) ;
#1718 = ORIENTED_EDGE ( 'NONE', *, *, #5467, .F. ) ;
#1719 = CARTESIAN_POINT ( 'NONE',  ( 23.99999999999998579, 7.500000000000009770, 0.000000000000000000 ) ) ;
#1720 = EDGE_CURVE ( 'NONE', #1441, #5704, #1752, .T. ) ;
#1721 = CARTESIAN_POINT ( 'NONE',  ( 16.00000000000000000, -32.50000000000009237, 18.00000000000012790 ) ) ;
#1722 = VECTOR ( 'NONE', #1690, 1000.000000000000000 ) ;
#1723 = DIRECTION ( 'NONE',  ( -0.000000000000000000, -0.000000000000000000, -1.000000000000000000 ) ) ;
#1724 = EDGE_LOOP ( 'NONE', ( #4255, #3643, #188, #3698, #5181 ) ) ;
#1725 = EDGE_LOOP ( 'NONE', ( #654, #2001, #4687, #209 ) ) ;
#1726 = CARTESIAN_POINT ( 'NONE',  ( 69.10000000000000853, -7.432859924887909031, 0.000000000000000000 ) ) ;
#1727 = ORIENTED_EDGE ( 'NONE', *, *, #3478, .F. ) ;
#1728 = CARTESIAN_POINT ( 'NONE',  ( -97.30000000000001137, -7.432859924887881498, 0.000000000000000000 ) ) ;
#1729 = EDGE_CURVE ( 'NONE', #4301, #4226, #5341, .T. ) ;
#1730 = CARTESIAN_POINT ( 'NONE',  ( -84.49999999999998579, -16.50000000000000000, 10.00000000000000000 ) ) ;
#1731 = LINE ( 'NONE', #4437, #4411 ) ;
#1732 = CARTESIAN_POINT ( 'NONE',  ( 54.40000000000000568, -8.900000000000000355, 10.00000000000000000 ) ) ;
#1733 = VERTEX_POINT ( 'NONE', #5746 ) ;
#1734 = EDGE_LOOP ( 'NONE', ( #2838, #2785, #2074, #478 ) ) ;
#1735 = DIRECTION ( 'NONE',  ( 0.000000000000000000, 0.000000000000000000, -1.000000000000000000 ) ) ;
#1736 = CARTESIAN_POINT ( 'NONE',  ( 69.60000000000002274, -24.09999999999999787, 0.000000000000000000 ) ) ;
#1737 = FACE_OUTER_BOUND ( 'NONE', #1789, .T. ) ;
#1738 = EDGE_CURVE ( 'NONE', #439, #623, #2186, .T. ) ;
#1739 = FACE_OUTER_BOUND ( 'NONE', #2977, .T. ) ;
#1740 = ORIENTED_EDGE ( 'NONE', *, *, #4693, .T. ) ;
#1741 = FACE_OUTER_BOUND ( 'NONE', #3012, .T. ) ;
#1742 = ORIENTED_EDGE ( 'NONE', *, *, #22, .F. ) ;
#1743 = DIRECTION ( 'NONE',  ( 1.000000000000000000, 0.000000000000000000, 0.000000000000000000 ) ) ;
#1744 = VECTOR ( 'NONE', #2404, 1000.000000000000000 ) ;
#1745 = CARTESIAN_POINT ( 'NONE',  ( 69.10000000000000853, 0.000000000000000000, 10.00000000000000000 ) ) ;
#1746 = DIRECTION ( 'NONE',  ( 0.000000000000000000, 0.000000000000000000, 1.000000000000000000 ) ) ;
#1747 = FACE_OUTER_BOUND ( 'NONE', #5479, .T. ) ;
#1748 = EDGE_CURVE ( 'NONE', #1137, #4758, #1784, .T. ) ;
#1749 = VECTOR ( 'NONE', #4499, 1000.000000000000000 ) ;
#1750 = AXIS2_PLACEMENT_3D ( 'NONE', #1736, #4056, #2759 ) ;
#1751 = CARTESIAN_POINT ( 'NONE',  ( -33.00000000000001421, -2.500000000000002220, 0.000000000000000000 ) ) ;
#1752 = LINE ( 'NONE', #2724, #1563 ) ;
#1753 = VECTOR ( 'NONE', #5540, 1000.000000000000114 ) ;
#1754 = LINE ( 'NONE', #4019, #3655 ) ;
#1755 = AXIS2_PLACEMENT_3D ( 'NONE', #5204, #3887, #3030 ) ;
#1756 = ORIENTED_EDGE ( 'NONE', *, *, #2549, .F. ) ;
#1757 = EDGE_CURVE ( 'NONE', #4722, #525, #4188, .T. ) ;
#1758 = ORIENTED_EDGE ( 'NONE', *, *, #5696, .T. ) ;
#1759 = CONICAL_SURFACE ( 'NONE', #1561, 14.00000000000002665, 0.7853981633974346233 ) ;
#1760 = CARTESIAN_POINT ( 'NONE',  ( -99.80000000000001137, -8.400000000000005684, 10.00000000000000000 ) ) ;
#1761 = CIRCLE ( 'NONE', #1378, 1.549999999999995826 ) ;
#1762 = PLANE ( 'NONE',  #5323 ) ;
#1763 = CARTESIAN_POINT ( 'NONE',  ( 0.000000000000000000, -6.899999999999999467, 10.00000000000000000 ) ) ;
#1764 = DIRECTION ( 'NONE',  ( -1.000000000000000000, 0.000000000000000000, 0.000000000000000000 ) ) ;
#1765 = ADVANCED_FACE ( 'NONE', ( #449 ), #7, .F. ) ;
#1766 = VECTOR ( 'NONE', #3273, 1000.000000000000000 ) ;
#1767 = EDGE_LOOP ( 'NONE', ( #4223, #3788, #3950, #349 ) ) ;
#1768 = DIRECTION ( 'NONE',  ( -0.000000000000000000, -0.000000000000000000, -1.000000000000000000 ) ) ;
#1769 = FACE_OUTER_BOUND ( 'NONE', #3464, .T. ) ;
#1770 = VECTOR ( 'NONE', #4370, 1000.000000000000000 ) ;
#1771 = CARTESIAN_POINT ( 'NONE',  ( 62.00000000000000000, -1.500000000000008216, 0.000000000000000000 ) ) ;
#1772 = ORIENTED_EDGE ( 'NONE', *, *, #4761, .T. ) ;
#1773 = VECTOR ( 'NONE', #2006, 1000.000000000000114 ) ;
#1774 = CARTESIAN_POINT ( 'NONE',  ( 69.60000000000002274, -24.09999999999999787, 10.00000000000000000 ) ) ;
#1775 = EDGE_LOOP ( 'NONE', ( #796, #1124, #136, #5644 ) ) ;
#1776 = VECTOR ( 'NONE', #3112, 1000.000000000000000 ) ;
#1777 = DIRECTION ( 'NONE',  ( 1.000000000000000000, 0.000000000000000000, -0.000000000000000000 ) ) ;
#1778 = VECTOR ( 'NONE', #4064, 1000.000000000000000 ) ;
#1779 = APPLICATION_PROTOCOL_DEFINITION ( 'draft international standard', 'automotive_design', 1998, #561 ) ;
#1780 = DIRECTION ( 'NONE',  ( -0.000000000000000000, 0.000000000000000000, -1.000000000000000000 ) ) ;
#1781 = LINE ( 'NONE', #3578, #1372 ) ;
#1782 = AXIS2_PLACEMENT_3D ( 'NONE', #1583, #3375, #1141 ) ;
#1783 = CARTESIAN_POINT ( 'NONE',  ( -33.00000000000001421, -30.50000000000008171, 10.00000000000000000 ) ) ;
#1784 = LINE ( 'NONE', #1341, #1002 ) ;
#1785 = VECTOR ( 'NONE', #99, 1000.000000000000000 ) ;
#1786 = EDGE_CURVE ( 'NONE', #1640, #3949, #3605, .T. ) ;
#1787 = DIRECTION ( 'NONE',  ( -0.000000000000000000, 0.000000000000000000, 1.000000000000000000 ) ) ;
#1788 = ORIENTED_EDGE ( 'NONE', *, *, #857, .F. ) ;
#1789 = EDGE_LOOP ( 'NONE', ( #4403, #1287, #790, #768 ) ) ;
#1790 = DIRECTION ( 'NONE',  ( -0.000000000000000000, 0.000000000000000000, 1.000000000000000000 ) ) ;
#1791 = CARTESIAN_POINT ( 'NONE',  ( 68.13285992488792431, -9.399999999999998579, 10.00000000000000000 ) ) ;
#1792 = EDGE_CURVE ( 'NONE', #3290, #4343, #1364, .T. ) ;
#1793 = DIRECTION ( 'NONE',  ( -0.000000000000000000, -0.000000000000000000, -1.000000000000000000 ) ) ;
#1794 = PLANE ( 'NONE',  #4772 ) ;
#1795 = ORIENTED_EDGE ( 'NONE', *, *, #5408, .F. ) ;
#1796 = CARTESIAN_POINT ( 'NONE',  ( -98.30000000000001137, -10.36714007511211832, 10.00000000000000000 ) ) ;
#1797 = CARTESIAN_POINT ( 'NONE',  ( 0.000000000000000000, 7.500000000000009770, 0.000000000000000000 ) ) ;
#1798 = DIRECTION ( 'NONE',  ( 0.000000000000000000, -1.000000000000000000, 0.000000000000000000 ) ) ;
#1799 = EDGE_CURVE ( 'NONE', #1702, #652, #1519, .T. ) ;
#1800 = FACE_OUTER_BOUND ( 'NONE', #2632, .T. ) ;
#1801 = ORIENTED_EDGE ( 'NONE', *, *, #1991, .F. ) ;
#1802 = EDGE_LOOP ( 'NONE', ( #4062, #5218, #817, #682 ) ) ;
#1803 = CARTESIAN_POINT ( 'NONE',  ( 52.93285992488791436, -9.400000000000000355, 10.00000000000000000 ) ) ;
#1804 = ORIENTED_EDGE ( 'NONE', *, *, #2801, .T. ) ;
#1805 = EDGE_CURVE ( 'NONE', #3137, #2509, #3847, .T. ) ;
#1806 = DIRECTION ( 'NONE',  ( 0.000000000000000000, -0.000000000000000000, 1.000000000000000000 ) ) ;
#1807 = DIRECTION ( 'NONE',  ( 0.000000000000000000, -0.7071067811865474617, 0.7071067811865474617 ) ) ;
#1808 = DIRECTION ( 'NONE',  ( 1.000000000000000000, 0.000000000000000000, 0.000000000000000000 ) ) ;
#1809 = DIRECTION ( 'NONE',  ( -0.000000000000000000, 0.000000000000000000, 1.000000000000000000 ) ) ;
#1810 = DIRECTION ( 'NONE',  ( -0.000000000000000000, -0.000000000000000000, -1.000000000000000000 ) ) ;
#1811 = CARTESIAN_POINT ( 'NONE',  ( 0.000000000000000000, -9.400000000000007461, 0.000000000000000000 ) ) ;
#1812 = ORIENTED_EDGE ( 'NONE', *, *, #3519, .F. ) ;
#1813 = ORIENTED_EDGE ( 'NONE', *, *, #4617, .F. ) ;
#1814 = ORIENTED_EDGE ( 'NONE', *, *, #3185, .F. ) ;
#1815 = AXIS2_PLACEMENT_3D ( 'NONE', #3358, #706, #232 ) ;
#1816 = LINE ( 'NONE', #1791, #4007 ) ;
#1817 = CARTESIAN_POINT ( 'NONE',  ( 0.000000000000000000, -2.499999999999981348, 0.000000000000000000 ) ) ;
#1818 = CARTESIAN_POINT ( 'NONE',  ( -24.00000000000009592, 7.500000000000009770, 10.00000000000000000 ) ) ;
#1819 = ORIENTED_EDGE ( 'NONE', *, *, #5630, .T. ) ;
#1820 = DIRECTION ( 'NONE',  ( -0.000000000000000000, -0.000000000000000000, -1.000000000000000000 ) ) ;
#1821 = EDGE_CURVE ( 'NONE', #1615, #701, #1761, .T. ) ;
#1822 = DIRECTION ( 'NONE',  ( 1.000000000000000000, 0.000000000000000000, 0.000000000000000000 ) ) ;
#1823 = EDGE_CURVE ( 'NONE', #4825, #1103, #2425, .T. ) ;
#1824 = LINE ( 'NONE', #942, #2334 ) ;
#1825 = ORIENTED_EDGE ( 'NONE', *, *, #4587, .F. ) ;
#1826 = EDGE_CURVE ( 'NONE', #5463, #954, #2312, .T. ) ;
#1827 = CARTESIAN_POINT ( 'NONE',  ( 69.10000000000000853, 0.000000000000000000, 0.000000000000000000 ) ) ;
#1828 = ORIENTED_EDGE ( 'NONE', *, *, #3603, .F. ) ;
#1829 = LINE ( 'NONE', #1745, #1429 ) ;
#1830 = CARTESIAN_POINT ( 'NONE',  ( 0.000000000000000000, -33.00000000000000000, 3.000000000000000000 ) ) ;
#1831 = EDGE_CURVE ( 'NONE', #365, #566, #3369, .T. ) ;
#1832 = DIRECTION ( 'NONE',  ( -1.000000000000000000, 0.000000000000000000, 0.000000000000000000 ) ) ;
#1833 = ORIENTED_EDGE ( 'NONE', *, *, #529, .F. ) ;
#1834 = CARTESIAN_POINT ( 'NONE',  ( 62.00000000000000000, -1.500000000000008216, 10.00000000000000000 ) ) ;
#1835 = DIRECTION ( 'NONE',  ( -1.000000000000000000, 0.000000000000000000, 0.000000000000000000 ) ) ;
#1836 = DIRECTION ( 'NONE',  ( -1.000000000000000000, 0.000000000000000000, 0.000000000000000000 ) ) ;
#1837 = ORIENTED_EDGE ( 'NONE', *, *, #5458, .F. ) ;
#1838 = VECTOR ( 'NONE', #425, 1000.000000000000000 ) ;
#1839 = ADVANCED_FACE ( 'NONE', ( #3246 ), #184, .T. ) ;
#1840 = ORIENTED_EDGE ( 'NONE', *, *, #1169, .F. ) ;
#1841 = SURFACE_SIDE_STYLE ('',( #36 ) ) ;
#1842 = CARTESIAN_POINT ( 'NONE',  ( 0.000000000000000000, -1.500000000000001332, 10.00000000000000000 ) ) ;
#1843 = VECTOR ( 'NONE', #445, 1000.000000000000000 ) ;
#1844 = CIRCLE ( 'NONE', #3062, 14.99999999999998579 ) ;
#1845 = CYLINDRICAL_SURFACE ( 'NONE', #5818, 15.00000000000000000 ) ;
#1846 = FACE_BOUND ( 'NONE', #2139, .T. ) ;
#1847 = EDGE_LOOP ( 'NONE', ( #3480, #3942, #2137, #1641 ) ) ;
#1848 = LINE ( 'NONE', #5783, #1749 ) ;
#1849 = VECTOR ( 'NONE', #1317, 1000.000000000000000 ) ;
#1850 = FACE_OUTER_BOUND ( 'NONE', #5485, .T. ) ;
#1851 = CONICAL_SURFACE ( 'NONE', #622, 14.99999999999998579, 0.7853981633974466137 ) ;
#1852 = DIRECTION ( 'NONE',  ( 0.000000000000000000, 0.7071067811865474617, 0.7071067811865474617 ) ) ;
#1853 = VECTOR ( 'NONE', #3726, 1000.000000000000000 ) ;
#1854 = VECTOR ( 'NONE', #5425, 1000.000000000000000 ) ;
#1855 = EDGE_CURVE ( 'NONE', #1434, #2951, #2034, .T. ) ;
#1856 = ORIENTED_EDGE ( 'NONE', *, *, #2677, .F. ) ;
#1857 = LINE ( 'NONE', #3658, #5415 ) ;
#1858 = ORIENTED_EDGE ( 'NONE', *, *, #5380, .T. ) ;
#1859 = EDGE_CURVE ( 'NONE', #3764, #4316, #527, .T. ) ;
#1860 = CARTESIAN_POINT ( 'NONE',  ( 56.40000000000000568, -24.60000000000000497, 10.00000000000000000 ) ) ;
#1861 = DIRECTION ( 'NONE',  ( 0.000000000000000000, 0.000000000000000000, -1.000000000000000000 ) ) ;
#1862 = VERTEX_POINT ( 'NONE', #5162 ) ;
#1863 = VECTOR ( 'NONE', #40, 1000.000000000000000 ) ;
#1864 = LINE ( 'NONE', #4151, #1003 ) ;
#1865 = CARTESIAN_POINT ( 'NONE',  ( 52.40000000000000568, -23.60000000000000142, 0.000000000000000000 ) ) ;
#1866 = ADVANCED_FACE ( 'NONE', ( #5050 ), #2364, .F. ) ;
#1867 = EDGE_CURVE ( 'NONE', #5209, #701, #4222, .T. ) ;
#1868 = FACE_OUTER_BOUND ( 'NONE', #5255, .T. ) ;
#1869 = VERTEX_POINT ( 'NONE', #4276 ) ;
#1870 = ORIENTED_EDGE ( 'NONE', *, *, #4379, .F. ) ;
#1871 = ORIENTED_EDGE ( 'NONE', *, *, #4227, .F. ) ;
#1872 = FACE_OUTER_BOUND ( 'NONE', #1767, .T. ) ;
#1873 = AXIS2_PLACEMENT_3D ( 'NONE', #3968, #2642, #5755 ) ;
#1874 = DIRECTION ( 'NONE',  ( 0.000000000000000000, -1.000000000000000000, 0.000000000000000000 ) ) ;
#1875 = PLANE ( 'NONE',  #2812 ) ;
#1876 = DIRECTION ( 'NONE',  ( -1.000000000000000000, 0.000000000000000000, 0.000000000000000000 ) ) ;
#1877 = ORIENTED_EDGE ( 'NONE', *, *, #4471, .F. ) ;
#1878 = DIRECTION ( 'NONE',  ( 1.000000000000000000, 0.000000000000000000, 0.000000000000000000 ) ) ;
#1879 = LINE ( 'NONE', #991, #4363 ) ;
#1880 = LINE ( 'NONE', #5381, #2622 ) ;
#1881 = ORIENTED_EDGE ( 'NONE', *, *, #637, .F. ) ;
#1882 = CARTESIAN_POINT ( 'NONE',  ( -97.30000000000001137, 0.000000000000000000, 10.00000000000000000 ) ) ;
#1883 = CARTESIAN_POINT ( 'NONE',  ( 48.99999999999999289, -16.49999999999998579, 1.000000000000000888 ) ) ;
#1884 = EDGE_CURVE ( 'NONE', #1041, #956, #2898, .T. ) ;
#1885 = ORIENTED_EDGE ( 'NONE', *, *, #2256, .F. ) ;
#1886 = CARTESIAN_POINT ( 'NONE',  ( 0.000000000000000000, -31.50000000000000000, 10.00000000000000000 ) ) ;
#1887 = CARTESIAN_POINT ( 'NONE',  ( 54.40000000000000568, -24.10000000000000142, 10.00000000000000000 ) ) ;
#1888 = ADVANCED_FACE ( 'NONE', ( #1924 ), #2837, .F. ) ;
#1889 = ORIENTED_EDGE ( 'NONE', *, *, #3948, .F. ) ;
#1890 = CARTESIAN_POINT ( 'NONE',  ( 48.03575995623106820, -30.50000000000004974, 10.00000000000000000 ) ) ;
#1891 = CARTESIAN_POINT ( 'NONE',  ( 71.06714007511209275, -8.399999999999998579, 0.000000000000000000 ) ) ;
#1892 = CARTESIAN_POINT ( 'NONE',  ( 0.000000000000000000, -10.90000000000000036, 10.00000000000000000 ) ) ;
#1893 = ORIENTED_EDGE ( 'NONE', *, *, #3048, .F. ) ;
#1894 = ORIENTED_EDGE ( 'NONE', *, *, #775, .T. ) ;
#1895 = EDGE_CURVE ( 'NONE', #3220, #1862, #4631, .T. ) ;
#1896 = CARTESIAN_POINT ( 'NONE',  ( 2.886579864025407005E-15, -25.99999999999999289, 0.000000000000000000 ) ) ;
#1897 = LINE ( 'NONE', #5487, #2598 ) ;
#1898 = VECTOR ( 'NONE', #4325, 1000.000000000000000 ) ;
#1899 = DIRECTION ( 'NONE',  ( -1.000000000000000000, 0.000000000000000000, 0.000000000000000000 ) ) ;
#1900 = CARTESIAN_POINT ( 'NONE',  ( 54.40000000000000568, -24.10000000000000142, 10.00000000000000000 ) ) ;
#1901 = VERTEX_POINT ( 'NONE', #212 ) ;
#1902 = DIRECTION ( 'NONE',  ( -0.000000000000000000, -0.000000000000000000, 1.000000000000000000 ) ) ;
#1903 = EDGE_CURVE ( 'NONE', #1320, #4343, #2452, .T. ) ;
#1904 = DIRECTION ( 'NONE',  ( -0.000000000000000000, -0.000000000000000000, -1.000000000000000000 ) ) ;
#1905 = DIRECTION ( 'NONE',  ( -0.000000000000000000, -0.000000000000000000, -1.000000000000000000 ) ) ;
#1906 = EDGE_LOOP ( 'NONE', ( #3739, #1054, #4405, #1926 ) ) ;
#1907 = CARTESIAN_POINT ( 'NONE',  ( -3.250000000000000444, 0.000000000000000000, 0.000000000000000000 ) ) ;
#1908 = VERTEX_POINT ( 'NONE', #1045 ) ;
#1909 = FACE_OUTER_BOUND ( 'NONE', #2087, .T. ) ;
#1910 = EDGE_CURVE ( 'NONE', #1370, #1554, #3758, .T. ) ;
#1911 = ORIENTED_EDGE ( 'NONE', *, *, #1693, .F. ) ;
#1912 = CARTESIAN_POINT ( 'NONE',  ( -25.00000000000001421, -41.49999999999999289, 1.000000000000000888 ) ) ;
#1913 = LINE ( 'NONE', #1532, #2304 ) ;
#1914 = DIRECTION ( 'NONE',  ( 0.000000000000000000, 1.000000000000000000, 0.000000000000000000 ) ) ;
#1915 = CARTESIAN_POINT ( 'NONE',  ( 32.99999999999998579, -39.50000000000000711, 0.000000000000000000 ) ) ;
#1916 = DIRECTION ( 'NONE',  ( 0.000000000000000000, -0.000000000000000000, -1.000000000000000000 ) ) ;
#1917 = VERTEX_POINT ( 'NONE', #5549 ) ;
#1918 = EDGE_CURVE ( 'NONE', #1320, #1041, #3810, .T. ) ;
#1919 = ORIENTED_EDGE ( 'NONE', *, *, #3772, .T. ) ;
#1920 = EDGE_LOOP ( 'NONE', ( #1147, #28 ) ) ;
#1921 =( NAMED_UNIT ( * ) SI_UNIT ( $, .STERADIAN. ) SOLID_ANGLE_UNIT ( ) );
#1922 = CARTESIAN_POINT ( 'NONE',  ( -84.49999999999998579, -16.50000000000000000, 0.000000000000000000 ) ) ;
#1923 = CONICAL_SURFACE ( 'NONE', #2114, 14.99999999999997868, 0.7853981633974466137 ) ;
#1924 = FACE_OUTER_BOUND ( 'NONE', #4712, .T. ) ;
#1925 = EDGE_CURVE ( 'NONE', #4888, #1267, #2077, .T. ) ;
#1926 = ORIENTED_EDGE ( 'NONE', *, *, #5807, .T. ) ;
#1927 = LINE ( 'NONE', #2390, #4116 ) ;
#1928 = EDGE_LOOP ( 'NONE', ( #509, #4873, #4996, #168 ) ) ;
#1929 = DIRECTION ( 'NONE',  ( -0.5773502691896257311, 0.5773502691896257311, -0.5773502691896257311 ) ) ;
#1930 = CIRCLE ( 'NONE', #135, 8.500000000000000000 ) ;
#1931 = AXIS2_PLACEMENT_3D ( 'NONE', #3063, #2180, #4353 ) ;
#1932 = FACE_OUTER_BOUND ( 'NONE', #3269, .T. ) ;
#1933 = EDGE_CURVE ( 'NONE', #1041, #1357, #4485, .T. ) ;
#1934 = AXIS2_PLACEMENT_3D ( 'NONE', #804, #1313, #3957 ) ;
#1935 = CONICAL_SURFACE ( 'NONE', #3244, 14.99999999999998579, 0.7853981633974466137 ) ;
#1936 = VERTEX_POINT ( 'NONE', #3869 ) ;
#1937 = AXIS2_PLACEMENT_3D ( 'NONE', #4049, #3522, #4962 ) ;
#1938 = ORIENTED_EDGE ( 'NONE', *, *, #1062, .T. ) ;
#1939 = DIRECTION ( 'NONE',  ( -0.000000000000000000, -0.000000000000000000, -1.000000000000000000 ) ) ;
#1940 = CARTESIAN_POINT ( 'NONE',  ( 48.00000000000001421, -31.50000000000000711, 10.00000000000000000 ) ) ;
#1941 = EDGE_LOOP ( 'NONE', ( #5251, #2179, #9, #380 ) ) ;
#1942 = AXIS2_PLACEMENT_3D ( 'NONE', #5100, #71, #5076 ) ;
#1943 = VECTOR ( 'NONE', #29, 1000.000000000000000 ) ;
#1944 = CARTESIAN_POINT ( 'NONE',  ( -84.49999999999998579, -25.00000000000000000, 9.000000000000000000 ) ) ;
#1945 = VECTOR ( 'NONE', #4643, 1000.000000000000000 ) ;
#1947 = AXIS2_PLACEMENT_3D ( 'NONE', #1915, #2829, #1835 ) ;
#1946 = DIRECTION ( 'NONE',  ( 0.000000000000000000, 1.000000000000000000, 0.000000000000000000 ) ) ;
#1948 = DIRECTION ( 'NONE',  ( 1.000000000000000000, 0.000000000000000000, 0.000000000000000000 ) ) ;
#1949 = DIRECTION ( 'NONE',  ( -1.000000000000000000, 0.000000000000000000, 0.000000000000000000 ) ) ;
#1950 = CIRCLE ( 'NONE', #3351, 1.549999999999968070 ) ;
#1951 = LINE ( 'NONE', #4600, #5056 ) ;
#1952 = VERTEX_POINT ( 'NONE', #2103 ) ;
#1953 = ORIENTED_EDGE ( 'NONE', *, *, #359, .F. ) ;
#1954 = VECTOR ( 'NONE', #4392, 1000.000000000000000 ) ;
#1955 = CARTESIAN_POINT ( 'NONE',  ( -25.00000000000001421, -41.49999999999999289, 1.000000000000000888 ) ) ;
#1956 = EDGE_CURVE ( 'NONE', #722, #1901, #3918, .T. ) ;
#1957 = LINE ( 'NONE', #4132, #2215 ) ;
#1958 = CIRCLE ( 'NONE', #2149, 9.500000000000001776 ) ;
#1959 = CARTESIAN_POINT ( 'NONE',  ( 0.000000000000000000, 0.000000000000000000, 3.000000000000000000 ) ) ;
#1960 = VERTEX_POINT ( 'NONE', #3010 ) ;
#1961 = ORIENTED_EDGE ( 'NONE', *, *, #5648, .T. ) ;
#1962 = FACE_OUTER_BOUND ( 'NONE', #1032, .T. ) ;
#1963 = VECTOR ( 'NONE', #967, 1000.000000000000000 ) ;
#1964 = EDGE_CURVE ( 'NONE', #3319, #4812, #1159, .T. ) ;
#1965 = CARTESIAN_POINT ( 'NONE',  ( -0.000000000000000000, -24.60000000000000497, 0.000000000000000000 ) ) ;
#1966 = ORIENTED_EDGE ( 'NONE', *, *, #789, .F. ) ;
#1967 = ORIENTED_EDGE ( 'NONE', *, *, #2612, .T. ) ;
#1968 = DIRECTION ( 'NONE',  ( 0.000000000000000000, -1.000000000000000000, 0.000000000000000000 ) ) ;
#1969 = CARTESIAN_POINT ( 'NONE',  ( 0.000000000000000000, -33.00000000000000000, 3.000000000000000000 ) ) ;
#1970 = EDGE_CURVE ( 'NONE', #3377, #5103, #5691, .T. ) ;
#1971 = DIRECTION ( 'NONE',  ( 0.000000000000000000, -0.000000000000000000, 1.000000000000000000 ) ) ;
#1972 = ORIENTED_EDGE ( 'NONE', *, *, #1986, .T. ) ;
#1973 = LINE ( 'NONE', #1035, #1753 ) ;
#1974 = EDGE_CURVE ( 'NONE', #439, #3685, #2572, .T. ) ;
#1975 = ORIENTED_EDGE ( 'NONE', *, *, #3552, .F. ) ;
#1976 = CARTESIAN_POINT ( 'NONE',  ( 69.10000000000000853, -6.899999999999998579, 10.00000000000000000 ) ) ;
#1977 = CARTESIAN_POINT ( 'NONE',  ( 68.13285992488792431, -24.60000000000000497, 10.00000000000000000 ) ) ;
#1978 = CARTESIAN_POINT ( 'NONE',  ( -97.80000000000001137, -24.10000000000000497, 0.000000000000000000 ) ) ;
#1979 = EDGE_LOOP ( 'NONE', ( #132, #4574, #5739, #1142 ) ) ;
#1980 = VERTEX_POINT ( 'NONE', #1223 ) ;
#1981 = ORIENTED_EDGE ( 'NONE', *, *, #3081, .F. ) ;
#1982 = LINE ( 'NONE', #656, #5125 ) ;
#1983 = DIRECTION ( 'NONE',  ( 0.000000000000000000, 1.000000000000000000, -0.000000000000000000 ) ) ;
#1984 = DIRECTION ( 'NONE',  ( 1.000000000000000000, 0.000000000000000000, 0.000000000000000000 ) ) ;
#1985 = ORIENTED_EDGE ( 'NONE', *, *, #2557, .F. ) ;
#1986 = EDGE_CURVE ( 'NONE', #4721, #2286, #1097, .T. ) ;
#1987 = CARTESIAN_POINT ( 'NONE',  ( 47.68227931540591413, -30.82907256795386530, 0.3290725679538377690 ) ) ;
#1988 = ORIENTED_EDGE ( 'NONE', *, *, #683, .F. ) ;
#1989 = AXIS2_PLACEMENT_3D ( 'NONE', #3099, #838, #3576 ) ;
#1990 = CARTESIAN_POINT ( 'NONE',  ( -96.33285992488789873, -9.400000000000007461, 10.00000000000000000 ) ) ;
#1991 = EDGE_CURVE ( 'NONE', #2639, #5078, #2949, .T. ) ;
#1992 = ORIENTED_EDGE ( 'NONE', *, *, #3620, .T. ) ;
#1993 = ORIENTED_EDGE ( 'NONE', *, *, #2514, .F. ) ;
#1994 = LINE ( 'NONE', #83, #4085 ) ;
#1995 = EDGE_CURVE ( 'NONE', #2776, #3431, #4334, .T. ) ;
#1996 = CARTESIAN_POINT ( 'NONE',  ( 32.99999999999998579, -31.50000000000000711, 10.00000000000000000 ) ) ;
#1997 = CARTESIAN_POINT ( 'NONE',  ( -112.8000000000000114, -16.50000000000000000, 1.000000000000000888 ) ) ;
#1998 = VECTOR ( 'NONE', #3485, 1000.000000000000000 ) ;
#1999 = ORIENTED_EDGE ( 'NONE', *, *, #830, .F. ) ;
#2000 = EDGE_CURVE ( 'NONE', #402, #3378, #1191, .T. ) ;
#2001 = ORIENTED_EDGE ( 'NONE', *, *, #3928, .F. ) ;
#2002 = DIRECTION ( 'NONE',  ( 0.000000000000000000, 1.000000000000000000, -0.000000000000000000 ) ) ;
#2003 = CARTESIAN_POINT ( 'NONE',  ( 76.99999999999998579, -16.50000000000000711, 0.000000000000000000 ) ) ;
#2004 = LINE ( 'NONE', #1127, #611 ) ;
#2005 = CARTESIAN_POINT ( 'NONE',  ( -112.8000000000000114, -30.50000000000008171, 10.00000000000000000 ) ) ;
#2006 = DIRECTION ( 'NONE',  ( -0.7071067811865474617, 0.000000000000000000, -0.7071067811865474617 ) ) ;
#2007 = EDGE_CURVE ( 'NONE', #2951, #4525, #1602, .T. ) ;
#2008 = ORIENTED_EDGE ( 'NONE', *, *, #1970, .F. ) ;
#2009 = FACE_BOUND ( 'NONE', #688, .T. ) ;
#2010 = ORIENTED_EDGE ( 'NONE', *, *, #3443, .F. ) ;
#2011 = ORIENTED_EDGE ( 'NONE', *, *, #3911, .F. ) ;
#2012 = PLANE ( 'NONE',  #3245 ) ;
#2013 = FACE_BOUND ( 'NONE', #5576, .T. ) ;
#2014 = DIRECTION ( 'NONE',  ( 1.000000000000000000, 2.238352872228144383E-15, 0.000000000000000000 ) ) ;
#2015 = EDGE_CURVE ( 'NONE', #1028, #4816, #5215, .T. ) ;
#2016 = ORIENTED_EDGE ( 'NONE', *, *, #5622, .T. ) ;
#2017 = VERTEX_POINT ( 'NONE', #1698 ) ;
#2018 = DIRECTION ( 'NONE',  ( 0.000000000000000000, 0.7071067811865420216, 0.7071067811865531239 ) ) ;
#2019 = VECTOR ( 'NONE', #1545, 1000.000000000000000 ) ;
#2020 = CARTESIAN_POINT ( 'NONE',  ( -25.00000000000001421, -39.50000000000000000, 9.000000000000067502 ) ) ;
#2021 = ORIENTED_EDGE ( 'NONE', *, *, #1826, .T. ) ;
#2022 = VERTEX_POINT ( 'NONE', #2605 ) ;
#2023 = CARTESIAN_POINT ( 'NONE',  ( -96.33285992488789873, -23.59999999999999432, 10.00000000000000000 ) ) ;
#2024 = VECTOR ( 'NONE', #4269, 1000.000000000000114 ) ;
#2025 = PLANE ( 'NONE',  #4478 ) ;
#2026 = ORIENTED_EDGE ( 'NONE', *, *, #4236, .T. ) ;
#2027 = EDGE_CURVE ( 'NONE', #2031, #1908, #271, .T. ) ;
#2028 = AXIS2_PLACEMENT_3D ( 'NONE', #1717, #3416, #5303 ) ;
#2029 = VECTOR ( 'NONE', #4878, 1000.000000000000000 ) ;
#2030 = AXIS2_PLACEMENT_3D ( 'NONE', #322, #1663, #3419 ) ;
#2031 = VERTEX_POINT ( 'NONE', #720 ) ;
#2032 = DIRECTION ( 'NONE',  ( -1.000000000000000000, 0.000000000000000000, 0.000000000000000000 ) ) ;
#2033 = VECTOR ( 'NONE', #4386, 1000.000000000000000 ) ;
#2034 = CIRCLE ( 'NONE', #4479, 1.549999999999995826 ) ;
#2035 = VECTOR ( 'NONE', #4427, 1000.000000000000000 ) ;
#2036 = LINE ( 'NONE', #2915, #2604 ) ;
#2037 = EDGE_CURVE ( 'NONE', #5553, #5637, #3492, .T. ) ;
#2038 = DIRECTION ( 'NONE',  ( -0.000000000000000000, 0.000000000000000000, 1.000000000000000000 ) ) ;
#2039 = PLANE ( 'NONE',  #204 ) ;
#2040 = CARTESIAN_POINT ( 'NONE',  ( 76.31220805098155324, -30.81220805098157101, 0.3237949338274095368 ) ) ;
#2041 = CONICAL_SURFACE ( 'NONE', #5708, 14.00000000000002665, 0.7853981633974346233 ) ;
#2042 = ORIENTED_EDGE ( 'NONE', *, *, #1482, .F. ) ;
#2043 = CARTESIAN_POINT ( 'NONE',  ( -84.49999999999998579, -16.50000000000000000, 0.000000000000000000 ) ) ;
#2044 = ORIENTED_EDGE ( 'NONE', *, *, #3497, .T. ) ;
#2045 = CIRCLE ( 'NONE', #3554, 1.549999999999968070 ) ;
#2046 = VERTEX_POINT ( 'NONE', #4834 ) ;
#2047 = CARTESIAN_POINT ( 'NONE',  ( 0.000000000000000000, -9.400000000000000355, 10.00000000000000000 ) ) ;
#2048 = EDGE_CURVE ( 'NONE', #2118, #1487, #811, .T. ) ;
#2049 = CARTESIAN_POINT ( 'NONE',  ( -99.26714007511212401, -23.59999999999999432, 10.00000000000000000 ) ) ;
#2050 = CARTESIAN_POINT ( 'NONE',  ( 0.000000000000000000, -26.09999999999999787, 10.00000000000000000 ) ) ;
#2051 = ORIENTED_EDGE ( 'NONE', *, *, #4802, .F. ) ;
#2052 = VERTEX_POINT ( 'NONE', #363 ) ;
#2053 = DIRECTION ( 'NONE',  ( 0.000000000000000000, 0.000000000000000000, 1.000000000000000000 ) ) ;
#2054 = EDGE_CURVE ( 'NONE', #1527, #2637, #5748, .T. ) ;
#2055 = AXIS2_PLACEMENT_3D ( 'NONE', #401, #4467, #2559 ) ;
#2056 = AXIS2_PLACEMENT_3D ( 'NONE', #1595, #5207, #3065 ) ;
#2057 = LINE ( 'NONE', #1113, #4876 ) ;
#2058 = ORIENTED_EDGE ( 'NONE', *, *, #5202, .F. ) ;
#2059 = VERTEX_POINT ( 'NONE', #2636 ) ;
#2060 = DIRECTION ( 'NONE',  ( -0.000000000000000000, -0.000000000000000000, -1.000000000000000000 ) ) ;
#2061 = DIRECTION ( 'NONE',  ( -1.000000000000000000, 0.000000000000000000, 0.000000000000000000 ) ) ;
#2062 = AXIS2_PLACEMENT_3D ( 'NONE', #5224, #1197, #3083 ) ;
#2063 = ORIENTED_EDGE ( 'NONE', *, *, #5039, .T. ) ;
#2064 = DIRECTION ( 'NONE',  ( 0.000000000000000000, -0.000000000000000000, -1.000000000000000000 ) ) ;
#2065 = EDGE_CURVE ( 'NONE', #3927, #4686, #3421, .T. ) ;
#2066 = LINE ( 'NONE', #4263, #4106 ) ;
#2067 = DIRECTION ( 'NONE',  ( -1.000000000000000000, 0.000000000000000000, 0.000000000000000000 ) ) ;
#2068 = CARTESIAN_POINT ( 'NONE',  ( -97.80000000000001137, -8.900000000000000355, 10.00000000000000000 ) ) ;
#2069 = DIRECTION ( 'NONE',  ( 0.000000000000000000, -0.7071067811865420216, 0.7071067811865531239 ) ) ;
#2070 = ADVANCED_FACE ( 'NONE', ( #4780 ), #754, .T. ) ;
#2071 = LINE ( 'NONE', #869, #1082 ) ;
#2072 = ORIENTED_EDGE ( 'NONE', *, *, #3132, .T. ) ;
#2073 = EDGE_CURVE ( 'NONE', #3025, #863, #4759, .T. ) ;
#2074 = ORIENTED_EDGE ( 'NONE', *, *, #5467, .T. ) ;
#2075 = PLANE ( 'NONE',  #2030 ) ;
#2076 = CARTESIAN_POINT ( 'NONE',  ( 62.00000000000000000, -31.50000000000000711, 8.999999999999996447 ) ) ;
#2077 = LINE ( 'NONE', #4741, #1478 ) ;
#2078 = VERTEX_POINT ( 'NONE', #896 ) ;
#2079 = EDGE_CURVE ( 'NONE', #583, #2750, #5772, .T. ) ;
#2080 = VERTEX_POINT ( 'NONE', #4984 ) ;
#2081 = CARTESIAN_POINT ( 'NONE',  ( -21.50000000000001066, 5.000000000000007105, -2.500000000000003553 ) ) ;
#2082 = ORIENTED_EDGE ( 'NONE', *, *, #3497, .F. ) ;
#2083 = CARTESIAN_POINT ( 'NONE',  ( -98.30000000000001137, 0.000000000000000000, 10.00000000000000000 ) ) ;
#2084 = FACE_OUTER_BOUND ( 'NONE', #94, .T. ) ;
#2085 = ADVANCED_FACE ( 'NONE', ( #2725 ), #1365, .F. ) ;
#2086 = ORIENTED_EDGE ( 'NONE', *, *, #1110, .F. ) ;
#2087 = EDGE_LOOP ( 'NONE', ( #4060, #4029, #4070, #603 ) ) ;
#2088 = LINE ( 'NONE', #4818, #5031 ) ;
#2089 = DIRECTION ( 'NONE',  ( -0.000000000000000000, -0.000000000000000000, -1.000000000000000000 ) ) ;
#2090 = EDGE_CURVE ( 'NONE', #2555, #1160, #3160, .T. ) ;
#2091 = ORIENTED_EDGE ( 'NONE', *, *, #1867, .F. ) ;
#2092 = DIRECTION ( 'NONE',  ( -0.000000000000000000, 0.000000000000000000, 1.000000000000000000 ) ) ;
#2093 = DIRECTION ( 'NONE',  ( -1.000000000000000000, 0.000000000000000000, 0.000000000000000000 ) ) ;
#2094 = LINE ( 'NONE', #2503, #438 ) ;
#2095 = LINE ( 'NONE', #2971, #5373 ) ;
#2096 = FACE_OUTER_BOUND ( 'NONE', #5074, .T. ) ;
#2097 = FACE_OUTER_BOUND ( 'NONE', #2367, .T. ) ;
#2098 = ORIENTED_EDGE ( 'NONE', *, *, #3673, .F. ) ;
#2099 = ORIENTED_EDGE ( 'NONE', *, *, #1986, .F. ) ;
#2100 = DIRECTION ( 'NONE',  ( 1.000000000000000000, 0.000000000000000000, 0.000000000000000000 ) ) ;
#2101 = CARTESIAN_POINT ( 'NONE',  ( 47.99999999999999289, -1.500000000000006439, 0.000000000000000000 ) ) ;
#2102 = EDGE_CURVE ( 'NONE', #2433, #4722, #978, .T. ) ;
#2103 = CARTESIAN_POINT ( 'NONE',  ( 71.60000000000000853, -23.60000000000000142, 10.00000000000000000 ) ) ;
#2104 = ORIENTED_EDGE ( 'NONE', *, *, #3048, .T. ) ;
#2105 = ORIENTED_EDGE ( 'NONE', *, *, #5022, .T. ) ;
#2106 = DIRECTION ( 'NONE',  ( 0.000000000000000000, -1.000000000000000000, 0.000000000000000000 ) ) ;
#2107 = ORIENTED_EDGE ( 'NONE', *, *, #5238, .T. ) ;
#2108 = EDGE_CURVE ( 'NONE', #5002, #2281, #4699, .T. ) ;
#2109 = DIRECTION ( 'NONE',  ( -0.000000000000000000, -0.000000000000000000, -1.000000000000000000 ) ) ;
#2110 = CARTESIAN_POINT ( 'NONE',  ( 71.60000000000000853, -8.399999999999998579, 10.00000000000000000 ) ) ;
#2111 = ORIENTED_EDGE ( 'NONE', *, *, #585, .F. ) ;
#2112 = DIRECTION ( 'NONE',  ( -0.000000000000000000, 0.000000000000000000, 1.000000000000000000 ) ) ;
#2113 = LINE ( 'NONE', #5646, #3879 ) ;
#2114 = AXIS2_PLACEMENT_3D ( 'NONE', #4783, #275, #2455 ) ;
#2115 = ADVANCED_FACE ( 'NONE', ( #1868 ), #4957, .F. ) ;
#2116 = DIRECTION ( 'NONE',  ( 1.000000000000000000, 0.000000000000000000, 0.000000000000000000 ) ) ;
#2117 = AXIS2_PLACEMENT_3D ( 'NONE', #3379, #2112, #733 ) ;
#2118 = VERTEX_POINT ( 'NONE', #2331 ) ;
#2119 = LINE ( 'NONE', #3977, #241 ) ;
#2120 = CARTESIAN_POINT ( 'NONE',  ( -95.80000000000001137, 0.000000000000000000, 10.00000000000000000 ) ) ;
#2121 = CONICAL_SURFACE ( 'NONE', #903, 14.00000000000006750, 0.7853981633974405074 ) ;
#2122 = AXIS2_PLACEMENT_3D ( 'NONE', #4436, #3168, #5287 ) ;
#2123 = EDGE_CURVE ( 'NONE', #2824, #1537, #2272, .T. ) ;
#2124 = VECTOR ( 'NONE', #1157, 1000.000000000000000 ) ;
#2125 = CARTESIAN_POINT ( 'NONE',  ( 54.90000000000000568, 0.000000000000000000, 10.00000000000000000 ) ) ;
#2126 = PLANE ( 'NONE',  #1989 ) ;
#2127 = CARTESIAN_POINT ( 'NONE',  ( 54.40000000000000568, -24.10000000000000142, 10.00000000000000000 ) ) ;
#2128 = AXIS2_PLACEMENT_3D ( 'NONE', #2911, #4698, #223 ) ;
#2129 = CIRCLE ( 'NONE', #3821, 3.250000000000000888 ) ;
#2131 = VECTOR ( 'NONE', #2420, 1000.000000000000114 ) ;
#2130 = LINE ( 'NONE', #5768, #1652 ) ;
#2132 = ORIENTED_EDGE ( 'NONE', *, *, #874, .F. ) ;
#2133 = CARTESIAN_POINT ( 'NONE',  ( -98.30000000000001137, -6.900000000000000355, 10.00000000000000000 ) ) ;
#2134 = LINE ( 'NONE', #4897, #4100 ) ;
#2135 = DIRECTION ( 'NONE',  ( 0.000000000000000000, -0.000000000000000000, -1.000000000000000000 ) ) ;
#2136 = EDGE_LOOP ( 'NONE', ( #5808, #4914, #4905, #4646 ) ) ;
#2137 = ORIENTED_EDGE ( 'NONE', *, *, #775, .F. ) ;
#2138 = LINE ( 'NONE', #3899, #4173 ) ;
#2139 = EDGE_LOOP ( 'NONE', ( #1985, #2590 ) ) ;
#2140 = VECTOR ( 'NONE', #4514, 1000.000000000000000 ) ;
#2141 = DIRECTION ( 'NONE',  ( -0.000000000000000000, 0.000000000000000000, 1.000000000000000000 ) ) ;
#2142 = LINE ( 'NONE', #5701, #2891 ) ;
#2143 = ORIENTED_EDGE ( 'NONE', *, *, #4491, .T. ) ;
#2144 = ORIENTED_EDGE ( 'NONE', *, *, #2123, .F. ) ;
#2145 = DIRECTION ( 'NONE',  ( 1.000000000000000000, 0.000000000000000000, 0.000000000000000000 ) ) ;
#2146 = EDGE_CURVE ( 'NONE', #847, #3220, #1682, .T. ) ;
#2147 = PLANE ( 'NONE',  #1484 ) ;
#2148 = CARTESIAN_POINT ( 'NONE',  ( 71.06714007511209275, -9.399999999999998579, 10.00000000000000000 ) ) ;
#2149 = AXIS2_PLACEMENT_3D ( 'NONE', #4528, #3704, #491 ) ;
#2150 = VERTEX_POINT ( 'NONE', #5455 ) ;
#2151 = EDGE_CURVE ( 'NONE', #1862, #2281, #1488, .T. ) ;
#2152 = ORIENTED_EDGE ( 'NONE', *, *, #4663, .F. ) ;
#2153 = FACE_OUTER_BOUND ( 'NONE', #5106, .T. ) ;
#2154 = ORIENTED_EDGE ( 'NONE', *, *, #1650, .T. ) ;
#2155 = FACE_OUTER_BOUND ( 'NONE', #116, .T. ) ;
#2156 = DIRECTION ( 'NONE',  ( 0.000000000000000000, 0.000000000000000000, -1.000000000000000000 ) ) ;
#2157 = ADVANCED_FACE ( 'NONE', ( #4538 ), #1398, .F. ) ;
#2158 = PLANE ( 'NONE',  #1464 ) ;
#2159 = ORIENTED_EDGE ( 'NONE', *, *, #5807, .F. ) ;
#2160 = CARTESIAN_POINT ( 'NONE',  ( 55.86714007511208990, -8.400000000000000355, 10.00000000000000000 ) ) ;
#2161 = DIRECTION ( 'NONE',  ( 0.000000000000000000, 1.000000000000000000, 0.000000000000000000 ) ) ;
#2162 = DIRECTION ( 'NONE',  ( 1.000000000000000000, 0.000000000000000000, 0.000000000000000000 ) ) ;
#2163 = ORIENTED_EDGE ( 'NONE', *, *, #1163, .F. ) ;
#2164 = EDGE_CURVE ( 'NONE', #4551, #5126, #2749, .T. ) ;
#2165 = ORIENTED_EDGE ( 'NONE', *, *, #1100, .T. ) ;
#2166 = DIRECTION ( 'NONE',  ( -0.000000000000000000, -0.000000000000000000, -1.000000000000000000 ) ) ;
#2167 = EDGE_LOOP ( 'NONE', ( #1521, #2981, #1392, #2195 ) ) ;
#2168 = DIRECTION ( 'NONE',  ( -1.000000000000000000, 0.000000000000000000, 0.000000000000000000 ) ) ;
#2169 = PLANE ( 'NONE',  #1873 ) ;
#2170 = CARTESIAN_POINT ( 'NONE',  ( -95.80000000000001137, -23.59999999999999432, 10.00000000000000000 ) ) ;
#2171 = ORIENTED_EDGE ( 'NONE', *, *, #5190, .F. ) ;
#2172 = ORIENTED_EDGE ( 'NONE', *, *, #461, .F. ) ;
#2173 = CARTESIAN_POINT ( 'NONE',  ( -98.30000000000001137, -22.09999999999999432, 10.00000000000000000 ) ) ;
#2174 = CARTESIAN_POINT ( 'NONE',  ( 0.000000000000000000, -8.400000000000005684, 10.00000000000000000 ) ) ;
#2175 = FACE_OUTER_BOUND ( 'NONE', #3874, .T. ) ;
#2176 = ADVANCED_FACE ( 'NONE', ( #2297 ), #4099, .F. ) ;
#2177 = ORIENTED_EDGE ( 'NONE', *, *, #274, .F. ) ;
#2178 = DIRECTION ( 'NONE',  ( 0.000000000000000000, 0.000000000000000000, -1.000000000000000000 ) ) ;
#2179 = ORIENTED_EDGE ( 'NONE', *, *, #157, .F. ) ;
#2180 = DIRECTION ( 'NONE',  ( -0.000000000000000000, -0.000000000000000000, -1.000000000000000000 ) ) ;
#2181 = EDGE_CURVE ( 'NONE', #3326, #192, #1754, .T. ) ;
#2182 = DIRECTION ( 'NONE',  ( 0.000000000000000000, 0.000000000000000000, 1.000000000000000000 ) ) ;
#2183 = DIRECTION ( 'NONE',  ( -1.000000000000000000, 0.000000000000000000, 0.000000000000000000 ) ) ;
#2184 = LINE ( 'NONE', #3864, #1282 ) ;
#2185 = FACE_OUTER_BOUND ( 'NONE', #5121, .T. ) ;
#2186 = LINE ( 'NONE', #3490, #3732 ) ;
#2187 = EDGE_CURVE ( 'NONE', #4287, #784, #4767, .T. ) ;
#2188 = DIRECTION ( 'NONE',  ( -1.000000000000000000, 0.000000000000000000, 0.000000000000000000 ) ) ;
#2189 = ORIENTED_EDGE ( 'NONE', *, *, #359, .T. ) ;
#2190 = ORIENTED_EDGE ( 'NONE', *, *, #267, .F. ) ;
#2191 = DIRECTION ( 'NONE',  ( 1.000000000000000000, 0.000000000000000000, -0.000000000000000000 ) ) ;
#2192 = DIRECTION ( 'NONE',  ( 0.000000000000000000, -0.000000000000000000, 1.000000000000000000 ) ) ;
#2193 = LINE ( 'NONE', #936, #934 ) ;
#2194 = CARTESIAN_POINT ( 'NONE',  ( -112.8000000000000114, -1.500000000000001332, 9.000000000000067502 ) ) ;
#2195 = ORIENTED_EDGE ( 'NONE', *, *, #744, .T. ) ;
#2196 = ORIENTED_EDGE ( 'NONE', *, *, #5427, .F. ) ;
#2197 = CARTESIAN_POINT ( 'NONE',  ( -25.00000000000001421, -39.50000000000000000, 10.00000000000000000 ) ) ;
#2198 = CARTESIAN_POINT ( 'NONE',  ( 70.10000000000000853, -6.899999999999998579, 10.00000000000000000 ) ) ;
#2199 = DIRECTION ( 'NONE',  ( 0.000000000000000000, 1.000000000000000000, 0.000000000000000000 ) ) ;
#2200 = CARTESIAN_POINT ( 'NONE',  ( -97.30000000000001137, -22.09999999999999432, 10.00000000000000000 ) ) ;
#2201 = EDGE_LOOP ( 'NONE', ( #3467, #2298, #3482, #4054 ) ) ;
#2202 = DIRECTION ( 'NONE',  ( 0.000000000000000000, -1.000000000000000000, 0.000000000000000000 ) ) ;
#2203 = ORIENTED_EDGE ( 'NONE', *, *, #961, .T. ) ;
#2204 = FACE_OUTER_BOUND ( 'NONE', #234, .T. ) ;
#2205 = VECTOR ( 'NONE', #3043, 1000.000000000000000 ) ;
#2206 = LINE ( 'NONE', #1860, #2986 ) ;
#2207 = LINE ( 'NONE', #2292, #3153 ) ;
#2208 = CIRCLE ( 'NONE', #4842, 8.000000000000000000 ) ;
#2209 = EDGE_CURVE ( 'NONE', #3438, #1554, #1394, .T. ) ;
#2210 = CIRCLE ( 'NONE', #3738, 14.00000000000008171 ) ;
#2211 = CARTESIAN_POINT ( 'NONE',  ( 67.60000000000000853, -9.399999999999998579, 0.000000000000000000 ) ) ;
#2212 = DIRECTION ( 'NONE',  ( 0.7071067811865378028, 0.000000000000000000, 0.7071067811865573427 ) ) ;
#2213 = CIRCLE ( 'NONE', #810, 1.549999999999995826 ) ;
#2214 = DIRECTION ( 'NONE',  ( -0.000000000000000000, -0.000000000000000000, -1.000000000000000000 ) ) ;
#2215 = VECTOR ( 'NONE', #3305, 1000.000000000000000 ) ;
#2216 = AXIS2_PLACEMENT_3D ( 'NONE', #417, #4542, #5399 ) ;
#2217 = VERTEX_POINT ( 'NONE', #1342 ) ;
#2218 = ORIENTED_EDGE ( 'NONE', *, *, #1680, .T. ) ;
#2219 = EDGE_CURVE ( 'NONE', #2238, #4728, #3236, .T. ) ;
#2220 = VECTOR ( 'NONE', #2320, 1000.000000000000000 ) ;
#2221 = CIRCLE ( 'NONE', #242, 3.250000000000000888 ) ;
#2222 = CIRCLE ( 'NONE', #4101, 1.549999999999974953 ) ;
#2223 = FACE_OUTER_BOUND ( 'NONE', #285, .T. ) ;
#2224 = DIRECTION ( 'NONE',  ( -1.000000000000000000, 0.000000000000000000, 0.000000000000000000 ) ) ;
#2225 = CARTESIAN_POINT ( 'NONE',  ( 0.000000000000000000, 0.000000000000000000, 10.00000000000000000 ) ) ;
#2226 = AXIS2_PLACEMENT_3D ( 'NONE', #5723, #2135, #3895 ) ;
#2227 = VECTOR ( 'NONE', #1688, 1000.000000000000000 ) ;
#2228 = VERTEX_POINT ( 'NONE', #4650 ) ;
#2229 = CARTESIAN_POINT ( 'NONE',  ( -97.80000000000001137, -8.900000000000000355, 0.000000000000000000 ) ) ;
#2230 = EDGE_CURVE ( 'NONE', #3812, #1066, #4428, .T. ) ;
#2231 = DIRECTION ( 'NONE',  ( 1.000000000000000000, 0.000000000000000000, 0.000000000000000000 ) ) ;
#2232 = DIRECTION ( 'NONE',  ( 0.000000000000000000, 1.000000000000000000, -0.000000000000000000 ) ) ;
#2233 = CONICAL_SURFACE ( 'NONE', #443, 9.500000000000001776, 0.7853981633974482790 ) ;
#2234 = CARTESIAN_POINT ( 'NONE',  ( -97.80000000000001137, -8.900000000000000355, 10.00000000000000000 ) ) ;
#2235 = ORIENTED_EDGE ( 'NONE', *, *, #3850, .T. ) ;
#2236 = VECTOR ( 'NONE', #5072, 1000.000000000000000 ) ;
#2237 = FACE_OUTER_BOUND ( 'NONE', #1530, .T. ) ;
#2238 = VERTEX_POINT ( 'NONE', #5041 ) ;
#2239 = CIRCLE ( 'NONE', #1393, 1.549999999999968070 ) ;
#2240 = LINE ( 'NONE', #4422, #1181 ) ;
#2241 = CARTESIAN_POINT ( 'NONE',  ( -25.00000000000001421, 8.500000000000010658, 10.00000000000000000 ) ) ;
#2242 = EDGE_CURVE ( 'NONE', #5773, #1130, #3359, .T. ) ;
#2243 = FACE_OUTER_BOUND ( 'NONE', #1349, .T. ) ;
#2244 = AXIS2_PLACEMENT_3D ( 'NONE', #3559, #5350, #1324 ) ;
#2245 = FACE_OUTER_BOUND ( 'NONE', #473, .T. ) ;
#2246 = CARTESIAN_POINT ( 'NONE',  ( 0.000000000000000000, -23.59999999999999432, 10.00000000000000000 ) ) ;
#2247 = CARTESIAN_POINT ( 'NONE',  ( 75.96142399166001269, -2.538576008339967771, 10.00000000000000000 ) ) ;
#2248 = EDGE_CURVE ( 'NONE', #5019, #1733, #4965, .T. ) ;
#2249 = VERTEX_POINT ( 'NONE', #4624 ) ;
#2250 = EDGE_CURVE ( 'NONE', #3409, #1501, #1129, .T. ) ;
#2251 = ORIENTED_EDGE ( 'NONE', *, *, #4835, .T. ) ;
#2252 = ORIENTED_EDGE ( 'NONE', *, *, #5583, .F. ) ;
#2253 = DIRECTION ( 'NONE',  ( 0.000000000000000000, 1.000000000000000000, 0.000000000000000000 ) ) ;
#2254 = FACE_OUTER_BOUND ( 'NONE', #5605, .T. ) ;
#2255 = CARTESIAN_POINT ( 'NONE',  ( 0.000000000000000000, -22.09999999999999432, 10.00000000000000000 ) ) ;
#2256 = EDGE_CURVE ( 'NONE', #4579, #4603, #620, .T. ) ;
#2257 = CYLINDRICAL_SURFACE ( 'NONE', #3363, 1.549999999999995826 ) ;
#2258 = EDGE_LOOP ( 'NONE', ( #3966, #931, #276, #938 ) ) ;
#2259 = DIRECTION ( 'NONE',  ( 0.000000000000000000, -1.000000000000000000, 0.000000000000000000 ) ) ;
#2260 = CARTESIAN_POINT ( 'NONE',  ( 0.000000000000000000, -26.10000000000000497, 10.00000000000000000 ) ) ;
#2261 = CARTESIAN_POINT ( 'NONE',  ( -84.49999999999998579, -25.00000000000000000, 0.000000000000000000 ) ) ;
#2262 = EDGE_CURVE ( 'NONE', #2912, #4816, #5544, .T. ) ;
#2263 = VERTEX_POINT ( 'NONE', #4682 ) ;
#2264 = CARTESIAN_POINT ( 'NONE',  ( 62.00000000000000000, -1.500000000000008216, 0.000000000000000000 ) ) ;
#2265 = ORIENTED_EDGE ( 'NONE', *, *, #4121, .T. ) ;
#2266 = ADVANCED_FACE ( 'NONE', ( #1039 ), #2415, .F. ) ;
#2267 = CARTESIAN_POINT ( 'NONE',  ( 62.00000000000000000, -31.50000000000000711, 8.999999999999996447 ) ) ;
#2268 = CARTESIAN_POINT ( 'NONE',  ( 0.000000000000000000, -22.09999999999999432, 0.000000000000000000 ) ) ;
#2269 = ORIENTED_EDGE ( 'NONE', *, *, #3401, .T. ) ;
#2270 = DIRECTION ( 'NONE',  ( 0.000000000000000000, 1.000000000000000000, -0.000000000000000000 ) ) ;
#2271 = DIRECTION ( 'NONE',  ( 1.000000000000000000, 0.000000000000000000, 0.000000000000000000 ) ) ;
#2272 = LINE ( 'NONE', #4045, #3264 ) ;
#2273 = VECTOR ( 'NONE', #4893, 1000.000000000000000 ) ;
#2274 = ORIENTED_EDGE ( 'NONE', *, *, #5735, .T. ) ;
#2275 = ORIENTED_EDGE ( 'NONE', *, *, #4802, .T. ) ;
#2276 = FILL_AREA_STYLE_COLOUR ( '', #2963 ) ;
#2277 = CONICAL_SURFACE ( 'NONE', #3028, 9.000000000000001776, 0.7853981633974482790 ) ;
#2278 = DIRECTION ( 'NONE',  ( -0.000000000000000000, -0.000000000000000000, -1.000000000000000000 ) ) ;
#2279 = DIRECTION ( 'NONE',  ( 0.000000000000000000, 0.000000000000000000, 1.000000000000000000 ) ) ;
#2280 = DIRECTION ( 'NONE',  ( 1.000000000000000000, -2.238352872228144383E-15, 0.000000000000000000 ) ) ;
#2281 = VERTEX_POINT ( 'NONE', #2380 ) ;
#2282 = CARTESIAN_POINT ( 'NONE',  ( 48.03575995623103978, -2.499999999999981348, 0.000000000000000000 ) ) ;
#2283 = DIRECTION ( 'NONE',  ( -0.000000000000000000, 0.000000000000000000, -1.000000000000000000 ) ) ;
#2284 = EDGE_CURVE ( 'NONE', #701, #2052, #1951, .T. ) ;
#2285 = PLANE ( 'NONE',  #2527 ) ;
#2286 = VERTEX_POINT ( 'NONE', #3800 ) ;
#2287 = LINE ( 'NONE', #4087, #4098 ) ;
#2288 = EDGE_CURVE ( 'NONE', #655, #2757, #2445, .T. ) ;
#2289 = ADVANCED_FACE ( 'NONE', ( #203 ), #1568, .F. ) ;
#2290 = VERTEX_POINT ( 'NONE', #5096 ) ;
#2291 = LINE ( 'NONE', #4978, #2328 ) ;
#2292 = CARTESIAN_POINT ( 'NONE',  ( 70.10000000000000853, -22.10000000000000142, 10.00000000000000000 ) ) ;
#2293 = EDGE_CURVE ( 'NONE', #5711, #4224, #5527, .T. ) ;
#2294 = DIRECTION ( 'NONE',  ( 1.000000000000000000, 0.000000000000000000, 0.000000000000000000 ) ) ;
#2295 = VECTOR ( 'NONE', #3707, 1000.000000000000000 ) ;
#2296 = DIRECTION ( 'NONE',  ( 0.000000000000000000, 0.000000000000000000, 1.000000000000000000 ) ) ;
#2297 = FACE_OUTER_BOUND ( 'NONE', #1227, .T. ) ;
#2298 = ORIENTED_EDGE ( 'NONE', *, *, #3361, .F. ) ;
#2299 = VECTOR ( 'NONE', #2583, 1000.000000000000000 ) ;
#2300 = EDGE_LOOP ( 'NONE', ( #5134, #3207, #4285 ) ) ;
#2301 = EDGE_LOOP ( 'NONE', ( #5663, #825, #4182 ) ) ;
#2302 = DIRECTION ( 'NONE',  ( 0.7071067811865517916, 0.000000000000000000, 0.7071067811865432429 ) ) ;
#2303 = CARTESIAN_POINT ( 'NONE',  ( -97.80000000000001137, -8.900000000000000355, 10.00000000000000000 ) ) ;
#2304 = VECTOR ( 'NONE', #2002, 1000.000000000000000 ) ;
#2305 = AXIS2_PLACEMENT_3D ( 'NONE', #5714, #4826, #3001 ) ;
#2306 = STYLED_ITEM ( 'NONE', ( #5314 ), #197 ) ;
#2307 = LINE ( 'NONE', #2255, #1687 ) ;
#2308 = PLANE ( 'NONE',  #4401 ) ;
#2309 = ORIENTED_EDGE ( 'NONE', *, *, #3471, .T. ) ;
#2310 = LINE ( 'NONE', #3197, #5587 ) ;
#2311 = VECTOR ( 'NONE', #2202, 1000.000000000000000 ) ;
#2312 = CIRCLE ( 'NONE', #5042, 1.549999999999995826 ) ;
#2313 = CARTESIAN_POINT ( 'NONE',  ( 47.00000000000001421, -1.500000000000008216, 8.999999999999996447 ) ) ;
#2314 = VECTOR ( 'NONE', #3233, 1000.000000000000000 ) ;
#2315 = CARTESIAN_POINT ( 'NONE',  ( 48.00000000000002132, -1.500000000000008216, 10.00000000000000000 ) ) ;
#2316 = AXIS2_PLACEMENT_3D ( 'NONE', #4096, #3298, #5093 ) ;
#2317 = EDGE_CURVE ( 'NONE', #3633, #1713, #1447, .T. ) ;
#2318 = ORIENTED_EDGE ( 'NONE', *, *, #2945, .T. ) ;
#2319 = LINE ( 'NONE', #3258, #5027 ) ;
#2320 = DIRECTION ( 'NONE',  ( 0.000000000000000000, -1.000000000000000000, 0.000000000000000000 ) ) ;
#2321 = VECTOR ( 'NONE', #2325, 1000.000000000000000 ) ;
#2322 = VECTOR ( 'NONE', #5265, 1000.000000000000000 ) ;
#2323 = ORIENTED_EDGE ( 'NONE', *, *, #5127, .F. ) ;
#2324 = AXIS2_PLACEMENT_3D ( 'NONE', #3669, #2773, #4569 ) ;
#2325 = DIRECTION ( 'NONE',  ( -0.000000000000000000, -0.000000000000000000, -1.000000000000000000 ) ) ;
#2326 = EDGE_CURVE ( 'NONE', #462, #4559, #1305, .T. ) ;
#2327 = DIRECTION ( 'NONE',  ( -0.000000000000000000, -0.000000000000000000, -1.000000000000000000 ) ) ;
#2328 = VECTOR ( 'NONE', #4534, 1000.000000000000000 ) ;
#2329 = DIRECTION ( 'NONE',  ( -0.000000000000000000, -0.000000000000000000, -1.000000000000000000 ) ) ;
#2330 = LINE ( 'NONE', #4126, #3925 ) ;
#2331 = CARTESIAN_POINT ( 'NONE',  ( 54.90000000000000568, -7.432859924887910807, 10.00000000000000000 ) ) ;
#2332 = EDGE_CURVE ( 'NONE', #4343, #956, #3324, .T. ) ;
#2333 = ORIENTED_EDGE ( 'NONE', *, *, #1535, .T. ) ;
#2334 = VECTOR ( 'NONE', #5407, 1000.000000000000000 ) ;
#2335 = EDGE_LOOP ( 'NONE', ( #2448, #3277, #3535, #4977 ) ) ;
#2336 = DIRECTION ( 'NONE',  ( 0.000000000000000000, 0.000000000000000000, 1.000000000000000000 ) ) ;
#2337 = VECTOR ( 'NONE', #1822, 1000.000000000000000 ) ;
#2338 = CARTESIAN_POINT ( 'NONE',  ( 0.000000000000000000, -8.400000000000000355, 10.00000000000000000 ) ) ;
#2339 = DIRECTION ( 'NONE',  ( -0.000000000000000000, -0.000000000000000000, -1.000000000000000000 ) ) ;
#2340 = EDGE_CURVE ( 'NONE', #5239, #1678, #651, .T. ) ;
#2341 = ORIENTED_EDGE ( 'NONE', *, *, #1068, .T. ) ;
#2342 = DIRECTION ( 'NONE',  ( -1.000000000000000000, 0.000000000000000000, 0.000000000000000000 ) ) ;
#2343 = VERTEX_POINT ( 'NONE', #4128 ) ;
#2344 = DIRECTION ( 'NONE',  ( -0.000000000000000000, -0.000000000000000000, -1.000000000000000000 ) ) ;
#2345 = DIRECTION ( 'NONE',  ( 0.000000000000000000, -0.000000000000000000, -1.000000000000000000 ) ) ;
#2346 = CARTESIAN_POINT ( 'NONE',  ( -98.30000000000001137, -22.09999999999999432, 0.000000000000000000 ) ) ;
#2347 = VERTEX_POINT ( 'NONE', #3691 ) ;
#2348 = DIRECTION ( 'NONE',  ( 0.000000000000000000, -0.7071067811865474617, 0.7071067811865474617 ) ) ;
#2349 = CARTESIAN_POINT ( 'NONE',  ( 55.86714007511208990, -24.60000000000000497, 10.00000000000000000 ) ) ;
#2350 = ORIENTED_EDGE ( 'NONE', *, *, #3640, .F. ) ;
#2351 = EDGE_CURVE ( 'NONE', #2343, #4498, #4153, .T. ) ;
#2352 = LINE ( 'NONE', #3710, #5232 ) ;
#2353 = VERTEX_POINT ( 'NONE', #3511 ) ;
#2354 = DIRECTION ( 'NONE',  ( 0.000000000000000000, -1.000000000000000000, 0.000000000000000000 ) ) ;
#2355 = DIRECTION ( 'NONE',  ( 0.000000000000000000, 0.000000000000000000, 1.000000000000000000 ) ) ;
#2356 = EDGE_CURVE ( 'NONE', #932, #666, #4266, .T. ) ;
#2357 = FACE_OUTER_BOUND ( 'NONE', #238, .T. ) ;
#2358 = CARTESIAN_POINT ( 'NONE',  ( -97.80000000000001137, -8.900000000000000355, 10.00000000000000000 ) ) ;
#2359 = ORIENTED_EDGE ( 'NONE', *, *, #3883, .F. ) ;
#2360 = ORIENTED_EDGE ( 'NONE', *, *, #418, .F. ) ;
#2361 = DIRECTION ( 'NONE',  ( -0.000000000000000000, -0.000000000000000000, -1.000000000000000000 ) ) ;
#2362 = EDGE_CURVE ( 'NONE', #266, #2365, #1656, .T. ) ;
#2363 = FACE_OUTER_BOUND ( 'NONE', #1928, .T. ) ;
#2364 = PLANE ( 'NONE',  #5047 ) ;
#2365 = VERTEX_POINT ( 'NONE', #263 ) ;
#2366 = DIRECTION ( 'NONE',  ( 0.000000000000000000, -0.000000000000000000, -1.000000000000000000 ) ) ;
#2367 = EDGE_LOOP ( 'NONE', ( #2437, #5269, #1993, #311 ) ) ;
#2368 = DIRECTION ( 'NONE',  ( 0.000000000000000000, -0.7071067811865474617, -0.7071067811865474617 ) ) ;
#2369 = AXIS2_PLACEMENT_3D ( 'NONE', #1265, #2089, #2061 ) ;
#2370 = CARTESIAN_POINT ( 'NONE',  ( 56.40000000000000568, -23.60000000000000142, 0.000000000000000000 ) ) ;
#2371 = EDGE_LOOP ( 'NONE', ( #2132, #5311, #1685, #625 ) ) ;
#2372 = DIRECTION ( 'NONE',  ( -1.000000000000000000, 0.000000000000000000, 0.000000000000000000 ) ) ;
#2373 = FACE_OUTER_BOUND ( 'NONE', #5296, .T. ) ;
#2374 = ORIENTED_EDGE ( 'NONE', *, *, #4727, .T. ) ;
#2375 = DIRECTION ( 'NONE',  ( -0.000000000000000000, -0.000000000000000000, -1.000000000000000000 ) ) ;
#2376 = DIRECTION ( 'NONE',  ( -1.000000000000000000, 0.000000000000000000, 0.000000000000000000 ) ) ;
#2377 = ADVANCED_FACE ( 'NONE', ( #2096 ), #3954, .F. ) ;
#2378 = DIRECTION ( 'NONE',  ( -1.000000000000000000, 0.000000000000000000, 0.000000000000000000 ) ) ;
#2379 = CARTESIAN_POINT ( 'NONE',  ( 62.00000000000000000, -31.50000000000000711, 0.000000000000000000 ) ) ;
#2380 = CARTESIAN_POINT ( 'NONE',  ( 76.99999999999997158, -1.500000000000007327, 8.999999999999996447 ) ) ;
#2381 = EDGE_LOOP ( 'NONE', ( #834, #875, #3201, #2711 ) ) ;
#2382 = EDGE_CURVE ( 'NONE', #722, #5711, #3729, .T. ) ;
#2383 = ORIENTED_EDGE ( 'NONE', *, *, #821, .T. ) ;
#2384 = VECTOR ( 'NONE', #548, 1000.000000000000000 ) ;
#2385 = CARTESIAN_POINT ( 'NONE',  ( 0.000000000000000000, -26.09999999999999787, 0.000000000000000000 ) ) ;
#2386 = DIRECTION ( 'NONE',  ( 1.000000000000000000, 0.000000000000000000, 0.000000000000000000 ) ) ;
#2387 = AXIS2_PLACEMENT_3D ( 'NONE', #77, #1902, #3702 ) ;
#2388 = DIRECTION ( 'NONE',  ( 0.000000000000000000, 0.000000000000000000, 1.000000000000000000 ) ) ;
#2389 = ORIENTED_EDGE ( 'NONE', *, *, #2709, .T. ) ;
#2390 = CARTESIAN_POINT ( 'NONE',  ( -25.00000000000001421, 6.499999999999999112, 10.00000000000000000 ) ) ;
#2391 = EDGE_CURVE ( 'NONE', #2343, #1205, #1274, .T. ) ;
#2392 = ORIENTED_EDGE ( 'NONE', *, *, #4220, .T. ) ;
#2393 = CARTESIAN_POINT ( 'NONE',  ( 0.000000000000000000, -22.10000000000000142, 10.00000000000000000 ) ) ;
#2394 = EDGE_LOOP ( 'NONE', ( #3778, #414, #2091, #5446, #5459, #2318, #3848, #4048, #1742, #4329, #5089, #3891, #1579, #2021, #4243, #4088 ) ) ;
#2395 = VECTOR ( 'NONE', #5365, 1000.000000000000000 ) ;
#2396 = CIRCLE ( 'NONE', #1755, 1.549999999999968070 ) ;
#2397 = PLANE ( 'NONE',  #5066 ) ;
#2398 = VECTOR ( 'NONE', #5360, 1000.000000000000000 ) ;
#2399 = AXIS2_PLACEMENT_3D ( 'NONE', #2753, #3242, #3217 ) ;
#2400 = ADVANCED_FACE ( 'NONE', ( #5275 ), #3837, .T. ) ;
#2401 = EDGE_LOOP ( 'NONE', ( #4774, #1268, #1193, #514 ) ) ;
#2402 = VECTOR ( 'NONE', #2895, 1000.000000000000000 ) ;
#2403 = ORIENTED_EDGE ( 'NONE', *, *, #2065, .F. ) ;
#2404 = DIRECTION ( 'NONE',  ( 0.000000000000000000, -1.000000000000000000, 0.000000000000000000 ) ) ;
#2405 = CARTESIAN_POINT ( 'NONE',  ( 32.99999999999998579, 6.499999999999992006, 10.00000000000000000 ) ) ;
#2406 = ORIENTED_EDGE ( 'NONE', *, *, #1366, .F. ) ;
#2407 = VECTOR ( 'NONE', #5281, 1000.000000000000000 ) ;
#2408 = CARTESIAN_POINT ( 'NONE',  ( 15.99999999999998934, -0.4999999999999848455, -7.999999999999994671 ) ) ;
#2410 = AXIS2_PLACEMENT_3D ( 'NONE', #5624, #4680, #229 ) ;
#2409 = CARTESIAN_POINT ( 'NONE',  ( 68.13285992488792431, -23.60000000000000142, 10.00000000000000000 ) ) ;
#2411 = EDGE_LOOP ( 'NONE', ( #2360, #1210, #4036, #2416 ) ) ;
#2412 = CARTESIAN_POINT ( 'NONE',  ( 67.60000000000000853, -8.399999999999998579, 10.00000000000000000 ) ) ;
#2413 = DIRECTION ( 'NONE',  ( 0.000000000000000000, 0.000000000000000000, 1.000000000000000000 ) ) ;
#2414 = EDGE_CURVE ( 'NONE', #3014, #2811, #1578, .T. ) ;
#2415 = PLANE ( 'NONE',  #447 ) ;
#2416 = ORIENTED_EDGE ( 'NONE', *, *, #4565, .T. ) ;
#2417 = EDGE_LOOP ( 'NONE', ( #641, #596, #4700, #5573 ) ) ;
#2418 = VECTOR ( 'NONE', #2069, 1000.000000000000000 ) ;
#2419 = ORIENTED_EDGE ( 'NONE', *, *, #3296, .F. ) ;
#2420 = DIRECTION ( 'NONE',  ( 0.000000000000000000, 0.7071067811865474617, 0.7071067811865474617 ) ) ;
#2421 = CARTESIAN_POINT ( 'NONE',  ( 69.10000000000000853, -22.63285992488791365, 0.000000000000000000 ) ) ;
#2422 = EDGE_CURVE ( 'NONE', #4716, #1205, #2718, .T. ) ;
#2423 = AXIS2_PLACEMENT_3D ( 'NONE', #3853, #5577, #4282 ) ;
#2424 = ADVANCED_FACE ( 'NONE', ( #3486 ), #3863, .F. ) ;
#2425 = LINE ( 'NONE', #3306, #4855 ) ;
#2426 = VERTEX_POINT ( 'NONE', #3415 ) ;
#2427 = EDGE_LOOP ( 'NONE', ( #4979, #2350, #1889, #4519 ) ) ;
#2428 = CARTESIAN_POINT ( 'NONE',  ( 8.743006318923095923E-16, -6.999999999999988454, 0.000000000000000000 ) ) ;
#2429 = ORIENTED_EDGE ( 'NONE', *, *, #1757, .F. ) ;
#2430 = CIRCLE ( 'NONE', #845, 8.500000000000007105 ) ;
#2431 = EDGE_CURVE ( 'NONE', #5239, #3944, #4299, .T. ) ;
#2432 = DIRECTION ( 'NONE',  ( 0.000000000000000000, 0.000000000000000000, 1.000000000000000000 ) ) ;
#2433 = VERTEX_POINT ( 'NONE', #5684 ) ;
#2434 = ORIENTED_EDGE ( 'NONE', *, *, #225, .F. ) ;
#2435 = DIRECTION ( 'NONE',  ( 0.000000000000000000, 1.000000000000000000, 0.000000000000000000 ) ) ;
#2436 = DIRECTION ( 'NONE',  ( -0.000000000000000000, -0.000000000000000000, -1.000000000000000000 ) ) ;
#2437 = ORIENTED_EDGE ( 'NONE', *, *, #4583, .T. ) ;
#2438 = ADVANCED_FACE ( 'NONE', ( #5717 ), #4676, .F. ) ;
#2439 = ORIENTED_EDGE ( 'NONE', *, *, #4322, .F. ) ;
#2440 = FACE_OUTER_BOUND ( 'NONE', #849, .T. ) ;
#2441 = DIRECTION ( 'NONE',  ( -0.000000000000000000, 0.000000000000000000, -1.000000000000000000 ) ) ;
#2442 = ADVANCED_FACE ( 'NONE', ( #1691 ), #357, .F. ) ;
#2443 = CARTESIAN_POINT ( 'NONE',  ( 54.40000000000000568, -8.900000000000000355, 0.000000000000000000 ) ) ;
#2444 = CARTESIAN_POINT ( 'NONE',  ( 0.000000000000000000, -6.900000000000000355, 10.00000000000000000 ) ) ;
#2445 = LINE ( 'NONE', #1512, #3463 ) ;
#2446 = ORIENTED_EDGE ( 'NONE', *, *, #225, .T. ) ;
#2447 = FACE_OUTER_BOUND ( 'NONE', #1401, .T. ) ;
#2448 = ORIENTED_EDGE ( 'NONE', *, *, #3584, .T. ) ;
#2449 = ORIENTED_EDGE ( 'NONE', *, *, #5680, .T. ) ;
#2450 = DIRECTION ( 'NONE',  ( -0.000000000000000000, -0.000000000000000000, -1.000000000000000000 ) ) ;
#2451 = PLANE ( 'NONE',  #718 ) ;
#2452 = LINE ( 'NONE', #1492, #59 ) ;
#2453 = EDGE_LOOP ( 'NONE', ( #799, #1870, #2926, #5402 ) ) ;
#2454 = ORIENTED_EDGE ( 'NONE', *, *, #3956, .T. ) ;
#2455 = DIRECTION ( 'NONE',  ( -1.000000000000000000, 0.000000000000000000, 0.000000000000000000 ) ) ;
#2456 = ADVANCED_FACE ( 'NONE', ( #2539 ), #707, .T. ) ;
#2457 = DIRECTION ( 'NONE',  ( 0.000000000000000000, 1.000000000000000000, -0.000000000000000000 ) ) ;
#2458 = ORIENTED_EDGE ( 'NONE', *, *, #43, .F. ) ;
#2459 = ORIENTED_EDGE ( 'NONE', *, *, #4330, .F. ) ;
#2460 = CARTESIAN_POINT ( 'NONE',  ( 53.90000000000000568, -25.56714007511209275, 10.00000000000000000 ) ) ;
#2461 = ADVANCED_FACE ( 'NONE', ( #1153 ), #5245, .T. ) ;
#2462 = DIRECTION ( 'NONE',  ( 1.000000000000000000, 0.000000000000000000, 0.000000000000000000 ) ) ;
#2463 = CARTESIAN_POINT ( 'NONE',  ( 0.000000000000000000, -23.59999999999999432, 10.00000000000000000 ) ) ;
#2464 = EDGE_CURVE ( 'NONE', #3822, #4551, #739, .T. ) ;
#2465 = ORIENTED_EDGE ( 'NONE', *, *, #2382, .T. ) ;
#2466 = DIRECTION ( 'NONE',  ( 0.000000000000000000, -1.000000000000000000, 0.000000000000000000 ) ) ;
#2467 = LINE ( 'NONE', #3833, #2227 ) ;
#2468 = LINE ( 'NONE', #2537, #3436 ) ;
#2469 = DIRECTION ( 'NONE',  ( -1.000000000000000000, 0.000000000000000000, 0.000000000000000000 ) ) ;
#2470 = CARTESIAN_POINT ( 'NONE',  ( -97.80000000000001137, -8.900000000000000355, 10.00000000000000000 ) ) ;
#2471 = ORIENTED_EDGE ( 'NONE', *, *, #4450, .T. ) ;
#2472 = ADVANCED_FACE ( 'NONE', ( #3628 ), #947, .F. ) ;
#2473 = DIRECTION ( 'NONE',  ( -0.000000000000000000, -0.000000000000000000, -1.000000000000000000 ) ) ;
#2474 = EDGE_LOOP ( 'NONE', ( #2359, #4993, #2190, #5514 ) ) ;
#2475 = ORIENTED_EDGE ( 'NONE', *, *, #3948, .T. ) ;
#2476 = DIRECTION ( 'NONE',  ( 1.000000000000000000, 0.000000000000000000, 0.000000000000000000 ) ) ;
#2477 = PLANE ( 'NONE',  #4944 ) ;
#2478 = DIRECTION ( 'NONE',  ( 1.000000000000000000, 0.000000000000000000, 0.000000000000000000 ) ) ;
#2479 = EDGE_LOOP ( 'NONE', ( #3059, #5775, #3701, #5492 ) ) ;
#2480 = ORIENTED_EDGE ( 'NONE', *, *, #2027, .F. ) ;
#2481 = CARTESIAN_POINT ( 'NONE',  ( 0.000000000000000000, -24.60000000000000497, 10.00000000000000000 ) ) ;
#2482 = ORIENTED_EDGE ( 'NONE', *, *, #2557, .T. ) ;
#2483 = VERTEX_POINT ( 'NONE', #497 ) ;
#2484 = VECTOR ( 'NONE', #3315, 1000.000000000000000 ) ;
#2485 = DIRECTION ( 'NONE',  ( 0.000000000000000000, 1.000000000000000000, 0.000000000000000000 ) ) ;
#2486 = ADVANCED_FACE ( 'NONE', ( #1338 ), #3748, .T. ) ;
#2487 = ORIENTED_EDGE ( 'NONE', *, *, #4622, .T. ) ;
#2488 = ORIENTED_EDGE ( 'NONE', *, *, #1748, .T. ) ;
#2489 = CARTESIAN_POINT ( 'NONE',  ( 55.86714007511208990, -9.400000000000000355, 0.000000000000000000 ) ) ;
#2490 = AXIS2_PLACEMENT_3D ( 'NONE', #4582, #207, #4300 ) ;
#2491 = DIRECTION ( 'NONE',  ( -0.000000000000000000, -0.000000000000000000, -1.000000000000000000 ) ) ;
#2492 = ORIENTED_EDGE ( 'NONE', *, *, #1503, .T. ) ;
#2493 = VECTOR ( 'NONE', #5148, 1000.000000000000000 ) ;
#2494 = EDGE_CURVE ( 'NONE', #4711, #2263, #4510, .T. ) ;
#2495 = AXIS2_PLACEMENT_3D ( 'NONE', #1922, #2861, #4221 ) ;
#2496 = AXIS2_PLACEMENT_3D ( 'NONE', #1345, #2302, #391 ) ;
#2497 = ORIENTED_EDGE ( 'NONE', *, *, #645, .F. ) ;
#2498 = ORIENTED_EDGE ( 'NONE', *, *, #5473, .T. ) ;
#2499 = CARTESIAN_POINT ( 'NONE',  ( 71.06714007511209275, -23.60000000000000142, 10.00000000000000000 ) ) ;
#2500 = CIRCLE ( 'NONE', #1657, 8.000000000000000000 ) ;
#2501 = VECTOR ( 'NONE', #156, 1000.000000000000000 ) ;
#2502 = DIRECTION ( 'NONE',  ( 0.000000000000000000, 1.000000000000000000, -0.000000000000000000 ) ) ;
#2503 = CARTESIAN_POINT ( 'NONE',  ( -24.00000000000009592, 0.000000000000000000, 10.00000000000000000 ) ) ;
#2504 = EDGE_CURVE ( 'NONE', #2589, #1267, #3125, .T. ) ;
#2505 = CARTESIAN_POINT ( 'NONE',  ( 75.96142399166005532, -30.46142399166007664, 0.000000000000000000 ) ) ;
#2506 = DIRECTION ( 'NONE',  ( 1.000000000000000000, 0.000000000000000000, 0.000000000000000000 ) ) ;
#2507 = AXIS2_PLACEMENT_3D ( 'NONE', #951, #563, #2772 ) ;
#2508 = CARTESIAN_POINT ( 'NONE',  ( 69.10000000000000853, 0.000000000000000000, 10.00000000000000000 ) ) ;
#2509 = VERTEX_POINT ( 'NONE', #2744 ) ;
#2510 = AXIS2_PLACEMENT_3D ( 'NONE', #1886, #5561, #1971 ) ;
#2511 = ORIENTED_EDGE ( 'NONE', *, *, #1446, .T. ) ;
#2512 = FACE_OUTER_BOUND ( 'NONE', #3970, .T. ) ;
#2513 = CARTESIAN_POINT ( 'NONE',  ( 32.99999999999998579, 6.499999999999992006, 10.00000000000000000 ) ) ;
#2514 = EDGE_CURVE ( 'NONE', #1501, #4139, #2291, .T. ) ;
#2515 = CARTESIAN_POINT ( 'NONE',  ( 0.000000000000000000, -24.60000000000000497, 0.000000000000000000 ) ) ;
#2516 = VERTEX_POINT ( 'NONE', #2630 ) ;
#2517 = ORIENTED_EDGE ( 'NONE', *, *, #157, .T. ) ;
#2518 = DIRECTION ( 'NONE',  ( -1.000000000000000000, 0.000000000000000000, 0.000000000000000000 ) ) ;
#2519 = ORIENTED_EDGE ( 'NONE', *, *, #3876, .F. ) ;
#2520 = ORIENTED_EDGE ( 'NONE', *, *, #2698, .F. ) ;
#2521 = VECTOR ( 'NONE', #5464, 1000.000000000000000 ) ;
#2522 = CIRCLE ( 'NONE', #3271, 1.550000000000000488 ) ;
#2523 = ADVANCED_FACE ( 'NONE', ( #4451 ), #4916, .T. ) ;
#2524 = DIRECTION ( 'NONE',  ( -1.000000000000000000, 0.000000000000000000, 0.000000000000000000 ) ) ;
#2525 = DIRECTION ( 'NONE',  ( 0.000000000000000000, -0.000000000000000000, -1.000000000000000000 ) ) ;
#2526 = ORIENTED_EDGE ( 'NONE', *, *, #2852, .T. ) ;
#2527 = AXIS2_PLACEMENT_3D ( 'NONE', #466, #1025, #4059 ) ;
#2528 = ORIENTED_EDGE ( 'NONE', *, *, #2181, .F. ) ;
#2529 = LINE ( 'NONE', #4318, #5502 ) ;
#2530 = DIRECTION ( 'NONE',  ( 0.000000000000000000, -0.000000000000000000, -1.000000000000000000 ) ) ;
#2531 = CARTESIAN_POINT ( 'NONE',  ( 68.13285992488792431, -8.399999999999998579, 10.00000000000000000 ) ) ;
#2532 = VECTOR ( 'NONE', #3017, 1000.000000000000000 ) ;
#2533 = VERTEX_POINT ( 'NONE', #4424 ) ;
#2534 = EDGE_LOOP ( 'NONE', ( #181, #4448, #1376, #3792 ) ) ;
#2535 = CARTESIAN_POINT ( 'NONE',  ( -98.30000000000001137, -22.09999999999999432, 10.00000000000000000 ) ) ;
#2536 = CARTESIAN_POINT ( 'NONE',  ( 53.90000000000000568, 0.000000000000000000, 10.00000000000000000 ) ) ;
#2537 = CARTESIAN_POINT ( 'NONE',  ( -99.26714007511212401, -24.59999999999999787, 10.00000000000000000 ) ) ;
#2538 = LINE ( 'NONE', #2565, #1898 ) ;
#2539 = FACE_OUTER_BOUND ( 'NONE', #133, .T. ) ;
#2540 = PLANE ( 'NONE',  #709 ) ;
#2541 = ORIENTED_EDGE ( 'NONE', *, *, #2146, .F. ) ;
#2542 = ADVANCED_FACE ( 'NONE', ( #1390 ), #5061, .T. ) ;
#2543 = ORIENTED_EDGE ( 'NONE', *, *, #1452, .F. ) ;
#2544 = CARTESIAN_POINT ( 'NONE',  ( -84.49999999999998579, -8.000000000000000000, 9.000000000000000000 ) ) ;
#2545 = CARTESIAN_POINT ( 'NONE',  ( -99.80000000000001137, 0.000000000000000000, 10.00000000000000000 ) ) ;
#2546 = CARTESIAN_POINT ( 'NONE',  ( -97.30000000000001137, 0.000000000000000000, 10.00000000000000000 ) ) ;
#2547 = ORIENTED_EDGE ( 'NONE', *, *, #511, .F. ) ;
#2548 = ORIENTED_EDGE ( 'NONE', *, *, #5769, .F. ) ;
#2549 = EDGE_CURVE ( 'NONE', #2017, #3094, #4477, .T. ) ;
#2550 = CARTESIAN_POINT ( 'NONE',  ( 71.60000000000000853, -9.399999999999998579, 10.00000000000000000 ) ) ;
#2551 = VERTEX_POINT ( 'NONE', #444 ) ;
#2552 = DIRECTION ( 'NONE',  ( -0.000000000000000000, -0.000000000000000000, -1.000000000000000000 ) ) ;
#2553 = LINE ( 'NONE', #3905, #1776 ) ;
#2554 = ORIENTED_EDGE ( 'NONE', *, *, #5642, .F. ) ;
#2555 = VERTEX_POINT ( 'NONE', #3542 ) ;
#2556 = DIRECTION ( 'NONE',  ( -1.000000000000000000, 0.000000000000000000, 0.000000000000000000 ) ) ;
#2557 = EDGE_CURVE ( 'NONE', #3042, #3644, #2522, .T. ) ;
#2558 = DIRECTION ( 'NONE',  ( -0.000000000000000000, -0.000000000000000000, -1.000000000000000000 ) ) ;
#2559 = DIRECTION ( 'NONE',  ( 0.000000000000000000, 0.000000000000000000, 1.000000000000000000 ) ) ;
#2560 = VERTEX_POINT ( 'NONE', #3981 ) ;
#2561 = DIRECTION ( 'NONE',  ( -1.000000000000000000, 0.000000000000000000, 0.000000000000000000 ) ) ;
#2562 = VECTOR ( 'NONE', #5653, 1000.000000000000000 ) ;
#2563 = DIRECTION ( 'NONE',  ( 0.000000000000000000, 0.7071067811865463515, -0.7071067811865487940 ) ) ;
#2564 = DIRECTION ( 'NONE',  ( 0.000000000000000000, 1.000000000000000000, 0.000000000000000000 ) ) ;
#2565 = CARTESIAN_POINT ( 'NONE',  ( 56.40000000000000568, 0.000000000000000000, 0.000000000000000000 ) ) ;
#2566 = DIRECTION ( 'NONE',  ( 1.000000000000000000, 0.000000000000000000, 0.000000000000000000 ) ) ;
#2567 = ADVANCED_FACE ( 'NONE', ( #3663 ), #4090, .F. ) ;
#2568 = DIRECTION ( 'NONE',  ( -0.000000000000000000, -0.000000000000000000, -1.000000000000000000 ) ) ;
#2569 = EDGE_LOOP ( 'NONE', ( #2993, #2763, #5539, #3670 ) ) ;
#2570 = DIRECTION ( 'NONE',  ( 0.000000000000000000, -1.000000000000000000, 0.000000000000000000 ) ) ;
#2571 = CARTESIAN_POINT ( 'NONE',  ( 0.000000000000000000, -31.50000000000000711, 9.000000000000031974 ) ) ;
#2572 = LINE ( 'NONE', #1283, #5607 ) ;
#2573 = EDGE_CURVE ( 'NONE', #3944, #2080, #2206, .T. ) ;
#2574 = ORIENTED_EDGE ( 'NONE', *, *, #206, .F. ) ;
#2575 = ORIENTED_EDGE ( 'NONE', *, *, #2678, .F. ) ;
#2576 = CARTESIAN_POINT ( 'NONE',  ( 52.40000000000000568, -8.400000000000000355, 10.00000000000000000 ) ) ;
#2577 = ORIENTED_EDGE ( 'NONE', *, *, #2054, .T. ) ;
#2578 = CARTESIAN_POINT ( 'NONE',  ( 52.93285992488791436, -8.400000000000000355, 10.00000000000000000 ) ) ;
#2579 = ADVANCED_FACE ( 'NONE', ( #839 ), #1208, .T. ) ;
#2580 = DIRECTION ( 'NONE',  ( 1.000000000000000000, 0.000000000000000000, 0.000000000000000000 ) ) ;
#2581 = ORIENTED_EDGE ( 'NONE', *, *, #3787, .T. ) ;
#2582 = ORIENTED_EDGE ( 'NONE', *, *, #4150, .F. ) ;
#2583 = DIRECTION ( 'NONE',  ( -0.000000000000000000, -0.000000000000000000, -1.000000000000000000 ) ) ;
#2584 = CARTESIAN_POINT ( 'NONE',  ( 47.33740027002956197, -1.837400270029559302, 9.337400270029547755 ) ) ;
#2585 = AXIS2_PLACEMENT_3D ( 'NONE', #1074, #1112, #5021 ) ;
#2586 = CARTESIAN_POINT ( 'NONE',  ( -97.80000000000001137, -24.10000000000000497, 10.00000000000000000 ) ) ;
#2587 = EDGE_CURVE ( 'NONE', #266, #2483, #1312, .T. ) ;
#2588 = AXIS2_PLACEMENT_3D ( 'NONE', #3881, #4790, #2145 ) ;
#2589 = VERTEX_POINT ( 'NONE', #3600 ) ;
#2590 = ORIENTED_EDGE ( 'NONE', *, *, #1275, .F. ) ;
#2591 = FACE_OUTER_BOUND ( 'NONE', #4882, .T. ) ;
#2592 = ORIENTED_EDGE ( 'NONE', *, *, #4636, .T. ) ;
#2593 = AXIS2_PLACEMENT_3D ( 'NONE', #4050, #2665, #2168 ) ;
#2594 = AXIS2_PLACEMENT_3D ( 'NONE', #1628, #4303, #4273 ) ;
#2595 = DIRECTION ( 'NONE',  ( -0.000000000000000000, -0.000000000000000000, -1.000000000000000000 ) ) ;
#2596 = DIRECTION ( 'NONE',  ( 0.000000000000000000, -1.000000000000000000, 0.000000000000000000 ) ) ;
#2597 = VECTOR ( 'NONE', #2354, 1000.000000000000000 ) ;
#2598 = VECTOR ( 'NONE', #2386, 1000.000000000000000 ) ;
#2600 = VECTOR ( 'NONE', #3959, 1000.000000000000000 ) ;
#2599 = CARTESIAN_POINT ( 'NONE',  ( 62.00000000000000000, -31.50000000000000711, 0.000000000000000000 ) ) ;
#2601 = CARTESIAN_POINT ( 'NONE',  ( 70.10000000000000853, 0.000000000000000000, 0.000000000000000000 ) ) ;
#2602 = DIRECTION ( 'NONE',  ( 0.000000000000000000, 0.7071067811865474617, -0.7071067811865474617 ) ) ;
#2603 = AXIS2_PLACEMENT_3D ( 'NONE', #3606, #4921, #2661 ) ;
#2604 = VECTOR ( 'NONE', #4730, 1000.000000000000000 ) ;
#2605 = CARTESIAN_POINT ( 'NONE',  ( -99.26714007511212401, -24.59999999999999787, 0.000000000000000000 ) ) ;
#2606 = ORIENTED_EDGE ( 'NONE', *, *, #4595, .F. ) ;
#2607 = ORIENTED_EDGE ( 'NONE', *, *, #3832, .T. ) ;
#2608 = VECTOR ( 'NONE', #2231, 1000.000000000000000 ) ;
#2609 = CARTESIAN_POINT ( 'NONE',  ( 24.99999999999998579, 8.500000000000010658, 8.999999999999996447 ) ) ;
#2610 = ORIENTED_EDGE ( 'NONE', *, *, #374, .F. ) ;
#2611 = ADVANCED_FACE ( 'NONE', ( #3151 ), #5388, .F. ) ;
#2612 = EDGE_CURVE ( 'NONE', #470, #3621, #4947, .T. ) ;
#2613 = LINE ( 'NONE', #2699, #4850 ) ;
#2614 = DIRECTION ( 'NONE',  ( 1.000000000000000000, 0.000000000000000000, 0.000000000000000000 ) ) ;
#2615 = LINE ( 'NONE', #3941, #3082 ) ;
#2616 = ORIENTED_EDGE ( 'NONE', *, *, #5642, .T. ) ;
#2617 = ORIENTED_EDGE ( 'NONE', *, *, #3268, .F. ) ;
#2618 = LINE ( 'NONE', #4413, #2684 ) ;
#2619 = DIRECTION ( 'NONE',  ( -0.000000000000000000, -0.000000000000000000, -1.000000000000000000 ) ) ;
#2620 = ADVANCED_FACE ( 'NONE', ( #2084 ), #1033, .F. ) ;
#2621 = CARTESIAN_POINT ( 'NONE',  ( -97.30000000000001137, 0.000000000000000000, 10.00000000000000000 ) ) ;
#2622 = VECTOR ( 'NONE', #4997, 1000.000000000000000 ) ;
#2623 = ORIENTED_EDGE ( 'NONE', *, *, #2422, .F. ) ;
#2624 = CARTESIAN_POINT ( 'NONE',  ( 0.000000000000000000, -6.899999999999998579, 0.000000000000000000 ) ) ;
#2625 = EDGE_CURVE ( 'NONE', #4722, #5233, #3686, .T. ) ;
#2626 = CONICAL_SURFACE ( 'NONE', #2903, 15.00000000000000000, 0.7853981633974466137 ) ;
#2627 = EDGE_LOOP ( 'NONE', ( #5097, #82, #4572, #699 ) ) ;
#2628 = LINE ( 'NONE', #3599, #3632 ) ;
#2629 = DIRECTION ( 'NONE',  ( 0.000000000000000000, 1.000000000000000000, -0.000000000000000000 ) ) ;
#2630 = CARTESIAN_POINT ( 'NONE',  ( 69.10000000000000853, -10.36714007511208635, 0.000000000000000000 ) ) ;
#2631 = CARTESIAN_POINT ( 'NONE',  ( -24.00000000000009592, 6.499999999999999112, 10.00000000000000000 ) ) ;
#2632 = EDGE_LOOP ( 'NONE', ( #2774, #1856, #979, #5693 ) ) ;
#2633 = EDGE_CURVE ( 'NONE', #5188, #897, #2850, .T. ) ;
#2634 = CARTESIAN_POINT ( 'NONE',  ( 52.40000000000000568, -9.400000000000000355, 10.00000000000000000 ) ) ;
#2635 = CYLINDRICAL_SURFACE ( 'NONE', #4659, 1.549999999999968070 ) ;
#2636 = CARTESIAN_POINT ( 'NONE',  ( 53.90000000000000568, -22.63285992488791365, 0.000000000000000000 ) ) ;
#2637 = VERTEX_POINT ( 'NONE', #5032 ) ;
#2638 = VERTEX_POINT ( 'NONE', #4147 ) ;
#2639 = VERTEX_POINT ( 'NONE', #111 ) ;
#2640 = DIRECTION ( 'NONE',  ( -0.000000000000000000, 0.000000000000000000, 1.000000000000000000 ) ) ;
#2641 = DIRECTION ( 'NONE',  ( 0.000000000000000000, -0.000000000000000000, -1.000000000000000000 ) ) ;
#2642 = DIRECTION ( 'NONE',  ( 0.000000000000000000, 1.000000000000000000, 0.000000000000000000 ) ) ;
#2643 = CYLINDRICAL_SURFACE ( 'NONE', #5530, 8.000000000000000000 ) ;
#2644 = ORIENTED_EDGE ( 'NONE', *, *, #5357, .F. ) ;
#2645 = VERTEX_POINT ( 'NONE', #4618 ) ;
#2646 = CARTESIAN_POINT ( 'NONE',  ( -33.00000000000001421, -1.500000000000001332, 1.000000000000000888 ) ) ;
#2647 = FACE_OUTER_BOUND ( 'NONE', #4020, .T. ) ;
#2648 = CARTESIAN_POINT ( 'NONE',  ( 55.86714007511208990, -9.400000000000000355, 10.00000000000000000 ) ) ;
#2649 = FACE_OUTER_BOUND ( 'NONE', #389, .T. ) ;
#2650 = EDGE_CURVE ( 'NONE', #1066, #4813, #5800, .T. ) ;
#2651 = ORIENTED_EDGE ( 'NONE', *, *, #4253, .F. ) ;
#2652 = PLANE ( 'NONE',  #4194 ) ;
#2653 = EDGE_LOOP ( 'NONE', ( #5298, #2058, #1409, #758 ) ) ;
#2654 = LINE ( 'NONE', #1715, #3061 ) ;
#2655 = DIRECTION ( 'NONE',  ( 0.000000000000000000, -0.000000000000000000, 1.000000000000000000 ) ) ;
#2656 = CARTESIAN_POINT ( 'NONE',  ( 0.000000000000000000, -8.400000000000005684, 0.000000000000000000 ) ) ;
#2657 = EDGE_CURVE ( 'NONE', #4277, #1670, #278, .T. ) ;
#2658 = CARTESIAN_POINT ( 'NONE',  ( 48.03575995623103978, -2.499999999999981348, 0.000000000000000000 ) ) ;
#2659 = DIRECTION ( 'NONE',  ( -1.000000000000000000, 0.000000000000000000, 0.000000000000000000 ) ) ;
#2660 = CARTESIAN_POINT ( 'NONE',  ( 69.60000000000000853, -8.899999999999998579, 10.00000000000000000 ) ) ;
#2661 = DIRECTION ( 'NONE',  ( 1.000000000000000000, 0.000000000000000000, 0.000000000000000000 ) ) ;
#2662 = EDGE_CURVE ( 'NONE', #3019, #1425, #1639, .T. ) ;
#2663 = ORIENTED_EDGE ( 'NONE', *, *, #2514, .T. ) ;
#2664 = VERTEX_POINT ( 'NONE', #3265 ) ;
#2665 = DIRECTION ( 'NONE',  ( 0.000000000000000000, 0.000000000000000000, -1.000000000000000000 ) ) ;
#2666 = DIRECTION ( 'NONE',  ( 1.000000000000000000, 6.715058616684552661E-15, 0.000000000000000000 ) ) ;
#2667 = DIRECTION ( 'NONE',  ( 1.000000000000000000, 0.000000000000000000, 0.000000000000000000 ) ) ;
#2668 = ORIENTED_EDGE ( 'NONE', *, *, #4296, .T. ) ;
#2669 = DIRECTION ( 'NONE',  ( -1.000000000000000000, 0.000000000000000000, 0.000000000000000000 ) ) ;
#2670 = DIRECTION ( 'NONE',  ( -1.000000000000000000, 0.000000000000000000, 0.000000000000000000 ) ) ;
#2671 = DIRECTION ( 'NONE',  ( 0.000000000000000000, 1.000000000000000000, 0.000000000000000000 ) ) ;
#2672 = DIRECTION ( 'NONE',  ( -0.000000000000000000, -0.000000000000000000, -1.000000000000000000 ) ) ;
#2673 = ORIENTED_EDGE ( 'NONE', *, *, #4171, .F. ) ;
#2674 = VECTOR ( 'NONE', #4933, 1000.000000000000114 ) ;
#2675 = DIRECTION ( 'NONE',  ( 1.000000000000000000, 4.476705744456408672E-15, 0.000000000000000000 ) ) ;
#2676 = ORIENTED_EDGE ( 'NONE', *, *, #3126, .T. ) ;
#2677 = EDGE_CURVE ( 'NONE', #3805, #221, #4594, .T. ) ;
#2678 = EDGE_CURVE ( 'NONE', #5531, #525, #2352, .T. ) ;
#2679 = CARTESIAN_POINT ( 'NONE',  ( 0.000000000000000000, -30.50000000000003553, 0.000000000000000000 ) ) ;
#2680 = AXIS2_PLACEMENT_3D ( 'NONE', #4142, #2795, #2435 ) ;
#2681 = CARTESIAN_POINT ( 'NONE',  ( -96.33285992488789873, -23.59999999999999432, 10.00000000000000000 ) ) ;
#2682 = CARTESIAN_POINT ( 'NONE',  ( 62.00000000000000000, -31.50000000000000711, 10.00000000000000000 ) ) ;
#2683 = CARTESIAN_POINT ( 'NONE',  ( -97.30000000000001137, -26.09999999999999787, 10.00000000000000000 ) ) ;
#2684 = VECTOR ( 'NONE', #4883, 1000.000000000000000 ) ;
#2685 = VECTOR ( 'NONE', #2595, 1000.000000000000000 ) ;
#2686 = DIRECTION ( 'NONE',  ( -0.000000000000000000, -0.000000000000000000, 1.000000000000000000 ) ) ;
#2687 = EDGE_CURVE ( 'NONE', #623, #2912, #613, .T. ) ;
#2688 = DIRECTION ( 'NONE',  ( -0.000000000000000000, 0.000000000000000000, 1.000000000000000000 ) ) ;
#2689 = CIRCLE ( 'NONE', #143, 1.549999999999954081 ) ;
#2690 = DIRECTION ( 'NONE',  ( 1.000000000000000000, 0.000000000000000000, 0.000000000000000000 ) ) ;
#2691 = VECTOR ( 'NONE', #5392, 1000.000000000000114 ) ;
#2692 = AXIS2_PLACEMENT_3D ( 'NONE', #4435, #4901, #480 ) ;
#2693 = ORIENTED_EDGE ( 'NONE', *, *, #1396, .T. ) ;
#2694 = VERTEX_POINT ( 'NONE', #582 ) ;
#2695 = CIRCLE ( 'NONE', #149, 1.549999999999995826 ) ;
#2696 = DIRECTION ( 'NONE',  ( 1.000000000000000000, 0.000000000000000000, 0.000000000000000000 ) ) ;
#2697 = AXIS2_PLACEMENT_3D ( 'NONE', #4360, #1106, #3781 ) ;
#2698 = EDGE_CURVE ( 'NONE', #4364, #1053, #2701, .T. ) ;
#2699 = CARTESIAN_POINT ( 'NONE',  ( -84.49999999999998579, -8.000000000000000000, 0.000000000000000000 ) ) ;
#2700 = CYLINDRICAL_SURFACE ( 'NONE', #5445, 1.549999999999968070 ) ;
#2701 = CIRCLE ( 'NONE', #533, 1.549999999999968070 ) ;
#2702 = LINE ( 'NONE', #962, #3840 ) ;
#2703 = CIRCLE ( 'NONE', #155, 1.549999999999968070 ) ;
#2704 = ORIENTED_EDGE ( 'NONE', *, *, #304, .F. ) ;
#2705 = LINE ( 'NONE', #42, #4648 ) ;
#2706 = FACE_OUTER_BOUND ( 'NONE', #3178, .T. ) ;
#2707 = FACE_OUTER_BOUND ( 'NONE', #2453, .T. ) ;
#2708 = ORIENTED_EDGE ( 'NONE', *, *, #3395, .F. ) ;
#2709 = EDGE_CURVE ( 'NONE', #486, #583, #2767, .T. ) ;
#2710 = DIRECTION ( 'NONE',  ( -1.000000000000000000, 0.000000000000000000, 0.000000000000000000 ) ) ;
#2711 = ORIENTED_EDGE ( 'NONE', *, *, #1720, .T. ) ;
#2712 = AXIS2_PLACEMENT_3D ( 'NONE', #907, #2366, #2280 ) ;
#2713 = AXIS2_PLACEMENT_3D ( 'NONE', #5301, #2596, #233 ) ;
#2714 = DIRECTION ( 'NONE',  ( -0.000000000000000000, -0.000000000000000000, -1.000000000000000000 ) ) ;
#2715 = ORIENTED_EDGE ( 'NONE', *, *, #2079, .F. ) ;
#2716 = VECTOR ( 'NONE', #2843, 1000.000000000000000 ) ;
#2717 = CARTESIAN_POINT ( 'NONE',  ( 0.000000000000000000, -8.400000000000000355, 10.00000000000000000 ) ) ;
#2718 = CIRCLE ( 'NONE', #1005, 8.999999999999918288 ) ;
#2719 = CARTESIAN_POINT ( 'NONE',  ( 70.10000000000000853, 0.000000000000000000, 10.00000000000000000 ) ) ;
#2720 = LINE ( 'NONE', #1418, #5593 ) ;
#2721 = VECTOR ( 'NONE', #13, 1000.000000000000000 ) ;
#2722 = ADVANCED_FACE ( 'NONE', ( #4174 ), #140, .T. ) ;
#2723 = FACE_OUTER_BOUND ( 'NONE', #1449, .T. ) ;
#2724 = CARTESIAN_POINT ( 'NONE',  ( 53.90000000000000568, -7.432859924887910807, 10.00000000000000000 ) ) ;
#2725 = FACE_OUTER_BOUND ( 'NONE', #4172, .T. ) ;
#2726 = ORIENTED_EDGE ( 'NONE', *, *, #2973, .F. ) ;
#2727 = EDGE_CURVE ( 'NONE', #566, #2509, #2045, .T. ) ;
#2728 = ORIENTED_EDGE ( 'NONE', *, *, #2677, .T. ) ;
#2729 = ORIENTED_EDGE ( 'NONE', *, *, #4890, .F. ) ;
#2730 = CARTESIAN_POINT ( 'NONE',  ( 0.000000000000000000, -22.09999999999999432, 10.00000000000000000 ) ) ;
#2731 = LINE ( 'NONE', #4460, #519 ) ;
#2732 = DIRECTION ( 'NONE',  ( 1.000000000000000000, 1.249000902703301354E-16, 0.000000000000000000 ) ) ;
#2733 = FACE_OUTER_BOUND ( 'NONE', #755, .T. ) ;
#2734 = EDGE_CURVE ( 'NONE', #863, #1516, #3403, .T. ) ;
#2735 = EDGE_CURVE ( 'NONE', #470, #4602, #528, .T. ) ;
#2736 = ORIENTED_EDGE ( 'NONE', *, *, #5418, .F. ) ;
#2737 = LINE ( 'NONE', #5759, #898 ) ;
#2738 = CARTESIAN_POINT ( 'NONE',  ( 53.90000000000000568, 0.000000000000000000, 10.00000000000000000 ) ) ;
#2739 = DIRECTION ( 'NONE',  ( 1.000000000000000000, 0.000000000000000000, 0.000000000000000000 ) ) ;
#2740 = ORIENTED_EDGE ( 'NONE', *, *, #4523, .F. ) ;
#2741 = ORIENTED_EDGE ( 'NONE', *, *, #5286, .T. ) ;
#2742 = CARTESIAN_POINT ( 'NONE',  ( -24.00000000000001421, 0.000000000000000000, 0.000000000000000000 ) ) ;
#2743 = ORIENTED_EDGE ( 'NONE', *, *, #3033, .T. ) ;
#2744 = CARTESIAN_POINT ( 'NONE',  ( 71.06714007511209275, -9.399999999999998579, 0.000000000000000000 ) ) ;
#2745 = CARTESIAN_POINT ( 'NONE',  ( -97.30000000000001137, -22.63285992488788523, 10.00000000000000000 ) ) ;
#2746 = CARTESIAN_POINT ( 'NONE',  ( 54.90000000000000568, 0.000000000000000000, 10.00000000000000000 ) ) ;
#2747 = DIRECTION ( 'NONE',  ( 1.000000000000000000, 0.000000000000000000, 0.000000000000000000 ) ) ;
#2748 = ADVANCED_FACE ( 'NONE', ( #173 ), #4292, .T. ) ;
#2749 = LINE ( 'NONE', #501, #2886 ) ;
#2750 = VERTEX_POINT ( 'NONE', #1165 ) ;
#2751 = ORIENTED_EDGE ( 'NONE', *, *, #1303, .T. ) ;
#2752 = ORIENTED_EDGE ( 'NONE', *, *, #1498, .F. ) ;
#2753 = CARTESIAN_POINT ( 'NONE',  ( -33.00000000000001421, -39.50000000000000000, 10.00000000000000000 ) ) ;
#2754 = ADVANCED_FACE ( 'NONE', ( #2956 ), #4751, .F. ) ;
#2755 = LINE ( 'NONE', #422, #1405 ) ;
#2756 = DIRECTION ( 'NONE',  ( -1.000000000000000000, 0.000000000000000000, 0.000000000000000000 ) ) ;
#2757 = VERTEX_POINT ( 'NONE', #305 ) ;
#2758 = CARTESIAN_POINT ( 'NONE',  ( 24.99999999999998579, -39.50000000000000711, 1.000000000000000888 ) ) ;
#2759 = DIRECTION ( 'NONE',  ( 1.000000000000000000, -2.238352872228164104E-15, 0.000000000000000000 ) ) ;
#2760 = CARTESIAN_POINT ( 'NONE',  ( 70.10000000000000853, 0.000000000000000000, 10.00000000000000000 ) ) ;
#2761 = ADVANCED_FACE ( 'NONE', ( #4845 ), #4866, .T. ) ;
#2762 = CARTESIAN_POINT ( 'NONE',  ( 53.90000000000000568, -22.10000000000000142, 10.00000000000000000 ) ) ;
#2763 = ORIENTED_EDGE ( 'NONE', *, *, #5735, .F. ) ;
#2764 = LINE ( 'NONE', #4119, #2967 ) ;
#2765 = ORIENTED_EDGE ( 'NONE', *, *, #645, .T. ) ;
#2766 = EDGE_CURVE ( 'NONE', #1980, #3644, #1296, .T. ) ;
#2767 = LINE ( 'NONE', #2826, #153 ) ;
#2768 = LINE ( 'NONE', #4480, #1843 ) ;
#2769 = PLANE ( 'NONE',  #3641 ) ;
#2770 = AXIS2_PLACEMENT_3D ( 'NONE', #5105, #5575, #4338 ) ;
#2771 = EDGE_CURVE ( 'NONE', #4130, #3222, #2615, .T. ) ;
#2772 = DIRECTION ( 'NONE',  ( 1.000000000000000000, 0.000000000000000000, 0.000000000000000000 ) ) ;
#2773 = DIRECTION ( 'NONE',  ( 0.000000000000000000, 1.000000000000000000, 0.000000000000000000 ) ) ;
#2774 = ORIENTED_EDGE ( 'NONE', *, *, #3519, .T. ) ;
#2775 = CIRCLE ( 'NONE', #2588, 8.999999999999952038 ) ;
#2776 = VERTEX_POINT ( 'NONE', #2110 ) ;
#2777 = ORIENTED_EDGE ( 'NONE', *, *, #4171, .T. ) ;
#2778 = DIRECTION ( 'NONE',  ( -1.000000000000000000, 0.000000000000000000, 0.000000000000000000 ) ) ;
#2779 = FACE_OUTER_BOUND ( 'NONE', #5513, .T. ) ;
#2780 = AXIS2_PLACEMENT_3D ( 'NONE', #1339, #1060, #1479 ) ;
#2781 = VECTOR ( 'NONE', #4657, 1000.000000000000000 ) ;
#2782 = VECTOR ( 'NONE', #504, 1000.000000000000000 ) ;
#2783 = CARTESIAN_POINT ( 'NONE',  ( -84.49999999999998579, -16.50000000000000000, 0.000000000000000000 ) ) ;
#2784 = FACE_OUTER_BOUND ( 'NONE', #4746, .T. ) ;
#2785 = ORIENTED_EDGE ( 'NONE', *, *, #4227, .T. ) ;
#2786 = FACE_BOUND ( 'NONE', #5029, .T. ) ;
#2787 = VECTOR ( 'NONE', #3481, 1000.000000000000000 ) ;
#2788 = VECTOR ( 'NONE', #3394, 1000.000000000000000 ) ;
#2789 = CARTESIAN_POINT ( 'NONE',  ( -24.00000000000001421, 6.499999999999999112, 0.000000000000000000 ) ) ;
#2790 = VECTOR ( 'NONE', #2270, 1000.000000000000000 ) ;
#2791 = ORIENTED_EDGE ( 'NONE', *, *, #5496, .F. ) ;
#2792 = ADVANCED_FACE ( 'NONE', ( #4341 ), #878, .F. ) ;
#2793 = FACE_OUTER_BOUND ( 'NONE', #1725, .T. ) ;
#2794 = ORIENTED_EDGE ( 'NONE', *, *, #4734, .F. ) ;
#2795 = DIRECTION ( 'NONE',  ( 0.7071067811865531239, 0.000000000000000000, -0.7071067811865419106 ) ) ;
#2796 = EDGE_CURVE ( 'NONE', #5333, #4372, #4027, .T. ) ;
#2797 = DIRECTION ( 'NONE',  ( -0.000000000000000000, 0.000000000000000000, 1.000000000000000000 ) ) ;
#2798 = ORIENTED_EDGE ( 'NONE', *, *, #4917, .F. ) ;
#2799 = CARTESIAN_POINT ( 'NONE',  ( 76.99999999999998579, -16.50000000000000711, 0.000000000000000000 ) ) ;
#2800 = ORIENTED_EDGE ( 'NONE', *, *, #131, .T. ) ;
#2801 = EDGE_CURVE ( 'NONE', #1936, #2353, #3018, .T. ) ;
#2802 = FACE_OUTER_BOUND ( 'NONE', #5051, .T. ) ;
#2803 = VERTEX_POINT ( 'NONE', #2194 ) ;
#2804 = VECTOR ( 'NONE', #3913, 1000.000000000000000 ) ;
#2805 = DIRECTION ( 'NONE',  ( 0.000000000000000000, 0.000000000000000000, 1.000000000000000000 ) ) ;
#2806 = CARTESIAN_POINT ( 'NONE',  ( 0.000000000000000000, -8.400000000000005684, 10.00000000000000000 ) ) ;
#2807 = DIRECTION ( 'NONE',  ( 0.000000000000000000, -1.000000000000000000, 0.000000000000000000 ) ) ;
#2808 = EDGE_LOOP ( 'NONE', ( #5000, #1332, #4696, #943, #557 ) ) ;
#2809 = AXIS2_PLACEMENT_3D ( 'NONE', #2234, #3092, #1266 ) ;
#2810 = EDGE_LOOP ( 'NONE', ( #3289, #2958, #4763, #166 ) ) ;
#2811 = VERTEX_POINT ( 'NONE', #5817 ) ;
#2812 = AXIS2_PLACEMENT_3D ( 'NONE', #1347, #4966, #4989 ) ;
#2813 = LINE ( 'NONE', #1428, #2781 ) ;
#2814 = DIRECTION ( 'NONE',  ( -0.000000000000000000, -0.000000000000000000, -1.000000000000000000 ) ) ;
#2815 = ORIENTED_EDGE ( 'NONE', *, *, #148, .F. ) ;
#2816 = FACE_OUTER_BOUND ( 'NONE', #726, .T. ) ;
#2817 = ORIENTED_EDGE ( 'NONE', *, *, #4145, .F. ) ;
#2818 = DIRECTION ( 'NONE',  ( -0.000000000000000000, -0.000000000000000000, -1.000000000000000000 ) ) ;
#2819 = DIRECTION ( 'NONE',  ( 1.000000000000000000, -2.238352872228184378E-14, 0.000000000000000000 ) ) ;
#2820 = EDGE_CURVE ( 'NONE', #4208, #4498, #1325, .T. ) ;
#2821 = VERTEX_POINT ( 'NONE', #5756 ) ;
#2822 = LINE ( 'NONE', #5532, #4275 ) ;
#2823 = CARTESIAN_POINT ( 'NONE',  ( -97.30000000000001137, -6.900000000000000355, 0.000000000000000000 ) ) ;
#2824 = VERTEX_POINT ( 'NONE', #5289 ) ;
#2825 = ADVANCED_FACE ( 'NONE', ( #3561 ), #1704, .F. ) ;
#2826 = CARTESIAN_POINT ( 'NONE',  ( 67.60000000000000853, -9.399999999999998579, 10.00000000000000000 ) ) ;
#2827 = CARTESIAN_POINT ( 'NONE',  ( 52.40000000000000568, -23.60000000000000142, 10.00000000000000000 ) ) ;
#2828 = FACE_OUTER_BOUND ( 'NONE', #2653, .T. ) ;
#2829 = DIRECTION ( 'NONE',  ( -0.000000000000000000, -0.000000000000000000, -1.000000000000000000 ) ) ;
#2830 = EDGE_CURVE ( 'NONE', #1192, #954, #3969, .T. ) ;
#2831 = CARTESIAN_POINT ( 'NONE',  ( 75.96142399166005532, -2.538576008339935797, 0.000000000000000000 ) ) ;
#2832 = VERTEX_POINT ( 'NONE', #3084 ) ;
#2833 = ORIENTED_EDGE ( 'NONE', *, *, #1387, .F. ) ;
#2834 =( NAMED_UNIT ( * ) PLANE_ANGLE_UNIT ( ) SI_UNIT ( $, .RADIAN. ) );
#2835 = CARTESIAN_POINT ( 'NONE',  ( 32.99999999999998579, -2.500000000000009326, 10.00000000000000000 ) ) ;
#2836 = EDGE_CURVE ( 'NONE', #3621, #4139, #3935, .T. ) ;
#2837 = CYLINDRICAL_SURFACE ( 'NONE', #5234, 3.250000000000000444 ) ;
#2838 = ORIENTED_EDGE ( 'NONE', *, *, #2262, .F. ) ;
#2839 = DIRECTION ( 'NONE',  ( 0.000000000000000000, -1.000000000000000000, 0.000000000000000000 ) ) ;
#2840 = VERTEX_POINT ( 'NONE', #761 ) ;
#2841 = FACE_OUTER_BOUND ( 'NONE', #4293, .T. ) ;
#2842 = ORIENTED_EDGE ( 'NONE', *, *, #1895, .T. ) ;
#2843 = DIRECTION ( 'NONE',  ( -0.000000000000000000, -0.000000000000000000, -1.000000000000000000 ) ) ;
#2844 = ORIENTED_EDGE ( 'NONE', *, *, #2796, .T. ) ;
#2845 = ORIENTED_EDGE ( 'NONE', *, *, #461, .T. ) ;
#2846 = CARTESIAN_POINT ( 'NONE',  ( -98.30000000000001137, -25.56714007511212117, 10.00000000000000000 ) ) ;
#2847 = DIRECTION ( 'NONE',  ( -0.000000000000000000, 0.000000000000000000, -1.000000000000000000 ) ) ;
#2848 = EDGE_CURVE ( 'NONE', #1678, #402, #2239, .T. ) ;
#2849 = ORIENTED_EDGE ( 'NONE', *, *, #3629, .T. ) ;
#2850 = LINE ( 'NONE', #4561, #3350 ) ;
#2851 = CARTESIAN_POINT ( 'NONE',  ( 24.99999999999998579, 6.499999999999992006, 8.999999999999996447 ) ) ;
#2852 = EDGE_CURVE ( 'NONE', #4160, #3040, #2553, .T. ) ;
#2853 = EDGE_CURVE ( 'NONE', #3222, #2996, #2142, .T. ) ;
#2854 = LINE ( 'NONE', #63, #1098 ) ;
#2855 = DIRECTION ( 'NONE',  ( 0.000000000000000000, 1.000000000000000000, 0.000000000000000000 ) ) ;
#2856 = DIRECTION ( 'NONE',  ( 0.000000000000000000, -0.000000000000000000, -1.000000000000000000 ) ) ;
#2857 = EDGE_LOOP ( 'NONE', ( #205, #1155, #1911, #2104 ) ) ;
#2858 = EDGE_LOOP ( 'NONE', ( #805, #680, #5080, #138 ) ) ;
#2859 = AXIS2_PLACEMENT_3D ( 'NONE', #4610, #2345, #4138 ) ;
#2860 = CARTESIAN_POINT ( 'NONE',  ( 0.000000000000000000, -24.60000000000000497, 10.00000000000000000 ) ) ;
#2861 = DIRECTION ( 'NONE',  ( -0.000000000000000000, -0.000000000000000000, -1.000000000000000000 ) ) ;
#2862 = CIRCLE ( 'NONE', #3626, 8.500000000000000000 ) ;
#2863 = DIRECTION ( 'NONE',  ( 0.000000000000000000, 1.000000000000000000, 0.000000000000000000 ) ) ;
#2864 = ORIENTED_EDGE ( 'NONE', *, *, #1030, .F. ) ;
#2865 = EDGE_LOOP ( 'NONE', ( #5135, #2082, #378, #4662 ) ) ;
#2866 = ADVANCED_FACE ( 'NONE', ( #5781 ), #2643, .F. ) ;
#2867 = LINE ( 'NONE', #3224, #3998 ) ;
#2868 = ORIENTED_EDGE ( 'NONE', *, *, #2657, .T. ) ;
#2869 = VECTOR ( 'NONE', #2327, 1000.000000000000000 ) ;
#2870 = AXIS2_PLACEMENT_3D ( 'NONE', #3134, #3585, #3991 ) ;
#2871 = VECTOR ( 'NONE', #627, 1000.000000000000000 ) ;
#2872 = CARTESIAN_POINT ( 'NONE',  ( 68.13285992488792431, -8.399999999999998579, 0.000000000000000000 ) ) ;
#2873 = AXIS2_PLACEMENT_3D ( 'NONE', #607, #4591, #3347 ) ;
#2874 = VECTOR ( 'NONE', #5689, 1000.000000000000000 ) ;
#2875 = ORIENTED_EDGE ( 'NONE', *, *, #5380, .F. ) ;
#2876 = CIRCLE ( 'NONE', #4951, 13.99999999999999822 ) ;
#2877 = ORIENTED_EDGE ( 'NONE', *, *, #4529, .T. ) ;
#2878 = DIRECTION ( 'NONE',  ( 1.000000000000000000, 0.000000000000000000, -0.000000000000000000 ) ) ;
#2879 = PLANE ( 'NONE',  #3078 ) ;
#2880 = EDGE_CURVE ( 'NONE', #1036, #3694, #3499, .T. ) ;
#2881 = VECTOR ( 'NONE', #3039, 1000.000000000000000 ) ;
#2882 = CIRCLE ( 'NONE', #5337, 1.549999999999982059 ) ;
#2883 = DIRECTION ( 'NONE',  ( -0.000000000000000000, -0.000000000000000000, -1.000000000000000000 ) ) ;
#2884 = DIRECTION ( 'NONE',  ( 0.000000000000000000, -1.000000000000000000, 0.000000000000000000 ) ) ;
#2885 = CARTESIAN_POINT ( 'NONE',  ( 70.10000000000000853, -10.89999999999999858, 10.00000000000000000 ) ) ;
#2886 = VECTOR ( 'NONE', #5343, 1000.000000000000000 ) ;
#2887 = DIRECTION ( 'NONE',  ( -0.000000000000000000, -0.000000000000000000, -1.000000000000000000 ) ) ;
#2888 = VERTEX_POINT ( 'NONE', #5351 ) ;
#2889 = EDGE_CURVE ( 'NONE', #20, #2022, #5618, .T. ) ;
#2890 = DIRECTION ( 'NONE',  ( -0.000000000000000000, 0.000000000000000000, 1.000000000000000000 ) ) ;
#2891 = VECTOR ( 'NONE', #3470, 1000.000000000000000 ) ;
#2892 = ORIENTED_EDGE ( 'NONE', *, *, #3999, .T. ) ;
#2893 = AXIS2_PLACEMENT_3D ( 'NONE', #1217, #5742, #290 ) ;
#2894 = ORIENTED_EDGE ( 'NONE', *, *, #243, .T. ) ;
#2895 = DIRECTION ( 'NONE',  ( -1.000000000000000000, 0.000000000000000000, 0.000000000000000000 ) ) ;
#2896 = LINE ( 'NONE', #3894, #4013 ) ;
#2897 = AXIS2_PLACEMENT_3D ( 'NONE', #309, #5295, #2116 ) ;
#2898 = LINE ( 'NONE', #3332, #4195 ) ;
#2899 = EDGE_CURVE ( 'NONE', #944, #3431, #3248, .T. ) ;
#2900 = ORIENTED_EDGE ( 'NONE', *, *, #411, .T. ) ;
#2901 = ORIENTED_EDGE ( 'NONE', *, *, #4072, .T. ) ;
#2902 = CARTESIAN_POINT ( 'NONE',  ( 32.99999999999998579, -1.500000000000008216, 8.999999999999996447 ) ) ;
#2903 = AXIS2_PLACEMENT_3D ( 'NONE', #4814, #2552, #787 ) ;
#2904 = ORIENTED_EDGE ( 'NONE', *, *, #4390, .T. ) ;
#2905 = CARTESIAN_POINT ( 'NONE',  ( 0.000000000000000000, -24.60000000000000497, 10.00000000000000000 ) ) ;
#2906 = EDGE_CURVE ( 'NONE', #537, #5704, #3090, .T. ) ;
#2907 = EDGE_CURVE ( 'NONE', #4859, #1075, #2702, .T. ) ;
#2908 = ORIENTED_EDGE ( 'NONE', *, *, #1720, .F. ) ;
#2909 = ORIENTED_EDGE ( 'NONE', *, *, #637, .T. ) ;
#2910 = CARTESIAN_POINT ( 'NONE',  ( 52.40000000000000568, -8.400000000000000355, 0.000000000000000000 ) ) ;
#2911 = CARTESIAN_POINT ( 'NONE',  ( 0.000000000000000000, -23.60000000000000142, 10.00000000000000000 ) ) ;
#2912 = VERTEX_POINT ( 'NONE', #3136 ) ;
#2913 = ORIENTED_EDGE ( 'NONE', *, *, #3955, .F. ) ;
#2914 = DIRECTION ( 'NONE',  ( 0.000000000000000000, -1.000000000000000000, 0.000000000000000000 ) ) ;
#2915 = CARTESIAN_POINT ( 'NONE',  ( 68.13285992488792431, -23.60000000000000142, 10.00000000000000000 ) ) ;
#2916 = DIRECTION ( 'NONE',  ( 1.000000000000000000, 1.249000902703301354E-16, 0.000000000000000000 ) ) ;
#2917 = DIRECTION ( 'NONE',  ( -0.000000000000000000, -0.000000000000000000, -1.000000000000000000 ) ) ;
#2918 = ORIENTED_EDGE ( 'NONE', *, *, #553, .F. ) ;
#2919 = DIRECTION ( 'NONE',  ( -0.000000000000000000, 0.000000000000000000, 1.000000000000000000 ) ) ;
#2920 = ORIENTED_EDGE ( 'NONE', *, *, #4086, .F. ) ;
#2921 = ORIENTED_EDGE ( 'NONE', *, *, #4943, .T. ) ;
#2922 = DIRECTION ( 'NONE',  ( 1.000000000000000000, 0.000000000000000000, 0.000000000000000000 ) ) ;
#2923 = FACE_BOUND ( 'NONE', #4930, .T. ) ;
#2924 = CARTESIAN_POINT ( 'NONE',  ( 54.40000000000000568, -8.900000000000000355, 10.00000000000000000 ) ) ;
#2925 = ORIENTED_EDGE ( 'NONE', *, *, #337, .F. ) ;
#2926 = ORIENTED_EDGE ( 'NONE', *, *, #2219, .T. ) ;
#2927 = CARTESIAN_POINT ( 'NONE',  ( 32.99999999999998579, -2.499999999999981348, 0.000000000000000000 ) ) ;
#2928 = EDGE_CURVE ( 'NONE', #3220, #3365, #4675, .T. ) ;
#2929 = CARTESIAN_POINT ( 'NONE',  ( -24.00000000000001421, 7.500000000000009770, 0.000000000000000000 ) ) ;
#2930 = ORIENTED_EDGE ( 'NONE', *, *, #1603, .T. ) ;
#2931 = ORIENTED_EDGE ( 'NONE', *, *, #5630, .F. ) ;
#2932 = CARTESIAN_POINT ( 'NONE',  ( -97.30000000000001137, -10.90000000000000391, 0.000000000000000000 ) ) ;
#2933 = CARTESIAN_POINT ( 'NONE',  ( 0.000000000000000000, -1.500000000000001332, 9.000000000000067502 ) ) ;
#2934 = ADVANCED_FACE ( 'NONE', ( #1846, #2733 ), #2308, .T. ) ;
#2935 = ORIENTED_EDGE ( 'NONE', *, *, #5389, .T. ) ;
#2936 = ORIENTED_EDGE ( 'NONE', *, *, #924, .T. ) ;
#2937 = CARTESIAN_POINT ( 'NONE',  ( 56.40000000000000568, -9.400000000000000355, 0.000000000000000000 ) ) ;
#2938 = ADVANCED_FACE ( 'NONE', ( #1408 ), #4929, .T. ) ;
#2939 = DIRECTION ( 'NONE',  ( 1.000000000000000000, 0.000000000000000000, 0.000000000000000000 ) ) ;
#2940 = DIRECTION ( 'NONE',  ( -0.000000000000000000, -0.000000000000000000, -1.000000000000000000 ) ) ;
#2941 = CARTESIAN_POINT ( 'NONE',  ( 69.10000000000000853, -10.36714007511208635, 10.00000000000000000 ) ) ;
#2942 = CARTESIAN_POINT ( 'NONE',  ( 52.40000000000000568, 0.000000000000000000, 10.00000000000000000 ) ) ;
#2943 = CARTESIAN_POINT ( 'NONE',  ( 24.99999999999998579, 8.500000000000010658, 1.000000000000000888 ) ) ;
#2944 = EDGE_LOOP ( 'NONE', ( #2729, #2913, #3068, #1938 ) ) ;
#2945 = EDGE_CURVE ( 'NONE', #4143, #4350, #5809, .T. ) ;
#2946 = VERTEX_POINT ( 'NONE', #1818 ) ;
#2947 = PLANE ( 'NONE',  #521 ) ;
#2948 = FACE_OUTER_BOUND ( 'NONE', #272, .T. ) ;
#2949 = LINE ( 'NONE', #4361, #2881 ) ;
#2950 = ORIENTED_EDGE ( 'NONE', *, *, #3513, .T. ) ;
#2951 = VERTEX_POINT ( 'NONE', #3649 ) ;
#2952 = CARTESIAN_POINT ( 'NONE',  ( 54.90000000000000568, -22.10000000000000142, 10.00000000000000000 ) ) ;
#2953 = EDGE_LOOP ( 'NONE', ( #3526, #3418, #5145, #502 ) ) ;
#2954 = AXIS2_PLACEMENT_3D ( 'NONE', #3741, #4590, #555 ) ;
#2955 = DIRECTION ( 'NONE',  ( 1.000000000000000000, 0.000000000000000000, 0.000000000000000000 ) ) ;
#2956 = FACE_OUTER_BOUND ( 'NONE', #5258, .T. ) ;
#2957 = EDGE_LOOP ( 'NONE', ( #4134, #3607, #5457, #1599 ) ) ;
#2958 = ORIENTED_EDGE ( 'NONE', *, *, #5675, .T. ) ;
#2959 = DIRECTION ( 'NONE',  ( 1.000000000000000000, 0.000000000000000000, 0.000000000000000000 ) ) ;
#2960 = EDGE_CURVE ( 'NONE', #3963, #1384, #4076, .T. ) ;
#2961 = DIRECTION ( 'NONE',  ( -0.000000000000000000, -0.000000000000000000, -1.000000000000000000 ) ) ;
#2962 = VECTOR ( 'NONE', #5814, 1000.000000000000000 ) ;
#2963 = COLOUR_RGB ( '',0.7921568627450980005, 0.8196078431372548767, 0.9333333333333333481 ) ;
#2964 = EDGE_CURVE ( 'NONE', #3939, #221, #508, .T. ) ;
#2965 = ORIENTED_EDGE ( 'NONE', *, *, #206, .T. ) ;
#2966 = DIRECTION ( 'NONE',  ( 0.000000000000000000, 1.000000000000000000, -0.000000000000000000 ) ) ;
#2967 = VECTOR ( 'NONE', #5001, 1000.000000000000000 ) ;
#2968 = AXIS2_PLACEMENT_3D ( 'NONE', #2513, #4429, #3985 ) ;
#2969 = DIRECTION ( 'NONE',  ( -0.000000000000000000, -0.000000000000000000, -1.000000000000000000 ) ) ;
#2970 = DIRECTION ( 'NONE',  ( 1.000000000000000000, 0.000000000000000000, 0.000000000000000000 ) ) ;
#2971 = CARTESIAN_POINT ( 'NONE',  ( 69.10000000000000853, -25.56714007511209275, 10.00000000000000000 ) ) ;
#2972 = DIRECTION ( 'NONE',  ( 0.000000000000000000, -0.000000000000000000, -1.000000000000000000 ) ) ;
#2973 = EDGE_CURVE ( 'NONE', #3892, #186, #5438, .T. ) ;
#2974 = AXIS2_PLACEMENT_3D ( 'NONE', #1063, #475, #2271 ) ;
#2975 = CARTESIAN_POINT ( 'NONE',  ( 76.99999999999998579, -31.50000000000000711, 8.999999999999996447 ) ) ;
#2976 = ORIENTED_EDGE ( 'NONE', *, *, #4063, .T. ) ;
#2977 = EDGE_LOOP ( 'NONE', ( #390, #1669, #5725, #2482 ) ) ;
#2978 = LINE ( 'NONE', #4332, #617 ) ;
#2979 = DIRECTION ( 'NONE',  ( -1.000000000000000000, 0.000000000000000000, 0.000000000000000000 ) ) ;
#2980 = DIRECTION ( 'NONE',  ( -0.000000000000000000, -0.000000000000000000, -1.000000000000000000 ) ) ;
#2981 = ORIENTED_EDGE ( 'NONE', *, *, #5541, .F. ) ;
#2982 = AXIS2_PLACEMENT_3D ( 'NONE', #2358, #2917, #4708 ) ;
#2983 = EDGE_LOOP ( 'NONE', ( #5744, #2252, #5677, #4871 ) ) ;
#2984 = CARTESIAN_POINT ( 'NONE',  ( 91.00000000000001421, -16.50000000000000711, 0.000000000000000000 ) ) ;
#2985 = ORIENTED_EDGE ( 'NONE', *, *, #377, .T. ) ;
#2986 = VECTOR ( 'NONE', #3208, 1000.000000000000000 ) ;
#2987 = LINE ( 'NONE', #5700, #2532 ) ;
#2988 = DIRECTION ( 'NONE',  ( 1.000000000000000000, 0.000000000000000000, 0.000000000000000000 ) ) ;
#2989 = CIRCLE ( 'NONE', #1314, 1.549999999999968070 ) ;
#2990 = EDGE_LOOP ( 'NONE', ( #3657, #118, #126, #3952 ) ) ;
#2991 = CARTESIAN_POINT ( 'NONE',  ( 0.000000000000000000, 0.000000000000000000, 0.000000000000000000 ) ) ;
#2992 = LINE ( 'NONE', #2933, #5291 ) ;
#2993 = ORIENTED_EDGE ( 'NONE', *, *, #5190, .T. ) ;
#2994 = ADVANCED_FACE ( 'NONE', ( #2816 ), #2257, .F. ) ;
#2995 = CARTESIAN_POINT ( 'NONE',  ( -97.30000000000001137, -25.56714007511212117, 10.00000000000000000 ) ) ;
#2996 = VERTEX_POINT ( 'NONE', #3195 ) ;
#2997 = ORIENTED_EDGE ( 'NONE', *, *, #993, .T. ) ;
#2998 = LINE ( 'NONE', #5297, #2787 ) ;
#2999 = FACE_OUTER_BOUND ( 'NONE', #660, .T. ) ;
#3000 = ADVANCED_FACE ( 'NONE', ( #14 ), #1794, .F. ) ;
#3001 = DIRECTION ( 'NONE',  ( -1.000000000000000000, 0.000000000000000000, 0.000000000000000000 ) ) ;
#3002 = FACE_OUTER_BOUND ( 'NONE', #2479, .T. ) ;
#3003 = DIRECTION ( 'NONE',  ( -0.000000000000000000, -0.000000000000000000, -1.000000000000000000 ) ) ;
#3004 = CYLINDRICAL_SURFACE ( 'NONE', #5122, 8.500000000000007105 ) ;
#3005 = ORIENTED_EDGE ( 'NONE', *, *, #4103, .F. ) ;
#3006 = ORIENTED_EDGE ( 'NONE', *, *, #4601, .F. ) ;
#3007 = DIRECTION ( 'NONE',  ( -0.000000000000000000, 0.000000000000000000, 1.000000000000000000 ) ) ;
#3008 = ADVANCED_FACE ( 'NONE', ( #5375 ), #1375, .F. ) ;
#3009 = DIRECTION ( 'NONE',  ( 0.000000000000000000, -1.000000000000000000, 0.000000000000000000 ) ) ;
#3010 = CARTESIAN_POINT ( 'NONE',  ( 69.10000000000000853, -22.10000000000000142, 0.000000000000000000 ) ) ;
#3011 = ORIENTED_EDGE ( 'NONE', *, *, #5055, .F. ) ;
#3012 = EDGE_LOOP ( 'NONE', ( #2845, #5058, #5793, #5574 ) ) ;
#3013 = DIRECTION ( 'NONE',  ( 0.000000000000000000, 1.000000000000000000, -0.000000000000000000 ) ) ;
#3014 = VERTEX_POINT ( 'NONE', #4546 ) ;
#3015 = ORIENTED_EDGE ( 'NONE', *, *, #5371, .T. ) ;
#3016 = ADVANCED_FACE ( 'NONE', ( #2784 ), #3676, .F. ) ;
#3017 = DIRECTION ( 'NONE',  ( -1.000000000000000000, 0.000000000000000000, 0.000000000000000000 ) ) ;
#3018 = LINE ( 'NONE', #2170, #633 ) ;
#3019 = VERTEX_POINT ( 'NONE', #545 ) ;
#3020 = ORIENTED_EDGE ( 'NONE', *, *, #2027, .T. ) ;
#3021 = LINE ( 'NONE', #668, #4001 ) ;
#3022 = CARTESIAN_POINT ( 'NONE',  ( 0.000000000000000000, -9.400000000000007461, 10.00000000000000000 ) ) ;
#3023 = CARTESIAN_POINT ( 'NONE',  ( 32.99999999999998579, -39.50000000000000711, 10.00000000000000000 ) ) ;
#3024 = CIRCLE ( 'NONE', #4149, 1.549999999999968070 ) ;
#3025 = VERTEX_POINT ( 'NONE', #4135 ) ;
#3026 = VERTEX_POINT ( 'NONE', #4633 ) ;
#3027 = CARTESIAN_POINT ( 'NONE',  ( 0.000000000000000000, 0.000000000000000000, 3.000000000000000000 ) ) ;
#3028 = AXIS2_PLACEMENT_3D ( 'NONE', #1655, #4732, #5590 ) ;
#3029 = VERTEX_POINT ( 'NONE', #5079 ) ;
#3030 = DIRECTION ( 'NONE',  ( 1.000000000000000000, 0.000000000000000000, 0.000000000000000000 ) ) ;
#3031 = FACE_OUTER_BOUND ( 'NONE', #5529, .T. ) ;
#3032 = CARTESIAN_POINT ( 'NONE',  ( 0.000000000000000000, -23.59999999999999432, 10.00000000000000000 ) ) ;
#3033 = EDGE_CURVE ( 'NONE', #4317, #3196, #3728, .T. ) ;
#3034 = DIRECTION ( 'NONE',  ( 1.000000000000000000, 0.000000000000000000, 0.000000000000000000 ) ) ;
#3035 = ORIENTED_EDGE ( 'NONE', *, *, #467, .T. ) ;
#3036 = EDGE_CURVE ( 'NONE', #4130, #402, #3282, .T. ) ;
#3037 = DIRECTION ( 'NONE',  ( 0.000000000000000000, -0.000000000000000000, 1.000000000000000000 ) ) ;
#3038 = DIRECTION ( 'NONE',  ( -1.000000000000000000, 0.000000000000000000, 0.000000000000000000 ) ) ;
#3039 = DIRECTION ( 'NONE',  ( -0.000000000000000000, -0.000000000000000000, -1.000000000000000000 ) ) ;
#3040 = VERTEX_POINT ( 'NONE', #597 ) ;
#3041 = EDGE_CURVE ( 'NONE', #4686, #5647, #1927, .T. ) ;
#3042 = VERTEX_POINT ( 'NONE', #3533 ) ;
#3043 = DIRECTION ( 'NONE',  ( 1.000000000000000000, 0.000000000000000000, 0.000000000000000000 ) ) ;
#3044 = ORIENTED_EDGE ( 'NONE', *, *, #1792, .F. ) ;
#3045 = CARTESIAN_POINT ( 'NONE',  ( 55.86714007511208990, -8.400000000000000355, 0.000000000000000000 ) ) ;
#3046 = LINE ( 'NONE', #1763, #1497 ) ;
#3047 = DIRECTION ( 'NONE',  ( 0.000000000000000000, 0.7071067811865475727, 0.7071067811865475727 ) ) ;
#3048 = EDGE_CURVE ( 'NONE', #2228, #944, #4444, .T. ) ;
#3049 = ORIENTED_EDGE ( 'NONE', *, *, #1531, .F. ) ;
#3050 = ORIENTED_EDGE ( 'NONE', *, *, #708, .T. ) ;
#3051 = DIRECTION ( 'NONE',  ( -0.000000000000000000, -0.000000000000000000, 1.000000000000000000 ) ) ;
#3052 = DIRECTION ( 'NONE',  ( -1.000000000000000000, 0.000000000000000000, 0.000000000000000000 ) ) ;
#3053 = VECTOR ( 'NONE', #1904, 1000.000000000000000 ) ;
#3054 = PLANE ( 'NONE',  #3566 ) ;
#3055 = EDGE_LOOP ( 'NONE', ( #1881, #350, #320, #4788, #632 ) ) ;
#3056 = ADVANCED_FACE ( 'NONE', ( #1710 ), #1646, .T. ) ;
#3057 = ORIENTED_EDGE ( 'NONE', *, *, #933, .T. ) ;
#3058 = CARTESIAN_POINT ( 'NONE',  ( 76.00000000000001421, -1.500000000000008216, 0.000000000000000000 ) ) ;
#3059 = ORIENTED_EDGE ( 'NONE', *, *, #1823, .F. ) ;
#3060 = VECTOR ( 'NONE', #2466, 1000.000000000000000 ) ;
#3061 = VECTOR ( 'NONE', #3953, 1000.000000000000000 ) ;
#3062 = AXIS2_PLACEMENT_3D ( 'NONE', #1249, #3867, #3844 ) ;
#3063 = CARTESIAN_POINT ( 'NONE',  ( 32.99999999999998579, -39.50000000000000711, 1.000000000000000888 ) ) ;
#3064 = CARTESIAN_POINT ( 'NONE',  ( 69.60000000000000853, -8.899999999999998579, 0.000000000000000000 ) ) ;
#3065 = DIRECTION ( 'NONE',  ( 1.000000000000000000, 0.000000000000000000, 0.000000000000000000 ) ) ;
#3066 = VECTOR ( 'NONE', #1552, 1000.000000000000000 ) ;
#3067 = CARTESIAN_POINT ( 'NONE',  ( 76.65798675386800198, -31.15798675386803751, 9.342013246131967819 ) ) ;
#3068 = ORIENTED_EDGE ( 'NONE', *, *, #983, .T. ) ;
#3069 = DIRECTION ( 'NONE',  ( 0.000000000000000000, 0.000000000000000000, 1.000000000000000000 ) ) ;
#3070 = CARTESIAN_POINT ( 'NONE',  ( 55.86714007511208990, -23.60000000000000142, 10.00000000000000000 ) ) ;
#3071 = VECTOR ( 'NONE', #1668, 1000.000000000000000 ) ;
#3072 = VECTOR ( 'NONE', #2563, 1000.000000000000000 ) ;
#3073 = ADVANCED_FACE ( 'NONE', ( #793 ), #4000, .F. ) ;
#3074 = DIRECTION ( 'NONE',  ( 0.000000000000000000, 1.000000000000000000, 0.000000000000000000 ) ) ;
#3075 = VERTEX_POINT ( 'NONE', #2995 ) ;
#3076 = VECTOR ( 'NONE', #559, 1000.000000000000000 ) ;
#3077 = ORIENTED_EDGE ( 'NONE', *, *, #5304, .F. ) ;
#3078 = AXIS2_PLACEMENT_3D ( 'NONE', #5028, #4673, #2847 ) ;
#3079 = ORIENTED_EDGE ( 'NONE', *, *, #5304, .T. ) ;
#3080 = CARTESIAN_POINT ( 'NONE',  ( 67.60000000000000853, 0.000000000000000000, 0.000000000000000000 ) ) ;
#3081 = EDGE_CURVE ( 'NONE', #1186, #4446, #3477, .T. ) ;
#3082 = VECTOR ( 'NONE', #4409, 1000.000000000000000 ) ;
#3083 = DIRECTION ( 'NONE',  ( 1.000000000000000000, 0.000000000000000000, 0.000000000000000000 ) ) ;
#3084 = CARTESIAN_POINT ( 'NONE',  ( 52.93285992488791436, -24.60000000000000497, 0.000000000000000000 ) ) ;
#3085 = EDGE_LOOP ( 'NONE', ( #3826, #3098, #1138, #5370 ) ) ;
#3086 = VERTEX_POINT ( 'NONE', #433 ) ;
#3087 = CARTESIAN_POINT ( 'NONE',  ( 0.000000000000000000, -8.400000000000005684, 10.00000000000000000 ) ) ;
#3088 = LINE ( 'NONE', #428, #4955 ) ;
#3089 = CARTESIAN_POINT ( 'NONE',  ( -24.00000000000001421, 8.500000000000010658, 0.000000000000000000 ) ) ;
#3090 = CIRCLE ( 'NONE', #354, 1.549999999999968070 ) ;
#3091 = ADVANCED_FACE ( 'NONE', ( #2175 ), #376, .F. ) ;
#3092 = DIRECTION ( 'NONE',  ( -0.000000000000000000, -0.000000000000000000, -1.000000000000000000 ) ) ;
#3093 = AXIS2_PLACEMENT_3D ( 'NONE', #2261, #5057, #4611 ) ;
#3094 = VERTEX_POINT ( 'NONE', #767 ) ;
#3095 = ORIENTED_EDGE ( 'NONE', *, *, #1826, .F. ) ;
#3096 = LINE ( 'NONE', #1827, #1665 ) ;
#3097 = VECTOR ( 'NONE', #1793, 1000.000000000000000 ) ;
#3098 = ORIENTED_EDGE ( 'NONE', *, *, #3169, .F. ) ;
#3099 = CARTESIAN_POINT ( 'NONE',  ( -98.30000000000001137, 0.000000000000000000, 10.00000000000000000 ) ) ;
#3100 = CARTESIAN_POINT ( 'NONE',  ( -84.49999999999998579, -25.00000000000000000, 9.000000000000000000 ) ) ;
#3101 = DIRECTION ( 'NONE',  ( 0.000000000000000000, 1.000000000000000000, -0.000000000000000000 ) ) ;
#3102 = DIRECTION ( 'NONE',  ( 1.000000000000000000, 0.000000000000000000, 0.000000000000000000 ) ) ;
#3103 = LINE ( 'NONE', #361, #434 ) ;
#3104 = DIRECTION ( 'NONE',  ( 0.000000000000000000, 0.000000000000000000, -1.000000000000000000 ) ) ;
#3105 = ORIENTED_EDGE ( 'NONE', *, *, #1140, .F. ) ;
#3106 = ORIENTED_EDGE ( 'NONE', *, *, #4653, .F. ) ;
#3107 = ADVANCED_BREP_SHAPE_REPRESENTATION ( 'P5 Panel LRS-100-5 Mount', ( #197, #3777 ), #3503 ) ;
#3108 = EDGE_CURVE ( 'NONE', #3186, #794, #3975, .T. ) ;
#3109 = LINE ( 'NONE', #3583, #2782 ) ;
#3110 = CARTESIAN_POINT ( 'NONE',  ( -97.30000000000001137, -10.90000000000000391, 10.00000000000000000 ) ) ;
#3111 = CARTESIAN_POINT ( 'NONE',  ( 71.06714007511209275, -24.60000000000000497, 0.000000000000000000 ) ) ;
#3112 = DIRECTION ( 'NONE',  ( 0.000000000000000000, 1.000000000000000000, -0.000000000000000000 ) ) ;
#3113 = ORIENTED_EDGE ( 'NONE', *, *, #3962, .F. ) ;
#3114 = CARTESIAN_POINT ( 'NONE',  ( 53.90000000000000568, 0.000000000000000000, 0.000000000000000000 ) ) ;
#3115 = ADVANCED_FACE ( 'NONE', ( #3505 ), #3054, .T. ) ;
#3116 = CARTESIAN_POINT ( 'NONE',  ( 69.10000000000000853, 0.000000000000000000, 10.00000000000000000 ) ) ;
#3117 = CARTESIAN_POINT ( 'NONE',  ( 40.49999999999999289, -25.99999999999998934, 10.00000000000000000 ) ) ;
#3118 = DIRECTION ( 'NONE',  ( 0.000000000000000000, 0.000000000000000000, 1.000000000000000000 ) ) ;
#3119 = EDGE_LOOP ( 'NONE', ( #1083, #3237, #141, #5397 ) ) ;
#3120 = ADVANCED_FACE ( 'NONE', ( #1739 ), #4792, .F. ) ;
#3121 = FACE_OUTER_BOUND ( 'NONE', #1802, .T. ) ;
#3122 = ORIENTED_EDGE ( 'NONE', *, *, #1831, .T. ) ;
#3123 = AXIS2_PLACEMENT_3D ( 'NONE', #1311, #1337, #2655 ) ;
#3124 = FACE_OUTER_BOUND ( 'NONE', #256, .T. ) ;
#3125 = LINE ( 'NONE', #2656, #543 ) ;
#3126 = EDGE_CURVE ( 'NONE', #4224, #1028, #5242, .T. ) ;
#3127 = DIRECTION ( 'NONE',  ( -0.000000000000000000, 0.000000000000000000, 1.000000000000000000 ) ) ;
#3128 = LINE ( 'NONE', #4982, #2790 ) ;
#3129 = CARTESIAN_POINT ( 'NONE',  ( 54.40000000000000568, -24.10000000000000142, 0.000000000000000000 ) ) ;
#3130 = DIRECTION ( 'NONE',  ( 0.000000000000000000, -1.000000000000000000, 0.000000000000000000 ) ) ;
#3131 = ORIENTED_EDGE ( 'NONE', *, *, #3108, .T. ) ;
#3132 = EDGE_CURVE ( 'NONE', #1185, #1917, #5327, .T. ) ;
#3133 = VERTEX_POINT ( 'NONE', #1302 ) ;
#3134 = CARTESIAN_POINT ( 'NONE',  ( -97.30000000000001137, 0.000000000000000000, 10.00000000000000000 ) ) ;
#3135 = CARTESIAN_POINT ( 'NONE',  ( 70.10000000000000853, -7.432859924887909031, 10.00000000000000000 ) ) ;
#3136 = CARTESIAN_POINT ( 'NONE',  ( 47.00000000000001421, -31.50000000000000711, 9.000000000000031974 ) ) ;
#3137 = VERTEX_POINT ( 'NONE', #2148 ) ;
#3138 = LINE ( 'NONE', #2173, #3428 ) ;
#3139 = CARTESIAN_POINT ( 'NONE',  ( 52.40000000000000568, 0.000000000000000000, 0.000000000000000000 ) ) ;
#3140 = DIRECTION ( 'NONE',  ( -0.000000000000000000, -0.7071067811865573427, 0.7071067811865376918 ) ) ;
#3141 = CARTESIAN_POINT ( 'NONE',  ( -24.00000000000001421, 0.000000000000000000, 0.000000000000000000 ) ) ;
#3142 = ADVANCED_FACE ( 'NONE', ( #5709 ), #5267, .F. ) ;
#3143 = EDGE_LOOP ( 'NONE', ( #2323, #5346, #5597, #1919 ) ) ;
#3144 = ORIENTED_EDGE ( 'NONE', *, *, #1123, .T. ) ;
#3145 = AXIS2_PLACEMENT_3D ( 'NONE', #4995, #4550, #3974 ) ;
#3146 = DIRECTION ( 'NONE',  ( 0.000000000000000000, -0.000000000000000000, -1.000000000000000000 ) ) ;
#3147 = ORIENTED_EDGE ( 'NONE', *, *, #4543, .T. ) ;
#3148 = CARTESIAN_POINT ( 'NONE',  ( 24.00000000000003197, -39.50000000000000711, 10.00000000000000000 ) ) ;
#3149 = AXIS2_PLACEMENT_3D ( 'NONE', #281, #5615, #2959 ) ;
#3150 = ADVANCED_FACE ( 'NONE', ( #4854 ), #3947, .F. ) ;
#3151 = FACE_OUTER_BOUND ( 'NONE', #4609, .T. ) ;
#3152 = LINE ( 'NONE', #5422, #1086 ) ;
#3153 = VECTOR ( 'NONE', #4092, 1000.000000000000000 ) ;
#3154 = CIRCLE ( 'NONE', #2122, 3.250000000000000444 ) ;
#3155 = B_SPLINE_CURVE_WITH_KNOTS ( 'NONE', 3,
 ( #487, #856, #4441, #2282 ),
 .UNSPECIFIED., .F., .F.,
 ( 4, 4 ),
 ( 0.000000000000000000, 0.001752940012359706064 ),
 .UNSPECIFIED. ) ;
#3156 = CARTESIAN_POINT ( 'NONE',  ( 70.10000000000000853, 0.000000000000000000, 10.00000000000000000 ) ) ;
#3157 = CARTESIAN_POINT ( 'NONE',  ( -11.16666666666691654, -27.66666666666696273, 22.83333333333338189 ) ) ;
#3158 = EDGE_CURVE ( 'NONE', #3186, #4143, #5791, .T. ) ;
#3159 = ADVANCED_FACE ( 'NONE', ( #2649 ), #456, .T. ) ;
#3160 = LINE ( 'NONE', #1811, #2140 ) ;
#3161 = VECTOR ( 'NONE', #2212, 1000.000000000000000 ) ;
#3162 = VECTOR ( 'NONE', #5515, 1000.000000000000000 ) ;
#3163 = VERTEX_POINT ( 'NONE', #1206 ) ;
#3164 = VERTEX_POINT ( 'NONE', #3177 ) ;
#3165 = ORIENTED_EDGE ( 'NONE', *, *, #4121, .F. ) ;
#3166 = DIRECTION ( 'NONE',  ( -0.000000000000000000, 0.000000000000000000, -1.000000000000000000 ) ) ;
#3167 = VECTOR ( 'NONE', #1576, 1000.000000000000000 ) ;
#3168 = DIRECTION ( 'NONE',  ( 0.000000000000000000, 0.000000000000000000, -1.000000000000000000 ) ) ;
#3169 = EDGE_CURVE ( 'NONE', #1615, #4677, #575, .T. ) ;
#3170 = CARTESIAN_POINT ( 'NONE',  ( 47.00000000000001421, -1.500000000000008216, 10.00000000000000000 ) ) ;
#3171 = DIRECTION ( 'NONE',  ( 1.000000000000000000, 0.000000000000000000, 0.000000000000000000 ) ) ;
#3172 = VECTOR ( 'NONE', #1621, 1000.000000000000000 ) ;
#3173 = ORIENTED_EDGE ( 'NONE', *, *, #2362, .T. ) ;
#3174 = CARTESIAN_POINT ( 'NONE',  ( 70.10000000000000853, 0.000000000000000000, 10.00000000000000000 ) ) ;
#3175 = LINE ( 'NONE', #2738, #4556 ) ;
#3176 = AXIS2_PLACEMENT_3D ( 'NONE', #3525, #5261, #2580 ) ;
#3177 = CARTESIAN_POINT ( 'NONE',  ( 70.10000000000000853, -25.56714007511209275, 0.000000000000000000 ) ) ;
#3178 = EDGE_LOOP ( 'NONE', ( #1570, #5811, #538, #4634 ) ) ;
#3179 = CARTESIAN_POINT ( 'NONE',  ( -97.30000000000001137, -7.432859924887881498, 10.00000000000000000 ) ) ;
#3180 = EDGE_LOOP ( 'NONE', ( #1423, #2651, #766, #4674 ) ) ;
#3181 = CONICAL_SURFACE ( 'NONE', #258, 8.500000000000007105, 0.7853981633974482790 ) ;
#3182 = DIRECTION ( 'NONE',  ( -1.000000000000000000, 0.000000000000000000, 0.000000000000000000 ) ) ;
#3183 = CARTESIAN_POINT ( 'NONE',  ( -95.80000000000001137, -8.400000000000005684, 10.00000000000000000 ) ) ;
#3184 = VECTOR ( 'NONE', #3697, 1000.000000000000000 ) ;
#3185 = EDGE_CURVE ( 'NONE', #5108, #671, #3661, .T. ) ;
#3186 = VERTEX_POINT ( 'NONE', #517 ) ;
#3187 = DIRECTION ( 'NONE',  ( -0.000000000000000000, -0.000000000000000000, -1.000000000000000000 ) ) ;
#3188 = DIRECTION ( 'NONE',  ( -0.000000000000000000, -0.000000000000000000, -1.000000000000000000 ) ) ;
#3189 = DIRECTION ( 'NONE',  ( -1.000000000000000000, 0.000000000000000000, 0.000000000000000000 ) ) ;
#3190 = ORIENTED_EDGE ( 'NONE', *, *, #5279, .F. ) ;
#3191 = EDGE_LOOP ( 'NONE', ( #1237, #2623, #3527, #246 ) ) ;
#3192 = EDGE_CURVE ( 'NONE', #3203, #5520, #1824, .T. ) ;
#3193 = DIRECTION ( 'NONE',  ( 0.000000000000000000, 1.000000000000000000, -0.000000000000000000 ) ) ;
#3194 = DIRECTION ( 'NONE',  ( 1.000000000000000000, 0.000000000000000000, 0.000000000000000000 ) ) ;
#3195 = CARTESIAN_POINT ( 'NONE',  ( 53.90000000000000568, -22.63285992488791365, 10.00000000000000000 ) ) ;
#3196 = VERTEX_POINT ( 'NONE', #3225 ) ;
#3197 = CARTESIAN_POINT ( 'NONE',  ( 76.99999999999998579, -31.50000000000000711, 10.00000000000000000 ) ) ;
#3198 = EDGE_CURVE ( 'NONE', #782, #1438, #2989, .T. ) ;
#3199 = LINE ( 'NONE', #4932, #1105 ) ;
#3200 = PLANE ( 'NONE',  #3145 ) ;
#3201 = ORIENTED_EDGE ( 'NONE', *, *, #3620, .F. ) ;
#3202 = DIRECTION ( 'NONE',  ( 0.000000000000000000, 0.000000000000000000, 1.000000000000000000 ) ) ;
#3203 = VERTEX_POINT ( 'NONE', #4505 ) ;
#3204 = ORIENTED_EDGE ( 'NONE', *, *, #2326, .F. ) ;
#3205 = DIRECTION ( 'NONE',  ( -0.000000000000000000, -0.000000000000000000, -1.000000000000000000 ) ) ;
#3206 = ADVANCED_FACE ( 'NONE', ( #2793 ), #1463, .T. ) ;
#3207 = ORIENTED_EDGE ( 'NONE', *, *, #3322, .F. ) ;
#3208 = DIRECTION ( 'NONE',  ( -0.000000000000000000, -0.000000000000000000, -1.000000000000000000 ) ) ;
#3209 = DIRECTION ( 'NONE',  ( 1.000000000000000000, 0.000000000000000000, 0.000000000000000000 ) ) ;
#3210 = CARTESIAN_POINT ( 'NONE',  ( -99.80000000000001137, -23.59999999999999432, 10.00000000000000000 ) ) ;
#3211 = DIRECTION ( 'NONE',  ( 1.000000000000000000, -0.000000000000000000, 0.000000000000000000 ) ) ;
#3212 = ORIENTED_EDGE ( 'NONE', *, *, #3401, .F. ) ;
#3213 = EDGE_CURVE ( 'NONE', #227, #4317, #1958, .T. ) ;
#3214 = EDGE_LOOP ( 'NONE', ( #1632, #2333, #1727, #1520 ) ) ;
#3215 = EDGE_LOOP ( 'NONE', ( #2849, #4923, #185, #5798 ) ) ;
#3216 = DIRECTION ( 'NONE',  ( 1.000000000000000000, 0.000000000000000000, 0.000000000000000000 ) ) ;
#3217 = DIRECTION ( 'NONE',  ( 1.000000000000000000, 0.000000000000000000, 0.000000000000000000 ) ) ;
#3218 = FACE_OUTER_BOUND ( 'NONE', #1122, .T. ) ;
#3219 = EDGE_CURVE ( 'NONE', #2426, #89, #4140, .T. ) ;
#3220 = VERTEX_POINT ( 'NONE', #2315 ) ;
#3221 = DIRECTION ( 'NONE',  ( 0.000000000000000000, 0.000000000000000000, 1.000000000000000000 ) ) ;
#3222 = VERTEX_POINT ( 'NONE', #2762 ) ;
#3223 = DIRECTION ( 'NONE',  ( 0.000000000000000000, 0.000000000000000000, 1.000000000000000000 ) ) ;
#3224 = CARTESIAN_POINT ( 'NONE',  ( -99.80000000000001137, -8.400000000000005684, 10.00000000000000000 ) ) ;
#3225 = CARTESIAN_POINT ( 'NONE',  ( 40.49999999999999289, -7.999999999999984901, 1.000000000000000888 ) ) ;
#3226 = ADVANCED_FACE ( 'NONE', ( #106 ), #3255, .F. ) ;
#3227 = VERTEX_POINT ( 'NONE', #4034 ) ;
#3228 = DIRECTION ( 'NONE',  ( 0.000000000000000000, 0.000000000000000000, -1.000000000000000000 ) ) ;
#3229 = DIRECTION ( 'NONE',  ( 0.000000000000000000, -1.000000000000000000, 0.000000000000000000 ) ) ;
#3230 = ORIENTED_EDGE ( 'NONE', *, *, #5095, .T. ) ;
#3231 = DIRECTION ( 'NONE',  ( 0.000000000000000000, -0.000000000000000000, -1.000000000000000000 ) ) ;
#3232 = LINE ( 'NONE', #2268, #2395 ) ;
#3233 = DIRECTION ( 'NONE',  ( 0.7071067811865463515, 0.000000000000000000, -0.7071067811865487940 ) ) ;
#3234 = VECTOR ( 'NONE', #3013, 1000.000000000000000 ) ;
#3235 = DIRECTION ( 'NONE',  ( -1.000000000000000000, 0.000000000000000000, 0.000000000000000000 ) ) ;
#3236 = LINE ( 'NONE', #3716, #539 ) ;
#3237 = ORIENTED_EDGE ( 'NONE', *, *, #1419, .F. ) ;
#3238 = AXIS2_PLACEMENT_3D ( 'NONE', #2043, #5631, #1154 ) ;
#3239 = EDGE_LOOP ( 'NONE', ( #971, #4554, #2607, #5024 ) ) ;
#3240 = EDGE_LOOP ( 'NONE', ( #1953, #152, #5043, #1740 ) ) ;
#3241 = DIRECTION ( 'NONE',  ( 0.000000000000000000, 0.000000000000000000, 1.000000000000000000 ) ) ;
#3242 = DIRECTION ( 'NONE',  ( -0.000000000000000000, -0.000000000000000000, 1.000000000000000000 ) ) ;
#3243 = AXIS2_PLACEMENT_3D ( 'NONE', #1089, #2883, #2376 ) ;
#3244 = AXIS2_PLACEMENT_3D ( 'NONE', #315, #5299, #1271 ) ;
#3245 = AXIS2_PLACEMENT_3D ( 'NONE', #2047, #3893, #1187 ) ;
#3246 = FACE_OUTER_BOUND ( 'NONE', #3789, .T. ) ;
#3247 = ORIENTED_EDGE ( 'NONE', *, *, #4368, .T. ) ;
#3248 = LINE ( 'NONE', #4497, #2521 ) ;
#3249 = ORIENTED_EDGE ( 'NONE', *, *, #2382, .F. ) ;
#3250 = CARTESIAN_POINT ( 'NONE',  ( -98.30000000000001137, -7.432859924887881498, 0.000000000000000000 ) ) ;
#3251 = AXIS2_PLACEMENT_3D ( 'NONE', #2338, #984, #541 ) ;
#3252 = CARTESIAN_POINT ( 'NONE',  ( 54.40000000000000568, -8.900000000000000355, 0.000000000000000000 ) ) ;
#3253 = VECTOR ( 'NONE', #4067, 1000.000000000000000 ) ;
#3254 = ADVANCED_FACE ( 'NONE', ( #5495 ), #2285, .F. ) ;
#3255 = PLANE ( 'NONE',  #3093 ) ;
#3256 = AXIS2_PLACEMENT_3D ( 'NONE', #2546, #3189, #535 ) ;
#3257 = ORIENTED_EDGE ( 'NONE', *, *, #5718, .F. ) ;
#3258 = CARTESIAN_POINT ( 'NONE',  ( 0.000000000000000000, -23.60000000000000142, 10.00000000000000000 ) ) ;
#3259 = ORIENTED_EDGE ( 'NONE', *, *, #1617, .T. ) ;
#3260 = DIRECTION ( 'NONE',  ( 1.000000000000000000, 0.000000000000000000, 0.000000000000000000 ) ) ;
#3261 = VECTOR ( 'NONE', #973, 1000.000000000000000 ) ;
#3262 = EDGE_CURVE ( 'NONE', #1047, #10, #19, .T. ) ;
#3263 = VERTEX_POINT ( 'NONE', #2346 ) ;
#3264 = VECTOR ( 'NONE', #3130, 1000.000000000000000 ) ;
#3265 = CARTESIAN_POINT ( 'NONE',  ( 52.93285992488791436, -8.400000000000000355, 10.00000000000000000 ) ) ;
#3266 = ORIENTED_EDGE ( 'NONE', *, *, #4727, .F. ) ;
#3267 = CARTESIAN_POINT ( 'NONE',  ( -112.8000000000000114, -2.499999999999919176, 10.00000000000000000 ) ) ;
#3268 = EDGE_CURVE ( 'NONE', #2551, #4671, #79, .T. ) ;
#3269 = EDGE_LOOP ( 'NONE', ( #2063, #3422, #3588, #2791 ) ) ;
#3270 = AXIS2_PLACEMENT_3D ( 'NONE', #1432, #2342, #3221 ) ;
#3271 = AXIS2_PLACEMENT_3D ( 'NONE', #1830, #4040, #2183 ) ;
#3272 = FACE_OUTER_BOUND ( 'NONE', #2300, .T. ) ;
#3273 = DIRECTION ( 'NONE',  ( 1.000000000000000000, 1.249000902703301354E-16, 0.000000000000000000 ) ) ;
#3274 = CARTESIAN_POINT ( 'NONE',  ( -98.30000000000001137, -7.432859924887881498, 10.00000000000000000 ) ) ;
#3275 = ORIENTED_EDGE ( 'NONE', *, *, #4044, .T. ) ;
#3276 = CIRCLE ( 'NONE', #2423, 13.99999999999998401 ) ;
#3277 = ORIENTED_EDGE ( 'NONE', *, *, #905, .F. ) ;
#3278 = AXIS2_PLACEMENT_3D ( 'NONE', #5437, #4133, #2279 ) ;
#3279 = CARTESIAN_POINT ( 'NONE',  ( 0.000000000000000000, -24.59999999999999787, 10.00000000000000000 ) ) ;
#3280 = DIRECTION ( 'NONE',  ( -0.000000000000000000, -0.000000000000000000, -1.000000000000000000 ) ) ;
#3281 = ORIENTED_EDGE ( 'NONE', *, *, #5272, .T. ) ;
#3282 = LINE ( 'NONE', #1048, #72 ) ;
#3283 = ORIENTED_EDGE ( 'NONE', *, *, #4963, .F. ) ;
#3284 = ADVANCED_FACE ( 'NONE', ( #1413 ), #5823, .T. ) ;
#3285 = LINE ( 'NONE', #3703, #2019 ) ;
#3286 = ORIENTED_EDGE ( 'NONE', *, *, #4533, .T. ) ;
#3287 = CARTESIAN_POINT ( 'NONE',  ( 56.40000000000000568, -8.400000000000000355, 10.00000000000000000 ) ) ;
#3288 = EDGE_CURVE ( 'NONE', #4141, #3417, #1880, .T. ) ;
#3289 = ORIENTED_EDGE ( 'NONE', *, *, #2494, .F. ) ;
#3290 = VERTEX_POINT ( 'NONE', #80 ) ;
#3291 = CARTESIAN_POINT ( 'NONE',  ( -99.26714007511212401, -9.400000000000007461, 0.000000000000000000 ) ) ;
#3292 = ADVANCED_FACE ( 'NONE', ( #1800 ), #1352, .T. ) ;
#3293 = CARTESIAN_POINT ( 'NONE',  ( 0.000000000000000000, -26.10000000000000142, 10.00000000000000000 ) ) ;
#3294 = ORIENTED_EDGE ( 'NONE', *, *, #3744, .T. ) ;
#3295 = DIRECTION ( 'NONE',  ( -0.000000000000000000, 0.000000000000000000, 1.000000000000000000 ) ) ;
#3296 = EDGE_CURVE ( 'NONE', #1869, #2022, #5469, .T. ) ;
#3297 = LINE ( 'NONE', #4176, #5690 ) ;
#3298 = DIRECTION ( 'NONE',  ( 0.000000000000000000, 0.000000000000000000, -1.000000000000000000 ) ) ;
#3299 = CYLINDRICAL_SURFACE ( 'NONE', #1298, 8.000000000000000000 ) ;
#3300 = DIRECTION ( 'NONE',  ( -1.000000000000000000, 0.000000000000000000, 0.000000000000000000 ) ) ;
#3301 = EDGE_CURVE ( 'NONE', #1908, #3025, #2057, .T. ) ;
#3302 = VERTEX_POINT ( 'NONE', #3402 ) ;
#3303 = ORIENTED_EDGE ( 'NONE', *, *, #2090, .T. ) ;
#3304 = LINE ( 'NONE', #1043, #5789 ) ;
#3305 = DIRECTION ( 'NONE',  ( -0.000000000000000000, -0.000000000000000000, -1.000000000000000000 ) ) ;
#3306 = CARTESIAN_POINT ( 'NONE',  ( 54.90000000000000568, 0.000000000000000000, 0.000000000000000000 ) ) ;
#3307 = EDGE_CURVE ( 'NONE', #3944, #5531, #164, .T. ) ;
#3308 = ORIENTED_EDGE ( 'NONE', *, *, #2015, .T. ) ;
#3309 = VERTEX_POINT ( 'NONE', #2929 ) ;
#3310 = DIRECTION ( 'NONE',  ( -0.000000000000000000, 0.000000000000000000, -1.000000000000000000 ) ) ;
#3311 = VERTEX_POINT ( 'NONE', #3763 ) ;
#3312 = DIRECTION ( 'NONE',  ( 0.000000000000000000, -0.000000000000000000, 1.000000000000000000 ) ) ;
#3313 = ORIENTED_EDGE ( 'NONE', *, *, #4907, .T. ) ;
#3314 = VERTEX_POINT ( 'NONE', #4694 ) ;
#3315 = DIRECTION ( 'NONE',  ( -1.000000000000000000, 0.000000000000000000, 0.000000000000000000 ) ) ;
#3316 = PLANE ( 'NONE',  #3637 ) ;
#3317 = VERTEX_POINT ( 'NONE', #2370 ) ;
#3318 = EDGE_CURVE ( 'NONE', #170, #5520, #130, .T. ) ;
#3319 = VERTEX_POINT ( 'NONE', #4252 ) ;
#3320 = CARTESIAN_POINT ( 'NONE',  ( -112.8000000000000114, -16.50000000000000000, 10.00000000000000000 ) ) ;
#3321 = DIRECTION ( 'NONE',  ( -0.000000000000000000, 0.000000000000000000, 1.000000000000000000 ) ) ;
#3322 = EDGE_CURVE ( 'NONE', #623, #5536, #3276, .T. ) ;
#3323 = DIRECTION ( 'NONE',  ( 0.000000000000000000, -0.000000000000000000, 1.000000000000000000 ) ) ;
#3324 = LINE ( 'NONE', #1096, #4867 ) ;
#3325 = ORIENTED_EDGE ( 'NONE', *, *, #2414, .F. ) ;
#3326 = VERTEX_POINT ( 'NONE', #3287 ) ;
#3327 = AXIS2_PLACEMENT_3D ( 'NONE', #3252, #4692, #4666 ) ;
#3328 = ADVANCED_FACE ( 'NONE', ( #1932 ), #3181, .F. ) ;
#3329 = EDGE_CURVE ( 'NONE', #1357, #2555, #5641, .T. ) ;
#3330 = CARTESIAN_POINT ( 'NONE',  ( 8.743006318923095923E-16, -6.999999999999988454, 0.000000000000000000 ) ) ;
#3331 = AXIS2_PLACEMENT_3D ( 'NONE', #2991, #1168, #2556 ) ;
#3332 = CARTESIAN_POINT ( 'NONE',  ( -97.30000000000001137, -10.36714007511211832, 10.00000000000000000 ) ) ;
#3333 = ORIENTED_EDGE ( 'NONE', *, *, #4778, .T. ) ;
#3334 = ORIENTED_EDGE ( 'NONE', *, *, #4296, .F. ) ;
#3335 = FACE_OUTER_BOUND ( 'NONE', #3978, .T. ) ;
#3336 = ORIENTED_EDGE ( 'NONE', *, *, #4260, .F. ) ;
#3337 = VECTOR ( 'NONE', #4864, 1000.000000000000000 ) ;
#3338 = CONICAL_SURFACE ( 'NONE', #5216, 8.999999999999952038, 0.7853981633974421728 ) ;
#3339 = CIRCLE ( 'NONE', #3442, 1.549999999999968070 ) ;
#3340 = DIRECTION ( 'NONE',  ( 1.000000000000000000, 0.000000000000000000, 0.000000000000000000 ) ) ;
#3341 = VECTOR ( 'NONE', #3917, 1000.000000000000000 ) ;
#3342 = VECTOR ( 'NONE', #1575, 1000.000000000000000 ) ;
#3343 = ORIENTED_EDGE ( 'NONE', *, *, #3688, .T. ) ;
#3344 = VECTOR ( 'NONE', #2378, 1000.000000000000000 ) ;
#3345 = ORIENTED_EDGE ( 'NONE', *, *, #835, .F. ) ;
#3346 = PLANE ( 'NONE',  #1546 ) ;
#3347 = DIRECTION ( 'NONE',  ( 1.000000000000000000, 0.000000000000000000, 0.000000000000000000 ) ) ;
#3348 = DIRECTION ( 'NONE',  ( 1.000000000000000000, 0.000000000000000000, 0.000000000000000000 ) ) ;
#3349 = AXIS2_PLACEMENT_3D ( 'NONE', #5454, #5007, #4068 ) ;
#3350 = VECTOR ( 'NONE', #1004, 1000.000000000000000 ) ;
#3351 = AXIS2_PLACEMENT_3D ( 'NONE', #5581, #2797, #556 ) ;
#3352 = ORIENTED_EDGE ( 'NONE', *, *, #809, .T. ) ;
#3353 = DIRECTION ( 'NONE',  ( 0.000000000000000000, 0.000000000000000000, 1.000000000000000000 ) ) ;
#3354 = EDGE_CURVE ( 'NONE', #2832, #1674, #1164, .T. ) ;
#3355 = LINE ( 'NONE', #2120, #3550 ) ;
#3356 = LINE ( 'NONE', #2885, #4956 ) ;
#3357 = VECTOR ( 'NONE', #3300, 1000.000000000000000 ) ;
#3358 = CARTESIAN_POINT ( 'NONE',  ( 0.000000000000000000, -10.89999999999999858, 10.00000000000000000 ) ) ;
#3359 = LINE ( 'NONE', #3775, #1773 ) ;
#3360 = ORIENTED_EDGE ( 'NONE', *, *, #4835, .F. ) ;
#3361 = EDGE_CURVE ( 'NONE', #2249, #1633, #640, .T. ) ;
#3362 = DIRECTION ( 'NONE',  ( 1.000000000000000000, 0.000000000000000000, 0.000000000000000000 ) ) ;
#3363 = AXIS2_PLACEMENT_3D ( 'NONE', #3587, #4053, #1876 ) ;
#3364 = EDGE_LOOP ( 'NONE', ( #4912, #237, #5277, #1470 ) ) ;
#3365 = VERTEX_POINT ( 'NONE', #218 ) ;
#3366 = CARTESIAN_POINT ( 'NONE',  ( 69.60000000000000853, -8.899999999999998579, 10.00000000000000000 ) ) ;
#3367 = CARTESIAN_POINT ( 'NONE',  ( 70.10000000000000853, 0.000000000000000000, 10.00000000000000000 ) ) ;
#3368 = AXIS2_PLACEMENT_3D ( 'NONE', #4348, #4381, #883 ) ;
#3369 = LINE ( 'NONE', #1542, #4570 ) ;
#3370 = ORIENTED_EDGE ( 'NONE', *, *, #3036, .F. ) ;
#3371 = ADVANCED_FACE ( 'NONE', ( #4668 ), #602, .F. ) ;
#3372 = ORIENTED_EDGE ( 'NONE', *, *, #789, .T. ) ;
#3373 = CARTESIAN_POINT ( 'NONE',  ( 69.60000000000002274, -24.09999999999999787, 10.00000000000000000 ) ) ;
#3374 = AXIS2_PLACEMENT_3D ( 'NONE', #2783, #4026, #3194 ) ;
#3375 = DIRECTION ( 'NONE',  ( 0.000000000000000000, -0.000000000000000000, -1.000000000000000000 ) ) ;
#3376 = EDGE_CURVE ( 'NONE', #639, #1615, #1608, .T. ) ;
#3377 = VERTEX_POINT ( 'NONE', #2020 ) ;
#3378 = VERTEX_POINT ( 'NONE', #1052 ) ;
#3379 = CARTESIAN_POINT ( 'NONE',  ( 54.40000000000000568, -24.10000000000000142, 0.000000000000000000 ) ) ;
#3380 = CARTESIAN_POINT ( 'NONE',  ( 40.49999999999999289, -16.49999999999998579, 10.00000000000000000 ) ) ;
#3381 = CARTESIAN_POINT ( 'NONE',  ( -112.8000000000000114, -1.500000000000001332, 1.000000000000000888 ) ) ;
#3382 = EDGE_CURVE ( 'NONE', #2290, #1102, #1499, .T. ) ;
#3383 = ORIENTED_EDGE ( 'NONE', *, *, #1295, .T. ) ;
#3384 = DIRECTION ( 'NONE',  ( -0.000000000000000000, -0.000000000000000000, -1.000000000000000000 ) ) ;
#3385 = CARTESIAN_POINT ( 'NONE',  ( 75.99999999999998579, -1.500000000000006439, 10.00000000000000000 ) ) ;
#3386 = DIRECTION ( 'NONE',  ( -1.000000000000000000, 0.000000000000000000, -0.000000000000000000 ) ) ;
#3387 = DIRECTION ( 'NONE',  ( 1.000000000000000000, 0.000000000000000000, 0.000000000000000000 ) ) ;
#3388 = DIRECTION ( 'NONE',  ( 0.000000000000000000, -1.000000000000000000, 0.000000000000000000 ) ) ;
#3389 = ORIENTED_EDGE ( 'NONE', *, *, #5378, .F. ) ;
#3390 = DIRECTION ( 'NONE',  ( 1.000000000000000000, 0.000000000000000000, 0.000000000000000000 ) ) ;
#3391 = VERTEX_POINT ( 'NONE', #4637 ) ;
#3392 = VERTEX_POINT ( 'NONE', #1547 ) ;
#3393 = CARTESIAN_POINT ( 'NONE',  ( 48.99999999999999289, -16.49999999999998579, 0.000000000000000000 ) ) ;
#3394 = DIRECTION ( 'NONE',  ( -0.7071067811865378028, 8.659560562354814529E-17, 0.7071067811865573427 ) ) ;
#3395 = EDGE_CURVE ( 'NONE', #1901, #3812, #4406, .T. ) ;
#3396 = DIRECTION ( 'NONE',  ( 0.000000000000000000, -1.000000000000000000, 0.000000000000000000 ) ) ;
#3397 = ORIENTED_EDGE ( 'NONE', *, *, #983, .F. ) ;
#3398 = VERTEX_POINT ( 'NONE', #5167 ) ;
#3399 = DIRECTION ( 'NONE',  ( 0.000000000000000000, -0.000000000000000000, -1.000000000000000000 ) ) ;
#3400 = ORIENTED_EDGE ( 'NONE', *, *, #4233, .T. ) ;
#3401 = EDGE_CURVE ( 'NONE', #4677, #2052, #4306, .T. ) ;
#3402 = CARTESIAN_POINT ( 'NONE',  ( 69.10000000000000853, -6.899999999999998579, 10.00000000000000000 ) ) ;
#3403 = LINE ( 'NONE', #4315, #3449 ) ;
#3404 = ORIENTED_EDGE ( 'NONE', *, *, #1714, .F. ) ;
#3405 = EDGE_LOOP ( 'NONE', ( #957, #1049, #4248, #4775 ) ) ;
#3406 = DIRECTION ( 'NONE',  ( -1.000000000000000000, 0.000000000000000000, 0.000000000000000000 ) ) ;
#3407 = CARTESIAN_POINT ( 'NONE',  ( 71.60000000000000853, -24.60000000000000497, 0.000000000000000000 ) ) ;
#3408 = ADVANCED_FACE ( 'NONE', ( #249 ), #2397, .T. ) ;
#3409 = VERTEX_POINT ( 'NONE', #1078 ) ;
#3410 = ORIENTED_EDGE ( 'NONE', *, *, #446, .T. ) ;
#3411 = DIRECTION ( 'NONE',  ( 0.000000000000000000, 0.7071067811865475727, -0.7071067811865475727 ) ) ;
#3412 = DIRECTION ( 'NONE',  ( 1.000000000000000000, 0.000000000000000000, 0.000000000000000000 ) ) ;
#3413 = CARTESIAN_POINT ( 'NONE',  ( -97.30000000000001137, -10.36714007511211832, 10.00000000000000000 ) ) ;
#3414 = DIRECTION ( 'NONE',  ( -1.000000000000000000, 0.000000000000000000, 0.000000000000000000 ) ) ;
#3415 = CARTESIAN_POINT ( 'NONE',  ( 52.40000000000000568, -9.400000000000000355, 10.00000000000000000 ) ) ;
#3416 = DIRECTION ( 'NONE',  ( -0.000000000000000000, -0.000000000000000000, 1.000000000000000000 ) ) ;
#3417 = VERTEX_POINT ( 'NONE', #2872 ) ;
#3418 = ORIENTED_EDGE ( 'NONE', *, *, #4336, .F. ) ;
#3419 = DIRECTION ( 'NONE',  ( -0.000000000000000000, 0.000000000000000000, -1.000000000000000000 ) ) ;
#3420 = FACE_BOUND ( 'NONE', #5044, .T. ) ;
#3421 = LINE ( 'NONE', #387, #5796 ) ;
#3422 = ORIENTED_EDGE ( 'NONE', *, *, #1360, .F. ) ;
#3423 = VECTOR ( 'NONE', #4164, 1000.000000000000000 ) ;
#3424 = EDGE_LOOP ( 'NONE', ( #1196, #2051, #396, #4154 ) ) ;
#3425 = LINE ( 'NONE', #3495, #5114 ) ;
#3426 = ORIENTED_EDGE ( 'NONE', *, *, #2431, .T. ) ;
#3427 = ADVANCED_FACE ( 'NONE', ( #636 ), #190, .F. ) ;
#3428 = VECTOR ( 'NONE', #3563, 1000.000000000000000 ) ;
#3429 = LINE ( 'NONE', #3940, #1400 ) ;
#3430 = CARTESIAN_POINT ( 'NONE',  ( 0.000000000000000000, -24.59999999999999787, 10.00000000000000000 ) ) ;
#3431 = VERTEX_POINT ( 'NONE', #277 ) ;
#3432 = ORIENTED_EDGE ( 'NONE', *, *, #4558, .F. ) ;
#3433 = FACE_OUTER_BOUND ( 'NONE', #3987, .T. ) ;
#3434 = VECTOR ( 'NONE', #4969, 1000.000000000000000 ) ;
#3435 = EDGE_CURVE ( 'NONE', #672, #4141, #3469, .T. ) ;
#3436 = VECTOR ( 'NONE', #2940, 1000.000000000000000 ) ;
#3437 = CARTESIAN_POINT ( 'NONE',  ( 67.60000000000000853, -24.60000000000000497, 0.000000000000000000 ) ) ;
#3438 = VERTEX_POINT ( 'NONE', #369 ) ;
#3439 = AXIS2_PLACEMENT_3D ( 'NONE', #5685, #5247, #776 ) ;
#3440 = DIRECTION ( 'NONE',  ( 1.000000000000000000, 0.000000000000000000, 0.000000000000000000 ) ) ;
#3441 = CONICAL_SURFACE ( 'NONE', #2399, 8.999999999999918288, 0.7853981633974405074 ) ;
#3442 = AXIS2_PLACEMENT_3D ( 'NONE', #1489, #4575, #5046 ) ;
#3443 = EDGE_CURVE ( 'NONE', #4602, #2263, #3429, .T. ) ;
#3444 = EDGE_LOOP ( 'NONE', ( #4702, #2547, #1711, #2105 ) ) ;
#3445 = CARTESIAN_POINT ( 'NONE',  ( 0.000000000000000000, -2.500000000000002220, 0.000000000000000000 ) ) ;
#3446 = AXIS2_PLACEMENT_3D ( 'NONE', #5331, #2092, #4824 ) ;
#3447 = CARTESIAN_POINT ( 'NONE',  ( 1.549999999999999822, 1.898202538678397212E-16, 3.000000000000000000 ) ) ;
#3448 = PLANE ( 'NONE',  #5594 ) ;
#3449 = VECTOR ( 'NONE', #5091, 1000.000000000000000 ) ;
#3450 = DIRECTION ( 'NONE',  ( -0.000000000000000000, -0.000000000000000000, -1.000000000000000000 ) ) ;
#3451 = DIRECTION ( 'NONE',  ( 0.000000000000000000, 1.000000000000000000, 0.000000000000000000 ) ) ;
#3452 = VECTOR ( 'NONE', #1095, 1000.000000000000000 ) ;
#3453 = EDGE_CURVE ( 'NONE', #1487, #179, #3046, .T. ) ;
#3454 = CARTESIAN_POINT ( 'NONE',  ( 91.00000000000001421, -16.50000000000000711, 0.000000000000000000 ) ) ;
#3455 = ORIENTED_EDGE ( 'NONE', *, *, #4907, .F. ) ;
#3456 = EDGE_LOOP ( 'NONE', ( #3106, #34, #3595, #5369 ) ) ;
#3457 = CIRCLE ( 'NONE', #5611, 9.500000000000001776 ) ;
#3458 = CARTESIAN_POINT ( 'NONE',  ( 70.10000000000000853, -10.36714007511208635, 10.00000000000000000 ) ) ;
#3459 = CIRCLE ( 'NONE', #347, 15.00000000000000000 ) ;
#3460 = LINE ( 'NONE', #295, #2874 ) ;
#3461 = CARTESIAN_POINT ( 'NONE',  ( 76.99999999999998579, -16.50000000000000711, 1.000000000000000888 ) ) ;
#3462 = EDGE_LOOP ( 'NONE', ( #2541, #3692, #5292, #3625 ) ) ;
#3463 = VECTOR ( 'NONE', #4215, 1000.000000000000000 ) ;
#3464 = EDGE_LOOP ( 'NONE', ( #1813, #2894, #3988, #5330 ) ) ;
#3465 = CARTESIAN_POINT ( 'NONE',  ( -97.30000000000001137, -22.63285992488788523, 10.00000000000000000 ) ) ;
#3466 = VERTEX_POINT ( 'NONE', #3111 ) ;
#3467 = ORIENTED_EDGE ( 'NONE', *, *, #4991, .F. ) ;
#3468 = VECTOR ( 'NONE', #1852, 1000.000000000000114 ) ;
#3469 = LINE ( 'NONE', #338, #4679 ) ;
#3470 = DIRECTION ( 'NONE',  ( 0.000000000000000000, -1.000000000000000000, 0.000000000000000000 ) ) ;
#3471 = EDGE_CURVE ( 'NONE', #3783, #1869, #3524, .T. ) ;
#3472 = ORIENTED_EDGE ( 'NONE', *, *, #2852, .F. ) ;
#3473 = AXIS2_PLACEMENT_3D ( 'NONE', #3498, #5288, #1259 ) ;
#3474 = ORIENTED_EDGE ( 'NONE', *, *, #2633, .F. ) ;
#3475 = DIRECTION ( 'NONE',  ( 1.000000000000000000, 0.000000000000000000, 0.000000000000000000 ) ) ;
#3476 = CARTESIAN_POINT ( 'NONE',  ( 47.68227931540591413, -2.170927432046181327, 9.670927432046172001 ) ) ;
#3477 = LINE ( 'NONE', #1236, #4494 ) ;
#3478 = EDGE_CURVE ( 'NONE', #3812, #3409, #4779, .T. ) ;
#3479 = ORIENTED_EDGE ( 'NONE', *, *, #3268, .T. ) ;
#3480 = ORIENTED_EDGE ( 'NONE', *, *, #5156, .T. ) ;
#3481 = DIRECTION ( 'NONE',  ( -0.000000000000000000, -0.000000000000000000, -1.000000000000000000 ) ) ;
#3482 = ORIENTED_EDGE ( 'NONE', *, *, #1433, .T. ) ;
#3483 = LINE ( 'NONE', #2, #1653 ) ;
#3484 = EDGE_CURVE ( 'NONE', #4130, #1036, #729, .T. ) ;
#3485 = DIRECTION ( 'NONE',  ( 1.000000000000000000, 0.000000000000000000, 0.000000000000000000 ) ) ;
#3486 = FACE_OUTER_BOUND ( 'NONE', #2371, .T. ) ;
#3487 = LINE ( 'NONE', #4830, #3538 ) ;
#3488 = ORIENTED_EDGE ( 'NONE', *, *, #5371, .F. ) ;
#3489 = CARTESIAN_POINT ( 'NONE',  ( -112.8000000000000114, -16.50000000000000000, 1.000000000000000888 ) ) ;
#3490 = CARTESIAN_POINT ( 'NONE',  ( 0.000000000000000000, -30.50000000000004974, 10.00000000000000000 ) ) ;
#3491 = EDGE_CURVE ( 'NONE', #1706, #4551, #4314, .T. ) ;
#3492 = LINE ( 'NONE', #2515, #2407 ) ;
#3493 = ORIENTED_EDGE ( 'NONE', *, *, #4378, .F. ) ;
#3494 = ORIENTED_EDGE ( 'NONE', *, *, #117, .T. ) ;
#3495 = CARTESIAN_POINT ( 'NONE',  ( 71.60000000000000853, 0.000000000000000000, 10.00000000000000000 ) ) ;
#3496 = VERTEX_POINT ( 'NONE', #1638 ) ;
#3497 = EDGE_CURVE ( 'NONE', #1072, #5553, #4843, .T. ) ;
#3498 = CARTESIAN_POINT ( 'NONE',  ( 0.000000000000000000, -30.50000000000008171, 10.00000000000000000 ) ) ;
#3499 = LINE ( 'NONE', #394, #1582 ) ;
#3500 = EDGE_LOOP ( 'NONE', ( #1288, #395, #762, #2519, #4789, #5147, #1825, #634, #5524, #4641, #2439, #815, #2172, #1788, #4667, #2520 ) ) ;
#3501 = ORIENTED_EDGE ( 'NONE', *, *, #2853, .T. ) ;
#3502 = DIRECTION ( 'NONE',  ( 0.000000000000000000, -0.000000000000000000, -1.000000000000000000 ) ) ;
#3503 =( GEOMETRIC_REPRESENTATION_CONTEXT ( 3 ) GLOBAL_UNCERTAINTY_ASSIGNED_CONTEXT ( ( #313 ) ) GLOBAL_UNIT_ASSIGNED_CONTEXT ( ( #407, #3627, #4476 ) ) REPRESENTATION_CONTEXT ( 'NONE', 'WORKASPACE' ) );
#3504 = CARTESIAN_POINT ( 'NONE',  ( 76.99999999999997158, -1.500000000000007327, 10.00000000000000000 ) ) ;
#3505 = FACE_OUTER_BOUND ( 'NONE', #3906, .T. ) ;
#3506 = ORIENTED_EDGE ( 'NONE', *, *, #2288, .T. ) ;
#3507 = CARTESIAN_POINT ( 'NONE',  ( 67.60000000000000853, 0.000000000000000000, 10.00000000000000000 ) ) ;
#3508 = EDGE_CURVE ( 'NONE', #4208, #3927, #1589, .T. ) ;
#3509 = ORIENTED_EDGE ( 'NONE', *, *, #4455, .T. ) ;
#3510 = DIRECTION ( 'NONE',  ( 0.000000000000000000, 1.000000000000000000, -0.000000000000000000 ) ) ;
#3511 = CARTESIAN_POINT ( 'NONE',  ( -95.80000000000001137, -23.59999999999999432, 0.000000000000000000 ) ) ;
#3512 = CARTESIAN_POINT ( 'NONE',  ( 76.31220805098152482, -30.81220805098155324, 9.676205066172590463 ) ) ;
#3513 = EDGE_CURVE ( 'NONE', #365, #3137, #1121, .T. ) ;
#3514 = CARTESIAN_POINT ( 'NONE',  ( 70.10000000000000853, -10.36714007511208635, 0.000000000000000000 ) ) ;
#3515 = CARTESIAN_POINT ( 'NONE',  ( 0.000000000000000000, -10.90000000000000391, 0.000000000000000000 ) ) ;
#3516 = CARTESIAN_POINT ( 'NONE',  ( -25.00000000000001421, -39.50000000000000000, 9.000000000000067502 ) ) ;
#3517 = EDGE_LOOP ( 'NONE', ( #2374, #1999, #2875, #731 ) ) ;
#3518 = ORIENTED_EDGE ( 'NONE', *, *, #1855, .T. ) ;
#3519 = EDGE_CURVE ( 'NONE', #1908, #221, #303, .T. ) ;
#3520 = DIRECTION ( 'NONE',  ( -0.7071067811865378028, 0.000000000000000000, -0.7071067811865573427 ) ) ;
#3521 = ORIENTED_EDGE ( 'NONE', *, *, #405, .T. ) ;
#3522 = DIRECTION ( 'NONE',  ( 0.000000000000000000, -0.000000000000000000, -1.000000000000000000 ) ) ;
#3523 = DIRECTION ( 'NONE',  ( -0.000000000000000000, -0.000000000000000000, 1.000000000000000000 ) ) ;
#3524 = LINE ( 'NONE', #1294, #5443 ) ;
#3525 = CARTESIAN_POINT ( 'NONE',  ( 62.00000000000000000, -31.50000000000000711, 0.000000000000000000 ) ) ;
#3526 = ORIENTED_EDGE ( 'NONE', *, *, #5754, .F. ) ;
#3527 = ORIENTED_EDGE ( 'NONE', *, *, #1146, .F. ) ;
#3528 = CARTESIAN_POINT ( 'NONE',  ( 69.60000000000000853, -8.899999999999998579, 10.00000000000000000 ) ) ;
#3529 = EDGE_CURVE ( 'NONE', #4498, #10, #2987, .T. ) ;
#3530 = FACE_OUTER_BOUND ( 'NONE', #2417, .T. ) ;
#3531 = CARTESIAN_POINT ( 'NONE',  ( -84.49999999999998579, -16.50000000000000000, 1.000000000000000888 ) ) ;
#3532 = VECTOR ( 'NONE', #5726, 1000.000000000000000 ) ;
#3533 = CARTESIAN_POINT ( 'NONE',  ( -1.550000000000000488, -33.00000000000000000, 3.000000000000000000 ) ) ;
#3534 = VECTOR ( 'NONE', #2669, 1000.000000000000000 ) ;
#3535 = ORIENTED_EDGE ( 'NONE', *, *, #1974, .F. ) ;
#3536 = CARTESIAN_POINT ( 'NONE',  ( -98.30000000000001137, -10.36714007511211832, 0.000000000000000000 ) ) ;
#3537 = ORIENTED_EDGE ( 'NONE', *, *, #4481, .T. ) ;
#3538 = VECTOR ( 'NONE', #2568, 1000.000000000000000 ) ;
#3539 = AXIS2_PLACEMENT_3D ( 'NONE', #1842, #4407, #2192 ) ;
#3540 = VECTOR ( 'NONE', #5183, 1000.000000000000000 ) ;
#3541 = PLANE ( 'NONE',  #4375 ) ;
#3542 = CARTESIAN_POINT ( 'NONE',  ( -96.33285992488789873, -9.400000000000007461, 0.000000000000000000 ) ) ;
#3543 = ADVANCED_FACE ( 'NONE', ( #760 ), #2626, .T. ) ;
#3544 = VECTOR ( 'NONE', #494, 1000.000000000000000 ) ;
#3546 = VECTOR ( 'NONE', #1533, 1000.000000000000000 ) ;
#3545 = DIRECTION ( 'NONE',  ( -0.000000000000000000, -0.000000000000000000, -1.000000000000000000 ) ) ;
#3547 = LINE ( 'NONE', #1783, #4571 ) ;
#3548 = CARTESIAN_POINT ( 'NONE',  ( 52.93285992488791436, -23.60000000000000142, 0.000000000000000000 ) ) ;
#3549 = VECTOR ( 'NONE', #3396, 1000.000000000000000 ) ;
#3550 = VECTOR ( 'NONE', #2884, 1000.000000000000000 ) ;
#3551 = DIRECTION ( 'NONE',  ( -1.000000000000000000, 0.000000000000000000, 0.000000000000000000 ) ) ;
#3552 = EDGE_CURVE ( 'NONE', #2664, #537, #852, .T. ) ;
#3553 = ORIENTED_EDGE ( 'NONE', *, *, #3591, .T. ) ;
#3554 = AXIS2_PLACEMENT_3D ( 'NONE', #1442, #3295, #3769 ) ;
#3555 = ORIENTED_EDGE ( 'NONE', *, *, #2836, .T. ) ;
#3556 = VECTOR ( 'NONE', #3348, 1000.000000000000000 ) ;
#3557 = FACE_OUTER_BOUND ( 'NONE', #4308, .T. ) ;
#3558 = CARTESIAN_POINT ( 'NONE',  ( 0.000000000000000000, -24.60000000000000497, 10.00000000000000000 ) ) ;
#3559 = CARTESIAN_POINT ( 'NONE',  ( 62.00000000000000000, -1.500000000000008216, 1.000000000000000888 ) ) ;
#3560 = ADVANCED_FACE ( 'NONE', ( #5728 ), #1703, .T. ) ;
#3561 = FACE_OUTER_BOUND ( 'NONE', #3444, .T. ) ;
#3562 = ORIENTED_EDGE ( 'NONE', *, *, #3132, .F. ) ;
#3563 = DIRECTION ( 'NONE',  ( -0.000000000000000000, -0.000000000000000000, -1.000000000000000000 ) ) ;
#3564 = CARTESIAN_POINT ( 'NONE',  ( -97.80000000000001137, -8.900000000000000355, 10.00000000000000000 ) ) ;
#3565 = DIRECTION ( 'NONE',  ( 0.000000000000000000, 1.000000000000000000, 0.000000000000000000 ) ) ;
#3566 = AXIS2_PLACEMENT_3D ( 'NONE', #1331, #5761, #3118 ) ;
#3567 = DIRECTION ( 'NONE',  ( -1.000000000000000000, 0.000000000000000000, 0.000000000000000000 ) ) ;
#3568 = ADVANCED_FACE ( 'NONE', ( #4408 ), #2169, .F. ) ;
#3569 = AXIS2_PLACEMENT_3D ( 'NONE', #5083, #4720, #3737 ) ;
#3570 = ORIENTED_EDGE ( 'NONE', *, *, #5458, .T. ) ;
#3571 = LINE ( 'NONE', #5447, #2398 ) ;
#3572 = VECTOR ( 'NONE', #5668, 1000.000000000000000 ) ;
#3573 = ORIENTED_EDGE ( 'NONE', *, *, #2079, .T. ) ;
#3574 = CARTESIAN_POINT ( 'NONE',  ( 71.60000000000000853, -9.399999999999998579, 0.000000000000000000 ) ) ;
#3575 = EDGE_CURVE ( 'NONE', #486, #672, #1731, .T. ) ;
#3576 = DIRECTION ( 'NONE',  ( 0.000000000000000000, 0.000000000000000000, 1.000000000000000000 ) ) ;
#3577 = DIRECTION ( 'NONE',  ( 1.000000000000000000, 0.000000000000000000, 0.000000000000000000 ) ) ;
#3578 = CARTESIAN_POINT ( 'NONE',  ( 67.60000000000000853, 0.000000000000000000, 10.00000000000000000 ) ) ;
#3579 = LINE ( 'NONE', #385, #1943 ) ;
#3580 = CARTESIAN_POINT ( 'NONE',  ( 54.90000000000000568, -25.56714007511209275, 10.00000000000000000 ) ) ;
#3581 = ORIENTED_EDGE ( 'NONE', *, *, #2332, .F. ) ;
#3582 = ORIENTED_EDGE ( 'NONE', *, *, #4445, .F. ) ;
#3583 = CARTESIAN_POINT ( 'NONE',  ( 24.99999999999998579, -40.49999999999999289, 10.00000000000000000 ) ) ;
#3584 = EDGE_CURVE ( 'NONE', #1262, #3496, #2193, .T. ) ;
#3585 = DIRECTION ( 'NONE',  ( 1.000000000000000000, 0.000000000000000000, -0.000000000000000000 ) ) ;
#3586 = CARTESIAN_POINT ( 'NONE',  ( 53.90000000000000568, -22.10000000000000142, 0.000000000000000000 ) ) ;
#3587 = CARTESIAN_POINT ( 'NONE',  ( -97.80000000000001137, -24.10000000000000497, 10.00000000000000000 ) ) ;
#3588 = ORIENTED_EDGE ( 'NONE', *, *, #2587, .F. ) ;
#3589 = CARTESIAN_POINT ( 'NONE',  ( 52.40000000000000568, -24.60000000000000497, 10.00000000000000000 ) ) ;
#3590 = CARTESIAN_POINT ( 'NONE',  ( 68.13285992488792431, -24.60000000000000497, 10.00000000000000000 ) ) ;
#3591 = EDGE_CURVE ( 'NONE', #4139, #4721, #4496, .T. ) ;
#3592 = CARTESIAN_POINT ( 'NONE',  ( 0.000000000000000000, -2.500000000000009326, 10.00000000000000000 ) ) ;
#3593 = ORIENTED_EDGE ( 'NONE', *, *, #884, .T. ) ;
#3594 = VERTEX_POINT ( 'NONE', #5488 ) ;
#3595 = ORIENTED_EDGE ( 'NONE', *, *, #2848, .T. ) ;
#3596 = DIRECTION ( 'NONE',  ( -0.000000000000000000, -0.000000000000000000, -1.000000000000000000 ) ) ;
#3597 = EDGE_CURVE ( 'NONE', #4316, #1053, #986, .T. ) ;
#3598 = ORIENTED_EDGE ( 'NONE', *, *, #874, .T. ) ;
#3599 = CARTESIAN_POINT ( 'NONE',  ( -25.00000000000001421, 6.499999999999999112, 9.000000000000067502 ) ) ;
#3600 = CARTESIAN_POINT ( 'NONE',  ( -96.33285992488789873, -8.400000000000005684, 0.000000000000000000 ) ) ;
#3601 = CIRCLE ( 'NONE', #4344, 1.549999999999995826 ) ;
#3602 = CARTESIAN_POINT ( 'NONE',  ( 32.99999999999998579, -1.500000000000008216, 10.00000000000000000 ) ) ;
#3603 = EDGE_CURVE ( 'NONE', #1137, #3196, #5462, .T. ) ;
#3604 = CARTESIAN_POINT ( 'NONE',  ( -97.80000000000001137, -24.10000000000000497, 10.00000000000000000 ) ) ;
#3605 = LINE ( 'NONE', #1721, #2691 ) ;
#3606 = CARTESIAN_POINT ( 'NONE',  ( -33.00000000000001421, -39.50000000000000000, 0.000000000000000000 ) ) ;
#3607 = ORIENTED_EDGE ( 'NONE', *, *, #4390, .F. ) ;
#3608 = ORIENTED_EDGE ( 'NONE', *, *, #2964, .F. ) ;
#3609 = ORIENTED_EDGE ( 'NONE', *, *, #48, .F. ) ;
#3610 = DIRECTION ( 'NONE',  ( 1.000000000000000000, 0.000000000000000000, 0.000000000000000000 ) ) ;
#3611 = CARTESIAN_POINT ( 'NONE',  ( -126.8000000000000824, -16.50000000000000000, 10.00000000000000000 ) ) ;
#3612 = CARTESIAN_POINT ( 'NONE',  ( 24.00000000000001421, 6.499999999999992006, 0.000000000000000000 ) ) ;
#3613 = DIRECTION ( 'NONE',  ( -1.000000000000000000, 0.000000000000000000, 0.000000000000000000 ) ) ;
#3614 = ORIENTED_EDGE ( 'NONE', *, *, #176, .F. ) ;
#3615 = CARTESIAN_POINT ( 'NONE',  ( 32.99999999999998579, -31.50000000000000711, 1.000000000000000888 ) ) ;
#3616 = FACE_OUTER_BOUND ( 'NONE', #1493, .T. ) ;
#3617 = LINE ( 'NONE', #3117, #2674 ) ;
#3618 = ORIENTED_EDGE ( 'NONE', *, *, #2727, .T. ) ;
#3619 = CARTESIAN_POINT ( 'NONE',  ( -99.26714007511212401, -23.59999999999999432, 10.00000000000000000 ) ) ;
#3620 = EDGE_CURVE ( 'NONE', #1441, #179, #877, .T. ) ;
#3621 = VERTEX_POINT ( 'NONE', #3612 ) ;
#3622 = VECTOR ( 'NONE', #2018, 1000.000000000000000 ) ;
#3623 = EDGE_LOOP ( 'NONE', ( #2740, #5657, #2909, #3173 ) ) ;
#3624 = PLANE ( 'NONE',  #4658 ) ;
#3625 = ORIENTED_EDGE ( 'NONE', *, *, #1895, .F. ) ;
#3626 = AXIS2_PLACEMENT_3D ( 'NONE', #1597, #510, #3390 ) ;
#3627 =( NAMED_UNIT ( * ) PLANE_ANGLE_UNIT ( ) SI_UNIT ( $, .RADIAN. ) );
#3628 = FACE_OUTER_BOUND ( 'NONE', #1335, .T. ) ;
#3629 = EDGE_CURVE ( 'NONE', #3466, #3164, #644, .T. ) ;
#3630 = DIRECTION ( 'NONE',  ( -0.000000000000000000, -0.000000000000000000, -1.000000000000000000 ) ) ;
#3631 = CIRCLE ( 'NONE', #2028, 8.000000000000000000 ) ;
#3632 = VECTOR ( 'NONE', #4860, 1000.000000000000000 ) ;
#3633 = VERTEX_POINT ( 'NONE', #3135 ) ;
#3634 = CIRCLE ( 'NONE', #1937, 1.549999999999995826 ) ;
#3635 = LINE ( 'NONE', #4919, #342 ) ;
#3636 = CARTESIAN_POINT ( 'NONE',  ( 70.10000000000000853, -22.63285992488791365, 10.00000000000000000 ) ) ;
#3637 = AXIS2_PLACEMENT_3D ( 'NONE', #3293, #3229, #5088 ) ;
#3638 = DIRECTION ( 'NONE',  ( -0.000000000000000000, -0.000000000000000000, -1.000000000000000000 ) ) ;
#3639 = CIRCLE ( 'NONE', #1472, 1.549999999999995826 ) ;
#3640 = EDGE_CURVE ( 'NONE', #1143, #3014, #4522, .T. ) ;
#3641 = AXIS2_PLACEMENT_3D ( 'NONE', #90, #3773, #1420 ) ;
#3642 = ORIENTED_EDGE ( 'NONE', *, *, #1541, .T. ) ;
#3643 = ORIENTED_EDGE ( 'NONE', *, *, #446, .F. ) ;
#3644 = VERTEX_POINT ( 'NONE', #4461 ) ;
#3645 = CARTESIAN_POINT ( 'NONE',  ( -112.8000000000000114, -16.50000000000000000, 10.00000000000000000 ) ) ;
#3646 = CIRCLE ( 'NONE', #49, 1.549999999999968070 ) ;
#3647 = CARTESIAN_POINT ( 'NONE',  ( 0.000000000000000000, -23.59999999999999432, 0.000000000000000000 ) ) ;
#3648 = DIRECTION ( 'NONE',  ( 0.7071067811865432429, 0.000000000000000000, -0.7071067811865517916 ) ) ;
#3649 = CARTESIAN_POINT ( 'NONE',  ( -97.30000000000001137, -25.56714007511212117, 0.000000000000000000 ) ) ;
#3650 = VECTOR ( 'NONE', #5355, 1000.000000000000000 ) ;
#3651 = ORIENTED_EDGE ( 'NONE', *, *, #3382, .F. ) ;
#3652 = CARTESIAN_POINT ( 'NONE',  ( 40.49999999999999289, -16.49999999999998579, 1.000000000000000888 ) ) ;
#3653 = CARTESIAN_POINT ( 'NONE',  ( 69.10000000000000853, 0.000000000000000000, 10.00000000000000000 ) ) ;
#3654 = EDGE_LOOP ( 'NONE', ( #3521, #62, #5483, #2389 ) ) ;
#3655 = VECTOR ( 'NONE', #3551, 1000.000000000000000 ) ;
#3656 = CARTESIAN_POINT ( 'NONE',  ( 0.000000000000000000, 0.000000000000000000, 10.00000000000000000 ) ) ;
#3657 = ORIENTED_EDGE ( 'NONE', *, *, #4701, .T. ) ;
#3658 = CARTESIAN_POINT ( 'NONE',  ( -97.30000000000001137, -6.900000000000000355, 10.00000000000000000 ) ) ;
#3659 = ORIENTED_EDGE ( 'NONE', *, *, #5112, .T. ) ;
#3660 = ADVANCED_FACE ( 'NONE', ( #484 ), #1845, .T. ) ;
#3661 = CIRCLE ( 'NONE', #1116, 3.250000000000000888 ) ;
#3662 = ADVANCED_FACE ( 'NONE', ( #3218 ), #4545, .F. ) ;
#3663 = FACE_OUTER_BOUND ( 'NONE', #1847, .T. ) ;
#3664 = DIRECTION ( 'NONE',  ( -1.000000000000000000, 0.000000000000000000, 0.000000000000000000 ) ) ;
#3665 = AXIS2_PLACEMENT_3D ( 'NONE', #17, #3140, #4909 ) ;
#3666 = FACE_OUTER_BOUND ( 'NONE', #1108, .T. ) ;
#3667 = EDGE_CURVE ( 'NONE', #3496, #1640, #5400, .T. ) ;
#3668 = LINE ( 'NONE', #4623, #4486 ) ;
#3669 = CARTESIAN_POINT ( 'NONE',  ( 0.000000000000000000, -22.10000000000000142, 10.00000000000000000 ) ) ;
#3670 = ORIENTED_EDGE ( 'NONE', *, *, #3955, .T. ) ;
#3671 = ORIENTED_EDGE ( 'NONE', *, *, #5211, .T. ) ;
#3672 = CARTESIAN_POINT ( 'NONE',  ( 62.00000000000000000, -31.50000000000000711, 0.000000000000000000 ) ) ;
#3673 = EDGE_CURVE ( 'NONE', #689, #671, #2755, .T. ) ;
#3674 = DIRECTION ( 'NONE',  ( -1.000000000000000000, 0.000000000000000000, -0.000000000000000000 ) ) ;
#3675 = DIRECTION ( 'NONE',  ( 0.000000000000000000, -1.000000000000000000, 0.000000000000000000 ) ) ;
#3676 = PLANE ( 'NONE',  #3270 ) ;
#3677 = ORIENTED_EDGE ( 'NONE', *, *, #496, .T. ) ;
#3678 = FACE_BOUND ( 'NONE', #3900, .T. ) ;
#3679 = FACE_OUTER_BOUND ( 'NONE', #2381, .T. ) ;
#3680 = ADVANCED_FACE ( 'NONE', ( #5016 ), #2700, .F. ) ;
#3681 = DIRECTION ( 'NONE',  ( -0.7071067811865475727, -0.000000000000000000, -0.7071067811865475727 ) ) ;
#3682 = ORIENTED_EDGE ( 'NONE', *, *, #3999, .F. ) ;
#3683 = CARTESIAN_POINT ( 'NONE',  ( -112.8000000000000114, -1.500000000000001332, 9.000000000000067502 ) ) ;
#3684 = DIRECTION ( 'NONE',  ( 1.000000000000000000, 0.000000000000000000, 0.000000000000000000 ) ) ;
#3685 = VERTEX_POINT ( 'NONE', #459 ) ;
#3686 = LINE ( 'NONE', #1059, #3261 ) ;
#3687 = DIRECTION ( 'NONE',  ( -0.000000000000000000, -0.000000000000000000, -1.000000000000000000 ) ) ;
#3688 = EDGE_CURVE ( 'NONE', #1130, #1477, #172, .T. ) ;
#3689 = DIRECTION ( 'NONE',  ( -0.000000000000000000, -0.000000000000000000, 1.000000000000000000 ) ) ;
#3690 = CARTESIAN_POINT ( 'NONE',  ( 0.000000000000000000, -33.00000000000000000, 10.00000000000000000 ) ) ;
#3691 = CARTESIAN_POINT ( 'NONE',  ( -127.8000000000000256, -16.50000000000000000, 9.000000000000067502 ) ) ;
#3692 = ORIENTED_EDGE ( 'NONE', *, *, #5378, .T. ) ;
#3693 = EDGE_CURVE ( 'NONE', #1862, #3409, #4075, .T. ) ;
#3694 = VERTEX_POINT ( 'NONE', #3586 ) ;
#3695 = ORIENTED_EDGE ( 'NONE', *, *, #1884, .T. ) ;
#3696 = DIRECTION ( 'NONE',  ( 1.000000000000000000, 0.000000000000000000, 0.000000000000000000 ) ) ;
#3697 = DIRECTION ( 'NONE',  ( 0.000000000000000000, 1.000000000000000000, -0.000000000000000000 ) ) ;
#3698 = ORIENTED_EDGE ( 'NONE', *, *, #3262, .F. ) ;
#3699 = DIRECTION ( 'NONE',  ( 0.000000000000000000, -0.000000000000000000, -1.000000000000000000 ) ) ;
#3700 = ADVANCED_FACE ( 'NONE', ( #5374 ), #1875, .F. ) ;
#3701 = ORIENTED_EDGE ( 'NONE', *, *, #2048, .T. ) ;
#3702 = DIRECTION ( 'NONE',  ( 1.000000000000000000, 0.000000000000000000, 0.000000000000000000 ) ) ;
#3703 = CARTESIAN_POINT ( 'NONE',  ( 47.00000000000001421, -31.50000000000000711, 1.000000000000000666 ) ) ;
#3704 = DIRECTION ( 'NONE',  ( -0.000000000000000000, 0.000000000000000000, 1.000000000000000000 ) ) ;
#3705 = EDGE_CURVE ( 'NONE', #5463, #1702, #39, .T. ) ;
#3706 = ORIENTED_EDGE ( 'NONE', *, *, #58, .F. ) ;
#3707 = DIRECTION ( 'NONE',  ( 0.000000000000000000, -1.000000000000000000, 0.000000000000000000 ) ) ;
#3708 = FACE_OUTER_BOUND ( 'NONE', #3191, .T. ) ;
#3709 = EDGE_LOOP ( 'NONE', ( #3608, #2107, #2877, #2728 ) ) ;
#3710 = CARTESIAN_POINT ( 'NONE',  ( 55.86714007511208990, -24.60000000000000497, 10.00000000000000000 ) ) ;
#3711 = DIRECTION ( 'NONE',  ( -0.000000000000000000, -0.000000000000000000, -1.000000000000000000 ) ) ;
#3712 = LINE ( 'NONE', #113, #3734 ) ;
#3713 = VECTOR ( 'NONE', #3814, 1000.000000000000000 ) ;
#3714 = FACE_OUTER_BOUND ( 'NONE', #5569, .T. ) ;
#3715 = EDGE_CURVE ( 'NONE', #5209, #3186, #2307, .T. ) ;
#3716 = CARTESIAN_POINT ( 'NONE',  ( 0.000000000000000000, -26.10000000000000497, 10.00000000000000000 ) ) ;
#3717 = VERTEX_POINT ( 'NONE', #3590 ) ;
#3718 = AXIS2_PLACEMENT_3D ( 'NONE', #5321, #1820, #4055 ) ;
#3719 = VECTOR ( 'NONE', #2502, 1000.000000000000000 ) ;
#3720 = ORIENTED_EDGE ( 'NONE', *, *, #2000, .F. ) ;
#3721 = LINE ( 'NONE', #3780, #2871 ) ;
#3722 = DIRECTION ( 'NONE',  ( 1.000000000000000000, 0.000000000000000000, 0.000000000000000000 ) ) ;
#3723 = VECTOR ( 'NONE', #5092, 1000.000000000000000 ) ;
#3724 = ADVANCED_FACE ( 'NONE', ( #2707 ), #4032, .T. ) ;
#3725 = CONICAL_SURFACE ( 'NONE', #1373, 14.99999999999997868, 0.7853981633974466137 ) ;
#3726 = DIRECTION ( 'NONE',  ( 0.000000000000000000, -1.000000000000000000, 0.000000000000000000 ) ) ;
#3727 = ORIENTED_EDGE ( 'NONE', *, *, #3158, .F. ) ;
#3728 = LINE ( 'NONE', #5521, #4872 ) ;
#3729 = B_SPLINE_CURVE_WITH_KNOTS ( 'NONE', 3,
 ( #1245, #774, #2040, #5179 ),
 .UNSPECIFIED., .F., .F.,
 ( 4, 4 ),
 ( 0.000000000000000000, 0.001776873729390635558 ),
 .UNSPECIFIED. ) ;
#3730 = ORIENTED_EDGE ( 'NONE', *, *, #1531, .T. ) ;
#3731 = AXIS2_PLACEMENT_3D ( 'NONE', #4889, #2714, #4976 ) ;
#3732 = VECTOR ( 'NONE', #5805, 1000.000000000000000 ) ;
#3733 = CARTESIAN_POINT ( 'NONE',  ( 56.40000000000000568, -24.60000000000000497, 10.00000000000000000 ) ) ;
#3734 = VECTOR ( 'NONE', #1914, 1000.000000000000000 ) ;
#3735 = EDGE_LOOP ( 'NONE', ( #4803, #3838, #1961, #1772 ) ) ;
#3736 = EDGE_CURVE ( 'NONE', #3927, #3309, #5822, .T. ) ;
#3737 = DIRECTION ( 'NONE',  ( 1.000000000000000000, 0.000000000000000000, 0.000000000000000000 ) ) ;
#3738 = AXIS2_PLACEMENT_3D ( 'NONE', #3797, #2038, #177 ) ;
#3739 = ORIENTED_EDGE ( 'NONE', *, *, #795, .T. ) ;
#3740 = ORIENTED_EDGE ( 'NONE', *, *, #1792, .T. ) ;
#3741 = CARTESIAN_POINT ( 'NONE',  ( -112.8000000000000114, -16.50000000000000000, 10.00000000000000000 ) ) ;
#3742 = CARTESIAN_POINT ( 'NONE',  ( -84.49999999999998579, -16.50000000000000000, 9.000000000000000000 ) ) ;
#3743 = ORIENTED_EDGE ( 'NONE', *, *, #809, .F. ) ;
#3744 = EDGE_CURVE ( 'NONE', #4301, #2078, #4501, .T. ) ;
#3745 = DIRECTION ( 'NONE',  ( -0.000000000000000000, -0.000000000000000000, -1.000000000000000000 ) ) ;
#3746 = FACE_OUTER_BOUND ( 'NONE', #914, .T. ) ;
#3747 = VECTOR ( 'NONE', #4880, 1000.000000000000000 ) ;
#3748 = CONICAL_SURFACE ( 'NONE', #5619, 15.00000000000000000, 0.7853981633974482790 ) ;
#3749 = CARTESIAN_POINT ( 'NONE',  ( 0.000000000000000000, -23.60000000000000142, 10.00000000000000000 ) ) ;
#3750 = ADVANCED_FACE ( 'NONE', ( #941 ), #4081, .T. ) ;
#3751 = CARTESIAN_POINT ( 'NONE',  ( 0.000000000000000000, -10.89999999999999858, 10.00000000000000000 ) ) ;
#3752 = DIRECTION ( 'NONE',  ( 1.000000000000000000, 0.000000000000000000, 0.000000000000000000 ) ) ;
#3753 = ORIENTED_EDGE ( 'NONE', *, *, #1182, .T. ) ;
#3754 = AXIS2_PLACEMENT_3D ( 'NONE', #3592, #1382, #2739 ) ;
#3755 = ORIENTED_EDGE ( 'NONE', *, *, #3552, .T. ) ;
#3756 = LINE ( 'NONE', #982, #5412 ) ;
#3757 = CARTESIAN_POINT ( 'NONE',  ( 32.99999999999998579, -1.500000000000008216, 1.000000000000000888 ) ) ;
#3758 = LINE ( 'NONE', #4246, #3827 ) ;
#3759 = ORIENTED_EDGE ( 'NONE', *, *, #2687, .F. ) ;
#3760 = EDGE_LOOP ( 'NONE', ( #3642, #1590, #3432, #2235 ) ) ;
#3761 = PLANE ( 'NONE',  #5682 ) ;
#3762 = ADVANCED_FACE ( 'NONE', ( #3997 ), #882, .F. ) ;
#3763 = CARTESIAN_POINT ( 'NONE',  ( -127.8000000000000256, -16.50000000000000000, 1.000000000000000888 ) ) ;
#3764 = VERTEX_POINT ( 'NONE', #2648 ) ;
#3765 = ORIENTED_EDGE ( 'NONE', *, *, #496, .F. ) ;
#3766 = CARTESIAN_POINT ( 'NONE',  ( 0.000000000000000000, -31.50000000000000711, 9.000000000000031974 ) ) ;
#3767 = EDGE_CURVE ( 'NONE', #5773, #1137, #2430, .T. ) ;
#3768 = CARTESIAN_POINT ( 'NONE',  ( 0.000000000000000000, -22.10000000000000142, 10.00000000000000000 ) ) ;
#3769 = DIRECTION ( 'NONE',  ( 1.000000000000000000, 0.000000000000000000, 0.000000000000000000 ) ) ;
#3770 = EDGE_CURVE ( 'NONE', #3309, #470, #966, .T. ) ;
#3771 = CARTESIAN_POINT ( 'NONE',  ( 54.90000000000000568, 0.000000000000000000, 0.000000000000000000 ) ) ;
#3772 = EDGE_CURVE ( 'NONE', #4270, #713, #1318, .T. ) ;
#3773 = DIRECTION ( 'NONE',  ( 0.000000000000000000, 1.000000000000000000, 0.000000000000000000 ) ) ;
#3774 = FACE_OUTER_BOUND ( 'NONE', #609, .T. ) ;
#3775 = CARTESIAN_POINT ( 'NONE',  ( -94.00000000000000000, -16.50000000000000000, 0.000000000000000000 ) ) ;
#3776 = ORIENTED_EDGE ( 'NONE', *, *, #148, .T. ) ;
#3777 = AXIS2_PLACEMENT_3D ( 'NONE', #4423, #2182, #5419 ) ;
#3778 = ORIENTED_EDGE ( 'NONE', *, *, #3376, .T. ) ;
#3779 = ORIENTED_EDGE ( 'NONE', *, *, #4200, .T. ) ;
#3780 = CARTESIAN_POINT ( 'NONE',  ( 0.000000000000000000, -41.49999999999999289, 1.000000000000000888 ) ) ;
#3781 = DIRECTION ( 'NONE',  ( 1.000000000000000000, 0.000000000000000000, 0.000000000000000000 ) ) ;
#3782 = DIRECTION ( 'NONE',  ( 0.000000000000000000, -0.000000000000000000, 1.000000000000000000 ) ) ;
#3783 = VERTEX_POINT ( 'NONE', #429 ) ;
#3784 = ORIENTED_EDGE ( 'NONE', *, *, #4515, .T. ) ;
#3785 = CARTESIAN_POINT ( 'NONE',  ( -95.80000000000001137, 0.000000000000000000, 10.00000000000000000 ) ) ;
#3786 = CARTESIAN_POINT ( 'NONE',  ( -84.49999999999998579, -16.50000000000000000, 9.000000000000000000 ) ) ;
#3787 = EDGE_CURVE ( 'NONE', #3029, #3319, #4443, .T. ) ;
#3788 = ORIENTED_EDGE ( 'NONE', *, *, #3126, .F. ) ;
#3789 = EDGE_LOOP ( 'NONE', ( #2715, #214, #4744, #987 ) ) ;
#3790 = CARTESIAN_POINT ( 'NONE',  ( 76.00000000000001421, -31.50000000000000711, 0.000000000000000000 ) ) ;
#3791 = CARTESIAN_POINT ( 'NONE',  ( -33.00000000000001421, 6.499999999999999112, 10.00000000000000000 ) ) ;
#3792 = ORIENTED_EDGE ( 'NONE', *, *, #346, .T. ) ;
#3793 = EDGE_CURVE ( 'NONE', #1075, #4539, #264, .T. ) ;
#3794 = ORIENTED_EDGE ( 'NONE', *, *, #48, .T. ) ;
#3795 = DIRECTION ( 'NONE',  ( 0.000000000000000000, -0.000000000000000000, -1.000000000000000000 ) ) ;
#3796 = LINE ( 'NONE', #771, #3072 ) ;
#3797 = CARTESIAN_POINT ( 'NONE',  ( -112.8000000000000114, -16.50000000000000000, 10.00000000000000000 ) ) ;
#3798 = ADVANCED_FACE ( 'NONE', ( #1737 ), #465, .F. ) ;
#3799 = DIRECTION ( 'NONE',  ( -0.000000000000000000, -0.000000000000000000, -1.000000000000000000 ) ) ;
#3800 = CARTESIAN_POINT ( 'NONE',  ( 47.99999999999998579, -1.500000000000006439, 0.000000000000000000 ) ) ;
#3801 = ORIENTED_EDGE ( 'NONE', *, *, #2820, .T. ) ;
#3802 = FACE_BOUND ( 'NONE', #1354, .T. ) ;
#3803 = EDGE_LOOP ( 'NONE', ( #3190, #1618, #2798, #2997 ) ) ;
#3804 = VECTOR ( 'NONE', #2518, 1000.000000000000000 ) ;
#3805 = VERTEX_POINT ( 'NONE', #1301 ) ;
#3806 = DIRECTION ( 'NONE',  ( -0.000000000000000000, -0.000000000000000000, 1.000000000000000000 ) ) ;
#3807 = FACE_OUTER_BOUND ( 'NONE', #3830, .T. ) ;
#3808 = ADVANCED_FACE ( 'NONE', ( #1769 ), #488, .F. ) ;
#3809 = AXIS2_PLACEMENT_3D ( 'NONE', #235, #2890, #1878 ) ;
#3810 = LINE ( 'NONE', #5604, #3167 ) ;
#3811 = AXIS2_PLACEMENT_3D ( 'NONE', #5821, #4031, #44 ) ;
#3812 = VERTEX_POINT ( 'NONE', #1329 ) ;
#3813 = ORIENTED_EDGE ( 'NONE', *, *, #5810, .T. ) ;
#3814 = DIRECTION ( 'NONE',  ( -1.000000000000000000, 0.000000000000000000, 0.000000000000000000 ) ) ;
#3815 = ORIENTED_EDGE ( 'NONE', *, *, #2504, .F. ) ;
#3816 = AXIS2_PLACEMENT_3D ( 'NONE', #5799, #2564, #1806 ) ;
#3817 = CIRCLE ( 'NONE', #5417, 1.549999999999968070 ) ;
#3818 = EDGE_CURVE ( 'NONE', #4539, #2365, #3617, .T. ) ;
#3819 = CARTESIAN_POINT ( 'NONE',  ( 67.60000000000000853, -23.60000000000000142, 10.00000000000000000 ) ) ;
#3820 = VECTOR ( 'NONE', #970, 1000.000000000000000 ) ;
#3821 = AXIS2_PLACEMENT_3D ( 'NONE', #959, #5435, #4988 ) ;
#3822 = VERTEX_POINT ( 'NONE', #5405 ) ;
#3823 = ORIENTED_EDGE ( 'NONE', *, *, #248, .T. ) ;
#3824 = LINE ( 'NONE', #4288, #2299 ) ;
#3825 = DIRECTION ( 'NONE',  ( 1.000000000000000000, -0.000000000000000000, 0.000000000000000000 ) ) ;
#3826 = ORIENTED_EDGE ( 'NONE', *, *, #1452, .T. ) ;
#3827 = VECTOR ( 'NONE', #4190, 1000.000000000000000 ) ;
#3828 = VECTOR ( 'NONE', #5543, 1000.000000000000000 ) ;
#3829 = AXIS2_PLACEMENT_3D ( 'NONE', #1944, #5538, #1506 ) ;
#3830 = EDGE_LOOP ( 'NONE', ( #1014, #5140, #3509, #2383 ) ) ;
#3831 = PLANE ( 'NONE',  #4374 ) ;
#3832 = EDGE_CURVE ( 'NONE', #4632, #3163, #3175, .T. ) ;
#3833 = CARTESIAN_POINT ( 'NONE',  ( -25.00000000000001421, 0.000000000000000000, 9.000000000000067502 ) ) ;
#3834 = DIRECTION ( 'NONE',  ( -0.000000000000000000, -0.000000000000000000, -1.000000000000000000 ) ) ;
#3835 = AXIS2_PLACEMENT_3D ( 'NONE', #4069, #928, #1836 ) ;
#3836 = CARTESIAN_POINT ( 'NONE',  ( -1.550000000000000488, -33.00000000000000000, 10.00000000000000000 ) ) ;
#3837 = PLANE ( 'NONE',  #4113 ) ;
#3838 = ORIENTED_EDGE ( 'NONE', *, *, #1462, .F. ) ;
#3839 = CARTESIAN_POINT ( 'NONE',  ( -25.00000000000001421, 6.499999999999999112, 1.000000000000000888 ) ) ;
#3840 = VECTOR ( 'NONE', #5018, 1000.000000000000114 ) ;
#3841 = ORIENTED_EDGE ( 'NONE', *, *, #638, .F. ) ;
#3842 = ADVANCED_FACE ( 'NONE', ( #1850 ), #3200, .T. ) ;
#3843 = ORIENTED_EDGE ( 'NONE', *, *, #857, .T. ) ;
#3844 = DIRECTION ( 'NONE',  ( 1.000000000000000000, 0.000000000000000000, 0.000000000000000000 ) ) ;
#3845 = DIRECTION ( 'NONE',  ( 1.000000000000000000, 0.000000000000000000, -0.000000000000000000 ) ) ;
#3846 = VECTOR ( 'NONE', #5191, 1000.000000000000000 ) ;
#3847 = LINE ( 'NONE', #630, #1190 ) ;
#3848 = ORIENTED_EDGE ( 'NONE', *, *, #3, .T. ) ;
#3849 = ORIENTED_EDGE ( 'NONE', *, *, #2431, .F. ) ;
#3850 = EDGE_CURVE ( 'NONE', #186, #2078, #2867, .T. ) ;
#3851 = LINE ( 'NONE', #5189, #2205 ) ;
#3852 = AXIS2_PLACEMENT_3D ( 'NONE', #3653, #4465, #859 ) ;
#3853 = CARTESIAN_POINT ( 'NONE',  ( 62.00000000000000000, -31.50000000000000711, 10.00000000000000000 ) ) ;
#3854 = VERTEX_POINT ( 'NONE', #127 ) ;
#3855 = ORIENTED_EDGE ( 'NONE', *, *, #695, .T. ) ;
#3856 = CARTESIAN_POINT ( 'NONE',  ( -33.00000000000001421, -39.50000000000000000, 10.00000000000000000 ) ) ;
#3857 = CARTESIAN_POINT ( 'NONE',  ( -25.00000000000001421, 6.499999999999999112, 9.000000000000067502 ) ) ;
#3858 = ORIENTED_EDGE ( 'NONE', *, *, #5525, .T. ) ;
#3859 = LINE ( 'NONE', #3058, #4942 ) ;
#3860 = DIRECTION ( 'NONE',  ( -0.000000000000000000, -0.000000000000000000, -1.000000000000000000 ) ) ;
#3861 = LINE ( 'NONE', #5177, #3452 ) ;
#3862 = PLANE ( 'NONE',  #1815 ) ;
#3863 = CYLINDRICAL_SURFACE ( 'NONE', #5795, 1.549999999999974953 ) ;
#3864 = CARTESIAN_POINT ( 'NONE',  ( -112.8000000000000114, -31.50000000000000000, 10.00000000000000000 ) ) ;
#3865 = ORIENTED_EDGE ( 'NONE', *, *, #1603, .F. ) ;
#3866 = ORIENTED_EDGE ( 'NONE', *, *, #3962, .T. ) ;
#3867 = DIRECTION ( 'NONE',  ( 0.000000000000000000, 0.000000000000000000, 1.000000000000000000 ) ) ;
#3868 = DIRECTION ( 'NONE',  ( 1.000000000000000000, 0.000000000000000000, 0.000000000000000000 ) ) ;
#3869 = CARTESIAN_POINT ( 'NONE',  ( -95.80000000000001137, -23.59999999999999432, 10.00000000000000000 ) ) ;
#3870 = ADVANCED_FACE ( 'NONE', ( #3679 ), #4112, .F. ) ;
#3871 = ORIENTED_EDGE ( 'NONE', *, *, #3529, .F. ) ;
#3872 = VERTEX_POINT ( 'NONE', #2902 ) ;
#3873 = LINE ( 'NONE', #2081, #4927 ) ;
#3874 = EDGE_LOOP ( 'NONE', ( #1718, #436, #180, #3753 ) ) ;
#3875 = CARTESIAN_POINT ( 'NONE',  ( 67.60000000000000853, -24.60000000000000497, 10.00000000000000000 ) ) ;
#3876 = EDGE_CURVE ( 'NONE', #4825, #1384, #5584, .T. ) ;
#3877 = DIRECTION ( 'NONE',  ( 1.000000000000000000, 9.912705577010306814E-16, 0.000000000000000000 ) ) ;
#3878 = ORIENTED_EDGE ( 'NONE', *, *, #176, .T. ) ;
#3879 = VECTOR ( 'NONE', #5196, 1000.000000000000000 ) ;
#3880 = ORIENTED_EDGE ( 'NONE', *, *, #3361, .T. ) ;
#3881 = CARTESIAN_POINT ( 'NONE',  ( 32.99999999999998579, -39.50000000000000711, 10.00000000000000000 ) ) ;
#3882 = FACE_OUTER_BOUND ( 'NONE', #4709, .T. ) ;
#3883 = EDGE_CURVE ( 'NONE', #1425, #1477, #1496, .T. ) ;
#3884 = ORIENTED_EDGE ( 'NONE', *, *, #5137, .T. ) ;
#3885 = CARTESIAN_POINT ( 'NONE',  ( 69.60000000000002274, -24.09999999999999787, 10.00000000000000000 ) ) ;
#3886 = CARTESIAN_POINT ( 'NONE',  ( -84.49999999999998579, -16.50000000000000000, 1.000000000000000888 ) ) ;
#3887 = DIRECTION ( 'NONE',  ( -0.000000000000000000, 0.000000000000000000, 1.000000000000000000 ) ) ;
#3888 = LINE ( 'NONE', #5683, #1242 ) ;
#3889 = CARTESIAN_POINT ( 'NONE',  ( -33.00000000000001421, 6.499999999999999112, 10.00000000000000000 ) ) ;
#3890 = FACE_OUTER_BOUND ( 'NONE', #5497, .T. ) ;
#3891 = ORIENTED_EDGE ( 'NONE', *, *, #1799, .F. ) ;
#3892 = VERTEX_POINT ( 'NONE', #635 ) ;
#3893 = DIRECTION ( 'NONE',  ( 0.000000000000000000, -1.000000000000000000, 0.000000000000000000 ) ) ;
#3894 = CARTESIAN_POINT ( 'NONE',  ( 71.60000000000000853, 0.000000000000000000, 0.000000000000000000 ) ) ;
#3895 = DIRECTION ( 'NONE',  ( 1.000000000000000000, 1.954661630966721860E-14, 0.000000000000000000 ) ) ;
#3896 = ORIENTED_EDGE ( 'NONE', *, *, #5572, .T. ) ;
#3897 = AXIS2_PLACEMENT_3D ( 'NONE', #4404, #4117, #1502 ) ;
#3898 = EDGE_LOOP ( 'NONE', ( #2526, #1015, #5256, #3823 ) ) ;
#3899 = CARTESIAN_POINT ( 'NONE',  ( 55.86714007511208990, -9.400000000000000355, 10.00000000000000000 ) ) ;
#3900 = EDGE_LOOP ( 'NONE', ( #2543, #2309, #4782, #663, #2900, #2965, #5421, #5010, #3916, #2931, #5065, #3204, #1117, #4743, #1515, #3212 ) ) ;
#3901 = EDGE_CURVE ( 'NONE', #3133, #4816, #3285, .T. ) ;
#3902 = EDGE_CURVE ( 'NONE', #2560, #1434, #104, .T. ) ;
#3903 = AXIS2_PLACEMENT_3D ( 'NONE', #2229, #3972, #1327 ) ;
#3904 = DIRECTION ( 'NONE',  ( -0.000000000000000000, -0.000000000000000000, -1.000000000000000000 ) ) ;
#3905 = CARTESIAN_POINT ( 'NONE',  ( 69.10000000000000853, 0.000000000000000000, 0.000000000000000000 ) ) ;
#3906 = EDGE_LOOP ( 'NONE', ( #3581, #245, #827, #3695 ) ) ;
#3907 = DIRECTION ( 'NONE',  ( -1.000000000000000000, 0.000000000000000000, 0.000000000000000000 ) ) ;
#3908 = CIRCLE ( 'NONE', #4280, 1.549999999999974953 ) ;
#3909 = AXIS2_PLACEMENT_3D ( 'NONE', #4841, #2278, #4902 ) ;
#3910 = CARTESIAN_POINT ( 'NONE',  ( 54.90000000000000568, -10.90000000000000036, 0.000000000000000000 ) ) ;
#3911 = EDGE_CURVE ( 'NONE', #1527, #2031, #1879, .T. ) ;
#3912 = CIRCLE ( 'NONE', #2873, 1.549999999999999822 ) ;
#3913 = DIRECTION ( 'NONE',  ( -0.000000000000000000, -0.000000000000000000, -1.000000000000000000 ) ) ;
#3914 = AXIS2_PLACEMENT_3D ( 'NONE', #3129, #2688, #5280 ) ;
#3915 = VECTOR ( 'NONE', #5366, 1000.000000000000000 ) ;
#3916 = ORIENTED_EDGE ( 'NONE', *, *, #4669, .T. ) ;
#3917 = DIRECTION ( 'NONE',  ( 1.000000000000000000, 0.000000000000000000, 0.000000000000000000 ) ) ;
#3918 = CIRCLE ( 'NONE', #4387, 15.00000000000000000 ) ;
#3919 = ADVANCED_FACE ( 'NONE', ( #3335 ), #5138, .F. ) ;
#3920 = CARTESIAN_POINT ( 'NONE',  ( 0.000000000000000000, -23.59999999999999432, 0.000000000000000000 ) ) ;
#3921 = CARTESIAN_POINT ( 'NONE',  ( 0.000000000000000000, -10.90000000000000391, 10.00000000000000000 ) ) ;
#3922 = LINE ( 'NONE', #650, #296 ) ;
#3923 = CONICAL_SURFACE ( 'NONE', #4207, 8.999999999999918288, 0.7853981633974405074 ) ;
#3924 = CARTESIAN_POINT ( 'NONE',  ( 56.40000000000000568, 0.000000000000000000, 10.00000000000000000 ) ) ;
#3925 = VECTOR ( 'NONE', #3188, 1000.000000000000000 ) ;
#3926 = CARTESIAN_POINT ( 'NONE',  ( 24.00000000000003197, -39.50000000000000711, 10.00000000000000000 ) ) ;
#3927 = VERTEX_POINT ( 'NONE', #2789 ) ;
#3928 = EDGE_CURVE ( 'NONE', #3872, #1862, #4584, .T. ) ;
#3929 = VECTOR ( 'NONE', #1676, 1000.000000000000114 ) ;
#3930 = VECTOR ( 'NONE', #5591, 1000.000000000000000 ) ;
#3931 = DIRECTION ( 'NONE',  ( 0.000000000000000000, 1.000000000000000000, 0.000000000000000000 ) ) ;
#3932 = DIRECTION ( 'NONE',  ( 1.000000000000000000, 0.000000000000000000, -0.000000000000000000 ) ) ;
#3933 = DIRECTION ( 'NONE',  ( -0.7071067811865378028, 8.659560562354814529E-17, 0.7071067811865573427 ) ) ;
#3934 = EDGE_LOOP ( 'NONE', ( #1814, #4047 ) ) ;
#3935 = CIRCLE ( 'NONE', #542, 8.999999999999973355 ) ;
#3936 = AXIS2_PLACEMENT_3D ( 'NONE', #413, #8, #65 ) ;
#3937 = ORIENTED_EDGE ( 'NONE', *, *, #2766, .T. ) ;
#3938 = DIRECTION ( 'NONE',  ( -0.000000000000000000, -0.000000000000000000, -1.000000000000000000 ) ) ;
#3939 = VERTEX_POINT ( 'NONE', #1050 ) ;
#3940 = CARTESIAN_POINT ( 'NONE',  ( -25.00000000000001421, 8.500000000000010658, 1.000000000000000888 ) ) ;
#3941 = CARTESIAN_POINT ( 'NONE',  ( 0.000000000000000000, -22.10000000000000142, 10.00000000000000000 ) ) ;
#3942 = ORIENTED_EDGE ( 'NONE', *, *, #5610, .F. ) ;
#3943 = VECTOR ( 'NONE', #3675, 1000.000000000000000 ) ;
#3944 = VERTEX_POINT ( 'NONE', #3733 ) ;
#3945 = FACE_OUTER_BOUND ( 'NONE', #1241, .T. ) ;
#3946 = DIRECTION ( 'NONE',  ( 0.000000000000000000, -0.000000000000000000, 1.000000000000000000 ) ) ;
#3947 = PLANE ( 'NONE',  #4593 ) ;
#3948 = EDGE_CURVE ( 'NONE', #4816, #1143, #458, .T. ) ;
#3949 = VERTEX_POINT ( 'NONE', #1459 ) ;
#3950 = ORIENTED_EDGE ( 'NONE', *, *, #1692, .T. ) ;
#3951 = PLANE ( 'NONE',  #526 ) ;
#3952 = ORIENTED_EDGE ( 'NONE', *, *, #2633, .T. ) ;
#3953 = DIRECTION ( 'NONE',  ( 0.000000000000000000, 0.7071067811865420216, 0.7071067811865531239 ) ) ;
#3954 = PLANE ( 'NONE',  #2713 ) ;
#3955 = EDGE_CURVE ( 'NONE', #1370, #2533, #1436, .T. ) ;
#3956 = EDGE_CURVE ( 'NONE', #4813, #5711, #5499, .T. ) ;
#3957 = DIRECTION ( 'NONE',  ( 1.000000000000000000, 0.000000000000000000, 0.000000000000000000 ) ) ;
#3958 = ORIENTED_EDGE ( 'NONE', *, *, #2164, .T. ) ;
#3959 = DIRECTION ( 'NONE',  ( 1.000000000000000000, 0.000000000000000000, 0.000000000000000000 ) ) ;
#3960 = DIRECTION ( 'NONE',  ( 0.000000000000000000, -0.000000000000000000, 1.000000000000000000 ) ) ;
#3961 = DIRECTION ( 'NONE',  ( 1.000000000000000000, 0.000000000000000000, 0.000000000000000000 ) ) ;
#3962 = EDGE_CURVE ( 'NONE', #3317, #3392, #574, .T. ) ;
#3963 = VERTEX_POINT ( 'NONE', #600 ) ;
#3964 = ORIENTED_EDGE ( 'NONE', *, *, #4785, .T. ) ;
#3965 = DIRECTION ( 'NONE',  ( -1.000000000000000000, 0.000000000000000000, 0.000000000000000000 ) ) ;
#3966 = ORIENTED_EDGE ( 'NONE', *, *, #2504, .T. ) ;
#3967 = CARTESIAN_POINT ( 'NONE',  ( 54.40000000000000568, -24.10000000000000142, 10.00000000000000000 ) ) ;
#3968 = CARTESIAN_POINT ( 'NONE',  ( 0.000000000000000000, -8.400000000000005684, 10.00000000000000000 ) ) ;
#3969 = LINE ( 'NONE', #3430, #3747 ) ;
#3970 = EDGE_LOOP ( 'NONE', ( #2026, #2920, #4541, #1402 ) ) ;
#3971 = ORIENTED_EDGE ( 'NONE', *, *, #2326, .T. ) ;
#3972 = DIRECTION ( 'NONE',  ( -0.000000000000000000, 0.000000000000000000, 1.000000000000000000 ) ) ;
#3973 = DIRECTION ( 'NONE',  ( 1.000000000000000000, 0.000000000000000000, -0.000000000000000000 ) ) ;
#3974 = DIRECTION ( 'NONE',  ( 0.000000000000000000, -1.000000000000000000, 0.000000000000000000 ) ) ;
#3975 = LINE ( 'NONE', #2200, #2804 ) ;
#3976 = ORIENTED_EDGE ( 'NONE', *, *, #2880, .F. ) ;
#3977 = CARTESIAN_POINT ( 'NONE',  ( 54.90000000000000568, -10.90000000000000036, 10.00000000000000000 ) ) ;
#3978 = EDGE_LOOP ( 'NONE', ( #2743, #1828, #2488, #3865 ) ) ;
#3979 = ADVANCED_FACE ( 'NONE', ( #2841 ), #4635, .T. ) ;
#3980 = FACE_OUTER_BOUND ( 'NONE', #2335, .T. ) ;
#3981 = CARTESIAN_POINT ( 'NONE',  ( -96.33285992488789873, -24.59999999999999787, 10.00000000000000000 ) ) ;
#3982 = DIRECTION ( 'NONE',  ( 1.000000000000000000, 4.476705744456408672E-15, 0.000000000000000000 ) ) ;
#3983 = CARTESIAN_POINT ( 'NONE',  ( 76.99999999999998579, -16.50000000000000711, 10.00000000000000000 ) ) ;
#3984 = ADVANCED_FACE ( 'NONE', ( #1962 ), #3761, .F. ) ;
#3985 = DIRECTION ( 'NONE',  ( 1.000000000000000000, 0.000000000000000000, 0.000000000000000000 ) ) ;
#3986 = DIRECTION ( 'NONE',  ( -0.7071067811865474617, 0.000000000000000000, 0.7071067811865474617 ) ) ;
#3987 = EDGE_LOOP ( 'NONE', ( #4900, #5271, #123, #3360 ) ) ;
#3988 = ORIENTED_EDGE ( 'NONE', *, *, #2964, .T. ) ;
#3989 = PLANE ( 'NONE',  #4660 ) ;
#3990 = EDGE_CURVE ( 'NONE', #5353, #3019, #1644, .T. ) ;
#3991 = DIRECTION ( 'NONE',  ( -0.000000000000000000, 0.000000000000000000, -1.000000000000000000 ) ) ;
#3992 = CARTESIAN_POINT ( 'NONE',  ( -97.80000000000001137, -8.900000000000000355, 10.00000000000000000 ) ) ;
#3993 = CARTESIAN_POINT ( 'NONE',  ( 32.99999999999998579, 6.499999999999992006, 0.000000000000000000 ) ) ;
#3994 = ORIENTED_EDGE ( 'NONE', *, *, #1275, .T. ) ;
#3995 = CARTESIAN_POINT ( 'NONE',  ( -98.30000000000001137, -7.432859924887881498, 10.00000000000000000 ) ) ;
#3996 = DIRECTION ( 'NONE',  ( -0.000000000000000000, -0.000000000000000000, -1.000000000000000000 ) ) ;
#3997 = FACE_OUTER_BOUND ( 'NONE', #3898, .T. ) ;
#3998 = VECTOR ( 'NONE', #5523, 1000.000000000000000 ) ;
#3999 = EDGE_CURVE ( 'NONE', #5233, #2888, #4810, .T. ) ;
#4000 = CYLINDRICAL_SURFACE ( 'NONE', #1203, 1.549999999999995826 ) ;
#4001 = VECTOR ( 'NONE', #4757, 1000.000000000000000 ) ;
#4002 = ORIENTED_EDGE ( 'NONE', *, *, #1256, .T. ) ;
#4003 = VERTEX_POINT ( 'NONE', #301 ) ;
#4004 = LINE ( 'NONE', #4061, #3544 ) ;
#4005 = EDGE_LOOP ( 'NONE', ( #2794, #3308, #2475 ) ) ;
#4006 = VECTOR ( 'NONE', #1560, 1000.000000000000000 ) ;
#4007 = VECTOR ( 'NONE', #1258, 1000.000000000000000 ) ;
#4008 = CIRCLE ( 'NONE', #4945, 1.549999999999968070 ) ;
#4009 = DIRECTION ( 'NONE',  ( -1.000000000000000000, 0.000000000000000000, 0.000000000000000000 ) ) ;
#4010 = APPLICATION_PROTOCOL_DEFINITION ( 'draft international standard', 'automotive_design', 1998, #4357 ) ;
#4011 = DIRECTION ( 'NONE',  ( -1.000000000000000000, 0.000000000000000000, 0.000000000000000000 ) ) ;
#4012 = AXIS2_PLACEMENT_3D ( 'NONE', #3445, #3411, #1173 ) ;
#4013 = VECTOR ( 'NONE', #1983, 1000.000000000000000 ) ;
#4015 = CIRCLE ( 'NONE', #1474, 1.550000000000000488 ) ;
#4014 = DIRECTION ( 'NONE',  ( -0.000000000000000000, 0.000000000000000000, 1.000000000000000000 ) ) ;
#4016 = LINE ( 'NONE', #2634, #2035 ) ;
#4017 = FACE_OUTER_BOUND ( 'NONE', #353, .T. ) ;
#4018 = AXIS2_PLACEMENT_3D ( 'NONE', #3886, #3860, #3412 ) ;
#4019 = CARTESIAN_POINT ( 'NONE',  ( 0.000000000000000000, -8.400000000000000355, 10.00000000000000000 ) ) ;
#4020 = EDGE_LOOP ( 'NONE', ( #3247, #732, #756, #1304 ) ) ;
#4021 = EDGE_CURVE ( 'NONE', #4110, #2776, #3425, .T. ) ;
#4022 = EDGE_LOOP ( 'NONE', ( #2644, #3488, #3794, #5382 ) ) ;
#4023 = VECTOR ( 'NONE', #792, 1000.000000000000000 ) ;
#4024 = FACE_OUTER_BOUND ( 'NONE', #5053, .T. ) ;
#4025 = VECTOR ( 'NONE', #2690, 1000.000000000000000 ) ;
#4026 = DIRECTION ( 'NONE',  ( -0.000000000000000000, 0.000000000000000000, 1.000000000000000000 ) ) ;
#4027 = LINE ( 'NONE', #339, #5526 ) ;
#4028 = EDGE_CURVE ( 'NONE', #89, #4358, #4745, .T. ) ;
#4029 = ORIENTED_EDGE ( 'NONE', *, *, #2288, .F. ) ;
#4030 = CARTESIAN_POINT ( 'NONE',  ( -97.30000000000001137, -26.09999999999999787, 0.000000000000000000 ) ) ;
#4031 = DIRECTION ( 'NONE',  ( -0.000000000000000000, -0.000000000000000000, -1.000000000000000000 ) ) ;
#4032 = PLANE ( 'NONE',  #552 ) ;
#4033 = AXIS2_PLACEMENT_3D ( 'NONE', #57, #5767, #5450 ) ;
#4034 = CARTESIAN_POINT ( 'NONE',  ( -3.250000000000000888, -33.00000000000000000, 3.000000000000000000 ) ) ;
#4035 = AXIS2_PLACEMENT_3D ( 'NONE', #3992, #4786, #5780 ) ;
#4036 = ORIENTED_EDGE ( 'NONE', *, *, #4304, .T. ) ;
#4037 = DIRECTION ( 'NONE',  ( 0.000000000000000000, -0.000000000000000000, -1.000000000000000000 ) ) ;
#4038 = ORIENTED_EDGE ( 'NONE', *, *, #4636, .F. ) ;
#4039 = CARTESIAN_POINT ( 'NONE',  ( -95.80000000000001137, -9.400000000000007461, 0.000000000000000000 ) ) ;
#4040 = DIRECTION ( 'NONE',  ( 0.000000000000000000, 0.000000000000000000, -1.000000000000000000 ) ) ;
#4041 = CARTESIAN_POINT ( 'NONE',  ( 48.99999999999999289, -16.49999999999998579, 9.000000000000000000 ) ) ;
#4042 = CARTESIAN_POINT ( 'NONE',  ( 53.90000000000000568, 0.000000000000000000, 0.000000000000000000 ) ) ;
#4043 = CARTESIAN_POINT ( 'NONE',  ( 54.90000000000000568, 0.000000000000000000, 10.00000000000000000 ) ) ;
#4044 = EDGE_CURVE ( 'NONE', #5082, #3026, #1226, .T. ) ;
#4045 = CARTESIAN_POINT ( 'NONE',  ( 70.10000000000000853, 0.000000000000000000, 0.000000000000000000 ) ) ;
#4046 = ORIENTED_EDGE ( 'NONE', *, *, #5696, .F. ) ;
#4047 = ORIENTED_EDGE ( 'NONE', *, *, #4953, .F. ) ;
#4048 = ORIENTED_EDGE ( 'NONE', *, *, #778, .T. ) ;
#4049 = CARTESIAN_POINT ( 'NONE',  ( -97.80000000000001137, -24.10000000000000497, 10.00000000000000000 ) ) ;
#4050 = CARTESIAN_POINT ( 'NONE',  ( 0.000000000000000000, -33.00000000000000000, 3.000000000000000000 ) ) ;
#4051 = ADVANCED_FACE ( 'NONE', ( #215 ), #1606, .F. ) ;
#4052 = DIRECTION ( 'NONE',  ( 1.000000000000000000, 0.000000000000000000, 0.000000000000000000 ) ) ;
#4053 = DIRECTION ( 'NONE',  ( -0.000000000000000000, -0.000000000000000000, -1.000000000000000000 ) ) ;
#4054 = ORIENTED_EDGE ( 'NONE', *, *, #2187, .T. ) ;
#4055 = DIRECTION ( 'NONE',  ( 1.000000000000000000, 0.000000000000000000, 0.000000000000000000 ) ) ;
#4056 = DIRECTION ( 'NONE',  ( 0.000000000000000000, -0.000000000000000000, -1.000000000000000000 ) ) ;
#4057 = CARTESIAN_POINT ( 'NONE',  ( -99.80000000000001137, 0.000000000000000000, 0.000000000000000000 ) ) ;
#4058 = ADVANCED_FACE ( 'NONE', ( #4310 ), #5665, .F. ) ;
#4059 = DIRECTION ( 'NONE',  ( 0.000000000000000000, 1.000000000000000000, 0.000000000000000000 ) ) ;
#4060 = ORIENTED_EDGE ( 'NONE', *, *, #4986, .T. ) ;
#4061 = CARTESIAN_POINT ( 'NONE',  ( 71.60000000000000853, -24.60000000000000497, 10.00000000000000000 ) ) ;
#4062 = ORIENTED_EDGE ( 'NONE', *, *, #2065, .T. ) ;
#4063 = EDGE_CURVE ( 'NONE', #1713, #3854, #1634, .T. ) ;
#4064 = DIRECTION ( 'NONE',  ( 1.000000000000000000, 0.000000000000000000, 0.000000000000000000 ) ) ;
#4065 = DIRECTION ( 'NONE',  ( -1.000000000000000000, 0.000000000000000000, 0.000000000000000000 ) ) ;
#4066 = ORIENTED_EDGE ( 'NONE', *, *, #1974, .T. ) ;
#4067 = DIRECTION ( 'NONE',  ( 0.000000000000000000, 1.000000000000000000, -0.000000000000000000 ) ) ;
#4068 = DIRECTION ( 'NONE',  ( 1.000000000000000000, 0.000000000000000000, 0.000000000000000000 ) ) ;
#4069 = CARTESIAN_POINT ( 'NONE',  ( 69.60000000000002274, -24.09999999999999787, 10.00000000000000000 ) ) ;
#4070 = ORIENTED_EDGE ( 'NONE', *, *, #4202, .F. ) ;
#4071 = ORIENTED_EDGE ( 'NONE', *, *, #2727, .F. ) ;
#4072 = EDGE_CURVE ( 'NONE', #4859, #4488, #226, .T. ) ;
#4073 = FILL_AREA_STYLE ('',( #2276 ) ) ;
#4074 = DIRECTION ( 'NONE',  ( 0.000000000000000000, 1.000000000000000000, -0.000000000000000000 ) ) ;
#4075 = LINE ( 'NONE', #3170, #3097 ) ;
#4076 = LINE ( 'NONE', #4161, #1491 ) ;
#4077 = ORIENTED_EDGE ( 'NONE', *, *, #2293, .F. ) ;
#4078 = LINE ( 'NONE', #3615, #4935 ) ;
#4079 = EDGE_CURVE ( 'NONE', #4813, #1901, #5284, .T. ) ;
#4080 = DIRECTION ( 'NONE',  ( -1.000000000000000000, 0.000000000000000000, 0.000000000000000000 ) ) ;
#4081 = PLANE ( 'NONE',  #3665 ) ;
#4082 = ADVANCED_FACE ( 'NONE', ( #5694 ), #1923, .T. ) ;
#4083 = CARTESIAN_POINT ( 'NONE',  ( -112.8000000000000114, -2.500000000000002220, 0.000000000000000000 ) ) ;
#4084 = ORIENTED_EDGE ( 'NONE', *, *, #972, .T. ) ;
#4085 = VECTOR ( 'NONE', #2348, 1000.000000000000114 ) ;
#4086 = EDGE_CURVE ( 'NONE', #3764, #4364, #2138, .T. ) ;
#4087 = CARTESIAN_POINT ( 'NONE',  ( -98.30000000000001137, 0.000000000000000000, 10.00000000000000000 ) ) ;
#4088 = ORIENTED_EDGE ( 'NONE', *, *, #4455, .F. ) ;
#4089 = AXIS2_PLACEMENT_3D ( 'NONE', #3856, #3502, #3475 ) ;
#4090 = PLANE ( 'NONE',  #4033 ) ;
#4091 = EDGE_CURVE ( 'NONE', #3309, #2263, #3873, .T. ) ;
#4092 = DIRECTION ( 'NONE',  ( -0.000000000000000000, -0.000000000000000000, -1.000000000000000000 ) ) ;
#4093 = AXIS2_PLACEMENT_3D ( 'NONE', #673, #4235, #5563 ) ;
#4094 = VECTOR ( 'NONE', #381, 1000.000000000000000 ) ;
#4095 = CIRCLE ( 'NONE', #51, 13.99999999999998401 ) ;
#4096 = CARTESIAN_POINT ( 'NONE',  ( -112.8000000000000114, -16.50000000000000000, 9.000000000000067502 ) ) ;
#4097 = DIRECTION ( 'NONE',  ( -1.000000000000000000, 0.000000000000000000, 0.000000000000000000 ) ) ;
#4098 = VECTOR ( 'NONE', #52, 1000.000000000000000 ) ;
#4099 = PLANE ( 'NONE',  #2324 ) ;
#4100 = VECTOR ( 'NONE', #1250, 1000.000000000000000 ) ;
#4101 = AXIS2_PLACEMENT_3D ( 'NONE', #499, #4178, #1948 ) ;
#4102 = ORIENTED_EDGE ( 'NONE', *, *, #744, .F. ) ;
#4103 = EDGE_CURVE ( 'NONE', #1960, #2824, #3851, .T. ) ;
#4104 = ORIENTED_EDGE ( 'NONE', *, *, #5286, .F. ) ;
#4105 = CARTESIAN_POINT ( 'NONE',  ( 53.90000000000000568, -6.899999999999999467, 10.00000000000000000 ) ) ;
#4106 = VECTOR ( 'NONE', #2969, 1000.000000000000000 ) ;
#4107 = DIRECTION ( 'NONE',  ( 0.000000000000000000, -0.000000000000000000, 1.000000000000000000 ) ) ;
#4108 = CARTESIAN_POINT ( 'NONE',  ( -98.30000000000001137, 0.000000000000000000, 10.00000000000000000 ) ) ;
#4109 = CARTESIAN_POINT ( 'NONE',  ( 0.000000000000000000, -26.09999999999999787, 10.00000000000000000 ) ) ;
#4110 = VERTEX_POINT ( 'NONE', #2550 ) ;
#4111 = FACE_OUTER_BOUND ( 'NONE', #5765, .T. ) ;
#4112 = PLANE ( 'NONE',  #2585 ) ;
#4113 = AXIS2_PLACEMENT_3D ( 'NONE', #2942, #318, #4770 ) ;
#4114 = CARTESIAN_POINT ( 'NONE',  ( -95.80000000000001137, 0.000000000000000000, 10.00000000000000000 ) ) ;
#4115 = ORIENTED_EDGE ( 'NONE', *, *, #1541, .F. ) ;
#4116 = VECTOR ( 'NONE', #124, 1000.000000000000000 ) ;
#4117 = DIRECTION ( 'NONE',  ( 0.000000000000000000, 1.000000000000000000, 0.000000000000000000 ) ) ;
#4118 = AXIS2_PLACEMENT_3D ( 'NONE', #2719, #4, #1780 ) ;
#4119 = CARTESIAN_POINT ( 'NONE',  ( 70.10000000000000853, -25.56714007511209275, 10.00000000000000000 ) ) ;
#4120 = ORIENTED_EDGE ( 'NONE', *, *, #3832, .F. ) ;
#4121 = EDGE_CURVE ( 'NONE', #273, #216, #662, .T. ) ;
#4122 = DIRECTION ( 'NONE',  ( -0.000000000000000000, -0.000000000000000000, -1.000000000000000000 ) ) ;
#4123 = CARTESIAN_POINT ( 'NONE',  ( -99.80000000000001137, 0.000000000000000000, 10.00000000000000000 ) ) ;
#4124 = VECTOR ( 'NONE', #960, 1000.000000000000000 ) ;
#4125 = LINE ( 'NONE', #4598, #3546 ) ;
#4126 = CARTESIAN_POINT ( 'NONE',  ( 70.10000000000000853, -26.10000000000000497, 10.00000000000000000 ) ) ;
#4127 = ADVANCED_FACE ( 'NONE', ( #5608 ), #1581, .F. ) ;
#4128 = CARTESIAN_POINT ( 'NONE',  ( -33.00000000000001421, -1.500000000000001332, 9.000000000000067502 ) ) ;
#4129 = ORIENTED_EDGE ( 'NONE', *, *, #1182, .F. ) ;
#4130 = VERTEX_POINT ( 'NONE', #2952 ) ;
#4131 = CARTESIAN_POINT ( 'NONE',  ( 0.000000000000000000, -8.399999999999998579, 10.00000000000000000 ) ) ;
#4132 = CARTESIAN_POINT ( 'NONE',  ( -3.250000000000000444, 0.000000000000000000, 3.000000000000000000 ) ) ;
#4133 = DIRECTION ( 'NONE',  ( -1.000000000000000000, 0.000000000000000000, 0.000000000000000000 ) ) ;
#4134 = ORIENTED_EDGE ( 'NONE', *, *, #4552, .F. ) ;
#4135 = CARTESIAN_POINT ( 'NONE',  ( -24.00000000000001421, -39.50000000000000000, 0.000000000000000000 ) ) ;
#4136 = ORIENTED_EDGE ( 'NONE', *, *, #5525, .F. ) ;
#4137 = DIRECTION ( 'NONE',  ( -0.000000000000000000, -0.000000000000000000, -1.000000000000000000 ) ) ;
#4138 = DIRECTION ( 'NONE',  ( 1.000000000000000000, 0.000000000000000000, 0.000000000000000000 ) ) ;
#4139 = VERTEX_POINT ( 'NONE', #2927 ) ;
#4140 = LINE ( 'NONE', #1437, #1963 ) ;
#4141 = VERTEX_POINT ( 'NONE', #1671 ) ;
#4142 = CARTESIAN_POINT ( 'NONE',  ( -25.00000000000001421, 0.000000000000000000, 9.000000000000067502 ) ) ;
#4143 = VERTEX_POINT ( 'NONE', #3465 ) ;
#4144 = LINE ( 'NONE', #1996, #1091 ) ;
#4145 = EDGE_CURVE ( 'NONE', #5283, #2694, #4718, .T. ) ;
#4146 = ORIENTED_EDGE ( 'NONE', *, *, #821, .F. ) ;
#4147 = CARTESIAN_POINT ( 'NONE',  ( -95.80000000000001137, -9.400000000000007461, 10.00000000000000000 ) ) ;
#4148 = CARTESIAN_POINT ( 'NONE',  ( 0.000000000000000000, -10.90000000000000391, 10.00000000000000000 ) ) ;
#4149 = AXIS2_PLACEMENT_3D ( 'NONE', #3064, #4827, #5336 ) ;
#4150 = EDGE_CURVE ( 'NONE', #3594, #3621, #5640, .T. ) ;
#4151 = CARTESIAN_POINT ( 'NONE',  ( -84.49999999999998579, -25.00000000000000000, 0.000000000000000000 ) ) ;
#4152 = CARTESIAN_POINT ( 'NONE',  ( -33.00000000000001421, -39.50000000000000000, 10.00000000000000000 ) ) ;
#4153 = LINE ( 'NONE', #115, #4585 ) ;
#4154 = ORIENTED_EDGE ( 'NONE', *, *, #3667, .F. ) ;
#4155 = ORIENTED_EDGE ( 'NONE', *, *, #4719, .F. ) ;
#4156 = ADVANCED_FACE ( 'NONE', ( #4839 ), #816, .F. ) ;
#4157 = PLANE ( 'NONE',  #5699 ) ;
#4158 = CARTESIAN_POINT ( 'NONE',  ( 53.90000000000000568, 0.000000000000000000, 10.00000000000000000 ) ) ;
#4159 = DIRECTION ( 'NONE',  ( -0.000000000000000000, -0.000000000000000000, -1.000000000000000000 ) ) ;
#4160 = VERTEX_POINT ( 'NONE', #1726 ) ;
#4161 = CARTESIAN_POINT ( 'NONE',  ( -0.000000000000000000, -8.400000000000000355, 0.000000000000000000 ) ) ;
#4162 = VERTEX_POINT ( 'NONE', #2609 ) ;
#4163 = ADVANCED_FACE ( 'NONE', ( #5312 ), #1289, .F. ) ;
#4164 = DIRECTION ( 'NONE',  ( -1.000000000000000000, 0.000000000000000000, 0.000000000000000000 ) ) ;
#4165 = EDGE_LOOP ( 'NONE', ( #3404, #1414, #3400, #4616 ) ) ;
#4166 = DIRECTION ( 'NONE',  ( -1.000000000000000000, 0.000000000000000000, 0.000000000000000000 ) ) ;
#4167 = ORIENTED_EDGE ( 'NONE', *, *, #1637, .T. ) ;
#4168 = EDGE_LOOP ( 'NONE', ( #1431, #5182, #4204, #4924 ) ) ;
#4169 = LINE ( 'NONE', #193, #1453 ) ;
#4170 = LINE ( 'NONE', #5064, #615 ) ;
#4171 = EDGE_CURVE ( 'NONE', #4614, #2347, #5210, .T. ) ;
#4172 = EDGE_LOOP ( 'NONE', ( #646, #2864, #5398, #4518 ) ) ;
#4173 = VECTOR ( 'NONE', #1139, 1000.000000000000000 ) ;
#4174 = FACE_OUTER_BOUND ( 'NONE', #2627, .T. ) ;
#4175 = ORIENTED_EDGE ( 'NONE', *, *, #3262, .T. ) ;
#4176 = CARTESIAN_POINT ( 'NONE',  ( -33.00000000000001421, -30.50000000000000000, 0.000000000000000000 ) ) ;
#4177 = ORIENTED_EDGE ( 'NONE', *, *, #490, .F. ) ;
#4178 = DIRECTION ( 'NONE',  ( -0.000000000000000000, 0.000000000000000000, 1.000000000000000000 ) ) ;
#4179 = VECTOR ( 'NONE', #2344, 1000.000000000000000 ) ;
#4180 = CARTESIAN_POINT ( 'NONE',  ( -127.8000000000000256, -16.50000000000000000, 10.00000000000000000 ) ) ;
#4181 = CARTESIAN_POINT ( 'NONE',  ( 76.65798675386804462, -1.842013246131932513, 0.6579867538679493588 ) ) ;
#4182 = ORIENTED_EDGE ( 'NONE', *, *, #4778, .F. ) ;
#4183 = VECTOR ( 'NONE', #748, 1000.000000000000000 ) ;
#4184 = ORIENTED_EDGE ( 'NONE', *, *, #4063, .F. ) ;
#4185 = CARTESIAN_POINT ( 'NONE',  ( -33.00000000000001421, -30.50000000000008171, 10.00000000000000000 ) ) ;
#4186 = CARTESIAN_POINT ( 'NONE',  ( -99.80000000000001137, -9.400000000000007461, 10.00000000000000000 ) ) ;
#4187 = AXIS2_PLACEMENT_3D ( 'NONE', #5033, #1861, #3664 ) ;
#4188 = CIRCLE ( 'NONE', #3914, 1.549999999999974953 ) ;
#4189 = AXIS2_PLACEMENT_3D ( 'NONE', #3366, #5160, #2922 ) ;
#4190 = DIRECTION ( 'NONE',  ( 0.000000000000000000, 1.000000000000000000, -0.000000000000000000 ) ) ;
#4191 = ADVANCED_FACE ( 'NONE', ( #4672 ), #1081, .F. ) ;
#4192 = ORIENTED_EDGE ( 'NONE', *, *, #3715, .F. ) ;
#4193 = EDGE_LOOP ( 'NONE', ( #1448, #1967, #3555, #3553, #1972, #3281, #873, #786, #2454, #714, #2676, #1307, #372, #4695, #2741, #3020, #4278, #160, #571, #750, #4865, #4968, #5036 ) ) ;
#4194 = AXIS2_PLACEMENT_3D ( 'NONE', #5413, #84, #437 ) ;
#4195 = VECTOR ( 'NONE', #4159, 1000.000000000000000 ) ;
#4196 = DIRECTION ( 'NONE',  ( 0.000000000000000000, -1.000000000000000000, 0.000000000000000000 ) ) ;
#4197 = AXIS2_PLACEMENT_3D ( 'NONE', #5192, #4122, #87 ) ;
#4198 = CARTESIAN_POINT ( 'NONE',  ( 0.000000000000000000, -9.400000000000007461, 10.00000000000000000 ) ) ;
#4199 = VECTOR ( 'NONE', #4290, 1000.000000000000000 ) ;
#4200 = EDGE_CURVE ( 'NONE', #2803, #4987, #605, .T. ) ;
#4201 = AXIS2_PLACEMENT_3D ( 'NONE', #4297, #2067, #2413 ) ;
#4202 = EDGE_CURVE ( 'NONE', #1516, #655, #1994, .T. ) ;
#4203 = ORIENTED_EDGE ( 'NONE', *, *, #4690, .T. ) ;
#4204 = ORIENTED_EDGE ( 'NONE', *, *, #5418, .T. ) ;
#4205 = DIRECTION ( 'NONE',  ( 1.000000000000000000, 0.000000000000000000, 0.000000000000000000 ) ) ;
#4206 = DIRECTION ( 'NONE',  ( 1.000000000000000000, 0.000000000000000000, 0.000000000000000000 ) ) ;
#4207 = AXIS2_PLACEMENT_3D ( 'NONE', #3791, #999, #4615 ) ;
#4208 = VERTEX_POINT ( 'NONE', #5471 ) ;
#4209 = ADVANCED_FACE ( 'NONE', ( #4555 ), #3346, .T. ) ;
#4210 = DIRECTION ( 'NONE',  ( 0.5773502691896257311, 0.5773502691896257311, 0.5773502691896257311 ) ) ;
#4211 = FACE_OUTER_BOUND ( 'NONE', #1941, .T. ) ;
#4212 = VECTOR ( 'NONE', #2457, 1000.000000000000000 ) ;
#4213 = DIRECTION ( 'NONE',  ( -1.000000000000000000, 0.000000000000000000, 0.000000000000000000 ) ) ;
#4214 = FACE_OUTER_BOUND ( 'NONE', #749, .T. ) ;
#4215 = DIRECTION ( 'NONE',  ( 1.000000000000000000, 0.000000000000000000, 0.000000000000000000 ) ) ;
#4216 = ORIENTED_EDGE ( 'NONE', *, *, #3793, .F. ) ;
#4217 = ORIENTED_EDGE ( 'NONE', *, *, #4491, .F. ) ;
#4218 = ORIENTED_EDGE ( 'NONE', *, *, #1303, .F. ) ;
#4219 = DIRECTION ( 'NONE',  ( 0.000000000000000000, -0.000000000000000000, 1.000000000000000000 ) ) ;
#4220 = EDGE_CURVE ( 'NONE', #794, #462, #1550, .T. ) ;
#4221 = DIRECTION ( 'NONE',  ( -1.000000000000000000, 0.000000000000000000, 0.000000000000000000 ) ) ;
#4222 = LINE ( 'NONE', #1136, #1853 ) ;
#4223 = ORIENTED_EDGE ( 'NONE', *, *, #2015, .F. ) ;
#4224 = VERTEX_POINT ( 'NONE', #3790 ) ;
#4225 = DIRECTION ( 'NONE',  ( -1.000000000000000000, -1.249000902703301354E-16, 0.000000000000000000 ) ) ;
#4226 = VERTEX_POINT ( 'NONE', #3291 ) ;
#4227 = EDGE_CURVE ( 'NONE', #2912, #3685, #1468, .T. ) ;
#4228 = DIRECTION ( 'NONE',  ( -1.000000000000000000, 0.000000000000000000, 0.000000000000000000 ) ) ;
#4229 = ORIENTED_EDGE ( 'NONE', *, *, #4543, .F. ) ;
#4230 = ORIENTED_EDGE ( 'NONE', *, *, #4028, .T. ) ;
#4231 = CARTESIAN_POINT ( 'NONE',  ( -1.549999999999999822, 0.000000000000000000, 3.000000000000000000 ) ) ;
#4232 = DIRECTION ( 'NONE',  ( 0.000000000000000000, 0.000000000000000000, 1.000000000000000000 ) ) ;
#4233 = EDGE_CURVE ( 'NONE', #4277, #2840, #2319, .T. ) ;
#4234 = ORIENTED_EDGE ( 'NONE', *, *, #2284, .F. ) ;
#4235 = DIRECTION ( 'NONE',  ( 0.000000000000000000, 0.000000000000000000, 1.000000000000000000 ) ) ;
#4236 = EDGE_CURVE ( 'NONE', #5078, #4364, #5580, .T. ) ;
#4237 = CARTESIAN_POINT ( 'NONE',  ( -99.80000000000001137, -24.59999999999999787, 10.00000000000000000 ) ) ;
#4238 = DIRECTION ( 'NONE',  ( -1.000000000000000000, 0.000000000000000000, 0.000000000000000000 ) ) ;
#4239 = LINE ( 'NONE', #2444, #1998 ) ;
#4240 = CARTESIAN_POINT ( 'NONE',  ( 0.000000000000000000, -23.60000000000000142, 10.00000000000000000 ) ) ;
#4241 = ORIENTED_EDGE ( 'NONE', *, *, #1956, .T. ) ;
#4242 = PLANE ( 'NONE',  #1647 ) ;
#4243 = ORIENTED_EDGE ( 'NONE', *, *, #2830, .F. ) ;
#4244 = LINE ( 'NONE', #779, #1088 ) ;
#4245 = FACE_OUTER_BOUND ( 'NONE', #3803, .T. ) ;
#4246 = CARTESIAN_POINT ( 'NONE',  ( 69.10000000000000853, 0.000000000000000000, 10.00000000000000000 ) ) ;
#4247 = ORIENTED_EDGE ( 'NONE', *, *, #4327, .F. ) ;
#4248 = ORIENTED_EDGE ( 'NONE', *, *, #5555, .T. ) ;
#4249 = CARTESIAN_POINT ( 'NONE',  ( -33.00000000000001421, -31.50000000000000000, 9.000000000000067502 ) ) ;
#4250 = VECTOR ( 'NONE', #1587, 1000.000000000000000 ) ;
#4251 = ORIENTED_EDGE ( 'NONE', *, *, #4079, .T. ) ;
#4252 = CARTESIAN_POINT ( 'NONE',  ( 69.10000000000000853, -26.10000000000000497, 0.000000000000000000 ) ) ;
#4253 = EDGE_CURVE ( 'NONE', #5283, #170, #4169, .T. ) ;
#4254 = ORIENTED_EDGE ( 'NONE', *, *, #2945, .F. ) ;
#4255 = ORIENTED_EDGE ( 'NONE', *, *, #4202, .T. ) ;
#4256 = CARTESIAN_POINT ( 'NONE',  ( -33.00000000000001421, -39.50000000000000000, 1.000000000000000888 ) ) ;
#4257 = ADVANCED_FACE ( 'NONE', ( #134 ), #167, .F. ) ;
#4258 = FACE_OUTER_BOUND ( 'NONE', #4165, .T. ) ;
#4259 = CARTESIAN_POINT ( 'NONE',  ( -98.30000000000001137, -25.56714007511212117, 0.000000000000000000 ) ) ;
#4260 = EDGE_CURVE ( 'NONE', #5463, #20, #5087, .T. ) ;
#4261 = ORIENTED_EDGE ( 'NONE', *, *, #4079, .F. ) ;
#4262 = CARTESIAN_POINT ( 'NONE',  ( 54.90000000000000568, -26.10000000000000142, 10.00000000000000000 ) ) ;
#4263 = CARTESIAN_POINT ( 'NONE',  ( -98.30000000000001137, -6.900000000000000355, 10.00000000000000000 ) ) ;
#4264 = FACE_OUTER_BOUND ( 'NONE', #5782, .T. ) ;
#4265 = DIRECTION ( 'NONE',  ( -0.000000000000000000, 0.000000000000000000, 1.000000000000000000 ) ) ;
#4266 = LINE ( 'NONE', #4326, #4495 ) ;
#4267 = ADVANCED_FACE ( 'NONE', ( #108 ), #5060, .T. ) ;
#4268 = ORIENTED_EDGE ( 'NONE', *, *, #5638, .T. ) ;
#4269 = DIRECTION ( 'NONE',  ( -0.7071067811865474617, 0.000000000000000000, -0.7071067811865474617 ) ) ;
#4270 = VERTEX_POINT ( 'NONE', #4231 ) ;
#4271 = VECTOR ( 'NONE', #3520, 999.9999999999998863 ) ;
#4272 = ORIENTED_EDGE ( 'NONE', *, *, #2650, .F. ) ;
#4273 = DIRECTION ( 'NONE',  ( 0.000000000000000000, 0.000000000000000000, 1.000000000000000000 ) ) ;
#4274 = FACE_BOUND ( 'NONE', #2808, .T. ) ;
#4275 = VECTOR ( 'NONE', #1968, 1000.000000000000000 ) ;
#4276 = CARTESIAN_POINT ( 'NONE',  ( -99.80000000000001137, -24.59999999999999787, 0.000000000000000000 ) ) ;
#4277 = VERTEX_POINT ( 'NONE', #4639 ) ;
#4278 = ORIENTED_EDGE ( 'NONE', *, *, #3301, .T. ) ;
#4279 = CARTESIAN_POINT ( 'NONE',  ( 70.10000000000000853, 0.000000000000000000, 0.000000000000000000 ) ) ;
#4280 = AXIS2_PLACEMENT_3D ( 'NONE', #1887, #4014, #1443 ) ;
#4281 = CIRCLE ( 'NONE', #2593, 1.550000000000000488 ) ;
#4282 = DIRECTION ( 'NONE',  ( 1.000000000000000000, 0.000000000000000000, 0.000000000000000000 ) ) ;
#4283 = VECTOR ( 'NONE', #5738, 1000.000000000000000 ) ;
#4284 = CIRCLE ( 'NONE', #2697, 1.549999999999995826 ) ;
#4285 = ORIENTED_EDGE ( 'NONE', *, *, #2687, .T. ) ;
#4286 = VECTOR ( 'NONE', #2329, 1000.000000000000000 ) ;
#4287 = VERTEX_POINT ( 'NONE', #1907 ) ;
#4288 = CARTESIAN_POINT ( 'NONE',  ( 69.10000000000000853, -26.10000000000000497, 10.00000000000000000 ) ) ;
#4289 = DIRECTION ( 'NONE',  ( -0.000000000000000000, -0.000000000000000000, -1.000000000000000000 ) ) ;
#4290 = DIRECTION ( 'NONE',  ( 1.000000000000000000, 0.000000000000000000, 0.000000000000000000 ) ) ;
#4291 = AXIS2_PLACEMENT_3D ( 'NONE', #3690, #64, #1949 ) ;
#4292 = CONICAL_SURFACE ( 'NONE', #4197, 14.99999999999997868, 0.7853981633974466137 ) ;
#4293 = EDGE_LOOP ( 'NONE', ( #3976, #5666, #5109, #3659 ) ) ;
#4294 = CARTESIAN_POINT ( 'NONE',  ( -97.80000000000001137, -8.900000000000000355, 0.000000000000000000 ) ) ;
#4295 = LINE ( 'NONE', #675, #247 ) ;
#4296 = EDGE_CURVE ( 'NONE', #5103, #4612, #1029, .T. ) ;
#4297 = CARTESIAN_POINT ( 'NONE',  ( 56.40000000000000568, 0.000000000000000000, 10.00000000000000000 ) ) ;
#4298 = FACE_OUTER_BOUND ( 'NONE', #2944, .T. ) ;
#4299 = LINE ( 'NONE', #3924, #356 ) ;
#4300 = DIRECTION ( 'NONE',  ( -0.000000000000000000, 0.000000000000000000, -1.000000000000000000 ) ) ;
#4301 = VERTEX_POINT ( 'NONE', #5558 ) ;
#4302 = VERTEX_POINT ( 'NONE', #5498 ) ;
#4303 = DIRECTION ( 'NONE',  ( -1.000000000000000000, 0.000000000000000000, 0.000000000000000000 ) ) ;
#4304 = EDGE_CURVE ( 'NONE', #2840, #3026, #2822, .T. ) ;
#4305 = CARTESIAN_POINT ( 'NONE',  ( 24.99999999999998579, -41.49999999999999289, 8.999999999999971578 ) ) ;
#4306 = CIRCLE ( 'NONE', #1782, 1.549999999999995826 ) ;
#4307 = DIRECTION ( 'NONE',  ( 0.000000000000000000, 0.000000000000000000, 1.000000000000000000 ) ) ;
#4308 = EDGE_LOOP ( 'NONE', ( #5220, #4607, #4192, #3537 ) ) ;
#4309 = VERTEX_POINT ( 'NONE', #1528 ) ;
#4310 = FACE_OUTER_BOUND ( 'NONE', #4817, .T. ) ;
#4311 = ORIENTED_EDGE ( 'NONE', *, *, #259, .T. ) ;
#4312 = VECTOR ( 'NONE', #3904, 1000.000000000000000 ) ;
#4313 = ADVANCED_FACE ( 'NONE', ( #3945 ), #5732, .T. ) ;
#4314 = LINE ( 'NONE', #2083, #4684 ) ;
#4315 = CARTESIAN_POINT ( 'NONE',  ( -0.000000000000000000, -30.50000000000000000, 0.000000000000000000 ) ) ;
#4316 = VERTEX_POINT ( 'NONE', #1679 ) ;
#4317 = VERTEX_POINT ( 'NONE', #307 ) ;
#4318 = CARTESIAN_POINT ( 'NONE',  ( -0.000000000000000000, -24.60000000000000497, 0.000000000000000000 ) ) ;
#4319 = DIRECTION ( 'NONE',  ( 0.000000000000000000, -0.000000000000000000, -1.000000000000000000 ) ) ;
#4320 = ORIENTED_EDGE ( 'NONE', *, *, #3902, .T. ) ;
#4321 = CARTESIAN_POINT ( 'NONE',  ( 53.90000000000000568, 0.000000000000000000, 10.00000000000000000 ) ) ;
#4322 = EDGE_CURVE ( 'NONE', #4372, #2821, #4697, .T. ) ;
#4323 = FACE_OUTER_BOUND ( 'NONE', #371, .T. ) ;
#4324 = LINE ( 'NONE', #1977, #421 ) ;
#4325 = DIRECTION ( 'NONE',  ( 0.000000000000000000, -1.000000000000000000, 0.000000000000000000 ) ) ;
#4326 = CARTESIAN_POINT ( 'NONE',  ( 76.99999999999998579, -31.50000000000000711, 8.999999999999996447 ) ) ;
#4327 = EDGE_CURVE ( 'NONE', #216, #5103, #515, .T. ) ;
#4328 = CARTESIAN_POINT ( 'NONE',  ( 75.96142399166002690, -30.46142399166004822, 10.00000000000000000 ) ) ;
#4329 = ORIENTED_EDGE ( 'NONE', *, *, #189, .T. ) ;
#4330 = EDGE_CURVE ( 'NONE', #455, #1066, #704, .T. ) ;
#4331 = ORIENTED_EDGE ( 'NONE', *, *, #3902, .F. ) ;
#4332 = CARTESIAN_POINT ( 'NONE',  ( 21.49999999999998579, 5.000000000000001776, 12.50000000000000888 ) ) ;
#4333 = CARTESIAN_POINT ( 'NONE',  ( 0.000000000000000000, 0.000000000000000000, 10.00000000000000000 ) ) ;
#4334 = LINE ( 'NONE', #4806, #340 ) ;
#4335 = ORIENTED_EDGE ( 'NONE', *, *, #3818, .F. ) ;
#4336 = EDGE_CURVE ( 'NONE', #1487, #1103, #3021, .T. ) ;
#4337 = ORIENTED_EDGE ( 'NONE', *, *, #2230, .F. ) ;
#4338 = DIRECTION ( 'NONE',  ( 1.000000000000000000, 0.000000000000000000, 0.000000000000000000 ) ) ;
#4339 = ORIENTED_EDGE ( 'NONE', *, *, #657, .T. ) ;
#4340 = DIRECTION ( 'NONE',  ( 0.000000000000000000, 1.000000000000000000, -0.000000000000000000 ) ) ;
#4341 = FACE_OUTER_BOUND ( 'NONE', #3143, .T. ) ;
#4342 = EDGE_CURVE ( 'NONE', #4632, #451, #764, .T. ) ;
#4343 = VERTEX_POINT ( 'NONE', #2932 ) ;
#4344 = AXIS2_PLACEMENT_3D ( 'NONE', #2068, #4265, #3387 ) ;
#4345 = EDGE_LOOP ( 'NONE', ( #3079, #4366, #2177, #5430 ) ) ;
#4346 = CARTESIAN_POINT ( 'NONE',  ( 53.90000000000000568, -10.90000000000000036, 10.00000000000000000 ) ) ;
#4347 = CARTESIAN_POINT ( 'NONE',  ( -95.80000000000001137, 0.000000000000000000, 0.000000000000000000 ) ) ;
#4348 = CARTESIAN_POINT ( 'NONE',  ( 0.000000000000000000, -33.00000000000000000, 10.00000000000000000 ) ) ;
#4349 = EDGE_CURVE ( 'NONE', #2757, #3805, #2208, .T. ) ;
#4350 = VERTEX_POINT ( 'NONE', #2023 ) ;
#4351 = DIRECTION ( 'NONE',  ( 1.000000000000000000, 0.000000000000000000, 0.000000000000000000 ) ) ;
#4352 = CARTESIAN_POINT ( 'NONE',  ( 54.90000000000000568, 0.000000000000000000, 10.00000000000000000 ) ) ;
#4353 = DIRECTION ( 'NONE',  ( 1.000000000000000000, 0.000000000000000000, 0.000000000000000000 ) ) ;
#4354 = FACE_OUTER_BOUND ( 'NONE', #4433, .T. ) ;
#4355 = CARTESIAN_POINT ( 'NONE',  ( 40.49999999999999289, -24.99999999999998579, 9.000000000000000000 ) ) ;
#4356 = CARTESIAN_POINT ( 'NONE',  ( 71.60000000000000853, -23.60000000000000142, 10.00000000000000000 ) ) ;
#4357 = APPLICATION_CONTEXT ( 'automotive_design' ) ;
#4358 = VERTEX_POINT ( 'NONE', #2910 ) ;
#4359 = CARTESIAN_POINT ( 'NONE',  ( 24.99999999999998579, 8.500000000000010658, 10.00000000000000000 ) ) ;
#4360 = CARTESIAN_POINT ( 'NONE',  ( -97.80000000000001137, -8.900000000000000355, 0.000000000000000000 ) ) ;
#4361 = CARTESIAN_POINT ( 'NONE',  ( 56.40000000000000568, -9.400000000000000355, 10.00000000000000000 ) ) ;
#4362 = ORIENTED_EDGE ( 'NONE', *, *, #4565, .F. ) ;
#4363 = VECTOR ( 'NONE', #1929, 999.9999999999998863 ) ;
#4364 = VERTEX_POINT ( 'NONE', #2489 ) ;
#4365 = DIRECTION ( 'NONE',  ( -0.7071067811865475727, 0.000000000000000000, 0.7071067811865475727 ) ) ;
#4366 = ORIENTED_EDGE ( 'NONE', *, *, #5302, .F. ) ;
#4367 = VECTOR ( 'NONE', #3362, 1000.000000000000000 ) ;
#4368 = EDGE_CURVE ( 'NONE', #3025, #3805, #2088, .T. ) ;
#4369 = DIRECTION ( 'NONE',  ( -0.000000000000000000, -0.000000000000000000, -1.000000000000000000 ) ) ;
#4370 = DIRECTION ( 'NONE',  ( -0.000000000000000000, -0.000000000000000000, -1.000000000000000000 ) ) ;
#4371 = ORIENTED_EDGE ( 'NONE', *, *, #22, .T. ) ;
#4372 = VERTEX_POINT ( 'NONE', #5645 ) ;
#4373 = LINE ( 'NONE', #1586, #1460 ) ;
#4374 = AXIS2_PLACEMENT_3D ( 'NONE', #5069, #2914, #3795 ) ;
#4375 = AXIS2_PLACEMENT_3D ( 'NONE', #2125, #1777, #4915 ) ;
#4376 = LINE ( 'NONE', #3022, #4961 ) ;
#4377 = CIRCLE ( 'NONE', #2216, 8.000000000000000000 ) ;
#4378 = EDGE_CURVE ( 'NONE', #2059, #1670, #5118, .T. ) ;
#4379 = EDGE_CURVE ( 'NONE', #2238, #3319, #3824, .T. ) ;
#4380 = CIRCLE ( 'NONE', #717, 1.549999999999968070 ) ;
#4381 = DIRECTION ( 'NONE',  ( -0.000000000000000000, -0.000000000000000000, -1.000000000000000000 ) ) ;
#4382 = VECTOR ( 'NONE', #3009, 1000.000000000000000 ) ;
#4383 = AXIS2_PLACEMENT_3D ( 'NONE', #5508, #4213, #2805 ) ;
#4384 = ORIENTED_EDGE ( 'NONE', *, *, #3081, .T. ) ;
#4385 = ORIENTED_EDGE ( 'NONE', *, *, #4517, .T. ) ;
#4386 = DIRECTION ( 'NONE',  ( 0.000000000000000000, 1.000000000000000000, 0.000000000000000000 ) ) ;
#4387 = AXIS2_PLACEMENT_3D ( 'NONE', #3461, #4307, #3961 ) ;
#4388 = CIRCLE ( 'NONE', #2507, 8.000000000000000000 ) ;
#4389 = ORIENTED_EDGE ( 'NONE', *, *, #418, .T. ) ;
#4390 = EDGE_CURVE ( 'NONE', #2638, #1160, #4373, .T. ) ;
#4391 = DIRECTION ( 'NONE',  ( 0.000000000000000000, 0.000000000000000000, -1.000000000000000000 ) ) ;
#4392 = DIRECTION ( 'NONE',  ( 1.000000000000000000, 1.110223024625156787E-16, 0.000000000000000000 ) ) ;
#4393 = VECTOR ( 'NONE', #1328, 1000.000000000000000 ) ;
#4394 = CARTESIAN_POINT ( 'NONE',  ( -99.26714007511212401, -9.400000000000007461, 10.00000000000000000 ) ) ;
#4395 = EDGE_LOOP ( 'NONE', ( #2098, #2752, #2251, #5025 ) ) ;
#4396 = AXIS2_PLACEMENT_3D ( 'NONE', #5806, #1787, #5368 ) ;
#4397 = FACE_OUTER_BOUND ( 'NONE', #3405, .T. ) ;
#4398 = DIRECTION ( 'NONE',  ( -1.000000000000000000, 0.000000000000000000, 0.000000000000000000 ) ) ;
#4399 = CARTESIAN_POINT ( 'NONE',  ( 54.90000000000000568, 0.000000000000000000, 10.00000000000000000 ) ) ;
#4400 = VERTEX_POINT ( 'NONE', #344 ) ;
#4401 = AXIS2_PLACEMENT_3D ( 'NONE', #4967, #485, #5491 ) ;
#4402 = AXIS2_PLACEMENT_3D ( 'NONE', #2470, #4733, #2506 ) ;
#4403 = ORIENTED_EDGE ( 'NONE', *, *, #2123, .T. ) ;
#4404 = CARTESIAN_POINT ( 'NONE',  ( 0.000000000000000000, -23.60000000000000142, 10.00000000000000000 ) ) ;
#4405 = ORIENTED_EDGE ( 'NONE', *, *, #3, .F. ) ;
#4406 = CIRCLE ( 'NONE', #1024, 15.00000000000000000 ) ;
#4407 = DIRECTION ( 'NONE',  ( 0.000000000000000000, 1.000000000000000000, 0.000000000000000000 ) ) ;
#4408 = FACE_OUTER_BOUND ( 'NONE', #3760, .T. ) ;
#4409 = DIRECTION ( 'NONE',  ( -1.000000000000000000, 0.000000000000000000, 0.000000000000000000 ) ) ;
#4410 = EDGE_LOOP ( 'NONE', ( #2429, #4755, #5550, #217 ) ) ;
#4411 = VECTOR ( 'NONE', #393, 1000.000000000000000 ) ;
#4412 = ORIENTED_EDGE ( 'NONE', *, *, #3307, .T. ) ;
#4413 = CARTESIAN_POINT ( 'NONE',  ( -95.80000000000001137, 0.000000000000000000, 0.000000000000000000 ) ) ;
#4414 = EDGE_CURVE ( 'NONE', #2080, #525, #2529, .T. ) ;
#4415 = FACE_OUTER_BOUND ( 'NONE', #4434, .T. ) ;
#4416 = DIRECTION ( 'NONE',  ( -1.000000000000000000, 0.000000000000000000, 0.000000000000000000 ) ) ;
#4417 = ORIENTED_EDGE ( 'NONE', *, *, #3435, .T. ) ;
#4418 = EDGE_CURVE ( 'NONE', #1262, #439, #2775, .T. ) ;
#4419 = ORIENTED_EDGE ( 'NONE', *, *, #4761, .F. ) ;
#4420 = LINE ( 'NONE', #1306, #5790 ) ;
#4421 = ORIENTED_EDGE ( 'NONE', *, *, #3192, .F. ) ;
#4422 = CARTESIAN_POINT ( 'NONE',  ( 53.90000000000000568, -6.899999999999999467, 10.00000000000000000 ) ) ;
#4423 = CARTESIAN_POINT ( 'NONE',  ( 0.000000000000000000, 0.000000000000000000, 0.000000000000000000 ) ) ;
#4424 = CARTESIAN_POINT ( 'NONE',  ( 69.10000000000000853, -10.89999999999999858, 0.000000000000000000 ) ) ;
#4425 = ADVANCED_FACE ( 'NONE', ( #1201 ), #5171, .F. ) ;
#4426 = CARTESIAN_POINT ( 'NONE',  ( -97.30000000000001137, 0.000000000000000000, 10.00000000000000000 ) ) ;
#4427 = DIRECTION ( 'NONE',  ( -0.000000000000000000, -0.000000000000000000, -1.000000000000000000 ) ) ;
#4428 = B_SPLINE_CURVE_WITH_KNOTS ( 'NONE', 3,
 ( #1013, #4181, #5511, #2831 ),
 .UNSPECIFIED., .F., .F.,
 ( 4, 4 ),
 ( 0.000000000000000000, 0.001776873729390629703 ),
 .UNSPECIFIED. ) ;
#4429 = DIRECTION ( 'NONE',  ( 0.000000000000000000, 0.000000000000000000, 1.000000000000000000 ) ) ;
#4430 = CARTESIAN_POINT ( 'NONE',  ( 54.90000000000000568, -22.63285992488791365, 10.00000000000000000 ) ) ;
#4431 = EDGE_LOOP ( 'NONE', ( #3843, #763, #1981, #5686 ) ) ;
#4432 = ADVANCED_FACE ( 'NONE', ( #3433 ), #1144, .F. ) ;
#4433 = EDGE_LOOP ( 'NONE', ( #1326, #4691, #5433, #814 ) ) ;
#4434 = EDGE_LOOP ( 'NONE', ( #3479, #5474, #1172, #2406 ) ) ;
#4435 = CARTESIAN_POINT ( 'NONE',  ( 62.00000000000000000, -31.50000000000000711, 10.00000000000000000 ) ) ;
#4436 = CARTESIAN_POINT ( 'NONE',  ( 0.000000000000000000, 0.000000000000000000, 3.000000000000000000 ) ) ;
#4437 = CARTESIAN_POINT ( 'NONE',  ( 67.60000000000000853, 0.000000000000000000, 10.00000000000000000 ) ) ;
#4438 = DIRECTION ( 'NONE',  ( 0.000000000000000000, -0.000000000000000000, 1.000000000000000000 ) ) ;
#4439 = ORIENTED_EDGE ( 'NONE', *, *, #664, .F. ) ;
#4440 = ORIENTED_EDGE ( 'NONE', *, *, #3491, .T. ) ;
#4441 = CARTESIAN_POINT ( 'NONE',  ( 47.68227931540591413, -2.170927432046152017, 0.3290725679538384352 ) ) ;
#4442 = DIRECTION ( 'NONE',  ( -0.000000000000000000, 0.000000000000000000, -1.000000000000000000 ) ) ;
#4443 = LINE ( 'NONE', #5379, #4597 ) ;
#4444 = LINE ( 'NONE', #5734, #4589 ) ;
#4445 = EDGE_CURVE ( 'NONE', #784, #4287, #321, .T. ) ;
#4446 = VERTEX_POINT ( 'NONE', #4346 ) ;
#4447 = CARTESIAN_POINT ( 'NONE',  ( 0.000000000000000000, -24.60000000000000497, 10.00000000000000000 ) ) ;
#4448 = ORIENTED_EDGE ( 'NONE', *, *, #1573, .T. ) ;
#4449 = CARTESIAN_POINT ( 'NONE',  ( -99.80000000000001137, -24.59999999999999787, 10.00000000000000000 ) ) ;
#4450 = EDGE_CURVE ( 'NONE', #3694, #2059, #5705, .T. ) ;
#4451 = FACE_OUTER_BOUND ( 'NONE', #2534, .T. ) ;
#4452 = DIRECTION ( 'NONE',  ( -1.000000000000000000, 0.000000000000000000, 0.000000000000000000 ) ) ;
#4453 = PLANE ( 'NONE',  #56 ) ;
#4454 = LINE ( 'NONE', #386, #3161 ) ;
#4455 = EDGE_CURVE ( 'NONE', #639, #1192, #1300, .T. ) ;
#4456 = CARTESIAN_POINT ( 'NONE',  ( 76.65798675386800198, -1.842013246131978033, 9.342013246131967819 ) ) ;
#4457 = ORIENTED_EDGE ( 'NONE', *, *, #3513, .F. ) ;
#4458 = ORIENTED_EDGE ( 'NONE', *, *, #3850, .F. ) ;
#4459 = DIRECTION ( 'NONE',  ( 0.000000000000000000, -1.000000000000000000, 0.000000000000000000 ) ) ;
#4460 = CARTESIAN_POINT ( 'NONE',  ( 56.40000000000000568, 0.000000000000000000, 10.00000000000000000 ) ) ;
#4461 = CARTESIAN_POINT ( 'NONE',  ( 1.550000000000000488, -33.00000000000000000, 3.000000000000000000 ) ) ;
#4462 = CARTESIAN_POINT ( 'NONE',  ( -33.00000000000001421, -2.500000000000002220, 0.000000000000000000 ) ) ;
#4463 = ORIENTED_EDGE ( 'NONE', *, *, #3307, .F. ) ;
#4464 = CARTESIAN_POINT ( 'NONE',  ( 40.49999999999999289, -7.999999999999984901, 9.000000000000000000 ) ) ;
#4465 = DIRECTION ( 'NONE',  ( -1.000000000000000000, 0.000000000000000000, 0.000000000000000000 ) ) ;
#4466 = AXIS2_PLACEMENT_3D ( 'NONE', #2428, #5468, #4225 ) ;
#4467 = DIRECTION ( 'NONE',  ( -1.000000000000000000, 0.000000000000000000, 0.000000000000000000 ) ) ;
#4468 = AXIS2_PLACEMENT_3D ( 'NONE', #694, #2060, #3406 ) ;
#4469 = ORIENTED_EDGE ( 'NONE', *, *, #2889, .T. ) ;
#4470 = LINE ( 'NONE', #1385, #5130 ) ;
#4471 = EDGE_CURVE ( 'NONE', #3133, #3014, #4078, .T. ) ;
#4472 = VECTOR ( 'NONE', #291, 1000.000000000000000 ) ;
#4473 = VECTOR ( 'NONE', #3722, 1000.000000000000000 ) ;
#4474 = CIRCLE ( 'NONE', #4189, 1.549999999999968070 ) ;
#4475 = CARTESIAN_POINT ( 'NONE',  ( 32.99999999999998579, -39.50000000000000711, 10.00000000000000000 ) ) ;
#4476 =( NAMED_UNIT ( * ) SI_UNIT ( $, .STERADIAN. ) SOLID_ANGLE_UNIT ( ) );
#4477 = LINE ( 'NONE', #408, #1778 ) ;
#4478 = AXIS2_PLACEMENT_3D ( 'NONE', #579, #1084, #3825 ) ;
#4479 = AXIS2_PLACEMENT_3D ( 'NONE', #1071, #4661, #2478 ) ;
#4480 = CARTESIAN_POINT ( 'NONE',  ( -98.30000000000001137, -10.90000000000000391, 10.00000000000000000 ) ) ;
#4481 = EDGE_CURVE ( 'NONE', #5209, #3263, #3138, .T. ) ;
#4482 = LINE ( 'NONE', #1751, #2600 ) ;
#4483 = AXIS2_PLACEMENT_3D ( 'NONE', #2799, #3231, #3877 ) ;
#4484 = FACE_OUTER_BOUND ( 'NONE', #5141, .T. ) ;
#4485 = CIRCLE ( 'NONE', #621, 1.549999999999995826 ) ;
#4486 = VECTOR ( 'NONE', #92, 1000.000000000000114 ) ;
#4487 = CARTESIAN_POINT ( 'NONE',  ( 76.31220805098151061, -2.187791949018459636, 9.676205066172586911 ) ) ;
#4488 = VERTEX_POINT ( 'NONE', #4464 ) ;
#4489 = ORIENTED_EDGE ( 'NONE', *, *, #3219, .T. ) ;
#4490 = ORIENTED_EDGE ( 'NONE', *, *, #3395, .T. ) ;
#4491 = EDGE_CURVE ( 'NONE', #4603, #4302, #4740, .T. ) ;
#4492 = PLANE ( 'NONE',  #1660 ) ;
#4493 = CARTESIAN_POINT ( 'NONE',  ( -112.8000000000000114, -16.50000000000000000, 0.000000000000000000 ) ) ;
#4494 = VECTOR ( 'NONE', #4416, 1000.000000000000000 ) ;
#4495 = VECTOR ( 'NONE', #4799, 1000.000000000000000 ) ;
#4496 = LINE ( 'NONE', #1817, #1785 ) ;
#4497 = CARTESIAN_POINT ( 'NONE',  ( 0.000000000000000000, -8.399999999999998579, 0.000000000000000000 ) ) ;
#4498 = VERTEX_POINT ( 'NONE', #2646 ) ;
#4499 = DIRECTION ( 'NONE',  ( 0.000000000000000000, 1.000000000000000000, -0.000000000000000000 ) ) ;
#4500 = ADVANCED_FACE ( 'NONE', ( #4931 ), #5354, .F. ) ;
#4501 = LINE ( 'NONE', #4057, #362 ) ;
#4502 = ORIENTED_EDGE ( 'NONE', *, *, #5349, .F. ) ;
#4503 = AXIS2_PLACEMENT_3D ( 'NONE', #4524, #937, #3171 ) ;
#4504 = AXIS2_PLACEMENT_3D ( 'NONE', #5801, #1746, #5338 ) ;
#4505 = CARTESIAN_POINT ( 'NONE',  ( -98.30000000000001137, -6.900000000000000355, 0.000000000000000000 ) ) ;
#4506 = VECTOR ( 'NONE', #4228, 1000.000000000000000 ) ;
#4507 = ORIENTED_EDGE ( 'NONE', *, *, #4724, .T. ) ;
#4508 = DIRECTION ( 'NONE',  ( -0.000000000000000000, 0.000000000000000000, -1.000000000000000000 ) ) ;
#4509 = ORIENTED_EDGE ( 'NONE', *, *, #1334, .F. ) ;
#4510 = LINE ( 'NONE', #2241, #1018 ) ;
#4511 = CARTESIAN_POINT ( 'NONE',  ( 0.000000000000000000, -10.89999999999999858, 0.000000000000000000 ) ) ;
#4512 = DIRECTION ( 'NONE',  ( -0.000000000000000000, -0.000000000000000000, -1.000000000000000000 ) ) ;
#4513 = CYLINDRICAL_SURFACE ( 'NONE', #4291, 1.550000000000000488 ) ;
#4514 = DIRECTION ( 'NONE',  ( 1.000000000000000000, 0.000000000000000000, 0.000000000000000000 ) ) ;
#4515 = EDGE_CURVE ( 'NONE', #273, #4614, #397, .T. ) ;
#4516 = ORIENTED_EDGE ( 'NONE', *, *, #2242, .T. ) ;
#4517 = EDGE_CURVE ( 'NONE', #2046, #365, #909, .T. ) ;
#4518 = ORIENTED_EDGE ( 'NONE', *, *, #5747, .T. ) ;
#4519 = ORIENTED_EDGE ( 'NONE', *, *, #3901, .F. ) ;
#4520 = DIRECTION ( 'NONE',  ( 0.000000000000000000, -0.000000000000000000, 1.000000000000000000 ) ) ;
#4521 = PLANE ( 'NONE',  #2870 ) ;
#4522 = LINE ( 'NONE', #1454, #81 ) ;
#4523 = EDGE_CURVE ( 'NONE', #3019, #2365, #2737, .T. ) ;
#4524 = CARTESIAN_POINT ( 'NONE',  ( 62.00000000000000000, -1.500000000000008216, 10.00000000000000000 ) ) ;
#4525 = VERTEX_POINT ( 'NONE', #4030 ) ;
#4526 = CARTESIAN_POINT ( 'NONE',  ( -96.33285992488789873, -23.59999999999999432, 0.000000000000000000 ) ) ;
#4527 = DIRECTION ( 'NONE',  ( 0.000000000000000000, -0.000000000000000000, 1.000000000000000000 ) ) ;
#4528 = CARTESIAN_POINT ( 'NONE',  ( 40.49999999999999289, -16.49999999999998579, 0.000000000000000000 ) ) ;
#4529 = EDGE_CURVE ( 'NONE', #3377, #3805, #4906, .T. ) ;
#4530 = ORIENTED_EDGE ( 'NONE', *, *, #1859, .F. ) ;
#4531 = CARTESIAN_POINT ( 'NONE',  ( 76.99999999999998579, -1.500000000000006439, 8.999999999999996447 ) ) ;
#4532 = ORIENTED_EDGE ( 'NONE', *, *, #2351, .F. ) ;
#4533 = EDGE_CURVE ( 'NONE', #2263, #4686, #2705, .T. ) ;
#4534 = DIRECTION ( 'NONE',  ( 0.000000000000000000, -0.7071067811865378028, -0.7071067811865573427 ) ) ;
#4535 = DIRECTION ( 'NONE',  ( -0.000000000000000000, -0.000000000000000000, -1.000000000000000000 ) ) ;
#4536 = CARTESIAN_POINT ( 'NONE',  ( -97.30000000000001137, -26.09999999999999787, 10.00000000000000000 ) ) ;
#4537 = FACE_OUTER_BOUND ( 'NONE', #302, .T. ) ;
#4538 = FACE_OUTER_BOUND ( 'NONE', #2167, .T. ) ;
#4539 = VERTEX_POINT ( 'NONE', #5820 ) ;
#4540 = EDGE_LOOP ( 'NONE', ( #4507, #3474, #1598, #2936 ) ) ;
#4541 = ORIENTED_EDGE ( 'NONE', *, *, #5680, .F. ) ;
#4542 = DIRECTION ( 'NONE',  ( -0.000000000000000000, -0.000000000000000000, 1.000000000000000000 ) ) ;
#4543 = EDGE_CURVE ( 'NONE', #2281, #666, #1551, .T. ) ;
#4544 = LINE ( 'NONE', #2835, #5131 ) ;
#4545 = PLANE ( 'NONE',  #3278 ) ;
#4546 = CARTESIAN_POINT ( 'NONE',  ( 32.99999999999998579, -30.50000000000000711, 0.000000000000000000 ) ) ;
#4547 = ORIENTED_EDGE ( 'NONE', *, *, #993, .F. ) ;
#4548 = FACE_BOUND ( 'NONE', #3500, .T. ) ;
#4549 = CARTESIAN_POINT ( 'NONE',  ( 52.40000000000000568, -8.400000000000000355, 10.00000000000000000 ) ) ;
#4550 = DIRECTION ( 'NONE',  ( 0.7071067811865487940, 0.000000000000000000, 0.7071067811865463515 ) ) ;
#4551 = VERTEX_POINT ( 'NONE', #1796 ) ;
#4552 = EDGE_CURVE ( 'NONE', #1160, #1267, #2618, .T. ) ;
#4553 = DIRECTION ( 'NONE',  ( 0.000000000000000000, -0.000000000000000000, -1.000000000000000000 ) ) ;
#4554 = ORIENTED_EDGE ( 'NONE', *, *, #4342, .F. ) ;
#4555 = FACE_OUTER_BOUND ( 'NONE', #284, .T. ) ;
#4556 = VECTOR ( 'NONE', #4971, 1000.000000000000000 ) ;
#4557 = DIRECTION ( 'NONE',  ( -0.7071067811865475727, -0.000000000000000000, -0.7071067811865475727 ) ) ;
#4558 = EDGE_CURVE ( 'NONE', #186, #1661, #373, .T. ) ;
#4559 = VERTEX_POINT ( 'NONE', #4526 ) ;
#4560 = CIRCLE ( 'NONE', #3238, 9.500000000000008882 ) ;
#4561 = CARTESIAN_POINT ( 'NONE',  ( 71.06714007511209275, -23.60000000000000142, 10.00000000000000000 ) ) ;
#4562 = DIRECTION ( 'NONE',  ( -0.000000000000000000, -0.000000000000000000, 1.000000000000000000 ) ) ;
#4563 = VECTOR ( 'NONE', #1808, 1000.000000000000000 ) ;
#4564 = AXIS2_PLACEMENT_3D ( 'NONE', #4493, #2641, #1293 ) ;
#4565 = EDGE_CURVE ( 'NONE', #3026, #1674, #16, .T. ) ;
#4566 = CARTESIAN_POINT ( 'NONE',  ( 40.49999999999999289, -6.999999999999984013, 10.00000000000000000 ) ) ;
#4567 = LINE ( 'NONE', #3636, #5797 ) ;
#4568 = CIRCLE ( 'NONE', #54, 1.549999999999954081 ) ;
#4569 = DIRECTION ( 'NONE',  ( 0.000000000000000000, -0.000000000000000000, 1.000000000000000000 ) ) ;
#4570 = VECTOR ( 'NONE', #570, 1000.000000000000000 ) ;
#4571 = VECTOR ( 'NONE', #3102, 1000.000000000000000 ) ;
#4572 = ORIENTED_EDGE ( 'NONE', *, *, #3818, .T. ) ;
#4573 = ORIENTED_EDGE ( 'NONE', *, *, #1433, .F. ) ;
#4574 = ORIENTED_EDGE ( 'NONE', *, *, #3928, .T. ) ;
#4575 = DIRECTION ( 'NONE',  ( 0.000000000000000000, -0.000000000000000000, -1.000000000000000000 ) ) ;
#4576 = CIRCLE ( 'NONE', #2974, 8.000000000000000000 ) ;
#4577 = DIRECTION ( 'NONE',  ( -1.000000000000000000, 0.000000000000000000, 0.000000000000000000 ) ) ;
#4578 = CARTESIAN_POINT ( 'NONE',  ( 76.99999999999998579, -16.50000000000000711, 10.00000000000000000 ) ) ;
#4579 = VERTEX_POINT ( 'NONE', #3995 ) ;
#4580 = DIRECTION ( 'NONE',  ( -1.000000000000000000, 0.000000000000000000, 0.000000000000000000 ) ) ;
#4581 = ORIENTED_EDGE ( 'NONE', *, *, #1918, .F. ) ;
#4582 = CARTESIAN_POINT ( 'NONE',  ( 56.40000000000000568, 0.000000000000000000, 10.00000000000000000 ) ) ;
#4583 = EDGE_CURVE ( 'NONE', #3409, #4721, #3155, .T. ) ;
#4584 = LINE ( 'NONE', #2313, #2384 ) ;
#4585 = VECTOR ( 'NONE', #2156, 1000.000000000000000 ) ;
#4586 = DIRECTION ( 'NONE',  ( 1.000000000000000000, 0.000000000000000000, 0.000000000000000000 ) ) ;
#4587 = EDGE_CURVE ( 'NONE', #5704, #980, #1848, .T. ) ;
#4588 = ORIENTED_EDGE ( 'NONE', *, *, #3192, .T. ) ;
#4589 = VECTOR ( 'NONE', #2672, 1000.000000000000000 ) ;
#4590 = DIRECTION ( 'NONE',  ( -0.000000000000000000, -0.000000000000000000, -1.000000000000000000 ) ) ;
#4591 = DIRECTION ( 'NONE',  ( -0.000000000000000000, 0.000000000000000000, 1.000000000000000000 ) ) ;
#4592 = ORIENTED_EDGE ( 'NONE', *, *, #453, .T. ) ;
#4593 = AXIS2_PLACEMENT_3D ( 'NONE', #4887, #4910, #831 ) ;
#4594 = LINE ( 'NONE', #1912, #3076 ) ;
#4595 = EDGE_CURVE ( 'NONE', #3196, #5353, #1930, .T. ) ;
#4596 = PLANE ( 'NONE',  #2780 ) ;
#4597 = VECTOR ( 'NONE', #1798, 1000.000000000000000 ) ;
#4598 = CARTESIAN_POINT ( 'NONE',  ( 47.00000000000001421, -31.50000000000000711, 8.999999999999996447 ) ) ;
#4599 = CYLINDRICAL_SURFACE ( 'NONE', #5503, 1.549999999999968070 ) ;
#4600 = CARTESIAN_POINT ( 'NONE',  ( -98.30000000000001137, -22.63285992488788523, 10.00000000000000000 ) ) ;
#4601 = EDGE_CURVE ( 'NONE', #2645, #68, #463, .T. ) ;
#4602 = VERTEX_POINT ( 'NONE', #2943 ) ;
#4603 = VERTEX_POINT ( 'NONE', #3250 ) ;
#4604 = DIRECTION ( 'NONE',  ( -0.000000000000000000, 0.000000000000000000, 1.000000000000000000 ) ) ;
#4605 = CARTESIAN_POINT ( 'NONE',  ( -97.80000000000001137, -24.10000000000000497, 10.00000000000000000 ) ) ;
#4606 = ADVANCED_FACE ( 'NONE', ( #2447 ), #4735, .F. ) ;
#4607 = ORIENTED_EDGE ( 'NONE', *, *, #3108, .F. ) ;
#4608 = DIRECTION ( 'NONE',  ( 1.000000000000000000, -2.238352872228144383E-15, 0.000000000000000000 ) ) ;
#4609 = EDGE_LOOP ( 'NONE', ( #598, #306, #4530, #1344 ) ) ;
#4610 = CARTESIAN_POINT ( 'NONE',  ( 76.99999999999998579, -16.50000000000000711, 0.000000000000000000 ) ) ;
#4611 = DIRECTION ( 'NONE',  ( 1.000000000000000000, 1.110223024625156787E-16, 0.000000000000000000 ) ) ;
#4612 = VERTEX_POINT ( 'NONE', #711 ) ;
#4613 = DIRECTION ( 'NONE',  ( -1.000000000000000000, 0.000000000000000000, 0.000000000000000000 ) ) ;
#4614 = VERTEX_POINT ( 'NONE', #5466 ) ;
#4615 = DIRECTION ( 'NONE',  ( 1.000000000000000000, 0.000000000000000000, 0.000000000000000000 ) ) ;
#4616 = ORIENTED_EDGE ( 'NONE', *, *, #5068, .T. ) ;
#4617 = EDGE_CURVE ( 'NONE', #1640, #1527, #5595, .T. ) ;
#4618 = CARTESIAN_POINT ( 'NONE',  ( -95.80000000000001137, -24.59999999999999787, 10.00000000000000000 ) ) ;
#4619 = ORIENTED_EDGE ( 'NONE', *, *, #267, .T. ) ;
#4620 = CARTESIAN_POINT ( 'NONE',  ( 52.93285992488791436, -24.60000000000000497, 10.00000000000000000 ) ) ;
#4621 = DIRECTION ( 'NONE',  ( -1.000000000000000000, 0.000000000000000000, 0.000000000000000000 ) ) ;
#4622 = EDGE_CURVE ( 'NONE', #666, #722, #2310, .T. ) ;
#4623 = CARTESIAN_POINT ( 'NONE',  ( -22.16666666666671759, 5.666666666666599461, 11.83333333333341031 ) ) ;
#4624 = CARTESIAN_POINT ( 'NONE',  ( -3.250000000000000444, 0.000000000000000000, 3.000000000000000000 ) ) ;
#4625 = VECTOR ( 'NONE', #2491, 1000.000000000000000 ) ;
#4626 = ORIENTED_EDGE ( 'NONE', *, *, #1514, .T. ) ;
#4627 = ORIENTED_EDGE ( 'NONE', *, *, #2820, .F. ) ;
#4628 = LINE ( 'NONE', #4131, #3162 ) ;
#4629 = ADVANCED_FACE ( 'NONE', ( #103 ), #4242, .F. ) ;
#4630 = FACE_OUTER_BOUND ( 'NONE', #3119, .T. ) ;
#4631 = LINE ( 'NONE', #1107, #824 ) ;
#4632 = VERTEX_POINT ( 'NONE', #5157 ) ;
#4633 = CARTESIAN_POINT ( 'NONE',  ( 52.40000000000000568, -24.60000000000000497, 10.00000000000000000 ) ) ;
#4634 = ORIENTED_EDGE ( 'NONE', *, *, #2284, .T. ) ;
#4635 = PLANE ( 'NONE',  #506 ) ;
#4636 = EDGE_CURVE ( 'NONE', #2637, #2811, #265, .T. ) ;
#4637 = CARTESIAN_POINT ( 'NONE',  ( 54.90000000000000568, -26.10000000000000142, 10.00000000000000000 ) ) ;
#4638 = ORIENTED_EDGE ( 'NONE', *, *, #4617, .T. ) ;
#4639 = CARTESIAN_POINT ( 'NONE',  ( 52.93285992488791436, -23.60000000000000142, 10.00000000000000000 ) ) ;
#4640 = CARTESIAN_POINT ( 'NONE',  ( -84.49999999999998579, -16.50000000000000000, 0.000000000000000000 ) ) ;
#4641 = ORIENTED_EDGE ( 'NONE', *, *, #27, .F. ) ;
#4642 = AXIS2_PLACEMENT_3D ( 'NONE', #1701, #2106, #3399 ) ;
#4643 = DIRECTION ( 'NONE',  ( -1.000000000000000000, -1.110223024625156787E-16, 0.000000000000000000 ) ) ;
#4644 = CARTESIAN_POINT ( 'NONE',  ( 75.96142399166001269, -2.538576008339967771, 10.00000000000000000 ) ) ;
#4645 = ADVANCED_FACE ( 'NONE', ( #4111 ), #4994, .F. ) ;
#4646 = ORIENTED_EDGE ( 'NONE', *, *, #18, .T. ) ;
#4647 = LINE ( 'NONE', #5453, #2314 ) ;
#4648 = VECTOR ( 'NONE', #2259, 1000.000000000000000 ) ;
#4649 = CARTESIAN_POINT ( 'NONE',  ( 0.000000000000000000, 0.000000000000000000, 3.000000000000000000 ) ) ;
#4650 = CARTESIAN_POINT ( 'NONE',  ( 71.06714007511209275, -8.399999999999998579, 10.00000000000000000 ) ) ;
#4651 = ORIENTED_EDGE ( 'NONE', *, *, #5535, .T. ) ;
#4652 = VECTOR ( 'NONE', #3711, 1000.000000000000000 ) ;
#4653 = EDGE_CURVE ( 'NONE', #3392, #3378, #5779, .T. ) ;
#4654 = ORIENTED_EDGE ( 'NONE', *, *, #4693, .F. ) ;
#4655 = ORIENTED_EDGE ( 'NONE', *, *, #4091, .T. ) ;
#4656 = DIRECTION ( 'NONE',  ( 0.000000000000000000, 1.000000000000000000, 0.000000000000000000 ) ) ;
#4657 = DIRECTION ( 'NONE',  ( -0.000000000000000000, -0.000000000000000000, -1.000000000000000000 ) ) ;
#4658 = AXIS2_PLACEMENT_3D ( 'NONE', #2742, #4557, #5384 ) ;
#4659 = AXIS2_PLACEMENT_3D ( 'NONE', #2660, #1697, #4398 ) ;
#4660 = AXIS2_PLACEMENT_3D ( 'NONE', #1403, #2191, #3166 ) ;
#4661 = DIRECTION ( 'NONE',  ( 0.000000000000000000, -0.000000000000000000, -1.000000000000000000 ) ) ;
#4662 = ORIENTED_EDGE ( 'NONE', *, *, #1030, .T. ) ;
#4663 = EDGE_CURVE ( 'NONE', #2433, #3391, #1571, .T. ) ;
#4664 = ORIENTED_EDGE ( 'NONE', *, *, #4349, .T. ) ;
#4665 = VECTOR ( 'NONE', #1251, 1000.000000000000000 ) ;
#4666 = DIRECTION ( 'NONE',  ( 1.000000000000000000, 2.238352872228184220E-15, 0.000000000000000000 ) ) ;
#4667 = ORIENTED_EDGE ( 'NONE', *, *, #1284, .T. ) ;
#4668 = FACE_OUTER_BOUND ( 'NONE', #3240, .T. ) ;
#4669 = EDGE_CURVE ( 'NONE', #1434, #68, #5124, .T. ) ;
#4670 = ORIENTED_EDGE ( 'NONE', *, *, #1738, .F. ) ;
#4671 = VERTEX_POINT ( 'NONE', #5180 ) ;
#4672 = FACE_OUTER_BOUND ( 'NONE', #1232, .T. ) ;
#4673 = DIRECTION ( 'NONE',  ( 1.000000000000000000, 0.000000000000000000, -0.000000000000000000 ) ) ;
#4674 = ORIENTED_EDGE ( 'NONE', *, *, #5383, .T. ) ;
#4675 = CIRCLE ( 'NONE', #4503, 13.99999999999998401 ) ;
#4676 = CONICAL_SURFACE ( 'NONE', #2056, 8.500000000000000000, 0.7853981633974482790 ) ;
#4677 = VERTEX_POINT ( 'NONE', #964 ) ;
#4678 = LINE ( 'NONE', #647, #4006 ) ;
#4679 = VECTOR ( 'NONE', #2109, 1000.000000000000000 ) ;
#4680 = DIRECTION ( 'NONE',  ( -0.000000000000000000, -0.000000000000000000, -1.000000000000000000 ) ) ;
#4681 = DIRECTION ( 'NONE',  ( -0.000000000000000000, -0.000000000000000000, -1.000000000000000000 ) ) ;
#4682 = CARTESIAN_POINT ( 'NONE',  ( -25.00000000000001421, 8.500000000000010658, 1.000000000000000888 ) ) ;
#4683 = ORIENTED_EDGE ( 'NONE', *, *, #1146, .T. ) ;
#4684 = VECTOR ( 'NONE', #4340, 1000.000000000000000 ) ;
#4685 = CARTESIAN_POINT ( 'NONE',  ( 54.90000000000000568, 0.000000000000000000, 10.00000000000000000 ) ) ;
#4686 = VERTEX_POINT ( 'NONE', #3839 ) ;
#4687 = ORIENTED_EDGE ( 'NONE', *, *, #868, .F. ) ;
#4688 = CARTESIAN_POINT ( 'NONE',  ( 69.10000000000000853, -10.36714007511208635, 10.00000000000000000 ) ) ;
#4689 = ADVANCED_FACE ( 'NONE', ( #2009, #3802, #681, #1410, #1131, #3678, #5020, #990, #4548, #2786 ), #653, .F. ) ;
#4690 = EDGE_CURVE ( 'NONE', #4758, #1130, #4560, .T. ) ;
#4691 = ORIENTED_EDGE ( 'NONE', *, *, #2164, .F. ) ;
#4692 = DIRECTION ( 'NONE',  ( 0.000000000000000000, -0.000000000000000000, -1.000000000000000000 ) ) ;
#4693 = EDGE_CURVE ( 'NONE', #2365, #4859, #2862, .T. ) ;
#4694 = CARTESIAN_POINT ( 'NONE',  ( 75.96142399166002690, -30.46142399166004822, 10.00000000000000000 ) ) ;
#4695 = ORIENTED_EDGE ( 'NONE', *, *, #2414, .T. ) ;
#4696 = ORIENTED_EDGE ( 'NONE', *, *, #4936, .T. ) ;
#4697 = LINE ( 'NONE', #5195, #1368 ) ;
#4698 = DIRECTION ( 'NONE',  ( 0.000000000000000000, -1.000000000000000000, 0.000000000000000000 ) ) ;
#4699 = B_SPLINE_CURVE_WITH_KNOTS ( 'NONE', 3,
 ( #2247, #4487, #4456, #5393 ),
 .UNSPECIFIED., .F., .F.,
 ( 4, 4 ),
 ( 0.000000000000000000, 0.001776873729390670035 ),
 .UNSPECIFIED. ) ;
#4700 = ORIENTED_EDGE ( 'NONE', *, *, #5706, .T. ) ;
#4701 = EDGE_CURVE ( 'NONE', #897, #503, #2071, .T. ) ;
#4702 = ORIENTED_EDGE ( 'NONE', *, *, #3876, .T. ) ;
#4703 = LINE ( 'NONE', #4262, #3723 ) ;
#4704 = PLANE ( 'NONE',  #1007 ) ;
#4705 = EDGE_CURVE ( 'NONE', #932, #3314, #5034, .T. ) ;
#4706 = CARTESIAN_POINT ( 'NONE',  ( 67.60000000000000853, -24.60000000000000497, 10.00000000000000000 ) ) ;
#4707 = DIRECTION ( 'NONE',  ( 1.000000000000000000, 0.000000000000000000, 0.000000000000000000 ) ) ;
#4708 = DIRECTION ( 'NONE',  ( -1.000000000000000000, 0.000000000000000000, 0.000000000000000000 ) ) ;
#4709 = EDGE_LOOP ( 'NONE', ( #4619, #4808, #2606, #5085, #5614 ) ) ;
#4710 = DIRECTION ( 'NONE',  ( 1.000000000000000000, 0.000000000000000000, 0.000000000000000000 ) ) ;
#4711 = VERTEX_POINT ( 'NONE', #5276 ) ;
#4712 = EDGE_LOOP ( 'NONE', ( #4218, #692, #1057, #4573 ) ) ;
#4713 = DIRECTION ( 'NONE',  ( 0.000000000000000000, -0.000000000000000000, -1.000000000000000000 ) ) ;
#4714 = CARTESIAN_POINT ( 'NONE',  ( 69.10000000000000853, -22.10000000000000142, 10.00000000000000000 ) ) ;
#4715 = DIRECTION ( 'NONE',  ( 0.000000000000000000, -0.000000000000000000, -1.000000000000000000 ) ) ;
#4716 = VERTEX_POINT ( 'NONE', #2631 ) ;
#4717 = ORIENTED_EDGE ( 'NONE', *, *, #1573, .F. ) ;
#4718 = LINE ( 'NONE', #690, #3234 ) ;
#4719 = EDGE_CURVE ( 'NONE', #4614, #655, #2184, .T. ) ;
#4720 = DIRECTION ( 'NONE',  ( -0.000000000000000000, -0.000000000000000000, 1.000000000000000000 ) ) ;
#4721 = VERTEX_POINT ( 'NONE', #2658 ) ;
#4722 = VERTEX_POINT ( 'NONE', #1246 ) ;
#4723 = DIRECTION ( 'NONE',  ( -0.000000000000000000, -0.000000000000000000, -1.000000000000000000 ) ) ;
#4724 = EDGE_CURVE ( 'NONE', #1537, #897, #2689, .T. ) ;
#4725 = FACE_OUTER_BOUND ( 'NONE', #2258, .T. ) ;
#4726 = LINE ( 'NONE', #697, #4199 ) ;
#4727 = EDGE_CURVE ( 'NONE', #4603, #3203, #2130, .T. ) ;
#4728 = VERTEX_POINT ( 'NONE', #5655 ) ;
#4729 = LINE ( 'NONE', #4794, #4283 ) ;
#4730 = DIRECTION ( 'NONE',  ( -0.000000000000000000, -0.000000000000000000, -1.000000000000000000 ) ) ;
#4731 = CARTESIAN_POINT ( 'NONE',  ( 0.000000000000000000, -9.399999999999998579, 10.00000000000000000 ) ) ;
#4732 = DIRECTION ( 'NONE',  ( -0.000000000000000000, -0.000000000000000000, -1.000000000000000000 ) ) ;
#4733 = DIRECTION ( 'NONE',  ( -0.000000000000000000, 0.000000000000000000, 1.000000000000000000 ) ) ;
#4734 = EDGE_CURVE ( 'NONE', #1028, #1143, #4747, .T. ) ;
#4735 = PLANE ( 'NONE',  #2490 ) ;
#4736 = ORIENTED_EDGE ( 'NONE', *, *, #2735, .T. ) ;
#4737 = VECTOR ( 'NONE', #1055, 1000.000000000000000 ) ;
#4738 = DIRECTION ( 'NONE',  ( -0.000000000000000000, -0.000000000000000000, -1.000000000000000000 ) ) ;
#4739 = PLANE ( 'NONE',  #5512 ) ;
#4740 = CIRCLE ( 'NONE', #3903, 1.549999999999995826 ) ;
#4741 = CARTESIAN_POINT ( 'NONE',  ( -95.80000000000001137, -8.400000000000005684, 10.00000000000000000 ) ) ;
#4742 = CONICAL_SURFACE ( 'NONE', #3811, 9.000000000000001776, 0.7853981633974482790 ) ;
#4743 = ORIENTED_EDGE ( 'NONE', *, *, #4856, .F. ) ;
#4744 = ORIENTED_EDGE ( 'NONE', *, *, #58, .T. ) ;
#4745 = LINE ( 'NONE', #2576, #893 ) ;
#4746 = EDGE_LOOP ( 'NONE', ( #5012, #920, #4638, #2577 ) ) ;
#4747 = CIRCLE ( 'NONE', #325, 14.00000000000001243 ) ;
#4748 = CONICAL_SURFACE ( 'NONE', #427, 14.00000000000006750, 0.7853981633974405074 ) ;
#4749 = CIRCLE ( 'NONE', #430, 15.00000000000000000 ) ;
#4750 = DIRECTION ( 'NONE',  ( 1.000000000000000000, 0.000000000000000000, 0.000000000000000000 ) ) ;
#4751 = PLANE ( 'NONE',  #1010 ) ;
#4752 = EDGE_CURVE ( 'NONE', #4446, #50, #3487, .T. ) ;
#4753 = VECTOR ( 'NONE', #5827, 1000.000000000000000 ) ;
#4754 = VECTOR ( 'NONE', #3193, 1000.000000000000000 ) ;
#4755 = ORIENTED_EDGE ( 'NONE', *, *, #2102, .F. ) ;
#4756 = ORIENTED_EDGE ( 'NONE', *, *, #23, .F. ) ;
#4757 = DIRECTION ( 'NONE',  ( -0.000000000000000000, -0.000000000000000000, -1.000000000000000000 ) ) ;
#4758 = VERTEX_POINT ( 'NONE', #358 ) ;
#4759 = CIRCLE ( 'NONE', #2603, 9.000000000000001776 ) ;
#4760 = CIRCLE ( 'NONE', #2316, 15.00000000000000000 ) ;
#4761 = EDGE_CURVE ( 'NONE', #3822, #4226, #5743, .T. ) ;
#4762 = ADVANCED_FACE ( 'NONE', ( #2097 ), #2158, .F. ) ;
#4763 = ORIENTED_EDGE ( 'NONE', *, *, #388, .T. ) ;
#4764 = LINE ( 'NONE', #2624, #3341 ) ;
#4765 = DIRECTION ( 'NONE',  ( 0.000000000000000000, 1.000000000000000000, 0.000000000000000000 ) ) ;
#4766 = DIRECTION ( 'NONE',  ( 0.000000000000000000, -0.000000000000000000, -1.000000000000000000 ) ) ;
#4767 = CIRCLE ( 'NONE', #1389, 3.250000000000000444 ) ;
#4768 = ADVANCED_FACE ( 'NONE', ( #1747 ), #2540, .T. ) ;
#4769 = CARTESIAN_POINT ( 'NONE',  ( -93.00000000000000000, -16.50000000000000000, 1.000000000000000888 ) ) ;
#4770 = DIRECTION ( 'NONE',  ( -0.000000000000000000, 0.000000000000000000, -1.000000000000000000 ) ) ;
#4771 = LINE ( 'NONE', #3926, #4183 ) ;
#4772 = AXIS2_PLACEMENT_3D ( 'NONE', #5401, #4580, #1348 ) ;
#4773 = ORIENTED_EDGE ( 'NONE', *, *, #1100, .F. ) ;
#4774 = ORIENTED_EDGE ( 'NONE', *, *, #27, .T. ) ;
#4775 = ORIENTED_EDGE ( 'NONE', *, *, #3478, .T. ) ;
#4776 = FACE_OUTER_BOUND ( 'NONE', #2857, .T. ) ;
#4777 = FACE_OUTER_BOUND ( 'NONE', #1699, .T. ) ;
#4778 = EDGE_CURVE ( 'NONE', #3314, #666, #5395, .T. ) ;
#4779 = CIRCLE ( 'NONE', #2244, 14.99999999999998579 ) ;
#4780 = FACE_OUTER_BOUND ( 'NONE', #3180, .T. ) ;
#4781 = ORIENTED_EDGE ( 'NONE', *, *, #1123, .F. ) ;
#4782 = ORIENTED_EDGE ( 'NONE', *, *, #3296, .T. ) ;
#4783 = CARTESIAN_POINT ( 'NONE',  ( 62.00000000000000000, -1.500000000000008216, 8.999999999999996447 ) ) ;
#4784 = ORIENTED_EDGE ( 'NONE', *, *, #4044, .F. ) ;
#4785 = EDGE_CURVE ( 'NONE', #2343, #5647, #3631, .T. ) ;
#4786 = DIRECTION ( 'NONE',  ( -0.000000000000000000, -0.000000000000000000, -1.000000000000000000 ) ) ;
#4787 = DIRECTION ( 'NONE',  ( -0.000000000000000000, 0.000000000000000000, 1.000000000000000000 ) ) ;
#4788 = ORIENTED_EDGE ( 'NONE', *, *, #1387, .T. ) ;
#4789 = ORIENTED_EDGE ( 'NONE', *, *, #1823, .T. ) ;
#4790 = DIRECTION ( 'NONE',  ( 0.000000000000000000, -0.000000000000000000, -1.000000000000000000 ) ) ;
#4791 = LINE ( 'NONE', #696, #4625 ) ;
#4792 = CYLINDRICAL_SURFACE ( 'NONE', #3368, 1.550000000000000488 ) ;
#4793 = ORIENTED_EDGE ( 'NONE', *, *, #2464, .T. ) ;
#4794 = CARTESIAN_POINT ( 'NONE',  ( 53.90000000000000568, -22.10000000000000142, 10.00000000000000000 ) ) ;
#4795 = EDGE_CURVE ( 'NONE', #1952, #503, #1276, .T. ) ;
#4796 = PLANE ( 'NONE',  #1195 ) ;
#4797 = CARTESIAN_POINT ( 'NONE',  ( 23.99999999999998579, 6.499999999999992006, 10.00000000000000000 ) ) ;
#4798 = DIRECTION ( 'NONE',  ( 1.000000000000000000, 0.000000000000000000, 0.000000000000000000 ) ) ;
#4799 = DIRECTION ( 'NONE',  ( 0.7071067811865463515, 8.659560562354918067E-17, -0.7071067811865487940 ) ) ;
#4800 = DIRECTION ( 'NONE',  ( -0.000000000000000000, -0.000000000000000000, -1.000000000000000000 ) ) ;
#4801 = ORIENTED_EDGE ( 'NONE', *, *, #5824, .T. ) ;
#4802 = EDGE_CURVE ( 'NONE', #3949, #1262, #4771, .T. ) ;
#4803 = ORIENTED_EDGE ( 'NONE', *, *, #1729, .F. ) ;
#4804 = LINE ( 'NONE', #4359, #328 ) ;
#4805 = DIRECTION ( 'NONE',  ( 0.000000000000000000, 0.000000000000000000, -1.000000000000000000 ) ) ;
#4806 = CARTESIAN_POINT ( 'NONE',  ( 71.60000000000000853, -8.399999999999998579, 10.00000000000000000 ) ) ;
#4807 = ORIENTED_EDGE ( 'NONE', *, *, #708, .F. ) ;
#4808 = ORIENTED_EDGE ( 'NONE', *, *, #3990, .F. ) ;
#4809 = EDGE_CURVE ( 'NONE', #3075, #652, #840, .T. ) ;
#4810 = LINE ( 'NONE', #785, #3713 ) ;
#4811 = ADVANCED_FACE ( 'NONE', ( #3890 ), #5221, .F. ) ;
#4812 = VERTEX_POINT ( 'NONE', #1659 ) ;
#4813 = VERTEX_POINT ( 'NONE', #3454 ) ;
#4814 = CARTESIAN_POINT ( 'NONE',  ( 76.99999999999998579, -16.50000000000000711, 8.999999999999996447 ) ) ;
#4815 = DIRECTION ( 'NONE',  ( -0.000000000000000000, 0.000000000000000000, 1.000000000000000000 ) ) ;
#4816 = VERTEX_POINT ( 'NONE', #319 ) ;
#4817 = EDGE_LOOP ( 'NONE', ( #5319, #969, #4736, #5411 ) ) ;
#4818 = CARTESIAN_POINT ( 'NONE',  ( -24.00000000000001421, -39.50000000000000000, 0.000000000000000000 ) ) ;
#4819 = ADVANCED_FACE ( 'NONE', ( #1218 ), #3004, .F. ) ;
#4820 = FACE_OUTER_BOUND ( 'NONE', #2201, .T. ) ;
#4821 = DIRECTION ( 'NONE',  ( 0.000000000000000000, 0.000000000000000000, -1.000000000000000000 ) ) ;
#4822 = ORIENTED_EDGE ( 'NONE', *, *, #1090, .F. ) ;
#4823 = ORIENTED_EDGE ( 'NONE', *, *, #3354, .F. ) ;
#4824 = DIRECTION ( 'NONE',  ( 1.000000000000000000, 0.000000000000000000, 0.000000000000000000 ) ) ;
#4825 = VERTEX_POINT ( 'NONE', #5451 ) ;
#4826 = DIRECTION ( 'NONE',  ( -0.000000000000000000, -0.000000000000000000, -1.000000000000000000 ) ) ;
#4827 = DIRECTION ( 'NONE',  ( -0.000000000000000000, 0.000000000000000000, 1.000000000000000000 ) ) ;
#4828 = CARTESIAN_POINT ( 'NONE',  ( 0.000000000000000000, -31.50000000000000711, 10.00000000000000000 ) ) ;
#4829 = EDGE_CURVE ( 'NONE', #1661, #4302, #923, .T. ) ;
#4830 = CARTESIAN_POINT ( 'NONE',  ( 53.90000000000000568, -10.90000000000000036, 10.00000000000000000 ) ) ;
#4831 = EDGE_LOOP ( 'NONE', ( #4217, #1885, #329, #4891 ) ) ;
#4832 = CARTESIAN_POINT ( 'NONE',  ( 69.60000000000000853, -8.899999999999998579, 0.000000000000000000 ) ) ;
#4833 = CARTESIAN_POINT ( 'NONE',  ( 70.10000000000000853, -7.432859924887909031, 0.000000000000000000 ) ) ;
#4834 = CARTESIAN_POINT ( 'NONE',  ( 70.10000000000000853, -10.89999999999999858, 10.00000000000000000 ) ) ;
#4835 = EDGE_CURVE ( 'NONE', #3227, #5108, #4918, .T. ) ;
#4836 = ORIENTED_EDGE ( 'NONE', *, *, #3629, .F. ) ;
#4837 = VECTOR ( 'NONE', #2372, 1000.000000000000000 ) ;
#4838 = ORIENTED_EDGE ( 'NONE', *, *, #1805, .F. ) ;
#4839 = FACE_OUTER_BOUND ( 'NONE', #5762, .T. ) ;
#4840 = ORIENTED_EDGE ( 'NONE', *, *, #3169, .T. ) ;
#4841 = CARTESIAN_POINT ( 'NONE',  ( 69.60000000000000853, -8.899999999999998579, 10.00000000000000000 ) ) ;
#4842 = AXIS2_PLACEMENT_3D ( 'NONE', #4256, #5229, #5293 ) ;
#4843 = LINE ( 'NONE', #3875, #3572 ) ;
#4844 = EDGE_CURVE ( 'NONE', #3398, #4309, #2720, .T. ) ;
#4845 = FACE_OUTER_BOUND ( 'NONE', #5749, .T. ) ;
#4846 = ORIENTED_EDGE ( 'NONE', *, *, #1462, .T. ) ;
#4847 = ORIENTED_EDGE ( 'NONE', *, *, #5736, .T. ) ;
#4848 = DIRECTION ( 'NONE',  ( 0.000000000000000000, -1.000000000000000000, 0.000000000000000000 ) ) ;
#4849 = VECTOR ( 'NONE', #4800, 1000.000000000000000 ) ;
#4850 = VECTOR ( 'NONE', #3523, 1000.000000000000000 ) ;
#4851 = DIRECTION ( 'NONE',  ( -1.000000000000000000, 0.000000000000000000, 0.000000000000000000 ) ) ;
#4852 = VECTOR ( 'NONE', #4459, 1000.000000000000000 ) ;
#4853 = AXIS2_PLACEMENT_3D ( 'NONE', #2405, #5111, #2462 ) ;
#4854 = FACE_OUTER_BOUND ( 'NONE', #4345, .T. ) ;
#4855 = VECTOR ( 'NONE', #5636, 1000.000000000000000 ) ;
#4856 = EDGE_CURVE ( 'NONE', #3263, #794, #3232, .T. ) ;
#4857 = CARTESIAN_POINT ( 'NONE',  ( -3.250000000000000888, -33.00000000000000000, 0.000000000000000000 ) ) ;
#4858 = CIRCLE ( 'NONE', #4018, 8.500000000000007105 ) ;
#4859 = VERTEX_POINT ( 'NONE', #4041 ) ;
#4860 = DIRECTION ( 'NONE',  ( 0.7071067811865420216, 0.000000000000000000, 0.7071067811865531239 ) ) ;
#4861 = EDGE_CURVE ( 'NONE', #956, #2555, #2213, .T. ) ;
#4862 = VECTOR ( 'NONE', #922, 1000.000000000000000 ) ;
#4863 = DIRECTION ( 'NONE',  ( 0.000000000000000000, -1.000000000000000000, 0.000000000000000000 ) ) ;
#4864 = DIRECTION ( 'NONE',  ( -0.000000000000000000, -0.000000000000000000, -1.000000000000000000 ) ) ;
#4865 = ORIENTED_EDGE ( 'NONE', *, *, #553, .T. ) ;
#4866 = CONICAL_SURFACE ( 'NONE', #3176, 14.00000000000001243, 0.7853981633974346233 ) ;
#4867 = VECTOR ( 'NONE', #565, 1000.000000000000000 ) ;
#4868 = CARTESIAN_POINT ( 'NONE',  ( 70.10000000000000853, -25.56714007511209275, 10.00000000000000000 ) ) ;
#4869 = DIRECTION ( 'NONE',  ( -0.000000000000000000, 0.000000000000000000, -1.000000000000000000 ) ) ;
#4870 = DIRECTION ( 'NONE',  ( 0.7071067811865420216, 0.000000000000000000, 0.7071067811865531239 ) ) ;
#4871 = ORIENTED_EDGE ( 'NONE', *, *, #1995, .T. ) ;
#4872 = VECTOR ( 'NONE', #1494, 1000.000000000000114 ) ;
#4873 = ORIENTED_EDGE ( 'NONE', *, *, #850, .F. ) ;
#4874 = ORIENTED_EDGE ( 'NONE', *, *, #3705, .T. ) ;
#4875 = FACE_OUTER_BOUND ( 'NONE', #3424, .T. ) ;
#4876 = VECTOR ( 'NONE', #2485, 1000.000000000000000 ) ;
#4877 = EDGE_CURVE ( 'NONE', #5217, #2824, #2207, .T. ) ;
#4878 = DIRECTION ( 'NONE',  ( 0.000000000000000000, -1.000000000000000000, 0.000000000000000000 ) ) ;
#4879 = DIRECTION ( 'NONE',  ( 0.000000000000000000, -1.000000000000000000, 0.000000000000000000 ) ) ;
#4880 = DIRECTION ( 'NONE',  ( 1.000000000000000000, 0.000000000000000000, 0.000000000000000000 ) ) ;
#4881 = VECTOR ( 'NONE', #2732, 1000.000000000000000 ) ;
#4882 = EDGE_LOOP ( 'NONE', ( #4175, #3871, #4627, #2918 ) ) ;
#4883 = DIRECTION ( 'NONE',  ( 0.000000000000000000, 1.000000000000000000, -0.000000000000000000 ) ) ;
#4884 = LINE ( 'NONE', #858, #2608 ) ;
#4885 = DIRECTION ( 'NONE',  ( 0.000000000000000000, -0.000000000000000000, 1.000000000000000000 ) ) ;
#4886 = ADVANCED_FACE ( 'NONE', ( #472 ), #949, .F. ) ;
#4887 = CARTESIAN_POINT ( 'NONE',  ( 71.60000000000000853, 0.000000000000000000, 10.00000000000000000 ) ) ;
#4888 = VERTEX_POINT ( 'NONE', #3183 ) ;
#4889 = CARTESIAN_POINT ( 'NONE',  ( -112.8000000000000114, -16.50000000000000000, 10.00000000000000000 ) ) ;
#4890 = EDGE_CURVE ( 'NONE', #2533, #2150, #5, .T. ) ;
#4891 = ORIENTED_EDGE ( 'NONE', *, *, #4829, .T. ) ;
#4892 = CARTESIAN_POINT ( 'NONE',  ( -99.80000000000001137, -23.59999999999999432, 10.00000000000000000 ) ) ;
#4893 = DIRECTION ( 'NONE',  ( -0.000000000000000000, -0.000000000000000000, -1.000000000000000000 ) ) ;
#4894 = CARTESIAN_POINT ( 'NONE',  ( 54.40000000000000568, -8.900000000000000355, 10.00000000000000000 ) ) ;
#4895 = DIRECTION ( 'NONE',  ( 0.000000000000000000, -0.7071067811865573427, 0.7071067811865378028 ) ) ;
#4896 = CARTESIAN_POINT ( 'NONE',  ( 67.60000000000000853, -9.399999999999998579, 10.00000000000000000 ) ) ;
#4897 = CARTESIAN_POINT ( 'NONE',  ( 0.000000000000000000, -8.399999999999998579, 10.00000000000000000 ) ) ;
#4898 = DIRECTION ( 'NONE',  ( -1.000000000000000000, 0.000000000000000000, 0.000000000000000000 ) ) ;
#4899 = ORIENTED_EDGE ( 'NONE', *, *, #337, .T. ) ;
#4900 = ORIENTED_EDGE ( 'NONE', *, *, #1617, .F. ) ;
#4901 = DIRECTION ( 'NONE',  ( -0.000000000000000000, 0.000000000000000000, 1.000000000000000000 ) ) ;
#4902 = DIRECTION ( 'NONE',  ( -1.000000000000000000, 0.000000000000000000, 0.000000000000000000 ) ) ;
#4903 = CARTESIAN_POINT ( 'NONE',  ( 24.99999999999998579, -41.49999999999999289, 9.000000000000031974 ) ) ;
#4904 = CARTESIAN_POINT ( 'NONE',  ( -97.80000000000001137, -24.10000000000000497, 0.000000000000000000 ) ) ;
#4905 = ORIENTED_EDGE ( 'NONE', *, *, #5349, .T. ) ;
#4906 = LINE ( 'NONE', #2197, #139 ) ;
#4907 = EDGE_CURVE ( 'NONE', #652, #4525, #1006, .T. ) ;
#4908 = PLANE ( 'NONE',  #516 ) ;
#4909 = DIRECTION ( 'NONE',  ( -1.000000000000000000, 0.000000000000000000, -0.000000000000000000 ) ) ;
#4910 = DIRECTION ( 'NONE',  ( 1.000000000000000000, 0.000000000000000000, -0.000000000000000000 ) ) ;
#4911 = EDGE_CURVE ( 'NONE', #1706, #3290, #2768, .T. ) ;
#4912 = ORIENTED_EDGE ( 'NONE', *, *, #1786, .T. ) ;
#4913 = DIRECTION ( 'NONE',  ( 1.000000000000000000, 0.000000000000000000, 0.000000000000000000 ) ) ;
#4914 = ORIENTED_EDGE ( 'NONE', *, *, #700, .T. ) ;
#4915 = DIRECTION ( 'NONE',  ( -0.000000000000000000, 0.000000000000000000, -1.000000000000000000 ) ) ;
#4916 = CYLINDRICAL_SURFACE ( 'NONE', #5345, 14.99999999999998579 ) ;
#4917 = EDGE_CURVE ( 'NONE', #1501, #3872, #5478, .T. ) ;
#4918 = LINE ( 'NONE', #5803, #4938 ) ;
#4919 = CARTESIAN_POINT ( 'NONE',  ( 40.49999999999999289, -7.999999999999984901, 0.000000000000000000 ) ) ;
#4920 = CARTESIAN_POINT ( 'NONE',  ( -98.30000000000001137, -10.90000000000000391, 10.00000000000000000 ) ) ;
#4921 = DIRECTION ( 'NONE',  ( -0.000000000000000000, 0.000000000000000000, 1.000000000000000000 ) ) ;
#4922 = ADVANCED_FACE ( 'NONE', ( #2243 ), #1361, .F. ) ;
#4923 = ORIENTED_EDGE ( 'NONE', *, *, #5389, .F. ) ;
#4924 = ORIENTED_EDGE ( 'NONE', *, *, #4379, .T. ) ;
#4925 = PLANE ( 'NONE',  #2496 ) ;
#4926 = CARTESIAN_POINT ( 'NONE',  ( 69.10000000000000853, -10.89999999999999858, 10.00000000000000000 ) ) ;
#4927 = VECTOR ( 'NONE', #757, 999.9999999999998863 ) ;
#4928 = CARTESIAN_POINT ( 'NONE',  ( 54.90000000000000568, -10.36714007511208813, 10.00000000000000000 ) ) ;
#4929 = PLANE ( 'NONE',  #1308 ) ;
#4930 = EDGE_LOOP ( 'NONE', ( #5826, #1020, #3609, #1120, #1085, #5359, #929, #5695, #1756, #3671, #3570, #4941, #2736, #367, #5017, #3283 ) ) ;
#4931 = FACE_OUTER_BOUND ( 'NONE', #1584, .T. ) ;
#4932 = CARTESIAN_POINT ( 'NONE',  ( 68.13285992488792431, -8.399999999999998579, 10.00000000000000000 ) ) ;
#4933 = DIRECTION ( 'NONE',  ( 0.000000000000000000, 0.7071067811865474617, -0.7071067811865474617 ) ) ;
#4934 = ORIENTED_EDGE ( 'NONE', *, *, #2090, .F. ) ;
#4935 = VECTOR ( 'NONE', #1350, 1000.000000000000114 ) ;
#4936 = EDGE_CURVE ( 'NONE', #4539, #2483, #3152, .T. ) ;
#4937 = DIRECTION ( 'NONE',  ( 0.000000000000000000, -1.000000000000000000, 0.000000000000000000 ) ) ;
#4938 = VECTOR ( 'NONE', #891, 1000.000000000000000 ) ;
#4939 = EDGE_LOOP ( 'NONE', ( #33, #4104, #4038, #975 ) ) ;
#4940 = CARTESIAN_POINT ( 'NONE',  ( 24.99999999999998579, 6.499999999999992006, 0.000000000000000000 ) ) ;
#4941 = ORIENTED_EDGE ( 'NONE', *, *, #2219, .F. ) ;
#4942 = VECTOR ( 'NONE', #5201, 1000.000000000000000 ) ;
#4943 = EDGE_CURVE ( 'NONE', #4143, #462, #4980, .T. ) ;
#4944 = AXIS2_PLACEMENT_3D ( 'NONE', #2545, #3845, #658 ) ;
#4945 = AXIS2_PLACEMENT_3D ( 'NONE', #210, #4713, #2100 ) ;
#4946 = DIRECTION ( 'NONE',  ( 1.000000000000000000, 0.000000000000000000, 0.000000000000000000 ) ) ;
#4947 = LINE ( 'NONE', #867, #4862 ) ;
#4948 = AXIS2_PLACEMENT_3D ( 'NONE', #4321, #2561, #5763 ) ;
#4949 = VECTOR ( 'NONE', #2188, 1000.000000000000000 ) ;
#4951 = AXIS2_PLACEMENT_3D ( 'NONE', #3983, #1809, #448 ) ;
#4950 = DIRECTION ( 'NONE',  ( -0.000000000000000000, -0.000000000000000000, 1.000000000000000000 ) ) ;
#4952 = LINE ( 'NONE', #410, #5703 ) ;
#4953 = EDGE_CURVE ( 'NONE', #671, #5108, #1180, .T. ) ;
#4954 = DIRECTION ( 'NONE',  ( 0.5773502691896250649, 0.5773502691896180705, 0.5773502691896341688 ) ) ;
#4955 = VECTOR ( 'NONE', #4080, 1000.000000000000000 ) ;
#4956 = VECTOR ( 'NONE', #4681, 1000.000000000000000 ) ;
#4957 = PLANE ( 'NONE',  #254 ) ;
#4958 = ORIENTED_EDGE ( 'NONE', *, *, #5238, .F. ) ;
#4959 = ORIENTED_EDGE ( 'NONE', *, *, #323, .T. ) ;
#4960 = ORIENTED_EDGE ( 'NONE', *, *, #5675, .F. ) ;
#4961 = VECTOR ( 'NONE', #1145, 1000.000000000000000 ) ;
#4962 = DIRECTION ( 'NONE',  ( 1.000000000000000000, 0.000000000000000000, 0.000000000000000000 ) ) ;
#4963 = EDGE_CURVE ( 'NONE', #2290, #1072, #1781, .T. ) ;
#4964 = DIRECTION ( 'NONE',  ( -0.7071067811865420216, 0.000000000000000000, -0.7071067811865531239 ) ) ;
#4965 = CIRCLE ( 'NONE', #1109, 1.549999999999968070 ) ;
#4966 = DIRECTION ( 'NONE',  ( 0.000000000000000000, 1.000000000000000000, 0.000000000000000000 ) ) ;
#4967 = CARTESIAN_POINT ( 'NONE',  ( 0.000000000000000000, -33.00000000000000000, 3.000000000000000000 ) ) ;
#4968 = ORIENTED_EDGE ( 'NONE', *, *, #3508, .T. ) ;
#4969 = DIRECTION ( 'NONE',  ( 0.000000000000000000, 1.000000000000000000, -0.000000000000000000 ) ) ;
#4970 = CARTESIAN_POINT ( 'NONE',  ( 53.90000000000000568, -10.90000000000000036, 0.000000000000000000 ) ) ;
#4971 = DIRECTION ( 'NONE',  ( 0.000000000000000000, -1.000000000000000000, 0.000000000000000000 ) ) ;
#4972 = EDGE_CURVE ( 'NONE', #5082, #4632, #3908, .T. ) ;
#4973 = CARTESIAN_POINT ( 'NONE',  ( 69.60000000000002274, -24.09999999999999787, 0.000000000000000000 ) ) ;
#4974 = VECTOR ( 'NONE', #2671, 1000.000000000000000 ) ;
#4975 = ORIENTED_EDGE ( 'NONE', *, *, #405, .F. ) ;
#4976 = DIRECTION ( 'NONE',  ( -1.000000000000000000, 0.000000000000000000, 0.000000000000000000 ) ) ;
#4977 = ORIENTED_EDGE ( 'NONE', *, *, #4418, .F. ) ;
#4978 = CARTESIAN_POINT ( 'NONE',  ( 32.99999999999998579, -1.500000000000008216, 1.000000000000000888 ) ) ;
#4979 = ORIENTED_EDGE ( 'NONE', *, *, #4471, .T. ) ;
#4980 = LINE ( 'NONE', #2745, #910 ) ;
#4981 = ADVANCED_FACE ( 'NONE', ( #2802 ), #4596, .F. ) ;
#4982 = CARTESIAN_POINT ( 'NONE',  ( -98.30000000000001137, 0.000000000000000000, 0.000000000000000000 ) ) ;
#4983 = CARTESIAN_POINT ( 'NONE',  ( 40.49999999999999289, -6.999999999999984013, 10.00000000000000000 ) ) ;
#4984 = CARTESIAN_POINT ( 'NONE',  ( 56.40000000000000568, -24.60000000000000497, 0.000000000000000000 ) ) ;
#4985 = ORIENTED_EDGE ( 'NONE', *, *, #3354, .T. ) ;
#4986 = EDGE_CURVE ( 'NONE', #863, #2757, #3297, .T. ) ;
#4987 = VERTEX_POINT ( 'NONE', #3267 ) ;
#4988 = DIRECTION ( 'NONE',  ( -1.000000000000000000, 0.000000000000000000, 0.000000000000000000 ) ) ;
#4989 = DIRECTION ( 'NONE',  ( 0.000000000000000000, -0.000000000000000000, 1.000000000000000000 ) ) ;
#4990 = DIRECTION ( 'NONE',  ( -0.000000000000000000, -0.000000000000000000, -1.000000000000000000 ) ) ;
#4991 = EDGE_CURVE ( 'NONE', #1633, #784, #1591, .T. ) ;
#4992 = ADVANCED_FACE ( 'NONE', ( #5505 ), #3831, .T. ) ;
#4993 = ORIENTED_EDGE ( 'NONE', *, *, #2662, .F. ) ;
#4994 = CYLINDRICAL_SURFACE ( 'NONE', #2387, 8.500000000000000000 ) ;
#4995 = CARTESIAN_POINT ( 'NONE',  ( 23.99999999999998579, 0.000000000000000000, 10.00000000000000000 ) ) ;
#4996 = ORIENTED_EDGE ( 'NONE', *, *, #3883, .T. ) ;
#4997 = DIRECTION ( 'NONE',  ( 1.000000000000000000, 0.000000000000000000, 0.000000000000000000 ) ) ;
#4998 = ADVANCED_FACE ( 'NONE', ( #2440 ), #518, .T. ) ;
#4999 = EDGE_LOOP ( 'NONE', ( #3618, #4651, #1065, #213, #1507, #2976, #578, #3472, #3858, #208, #4975, #3573, #3813, #2171, #1635, #3677 ) ) ;
#5000 = ORIENTED_EDGE ( 'NONE', *, *, #5559, .T. ) ;
#5001 = DIRECTION ( 'NONE',  ( -0.000000000000000000, -0.000000000000000000, -1.000000000000000000 ) ) ;
#5002 = VERTEX_POINT ( 'NONE', #4644 ) ;
#5003 = DIRECTION ( 'NONE',  ( 1.000000000000000000, 0.000000000000000000, 0.000000000000000000 ) ) ;
#5004 = VECTOR ( 'NONE', #5152, 1000.000000000000000 ) ;
#5005 = CARTESIAN_POINT ( 'NONE',  ( -99.26714007511212401, -8.400000000000005684, 10.00000000000000000 ) ) ;
#5006 = CARTESIAN_POINT ( 'NONE',  ( 0.000000000000000000, -33.00000000000000000, 10.00000000000000000 ) ) ;
#5007 = DIRECTION ( 'NONE',  ( -0.000000000000000000, 0.000000000000000000, 1.000000000000000000 ) ) ;
#5008 = ADVANCED_FACE ( 'NONE', ( #4211 ), #2121, .T. ) ;
#5009 = DIRECTION ( 'NONE',  ( -0.000000000000000000, 0.000000000000000000, 1.000000000000000000 ) ) ;
#5010 = ORIENTED_EDGE ( 'NONE', *, *, #1855, .F. ) ;
#5011 = ORIENTED_EDGE ( 'NONE', *, *, #374, .T. ) ;
#5012 = ORIENTED_EDGE ( 'NONE', *, *, #1580, .T. ) ;
#5013 = DIRECTION ( 'NONE',  ( 1.000000000000000000, 0.000000000000000000, -0.000000000000000000 ) ) ;
#5014 = PLANE ( 'NONE',  #3251 ) ;
#5015 = ADVANCED_FACE ( 'NONE', ( #5621 ), #142, .T. ) ;
#5016 = FACE_OUTER_BOUND ( 'NONE', #1270, .T. ) ;
#5017 = ORIENTED_EDGE ( 'NONE', *, *, #5342, .F. ) ;
#5018 = DIRECTION ( 'NONE',  ( 0.7071067811865474617, 0.000000000000000000, 0.7071067811865474617 ) ) ;
#5019 = VERTEX_POINT ( 'NONE', #2409 ) ;
#5020 = FACE_BOUND ( 'NONE', #292, .T. ) ;
#5021 = DIRECTION ( 'NONE',  ( 0.000000000000000000, 0.000000000000000000, 1.000000000000000000 ) ) ;
#5022 = EDGE_CURVE ( 'NONE', #2118, #4825, #5585, .T. ) ;
#5023 = CARTESIAN_POINT ( 'NONE',  ( 0.000000000000000000, -24.59999999999999787, 0.000000000000000000 ) ) ;
#5024 = ORIENTED_EDGE ( 'NONE', *, *, #5084, .T. ) ;
#5025 = ORIENTED_EDGE ( 'NONE', *, *, #3185, .T. ) ;
#5026 = CARTESIAN_POINT ( 'NONE',  ( -0.000000000000000000, -9.400000000000000355, 0.000000000000000000 ) ) ;
#5027 = VECTOR ( 'NONE', #4613, 1000.000000000000000 ) ;
#5028 = CARTESIAN_POINT ( 'NONE',  ( 69.10000000000000853, 0.000000000000000000, 10.00000000000000000 ) ) ;
#5029 = EDGE_LOOP ( 'NONE', ( #3049, #2693, #554, #35, #2581, #981, #2925, #4836, #5282, #3077, #917, #1605, #2144, #3005, #5249, #1299 ) ) ;
#5030 = EDGE_CURVE ( 'NONE', #3633, #107, #1913, .T. ) ;
#5031 = VECTOR ( 'NONE', #791, 1000.000000000000114 ) ;
#5032 = CARTESIAN_POINT ( 'NONE',  ( 24.99999999999998579, -39.50000000000000711, 1.000000000000000888 ) ) ;
#5033 = CARTESIAN_POINT ( 'NONE',  ( 0.000000000000000000, -33.00000000000000000, 0.000000000000000000 ) ) ;
#5034 = CIRCLE ( 'NONE', #1934, 13.99999999999998401 ) ;
#5035 = AXIS2_PLACEMENT_3D ( 'NONE', #1730, #481, #5753 ) ;
#5036 = ORIENTED_EDGE ( 'NONE', *, *, #3736, .T. ) ;
#5037 = AXIS2_PLACEMENT_3D ( 'NONE', #70, #5013, #1016 ) ;
#5038 = CARTESIAN_POINT ( 'NONE',  ( -112.8000000000000114, -31.50000000000000000, 1.000000000000000888 ) ) ;
#5039 = EDGE_CURVE ( 'NONE', #330, #1386, #1973, .T. ) ;
#5040 = CARTESIAN_POINT ( 'NONE',  ( 54.40000000000000568, -8.900000000000000355, 10.00000000000000000 ) ) ;
#5041 = CARTESIAN_POINT ( 'NONE',  ( 69.10000000000000853, -26.10000000000000497, 10.00000000000000000 ) ) ;
#5042 = AXIS2_PLACEMENT_3D ( 'NONE', #5102, #122, #595 ) ;
#5043 = ORIENTED_EDGE ( 'NONE', *, *, #4523, .T. ) ;
#5044 = EDGE_LOOP ( 'NONE', ( #2617, #2196 ) ) ;
#5045 = ORIENTED_EDGE ( 'NONE', *, *, #3484, .T. ) ;
#5046 = DIRECTION ( 'NONE',  ( 1.000000000000000000, 2.238352872228184220E-15, 0.000000000000000000 ) ) ;
#5047 = AXIS2_PLACEMENT_3D ( 'NONE', #1019, #5571, #2388 ) ;
#5048 = VECTOR ( 'NONE', #743, 1000.000000000000000 ) ;
#5049 = CARTESIAN_POINT ( 'NONE',  ( 0.000000000000000000, -9.400000000000000355, 10.00000000000000000 ) ) ;
#5050 = FACE_OUTER_BOUND ( 'NONE', #3654, .T. ) ;
#5051 = EDGE_LOOP ( 'NONE', ( #5598, #2458, #2434, #4417 ) ) ;
#5052 = DIRECTION ( 'NONE',  ( 0.000000000000000000, 1.000000000000000000, 0.000000000000000000 ) ) ;
#5053 = EDGE_LOOP ( 'NONE', ( #4136, #1156, #4592, #5819 ) ) ;
#5054 = CARTESIAN_POINT ( 'NONE',  ( -96.33285992488789873, -24.59999999999999787, 10.00000000000000000 ) ) ;
#5055 = EDGE_CURVE ( 'NONE', #1036, #3378, #5175, .T. ) ;
#5056 = VECTOR ( 'NONE', #2887, 1000.000000000000000 ) ;
#5057 = DIRECTION ( 'NONE',  ( 1.110223024625156787E-16, -1.000000000000000000, 0.000000000000000000 ) ) ;
#5058 = ORIENTED_EDGE ( 'NONE', *, *, #4844, .F. ) ;
#5059 = AXIS2_PLACEMENT_3D ( 'NONE', #4904, #1456, #4608 ) ;
#5060 = CYLINDRICAL_SURFACE ( 'NONE', #2954, 15.00000000000001421 ) ;
#5061 = CONICAL_SURFACE ( 'NONE', #5250, 14.99999999999998579, 0.7853981633974466137 ) ;
#5062 = ORIENTED_EDGE ( 'NONE', *, *, #4583, .F. ) ;
#5063 = ADVANCED_FACE ( 'NONE', ( #3746 ), #5115, .F. ) ;
#5064 = CARTESIAN_POINT ( 'NONE',  ( 69.10000000000000853, 0.000000000000000000, 10.00000000000000000 ) ) ;
#5065 = ORIENTED_EDGE ( 'NONE', *, *, #795, .F. ) ;
#5066 = AXIS2_PLACEMENT_3D ( 'NONE', #4198, #1524, #3312 ) ;
#5067 = CARTESIAN_POINT ( 'NONE',  ( 54.40000000000000568, -8.900000000000000355, 0.000000000000000000 ) ) ;
#5068 = EDGE_CURVE ( 'NONE', #2840, #946, #1148, .T. ) ;
#5069 = CARTESIAN_POINT ( 'NONE',  ( 0.000000000000000000, -6.899999999999999467, 10.00000000000000000 ) ) ;
#5070 = CARTESIAN_POINT ( 'NONE',  ( 62.00000000000000000, -31.50000000000000711, 8.999999999999996447 ) ) ;
#5071 = FACE_OUTER_BOUND ( 'NONE', #5825, .T. ) ;
#5072 = DIRECTION ( 'NONE',  ( -0.000000000000000000, -0.000000000000000000, -1.000000000000000000 ) ) ;
#5073 = ORIENTED_EDGE ( 'NONE', *, *, #5084, .F. ) ;
#5074 = EDGE_LOOP ( 'NONE', ( #5557, #2575, #4463, #5386 ) ) ;
#5075 = LINE ( 'NONE', #1517, #2131 ) ;
#5076 = DIRECTION ( 'NONE',  ( 1.000000000000000000, 0.000000000000000000, 0.000000000000000000 ) ) ;
#5077 = DIRECTION ( 'NONE',  ( 0.000000000000000000, -0.000000000000000000, -1.000000000000000000 ) ) ;
#5078 = VERTEX_POINT ( 'NONE', #2937 ) ;
#5079 = CARTESIAN_POINT ( 'NONE',  ( 69.10000000000000853, -25.56714007511209275, 0.000000000000000000 ) ) ;
#5080 = ORIENTED_EDGE ( 'NONE', *, *, #1933, .T. ) ;
#5081 = CARTESIAN_POINT ( 'NONE',  ( 69.10000000000000853, -10.89999999999999858, 10.00000000000000000 ) ) ;
#5082 = VERTEX_POINT ( 'NONE', #4620 ) ;
#5083 = CARTESIAN_POINT ( 'NONE',  ( 40.49999999999999289, -16.49999999999998579, 0.000000000000000000 ) ) ;
#5084 = EDGE_CURVE ( 'NONE', #3163, #2888, #4678, .T. ) ;
#5085 = ORIENTED_EDGE ( 'NONE', *, *, #3033, .F. ) ;
#5086 = ORIENTED_EDGE ( 'NONE', *, *, #2108, .T. ) ;
#5087 = LINE ( 'NONE', #2846, #5205 ) ;
#5088 = DIRECTION ( 'NONE',  ( 0.000000000000000000, -0.000000000000000000, -1.000000000000000000 ) ) ;
#5089 = ORIENTED_EDGE ( 'NONE', *, *, #4809, .T. ) ;
#5090 = ADVANCED_FACE ( 'NONE', ( #584 ), #1759, .T. ) ;
#5091 = DIRECTION ( 'NONE',  ( -1.000000000000000000, 0.000000000000000000, 0.000000000000000000 ) ) ;
#5092 = DIRECTION ( 'NONE',  ( -0.000000000000000000, -0.000000000000000000, -1.000000000000000000 ) ) ;
#5093 = DIRECTION ( 'NONE',  ( 1.000000000000000000, 0.000000000000000000, 0.000000000000000000 ) ) ;
#5094 = CARTESIAN_POINT ( 'NONE',  ( 53.90000000000000568, -6.899999999999999467, 0.000000000000000000 ) ) ;
#5095 = EDGE_CURVE ( 'NONE', #3391, #5233, #4703, .T. ) ;
#5096 = CARTESIAN_POINT ( 'NONE',  ( 67.60000000000000853, -23.60000000000000142, 10.00000000000000000 ) ) ;
#5097 = ORIENTED_EDGE ( 'NONE', *, *, #2587, .T. ) ;
#5098 = ORIENTED_EDGE ( 'NONE', *, *, #4529, .F. ) ;
#5099 = FACE_OUTER_BOUND ( 'NONE', #3239, .T. ) ;
#5100 = CARTESIAN_POINT ( 'NONE',  ( 40.49999999999999289, -16.49999999999998579, 9.000000000000000000 ) ) ;
#5101 = EDGE_CURVE ( 'NONE', #4162, #5262, #560, .T. ) ;
#5102 = CARTESIAN_POINT ( 'NONE',  ( -97.80000000000001137, -24.10000000000000497, 10.00000000000000000 ) ) ;
#5103 = VERTEX_POINT ( 'NONE', #1269 ) ;
#5104 = EDGE_LOOP ( 'NONE', ( #1321, #4516, #5613, #5159 ) ) ;
#5105 = CARTESIAN_POINT ( 'NONE',  ( 40.49999999999999289, -16.49999999999998579, 1.000000000000000888 ) ) ;
#5106 = EDGE_LOOP ( 'NONE', ( #5620, #3651, #667, #2044 ) ) ;
#5107 = CARTESIAN_POINT ( 'NONE',  ( 76.99999999999998579, -16.50000000000000711, 1.000000000000000888 ) ) ;
#5108 = VERTEX_POINT ( 'NONE', #4857 ) ;
#5109 = ORIENTED_EDGE ( 'NONE', *, *, #2771, .T. ) ;
#5110 = CARTESIAN_POINT ( 'NONE',  ( -24.00000000000009592, 0.000000000000000000, 10.00000000000000000 ) ) ;
#5111 = DIRECTION ( 'NONE',  ( 0.000000000000000000, -0.000000000000000000, -1.000000000000000000 ) ) ;
#5112 = EDGE_CURVE ( 'NONE', #3222, #3694, #4729, .T. ) ;
#5113 = ORIENTED_EDGE ( 'NONE', *, *, #2108, .F. ) ;
#5114 = VECTOR ( 'NONE', #331, 1000.000000000000000 ) ;
#5115 = CYLINDRICAL_SURFACE ( 'NONE', #3243, 1.549999999999968070 ) ;
#5116 = ADVANCED_FACE ( 'NONE', ( #1741 ), #312, .F. ) ;
#5117 = CARTESIAN_POINT ( 'NONE',  ( -0.000000000000000000, -8.400000000000000355, 0.000000000000000000 ) ) ;
#5118 = CIRCLE ( 'NONE', #2117, 1.549999999999968070 ) ;
#5119 = CARTESIAN_POINT ( 'NONE',  ( 54.40000000000000568, -8.900000000000000355, 10.00000000000000000 ) ) ;
#5120 = DIRECTION ( 'NONE',  ( -0.000000000000000000, -0.000000000000000000, -1.000000000000000000 ) ) ;
#5121 = EDGE_LOOP ( 'NONE', ( #567, #3352, #1572, #3286 ) ) ;
#5122 = AXIS2_PLACEMENT_3D ( 'NONE', #60, #4950, #3209 ) ;
#5123 = CIRCLE ( 'NONE', #5035, 9.500000000000008882 ) ;
#5125 = VECTOR ( 'NONE', #2450, 1000.000000000000000 ) ;
#5124 = LINE ( 'NONE', #1435, #4367 ) ;
#5126 = VERTEX_POINT ( 'NONE', #3536 ) ;
#5127 = EDGE_CURVE ( 'NONE', #4671, #713, #2998, .T. ) ;
#5128 =( LENGTH_UNIT ( ) NAMED_UNIT ( * ) SI_UNIT ( .MILLI., .METRE. ) );
#5129 = DIRECTION ( 'NONE',  ( -1.000000000000000000, 0.000000000000000000, 0.000000000000000000 ) ) ;
#5130 = VECTOR ( 'NONE', #3596, 1000.000000000000000 ) ;
#5131 = VECTOR ( 'NONE', #3674, 1000.000000000000000 ) ;
#5132 = AXIS2_PLACEMENT_3D ( 'NONE', #146, #1037, #1444 ) ;
#5133 = DIRECTION ( 'NONE',  ( -1.000000000000000000, 0.000000000000000000, 0.000000000000000000 ) ) ;
#5134 = ORIENTED_EDGE ( 'NONE', *, *, #631, .F. ) ;
#5135 = ORIENTED_EDGE ( 'NONE', *, *, #2037, .F. ) ;
#5136 = VECTOR ( 'NONE', #3933, 1000.000000000000000 ) ;
#5137 = EDGE_CURVE ( 'NONE', #455, #3812, #3859, .T. ) ;
#5138 = PLANE ( 'NONE',  #4466 ) ;
#5139 = CARTESIAN_POINT ( 'NONE',  ( 0.000000000000000000, -23.59999999999999432, 10.00000000000000000 ) ) ;
#5140 = ORIENTED_EDGE ( 'NONE', *, *, #1240, .F. ) ;
#5141 = EDGE_LOOP ( 'NONE', ( #1558, #1893, #5632, #1261 ) ) ;
#5142 = CARTESIAN_POINT ( 'NONE',  ( -112.8000000000000114, -16.50000000000000000, 9.000000000000067502 ) ) ;
#5143 = CARTESIAN_POINT ( 'NONE',  ( -98.30000000000001137, -25.56714007511212117, 10.00000000000000000 ) ) ;
#5144 = EDGE_CURVE ( 'NONE', #4226, #5126, #2695, .T. ) ;
#5145 = ORIENTED_EDGE ( 'NONE', *, *, #3453, .T. ) ;
#5146 = VECTOR ( 'NONE', #988, 1000.000000000000000 ) ;
#5147 = ORIENTED_EDGE ( 'NONE', *, *, #5754, .T. ) ;
#5148 = DIRECTION ( 'NONE',  ( -0.000000000000000000, -0.000000000000000000, -1.000000000000000000 ) ) ;
#5149 = VECTOR ( 'NONE', #1683, 1000.000000000000000 ) ;
#5150 = DIRECTION ( 'NONE',  ( -0.000000000000000000, -0.000000000000000000, -1.000000000000000000 ) ) ;
#5151 = DIRECTION ( 'NONE',  ( 0.000000000000000000, 0.000000000000000000, -1.000000000000000000 ) ) ;
#5152 = DIRECTION ( 'NONE',  ( -0.000000000000000000, -0.000000000000000000, -1.000000000000000000 ) ) ;
#5153 = DIRECTION ( 'NONE',  ( 1.000000000000000000, -2.238352872228184378E-14, 0.000000000000000000 ) ) ;
#5154 = ORIENTED_EDGE ( 'NONE', *, *, #523, .F. ) ;
#5155 = AXIS2_PLACEMENT_3D ( 'NONE', #5815, #1430, #2666 ) ;
#5156 = EDGE_CURVE ( 'NONE', #3040, #3854, #4764, .T. ) ;
#5157 = CARTESIAN_POINT ( 'NONE',  ( 53.90000000000000568, -25.56714007511209275, 10.00000000000000000 ) ) ;
#5158 = ORIENTED_EDGE ( 'NONE', *, *, #1498, .T. ) ;
#5159 = ORIENTED_EDGE ( 'NONE', *, *, #1748, .F. ) ;
#5160 = DIRECTION ( 'NONE',  ( -0.000000000000000000, 0.000000000000000000, 1.000000000000000000 ) ) ;
#5161 = DIRECTION ( 'NONE',  ( 0.000000000000000000, -0.7071067811865531239, -0.7071067811865419106 ) ) ;
#5162 = CARTESIAN_POINT ( 'NONE',  ( 47.00000000000001421, -1.500000000000008216, 8.999999999999996447 ) ) ;
#5163 = EDGE_CURVE ( 'NONE', #1980, #5752, #5226, .T. ) ;
#5164 = ORIENTED_EDGE ( 'NONE', *, *, #759, .F. ) ;
#5165 = ORIENTED_EDGE ( 'NONE', *, *, #5095, .F. ) ;
#5166 = DIRECTION ( 'NONE',  ( -1.000000000000000000, 0.000000000000000000, 0.000000000000000000 ) ) ;
#5167 = CARTESIAN_POINT ( 'NONE',  ( 53.90000000000000568, -10.36714007511208813, 10.00000000000000000 ) ) ;
#5168 = ADVANCED_FACE ( 'NONE', ( #5650 ), #1239, .F. ) ;
#5169 = ORIENTED_EDGE ( 'NONE', *, *, #1729, .T. ) ;
#5170 = EDGE_LOOP ( 'NONE', ( #220, #2111, #684, #2844 ) ) ;
#5171 = PLANE ( 'NONE',  #1175 ) ;
#5172 = DIRECTION ( 'NONE',  ( 0.000000000000000000, 1.000000000000000000, 0.000000000000000000 ) ) ;
#5173 = DIRECTION ( 'NONE',  ( 1.000000000000000000, 0.000000000000000000, 0.000000000000000000 ) ) ;
#5174 = ORIENTED_EDGE ( 'NONE', *, *, #4861, .T. ) ;
#5175 = LINE ( 'NONE', #3771, #3060 ) ;
#5176 = CARTESIAN_POINT ( 'NONE',  ( 76.99999999999998579, -31.50000000000000711, 1.000000000000000888 ) ) ;
#5177 = CARTESIAN_POINT ( 'NONE',  ( 0.000000000000000000, -2.499999999999919176, 10.00000000000000000 ) ) ;
#5178 = CARTESIAN_POINT ( 'NONE',  ( 56.40000000000000568, 0.000000000000000000, 0.000000000000000000 ) ) ;
#5179 = CARTESIAN_POINT ( 'NONE',  ( 75.96142399166005532, -30.46142399166007664, 0.000000000000000000 ) ) ;
#5180 = CARTESIAN_POINT ( 'NONE',  ( 1.549999999999999822, 1.898202538678397212E-16, 10.00000000000000000 ) ) ;
#5181 = ORIENTED_EDGE ( 'NONE', *, *, #1388, .F. ) ;
#5182 = ORIENTED_EDGE ( 'NONE', *, *, #5747, .F. ) ;
#5183 = DIRECTION ( 'NONE',  ( 0.000000000000000000, -1.000000000000000000, 0.000000000000000000 ) ) ;
#5184 = EDGE_CURVE ( 'NONE', #713, #4270, #915, .T. ) ;
#5185 = CARTESIAN_POINT ( 'NONE',  ( 3.250000000000000444, 3.980102097228898231E-16, 3.000000000000000000 ) ) ;
#5186 = CARTESIAN_POINT ( 'NONE',  ( -97.80000000000001137, -8.900000000000000355, 10.00000000000000000 ) ) ;
#5187 = ORIENTED_EDGE ( 'NONE', *, *, #2853, .F. ) ;
#5188 = VERTEX_POINT ( 'NONE', #2499 ) ;
#5189 = CARTESIAN_POINT ( 'NONE',  ( 0.000000000000000000, -22.10000000000000142, 0.000000000000000000 ) ) ;
#5190 = EDGE_CURVE ( 'NONE', #2533, #2516, #4420, .T. ) ;
#5191 = DIRECTION ( 'NONE',  ( -0.000000000000000000, -0.000000000000000000, -1.000000000000000000 ) ) ;
#5192 = CARTESIAN_POINT ( 'NONE',  ( 62.00000000000000000, -1.500000000000008216, 8.999999999999996447 ) ) ;
#5193 = EDGE_LOOP ( 'NONE', ( #3294, #4458, #2726, #4846 ) ) ;
#5194 = ORIENTED_EDGE ( 'NONE', *, *, #5610, .T. ) ;
#5195 = CARTESIAN_POINT ( 'NONE',  ( -0.000000000000000000, -9.400000000000000355, 0.000000000000000000 ) ) ;
#5196 = DIRECTION ( 'NONE',  ( 1.000000000000000000, 0.000000000000000000, 0.000000000000000000 ) ) ;
#5197 = EDGE_CURVE ( 'NONE', #5262, #3872, #2500, .T. ) ;
#5198 = ORIENTED_EDGE ( 'NONE', *, *, #2187, .F. ) ;
#5199 = ORIENTED_EDGE ( 'NONE', *, *, #5030, .F. ) ;
#5200 = ORIENTED_EDGE ( 'NONE', *, *, #1693, .T. ) ;
#5201 = DIRECTION ( 'NONE',  ( 0.7071067811865378028, 0.000000000000000000, 0.7071067811865573427 ) ) ;
#5202 = EDGE_CURVE ( 'NONE', #1186, #5649, #2119, .T. ) ;
#5203 = CARTESIAN_POINT ( 'NONE',  ( 3.250000000000000444, 3.980102097228898231E-16, 0.000000000000000000 ) ) ;
#5204 = CARTESIAN_POINT ( 'NONE',  ( 69.60000000000000853, -8.899999999999998579, 10.00000000000000000 ) ) ;
#5205 = VECTOR ( 'NONE', #1939, 1000.000000000000000 ) ;
#5206 = LINE ( 'NONE', #5274, #2562 ) ;
#5207 = DIRECTION ( 'NONE',  ( 0.000000000000000000, 0.000000000000000000, 1.000000000000000000 ) ) ;
#5208 = DIRECTION ( 'NONE',  ( 0.000000000000000000, -0.000000000000000000, -1.000000000000000000 ) ) ;
#5209 = VERTEX_POINT ( 'NONE', #2535 ) ;
#5210 = CIRCLE ( 'NONE', #1077, 15.00000000000000000 ) ;
#5211 = EDGE_CURVE ( 'NONE', #2017, #573, #4380, .T. ) ;
#5212 = CARTESIAN_POINT ( 'NONE',  ( 32.99999999999998579, -30.50000000000004974, 10.00000000000000000 ) ) ;
#5213 = CARTESIAN_POINT ( 'NONE',  ( 0.000000000000000000, -33.00000000000000000, 3.000000000000000000 ) ) ;
#5214 = AXIS2_PLACEMENT_3D ( 'NONE', #5264, #222, #1234 ) ;
#5215 = LINE ( 'NONE', #326, #5136 ) ;
#5216 = AXIS2_PLACEMENT_3D ( 'NONE', #4475, #355, #1743 ) ;
#5217 = VERTEX_POINT ( 'NONE', #1619 ) ;
#5218 = ORIENTED_EDGE ( 'NONE', *, *, #4533, .F. ) ;
#5219 = CARTESIAN_POINT ( 'NONE',  ( 24.99999999999998579, 0.000000000000000000, 1.000000000000000888 ) ) ;
#5220 = ORIENTED_EDGE ( 'NONE', *, *, #4856, .T. ) ;
#5221 = CONICAL_SURFACE ( 'NONE', #3439, 9.000000000000001776, 0.7853981633974466137 ) ;
#5222 = VECTOR ( 'NONE', #3038, 1000.000000000000000 ) ;
#5223 = AXIS2_PLACEMENT_3D ( 'NONE', #120, #2778, #3241 ) ;
#5224 = CARTESIAN_POINT ( 'NONE',  ( -33.00000000000001421, 6.499999999999999112, 0.000000000000000000 ) ) ;
#5225 = DIRECTION ( 'NONE',  ( -0.000000000000000000, -0.000000000000000000, -1.000000000000000000 ) ) ;
#5226 = CIRCLE ( 'NONE', #3446, 1.550000000000000488 ) ;
#5227 = ORIENTED_EDGE ( 'NONE', *, *, #4260, .T. ) ;
#5228 = VERTEX_POINT ( 'NONE', #5678 ) ;
#5229 = DIRECTION ( 'NONE',  ( -0.000000000000000000, -0.000000000000000000, -1.000000000000000000 ) ) ;
#5230 = ADVANCED_FACE ( 'NONE', ( #2591 ), #5240, .T. ) ;
#5231 = LINE ( 'NONE', #3504, #2322 ) ;
#5232 = VECTOR ( 'NONE', #3745, 1000.000000000000000 ) ;
#5233 = VERTEX_POINT ( 'NONE', #1211 ) ;
#5234 = AXIS2_PLACEMENT_3D ( 'NONE', #1959, #158, #5133 ) ;
#5235 = AXIS2_PLACEMENT_3D ( 'NONE', #230, #5565, #2916 ) ;
#5236 = CARTESIAN_POINT ( 'NONE',  ( 23.99999999999998579, 8.500000000000010658, 10.00000000000000000 ) ) ;
#5237 = ORIENTED_EDGE ( 'NONE', *, *, #4601, .T. ) ;
#5238 = EDGE_CURVE ( 'NONE', #3939, #3377, #5712, .T. ) ;
#5239 = VERTEX_POINT ( 'NONE', #351 ) ;
#5240 = PLANE ( 'NONE',  #4012 ) ;
#5241 = DIRECTION ( 'NONE',  ( 1.000000000000000000, 0.000000000000000000, -0.000000000000000000 ) ) ;
#5242 = CIRCLE ( 'NONE', #2897, 14.00000000000001243 ) ;
#5243 = CARTESIAN_POINT ( 'NONE',  ( 54.90000000000000568, -22.10000000000000142, 0.000000000000000000 ) ) ;
#5244 = LINE ( 'NONE', #1128, #1051 ) ;
#5245 = PLANE ( 'NONE',  #5436 ) ;
#5246 = ADVANCED_FACE ( 'NONE', ( #2153 ), #3951, .T. ) ;
#5247 = DIRECTION ( 'NONE',  ( -0.000000000000000000, -0.000000000000000000, 1.000000000000000000 ) ) ;
#5248 = VECTOR ( 'NONE', #4750, 1000.000000000000000 ) ;
#5249 = ORIENTED_EDGE ( 'NONE', *, *, #5357, .T. ) ;
#5250 = AXIS2_PLACEMENT_3D ( 'NONE', #2267, #25, #382 ) ;
#5251 = ORIENTED_EDGE ( 'NONE', *, *, #1310, .F. ) ;
#5252 = CARTESIAN_POINT ( 'NONE',  ( 54.90000000000000568, -22.63285992488791365, 10.00000000000000000 ) ) ;
#5253 = FACE_BOUND ( 'NONE', #495, .T. ) ;
#5254 = CARTESIAN_POINT ( 'NONE',  ( -97.30000000000001137, 0.000000000000000000, 0.000000000000000000 ) ) ;
#5255 = EDGE_LOOP ( 'NONE', ( #3057, #4756, #5011, #4960 ) ) ;
#5256 = ORIENTED_EDGE ( 'NONE', *, *, #5824, .F. ) ;
#5257 = CARTESIAN_POINT ( 'NONE',  ( 40.49999999999999289, -16.49999999999998579, 9.000000000000000000 ) ) ;
#5258 = EDGE_LOOP ( 'NONE', ( #1812, #2480, #2011, #5285 ) ) ;
#5259 = ORIENTED_EDGE ( 'NONE', *, *, #4705, .T. ) ;
#5260 = CARTESIAN_POINT ( 'NONE',  ( -10.50000000000001599, -26.99999999999999645, -13.49999999999999822 ) ) ;
#5261 = DIRECTION ( 'NONE',  ( 0.000000000000000000, 0.000000000000000000, 1.000000000000000000 ) ) ;
#5262 = VERTEX_POINT ( 'NONE', #524 ) ;
#5263 = EDGE_LOOP ( 'NONE', ( #590, #4581, #1840, #4440, #1559, #5757, #5546, #536, #2042, #1858, #1758, #2817, #5750, #3593, #2163, #5308 ) ) ;
#5264 = CARTESIAN_POINT ( 'NONE',  ( 70.10000000000000853, 0.000000000000000000, 10.00000000000000000 ) ) ;
#5265 = DIRECTION ( 'NONE',  ( -0.000000000000000000, -0.000000000000000000, -1.000000000000000000 ) ) ;
#5266 = EDGE_CURVE ( 'NONE', #5228, #5188, #4568, .T. ) ;
#5267 = CYLINDRICAL_SURFACE ( 'NONE', #2809, 1.549999999999995826 ) ;
#5268 = ORIENTED_EDGE ( 'NONE', *, *, #3453, .F. ) ;
#5269 = ORIENTED_EDGE ( 'NONE', *, *, #3591, .F. ) ;
#5270 = DIRECTION ( 'NONE',  ( 0.000000000000000000, -1.000000000000000000, 0.000000000000000000 ) ) ;
#5271 = ORIENTED_EDGE ( 'NONE', *, *, #3673, .T. ) ;
#5272 = EDGE_CURVE ( 'NONE', #2286, #455, #1471, .T. ) ;
#5273 = CARTESIAN_POINT ( 'NONE',  ( 54.90000000000000568, -10.90000000000000036, 10.00000000000000000 ) ) ;
#5274 = CARTESIAN_POINT ( 'NONE',  ( 52.93285992488791436, -24.60000000000000497, 10.00000000000000000 ) ) ;
#5275 = FACE_OUTER_BOUND ( 'NONE', #2411, .T. ) ;
#5276 = CARTESIAN_POINT ( 'NONE',  ( -25.00000000000001421, 8.500000000000010658, 9.000000000000067502 ) ) ;
#5277 = ORIENTED_EDGE ( 'NONE', *, *, #1680, .F. ) ;
#5278 = LINE ( 'NONE', #3393, #2124 ) ;
#5279 = EDGE_CURVE ( 'NONE', #5262, #3594, #403, .T. ) ;
#5280 = DIRECTION ( 'NONE',  ( 1.000000000000000000, 0.000000000000000000, 0.000000000000000000 ) ) ;
#5281 = DIRECTION ( 'NONE',  ( 1.000000000000000000, 0.000000000000000000, 0.000000000000000000 ) ) ;
#5282 = ORIENTED_EDGE ( 'NONE', *, *, #1090, .T. ) ;
#5283 = VERTEX_POINT ( 'NONE', #3179 ) ;
#5284 = LINE ( 'NONE', #2984, #415 ) ;
#5285 = ORIENTED_EDGE ( 'NONE', *, *, #219, .F. ) ;
#5286 = EDGE_CURVE ( 'NONE', #2811, #2031, #945, .T. ) ;
#5287 = DIRECTION ( 'NONE',  ( -1.000000000000000000, 0.000000000000000000, 0.000000000000000000 ) ) ;
#5288 = DIRECTION ( 'NONE',  ( -0.000000000000000000, -0.7071067811865531239, 0.7071067811865419106 ) ) ;
#5289 = CARTESIAN_POINT ( 'NONE',  ( 70.10000000000000853, -22.10000000000000142, 0.000000000000000000 ) ) ;
#5290 = ORIENTED_EDGE ( 'NONE', *, *, #1310, .T. ) ;
#5291 = VECTOR ( 'NONE', #1614, 1000.000000000000000 ) ;
#5292 = ORIENTED_EDGE ( 'NONE', *, *, #2151, .F. ) ;
#5293 = DIRECTION ( 'NONE',  ( 1.000000000000000000, 0.000000000000000000, 0.000000000000000000 ) ) ;
#5294 = CARTESIAN_POINT ( 'NONE',  ( 0.000000000000000000, 0.000000000000000000, 3.000000000000000000 ) ) ;
#5295 = DIRECTION ( 'NONE',  ( 0.000000000000000000, -0.000000000000000000, -1.000000000000000000 ) ) ;
#5296 = EDGE_LOOP ( 'NONE', ( #2892, #5073, #1695, #3230 ) ) ;
#5297 = CARTESIAN_POINT ( 'NONE',  ( 1.549999999999999822, 1.898202538678397212E-16, 10.00000000000000000 ) ) ;
#5298 = ORIENTED_EDGE ( 'NONE', *, *, #1284, .F. ) ;
#5299 = DIRECTION ( 'NONE',  ( -0.000000000000000000, -0.000000000000000000, -1.000000000000000000 ) ) ;
#5300 = SHAPE_DEFINITION_REPRESENTATION ( #677, #3107 ) ;
#5301 = CARTESIAN_POINT ( 'NONE',  ( 0.000000000000000000, -24.60000000000000497, 10.00000000000000000 ) ) ;
#5302 = EDGE_CURVE ( 'NONE', #3094, #5592, #4004, .T. ) ;
#5303 = DIRECTION ( 'NONE',  ( 1.000000000000000000, 0.000000000000000000, 0.000000000000000000 ) ) ;
#5304 = EDGE_CURVE ( 'NONE', #503, #5592, #21, .T. ) ;
#5305 = LINE ( 'NONE', #2160, #5329 ) ;
#5306 = LINE ( 'NONE', #3157, #335 ) ;
#5307 = CARTESIAN_POINT ( 'NONE',  ( -0.000000000000000000, -40.49999999999999289, 0.000000000000000000 ) ) ;
#5308 = ORIENTED_EDGE ( 'NONE', *, *, #5572, .F. ) ;
#5309 = AXIS2_PLACEMENT_3D ( 'NONE', #513, #3565, #4527 ) ;
#5310 = ADVANCED_FACE ( 'NONE', ( #2237 ), #918, .T. ) ;
#5311 = ORIENTED_EDGE ( 'NONE', *, *, #5736, .F. ) ;
#5312 = FACE_OUTER_BOUND ( 'NONE', #2990, .T. ) ;
#5313 = ORIENTED_EDGE ( 'NONE', *, *, #4072, .F. ) ;
#5314 = PRESENTATION_STYLE_ASSIGNMENT (( #5434 ) ) ;
#5315 = CARTESIAN_POINT ( 'NONE',  ( -95.80000000000001137, -8.400000000000005684, 0.000000000000000000 ) ) ;
#5316 = DIRECTION ( 'NONE',  ( -1.000000000000000000, 0.000000000000000000, 0.000000000000000000 ) ) ;
#5317 = DIRECTION ( 'NONE',  ( -1.000000000000000000, 0.000000000000000000, 0.000000000000000000 ) ) ;
#5318 = ADVANCED_FACE ( 'NONE', ( #862 ), #2652, .F. ) ;
#5319 = ORIENTED_EDGE ( 'NONE', *, *, #4150, .T. ) ;
#5320 = ORIENTED_EDGE ( 'NONE', *, *, #2625, .T. ) ;
#5321 = CARTESIAN_POINT ( 'NONE',  ( 76.99999999999998579, -16.50000000000000711, 8.999999999999996447 ) ) ;
#5322 = VECTOR ( 'NONE', #4562, 1000.000000000000000 ) ;
#5323 = AXIS2_PLACEMENT_3D ( 'NONE', #3558, #1874, #1070 ) ;
#5324 = DIRECTION ( 'NONE',  ( 0.000000000000000000, 0.000000000000000000, -1.000000000000000000 ) ) ;
#5325 = VECTOR ( 'NONE', #1220, 1000.000000000000000 ) ;
#5326 = CONICAL_SURFACE ( 'NONE', #333, 9.500000000000008882, 0.7853981633974482790 ) ;
#5327 = LINE ( 'NONE', #5236, #5149 ) ;
#5328 = VECTOR ( 'NONE', #1281, 1000.000000000000000 ) ;
#5329 = VECTOR ( 'NONE', #1362, 1000.000000000000000 ) ;
#5330 = ORIENTED_EDGE ( 'NONE', *, *, #219, .T. ) ;
#5331 = CARTESIAN_POINT ( 'NONE',  ( 0.000000000000000000, -33.00000000000000000, 10.00000000000000000 ) ) ;
#5332 = CIRCLE ( 'NONE', #2410, 8.000000000000000000 ) ;
#5333 = VERTEX_POINT ( 'NONE', #1803 ) ;
#5334 = LINE ( 'NONE', #440, #904 ) ;
#5335 = VECTOR ( 'NONE', #4210, 999.9999999999998863 ) ;
#5336 = DIRECTION ( 'NONE',  ( 1.000000000000000000, 0.000000000000000000, 0.000000000000000000 ) ) ;
#5337 = AXIS2_PLACEMENT_3D ( 'NONE', #1170, #2530, #253 ) ;
#5338 = DIRECTION ( 'NONE',  ( 1.000000000000000000, 0.000000000000000000, 0.000000000000000000 ) ) ;
#5339 = CARTESIAN_POINT ( 'NONE',  ( 0.000000000000000000, -1.500000000000008216, 1.000000000000000888 ) ) ;
#5340 = CARTESIAN_POINT ( 'NONE',  ( -97.30000000000001137, -22.63285992488788523, 0.000000000000000000 ) ) ;
#5341 = LINE ( 'NONE', #5721, #1849 ) ;
#5342 = EDGE_CURVE ( 'NONE', #1072, #3717, #469, .T. ) ;
#5343 = DIRECTION ( 'NONE',  ( -0.000000000000000000, -0.000000000000000000, -1.000000000000000000 ) ) ;
#5344 = ORIENTED_EDGE ( 'NONE', *, *, #5101, .T. ) ;
#5345 = AXIS2_PLACEMENT_3D ( 'NONE', #2682, #890, #3182 ) ;
#5346 = ORIENTED_EDGE ( 'NONE', *, *, #5427, .T. ) ;
#5347 = PLANE ( 'NONE',  #5223 ) ;
#5348 = DIRECTION ( 'NONE',  ( -1.000000000000000000, 0.000000000000000000, 0.000000000000000000 ) ) ;
#5349 = EDGE_CURVE ( 'NONE', #2803, #10, #3571, .T. ) ;
#5350 = DIRECTION ( 'NONE',  ( 0.000000000000000000, 0.000000000000000000, 1.000000000000000000 ) ) ;
#5351 = CARTESIAN_POINT ( 'NONE',  ( 53.90000000000000568, -26.10000000000000142, 0.000000000000000000 ) ) ;
#5352 = VECTOR ( 'NONE', #4369, 1000.000000000000000 ) ;
#5353 = VERTEX_POINT ( 'NONE', #1883 ) ;
#5354 = CYLINDRICAL_SURFACE ( 'NONE', #420, 1.549999999999968070 ) ;
#5355 = DIRECTION ( 'NONE',  ( 0.000000000000000000, 1.000000000000000000, -0.000000000000000000 ) ) ;
#5356 = DIRECTION ( 'NONE',  ( -1.000000000000000000, 0.000000000000000000, 0.000000000000000000 ) ) ;
#5357 = EDGE_CURVE ( 'NONE', #1960, #1438, #3096, .T. ) ;
#5358 = DIRECTION ( 'NONE',  ( -0.000000000000000000, -0.000000000000000000, -1.000000000000000000 ) ) ;
#5359 = ORIENTED_EDGE ( 'NONE', *, *, #5266, .T. ) ;
#5360 = DIRECTION ( 'NONE',  ( -0.000000000000000000, -0.000000000000000000, -1.000000000000000000 ) ) ;
#5361 = VERTEX_POINT ( 'NONE', #1415 ) ;
#5362 = ADVANCED_FACE ( 'NONE', ( #3121 ), #3624, .T. ) ;
#5363 = FACE_OUTER_BOUND ( 'NONE', #2427, .T. ) ;
#5364 = DIRECTION ( 'NONE',  ( -0.000000000000000000, -0.000000000000000000, -1.000000000000000000 ) ) ;
#5365 = DIRECTION ( 'NONE',  ( 1.000000000000000000, 0.000000000000000000, 0.000000000000000000 ) ) ;
#5366 = DIRECTION ( 'NONE',  ( 0.000000000000000000, 1.000000000000000000, -0.000000000000000000 ) ) ;
#5367 = CARTESIAN_POINT ( 'NONE',  ( -99.26714007511212401, -8.400000000000005684, 10.00000000000000000 ) ) ;
#5368 = DIRECTION ( 'NONE',  ( 1.000000000000000000, 0.000000000000000000, 0.000000000000000000 ) ) ;
#5369 = ORIENTED_EDGE ( 'NONE', *, *, #2000, .T. ) ;
#5370 = ORIENTED_EDGE ( 'NONE', *, *, #1240, .T. ) ;
#5371 = EDGE_CURVE ( 'NONE', #1549, #1960, #4470, .T. ) ;
#5372 = CARTESIAN_POINT ( 'NONE',  ( -1.549999999999999822, 0.000000000000000000, 10.00000000000000000 ) ) ;
#5373 = VECTOR ( 'NONE', #3799, 1000.000000000000000 ) ;
#5374 = FACE_OUTER_BOUND ( 'NONE', #110, .T. ) ;
#5375 = FACE_OUTER_BOUND ( 'NONE', #3456, .T. ) ;
#5376 = ORIENTED_EDGE ( 'NONE', *, *, #2880, .T. ) ;
#5377 = DIRECTION ( 'NONE',  ( -0.000000000000000000, -0.000000000000000000, -1.000000000000000000 ) ) ;
#5378 = EDGE_CURVE ( 'NONE', #847, #2281, #1356, .T. ) ;
#5379 = CARTESIAN_POINT ( 'NONE',  ( 69.10000000000000853, 0.000000000000000000, 0.000000000000000000 ) ) ;
#5380 = EDGE_CURVE ( 'NONE', #4579, #416, #2287, .T. ) ;
#5381 = CARTESIAN_POINT ( 'NONE',  ( 0.000000000000000000, -8.399999999999998579, 0.000000000000000000 ) ) ;
#5382 = ORIENTED_EDGE ( 'NONE', *, *, #5541, .T. ) ;
#5383 = EDGE_CURVE ( 'NONE', #2694, #5520, #1857, .T. ) ;
#5384 = DIRECTION ( 'NONE',  ( 0.000000000000000000, -1.000000000000000000, 0.000000000000000000 ) ) ;
#5385 = UNCERTAINTY_MEASURE_WITH_UNIT (LENGTH_MEASURE( 1.000000000000000082E-05 ), #5128, 'distance_accuracy_value', 'NONE');
#5386 = ORIENTED_EDGE ( 'NONE', *, *, #2573, .T. ) ;
#5387 = DIRECTION ( 'NONE',  ( 0.000000000000000000, -0.7071067811865573427, -0.7071067811865378028 ) ) ;
#5388 = CYLINDRICAL_SURFACE ( 'NONE', #727, 1.549999999999968070 ) ;
#5389 = EDGE_CURVE ( 'NONE', #573, #3164, #2764, .T. ) ;
#5390 = CARTESIAN_POINT ( 'NONE',  ( -97.80000000000001137, -24.10000000000000497, 10.00000000000000000 ) ) ;
#5391 = CARTESIAN_POINT ( 'NONE',  ( -126.8000000000000824, -16.50000000000000000, 10.00000000000000000 ) ) ;
#5392 = DIRECTION ( 'NONE',  ( -0.5773502691896263972, 0.5773502691896172934, 0.5773502691896335026 ) ) ;
#5393 = CARTESIAN_POINT ( 'NONE',  ( 76.99999999999997158, -1.500000000000007327, 8.999999999999996447 ) ) ;
#5394 = ORIENTED_EDGE ( 'NONE', *, *, #4844, .T. ) ;
#5395 = B_SPLINE_CURVE_WITH_KNOTS ( 'NONE', 3,
 ( #4328, #3512, #3067, #2975 ),
 .UNSPECIFIED., .F., .F.,
 ( 4, 4 ),
 ( 0.000000000000000000, 0.001776873729390675456 ),
 .UNSPECIFIED. ) ;
#5396 = ADVANCED_FACE ( 'NONE', ( #169 ), #1440, .F. ) ;
#5397 = ORIENTED_EDGE ( 'NONE', *, *, #511, .T. ) ;
#5398 = ORIENTED_EDGE ( 'NONE', *, *, #5551, .F. ) ;
#5399 = DIRECTION ( 'NONE',  ( 1.000000000000000000, 0.000000000000000000, 0.000000000000000000 ) ) ;
#5400 = LINE ( 'NONE', #4903, #3943 ) ;
#5401 = CARTESIAN_POINT ( 'NONE',  ( -98.30000000000001137, 0.000000000000000000, 10.00000000000000000 ) ) ;
#5402 = ORIENTED_EDGE ( 'NONE', *, *, #919, .T. ) ;
#5403 = CARTESIAN_POINT ( 'NONE',  ( -99.80000000000001137, 0.000000000000000000, 10.00000000000000000 ) ) ;
#5404 = PLANE ( 'NONE',  #1279 ) ;
#5405 = CARTESIAN_POINT ( 'NONE',  ( -99.26714007511212401, -9.400000000000007461, 10.00000000000000000 ) ) ;
#5406 = VECTOR ( 'NONE', #5377, 1000.000000000000000 ) ;
#5407 = DIRECTION ( 'NONE',  ( 1.000000000000000000, 0.000000000000000000, 0.000000000000000000 ) ) ;
#5408 = EDGE_CURVE ( 'NONE', #1549, #5217, #1119, .T. ) ;
#5409 = VECTOR ( 'NONE', #3384, 1000.000000000000000 ) ;
#5410 = VECTOR ( 'NONE', #4964, 999.9999999999998863 ) ;
#5411 = ORIENTED_EDGE ( 'NONE', *, *, #674, .F. ) ;
#5412 = VECTOR ( 'NONE', #2361, 1000.000000000000000 ) ;
#5413 = CARTESIAN_POINT ( 'NONE',  ( -84.49999999999998579, -8.000000000000000000, 0.000000000000000000 ) ) ;
#5414 = ORIENTED_EDGE ( 'NONE', *, *, #3329, .F. ) ;
#5415 = VECTOR ( 'NONE', #3205, 1000.000000000000000 ) ;
#5416 = VECTOR ( 'NONE', #1984, 1000.000000000000000 ) ;
#5417 = AXIS2_PLACEMENT_3D ( 'NONE', #4832, #3007, #751 ) ;
#5418 = EDGE_CURVE ( 'NONE', #2217, #2238, #4170, .T. ) ;
#5419 = DIRECTION ( 'NONE',  ( 1.000000000000000000, 0.000000000000000000, 0.000000000000000000 ) ) ;
#5420 = DIRECTION ( 'NONE',  ( -0.000000000000000000, -0.000000000000000000, 1.000000000000000000 ) ) ;
#5421 = ORIENTED_EDGE ( 'NONE', *, *, #2007, .F. ) ;
#5422 = CARTESIAN_POINT ( 'NONE',  ( -84.49999999999998579, -26.00000000000000355, 10.00000000000000000 ) ) ;
#5423 = ORIENTED_EDGE ( 'NONE', *, *, #5144, .F. ) ;
#5424 = FACE_OUTER_BOUND ( 'NONE', #3215, .T. ) ;
#5425 = DIRECTION ( 'NONE',  ( -0.000000000000000000, -0.000000000000000000, -1.000000000000000000 ) ) ;
#5426 = AXIS2_PLACEMENT_3D ( 'NONE', #3742, #4232, #4206 ) ;
#5427 = EDGE_CURVE ( 'NONE', #4671, #2551, #3912, .T. ) ;
#5428 = ADVANCED_FACE ( 'NONE', ( #4258 ), #1504, .T. ) ;
#5429 = DIRECTION ( 'NONE',  ( 1.000000000000000000, 0.000000000000000000, 0.000000000000000000 ) ) ;
#5430 = ORIENTED_EDGE ( 'NONE', *, *, #4795, .T. ) ;
#5431 = ORIENTED_EDGE ( 'NONE', *, *, #1692, .F. ) ;
#5432 = AXIS2_PLACEMENT_3D ( 'NONE', #31, #5009, #5429 ) ;
#5433 = ORIENTED_EDGE ( 'NONE', *, *, #3491, .F. ) ;
#5434 = SURFACE_STYLE_USAGE ( .BOTH. , #1841 ) ;
#5435 = DIRECTION ( 'NONE',  ( 0.000000000000000000, 0.000000000000000000, -1.000000000000000000 ) ) ;
#5436 = AXIS2_PLACEMENT_3D ( 'NONE', #4828, #4863, #803 ) ;
#5437 = CARTESIAN_POINT ( 'NONE',  ( 24.99999999999998579, 0.000000000000000000, 10.00000000000000000 ) ) ;
#5438 = LINE ( 'NONE', #1021, #5146 ) ;
#5439 = ORIENTED_EDGE ( 'NONE', *, *, #2230, .T. ) ;
#5440 = CARTESIAN_POINT ( 'NONE',  ( 0.000000000000000000, 0.000000000000000000, 0.000000000000000000 ) ) ;
#5441 = CARTESIAN_POINT ( 'NONE',  ( -98.30000000000001137, 0.000000000000000000, 10.00000000000000000 ) ) ;
#5442 = DIRECTION ( 'NONE',  ( 1.000000000000000000, 0.000000000000000000, 0.000000000000000000 ) ) ;
#5443 = VECTOR ( 'NONE', #4879, 1000.000000000000000 ) ;
#5444 = DIRECTION ( 'NONE',  ( -0.000000000000000000, 0.000000000000000000, 1.000000000000000000 ) ) ;
#5445 = AXIS2_PLACEMENT_3D ( 'NONE', #507, #1407, #2224 ) ;
#5446 = ORIENTED_EDGE ( 'NONE', *, *, #3715, .T. ) ;
#5447 = CARTESIAN_POINT ( 'NONE',  ( -112.8000000000000114, -1.500000000000001332, 10.00000000000000000 ) ) ;
#5448 = ADVANCED_FACE ( 'NONE', ( #5534 ), #5326, .F. ) ;
#5449 = ORIENTED_EDGE ( 'NONE', *, *, #2907, .T. ) ;
#5450 = DIRECTION ( 'NONE',  ( 0.000000000000000000, -0.000000000000000000, 1.000000000000000000 ) ) ;
#5451 = CARTESIAN_POINT ( 'NONE',  ( 54.90000000000000568, -7.432859924887910807, 0.000000000000000000 ) ) ;
#5452 = ADVANCED_FACE ( 'NONE', ( #2373 ), #3316, .F. ) ;
#5453 = CARTESIAN_POINT ( 'NONE',  ( 23.99999999999998579, 6.499999999999992006, 10.00000000000000000 ) ) ;
#5454 = CARTESIAN_POINT ( 'NONE',  ( 54.40000000000000568, -24.10000000000000142, 0.000000000000000000 ) ) ;
#5455 = CARTESIAN_POINT ( 'NONE',  ( 70.10000000000000853, -10.89999999999999858, 0.000000000000000000 ) ) ;
#5456 = ORIENTED_EDGE ( 'NONE', *, *, #523, .T. ) ;
#5457 = ORIENTED_EDGE ( 'NONE', *, *, #1163, .T. ) ;
#5458 = EDGE_CURVE ( 'NONE', #573, #4728, #109, .T. ) ;
#5459 = ORIENTED_EDGE ( 'NONE', *, *, #3158, .T. ) ;
#5460 = LINE ( 'NONE', #1539, #2402 ) ;
#5461 = CARTESIAN_POINT ( 'NONE',  ( -112.8000000000000114, -30.50000000000000000, 0.000000000000000000 ) ) ;
#5462 = LINE ( 'NONE', #906, #4881 ) ;
#5463 = VERTEX_POINT ( 'NONE', #5143 ) ;
#5464 = DIRECTION ( 'NONE',  ( 1.000000000000000000, 0.000000000000000000, 0.000000000000000000 ) ) ;
#5465 = ORIENTED_EDGE ( 'NONE', *, *, #5810, .F. ) ;
#5466 = CARTESIAN_POINT ( 'NONE',  ( -112.8000000000000114, -31.50000000000000000, 9.000000000000067502 ) ) ;
#5467 = EDGE_CURVE ( 'NONE', #3685, #3133, #4144, .T. ) ;
#5468 = DIRECTION ( 'NONE',  ( -8.831770080096237008E-17, 0.7071067811865475727, 0.7071067811865474617 ) ) ;
#5469 = LINE ( 'NONE', #5023, #550 ) ;
#5470 = EDGE_LOOP ( 'NONE', ( #601, #3336, #4874, #3050 ) ) ;
#5471 = CARTESIAN_POINT ( 'NONE',  ( -33.00000000000001421, -2.500000000000002220, 0.000000000000000000 ) ) ;
#5472 = CARTESIAN_POINT ( 'NONE',  ( 23.99999999999998579, 0.000000000000000000, 0.000000000000000000 ) ) ;
#5473 = EDGE_CURVE ( 'NONE', #4003, #1185, #818, .T. ) ;
#5474 = ORIENTED_EDGE ( 'NONE', *, *, #5127, .T. ) ;
#5475 = VECTOR ( 'NONE', #4289, 1000.000000000000000 ) ;
#5476 = CARTESIAN_POINT ( 'NONE',  ( 47.00000000000001421, -31.50000000000000711, 9.000000000000031974 ) ) ;
#5477 = AXIS2_PLACEMENT_3D ( 'NONE', #1244, #773, #1594 ) ;
#5478 = LINE ( 'NONE', #3602, #5322 ) ;
#5479 = EDGE_LOOP ( 'NONE', ( #3345, #1975, #4002, #4230 ) ) ;
#5480 = CARTESIAN_POINT ( 'NONE',  ( 76.99999999999998579, -31.50000000000000711, 8.999999999999996447 ) ) ;
#5481 = FACE_OUTER_BOUND ( 'NONE', #4005, .T. ) ;
#5482 = DIRECTION ( 'NONE',  ( -0.000000000000000000, -0.000000000000000000, -1.000000000000000000 ) ) ;
#5483 = ORIENTED_EDGE ( 'NONE', *, *, #3575, .F. ) ;
#5484 = ADVANCED_FACE ( 'NONE', ( #1909 ), #2025, .F. ) ;
#5485 = EDGE_LOOP ( 'NONE', ( #5556, #1257, #2610, #3562 ) ) ;
#5486 = DIRECTION ( 'NONE',  ( 1.000000000000000000, 1.110223024625156787E-16, 0.000000000000000000 ) ) ;
#5487 = CARTESIAN_POINT ( 'NONE',  ( 0.000000000000000000, -23.60000000000000142, 0.000000000000000000 ) ) ;
#5488 = CARTESIAN_POINT ( 'NONE',  ( 24.99999999999998579, 6.499999999999992006, 1.000000000000000666 ) ) ;
#5489 = ADVANCED_FACE ( 'NONE', ( #137 ), #2879, .T. ) ;
#5490 = ORIENTED_EDGE ( 'NONE', *, *, #4552, .T. ) ;
#5491 = DIRECTION ( 'NONE',  ( -1.000000000000000000, 0.000000000000000000, -0.000000000000000000 ) ) ;
#5492 = ORIENTED_EDGE ( 'NONE', *, *, #4336, .T. ) ;
#5493 = DIRECTION ( 'NONE',  ( 0.000000000000000000, -1.000000000000000000, 0.000000000000000000 ) ) ;
#5494 = CARTESIAN_POINT ( 'NONE',  ( -84.49999999999998579, -25.00000000000000000, 1.000000000000000888 ) ) ;
#5495 = FACE_OUTER_BOUND ( 'NONE', #4939, .T. ) ;
#5496 = EDGE_CURVE ( 'NONE', #330, #266, #728, .T. ) ;
#5497 = EDGE_LOOP ( 'NONE', ( #5606, #736, #11, #693 ) ) ;
#5498 = CARTESIAN_POINT ( 'NONE',  ( -99.26714007511212401, -8.400000000000005684, 0.000000000000000000 ) ) ;
#5499 = CIRCLE ( 'NONE', #2859, 14.00000000000002665 ) ;
#5500 = LINE ( 'NONE', #1469, #626 ) ;
#5501 = ORIENTED_EDGE ( 'NONE', *, *, #4972, .F. ) ;
#5502 = VECTOR ( 'NONE', #3907, 1000.000000000000000 ) ;
#5503 = AXIS2_PLACEMENT_3D ( 'NONE', #5040, #1445, #3235 ) ;
#5504 = CARTESIAN_POINT ( 'NONE',  ( 47.33740027002955486, -31.16259972997047001, 9.337400270029576177 ) ) ;
#5505 = FACE_OUTER_BOUND ( 'NONE', #2953, .T. ) ;
#5506 = VECTOR ( 'NONE', #4577, 1000.000000000000000 ) ;
#5507 =( GEOMETRIC_REPRESENTATION_CONTEXT ( 3 ) GLOBAL_UNCERTAINTY_ASSIGNED_CONTEXT ( ( #5385 ) ) GLOBAL_UNIT_ASSIGNED_CONTEXT ( ( #5128, #2834, #1921 ) ) REPRESENTATION_CONTEXT ( 'NONE', 'WORKASPACE' ) );
#5508 = CARTESIAN_POINT ( 'NONE',  ( -25.00000000000001421, 0.000000000000000000, 10.00000000000000000 ) ) ;
#5509 = CARTESIAN_POINT ( 'NONE',  ( 71.06714007511209275, -23.60000000000000142, 0.000000000000000000 ) ) ;
#5510 = VECTOR ( 'NONE', #4913, 1000.000000000000000 ) ;
#5511 = CARTESIAN_POINT ( 'NONE',  ( 76.31220805098155324, -2.187791949018444981, 0.3237949338274084266 ) ) ;
#5512 = AXIS2_PLACEMENT_3D ( 'NONE', #2571, #1630, #2979 ) ;
#5513 = EDGE_LOOP ( 'NONE', ( #343, #4331, #4371, #5237 ) ) ;
#5514 = ORIENTED_EDGE ( 'NONE', *, *, #323, .F. ) ;
#5515 = DIRECTION ( 'NONE',  ( 1.000000000000000000, 0.000000000000000000, 0.000000000000000000 ) ) ;
#5516 = AXIS2_PLACEMENT_3D ( 'NONE', #2379, #2296, #2747 ) ;
#5517 = ADVANCED_FACE ( 'NONE', ( #3708 ), #3923, .F. ) ;
#5518 = DIRECTION ( 'NONE',  ( 0.000000000000000000, 1.000000000000000000, 0.000000000000000000 ) ) ;
#5519 = DIRECTION ( 'NONE',  ( -0.7071067811865463515, 0.000000000000000000, -0.7071067811865487940 ) ) ;
#5520 = VERTEX_POINT ( 'NONE', #2823 ) ;
#5521 = CARTESIAN_POINT ( 'NONE',  ( 40.49999999999999289, -6.999999999999985789, 0.000000000000000000 ) ) ;
#5522 = ORIENTED_EDGE ( 'NONE', *, *, #1859, .T. ) ;
#5523 = DIRECTION ( 'NONE',  ( -0.000000000000000000, -0.000000000000000000, -1.000000000000000000 ) ) ;
#5524 = ORIENTED_EDGE ( 'NONE', *, *, #835, .T. ) ;
#5525 = EDGE_CURVE ( 'NONE', #4160, #3417, #1950, .T. ) ;
#5526 = VECTOR ( 'NONE', #1231, 1000.000000000000000 ) ;
#5527 = CIRCLE ( 'NONE', #5715, 14.00000000000001243 ) ;
#5528 = CARTESIAN_POINT ( 'NONE',  ( -97.30000000000001137, 0.000000000000000000, 0.000000000000000000 ) ) ;
#5529 = EDGE_LOOP ( 'NONE', ( #3730, #4102, #1988, #5692 ) ) ;
#5530 = AXIS2_PLACEMENT_3D ( 'NONE', #788, #4438, #2667 ) ;
#5531 = VERTEX_POINT ( 'NONE', #2349 ) ;
#5532 = CARTESIAN_POINT ( 'NONE',  ( 52.40000000000000568, 0.000000000000000000, 10.00000000000000000 ) ) ;
#5533 = AXIS2_PLACEMENT_3D ( 'NONE', #3032, #3451, #1716 ) ;
#5534 = FACE_OUTER_BOUND ( 'NONE', #5104, .T. ) ;
#5535 = EDGE_CURVE ( 'NONE', #2509, #1252, #5500, .T. ) ;
#5536 = VERTEX_POINT ( 'NONE', #1940 ) ;
#5537 = AXIS2_PLACEMENT_3D ( 'NONE', #691, #5554, #665 ) ;
#5538 = DIRECTION ( 'NONE',  ( -7.850462293418880764E-17, 0.7071067811865479058, 0.7071067811865472397 ) ) ;
#5539 = ORIENTED_EDGE ( 'NONE', *, *, #1910, .F. ) ;
#5540 = DIRECTION ( 'NONE',  ( 0.000000000000000000, 0.7071067811865474617, 0.7071067811865474617 ) ) ;
#5541 = EDGE_CURVE ( 'NONE', #1733, #1438, #5616, .T. ) ;
#5542 = CARTESIAN_POINT ( 'NONE',  ( 3.250000000000000888, -33.00000000000000000, 3.000000000000000000 ) ) ;
#5543 = DIRECTION ( 'NONE',  ( 1.000000000000000000, 0.000000000000000000, 0.000000000000000000 ) ) ;
#5544 = LINE ( 'NONE', #93, #833 ) ;
#5545 = EDGE_LOOP ( 'NONE', ( #4532, #3964, #1486, #3372 ) ) ;
#5546 = ORIENTED_EDGE ( 'NONE', *, *, #2973, .T. ) ;
#5547 = CARTESIAN_POINT ( 'NONE',  ( 40.49999999999999289, -25.99999999999998934, 0.000000000000000000 ) ) ;
#5548 = LINE ( 'NONE', #4158, #4754 ) ;
#5549 = CARTESIAN_POINT ( 'NONE',  ( 23.99999999999998579, 7.500000000000009770, 10.00000000000000000 ) ) ;
#5550 = ORIENTED_EDGE ( 'NONE', *, *, #664, .T. ) ;
#5551 = EDGE_CURVE ( 'NONE', #2217, #3717, #2882, .T. ) ;
#5552 = CARTESIAN_POINT ( 'NONE',  ( 47.00000000000001421, -31.50000000000000711, 1.000000000000000888 ) ) ;
#5553 = VERTEX_POINT ( 'NONE', #3437 ) ;
#5554 = DIRECTION ( 'NONE',  ( 0.000000000000000000, 0.000000000000000000, -1.000000000000000000 ) ) ;
#5555 = EDGE_CURVE ( 'NONE', #2281, #3812, #5231, .T. ) ;
#5556 = ORIENTED_EDGE ( 'NONE', *, *, #670, .T. ) ;
#5557 = ORIENTED_EDGE ( 'NONE', *, *, #4414, .T. ) ;
#5558 = CARTESIAN_POINT ( 'NONE',  ( -99.80000000000001137, -9.400000000000007461, 0.000000000000000000 ) ) ;
#5559 = EDGE_CURVE ( 'NONE', #3086, #1075, #3457, .T. ) ;
#5560 = DIRECTION ( 'NONE',  ( -1.000000000000000000, 0.000000000000000000, 0.000000000000000000 ) ) ;
#5561 = DIRECTION ( 'NONE',  ( 0.000000000000000000, 1.000000000000000000, 0.000000000000000000 ) ) ;
#5562 = ADVANCED_FACE ( 'NONE', ( #4725 ), #2147, .F. ) ;
#5563 = DIRECTION ( 'NONE',  ( 1.000000000000000000, 0.000000000000000000, 0.000000000000000000 ) ) ;
#5564 = DIRECTION ( 'NONE',  ( -0.000000000000000000, -0.000000000000000000, -1.000000000000000000 ) ) ;
#5565 = DIRECTION ( 'NONE',  ( 8.831770080096237008E-17, -0.7071067811865475727, 0.7071067811865474617 ) ) ;
#5566 = DIRECTION ( 'NONE',  ( 0.000000000000000000, -0.000000000000000000, -1.000000000000000000 ) ) ;
#5567 = ADVANCED_FACE ( 'NONE', ( #3882 ), #2233, .F. ) ;
#5568 = ORIENTED_EDGE ( 'NONE', *, *, #4877, .F. ) ;
#5569 = EDGE_LOOP ( 'NONE', ( #2765, #3937, #3994, #2704 ) ) ;
#5570 = FACE_BOUND ( 'NONE', #2394, .T. ) ;
#5571 = DIRECTION ( 'NONE',  ( -1.000000000000000000, 0.000000000000000000, 0.000000000000000000 ) ) ;
#5572 = EDGE_CURVE ( 'NONE', #1357, #2638, #4376, .T. ) ;
#5573 = ORIENTED_EDGE ( 'NONE', *, *, #4253, .T. ) ;
#5574 = ORIENTED_EDGE ( 'NONE', *, *, #4752, .T. ) ;
#5575 = DIRECTION ( 'NONE',  ( -0.000000000000000000, -0.000000000000000000, -1.000000000000000000 ) ) ;
#5576 = EDGE_LOOP ( 'NONE', ( #2449, #5522, #989, #4384, #2492, #404, #2511, #4489, #5582, #2985, #1992, #5268, #102, #4311, #2528, #268 ) ) ;
#5577 = DIRECTION ( 'NONE',  ( -0.000000000000000000, 0.000000000000000000, 1.000000000000000000 ) ) ;
#5578 = EDGE_LOOP ( 'NONE', ( #41, #4247, #3165, #2815 ) ) ;
#5579 = ORIENTED_EDGE ( 'NONE', *, *, #3213, .T. ) ;
#5580 = LINE ( 'NONE', #5026, #2484 ) ;
#5581 = CARTESIAN_POINT ( 'NONE',  ( 69.60000000000000853, -8.899999999999998579, 0.000000000000000000 ) ) ;
#5582 = ORIENTED_EDGE ( 'NONE', *, *, #1256, .F. ) ;
#5583 = EDGE_CURVE ( 'NONE', #4110, #1252, #5733, .T. ) ;
#5584 = CIRCLE ( 'NONE', #3327, 1.549999999999968070 ) ;
#5585 = LINE ( 'NONE', #112, #5409 ) ;
#5586 = CARTESIAN_POINT ( 'NONE',  ( 68.13285992488792431, -23.60000000000000142, 0.000000000000000000 ) ) ;
#5587 = VECTOR ( 'NONE', #2473, 1000.000000000000000 ) ;
#5588 = ADVANCED_FACE ( 'NONE', ( #4415 ), #1681, .F. ) ;
#5589 = CARTESIAN_POINT ( 'NONE',  ( 62.00000000000000000, -1.500000000000008216, 8.999999999999996447 ) ) ;
#5590 = DIRECTION ( 'NONE',  ( -1.000000000000000000, 0.000000000000000000, 0.000000000000000000 ) ) ;
#5591 = DIRECTION ( 'NONE',  ( -1.000000000000000000, 0.000000000000000000, 0.000000000000000000 ) ) ;
#5592 = VERTEX_POINT ( 'NONE', #3407 ) ;
#5593 = VECTOR ( 'NONE', #26, 1000.000000000000000 ) ;
#5594 = AXIS2_PLACEMENT_3D ( 'NONE', #4649, #5151, #3386 ) ;
#5596 = AXIS2_PLACEMENT_3D ( 'NONE', #3564, #3996, #2670 ) ;
#5595 = LINE ( 'NONE', #547, #4179 ) ;
#5597 = ORIENTED_EDGE ( 'NONE', *, *, #1366, .T. ) ;
#5598 = ORIENTED_EDGE ( 'NONE', *, *, #3288, .T. ) ;
#5599 = CARTESIAN_POINT ( 'NONE',  ( 52.40000000000000568, 0.000000000000000000, 0.000000000000000000 ) ) ;
#5600 = ADVANCED_FACE ( 'NONE', ( #4820 ), #1708, .F. ) ;
#5601 = DIRECTION ( 'NONE',  ( -0.000000000000000000, -0.000000000000000000, -1.000000000000000000 ) ) ;
#5602 = AXIS2_PLACEMENT_3D ( 'NONE', #1969, #2436, #1529 ) ;
#5603 = AXIS2_PLACEMENT_3D ( 'NONE', #687, #2863, #3782 ) ;
#5604 = CARTESIAN_POINT ( 'NONE',  ( -97.30000000000001137, 0.000000000000000000, 10.00000000000000000 ) ) ;
#5605 = EDGE_LOOP ( 'NONE', ( #2392, #5671, #3727, #3131 ) ) ;
#5606 = ORIENTED_EDGE ( 'NONE', *, *, #868, .T. ) ;
#5607 = VECTOR ( 'NONE', #846, 1000.000000000000000 ) ;
#5608 = FACE_OUTER_BOUND ( 'NONE', #4540, .T. ) ;
#5609 = VECTOR ( 'NONE', #1651, 1000.000000000000000 ) ;
#5610 = EDGE_CURVE ( 'NONE', #107, #3854, #282, .T. ) ;
#5611 = AXIS2_PLACEMENT_3D ( 'NONE', #3380, #4319, #345 ) ;
#5612 = DIRECTION ( 'NONE',  ( 0.000000000000000000, 0.000000000000000000, 1.000000000000000000 ) ) ;
#5613 = ORIENTED_EDGE ( 'NONE', *, *, #4690, .F. ) ;
#5614 = ORIENTED_EDGE ( 'NONE', *, *, #3213, .F. ) ;
#5615 = DIRECTION ( 'NONE',  ( 0.000000000000000000, -0.000000000000000000, -1.000000000000000000 ) ) ;
#5616 = LINE ( 'NONE', #5673, #4023 ) ;
#5617 = ORIENTED_EDGE ( 'NONE', *, *, #4719, .T. ) ;
#5618 = CIRCLE ( 'NONE', #5059, 1.549999999999995826 ) ;
#5619 = AXIS2_PLACEMENT_3D ( 'NONE', #1417, #5420, #3577 ) ;
#5620 = ORIENTED_EDGE ( 'NONE', *, *, #1396, .F. ) ;
#5621 = FACE_OUTER_BOUND ( 'NONE', #996, .T. ) ;
#5622 = EDGE_CURVE ( 'NONE', #2803, #2343, #2992, .T. ) ;
#5623 = VECTOR ( 'NONE', #4166, 1000.000000000000000 ) ;
#5624 = CARTESIAN_POINT ( 'NONE',  ( -33.00000000000001421, 6.499999999999999112, 1.000000000000000888 ) ) ;
#5625 = CARTESIAN_POINT ( 'NONE',  ( 54.90000000000000568, -10.36714007511208813, 0.000000000000000000 ) ) ;
#5626 = PLANE ( 'NONE',  #5477 ) ;
#5627 = DIRECTION ( 'NONE',  ( 0.000000000000000000, -1.000000000000000000, 0.000000000000000000 ) ) ;
#5628 = EDGE_LOOP ( 'NONE', ( #2833, #1166, #128, #2154 ) ) ;
#5629 = AXIS2_PLACEMENT_3D ( 'NONE', #1411, #5324, #5356 ) ;
#5630 = EDGE_CURVE ( 'NONE', #2353, #68, #829, .T. ) ;
#5631 = DIRECTION ( 'NONE',  ( -0.000000000000000000, 0.000000000000000000, 1.000000000000000000 ) ) ;
#5632 = ORIENTED_EDGE ( 'NONE', *, *, #1110, .T. ) ;
#5633 = ORIENTED_EDGE ( 'NONE', *, *, #4595, .T. ) ;
#5634 = CARTESIAN_POINT ( 'NONE',  ( 0.000000000000000000, -8.399999999999998579, 10.00000000000000000 ) ) ;
#5635 = PLANE ( 'NONE',  #144 ) ;
#5636 = DIRECTION ( 'NONE',  ( 0.000000000000000000, 1.000000000000000000, -0.000000000000000000 ) ) ;
#5637 = VERTEX_POINT ( 'NONE', #375 ) ;
#5638 = EDGE_CURVE ( 'NONE', #2996, #2059, #4791, .T. ) ;
#5639 = ORIENTED_EDGE ( 'NONE', *, *, #2209, .F. ) ;
#5640 = LINE ( 'NONE', #366, #4271 ) ;
#5641 = LINE ( 'NONE', #1990, #3846 ) ;
#5642 = EDGE_CURVE ( 'NONE', #3075, #2951, #765, .T. ) ;
#5643 = ORIENTED_EDGE ( 'NONE', *, *, #5055, .T. ) ;
#5644 = ORIENTED_EDGE ( 'NONE', *, *, #1650, .F. ) ;
#5645 = CARTESIAN_POINT ( 'NONE',  ( 52.93285992488791436, -9.400000000000000355, 0.000000000000000000 ) ) ;
#5646 = CARTESIAN_POINT ( 'NONE',  ( 0.000000000000000000, -9.400000000000007461, 10.00000000000000000 ) ) ;
#5647 = VERTEX_POINT ( 'NONE', #3857 ) ;
#5648 = EDGE_CURVE ( 'NONE', #3892, #3822, #2113, .T. ) ;
#5649 = VERTEX_POINT ( 'NONE', #3910 ) ;
#5650 = FACE_OUTER_BOUND ( 'NONE', #1979, .T. ) ;
#5651 = LINE ( 'NONE', #5679, #5609 ) ;
#5652 = CARTESIAN_POINT ( 'NONE',  ( 54.90000000000000568, -6.899999999999999467, 0.000000000000000000 ) ) ;
#5653 = DIRECTION ( 'NONE',  ( -0.000000000000000000, -0.000000000000000000, -1.000000000000000000 ) ) ;
#5654 = CARTESIAN_POINT ( 'NONE',  ( 0.000000000000000000, -23.60000000000000142, 10.00000000000000000 ) ) ;
#5655 = CARTESIAN_POINT ( 'NONE',  ( 70.10000000000000853, -26.10000000000000497, 10.00000000000000000 ) ) ;
#5656 = ORIENTED_EDGE ( 'NONE', *, *, #4911, .F. ) ;
#5657 = ORIENTED_EDGE ( 'NONE', *, *, #2662, .T. ) ;
#5658 = CARTESIAN_POINT ( 'NONE',  ( 70.10000000000000853, 0.000000000000000000, 0.000000000000000000 ) ) ;
#5659 = LINE ( 'NONE', #3330, #3342 ) ;
#5660 = AXIS2_PLACEMENT_3D ( 'NONE', #5294, #734, #4851 ) ;
#5661 = EDGE_CURVE ( 'NONE', #3365, #1862, #162, .T. ) ;
#5662 = DIRECTION ( 'NONE',  ( 0.000000000000000000, 1.000000000000000000, -0.000000000000000000 ) ) ;
#5663 = ORIENTED_EDGE ( 'NONE', *, *, #4705, .F. ) ;
#5664 = EDGE_LOOP ( 'NONE', ( #4469, #4773, #3095, #5227 ) ) ;
#5665 = PLANE ( 'NONE',  #698 ) ;
#5666 = ORIENTED_EDGE ( 'NONE', *, *, #3484, .F. ) ;
#5667 = ADVANCED_FACE ( 'NONE', ( #262 ), #2277, .F. ) ;
#5668 = DIRECTION ( 'NONE',  ( -0.000000000000000000, -0.000000000000000000, -1.000000000000000000 ) ) ;
#5669 = CARTESIAN_POINT ( 'NONE',  ( 52.93285992488791436, -23.60000000000000142, 10.00000000000000000 ) ) ;
#5670 = EDGE_LOOP ( 'NONE', ( #5174, #3303, #5490, #3815, #4167, #15, #4421, #3266, #2143, #4115, #300, #5169, #251, #4177, #3740, #546 ) ) ;
#5671 = ORIENTED_EDGE ( 'NONE', *, *, #4943, .F. ) ;
#5672 = DIRECTION ( 'NONE',  ( 7.850462293418880764E-17, -0.7071067811865479058, 0.7071067811865472397 ) ) ;
#5673 = CARTESIAN_POINT ( 'NONE',  ( 69.10000000000000853, -22.63285992488791365, 10.00000000000000000 ) ) ;
#5674 = ORIENTED_EDGE ( 'NONE', *, *, #1058, .F. ) ;
#5675 = EDGE_CURVE ( 'NONE', #4711, #4162, #3922, .T. ) ;
#5676 = DIRECTION ( 'NONE',  ( 0.000000000000000000, 0.000000000000000000, 1.000000000000000000 ) ) ;
#5677 = ORIENTED_EDGE ( 'NONE', *, *, #4021, .T. ) ;
#5678 = CARTESIAN_POINT ( 'NONE',  ( 70.10000000000000853, -22.63285992488791365, 10.00000000000000000 ) ) ;
#5679 = CARTESIAN_POINT ( 'NONE',  ( -0.000000000000000000, -10.90000000000000036, 0.000000000000000000 ) ) ;
#5680 = EDGE_CURVE ( 'NONE', #2639, #3764, #1567, .T. ) ;
#5681 = PLANE ( 'NONE',  #1176 ) ;
#5682 = AXIS2_PLACEMENT_3D ( 'NONE', #3785, #1522, #3310 ) ;
#5683 = CARTESIAN_POINT ( 'NONE',  ( 0.000000000000000000, -23.60000000000000142, 10.00000000000000000 ) ) ;
#5684 = CARTESIAN_POINT ( 'NONE',  ( 54.90000000000000568, -25.56714007511209275, 10.00000000000000000 ) ) ;
#5685 = CARTESIAN_POINT ( 'NONE',  ( 32.99999999999998579, 6.499999999999992006, 10.00000000000000000 ) ) ;
#5686 = ORIENTED_EDGE ( 'NONE', *, *, #5202, .T. ) ;
#5687 = AXIS2_PLACEMENT_3D ( 'NONE', #5440, #2919, #4710 ) ;
#5688 = DIRECTION ( 'NONE',  ( 0.5773502691896245098, 0.5773502691896263972, -0.5773502691896263972 ) ) ;
#5689 = DIRECTION ( 'NONE',  ( -0.000000000000000000, -0.000000000000000000, 1.000000000000000000 ) ) ;
#5690 = VECTOR ( 'NONE', #174, 1000.000000000000114 ) ;
#5691 = LINE ( 'NONE', #3516, #1666 ) ;
#5692 = ORIENTED_EDGE ( 'NONE', *, *, #3382, .T. ) ;
#5693 = ORIENTED_EDGE ( 'NONE', *, *, #3301, .F. ) ;
#5694 = FACE_OUTER_BOUND ( 'NONE', #3462, .T. ) ;
#5695 = ORIENTED_EDGE ( 'NONE', *, *, #274, .T. ) ;
#5696 = EDGE_CURVE ( 'NONE', #416, #2694, #4239, .T. ) ;
#5697 = AXIS2_PLACEMENT_3D ( 'NONE', #3027, #2178, #769 ) ;
#5698 = VECTOR ( 'NONE', #3868, 1000.000000000000000 ) ;
#5699 = AXIS2_PLACEMENT_3D ( 'NONE', #2860, #4656, #4219 ) ;
#5700 = CARTESIAN_POINT ( 'NONE',  ( -112.8000000000000114, -1.500000000000001332, 1.000000000000000888 ) ) ;
#5701 = CARTESIAN_POINT ( 'NONE',  ( 53.90000000000000568, 0.000000000000000000, 10.00000000000000000 ) ) ;
#5702 = VECTOR ( 'NONE', #5662, 1000.000000000000000 ) ;
#5703 = VECTOR ( 'NONE', #843, 1000.000000000000000 ) ;
#5704 = VERTEX_POINT ( 'NONE', #202 ) ;
#5705 = LINE ( 'NONE', #3114, #606 ) ;
#5706 = EDGE_CURVE ( 'NONE', #5361, #5283, #3601, .T. ) ;
#5707 = CARTESIAN_POINT ( 'NONE',  ( 48.03575995623107531, -2.500000000000009326, 10.00000000000000000 ) ) ;
#5708 = AXIS2_PLACEMENT_3D ( 'NONE', #2003, #703, #2939 ) ;
#5709 = FACE_OUTER_BOUND ( 'NONE', #424, .T. ) ;
#5710 = ADVANCED_FACE ( 'NONE', ( #4298 ), #3862, .T. ) ;
#5711 = VERTEX_POINT ( 'NONE', #2505 ) ;
#5712 = LINE ( 'NONE', #1686, #2033 ) ;
#5713 = CARTESIAN_POINT ( 'NONE',  ( -97.30000000000001137, -22.09999999999999432, 0.000000000000000000 ) ) ;
#5714 = CARTESIAN_POINT ( 'NONE',  ( 32.99999999999998579, 6.499999999999992006, 0.000000000000000000 ) ) ;
#5715 = AXIS2_PLACEMENT_3D ( 'NONE', #1064, #2856, #679 ) ;
#5716 = DIRECTION ( 'NONE',  ( 0.000000000000000000, 0.000000000000000000, 1.000000000000000000 ) ) ;
#5717 = FACE_OUTER_BOUND ( 'NONE', #1343, .T. ) ;
#5718 = EDGE_CURVE ( 'NONE', #5239, #3317, #678, .T. ) ;
#5719 = DIRECTION ( 'NONE',  ( 0.000000000000000000, -0.000000000000000000, -1.000000000000000000 ) ) ;
#5720 = LINE ( 'NONE', #5599, #1467 ) ;
#5721 = CARTESIAN_POINT ( 'NONE',  ( 0.000000000000000000, -9.400000000000007461, 0.000000000000000000 ) ) ;
#5722 = VECTOR ( 'NONE', #1230, 999.9999999999998863 ) ;
#5723 = CARTESIAN_POINT ( 'NONE',  ( 62.00000000000000000, -1.500000000000008216, 0.000000000000000000 ) ) ;
#5724 = ORIENTED_EDGE ( 'NONE', *, *, #3529, .T. ) ;
#5725 = ORIENTED_EDGE ( 'NONE', *, *, #304, .T. ) ;
#5726 = DIRECTION ( 'NONE',  ( 0.000000000000000000, 1.000000000000000000, -0.000000000000000000 ) ) ;
#5727 = ORIENTED_EDGE ( 'NONE', *, *, #1046, .F. ) ;
#5728 = FACE_OUTER_BOUND ( 'NONE', #1022, .T. ) ;
#5729 = DIRECTION ( 'NONE',  ( -1.000000000000000000, 0.000000000000000000, 0.000000000000000000 ) ) ;
#5730 = VERTEX_POINT ( 'NONE', #2005 ) ;
#5731 = EDGE_LOOP ( 'NONE', ( #2663, #842, #2582, #4547 ) ) ;
#5732 = PLANE ( 'NONE',  #5214 ) ;
#5733 = LINE ( 'NONE', #1643, #1012 ) ;
#5734 = CARTESIAN_POINT ( 'NONE',  ( 71.06714007511209275, -8.399999999999998579, 10.00000000000000000 ) ) ;
#5735 = EDGE_CURVE ( 'NONE', #1554, #2516, #746, .T. ) ;
#5736 = EDGE_CURVE ( 'NONE', #5082, #2832, #5206, .T. ) ;
#5737 = ORIENTED_EDGE ( 'NONE', *, *, #4378, .T. ) ;
#5738 = DIRECTION ( 'NONE',  ( -0.000000000000000000, -0.000000000000000000, -1.000000000000000000 ) ) ;
#5739 = ORIENTED_EDGE ( 'NONE', *, *, #3693, .T. ) ;
#5740 = FACE_OUTER_BOUND ( 'NONE', #159, .T. ) ;
#5741 = ADVANCED_FACE ( 'NONE', ( #3002 ), #2039, .T. ) ;
#5742 = DIRECTION ( 'NONE',  ( -0.000000000000000000, 0.000000000000000000, 1.000000000000000000 ) ) ;
#5743 = LINE ( 'NONE', #4394, #4849 ) ;
#5744 = ORIENTED_EDGE ( 'NONE', *, *, #1562, .F. ) ;
#5745 = DIRECTION ( 'NONE',  ( -0.000000000000000000, -0.000000000000000000, -1.000000000000000000 ) ) ;
#5746 = CARTESIAN_POINT ( 'NONE',  ( 69.10000000000000853, -22.63285992488791365, 10.00000000000000000 ) ) ;
#5747 = EDGE_CURVE ( 'NONE', #2217, #3029, #2095, .T. ) ;
#5748 = LINE ( 'NONE', #1631, #1383 ) ;
#5749 = EDGE_LOOP ( 'NONE', ( #5431, #4077, #3249 ) ) ;
#5750 = ORIENTED_EDGE ( 'NONE', *, *, #5706, .F. ) ;
#5751 = CARTESIAN_POINT ( 'NONE',  ( 54.40000000000000568, -24.10000000000000142, 10.00000000000000000 ) ) ;
#5752 = VERTEX_POINT ( 'NONE', #3836 ) ;
#5753 = DIRECTION ( 'NONE',  ( 1.000000000000000000, 0.000000000000000000, 0.000000000000000000 ) ) ;
#5754 = EDGE_CURVE ( 'NONE', #1103, #980, #5244, .T. ) ;
#5755 = DIRECTION ( 'NONE',  ( 0.000000000000000000, -0.000000000000000000, 1.000000000000000000 ) ) ;
#5756 = CARTESIAN_POINT ( 'NONE',  ( 52.40000000000000568, -9.400000000000000355, 0.000000000000000000 ) ) ;
#5757 = ORIENTED_EDGE ( 'NONE', *, *, #5648, .F. ) ;
#5758 = ORIENTED_EDGE ( 'NONE', *, *, #467, .F. ) ;
#5759 = CARTESIAN_POINT ( 'NONE',  ( 40.49999999999999289, -24.99999999999998579, 0.000000000000000000 ) ) ;
#5760 = CARTESIAN_POINT ( 'NONE',  ( 24.99999999999998579, 7.500000000000009770, 0.000000000000000000 ) ) ;
#5761 = DIRECTION ( 'NONE',  ( -1.000000000000000000, 0.000000000000000000, 0.000000000000000000 ) ) ;
#5762 = EDGE_LOOP ( 'NONE', ( #3493, #1099, #1228, #2868 ) ) ;
#5763 = DIRECTION ( 'NONE',  ( 0.000000000000000000, 0.000000000000000000, 1.000000000000000000 ) ) ;
#5764 = ADVANCED_FACE ( 'NONE', ( #3031 ), #5626, .F. ) ;
#5765 = EDGE_LOOP ( 'NONE', ( #5633, #2189, #2901, #1833 ) ) ;
#5766 = CARTESIAN_POINT ( 'NONE',  ( 48.03575995623103978, -30.50000000000003553, 0.000000000000000000 ) ) ;
#5767 = DIRECTION ( 'NONE',  ( 0.000000000000000000, 1.000000000000000000, 0.000000000000000000 ) ) ;
#5768 = CARTESIAN_POINT ( 'NONE',  ( -98.30000000000001137, 0.000000000000000000, 0.000000000000000000 ) ) ;
#5769 = EDGE_CURVE ( 'NONE', #5078, #3963, #1623, .T. ) ;
#5770 = CARTESIAN_POINT ( 'NONE',  ( 52.93285992488791436, -8.400000000000000355, 0.000000000000000000 ) ) ;
#5771 = DIRECTION ( 'NONE',  ( 0.000000000000000000, -1.000000000000000000, 0.000000000000000000 ) ) ;
#5772 = LINE ( 'NONE', #450, #4025 ) ;
#5773 = VERTEX_POINT ( 'NONE', #4769 ) ;
#5774 = VECTOR ( 'NONE', #2368, 1000.000000000000114 ) ;
#5775 = ORIENTED_EDGE ( 'NONE', *, *, #5022, .F. ) ;
#5776 = EDGE_CURVE ( 'NONE', #3317, #2080, #2538, .T. ) ;
#5777 = CARTESIAN_POINT ( 'NONE',  ( 53.90000000000000568, 0.000000000000000000, 0.000000000000000000 ) ) ;
#5778 = CARTESIAN_POINT ( 'NONE',  ( -96.33285992488789873, -9.400000000000007461, 10.00000000000000000 ) ) ;
#5779 = CIRCLE ( 'NONE', #3809, 1.549999999999968070 ) ;
#5780 = DIRECTION ( 'NONE',  ( -1.000000000000000000, 0.000000000000000000, 0.000000000000000000 ) ) ;
#5781 = FACE_OUTER_BOUND ( 'NONE', #5545, .T. ) ;
#5782 = EDGE_LOOP ( 'NONE', ( #3880, #2751 ) ) ;
#5783 = CARTESIAN_POINT ( 'NONE',  ( 53.90000000000000568, 0.000000000000000000, 0.000000000000000000 ) ) ;
#5784 = AXIS2_PLACEMENT_3D ( 'NONE', #4123, #4065, #498 ) ;
#5785 = AXIS2_PLACEMENT_3D ( 'NONE', #3279, #5518, #4107 ) ;
#5786 = EDGE_CURVE ( 'NONE', #5188, #1952, #3888, .T. ) ;
#5787 = LINE ( 'NONE', #5777, #4852 ) ;
#5788 = CARTESIAN_POINT ( 'NONE',  ( 40.49999999999999289, -16.49999999999998579, 10.00000000000000000 ) ) ;
#5789 = VECTOR ( 'NONE', #1067, 1000.000000000000000 ) ;
#5790 = VECTOR ( 'NONE', #2966, 1000.000000000000000 ) ;
#5791 = LINE ( 'NONE', #2621, #742 ) ;
#5792 = AXIS2_PLACEMENT_3D ( 'NONE', #2924, #4715, #244 ) ;
#5793 = ORIENTED_EDGE ( 'NONE', *, *, #1503, .F. ) ;
#5794 = DIRECTION ( 'NONE',  ( 1.000000000000000000, 0.000000000000000000, -0.000000000000000000 ) ) ;
#5795 = AXIS2_PLACEMENT_3D ( 'NONE', #2127, #3003, #747 ) ;
#5796 = VECTOR ( 'NONE', #3986, 1000.000000000000114 ) ;
#5797 = VECTOR ( 'NONE', #500, 1000.000000000000000 ) ;
#5798 = ORIENTED_EDGE ( 'NONE', *, *, #759, .T. ) ;
#5799 = CARTESIAN_POINT ( 'NONE',  ( 0.000000000000000000, -24.59999999999999787, 10.00000000000000000 ) ) ;
#5800 = CIRCLE ( 'NONE', #4483, 14.00000000000002665 ) ;
#5801 = CARTESIAN_POINT ( 'NONE',  ( 62.00000000000000000, -1.500000000000008216, 0.000000000000000000 ) ) ;
#5802 = ADVANCED_FACE ( 'NONE', ( #4354 ), #2126, .F. ) ;
#5803 = CARTESIAN_POINT ( 'NONE',  ( -3.250000000000000888, -33.00000000000000000, 3.000000000000000000 ) ) ;
#5804 = PLANE ( 'NONE',  #4383 ) ;
#5805 = DIRECTION ( 'NONE',  ( 1.000000000000000000, 0.000000000000000000, 0.000000000000000000 ) ) ;
#5806 = CARTESIAN_POINT ( 'NONE',  ( 69.60000000000000853, -8.899999999999998579, 10.00000000000000000 ) ) ;
#5807 = EDGE_CURVE ( 'NONE', #4350, #4559, #442, .T. ) ;
#5808 = ORIENTED_EDGE ( 'NONE', *, *, #972, .F. ) ;
#5809 = CIRCLE ( 'NONE', #2712, 1.549999999999995826 ) ;
#5810 = EDGE_CURVE ( 'NONE', #2750, #2516, #3024, .T. ) ;
#5811 = ORIENTED_EDGE ( 'NONE', *, *, #4481, .F. ) ;
#5812 = CARTESIAN_POINT ( 'NONE',  ( 62.00000000000000000, -1.500000000000008216, 10.00000000000000000 ) ) ;
#5813 = AXIS2_PLACEMENT_3D ( 'NONE', #3656, #5444, #4586 ) ;
#5814 = DIRECTION ( 'NONE',  ( 0.000000000000000000, 1.000000000000000000, -0.000000000000000000 ) ) ;
#5815 = CARTESIAN_POINT ( 'NONE',  ( 69.60000000000002274, -24.09999999999999787, 0.000000000000000000 ) ) ;
#5816 = ADVANCED_FACE ( 'NONE', ( #866 ), #802, .T. ) ;
#5817 = CARTESIAN_POINT ( 'NONE',  ( 23.99999999999998579, -39.50000000000000711, 0.000000000000000000 ) ) ;
#5818 = AXIS2_PLACEMENT_3D ( 'NONE', #4578, #2339, #1899 ) ;
#5819 = ORIENTED_EDGE ( 'NONE', *, *, #43, .T. ) ;
#5820 = CARTESIAN_POINT ( 'NONE',  ( 40.49999999999999289, -25.99999999999998934, 10.00000000000000000 ) ) ;
#5821 = CARTESIAN_POINT ( 'NONE',  ( -33.00000000000001421, -39.50000000000000000, 0.000000000000000000 ) ) ;
#5822 = LINE ( 'NONE', #3089, #4974 ) ;
#5823 = PLANE ( 'NONE',  #930 ) ;
#5824 = EDGE_CURVE ( 'NONE', #1381, #3302, #1829, .T. ) ;
#5825 = EDGE_LOOP ( 'NONE', ( #2341, #53, #5727, #5394 ) ) ;
#5826 = ORIENTED_EDGE ( 'NONE', *, *, #683, .T. ) ;
#5827 = DIRECTION ( 'NONE',  ( 0.000000000000000000, 0.000000000000000000, -1.000000000000000000 ) ) ;
ENDSEC;
END-ISO-10303-21;
