ISO-10303-21;
HEADER;
FILE_DESCRIPTION (( 'STEP AP214' ),
    '1' );
FILE_NAME ('P5 Panel RP Mount.STEP',
    '2025-10-26T01:41:49',
    ( '' ),
    ( '' ),
    'SwSTEP 2.0',
    'SolidWorks 2025',
    '' );
FILE_SCHEMA (( 'AUTOMOTIVE_DESIGN' ));
ENDSEC;

DATA;
#1 = ORIENTED_EDGE ( 'NONE', *, *, #1312, .F. ) ;
#2 = DIRECTION ( 'NONE',  ( -1.000000000000000000, 0.000000000000000000, -0.000000000000000000 ) ) ;
#3 = LINE ( 'NONE', #937, #1035 ) ;
#4 = DIRECTION ( 'NONE',  ( 1.000000000000000000, 0.000000000000000000, 0.000000000000000000 ) ) ;
#5 = DIRECTION ( 'NONE',  ( 0.000000000000000000, -0.000000000000000000, 1.000000000000000000 ) ) ;
#6 = VERTEX_POINT ( 'NONE', #3270 ) ;
#7 = EDGE_LOOP ( 'NONE', ( #1287, #2517, #1742, #3551 ) ) ;
#8 = FACE_OUTER_BOUND ( 'NONE', #5728, .T. ) ;
#9 = MANIFOLD_SOLID_BREP ( 'Chamfer2', #3119 ) ;
#10 = EDGE_CURVE ( 'NONE', #506, #4749, #1291, .T. ) ;
#11 = DIRECTION ( 'NONE',  ( -1.000000000000000000, 0.000000000000000000, 0.000000000000000000 ) ) ;
#12 = CARTESIAN_POINT ( 'NONE',  ( 87.59999999999998010, -7.599999999999996092, 0.000000000000000000 ) ) ;
#13 = LINE ( 'NONE', #523, #1766 ) ;
#14 = VERTEX_POINT ( 'NONE', #1456 ) ;
#15 = ORIENTED_EDGE ( 'NONE', *, *, #5205, .F. ) ;
#16 = DIRECTION ( 'NONE',  ( 0.000000000000000000, 1.000000000000000000, -0.000000000000000000 ) ) ;
#17 = DIRECTION ( 'NONE',  ( -0.000000000000000000, -0.000000000000000000, -1.000000000000000000 ) ) ;
#18 = DIRECTION ( 'NONE',  ( 0.000000000000000000, -0.000000000000000000, -1.000000000000000000 ) ) ;
#19 = DIRECTION ( 'NONE',  ( -0.7071067811865500152, -1.090341985197073449E-16, 0.7071067811865451302 ) ) ;
#20 = DIRECTION ( 'NONE',  ( 1.000000000000000000, 0.000000000000000000, 0.000000000000000000 ) ) ;
#21 = ADVANCED_FACE ( 'NONE', ( #1514 ), #5203, .F. ) ;
#22 = ORIENTED_EDGE ( 'NONE', *, *, #5666, .F. ) ;
#23 = ADVANCED_FACE ( 'NONE', ( #5140 ), #3239, .T. ) ;
#24 = ADVANCED_FACE ( 'NONE', ( #4266 ), #1003, .F. ) ;
#25 = VERTEX_POINT ( 'NONE', #2384 ) ;
#26 = FACE_BOUND ( 'NONE', #3133, .T. ) ;
#27 = FACE_OUTER_BOUND ( 'NONE', #3645, .T. ) ;
#28 = CARTESIAN_POINT ( 'NONE',  ( -81.80000000000002558, 8.099999999999996092, 10.00000000000000000 ) ) ;
#29 = PLANE ( 'NONE',  #4196 ) ;
#30 = EDGE_LOOP ( 'NONE', ( #724, #303, #3099, #1361 ) ) ;
#31 = CIRCLE ( 'NONE', #5713, 1.750000000000001554 ) ;
#32 = VERTEX_POINT ( 'NONE', #4242 ) ;
#33 = EDGE_CURVE ( 'NONE', #335, #5273, #41, .T. ) ;
#34 = VECTOR ( 'NONE', #5620, 1000.000000000000000 ) ;
#35 = DIRECTION ( 'NONE',  ( -1.000000000000000000, 0.000000000000000000, 0.000000000000000000 ) ) ;
#36 = CIRCLE ( 'NONE', #3403, 9.999999999999994671 ) ;
#37 = DIRECTION ( 'NONE',  ( 0.7071067811865487940, 8.659560562354948882E-17, -0.7071067811865463515 ) ) ;
#38 = EDGE_CURVE ( 'NONE', #5805, #5404, #2785, .T. ) ;
#39 = FACE_OUTER_BOUND ( 'NONE', #4146, .T. ) ;
#40 = LINE ( 'NONE', #1874, #3117 ) ;
#41 = LINE ( 'NONE', #1933, #1083 ) ;
#42 = UNCERTAINTY_MEASURE_WITH_UNIT (LENGTH_MEASURE( 1.000000000000000082E-05 ), #5169, 'distance_accuracy_value', 'NONE');
#43 = ORIENTED_EDGE ( 'NONE', *, *, #2230, .T. ) ;
#44 = CARTESIAN_POINT ( 'NONE',  ( -81.26714007511213822, -7.099999999999995204, 10.00000000000000000 ) ) ;
#45 = VECTOR ( 'NONE', #4645, 1000.000000000000000 ) ;
#46 = DIRECTION ( 'NONE',  ( 0.000000000000000000, -0.000000000000000000, -1.000000000000000000 ) ) ;
#47 = DIRECTION ( 'NONE',  ( -0.000000000000000000, -0.000000000000000000, -1.000000000000000000 ) ) ;
#48 = DIRECTION ( 'NONE',  ( 0.000000000000000000, -1.000000000000000000, 0.000000000000000000 ) ) ;
#49 = FACE_OUTER_BOUND ( 'NONE', #5134, .T. ) ;
#50 = EDGE_LOOP ( 'NONE', ( #3536, #871, #5874, #4791 ) ) ;
#51 = VECTOR ( 'NONE', #3677, 1000.000000000000000 ) ;
#52 = PRODUCT_RELATED_PRODUCT_CATEGORY ( 'part', '', ( #270 ) ) ;
#53 = EDGE_CURVE ( 'NONE', #2268, #1043, #4744, .T. ) ;
#54 = ORIENTED_EDGE ( 'NONE', *, *, #5051, .F. ) ;
#55 = CARTESIAN_POINT ( 'NONE',  ( 0.000000000000000000, 0.000000000000000000, 0.000000000000000000 ) ) ;
#56 = CARTESIAN_POINT ( 'NONE',  ( 88.09999999999998010, -9.067140075112090969, 0.000000000000000000 ) ) ;
#57 = LINE ( 'NONE', #3257, #2406 ) ;
#58 = DIRECTION ( 'NONE',  ( 0.000000000000000000, 1.000000000000000000, -0.000000000000000000 ) ) ;
#59 = EDGE_CURVE ( 'NONE', #913, #4656, #4958, .T. ) ;
#60 = VERTEX_POINT ( 'NONE', #1402 ) ;
#61 = ORIENTED_EDGE ( 'NONE', *, *, #1450, .F. ) ;
#62 = CARTESIAN_POINT ( 'NONE',  ( 72.89999999999999147, -6.132859924887913650, 10.00000000000000000 ) ) ;
#63 = EDGE_CURVE ( 'NONE', #4259, #4188, #813, .T. ) ;
#64 = AXIS2_PLACEMENT_3D ( 'NONE', #781, #1189, #3023 ) ;
#65 = AXIS2_PLACEMENT_3D ( 'NONE', #449, #1411, #1468 ) ;
#66 = CONICAL_SURFACE ( 'NONE', #3543, 13.99999999999998401, 0.7853981633974613796 ) ;
#67 = DIRECTION ( 'NONE',  ( 1.000000000000000000, 0.000000000000000000, 0.000000000000000000 ) ) ;
#68 = LINE ( 'NONE', #4680, #1808 ) ;
#69 = CARTESIAN_POINT ( 'NONE',  ( -79.30000000000002558, 9.067140075112119391, 10.00000000000000000 ) ) ;
#70 = VECTOR ( 'NONE', #4722, 1000.000000000000000 ) ;
#71 = VECTOR ( 'NONE', #4904, 1000.000000000000000 ) ;
#72 = CARTESIAN_POINT ( 'NONE',  ( -66.82360081727497914, 0.000000000000000000, 1.000000000000000888 ) ) ;
#73 = AXIS2_PLACEMENT_3D ( 'NONE', #1365, #3178, #2202 ) ;
#74 = CONICAL_SURFACE ( 'NONE', #5480, 9.000000000000014211, 0.7853981633974613796 ) ;
#75 = EDGE_LOOP ( 'NONE', ( #361, #1198, #4872, #1099 ) ) ;
#76 = AXIS2_PLACEMENT_3D ( 'NONE', #2047, #4953, #2199 ) ;
#77 = CARTESIAN_POINT ( 'NONE',  ( 80.00000000000001421, 15.00000000000000000, 0.000000000000000000 ) ) ;
#78 = VERTEX_POINT ( 'NONE', #1876 ) ;
#79 = DIRECTION ( 'NONE',  ( 0.000000000000000000, 0.000000000000000000, 1.000000000000000000 ) ) ;
#80 = DIRECTION ( 'NONE',  ( 1.000000000000000000, 0.000000000000000000, 0.000000000000000000 ) ) ;
#81 = CARTESIAN_POINT ( 'NONE',  ( 66.06757691870760141, 13.62610514089688785, 0.000000000000000000 ) ) ;
#82 = DIRECTION ( 'NONE',  ( 0.000000000000000000, -0.000000000000000000, -1.000000000000000000 ) ) ;
#83 = EDGE_LOOP ( 'NONE', ( #1, #534, #3797, #3394 ) ) ;
#84 = ADVANCED_FACE ( 'NONE', ( #3724 ), #1428, .F. ) ;
#85 = VECTOR ( 'NONE', #1853, 1000.000000000000000 ) ;
#86 = ORIENTED_EDGE ( 'NONE', *, *, #4569, .T. ) ;
#87 = DIRECTION ( 'NONE',  ( 1.000000000000000000, 0.000000000000000000, 0.000000000000000000 ) ) ;
#88 = CARTESIAN_POINT ( 'NONE',  ( 0.000000000000000000, -8.099999999999996092, 10.00000000000000000 ) ) ;
#89 = DIRECTION ( 'NONE',  ( -0.000000000000000000, -0.000000000000000000, -1.000000000000000000 ) ) ;
#90 = PLANE ( 'NONE',  #1563 ) ;
#91 = CARTESIAN_POINT ( 'NONE',  ( 88.09999999999998010, 9.600000000000003197, 10.00000000000000000 ) ) ;
#92 = ORIENTED_EDGE ( 'NONE', *, *, #1866, .F. ) ;
#93 = VERTEX_POINT ( 'NONE', #2921 ) ;
#94 = ORIENTED_EDGE ( 'NONE', *, *, #2231, .F. ) ;
#95 = EDGE_CURVE ( 'NONE', #2697, #4379, #5685, .T. ) ;
#96 = EDGE_CURVE ( 'NONE', #2054, #5349, #1922, .T. ) ;
#97 = EDGE_CURVE ( 'NONE', #2968, #4392, #5445, .T. ) ;
#98 = LINE ( 'NONE', #2868, #1616 ) ;
#99 = DIRECTION ( 'NONE',  ( -0.000000000000000000, -0.000000000000000000, -1.000000000000000000 ) ) ;
#100 = DIRECTION ( 'NONE',  ( 0.7071067811865592301, 0.000000000000000000, -0.7071067811865359154 ) ) ;
#101 = VERTEX_POINT ( 'NONE', #3313 ) ;
#102 = AXIS2_PLACEMENT_3D ( 'NONE', #1840, #1471, #4 ) ;
#103 = ADVANCED_FACE ( 'NONE', ( #1975 ), #1569, .F. ) ;
#104 = DIRECTION ( 'NONE',  ( 1.000000000000000000, 0.000000000000000000, -0.000000000000000000 ) ) ;
#105 = VERTEX_POINT ( 'NONE', #2886 ) ;
#106 = DIRECTION ( 'NONE',  ( 0.000000000000000000, -1.000000000000000000, 0.000000000000000000 ) ) ;
#107 = DIRECTION ( 'NONE',  ( -0.000000000000000000, -0.000000000000000000, -1.000000000000000000 ) ) ;
#108 = DIRECTION ( 'NONE',  ( -0.000000000000000000, -0.000000000000000000, -1.000000000000000000 ) ) ;
#109 = FACE_OUTER_BOUND ( 'NONE', #2998, .T. ) ;
#110 = ORIENTED_EDGE ( 'NONE', *, *, #2299, .T. ) ;
#111 = VECTOR ( 'NONE', #4249, 1000.000000000000000 ) ;
#112 = ORIENTED_EDGE ( 'NONE', *, *, #738, .T. ) ;
#113 = CARTESIAN_POINT ( 'NONE',  ( 58.99999999999996447, 22.49999999999993605, 10.00000000000000000 ) ) ;
#114 = DIRECTION ( 'NONE',  ( 1.000000000000000000, 0.000000000000000000, 0.000000000000000000 ) ) ;
#115 = LINE ( 'NONE', #3793, #792 ) ;
#116 = DIRECTION ( 'NONE',  ( -0.000000000000000000, -0.000000000000000000, 1.000000000000000000 ) ) ;
#117 = DIRECTION ( 'NONE',  ( 0.000000000000000000, -0.000000000000000000, -1.000000000000000000 ) ) ;
#118 = ORIENTED_EDGE ( 'NONE', *, *, #1112, .T. ) ;
#119 = ORIENTED_EDGE ( 'NONE', *, *, #5536, .T. ) ;
#120 = VERTEX_POINT ( 'NONE', #540 ) ;
#121 = EDGE_CURVE ( 'NONE', #988, #1618, #1445, .T. ) ;
#122 = EDGE_CURVE ( 'NONE', #5349, #5330, #1948, .T. ) ;
#123 = CARTESIAN_POINT ( 'NONE',  ( 0.000000000000000000, 7.100000000000000533, 0.000000000000000000 ) ) ;
#124 = DIRECTION ( 'NONE',  ( -1.000000000000000000, 0.000000000000000000, 0.000000000000000000 ) ) ;
#125 = LINE ( 'NONE', #3777, #3122 ) ;
#126 = DIRECTION ( 'NONE',  ( 0.000000000000000000, -0.7071067811865475727, -0.7071067811865475727 ) ) ;
#127 = EDGE_CURVE ( 'NONE', #5097, #3010, #4705, .T. ) ;
#128 = ORIENTED_EDGE ( 'NONE', *, *, #4461, .T. ) ;
#129 = DIRECTION ( 'NONE',  ( -0.000000000000000000, -0.000000000000000000, -1.000000000000000000 ) ) ;
#130 = ORIENTED_EDGE ( 'NONE', *, *, #5661, .T. ) ;
#131 = DIRECTION ( 'NONE',  ( -1.000000000000000000, 0.000000000000000000, 0.000000000000000000 ) ) ;
#132 = CARTESIAN_POINT ( 'NONE',  ( -79.30000000000002558, 0.000000000000000000, 10.00000000000000000 ) ) ;
#133 = LINE ( 'NONE', #5388, #3735 ) ;
#134 = DIRECTION ( 'NONE',  ( 1.000000000000000000, 0.000000000000000000, 0.000000000000000000 ) ) ;
#135 = EDGE_LOOP ( 'NONE', ( #1943, #3879, #4012, #2211 ) ) ;
#136 = ADVANCED_FACE ( 'NONE', ( #2456, #3824, #2428, #4732, #4760, #4228, #1021, #5217, #3768, #3856, #204, #4282, #142, #1473 ), #4257, .T. ) ;
#137 = ORIENTED_EDGE ( 'NONE', *, *, #5192, .T. ) ;
#138 = DIRECTION ( 'NONE',  ( 0.000000000000000000, -0.7071067811865592301, 0.7071067811865359154 ) ) ;
#139 = DIRECTION ( 'NONE',  ( -0.000000000000000000, -0.000000000000000000, -1.000000000000000000 ) ) ;
#140 = CARTESIAN_POINT ( 'NONE',  ( 88.09999999999998010, 6.132859924887913650, 10.00000000000000000 ) ) ;
#141 = CARTESIAN_POINT ( 'NONE',  ( -94.80000000000002558, 0.000000000000000000, 1.000000000000000888 ) ) ;
#142 = FACE_BOUND ( 'NONE', #5755, .T. ) ;
#143 = VERTEX_POINT ( 'NONE', #1559 ) ;
#144 = VERTEX_POINT ( 'NONE', #2857 ) ;
#145 = CARTESIAN_POINT ( 'NONE',  ( 0.000000000000000000, 9.500000000000001776, 0.000000000000000000 ) ) ;
#146 = EDGE_LOOP ( 'NONE', ( #726, #1505, #4565, #5799 ) ) ;
#147 = VECTOR ( 'NONE', #3705, 1000.000000000000000 ) ;
#148 = LINE ( 'NONE', #550, #3259 ) ;
#149 = CARTESIAN_POINT ( 'NONE',  ( -94.80000000000002558, 13.99999999999998401, 10.00000000000000000 ) ) ;
#150 = CARTESIAN_POINT ( 'NONE',  ( 70.39999999999999147, 8.100000000000001421, 0.000000000000000000 ) ) ;
#151 = VECTOR ( 'NONE', #2741, 1000.000000000000000 ) ;
#152 = ORIENTED_EDGE ( 'NONE', *, *, #5301, .F. ) ;
#153 = AXIS2_PLACEMENT_3D ( 'NONE', #4750, #2789, #5657 ) ;
#154 = AXIS2_PLACEMENT_3D ( 'NONE', #4773, #559, #2416 ) ;
#155 = DIRECTION ( 'NONE',  ( 0.000000000000000000, 1.000000000000000000, 0.000000000000000000 ) ) ;
#156 = ORIENTED_EDGE ( 'NONE', *, *, #2141, .T. ) ;
#157 = CARTESIAN_POINT ( 'NONE',  ( 49.99999999999991473, 32.50000000000000711, 9.000000000000010658 ) ) ;
#158 = FACE_OUTER_BOUND ( 'NONE', #2171, .T. ) ;
#159 = LINE ( 'NONE', #3388, #1172 ) ;
#160 = AXIS2_PLACEMENT_3D ( 'NONE', #2984, #1599, #4027 ) ;
#161 = ORIENTED_EDGE ( 'NONE', *, *, #468, .T. ) ;
#162 = EDGE_CURVE ( 'NONE', #2448, #2142, #3795, .T. ) ;
#163 = VECTOR ( 'NONE', #2366, 1000.000000000000000 ) ;
#164 = VECTOR ( 'NONE', #3235, 1000.000000000000000 ) ;
#165 = EDGE_CURVE ( 'NONE', #3992, #4366, #5248, .T. ) ;
#166 = EDGE_CURVE ( 'NONE', #1295, #2818, #5130, .T. ) ;
#167 = EDGE_LOOP ( 'NONE', ( #4778, #4008, #3137, #1448 ) ) ;
#168 = CARTESIAN_POINT ( 'NONE',  ( 85.59999999999998010, 8.100000000000003197, 10.00000000000000000 ) ) ;
#169 = VERTEX_POINT ( 'NONE', #2493 ) ;
#170 = CARTESIAN_POINT ( 'NONE',  ( 49.99999999999998579, -22.49999999999998934, 9.000000000000010658 ) ) ;
#171 = VECTOR ( 'NONE', #1555, 1000.000000000000000 ) ;
#172 = DIRECTION ( 'NONE',  ( 1.000000000000000000, 0.000000000000000000, 0.000000000000000000 ) ) ;
#173 = CARTESIAN_POINT ( 'NONE',  ( 0.000000000000000000, -7.100000000000002309, 10.00000000000000000 ) ) ;
#174 = DIRECTION ( 'NONE',  ( -1.000000000000000000, 0.000000000000000000, 0.000000000000000000 ) ) ;
#175 = ORIENTED_EDGE ( 'NONE', *, *, #2751, .T. ) ;
#176 = VERTEX_POINT ( 'NONE', #995 ) ;
#177 = CARTESIAN_POINT ( 'NONE',  ( 66.06757691870760141, -13.62610514089688785, 0.000000000000000000 ) ) ;
#178 = CARTESIAN_POINT ( 'NONE',  ( -49.99999999999994316, -32.49999999999998579, 1.000000000000000888 ) ) ;
#179 = VERTEX_POINT ( 'NONE', #2401 ) ;
#180 = AXIS2_PLACEMENT_3D ( 'NONE', #4474, #2166, #3109 ) ;
#181 = DIRECTION ( 'NONE',  ( 0.000000000000000000, 0.000000000000000000, 1.000000000000000000 ) ) ;
#182 = ADVANCED_FACE ( 'NONE', ( #2371 ), #5639, .F. ) ;
#183 = DIRECTION ( 'NONE',  ( 0.000000000000000000, -1.000000000000000000, 0.000000000000000000 ) ) ;
#184 = DIRECTION ( 'NONE',  ( 1.000000000000000000, -1.119176436114092110E-15, 0.000000000000000000 ) ) ;
#185 = VERTEX_POINT ( 'NONE', #3343 ) ;
#186 = DIRECTION ( 'NONE',  ( -0.000000000000000000, -0.000000000000000000, -1.000000000000000000 ) ) ;
#187 = VERTEX_POINT ( 'NONE', #91 ) ;
#188 = FACE_OUTER_BOUND ( 'NONE', #3404, .T. ) ;
#189 = LINE ( 'NONE', #1998, #377 ) ;
#190 = DIRECTION ( 'NONE',  ( 1.000000000000000000, 0.000000000000000000, 0.000000000000000000 ) ) ;
#191 = ORIENTED_EDGE ( 'NONE', *, *, #5678, .F. ) ;
#192 = AXIS2_PLACEMENT_3D ( 'NONE', #233, #1170, #4280 ) ;
#193 = VERTEX_POINT ( 'NONE', #5191 ) ;
#194 = EDGE_CURVE ( 'NONE', #1068, #4112, #1050, .T. ) ;
#195 = ORIENTED_EDGE ( 'NONE', *, *, #2642, .T. ) ;
#196 = EDGE_CURVE ( 'NONE', #4245, #4125, #767, .T. ) ;
#197 = DIRECTION ( 'NONE',  ( 0.000000000000000000, -0.000000000000000000, 1.000000000000000000 ) ) ;
#198 = CARTESIAN_POINT ( 'NONE',  ( 50.55513373084020401, 24.50000000000000000, 0.000000000000000000 ) ) ;
#199 = ORIENTED_EDGE ( 'NONE', *, *, #5738, .F. ) ;
#200 = LINE ( 'NONE', #2065, #3653 ) ;
#201 = DIRECTION ( 'NONE',  ( 0.000000000000000000, -0.000000000000000000, -1.000000000000000000 ) ) ;
#202 = DIRECTION ( 'NONE',  ( -0.000000000000000000, -0.000000000000000000, -1.000000000000000000 ) ) ;
#203 = CIRCLE ( 'NONE', #2504, 9.999999999999994671 ) ;
#204 = FACE_BOUND ( 'NONE', #3974, .T. ) ;
#205 = EDGE_CURVE ( 'NONE', #2313, #1128, #4353, .T. ) ;
#206 = VERTEX_POINT ( 'NONE', #178 ) ;
#207 = EDGE_CURVE ( 'NONE', #3672, #342, #2413, .T. ) ;
#208 = VERTEX_POINT ( 'NONE', #277 ) ;
#209 = CARTESIAN_POINT ( 'NONE',  ( 0.000000000000000000, 7.100000000000002309, 10.00000000000000000 ) ) ;
#210 = DIRECTION ( 'NONE',  ( -1.000000000000000000, 0.000000000000000000, 0.000000000000000000 ) ) ;
#211 = EDGE_CURVE ( 'NONE', #601, #3010, #4797, .T. ) ;
#212 = DIRECTION ( 'NONE',  ( -1.000000000000000000, 0.000000000000000000, 0.000000000000000000 ) ) ;
#213 = DIRECTION ( 'NONE',  ( 1.000000000000000000, 0.000000000000000000, 0.000000000000000000 ) ) ;
#214 = DIRECTION ( 'NONE',  ( -1.000000000000000000, 0.000000000000000000, 0.000000000000000000 ) ) ;
#215 = VECTOR ( 'NONE', #3497, 1000.000000000000000 ) ;
#216 = B_SPLINE_CURVE_WITH_KNOTS ( 'NONE', 3,
 ( #5406, #1773, #3956, #5009 ),
 .UNSPECIFIED., .F., .F.,
 ( 4, 4 ),
 ( 0.000000000000000000, 0.001776873729390621463 ),
 .UNSPECIFIED. ) ;
#217 = ORIENTED_EDGE ( 'NONE', *, *, #3009, .T. ) ;
#218 = EDGE_CURVE ( 'NONE', #716, #2840, #5252, .T. ) ;
#219 = DIRECTION ( 'NONE',  ( 0.000000000000000000, 1.000000000000000000, -0.000000000000000000 ) ) ;
#220 = AXIS2_PLACEMENT_3D ( 'NONE', #5758, #786, #1711 ) ;
#221 = CARTESIAN_POINT ( 'NONE',  ( -79.30000000000002558, 9.600000000000001421, 10.00000000000000000 ) ) ;
#222 = ORIENTED_EDGE ( 'NONE', *, *, #2888, .T. ) ;
#223 = DIRECTION ( 'NONE',  ( -0.000000000000000000, 0.000000000000000000, 1.000000000000000000 ) ) ;
#224 = DIRECTION ( 'NONE',  ( -1.000000000000000000, 0.000000000000000000, 0.000000000000000000 ) ) ;
#225 = CARTESIAN_POINT ( 'NONE',  ( 72.89999999999999147, 6.132859924887911873, 10.00000000000000000 ) ) ;
#226 = ORIENTED_EDGE ( 'NONE', *, *, #3773, .T. ) ;
#227 = VERTEX_POINT ( 'NONE', #4321 ) ;
#228 = ORIENTED_EDGE ( 'NONE', *, *, #498, .T. ) ;
#229 = LINE ( 'NONE', #4756, #5859 ) ;
#230 = CARTESIAN_POINT ( 'NONE',  ( 0.000000000000000000, -8.100000000000003197, 10.00000000000000000 ) ) ;
#231 = EDGE_LOOP ( 'NONE', ( #3316, #1228, #1093, #4233 ) ) ;
#232 = CARTESIAN_POINT ( 'NONE',  ( -0.000000000000000000, -8.100000000000003197, 0.000000000000000000 ) ) ;
#233 = CARTESIAN_POINT ( 'NONE',  ( 50.55513373084020401, 24.50000000000000000, 10.00000000000000000 ) ) ;
#234 = FACE_OUTER_BOUND ( 'NONE', #3216, .T. ) ;
#235 = EDGE_LOOP ( 'NONE', ( #2364, #5930, #15, #3107 ) ) ;
#236 = ORIENTED_EDGE ( 'NONE', *, *, #3486, .F. ) ;
#237 = ADVANCED_FACE ( 'NONE', ( #4860 ), #4738, .F. ) ;
#238 = ORIENTED_EDGE ( 'NONE', *, *, #2652, .F. ) ;
#239 = VECTOR ( 'NONE', #2535, 1000.000000000000000 ) ;
#240 = FACE_OUTER_BOUND ( 'NONE', #1132, .T. ) ;
#241 = DIRECTION ( 'NONE',  ( -0.000000000000000000, 0.000000000000000000, 1.000000000000000000 ) ) ;
#242 = AXIS2_PLACEMENT_3D ( 'NONE', #3742, #5157, #5189 ) ;
#243 = EDGE_CURVE ( 'NONE', #4336, #4020, #2042, .T. ) ;
#244 = DIRECTION ( 'NONE',  ( -0.000000000000000000, -0.000000000000000000, -1.000000000000000000 ) ) ;
#245 = ADVANCED_FACE ( 'NONE', ( #1691 ), #1209, .F. ) ;
#246 = CARTESIAN_POINT ( 'NONE',  ( -67.99305421544659112, -23.00000000000000000, 10.00000000000000000 ) ) ;
#247 = CARTESIAN_POINT ( 'NONE',  ( -80.30000000000002558, 0.000000000000000000, 0.000000000000000000 ) ) ;
#248 = CARTESIAN_POINT ( 'NONE',  ( 72.89999999999999147, 9.067140075112089193, 0.000000000000000000 ) ) ;
#249 = DIRECTION ( 'NONE',  ( -1.000000000000000000, 0.000000000000000000, 0.000000000000000000 ) ) ;
#250 = CARTESIAN_POINT ( 'NONE',  ( 89.59999999999998010, 8.100000000000003197, 10.00000000000000000 ) ) ;
#251 = ORIENTED_EDGE ( 'NONE', *, *, #3857, .T. ) ;
#252 = VECTOR ( 'NONE', #262, 1000.000000000000000 ) ;
#253 = DIRECTION ( 'NONE',  ( -0.000000000000000000, -0.000000000000000000, -1.000000000000000000 ) ) ;
#254 = CARTESIAN_POINT ( 'NONE',  ( -32.75318380357697379, -15.00000000000000000, 10.00000000000000000 ) ) ;
#255 = FACE_OUTER_BOUND ( 'NONE', #1825, .T. ) ;
#256 = ORIENTED_EDGE ( 'NONE', *, *, #3043, .F. ) ;
#257 = VECTOR ( 'NONE', #1282, 1000.000000000000000 ) ;
#258 = CIRCLE ( 'NONE', #64, 8.999999999999980460 ) ;
#259 = AXIS2_PLACEMENT_3D ( 'NONE', #77, #1352, #3701 ) ;
#260 = ORIENTED_EDGE ( 'NONE', *, *, #4057, .F. ) ;
#261 = VERTEX_POINT ( 'NONE', #4891 ) ;
#262 = DIRECTION ( 'NONE',  ( -0.000000000000000000, -0.000000000000000000, 1.000000000000000000 ) ) ;
#263 = DIRECTION ( 'NONE',  ( -0.7071067811865500152, 0.000000000000000000, -0.7071067811865451302 ) ) ;
#264 = ORIENTED_EDGE ( 'NONE', *, *, #945, .F. ) ;
#265 = CARTESIAN_POINT ( 'NONE',  ( 0.000000000000000000, -9.600000000000004974, 10.00000000000000000 ) ) ;
#266 = VECTOR ( 'NONE', #1664, 1000.000000000000000 ) ;
#267 = DIRECTION ( 'NONE',  ( -0.000000000000000000, -0.000000000000000000, -1.000000000000000000 ) ) ;
#268 = LINE ( 'NONE', #1590, #2323 ) ;
#269 = EDGE_CURVE ( 'NONE', #5686, #2186, #3382, .T. ) ;
#270 = PRODUCT ( 'P5 Panel RP Mount', 'P5 Panel RP Mount', '', ( #1703 ) ) ;
#271 = AXIS2_PLACEMENT_3D ( 'NONE', #287, #317, #5745 ) ;
#272 = ORIENTED_EDGE ( 'NONE', *, *, #1828, .F. ) ;
#273 = ORIENTED_EDGE ( 'NONE', *, *, #1359, .T. ) ;
#274 = AXIS2_PLACEMENT_3D ( 'NONE', #2736, #3276, #4212 ) ;
#275 = ORIENTED_EDGE ( 'NONE', *, *, #305, .T. ) ;
#276 = CARTESIAN_POINT ( 'NONE',  ( 89.59999999999998010, 7.100000000000002309, 10.00000000000000000 ) ) ;
#277 = CARTESIAN_POINT ( 'NONE',  ( 94.99999999999997158, 15.00000000000000000, 8.999999999999996447 ) ) ;
#278 = CIRCLE ( 'NONE', #865, 7.999999999999992895 ) ;
#279 = ORIENTED_EDGE ( 'NONE', *, *, #1866, .T. ) ;
#280 = AXIS2_PLACEMENT_3D ( 'NONE', #3282, #450, #1412 ) ;
#281 = EDGE_CURVE ( 'NONE', #5805, #1128, #1631, .T. ) ;
#282 = CARTESIAN_POINT ( 'NONE',  ( 70.39999999999999147, 0.000000000000000000, 10.00000000000000000 ) ) ;
#283 = FACE_OUTER_BOUND ( 'NONE', #998, .T. ) ;
#284 = CARTESIAN_POINT ( 'NONE',  ( -79.30000000000002558, 0.000000000000000000, 10.00000000000000000 ) ) ;
#285 = ADVANCED_FACE ( 'NONE', ( #2596 ), #3965, .F. ) ;
#286 = EDGE_CURVE ( 'NONE', #5599, #964, #1419, .T. ) ;
#287 = CARTESIAN_POINT ( 'NONE',  ( 80.00000000000001421, -15.00000000000000000, 0.9999999999999749090 ) ) ;
#288 = CARTESIAN_POINT ( 'NONE',  ( 65.00000000000004263, -15.00000000000000000, 8.999999999999996447 ) ) ;
#289 = ORIENTED_EDGE ( 'NONE', *, *, #3229, .T. ) ;
#290 = LINE ( 'NONE', #5327, #2083 ) ;
#291 = DIRECTION ( 'NONE',  ( -0.000000000000000000, -0.000000000000000000, -1.000000000000000000 ) ) ;
#292 = CARTESIAN_POINT ( 'NONE',  ( -66.82360081727497914, 0.000000000000000000, 10.00000000000000000 ) ) ;
#293 = ORIENTED_EDGE ( 'NONE', *, *, #3615, .F. ) ;
#294 = VERTEX_POINT ( 'NONE', #2497 ) ;
#295 = EDGE_CURVE ( 'NONE', #5404, #3627, #4792, .T. ) ;
#296 = ORIENTED_EDGE ( 'NONE', *, *, #1731, .T. ) ;
#297 = DIRECTION ( 'NONE',  ( -0.000000000000000000, -0.000000000000000000, -1.000000000000000000 ) ) ;
#298 = DIRECTION ( 'NONE',  ( -1.000000000000000000, 0.000000000000000000, 0.000000000000000000 ) ) ;
#299 = ORIENTED_EDGE ( 'NONE', *, *, #2315, .F. ) ;
#300 = CARTESIAN_POINT ( 'NONE',  ( 80.00000000000001421, -15.00000000000000000, 0.000000000000000000 ) ) ;
#301 = CARTESIAN_POINT ( 'NONE',  ( -66.82360081727497914, 0.000000000000000000, 0.000000000000000000 ) ) ;
#302 = DIRECTION ( 'NONE',  ( 0.000000000000000000, 1.000000000000000000, 0.000000000000000000 ) ) ;
#303 = ORIENTED_EDGE ( 'NONE', *, *, #3474, .F. ) ;
#304 = ORIENTED_EDGE ( 'NONE', *, *, #3442, .T. ) ;
#305 = EDGE_CURVE ( 'NONE', #1188, #1836, #3406, .T. ) ;
#306 = EDGE_LOOP ( 'NONE', ( #3098, #5907, #4941, #1061 ) ) ;
#307 = DIRECTION ( 'NONE',  ( 0.000000000000000000, 0.7071067811865474617, 0.7071067811865474617 ) ) ;
#308 = CARTESIAN_POINT ( 'NONE',  ( 71.89999999999999147, 0.000000000000000000, 10.00000000000000000 ) ) ;
#309 = CARTESIAN_POINT ( 'NONE',  ( 58.17639918272502086, 0.000000000000000000, 0.000000000000000000 ) ) ;
#310 = VERTEX_POINT ( 'NONE', #4828 ) ;
#311 = ORIENTED_EDGE ( 'NONE', *, *, #3693, .T. ) ;
#312 = LINE ( 'NONE', #1181, #2279 ) ;
#313 = DIRECTION ( 'NONE',  ( 1.000000000000000000, 0.000000000000000000, 0.000000000000000000 ) ) ;
#314 = DIRECTION ( 'NONE',  ( -0.000000000000000000, -0.000000000000000000, -1.000000000000000000 ) ) ;
#315 = AXIS2_PLACEMENT_3D ( 'NONE', #1500, #2829, #4673 ) ;
#316 = EDGE_CURVE ( 'NONE', #3680, #5086, #2110, .T. ) ;
#317 = DIRECTION ( 'NONE',  ( 0.000000000000000000, 0.000000000000000000, 1.000000000000000000 ) ) ;
#318 = CARTESIAN_POINT ( 'NONE',  ( 66.06757691870760141, -13.62610514089688785, 0.000000000000000000 ) ) ;
#319 = EDGE_LOOP ( 'NONE', ( #86, #3348, #2813, #3843 ) ) ;
#320 = CYLINDRICAL_SURFACE ( 'NONE', #2855, 14.99999999999995737 ) ;
#321 = CARTESIAN_POINT ( 'NONE',  ( -79.80000000000002558, -7.600000000000002309, 0.000000000000000000 ) ) ;
#322 = EDGE_CURVE ( 'NONE', #1535, #5319, #5804, .T. ) ;
#323 = VERTEX_POINT ( 'NONE', #3472 ) ;
#324 = AXIS2_PLACEMENT_3D ( 'NONE', #1191, #3025, #647 ) ;
#325 = ORIENTED_EDGE ( 'NONE', *, *, #2240, .T. ) ;
#326 = ORIENTED_EDGE ( 'NONE', *, *, #4739, .F. ) ;
#327 = CARTESIAN_POINT ( 'NONE',  ( 65.32699331784370145, 14.51499053018350160, 0.6730066821563458479 ) ) ;
#328 = CARTESIAN_POINT ( 'NONE',  ( -78.33285992488791294, -8.099999999999996092, 10.00000000000000000 ) ) ;
#329 = EDGE_LOOP ( 'NONE', ( #4305, #2988, #5694, #1722 ) ) ;
#330 = CARTESIAN_POINT ( 'NONE',  ( 87.09999999999998010, -9.600000000000004974, 10.00000000000000000 ) ) ;
#331 = DIRECTION ( 'NONE',  ( -0.000000000000000000, -0.000000000000000000, -1.000000000000000000 ) ) ;
#332 = DIRECTION ( 'NONE',  ( -0.000000000000000000, -0.000000000000000000, -1.000000000000000000 ) ) ;
#333 = ADVANCED_FACE ( 'NONE', ( #5318 ), #1177, .T. ) ;
#334 = AXIS2_PLACEMENT_3D ( 'NONE', #3031, #2128, #753 ) ;
#335 = VERTEX_POINT ( 'NONE', #5501 ) ;
#336 = ADVANCED_FACE ( 'NONE', ( #1273 ), #2744, .T. ) ;
#337 = EDGE_LOOP ( 'NONE', ( #2338, #5269, #4210, #4512, #1857, #5821, #4550, #830, #2801, #783, #325, #3683, #1410, #3127, #3529, #5401 ) ) ;
#338 = LINE ( 'NONE', #4021, #759 ) ;
#339 = DIRECTION ( 'NONE',  ( 0.000000000000000000, -0.000000000000000000, -1.000000000000000000 ) ) ;
#340 = CARTESIAN_POINT ( 'NONE',  ( -81.80000000000002558, -8.099999999999996092, 10.00000000000000000 ) ) ;
#341 = ORIENTED_EDGE ( 'NONE', *, *, #505, .F. ) ;
#342 = VERTEX_POINT ( 'NONE', #399 ) ;
#343 = LINE ( 'NONE', #1213, #2765 ) ;
#344 = CARTESIAN_POINT ( 'NONE',  ( 70.93285992488790725, -7.100000000000002309, 0.000000000000000000 ) ) ;
#345 = CIRCLE ( 'NONE', #1875, 8.000000000000000000 ) ;
#346 = CARTESIAN_POINT ( 'NONE',  ( 87.09999999999998010, 5.600000000000002309, 10.00000000000000000 ) ) ;
#347 = CARTESIAN_POINT ( 'NONE',  ( 0.000000000000000000, -8.100000000000003197, 0.000000000000000000 ) ) ;
#348 = ORIENTED_EDGE ( 'NONE', *, *, #5114, .F. ) ;
#349 = CARTESIAN_POINT ( 'NONE',  ( 65.00000000000004263, 15.00000000000000000, 9.000000000000010658 ) ) ;
#350 = DIRECTION ( 'NONE',  ( 1.000000000000000000, 0.000000000000000000, 0.000000000000000000 ) ) ;
#351 = ORIENTED_EDGE ( 'NONE', *, *, #1013, .F. ) ;
#352 = VERTEX_POINT ( 'NONE', #340 ) ;
#353 = ORIENTED_EDGE ( 'NONE', *, *, #4227, .T. ) ;
#354 = DIRECTION ( 'NONE',  ( 0.000000000000000000, 1.000000000000000000, 0.000000000000000000 ) ) ;
#355 = FACE_OUTER_BOUND ( 'NONE', #319, .T. ) ;
#356 = ORIENTED_EDGE ( 'NONE', *, *, #639, .F. ) ;
#357 = DIRECTION ( 'NONE',  ( -0.000000000000000000, -0.000000000000000000, 1.000000000000000000 ) ) ;
#358 = CARTESIAN_POINT ( 'NONE',  ( 0.000000000000000000, -5.600000000000000533, 10.00000000000000000 ) ) ;
#359 = CARTESIAN_POINT ( 'NONE',  ( 87.59999999999998010, 7.600000000000002309, 10.00000000000000000 ) ) ;
#360 = ADVANCED_FACE ( 'NONE', ( #1336 ), #5896, .F. ) ;
#361 = ORIENTED_EDGE ( 'NONE', *, *, #4780, .T. ) ;
#362 = EDGE_CURVE ( 'NONE', #25, #4349, #5282, .T. ) ;
#363 = ADVANCED_FACE ( 'NONE', ( #2661 ), #3736, .T. ) ;
#364 = AXIS2_PLACEMENT_3D ( 'NONE', #4455, #5325, #1610 ) ;
#365 = EDGE_LOOP ( 'NONE', ( #2376, #1409, #3632, #118 ) ) ;
#366 = CARTESIAN_POINT ( 'NONE',  ( 71.89999999999999147, 0.000000000000000000, 0.000000000000000000 ) ) ;
#367 = DIRECTION ( 'NONE',  ( 0.000000000000000000, 0.000000000000000000, 1.000000000000000000 ) ) ;
#368 = FACE_OUTER_BOUND ( 'NONE', #1771, .T. ) ;
#369 = DIRECTION ( 'NONE',  ( -0.000000000000000000, -0.000000000000000000, -1.000000000000000000 ) ) ;
#370 = AXIS2_PLACEMENT_3D ( 'NONE', #3477, #4900, #1521 ) ;
#371 = AXIS2_PLACEMENT_3D ( 'NONE', #2462, #241, #5705 ) ;
#372 = ORIENTED_EDGE ( 'NONE', *, *, #1566, .F. ) ;
#373 = AXIS2_PLACEMENT_3D ( 'NONE', #4468, #818, #4945 ) ;
#374 = VECTOR ( 'NONE', #3668, 1000.000000000000000 ) ;
#375 = ORIENTED_EDGE ( 'NONE', *, *, #4164, .F. ) ;
#376 = CARTESIAN_POINT ( 'NONE',  ( 71.89999999999999147, -9.600000000000001421, 10.00000000000000000 ) ) ;
#377 = VECTOR ( 'NONE', #4333, 1000.000000000000000 ) ;
#378 = VECTOR ( 'NONE', #107, 1000.000000000000000 ) ;
#379 = CARTESIAN_POINT ( 'NONE',  ( 59.99999999999999289, -22.41619848709568785, 10.00000000000000000 ) ) ;
#380 = CARTESIAN_POINT ( 'NONE',  ( 66.00000000000002842, -14.99999999999999822, 0.000000000000000000 ) ) ;
#381 = ORIENTED_EDGE ( 'NONE', *, *, #5591, .T. ) ;
#382 = CARTESIAN_POINT ( 'NONE',  ( 73.86714007511207569, -7.100000000000002309, 0.000000000000000000 ) ) ;
#383 = ORIENTED_EDGE ( 'NONE', *, *, #2240, .F. ) ;
#384 = VERTEX_POINT ( 'NONE', #5866 ) ;
#385 = ORIENTED_EDGE ( 'NONE', *, *, #5654, .T. ) ;
#386 = DIRECTION ( 'NONE',  ( -0.000000000000000000, -0.000000000000000000, -1.000000000000000000 ) ) ;
#387 = CARTESIAN_POINT ( 'NONE',  ( -50.00000000000001421, 22.50000000000001066, 10.00000000000000000 ) ) ;
#388 = VERTEX_POINT ( 'NONE', #4956 ) ;
#389 = CARTESIAN_POINT ( 'NONE',  ( -66.82360081727497914, -8.500000000000000000, 1.000000000000000888 ) ) ;
#390 = CARTESIAN_POINT ( 'NONE',  ( -79.30000000000002558, -9.067140075112119391, 10.00000000000000000 ) ) ;
#391 = DIRECTION ( 'NONE',  ( 0.000000000000000000, 1.000000000000000000, -0.000000000000000000 ) ) ;
#392 = ORIENTED_EDGE ( 'NONE', *, *, #2918, .T. ) ;
#393 = ADVANCED_FACE ( 'NONE', ( #5523 ), #4144, .T. ) ;
#394 = ADVANCED_FACE ( 'NONE', ( #1725 ), #4508, .T. ) ;
#395 = VERTEX_POINT ( 'NONE', #887 ) ;
#396 = DIRECTION ( 'NONE',  ( 0.000000000000000000, 1.000000000000000000, -0.000000000000000000 ) ) ;
#397 = LINE ( 'NONE', #3629, #5776 ) ;
#398 = CARTESIAN_POINT ( 'NONE',  ( 74.39999999999999147, 0.000000000000000000, 10.00000000000000000 ) ) ;
#399 = CARTESIAN_POINT ( 'NONE',  ( 66.00000000000005684, 15.00000000000000000, 10.00000000000000000 ) ) ;
#400 = ADVANCED_FACE ( 'NONE', ( #4564 ), #1753, .F. ) ;
#401 = EDGE_CURVE ( 'NONE', #5171, #1674, #5021, .T. ) ;
#402 = ORIENTED_EDGE ( 'NONE', *, *, #295, .T. ) ;
#403 = VECTOR ( 'NONE', #4955, 1000.000000000000000 ) ;
#404 = ORIENTED_EDGE ( 'NONE', *, *, #53, .T. ) ;
#405 = LINE ( 'NONE', #62, #5495 ) ;
#406 = AXIS2_PLACEMENT_3D ( 'NONE', #4871, #5266, #2995 ) ;
#407 = ADVANCED_FACE ( 'NONE', ( #3143 ), #2721, .T. ) ;
#408 = DIRECTION ( 'NONE',  ( -0.000000000000000000, 0.000000000000000000, 1.000000000000000000 ) ) ;
#409 = FACE_OUTER_BOUND ( 'NONE', #5949, .T. ) ;
#410 = EDGE_LOOP ( 'NONE', ( #2441, #2691, #1257, #3771 ) ) ;
#411 = DIRECTION ( 'NONE',  ( -1.000000000000000000, 0.000000000000000000, 0.000000000000000000 ) ) ;
#412 = ORIENTED_EDGE ( 'NONE', *, *, #2715, .F. ) ;
#413 = ORIENTED_EDGE ( 'NONE', *, *, #5489, .T. ) ;
#414 = CARTESIAN_POINT ( 'NONE',  ( 89.06714007511207853, 8.100000000000003197, 0.000000000000000000 ) ) ;
#415 = LINE ( 'NONE', #5432, #548 ) ;
#416 = DIRECTION ( 'NONE',  ( -0.000000000000000000, -0.000000000000000000, -1.000000000000000000 ) ) ;
#417 = DIRECTION ( 'NONE',  ( -0.000000000000000000, -0.000000000000000000, -1.000000000000000000 ) ) ;
#418 = CARTESIAN_POINT ( 'NONE',  ( -79.80000000000002558, 7.600000000000000533, 0.000000000000000000 ) ) ;
#419 = ORIENTED_EDGE ( 'NONE', *, *, #426, .F. ) ;
#420 = VERTEX_POINT ( 'NONE', #2285 ) ;
#421 = LINE ( 'NONE', #884, #2095 ) ;
#422 = CARTESIAN_POINT ( 'NONE',  ( 80.00000000000001421, -15.00000000000000000, 0.000000000000000000 ) ) ;
#423 = CARTESIAN_POINT ( 'NONE',  ( 89.59999999999998010, 0.000000000000000000, 10.00000000000000000 ) ) ;
#424 = CARTESIAN_POINT ( 'NONE',  ( 0.000000000000000000, -7.100000000000002309, 10.00000000000000000 ) ) ;
#425 = VECTOR ( 'NONE', #5272, 1000.000000000000000 ) ;
#426 = EDGE_CURVE ( 'NONE', #206, #1736, #2695, .T. ) ;
#427 = ORIENTED_EDGE ( 'NONE', *, *, #3714, .F. ) ;
#428 = AXIS2_PLACEMENT_3D ( 'NONE', #1641, #2574, #4807 ) ;
#429 = ORIENTED_EDGE ( 'NONE', *, *, #5487, .F. ) ;
#430 = CARTESIAN_POINT ( 'NONE',  ( 93.96142399166004111, 13.96142399166007131, 0.000000000000000000 ) ) ;
#431 = EDGE_CURVE ( 'NONE', #5363, #5910, #5038, .T. ) ;
#432 = EDGE_CURVE ( 'NONE', #4405, #5692, #5472, .T. ) ;
#433 = DIRECTION ( 'NONE',  ( -0.000000000000000000, 0.000000000000000000, 1.000000000000000000 ) ) ;
#434 = DIRECTION ( 'NONE',  ( -0.000000000000000000, -0.000000000000000000, -1.000000000000000000 ) ) ;
#435 = ORIENTED_EDGE ( 'NONE', *, *, #5764, .T. ) ;
#436 = DIRECTION ( 'NONE',  ( 0.000000000000000000, 0.000000000000000000, -1.000000000000000000 ) ) ;
#437 = VECTOR ( 'NONE', #2162, 1000.000000000000114 ) ;
#438 = ORIENTED_EDGE ( 'NONE', *, *, #316, .T. ) ;
#439 = ORIENTED_EDGE ( 'NONE', *, *, #1643, .T. ) ;
#440 = PLANE ( 'NONE',  #3342 ) ;
#441 = DIRECTION ( 'NONE',  ( 0.000000000000000000, 0.7071067811865475727, -0.7071067811865475727 ) ) ;
#442 = CARTESIAN_POINT ( 'NONE',  ( 89.06714007511207853, -7.100000000000002309, 10.00000000000000000 ) ) ;
#443 = CARTESIAN_POINT ( 'NONE',  ( 70.39999999999999147, 0.000000000000000000, 10.00000000000000000 ) ) ;
#444 = LINE ( 'NONE', #3105, #446 ) ;
#445 = ORIENTED_EDGE ( 'NONE', *, *, #1976, .F. ) ;
#446 = VECTOR ( 'NONE', #391, 1000.000000000000000 ) ;
#447 = EDGE_CURVE ( 'NONE', #5022, #1368, #796, .T. ) ;
#448 = ORIENTED_EDGE ( 'NONE', *, *, #4676, .F. ) ;
#449 = CARTESIAN_POINT ( 'NONE',  ( -50.00000000000001421, -22.49999999999998934, 9.000000000000010658 ) ) ;
#450 = DIRECTION ( 'NONE',  ( 0.000000000000000000, 1.000000000000000000, 0.000000000000000000 ) ) ;
#451 = CARTESIAN_POINT ( 'NONE',  ( -79.30000000000002558, -5.599999999999994316, 0.000000000000000000 ) ) ;
#452 = DIRECTION ( 'NONE',  ( 0.000000000000000000, 1.000000000000000000, 0.000000000000000000 ) ) ;
#453 = ORIENTED_EDGE ( 'NONE', *, *, #4667, .F. ) ;
#454 = CIRCLE ( 'NONE', #3247, 8.999999999999987566 ) ;
#455 = CIRCLE ( 'NONE', #748, 1.549999999999968070 ) ;
#456 = VECTOR ( 'NONE', #16, 1000.000000000000000 ) ;
#457 = ORIENTED_EDGE ( 'NONE', *, *, #5806, .F. ) ;
#458 = DIRECTION ( 'NONE',  ( -1.000000000000000000, 0.000000000000000000, 0.000000000000000000 ) ) ;
#459 = VECTOR ( 'NONE', #581, 1000.000000000000114 ) ;
#460 = AXIS2_PLACEMENT_3D ( 'NONE', #422, #765, #5864 ) ;
#461 = AXIS2_PLACEMENT_3D ( 'NONE', #4768, #5616, #4325 ) ;
#462 = ADVANCED_FACE ( 'NONE', ( #5953 ), #1814, .F. ) ;
#464 = FACE_OUTER_BOUND ( 'NONE', #3602, .T. ) ;
#463 = AXIS2_PLACEMENT_3D ( 'NONE', #2033, #596, #114 ) ;
#465 = AXIS2_PLACEMENT_3D ( 'NONE', #974, #2805, #4650 ) ;
#466 = DIRECTION ( 'NONE',  ( -1.000000000000000000, 0.000000000000000000, 0.000000000000000000 ) ) ;
#467 = CARTESIAN_POINT ( 'NONE',  ( -67.99305421544659112, -13.99999999999998401, 10.00000000000000000 ) ) ;
#468 = EDGE_CURVE ( 'NONE', #2824, #4331, #5102, .T. ) ;
#469 = ORIENTED_EDGE ( 'NONE', *, *, #889, .T. ) ;
#470 = EDGE_CURVE ( 'NONE', #2697, #812, #2854, .T. ) ;
#471 = ORIENTED_EDGE ( 'NONE', *, *, #2895, .F. ) ;
#472 = LINE ( 'NONE', #1831, #4989 ) ;
#473 = DIRECTION ( 'NONE',  ( 0.000000000000000000, -1.000000000000000000, 0.000000000000000000 ) ) ;
#474 = CARTESIAN_POINT ( 'NONE',  ( 87.09999999999998010, 0.000000000000000000, 10.00000000000000000 ) ) ;
#475 = CARTESIAN_POINT ( 'NONE',  ( 0.000000000000000000, 7.100000000000002309, 10.00000000000000000 ) ) ;
#476 = LINE ( 'NONE', #564, #3480 ) ;
#477 = CIRCLE ( 'NONE', #3840, 1.549999999999968070 ) ;
#478 = ORIENTED_EDGE ( 'NONE', *, *, #2044, .T. ) ;
#479 = ADVANCED_FACE ( 'NONE', ( #4730 ), #5129, .F. ) ;
#480 = EDGE_CURVE ( 'NONE', #1301, #5927, #4255, .T. ) ;
#481 = ORIENTED_EDGE ( 'NONE', *, *, #5296, .F. ) ;
#482 = CARTESIAN_POINT ( 'NONE',  ( 87.09999999999998010, -9.600000000000004974, 0.000000000000000000 ) ) ;
#483 = FACE_OUTER_BOUND ( 'NONE', #5837, .T. ) ;
#484 = CARTESIAN_POINT ( 'NONE',  ( -81.80000000000002558, -7.099999999999995204, 10.00000000000000000 ) ) ;
#485 = CARTESIAN_POINT ( 'NONE',  ( -78.33285992488791294, 7.099999999999993427, 0.000000000000000000 ) ) ;
#486 = VERTEX_POINT ( 'NONE', #1499 ) ;
#487 = ADVANCED_FACE ( 'NONE', ( #599 ), #29, .T. ) ;
#488 = ORIENTED_EDGE ( 'NONE', *, *, #2522, .F. ) ;
#489 = DIRECTION ( 'NONE',  ( 1.000000000000000000, -0.000000000000000000, 0.000000000000000000 ) ) ;
#490 = CONICAL_SURFACE ( 'NONE', #3580, 8.999999999999994671, 0.7853981633974500554 ) ;
#491 = LINE ( 'NONE', #5052, #1718 ) ;
#492 = CARTESIAN_POINT ( 'NONE',  ( 60.00000000000000000, -22.49999999999991473, 10.00000000000000000 ) ) ;
#493 = LINE ( 'NONE', #2319, #5828 ) ;
#494 = EDGE_CURVE ( 'NONE', #5543, #5587, #1871, .T. ) ;
#495 = DIRECTION ( 'NONE',  ( -0.000000000000000000, 0.000000000000000000, 1.000000000000000000 ) ) ;
#496 = ADVANCED_FACE ( 'NONE', ( #1020 ), #2834, .T. ) ;
#497 = ORIENTED_EDGE ( 'NONE', *, *, #3961, .T. ) ;
#498 = EDGE_CURVE ( 'NONE', #227, #2840, #5068, .T. ) ;
#499 = CARTESIAN_POINT ( 'NONE',  ( -0.000000000000000000, 8.100000000000003197, 0.000000000000000000 ) ) ;
#500 = LINE ( 'NONE', #2326, #4312 ) ;
#501 = LINE ( 'NONE', #1379, #2865 ) ;
#502 = PLANE ( 'NONE',  #5254 ) ;
#503 = CARTESIAN_POINT ( 'NONE',  ( 0.000000000000000000, -7.100000000000002309, 10.00000000000000000 ) ) ;
#504 = ORIENTED_EDGE ( 'NONE', *, *, #4414, .F. ) ;
#505 = EDGE_CURVE ( 'NONE', #1794, #5086, #4620, .T. ) ;
#506 = VERTEX_POINT ( 'NONE', #2311 ) ;
#507 = FACE_BOUND ( 'NONE', #2106, .T. ) ;
#508 = DIRECTION ( 'NONE',  ( -0.000000000000000000, 0.000000000000000000, 1.000000000000000000 ) ) ;
#509 = DIRECTION ( 'NONE',  ( -1.000000000000000000, -1.541976423090500317E-16, 0.000000000000000000 ) ) ;
#510 = DIRECTION ( 'NONE',  ( -0.000000000000000000, -0.000000000000000000, -1.000000000000000000 ) ) ;
#511 = EDGE_CURVE ( 'NONE', #1128, #1739, #2655, .T. ) ;
#512 = VECTOR ( 'NONE', #2492, 1000.000000000000000 ) ;
#513 = ORIENTED_EDGE ( 'NONE', *, *, #4767, .F. ) ;
#514 = AXIS2_PLACEMENT_3D ( 'NONE', #423, #5442, #5500 ) ;
#515 = AXIS2_PLACEMENT_3D ( 'NONE', #5684, #2080, #3934 ) ;
#516 = EDGE_LOOP ( 'NONE', ( #3272, #5585, #2136, #3296 ) ) ;
#517 = AXIS2_PLACEMENT_3D ( 'NONE', #2896, #555, #1957 ) ;
#518 = COLOUR_RGB ( '',0.7921568627450980005, 0.8196078431372548767, 0.9333333333333333481 ) ;
#519 = DIRECTION ( 'NONE',  ( 1.000000000000000000, 0.000000000000000000, 0.000000000000000000 ) ) ;
#520 = CIRCLE ( 'NONE', #2638, 14.00000000000002665 ) ;
#521 = CARTESIAN_POINT ( 'NONE',  ( 72.89999999999999147, 5.600000000000000533, 10.00000000000000000 ) ) ;
#522 = CARTESIAN_POINT ( 'NONE',  ( -67.99305421544659112, -13.99999999999999822, 0.000000000000000000 ) ) ;
#523 = CARTESIAN_POINT ( 'NONE',  ( -81.80000000000002558, -8.099999999999996092, 10.00000000000000000 ) ) ;
#524 = ORIENTED_EDGE ( 'NONE', *, *, #2891, .F. ) ;
#525 = VERTEX_POINT ( 'NONE', #485 ) ;
#526 = CARTESIAN_POINT ( 'NONE',  ( -9.194866269159801320, -24.50000000000000000, 10.00000000000000000 ) ) ;
#527 = ORIENTED_EDGE ( 'NONE', *, *, #295, .F. ) ;
#528 = AXIS2_PLACEMENT_3D ( 'NONE', #939, #1921, #3311 ) ;
#529 = DIRECTION ( 'NONE',  ( -0.000000000000000000, 0.000000000000000000, 1.000000000000000000 ) ) ;
#530 = CARTESIAN_POINT ( 'NONE',  ( 80.00000000000001421, 15.00000000000000000, 8.999999999999996447 ) ) ;
#531 = CARTESIAN_POINT ( 'NONE',  ( 72.89999999999999147, 9.600000000000001421, 10.00000000000000000 ) ) ;
#532 = DIRECTION ( 'NONE',  ( -0.000000000000000000, -0.000000000000000000, -1.000000000000000000 ) ) ;
#533 = ORIENTED_EDGE ( 'NONE', *, *, #1360, .F. ) ;
#534 = ORIENTED_EDGE ( 'NONE', *, *, #1424, .F. ) ;
#535 = EDGE_CURVE ( 'NONE', #4148, #3728, #5583, .T. ) ;
#536 = LINE ( 'NONE', #1440, #2362 ) ;
#537 = LINE ( 'NONE', #2797, #163 ) ;
#538 = DIRECTION ( 'NONE',  ( -1.000000000000000000, 0.000000000000000000, 0.000000000000000000 ) ) ;
#539 = CARTESIAN_POINT ( 'NONE',  ( 59.99999999999999289, -22.41619848709568785, 9.000000000000010658 ) ) ;
#540 = CARTESIAN_POINT ( 'NONE',  ( 85.59999999999998010, -8.100000000000003197, 10.00000000000000000 ) ) ;
#541 = EDGE_CURVE ( 'NONE', #2598, #5363, #2400, .T. ) ;
#542 = ORIENTED_EDGE ( 'NONE', *, *, #5390, .F. ) ;
#543 = EDGE_CURVE ( 'NONE', #2186, #1467, #3138, .T. ) ;
#544 = ORIENTED_EDGE ( 'NONE', *, *, #2923, .T. ) ;
#545 = AXIS2_PLACEMENT_3D ( 'NONE', #3131, #2679, #5568 ) ;
#546 = ORIENTED_EDGE ( 'NONE', *, *, #543, .T. ) ;
#547 = AXIS2_PLACEMENT_3D ( 'NONE', #3236, #4094, #2806 ) ;
#548 = VECTOR ( 'NONE', #2244, 1000.000000000000000 ) ;
#549 = AXIS2_PLACEMENT_3D ( 'NONE', #2959, #1459, #2505 ) ;
#550 = CARTESIAN_POINT ( 'NONE',  ( -66.82360081727497914, 8.500000000000000000, 9.000000000000000000 ) ) ;
#551 = DIRECTION ( 'NONE',  ( 0.000000000000000000, 0.7071067811865474617, 0.7071067811865474617 ) ) ;
#552 = CARTESIAN_POINT ( 'NONE',  ( 0.000000000000000000, 7.099999999999993427, 10.00000000000000000 ) ) ;
#553 = VECTOR ( 'NONE', #603, 1000.000000000000000 ) ;
#554 = VECTOR ( 'NONE', #2701, 1000.000000000000000 ) ;
#555 = DIRECTION ( 'NONE',  ( -0.000000000000000000, -0.000000000000000000, -1.000000000000000000 ) ) ;
#556 = AXIS2_PLACEMENT_3D ( 'NONE', #2649, #4530, #4500 ) ;
#557 = ORIENTED_EDGE ( 'NONE', *, *, #1598, .T. ) ;
#558 = AXIS2_PLACEMENT_3D ( 'NONE', #4354, #3443, #3140 ) ;
#559 = DIRECTION ( 'NONE',  ( -0.000000000000000000, 0.000000000000000000, 1.000000000000000000 ) ) ;
#560 = ORIENTED_EDGE ( 'NONE', *, *, #5076, .F. ) ;
#561 = FACE_OUTER_BOUND ( 'NONE', #3392, .T. ) ;
#562 = CARTESIAN_POINT ( 'NONE',  ( 70.39999999999999147, -7.100000000000002309, 0.000000000000000000 ) ) ;
#563 = DIRECTION ( 'NONE',  ( 1.000000000000000000, -1.119176436114092110E-15, 0.000000000000000000 ) ) ;
#564 = CARTESIAN_POINT ( 'NONE',  ( 0.000000000000000000, 13.99999999999998401, 10.00000000000000000 ) ) ;
#565 = VECTOR ( 'NONE', #2056, 1000.000000000000000 ) ;
#566 = VERTEX_POINT ( 'NONE', #1890 ) ;
#567 = AXIS2_PLACEMENT_3D ( 'NONE', #1334, #2200, #4562 ) ;
#568 = AXIS2_PLACEMENT_3D ( 'NONE', #5178, #108, #1490 ) ;
#569 = ORIENTED_EDGE ( 'NONE', *, *, #5487, .T. ) ;
#570 = CYLINDRICAL_SURFACE ( 'NONE', #4025, 8.000000000000000000 ) ;
#571 = CARTESIAN_POINT ( 'NONE',  ( 58.17639918272502086, 9.500000000000001776, 10.00000000000000000 ) ) ;
#572 = FACE_OUTER_BOUND ( 'NONE', #2296, .T. ) ;
#573 = CARTESIAN_POINT ( 'NONE',  ( 0.000000000000000000, -9.599999999999997868, 10.00000000000000000 ) ) ;
#574 = DIRECTION ( 'NONE',  ( 0.000000000000000000, -1.000000000000000000, 0.000000000000000000 ) ) ;
#575 = ORIENTED_EDGE ( 'NONE', *, *, #4707, .T. ) ;
#576 = EDGE_CURVE ( 'NONE', #684, #187, #1443, .T. ) ;
#577 = EDGE_LOOP ( 'NONE', ( #195, #4886, #1829, #1023 ) ) ;
#578 = ORIENTED_EDGE ( 'NONE', *, *, #648, .T. ) ;
#579 = EDGE_CURVE ( 'NONE', #1640, #2956, #4969, .T. ) ;
#580 = CARTESIAN_POINT ( 'NONE',  ( -58.99652710772329556, -22.74999999999999289, 0.000000000000000000 ) ) ;
#581 = DIRECTION ( 'NONE',  ( 0.000000000000000000, 0.7071067811865474617, -0.7071067811865474617 ) ) ;
#582 = DIRECTION ( 'NONE',  ( 0.000000000000000000, -0.000000000000000000, 1.000000000000000000 ) ) ;
#583 = EDGE_CURVE ( 'NONE', #2172, #4113, #2827, .T. ) ;
#584 =( NAMED_UNIT ( * ) SI_UNIT ( $, .STERADIAN. ) SOLID_ANGLE_UNIT ( ) );
#585 = ORIENTED_EDGE ( 'NONE', *, *, #3263, .F. ) ;
#586 = CIRCLE ( 'NONE', #1367, 1.549999999999995826 ) ;
#587 = PLANE ( 'NONE',  #3926 ) ;
#588 = EDGE_LOOP ( 'NONE', ( #1827, #4370, #3468, #2881 ) ) ;
#589 = CARTESIAN_POINT ( 'NONE',  ( -51.25318380357697379, 15.00000000000000000, 10.00000000000000000 ) ) ;
#590 = DIRECTION ( 'NONE',  ( 1.000000000000000000, 0.000000000000000000, 0.000000000000000000 ) ) ;
#591 = DIRECTION ( 'NONE',  ( -0.000000000000000000, -0.000000000000000000, -1.000000000000000000 ) ) ;
#592 = CARTESIAN_POINT ( 'NONE',  ( 66.06757691870762983, -13.62610514089687364, 10.00000000000000000 ) ) ;
#593 = ORIENTED_EDGE ( 'NONE', *, *, #4293, .T. ) ;
#594 = ORIENTED_EDGE ( 'NONE', *, *, #576, .T. ) ;
#595 = CARTESIAN_POINT ( 'NONE',  ( 80.00000000000001421, 15.00000000000000000, 8.999999999999996447 ) ) ;
#596 = DIRECTION ( 'NONE',  ( 0.000000000000000000, 0.000000000000000000, 1.000000000000000000 ) ) ;
#598 = VECTOR ( 'NONE', #3400, 1000.000000000000000 ) ;
#597 = DIRECTION ( 'NONE',  ( -0.000000000000000000, 0.000000000000000000, 1.000000000000000000 ) ) ;
#599 = FACE_OUTER_BOUND ( 'NONE', #5612, .T. ) ;
#600 = DIRECTION ( 'NONE',  ( 0.7071067811865567876, 0.000000000000000000, -0.7071067811865383579 ) ) ;
#601 = VERTEX_POINT ( 'NONE', #539 ) ;
#602 = ORIENTED_EDGE ( 'NONE', *, *, #4195, .T. ) ;
#603 = DIRECTION ( 'NONE',  ( 0.000000000000000000, -1.000000000000000000, 0.000000000000000000 ) ) ;
#604 = ORIENTED_EDGE ( 'NONE', *, *, #1877, .F. ) ;
#605 = AXIS2_PLACEMENT_3D ( 'NONE', #1967, #712, #4752 ) ;
#606 = LINE ( 'NONE', #4713, #651 ) ;
#607 = ADVANCED_FACE ( 'NONE', ( #2368 ), #90, .F. ) ;
#608 = DIRECTION ( 'NONE',  ( 1.000000000000000000, 0.000000000000000000, 0.000000000000000000 ) ) ;
#609 = CARTESIAN_POINT ( 'NONE',  ( 72.39999999999999147, 7.600000000000000533, 0.000000000000000000 ) ) ;
#610 = AXIS2_PLACEMENT_3D ( 'NONE', #3968, #3837, #734 ) ;
#611 = CARTESIAN_POINT ( 'NONE',  ( -0.000000000000000000, 7.099999999999993427, 0.000000000000000000 ) ) ;
#612 = EDGE_CURVE ( 'NONE', #176, #227, #1624, .T. ) ;
#613 = ADVANCED_FACE ( 'NONE', ( #3467 ), #2103, .T. ) ;
#614 = ORIENTED_EDGE ( 'NONE', *, *, #2337, .F. ) ;
#615 = FACE_OUTER_BOUND ( 'NONE', #4433, .T. ) ;
#616 = ORIENTED_EDGE ( 'NONE', *, *, #3442, .F. ) ;
#617 = LINE ( 'NONE', #4271, #1225 ) ;
#618 = LINE ( 'NONE', #3421, #4047 ) ;
#619 = LINE ( 'NONE', #2092, #3991 ) ;
#620 = ORIENTED_EDGE ( 'NONE', *, *, #543, .F. ) ;
#621 = ORIENTED_EDGE ( 'NONE', *, *, #1720, .T. ) ;
#622 = CARTESIAN_POINT ( 'NONE',  ( 66.67639918272502086, 0.000000000000000000, 0.000000000000000000 ) ) ;
#623 = CARTESIAN_POINT ( 'NONE',  ( -80.30000000000002558, 0.000000000000000000, 10.00000000000000000 ) ) ;
#624 = DIRECTION ( 'NONE',  ( 0.000000000000000000, -0.000000000000000000, -1.000000000000000000 ) ) ;
#625 = CARTESIAN_POINT ( 'NONE',  ( 87.09999999999998010, 6.132859924887913650, 10.00000000000000000 ) ) ;
#626 = CIRCLE ( 'NONE', #4007, 9.500000000000001776 ) ;
#627 = CARTESIAN_POINT ( 'NONE',  ( 0.000000000000000000, 7.100000000000000533, 10.00000000000000000 ) ) ;
#628 = EDGE_LOOP ( 'NONE', ( #4541, #4283, #3336, #217 ) ) ;
#629 = EDGE_CURVE ( 'NONE', #2956, #1640, #4949, .T. ) ;
#630 = EDGE_CURVE ( 'NONE', #1632, #1467, #1139, .T. ) ;
#631 = ORIENTED_EDGE ( 'NONE', *, *, #2435, .T. ) ;
#632 = DIRECTION ( 'NONE',  ( 0.000000000000000000, -0.000000000000000000, -1.000000000000000000 ) ) ;
#633 = CARTESIAN_POINT ( 'NONE',  ( 73.86714007511207569, -8.100000000000003197, 10.00000000000000000 ) ) ;
#634 = ORIENTED_EDGE ( 'NONE', *, *, #3332, .T. ) ;
#635 = DIRECTION ( 'NONE',  ( -0.000000000000000000, 0.000000000000000000, 1.000000000000000000 ) ) ;
#636 = CARTESIAN_POINT ( 'NONE',  ( 65.00000000000004263, -15.00000000000000000, 1.000000000000000888 ) ) ;
#637 = DIRECTION ( 'NONE',  ( 0.000000000000000000, 0.7071067811865474617, 0.7071067811865474617 ) ) ;
#638 = VECTOR ( 'NONE', #5185, 1000.000000000000000 ) ;
#639 = EDGE_CURVE ( 'NONE', #2668, #420, #3397, .T. ) ;
#640 = VECTOR ( 'NONE', #870, 1000.000000000000000 ) ;
#641 = ORIENTED_EDGE ( 'NONE', *, *, #1084, .F. ) ;
#642 = EDGE_CURVE ( 'NONE', #3948, #1295, #268, .T. ) ;
#643 = DIRECTION ( 'NONE',  ( 1.000000000000000000, 2.046973701652633318E-14, 0.000000000000000000 ) ) ;
#644 = ORIENTED_EDGE ( 'NONE', *, *, #5423, .F. ) ;
#645 = DIRECTION ( 'NONE',  ( -1.000000000000000000, 0.000000000000000000, 0.000000000000000000 ) ) ;
#646 = CARTESIAN_POINT ( 'NONE',  ( 0.000000000000000000, 5.600000000000000533, 0.000000000000000000 ) ) ;
#647 = DIRECTION ( 'NONE',  ( -0.000000000000000000, 0.000000000000000000, -1.000000000000000000 ) ) ;
#648 = EDGE_CURVE ( 'NONE', #105, #964, #3431, .T. ) ;
#649 = ORIENTED_EDGE ( 'NONE', *, *, #915, .T. ) ;
#650 = VECTOR ( 'NONE', #416, 1000.000000000000000 ) ;
#651 = VECTOR ( 'NONE', #1085, 1000.000000000000000 ) ;
#652 = ORIENTED_EDGE ( 'NONE', *, *, #2895, .T. ) ;
#653 = ORIENTED_EDGE ( 'NONE', *, *, #3601, .T. ) ;
#654 = CARTESIAN_POINT ( 'NONE',  ( 48.80513373084020401, -24.50000000000000000, 0.000000000000000000 ) ) ;
#655 = CARTESIAN_POINT ( 'NONE',  ( 72.89999999999999147, 0.000000000000000000, 10.00000000000000000 ) ) ;
#656 = ORIENTED_EDGE ( 'NONE', *, *, #642, .F. ) ;
#657 = CARTESIAN_POINT ( 'NONE',  ( -58.99652710772329556, 22.75000000000000355, 10.00000000000000000 ) ) ;
#658 = VECTOR ( 'NONE', #5513, 1000.000000000000000 ) ;
#659 = LINE ( 'NONE', #3004, #1449 ) ;
#660 = CARTESIAN_POINT ( 'NONE',  ( 0.000000000000000000, 32.50000000000000711, 9.000000000000000000 ) ) ;
#661 = CARTESIAN_POINT ( 'NONE',  ( 58.99999999999997868, -22.49999999999991473, 10.00000000000000000 ) ) ;
#662 = EDGE_CURVE ( 'NONE', #2724, #2372, #1557, .T. ) ;
#663 = EDGE_LOOP ( 'NONE', ( #2643, #687, #5409, #4896 ) ) ;
#664 = ADVANCED_FACE ( 'NONE', ( #234 ), #2035, .F. ) ;
#665 = AXIS2_PLACEMENT_3D ( 'NONE', #4387, #3510, #3051 ) ;
#666 = EDGE_LOOP ( 'NONE', ( #1258, #1869, #5028, #1516 ) ) ;
#667 = LINE ( 'NONE', #1176, #1142 ) ;
#668 = DIRECTION ( 'NONE',  ( -0.000000000000000000, -0.000000000000000000, 1.000000000000000000 ) ) ;
#669 = EDGE_CURVE ( 'NONE', #988, #1626, #1201, .T. ) ;
#670 = CYLINDRICAL_SURFACE ( 'NONE', #862, 7.999999999999992895 ) ;
#671 = PLANE ( 'NONE',  #3643 ) ;
#672 = FACE_OUTER_BOUND ( 'NONE', #3415, .T. ) ;
#673 = ORIENTED_EDGE ( 'NONE', *, *, #987, .T. ) ;
#674 = CARTESIAN_POINT ( 'NONE',  ( -77.80000000000002558, -8.099999999999996092, 10.00000000000000000 ) ) ;
#675 = FACE_OUTER_BOUND ( 'NONE', #3232, .T. ) ;
#676 = VERTEX_POINT ( 'NONE', #2520 ) ;
#677 = CARTESIAN_POINT ( 'NONE',  ( -51.25318380357697379, 15.00000000000000000, 10.00000000000000000 ) ) ;
#678 = CARTESIAN_POINT ( 'NONE',  ( 0.000000000000000000, 8.100000000000003197, 10.00000000000000000 ) ) ;
#679 = CARTESIAN_POINT ( 'NONE',  ( 58.99999999999999289, 22.41619848709568785, 0.000000000000000000 ) ) ;
#680 = ADVANCED_FACE ( 'NONE', ( #1653 ), #4345, .T. ) ;
#681 = ORIENTED_EDGE ( 'NONE', *, *, #2958, .T. ) ;
#682 = VECTOR ( 'NONE', #2937, 1000.000000000000000 ) ;
#683 = ORIENTED_EDGE ( 'NONE', *, *, #2689, .F. ) ;
#684 = VERTEX_POINT ( 'NONE', #3886 ) ;
#685 = DIRECTION ( 'NONE',  ( -0.000000000000000000, -0.000000000000000000, -1.000000000000000000 ) ) ;
#686 = CARTESIAN_POINT ( 'NONE',  ( 94.99999999999998579, 0.000000000000000000, 0.9999999999999749090 ) ) ;
#687 = ORIENTED_EDGE ( 'NONE', *, *, #447, .F. ) ;
#688 = CARTESIAN_POINT ( 'NONE',  ( -9.194866269159801320, 24.50000000000000000, 10.00000000000000000 ) ) ;
#689 = DIRECTION ( 'NONE',  ( 0.000000000000000000, -1.000000000000000000, 0.000000000000000000 ) ) ;
#690 = DIRECTION ( 'NONE',  ( -1.000000000000000000, 3.255496228848129007E-15, 0.000000000000000000 ) ) ;
#691 = EDGE_CURVE ( 'NONE', #1136, #3911, #5216, .T. ) ;
#692 = AXIS2_PLACEMENT_3D ( 'NONE', #5210, #5787, #2903 ) ;
#693 = ORIENTED_EDGE ( 'NONE', *, *, #2996, .F. ) ;
#694 = ORIENTED_EDGE ( 'NONE', *, *, #1302, .T. ) ;
#695 = EDGE_CURVE ( 'NONE', #5768, #3680, #5731, .T. ) ;
#696 = ORIENTED_EDGE ( 'NONE', *, *, #3191, .F. ) ;
#697 = CYLINDRICAL_SURFACE ( 'NONE', #5012, 1.750000000000001554 ) ;
#698 = DIRECTION ( 'NONE',  ( -0.000000000000000000, -0.000000000000000000, -1.000000000000000000 ) ) ;
#699 = DIRECTION ( 'NONE',  ( -1.000000000000000000, 0.000000000000000000, 0.000000000000000000 ) ) ;
#700 = CARTESIAN_POINT ( 'NONE',  ( -66.82360081727497914, 0.000000000000000000, 9.000000000000000000 ) ) ;
#701 = CARTESIAN_POINT ( 'NONE',  ( -79.30000000000002558, -6.132859924887886116, 0.000000000000000000 ) ) ;
#702 = DIRECTION ( 'NONE',  ( 0.000000000000000000, 1.000000000000000000, -0.000000000000000000 ) ) ;
#703 = AXIS2_PLACEMENT_3D ( 'NONE', #3760, #2393, #1012 ) ;
#704 = EDGE_LOOP ( 'NONE', ( #3806, #5641, #2276, #2546 ) ) ;
#705 = EDGE_CURVE ( 'NONE', #5342, #2525, #2975, .T. ) ;
#706 = DIRECTION ( 'NONE',  ( -0.000000000000000000, -0.000000000000000000, -1.000000000000000000 ) ) ;
#707 = CONICAL_SURFACE ( 'NONE', #334, 14.99999999999995737, 0.7853981633974500554 ) ;
#708 = CARTESIAN_POINT ( 'NONE',  ( 72.89999999999999147, -5.600000000000000533, 0.000000000000000000 ) ) ;
#709 = ORIENTED_EDGE ( 'NONE', *, *, #5343, .F. ) ;
#710 = FACE_OUTER_BOUND ( 'NONE', #2249, .T. ) ;
#711 = CARTESIAN_POINT ( 'NONE',  ( -79.80000000000002558, 7.600000000000000533, 10.00000000000000000 ) ) ;
#712 = DIRECTION ( 'NONE',  ( 0.000000000000000000, 0.000000000000000000, 1.000000000000000000 ) ) ;
#713 = ORIENTED_EDGE ( 'NONE', *, *, #4931, .T. ) ;
#714 = VECTOR ( 'NONE', #2754, 1000.000000000000000 ) ;
#715 = ORIENTED_EDGE ( 'NONE', *, *, #4350, .T. ) ;
#716 = VERTEX_POINT ( 'NONE', #4852 ) ;
#717 = CARTESIAN_POINT ( 'NONE',  ( -79.30000000000002558, -5.599999999999994316, 10.00000000000000000 ) ) ;
#718 = CYLINDRICAL_SURFACE ( 'NONE', #2773, 1.549999999999995826 ) ;
#719 = ORIENTED_EDGE ( 'NONE', *, *, #1961, .T. ) ;
#720 = CARTESIAN_POINT ( 'NONE',  ( 93.96142399166002690, -13.96142399166003933, 10.00000000000000000 ) ) ;
#721 = DIRECTION ( 'NONE',  ( -0.000000000000000000, -0.000000000000000000, 1.000000000000000000 ) ) ;
#722 = LINE ( 'NONE', #2552, #215 ) ;
#723 = EDGE_LOOP ( 'NONE', ( #1591, #900, #4307, #5468 ) ) ;
#724 = ORIENTED_EDGE ( 'NONE', *, *, #1860, .T. ) ;
#725 = EDGE_CURVE ( 'NONE', #5537, #5363, #722, .T. ) ;
#726 = ORIENTED_EDGE ( 'NONE', *, *, #322, .T. ) ;
#727 = AXIS2_PLACEMENT_3D ( 'NONE', #2974, #2908, #4758 ) ;
#728 = FACE_OUTER_BOUND ( 'NONE', #3240, .T. ) ;
#729 = CARTESIAN_POINT ( 'NONE',  ( 49.99999999999992184, -32.49999999999998579, 1.000000000000000888 ) ) ;
#730 = EDGE_CURVE ( 'NONE', #5643, #2433, #2587, .T. ) ;
#731 = EDGE_CURVE ( 'NONE', #4375, #5022, #3987, .T. ) ;
#732 = ORIENTED_EDGE ( 'NONE', *, *, #4739, .T. ) ;
#733 = DIRECTION ( 'NONE',  ( 1.000000000000000000, 0.000000000000000000, 0.000000000000000000 ) ) ;
#734 = DIRECTION ( 'NONE',  ( 1.000000000000000000, 0.000000000000000000, 0.000000000000000000 ) ) ;
#735 = CARTESIAN_POINT ( 'NONE',  ( 58.17639918272502086, 8.500000000000000000, 0.000000000000000000 ) ) ;
#736 = EDGE_CURVE ( 'NONE', #2740, #3402, #4759, .T. ) ;
#737 = AXIS2_PLACEMENT_3D ( 'NONE', #3527, #2651, #4502 ) ;
#738 = EDGE_CURVE ( 'NONE', #4473, #828, #4918, .T. ) ;
#739 = DIRECTION ( 'NONE',  ( 1.000000000000000000, 0.000000000000000000, -0.000000000000000000 ) ) ;
#740 = DIRECTION ( 'NONE',  ( -0.7071067811865474617, 0.000000000000000000, -0.7071067811865474617 ) ) ;
#741 = ORIENTED_EDGE ( 'NONE', *, *, #5898, .T. ) ;
#742 = AXIS2_PLACEMENT_3D ( 'NONE', #5462, #386, #3617 ) ;
#743 = FACE_OUTER_BOUND ( 'NONE', #50, .T. ) ;
#744 = CARTESIAN_POINT ( 'NONE',  ( -52.75318380357698089, 15.00000000000000000, 0.000000000000000000 ) ) ;
#745 = EDGE_LOOP ( 'NONE', ( #4677, #3584, #2198, #5133 ) ) ;
#746 = CONICAL_SURFACE ( 'NONE', #5650, 15.00000000000000000, 0.7853981633974466137 ) ;
#747 = ADVANCED_FACE ( 'NONE', ( #5037 ), #3535, .T. ) ;
#748 = AXIS2_PLACEMENT_3D ( 'NONE', #4073, #2647, #2709 ) ;
#749 = AXIS2_PLACEMENT_3D ( 'NONE', #4209, #2758, #3242 ) ;
#750 = ORIENTED_EDGE ( 'NONE', *, *, #1900, .T. ) ;
#751 = ORIENTED_EDGE ( 'NONE', *, *, #5575, .F. ) ;
#752 = FACE_OUTER_BOUND ( 'NONE', #5829, .T. ) ;
#753 = DIRECTION ( 'NONE',  ( -1.000000000000000000, 0.000000000000000000, 0.000000000000000000 ) ) ;
#754 = ORIENTED_EDGE ( 'NONE', *, *, #3091, .T. ) ;
#755 = DIRECTION ( 'NONE',  ( 0.000000000000000000, -0.7071067811865482389, 0.7071067811865469066 ) ) ;
#756 = VECTOR ( 'NONE', #183, 1000.000000000000000 ) ;
#757 = DIRECTION ( 'NONE',  ( -1.000000000000000000, 0.000000000000000000, 0.000000000000000000 ) ) ;
#758 = CARTESIAN_POINT ( 'NONE',  ( -81.26714007511213822, 8.099999999999996092, 10.00000000000000000 ) ) ;
#759 = VECTOR ( 'NONE', #2658, 1000.000000000000000 ) ;
#760 = VECTOR ( 'NONE', #3185, 1000.000000000000000 ) ;
#761 = VERTEX_POINT ( 'NONE', #3169 ) ;
#762 = ORIENTED_EDGE ( 'NONE', *, *, #730, .F. ) ;
#763 = CONICAL_SURFACE ( 'NONE', #2289, 14.00000000000002665, 0.7853981633974473908 ) ;
#764 = ORIENTED_EDGE ( 'NONE', *, *, #3019, .T. ) ;
#765 = DIRECTION ( 'NONE',  ( 0.000000000000000000, 0.000000000000000000, 1.000000000000000000 ) ) ;
#766 = PLANE ( 'NONE',  #3767 ) ;
#767 = LINE ( 'NONE', #633, #5810 ) ;
#768 = EDGE_CURVE ( 'NONE', #2513, #310, #2457, .T. ) ;
#769 = VECTOR ( 'NONE', #590, 1000.000000000000000 ) ;
#770 = EDGE_LOOP ( 'NONE', ( #2940, #3903, #435, #1850 ) ) ;
#771 = EDGE_CURVE ( 'NONE', #261, #525, #3044, .T. ) ;
#772 = VERTEX_POINT ( 'NONE', #820 ) ;
#773 = CONICAL_SURFACE ( 'NONE', #460, 13.99999999999998401, 0.7853981633974509435 ) ;
#774 = CARTESIAN_POINT ( 'NONE',  ( 0.000000000000000000, 31.50000000000000711, 10.00000000000000000 ) ) ;
#775 = DIRECTION ( 'NONE',  ( -0.000000000000000000, 0.000000000000000000, 1.000000000000000000 ) ) ;
#776 = CARTESIAN_POINT ( 'NONE',  ( 48.80513373084020401, -24.50000000000000000, 10.00000000000000000 ) ) ;
#777 = FACE_OUTER_BOUND ( 'NONE', #577, .T. ) ;
#778 = EDGE_CURVE ( 'NONE', #5883, #2215, #905, .T. ) ;
#779 = DIRECTION ( 'NONE',  ( 1.000000000000000000, 0.000000000000000000, 0.000000000000000000 ) ) ;
#780 = ORIENTED_EDGE ( 'NONE', *, *, #2750, .F. ) ;
#781 = CARTESIAN_POINT ( 'NONE',  ( -50.00000000000001421, -22.49999999999998934, 10.00000000000000000 ) ) ;
#782 = VERTEX_POINT ( 'NONE', #4077 ) ;
#783 = ORIENTED_EDGE ( 'NONE', *, *, #3271, .T. ) ;
#784 = ORIENTED_EDGE ( 'NONE', *, *, #3155, .T. ) ;
#785 = CARTESIAN_POINT ( 'NONE',  ( 74.39999999999999147, -8.100000000000003197, 10.00000000000000000 ) ) ;
#786 = DIRECTION ( 'NONE',  ( 0.000000000000000000, -0.000000000000000000, -1.000000000000000000 ) ) ;
#787 = VERTEX_POINT ( 'NONE', #5436 ) ;
#788 = DIRECTION ( 'NONE',  ( -1.000000000000000000, 0.000000000000000000, 0.000000000000000000 ) ) ;
#789 = CYLINDRICAL_SURFACE ( 'NONE', #1485, 1.500000000000001332 ) ;
#790 = FACE_OUTER_BOUND ( 'NONE', #3152, .T. ) ;
#791 = EDGE_LOOP ( 'NONE', ( #2423, #4303, #4685, #2554 ) ) ;
#792 = VECTOR ( 'NONE', #1364, 1000.000000000000114 ) ;
#793 = VERTEX_POINT ( 'NONE', #4103 ) ;
#794 = FACE_OUTER_BOUND ( 'NONE', #4087, .T. ) ;
#795 = CARTESIAN_POINT ( 'NONE',  ( -80.30000000000002558, 9.600000000000001421, 10.00000000000000000 ) ) ;
#796 = LINE ( 'NONE', #911, #1008 ) ;
#797 = ORIENTED_EDGE ( 'NONE', *, *, #2522, .T. ) ;
#798 = VERTEX_POINT ( 'NONE', #3591 ) ;
#799 = DIRECTION ( 'NONE',  ( 0.000000000000000000, 0.7071067811865567876, 0.7071067811865383579 ) ) ;
#800 = CARTESIAN_POINT ( 'NONE',  ( 67.99999999999998579, 22.41619848709568785, 10.00000000000000000 ) ) ;
#801 = EDGE_CURVE ( 'NONE', #2590, #1552, #5948, .T. ) ;
#802 = DIRECTION ( 'NONE',  ( 1.000000000000000000, 0.000000000000000000, 0.000000000000000000 ) ) ;
#803 = CARTESIAN_POINT ( 'NONE',  ( -7.444866269159799543, -24.50000000000000000, 0.000000000000000000 ) ) ;
#804 = EDGE_LOOP ( 'NONE', ( #1120, #4948, #5196, #5818 ) ) ;
#805 = AXIS2_PLACEMENT_3D ( 'NONE', #173, #5247, #1104 ) ;
#806 = CARTESIAN_POINT ( 'NONE',  ( 86.13285992488789589, -7.100000000000002309, 10.00000000000000000 ) ) ;
#807 = DIRECTION ( 'NONE',  ( 0.000000000000000000, -0.000000000000000000, -1.000000000000000000 ) ) ;
#808 = EDGE_CURVE ( 'NONE', #4379, #2215, #4470, .T. ) ;
#809 = ORIENTED_EDGE ( 'NONE', *, *, #2075, .T. ) ;
#810 = ADVANCED_FACE ( 'NONE', ( #1716 ), #5071, .T. ) ;
#811 = CONICAL_SURFACE ( 'NONE', #4853, 8.999999999999987566, 0.7853981633974604915 ) ;
#812 = VERTEX_POINT ( 'NONE', #2684 ) ;
#813 = CIRCLE ( 'NONE', #4180, 1.750000000000001554 ) ;
#814 = ORIENTED_EDGE ( 'NONE', *, *, #2407, .F. ) ;
#815 = CARTESIAN_POINT ( 'NONE',  ( 72.89999999999999147, 9.600000000000001421, 10.00000000000000000 ) ) ;
#816 = DIRECTION ( 'NONE',  ( -0.000000000000000000, -0.000000000000000000, -1.000000000000000000 ) ) ;
#817 = ORIENTED_EDGE ( 'NONE', *, *, #5421, .T. ) ;
#818 = DIRECTION ( 'NONE',  ( 1.000000000000000000, 0.000000000000000000, -0.000000000000000000 ) ) ;
#819 = CARTESIAN_POINT ( 'NONE',  ( 72.89999999999999147, -6.132859924887913650, 0.000000000000000000 ) ) ;
#820 = CARTESIAN_POINT ( 'NONE',  ( -5.694866269159798655, -24.50000000000000000, 10.00000000000000000 ) ) ;
#821 = VECTOR ( 'NONE', #1826, 1000.000000000000000 ) ;
#822 = VERTEX_POINT ( 'NONE', #1265 ) ;
#823 = ORIENTED_EDGE ( 'NONE', *, *, #4597, .F. ) ;
#824 = DIRECTION ( 'NONE',  ( -0.000000000000000000, 0.000000000000000000, 1.000000000000000000 ) ) ;
#825 = CARTESIAN_POINT ( 'NONE',  ( 71.89999999999999147, 0.000000000000000000, 0.000000000000000000 ) ) ;
#826 = CARTESIAN_POINT ( 'NONE',  ( -77.80000000000002558, 0.000000000000000000, 10.00000000000000000 ) ) ;
#827 = DIRECTION ( 'NONE',  ( 0.000000000000000000, -0.000000000000000000, -1.000000000000000000 ) ) ;
#828 = VERTEX_POINT ( 'NONE', #1681 ) ;
#829 = EDGE_CURVE ( 'NONE', #294, #4504, #4532, .T. ) ;
#830 = ORIENTED_EDGE ( 'NONE', *, *, #2849, .T. ) ;
#831 = VECTOR ( 'NONE', #1414, 1000.000000000000000 ) ;
#832 = CARTESIAN_POINT ( 'NONE',  ( 85.59999999999998010, -8.100000000000003197, 0.000000000000000000 ) ) ;
#833 = CARTESIAN_POINT ( 'NONE',  ( 87.59999999999998010, -7.599999999999996092, 10.00000000000000000 ) ) ;
#834 = FACE_OUTER_BOUND ( 'NONE', #135, .T. ) ;
#835 = ORIENTED_EDGE ( 'NONE', *, *, #4091, .F. ) ;
#836 = CARTESIAN_POINT ( 'NONE',  ( 0.000000000000000000, -7.100000000000002309, 10.00000000000000000 ) ) ;
#837 = ORIENTED_EDGE ( 'NONE', *, *, #5015, .F. ) ;
#838 = EDGE_CURVE ( 'NONE', #2403, #3130, #4874, .T. ) ;
#839 = ORIENTED_EDGE ( 'NONE', *, *, #5806, .T. ) ;
#840 = EDGE_CURVE ( 'NONE', #93, #1684, #444, .T. ) ;
#841 = VECTOR ( 'NONE', #4340, 1000.000000000000000 ) ;
#842 = ADVANCED_FACE ( 'NONE', ( #2275 ), #1299, .T. ) ;
#843 = ORIENTED_EDGE ( 'NONE', *, *, #771, .F. ) ;
#844 = FACE_OUTER_BOUND ( 'NONE', #5099, .T. ) ;
#845 = CARTESIAN_POINT ( 'NONE',  ( -32.75318380357697379, -15.00000000000000000, 0.000000000000000000 ) ) ;
#846 = ORIENTED_EDGE ( 'NONE', *, *, #5631, .T. ) ;
#847 = CARTESIAN_POINT ( 'NONE',  ( -80.30000000000002558, 9.067140075112119391, 0.000000000000000000 ) ) ;
#848 = DIRECTION ( 'NONE',  ( 0.000000000000000000, 0.000000000000000000, 1.000000000000000000 ) ) ;
#849 = CARTESIAN_POINT ( 'NONE',  ( 72.39999999999999147, -7.599999999999998757, 0.000000000000000000 ) ) ;
#850 = ORIENTED_EDGE ( 'NONE', *, *, #2259, .T. ) ;
#851 = AXIS2_PLACEMENT_3D ( 'NONE', #4211, #131, #79 ) ;
#852 = CIRCLE ( 'NONE', #2943, 1.549999999999968070 ) ;
#853 = AXIS2_PLACEMENT_3D ( 'NONE', #2899, #4748, #5424 ) ;
#854 = ORIENTED_EDGE ( 'NONE', *, *, #3816, .F. ) ;
#855 = CARTESIAN_POINT ( 'NONE',  ( 85.59999999999998010, -7.100000000000002309, 10.00000000000000000 ) ) ;
#856 = DIRECTION ( 'NONE',  ( -0.000000000000000000, -0.000000000000000000, -1.000000000000000000 ) ) ;
#857 = LINE ( 'NONE', #398, #5316 ) ;
#858 = DIRECTION ( 'NONE',  ( -0.000000000000000000, -0.000000000000000000, -1.000000000000000000 ) ) ;
#859 = ADVANCED_FACE ( 'NONE', ( #5369 ), #3074, .F. ) ;
#860 = ORIENTED_EDGE ( 'NONE', *, *, #3774, .F. ) ;
#861 = VECTOR ( 'NONE', #5214, 1000.000000000000000 ) ;
#862 = AXIS2_PLACEMENT_3D ( 'NONE', #3108, #5741, #5440 ) ;
#863 = ORIENTED_EDGE ( 'NONE', *, *, #5591, .F. ) ;
#864 = LINE ( 'NONE', #2260, #1033 ) ;
#865 = AXIS2_PLACEMENT_3D ( 'NONE', #5815, #4489, #4840 ) ;
#866 = ADVANCED_FACE ( 'NONE', ( #790 ), #3136, .F. ) ;
#867 = VECTOR ( 'NONE', #2291, 1000.000000000000000 ) ;
#868 = AXIS2_PLACEMENT_3D ( 'NONE', #2735, #2759, #5491 ) ;
#869 = CARTESIAN_POINT ( 'NONE',  ( 72.39999999999999147, -7.599999999999998757, 10.00000000000000000 ) ) ;
#870 = DIRECTION ( 'NONE',  ( -0.000000000000000000, -0.000000000000000000, -1.000000000000000000 ) ) ;
#871 = ORIENTED_EDGE ( 'NONE', *, *, #3871, .T. ) ;
#872 = DIRECTION ( 'NONE',  ( -0.000000000000000000, -0.000000000000000000, -1.000000000000000000 ) ) ;
#873 = ORIENTED_EDGE ( 'NONE', *, *, #5301, .T. ) ;
#874 = ORIENTED_EDGE ( 'NONE', *, *, #59, .F. ) ;
#875 = ADVANCED_FACE ( 'NONE', ( #1327 ), #4978, .T. ) ;
#876 = DIRECTION ( 'NONE',  ( 0.000000000000000000, -0.000000000000000000, -1.000000000000000000 ) ) ;
#877 = LINE ( 'NONE', #2272, #5777 ) ;
#878 = DIRECTION ( 'NONE',  ( -0.000000000000000000, -0.000000000000000000, -1.000000000000000000 ) ) ;
#879 = CARTESIAN_POINT ( 'NONE',  ( -94.80000000000002558, -13.99999999999999822, 0.000000000000000000 ) ) ;
#880 = DIRECTION ( 'NONE',  ( -0.000000000000000000, -0.7071067811865383579, 0.7071067811865566766 ) ) ;
#881 = VERTEX_POINT ( 'NONE', #3246 ) ;
#882 = ORIENTED_EDGE ( 'NONE', *, *, #3708, .T. ) ;
#883 = EDGE_CURVE ( 'NONE', #2039, #2021, #1408, .T. ) ;
#884 = CARTESIAN_POINT ( 'NONE',  ( 87.09999999999998010, -6.132859924887913650, 10.00000000000000000 ) ) ;
#885 = DIRECTION ( 'NONE',  ( -0.000000000000000000, -0.000000000000000000, -1.000000000000000000 ) ) ;
#886 = PLANE ( 'NONE',  #890 ) ;
#887 = CARTESIAN_POINT ( 'NONE',  ( -66.82360081727497914, 8.500000000000000000, 9.000000000000000000 ) ) ;
#888 = ORIENTED_EDGE ( 'NONE', *, *, #5390, .T. ) ;
#889 = EDGE_CURVE ( 'NONE', #684, #4523, #1884, .T. ) ;
#890 = AXIS2_PLACEMENT_3D ( 'NONE', #3041, #4110, #2660 ) ;
#891 = ORIENTED_EDGE ( 'NONE', *, *, #5226, .F. ) ;
#892 = LINE ( 'NONE', #4544, #1044 ) ;
#893 = FACE_OUTER_BOUND ( 'NONE', #4835, .T. ) ;
#894 = AXIS2_PLACEMENT_3D ( 'NONE', #1111, #668, #1661 ) ;
#895 = CARTESIAN_POINT ( 'NONE',  ( 71.89999999999999147, 0.000000000000000000, 10.00000000000000000 ) ) ;
#896 = ORIENTED_EDGE ( 'NONE', *, *, #1146, .T. ) ;
#897 = LINE ( 'NONE', #2180, #2536 ) ;
#898 = ORIENTED_EDGE ( 'NONE', *, *, #5456, .T. ) ;
#899 = EDGE_CURVE ( 'NONE', #2054, #525, #1042, .T. ) ;
#900 = ORIENTED_EDGE ( 'NONE', *, *, #3191, .T. ) ;
#901 = CARTESIAN_POINT ( 'NONE',  ( 71.89999999999999147, -6.132859924887913650, 0.000000000000000000 ) ) ;
#902 = DIRECTION ( 'NONE',  ( -1.000000000000000000, 0.000000000000000000, 0.000000000000000000 ) ) ;
#903 = FACE_OUTER_BOUND ( 'NONE', #1768, .T. ) ;
#904 = CARTESIAN_POINT ( 'NONE',  ( 72.89999999999999147, 0.000000000000000000, 10.00000000000000000 ) ) ;
#905 = LINE ( 'NONE', #3563, #2266 ) ;
#906 = ORIENTED_EDGE ( 'NONE', *, *, #3989, .T. ) ;
#907 = EDGE_LOOP ( 'NONE', ( #5041, #4243, #1004, #1174 ) ) ;
#908 = CARTESIAN_POINT ( 'NONE',  ( 58.17639918272502086, -8.500000000000000000, 1.000000000000000888 ) ) ;
#909 = DIRECTION ( 'NONE',  ( 1.000000000000000000, -1.776356839400250465E-15, 0.000000000000000000 ) ) ;
#910 = CARTESIAN_POINT ( 'NONE',  ( 94.65798675386804462, 14.65798675386807304, 0.6579867538679298189 ) ) ;
#911 = CARTESIAN_POINT ( 'NONE',  ( 71.89999999999999147, -9.600000000000001421, 10.00000000000000000 ) ) ;
#912 = VECTOR ( 'NONE', #3293, 1000.000000000000000 ) ;
#913 = VERTEX_POINT ( 'NONE', #1856 ) ;
#914 = ADVANCED_FACE ( 'NONE', ( #2846 ), #4162, .T. ) ;
#915 = EDGE_CURVE ( 'NONE', #4098, #206, #4723, .T. ) ;
#916 = ORIENTED_EDGE ( 'NONE', *, *, #2233, .T. ) ;
#917 = EDGE_CURVE ( 'NONE', #566, #2724, #203, .T. ) ;
#918 = FACE_OUTER_BOUND ( 'NONE', #2733, .T. ) ;
#919 = FACE_OUTER_BOUND ( 'NONE', #2439, .T. ) ;
#920 = CARTESIAN_POINT ( 'NONE',  ( -66.82360081727497914, 0.000000000000000000, 0.000000000000000000 ) ) ;
#921 = LINE ( 'NONE', #836, #821 ) ;
#922 = AXIS2_PLACEMENT_3D ( 'NONE', #4851, #721, #2551 ) ;
#923 = EDGE_CURVE ( 'NONE', #179, #4675, #476, .T. ) ;
#924 = ORIENTED_EDGE ( 'NONE', *, *, #2038, .T. ) ;
#925 = ADVANCED_FACE ( 'NONE', ( #109 ), #5976, .F. ) ;
#926 = EDGE_LOOP ( 'NONE', ( #3315, #4003, #2716, #2723 ) ) ;
#927 = DIRECTION ( 'NONE',  ( 1.000000000000000000, 0.000000000000000000, 0.000000000000000000 ) ) ;
#928 = CARTESIAN_POINT ( 'NONE',  ( -109.8000000000000256, 0.000000000000000000, 1.000000000000000888 ) ) ;
#929 = CARTESIAN_POINT ( 'NONE',  ( 88.09999999999998010, 0.000000000000000000, 0.000000000000000000 ) ) ;
#930 = LINE ( 'NONE', #3245, #4765 ) ;
#931 = CARTESIAN_POINT ( 'NONE',  ( -78.33285992488791294, 7.099999999999993427, 10.00000000000000000 ) ) ;
#932 = EDGE_CURVE ( 'NONE', #342, #4616, #2226, .T. ) ;
#933 = ORIENTED_EDGE ( 'NONE', *, *, #5789, .F. ) ;
#934 = VECTOR ( 'NONE', #532, 1000.000000000000000 ) ;
#935 = ORIENTED_EDGE ( 'NONE', *, *, #3957, .T. ) ;
#936 = LINE ( 'NONE', #4141, #4511 ) ;
#937 = CARTESIAN_POINT ( 'NONE',  ( -81.80000000000002558, 7.099999999999993427, 10.00000000000000000 ) ) ;
#938 = CARTESIAN_POINT ( 'NONE',  ( 93.96142399166004111, 13.96142399166007131, 0.000000000000000000 ) ) ;
#939 = CARTESIAN_POINT ( 'NONE',  ( 50.55513373084020401, -24.50000000000000000, 10.00000000000000000 ) ) ;
#940 = AXIS2_PLACEMENT_3D ( 'NONE', #1229, #4847, #3069 ) ;
#941 = ORIENTED_EDGE ( 'NONE', *, *, #1250, .T. ) ;
#942 = AXIS2_PLACEMENT_3D ( 'NONE', #4720, #5119, #46 ) ;
#943 = EDGE_CURVE ( 'NONE', #4349, #4331, #5920, .T. ) ;
#944 = ORIENTED_EDGE ( 'NONE', *, *, #4813, .T. ) ;
#945 = EDGE_CURVE ( 'NONE', #5175, #4438, #5515, .T. ) ;
#946 = DIRECTION ( 'NONE',  ( -0.000000000000000000, -0.000000000000000000, 1.000000000000000000 ) ) ;
#947 = AXIS2_PLACEMENT_3D ( 'NONE', #1573, #99, #2469 ) ;
#948 = VECTOR ( 'NONE', #5811, 1000.000000000000000 ) ;
#949 = ADVANCED_FACE ( 'NONE', ( #5603 ), #2817, .T. ) ;
#951 = DIRECTION ( 'NONE',  ( 0.000000000000000000, -0.000000000000000000, 1.000000000000000000 ) ) ;
#950 = VECTOR ( 'NONE', #3739, 1000.000000000000000 ) ;
#952 = CARTESIAN_POINT ( 'NONE',  ( 88.09999999999998010, 9.067140075112090969, 0.000000000000000000 ) ) ;
#953 = LINE ( 'NONE', #4265, #3699 ) ;
#954 = CARTESIAN_POINT ( 'NONE',  ( 59.99999999999999289, 9.251858538543000621E-15, 1.000000000000000888 ) ) ;
#955 = AXIS2_PLACEMENT_3D ( 'NONE', #2962, #5238, #2929 ) ;
#956 = EDGE_CURVE ( 'NONE', #5537, #4972, #4187, .T. ) ;
#957 = VERTEX_POINT ( 'NONE', #3303 ) ;
#958 = ADVANCED_FACE ( 'NONE', ( #49 ), #2719, .T. ) ;
#959 = CARTESIAN_POINT ( 'NONE',  ( 87.59999999999998010, -7.599999999999996092, 10.00000000000000000 ) ) ;
#960 = CARTESIAN_POINT ( 'NONE',  ( 86.13285992488789589, 8.100000000000003197, 10.00000000000000000 ) ) ;
#961 = CARTESIAN_POINT ( 'NONE',  ( 87.09999999999998010, 9.600000000000003197, 10.00000000000000000 ) ) ;
#962 = PLANE ( 'NONE',  #1960 ) ;
#963 = CARTESIAN_POINT ( 'NONE',  ( 65.68389637042453444, -14.05800378569224307, 9.660555971499681149 ) ) ;
#964 = VERTEX_POINT ( 'NONE', #5122 ) ;
#965 = ORIENTED_EDGE ( 'NONE', *, *, #1534, .T. ) ;
#966 = FACE_BOUND ( 'NONE', #1712, .T. ) ;
#967 = DIRECTION ( 'NONE',  ( -1.000000000000000000, 0.000000000000000000, 0.000000000000000000 ) ) ;
#968 = CARTESIAN_POINT ( 'NONE',  ( 59.99999999999999289, 9.251858538543000621E-15, 10.00000000000000000 ) ) ;
#969 = CARTESIAN_POINT ( 'NONE',  ( 65.00000000000005684, -15.00000000000000000, 8.999999999999996447 ) ) ;
#970 = ORIENTED_EDGE ( 'NONE', *, *, #5551, .T. ) ;
#971 = ORIENTED_EDGE ( 'NONE', *, *, #4676, .T. ) ;
#972 = CARTESIAN_POINT ( 'NONE',  ( 72.89999999999999147, 0.000000000000000000, 10.00000000000000000 ) ) ;
#973 = AXIS2_PLACEMENT_3D ( 'NONE', #308, #4054, #1813 ) ;
#974 = CARTESIAN_POINT ( 'NONE',  ( 80.00000000000001421, -15.00000000000000000, 8.999999999999996447 ) ) ;
#975 = FACE_OUTER_BOUND ( 'NONE', #588, .T. ) ;
#976 = CARTESIAN_POINT ( 'NONE',  ( -34.25318380357697379, -15.00000000000000000, 10.00000000000000000 ) ) ;
#977 = CIRCLE ( 'NONE', #2990, 9.500000000000008882 ) ;
#978 = EDGE_CURVE ( 'NONE', #3156, #4189, #1941, .T. ) ;
#979 = ORIENTED_EDGE ( 'NONE', *, *, #4747, .T. ) ;
#980 = EDGE_CURVE ( 'NONE', #1078, #787, #977, .T. ) ;
#981 = LINE ( 'NONE', #5511, #5475 ) ;
#982 = EDGE_LOOP ( 'NONE', ( #971, #1925, #5510, #2803 ) ) ;
#983 = CARTESIAN_POINT ( 'NONE',  ( 58.99999999999998579, 22.49999999999993605, 0.000000000000000000 ) ) ;
#984 = FACE_OUTER_BOUND ( 'NONE', #2880, .T. ) ;
#985 = DIRECTION ( 'NONE',  ( 0.000000000000000000, -1.000000000000000000, 0.000000000000000000 ) ) ;
#986 = DIRECTION ( 'NONE',  ( -0.000000000000000000, -0.000000000000000000, -1.000000000000000000 ) ) ;
#987 = EDGE_CURVE ( 'NONE', #4070, #2313, #1932, .T. ) ;
#988 = VERTEX_POINT ( 'NONE', #1642 ) ;
#989 = ORIENTED_EDGE ( 'NONE', *, *, #218, .T. ) ;
#990 = DIRECTION ( 'NONE',  ( 1.000000000000000000, 0.000000000000000000, 0.000000000000000000 ) ) ;
#991 = CARTESIAN_POINT ( 'NONE',  ( 71.89999999999999147, -9.067140075112090969, 10.00000000000000000 ) ) ;
#992 = DIRECTION ( 'NONE',  ( 0.000000000000000000, 1.000000000000000000, -0.000000000000000000 ) ) ;
#993 = DIRECTION ( 'NONE',  ( 1.000000000000000000, 0.000000000000000000, 0.000000000000000000 ) ) ;
#994 = VECTOR ( 'NONE', #4821, 1000.000000000000000 ) ;
#995 = CARTESIAN_POINT ( 'NONE',  ( 70.39999999999999147, 7.100000000000000533, 10.00000000000000000 ) ) ;
#996 = EDGE_LOOP ( 'NONE', ( #3949, #3029, #5677, #4615 ) ) ;
#997 = VECTOR ( 'NONE', #1906, 1000.000000000000000 ) ;
#998 = EDGE_LOOP ( 'NONE', ( #4987, #935, #3071, #4199 ) ) ;
#999 = ORIENTED_EDGE ( 'NONE', *, *, #5552, .F. ) ;
#1000 = CARTESIAN_POINT ( 'NONE',  ( -67.99305421544660533, 23.00000000000000000, 1.000000000000000888 ) ) ;
#1001 = CARTESIAN_POINT ( 'NONE',  ( 74.39999999999999147, 8.100000000000001421, 10.00000000000000000 ) ) ;
#1002 = DIRECTION ( 'NONE',  ( 0.000000000000000000, 0.7071067811865475727, -0.7071067811865475727 ) ) ;
#1003 = CYLINDRICAL_SURFACE ( 'NONE', #517, 1.549999999999968070 ) ;
#1004 = ORIENTED_EDGE ( 'NONE', *, *, #1211, .F. ) ;
#1005 = AXIS2_PLACEMENT_3D ( 'NONE', #1041, #2420, #563 ) ;
#1006 = CARTESIAN_POINT ( 'NONE',  ( 71.89999999999999147, 0.000000000000000000, 10.00000000000000000 ) ) ;
#1007 = ORIENTED_EDGE ( 'NONE', *, *, #5941, .F. ) ;
#1008 = VECTOR ( 'NONE', #4083, 1000.000000000000000 ) ;
#1009 = CARTESIAN_POINT ( 'NONE',  ( 0.000000000000000000, 8.100000000000001421, 10.00000000000000000 ) ) ;
#1010 = DIRECTION ( 'NONE',  ( 0.7071067811865474617, 0.000000000000000000, 0.7071067811865474617 ) ) ;
#1011 = FACE_OUTER_BOUND ( 'NONE', #3798, .T. ) ;
#1012 = DIRECTION ( 'NONE',  ( 0.000000000000000000, 0.000000000000000000, 1.000000000000000000 ) ) ;
#1013 = EDGE_CURVE ( 'NONE', #782, #2997, #159, .T. ) ;
#1014 = EDGE_LOOP ( 'NONE', ( #3520, #2793 ) ) ;
#1015 = EDGE_CURVE ( 'NONE', #5663, #4366, #3288, .T. ) ;
#1016 = ORIENTED_EDGE ( 'NONE', *, *, #768, .T. ) ;
#1017 = LINE ( 'NONE', #5498, #4115 ) ;
#1018 = CARTESIAN_POINT ( 'NONE',  ( -77.80000000000002558, 8.099999999999996092, 10.00000000000000000 ) ) ;
#1019 = FACE_OUTER_BOUND ( 'NONE', #1656, .T. ) ;
#1020 = FACE_OUTER_BOUND ( 'NONE', #3582, .T. ) ;
#1021 = FACE_BOUND ( 'NONE', #1533, .T. ) ;
#1022 = ORIENTED_EDGE ( 'NONE', *, *, #4383, .F. ) ;
#1023 = ORIENTED_EDGE ( 'NONE', *, *, #2604, .T. ) ;
#1024 = ADVANCED_FACE ( 'NONE', ( #1550 ), #2026, .F. ) ;
#1025 = VECTOR ( 'NONE', #1798, 1000.000000000000000 ) ;
#1026 = ORIENTED_EDGE ( 'NONE', *, *, #4335, .F. ) ;
#1027 = CIRCLE ( 'NONE', #4598, 1.549999999999968070 ) ;
#1028 = AXIS2_PLACEMENT_3D ( 'NONE', #1881, #5539, #1964 ) ;
#1029 = CONICAL_SURFACE ( 'NONE', #5173, 10.00000000000000178, 0.7853981633974491672 ) ;
#1030 = LINE ( 'NONE', #1986, #5770 ) ;
#1031 = CARTESIAN_POINT ( 'NONE',  ( 87.59999999999998010, -7.599999999999996092, 0.000000000000000000 ) ) ;
#1032 = LINE ( 'NONE', #5593, #3215 ) ;
#1033 = VECTOR ( 'NONE', #2314, 1000.000000000000000 ) ;
#1034 = ORIENTED_EDGE ( 'NONE', *, *, #5024, .F. ) ;
#1035 = VECTOR ( 'NONE', #1839, 1000.000000000000000 ) ;
#1036 = VERTEX_POINT ( 'NONE', #1613 ) ;
#1037 = DIRECTION ( 'NONE',  ( -0.000000000000000000, 0.000000000000000000, -1.000000000000000000 ) ) ;
#1038 = ORIENTED_EDGE ( 'NONE', *, *, #2206, .T. ) ;
#1039 = CYLINDRICAL_SURFACE ( 'NONE', #153, 1.549999999999968070 ) ;
#1040 = LINE ( 'NONE', #2877, #769 ) ;
#1041 = CARTESIAN_POINT ( 'NONE',  ( 72.39999999999999147, 7.600000000000000533, 10.00000000000000000 ) ) ;
#1042 = LINE ( 'NONE', #931, #934 ) ;
#1043 = VERTEX_POINT ( 'NONE', #1157 ) ;
#1044 = VECTOR ( 'NONE', #4114, 1000.000000000000000 ) ;
#1045 = ORIENTED_EDGE ( 'NONE', *, *, #2750, .T. ) ;
#1046 = DIRECTION ( 'NONE',  ( 1.000000000000000000, 0.000000000000000000, 0.000000000000000000 ) ) ;
#1047 = DIRECTION ( 'NONE',  ( 0.000000000000000000, 1.000000000000000000, 0.000000000000000000 ) ) ;
#1048 = PLANE ( 'NONE',  #3799 ) ;
#1049 = CARTESIAN_POINT ( 'NONE',  ( 70.39999999999999147, 0.000000000000000000, 0.000000000000000000 ) ) ;
#1050 = LINE ( 'NONE', #2139, #2135 ) ;
#1051 = ORIENTED_EDGE ( 'NONE', *, *, #2512, .T. ) ;
#1052 = ADVANCED_FACE ( 'NONE', ( #3363 ), #1080, .T. ) ;
#1053 = VERTEX_POINT ( 'NONE', #3846 ) ;
#1054 = VERTEX_POINT ( 'NONE', #4301 ) ;
#1055 = ADVANCED_FACE ( 'NONE', ( #255 ), #4950, .T. ) ;
#1056 = CARTESIAN_POINT ( 'NONE',  ( 0.000000000000000000, 5.600000000000000533, 10.00000000000000000 ) ) ;
#1057 = DIRECTION ( 'NONE',  ( 1.000000000000000000, 1.119176436114092110E-15, 0.000000000000000000 ) ) ;
#1058 = CARTESIAN_POINT ( 'NONE',  ( -81.26714007511213822, -7.099999999999995204, 10.00000000000000000 ) ) ;
#1059 = ORIENTED_EDGE ( 'NONE', *, *, #3635, .T. ) ;
#1060 = CARTESIAN_POINT ( 'NONE',  ( 72.89999999999999147, -6.132859924887913650, 10.00000000000000000 ) ) ;
#1061 = ORIENTED_EDGE ( 'NONE', *, *, #2599, .T. ) ;
#1062 = PLANE ( 'NONE',  #942 ) ;
#1063 = CARTESIAN_POINT ( 'NONE',  ( 58.17639918272502086, 0.000000000000000000, 1.000000000000000888 ) ) ;
#1064 = CARTESIAN_POINT ( 'NONE',  ( -50.00000000000001421, 22.50000000000001066, 0.000000000000000000 ) ) ;
#1065 = ORIENTED_EDGE ( 'NONE', *, *, #2702, .T. ) ;
#1066 = EDGE_CURVE ( 'NONE', #5453, #828, #619, .T. ) ;
#1067 = EDGE_CURVE ( 'NONE', #3571, #5830, #3945, .T. ) ;
#1068 = VERTEX_POINT ( 'NONE', #2447 ) ;
#1069 = DIRECTION ( 'NONE',  ( -0.000000000000000000, -0.000000000000000000, -1.000000000000000000 ) ) ;
#1070 = CARTESIAN_POINT ( 'NONE',  ( 85.59999999999998010, 7.100000000000002309, 10.00000000000000000 ) ) ;
#1072 = AXIS2_PLACEMENT_3D ( 'NONE', #5379, #3995, #5287 ) ;
#1071 = CARTESIAN_POINT ( 'NONE',  ( 66.00000000000002842, -14.99999999999999822, 0.000000000000000000 ) ) ;
#1073 = DIRECTION ( 'NONE',  ( 0.000000000000000000, -1.000000000000000000, 0.000000000000000000 ) ) ;
#1074 = CARTESIAN_POINT ( 'NONE',  ( 58.17639918272502086, 0.000000000000000000, 10.00000000000000000 ) ) ;
#1075 = EDGE_LOOP ( 'NONE', ( #5579, #569, #2353, #5448 ) ) ;
#1076 = ORIENTED_EDGE ( 'NONE', *, *, #630, .T. ) ;
#1077 = FACE_OUTER_BOUND ( 'NONE', #1433, .T. ) ;
#1078 = VERTEX_POINT ( 'NONE', #5691 ) ;
#1079 = EDGE_CURVE ( 'NONE', #5768, #1794, #4363, .T. ) ;
#1080 = CONICAL_SURFACE ( 'NONE', #3116, 8.999999999999994671, 0.7853981633974473908 ) ;
#1081 = CIRCLE ( 'NONE', #3306, 13.99999999999998401 ) ;
#1082 = EDGE_CURVE ( 'NONE', #1836, #4125, #3695, .T. ) ;
#1083 = VECTOR ( 'NONE', #3778, 1000.000000000000000 ) ;
#1084 = EDGE_CURVE ( 'NONE', #3870, #1036, #5328, .T. ) ;
#1085 = DIRECTION ( 'NONE',  ( 1.000000000000000000, 0.000000000000000000, 0.000000000000000000 ) ) ;
#1086 = DIRECTION ( 'NONE',  ( -0.000000000000000000, -0.000000000000000000, -1.000000000000000000 ) ) ;
#1087 = CARTESIAN_POINT ( 'NONE',  ( 74.39999999999999147, -7.100000000000002309, 10.00000000000000000 ) ) ;
#1088 = VECTOR ( 'NONE', #5779, 1000.000000000000000 ) ;
#1089 = DIRECTION ( 'NONE',  ( 0.000000000000000000, -0.000000000000000000, 1.000000000000000000 ) ) ;
#1090 = ORIENTED_EDGE ( 'NONE', *, *, #5851, .T. ) ;
#1091 = EDGE_CURVE ( 'NONE', #2029, #3262, #1382, .T. ) ;
#1092 = DIRECTION ( 'NONE',  ( 1.000000000000000000, 0.000000000000000000, 0.000000000000000000 ) ) ;
#1093 = ORIENTED_EDGE ( 'NONE', *, *, #1385, .F. ) ;
#1094 = DIRECTION ( 'NONE',  ( 0.000000000000000000, 0.000000000000000000, 1.000000000000000000 ) ) ;
#1095 = DIRECTION ( 'NONE',  ( 1.000000000000000000, 0.000000000000000000, 0.000000000000000000 ) ) ;
#1096 = DIRECTION ( 'NONE',  ( -0.000000000000000000, 0.000000000000000000, 1.000000000000000000 ) ) ;
#1097 = ADVANCED_FACE ( 'NONE', ( #1522 ), #3455, .F. ) ;
#1098 = ORIENTED_EDGE ( 'NONE', *, *, #2512, .F. ) ;
#1099 = ORIENTED_EDGE ( 'NONE', *, *, #1451, .T. ) ;
#1100 = CARTESIAN_POINT ( 'NONE',  ( 0.000000000000000000, 15.00000000000000000, 10.00000000000000000 ) ) ;
#1101 = ORIENTED_EDGE ( 'NONE', *, *, #1369, .T. ) ;
#1102 = CARTESIAN_POINT ( 'NONE',  ( -108.8000000000000114, 0.000000000000000000, 10.00000000000000000 ) ) ;
#1103 = FACE_OUTER_BOUND ( 'NONE', #3464, .T. ) ;
#1104 = DIRECTION ( 'NONE',  ( 0.000000000000000000, -0.000000000000000000, -1.000000000000000000 ) ) ;
#1105 = ADVANCED_FACE ( 'NONE', ( #5300 ), #4395, .F. ) ;
#1106 = AXIS2_PLACEMENT_3D ( 'NONE', #443, #5091, #4637 ) ;
#1107 = CARTESIAN_POINT ( 'NONE',  ( -80.30000000000002558, 0.000000000000000000, 0.000000000000000000 ) ) ;
#1108 = ORIENTED_EDGE ( 'NONE', *, *, #4712, .T. ) ;
#1109 = EDGE_LOOP ( 'NONE', ( #3700, #4980, #2898, #2739 ) ) ;
#1110 = CARTESIAN_POINT ( 'NONE',  ( 87.59999999999998010, 7.600000000000002309, 10.00000000000000000 ) ) ;
#1111 = CARTESIAN_POINT ( 'NONE',  ( -94.80000000000002558, 0.000000000000000000, 1.000000000000000888 ) ) ;
#1112 = EDGE_CURVE ( 'NONE', #1330, #1053, #2421, .T. ) ;
#1113 = EDGE_CURVE ( 'NONE', #4189, #1778, #31, .T. ) ;
#1114 = DIRECTION ( 'NONE',  ( -0.000000000000000000, -0.000000000000000000, -1.000000000000000000 ) ) ;
#1115 = PLANE ( 'NONE',  #2085 ) ;
#1116 = CARTESIAN_POINT ( 'NONE',  ( 49.99999999999991473, 31.50000000000003553, 0.000000000000000000 ) ) ;
#1117 = VECTOR ( 'NONE', #4699, 1000.000000000000000 ) ;
#1118 = EDGE_CURVE ( 'NONE', #5847, #4070, #4334, .T. ) ;
#1119 = CIRCLE ( 'NONE', #2373, 9.999999999999994671 ) ;
#1120 = ORIENTED_EDGE ( 'NONE', *, *, #2836, .F. ) ;
#1121 = VECTOR ( 'NONE', #3088, 1000.000000000000000 ) ;
#1122 = DIRECTION ( 'NONE',  ( 1.000000000000000000, 0.000000000000000000, 0.000000000000000000 ) ) ;
#1123 = ORIENTED_EDGE ( 'NONE', *, *, #5421, .F. ) ;
#1124 = LINE ( 'NONE', #5750, #4119 ) ;
#1125 = CARTESIAN_POINT ( 'NONE',  ( 87.09999999999998010, 9.600000000000003197, 0.000000000000000000 ) ) ;
#1126 = CARTESIAN_POINT ( 'NONE',  ( 87.59999999999998010, 7.600000000000002309, 10.00000000000000000 ) ) ;
#1127 = AXIS2_PLACEMENT_3D ( 'NONE', #3661, #4055, #4476 ) ;
#1128 = VERTEX_POINT ( 'NONE', #679 ) ;
#1129 = EDGE_CURVE ( 'NONE', #5212, #3371, #2632, .T. ) ;
#1130 = VECTOR ( 'NONE', #3134, 1000.000000000000000 ) ;
#1131 = AXIS2_PLACEMENT_3D ( 'NONE', #869, #408, #1846 ) ;
#1132 = EDGE_LOOP ( 'NONE', ( #4584, #5302, #719, #5712 ) ) ;
#1133 = ORIENTED_EDGE ( 'NONE', *, *, #1397, .T. ) ;
#1134 = CARTESIAN_POINT ( 'NONE',  ( -0.000000000000000000, -7.100000000000002309, 0.000000000000000000 ) ) ;
#1135 = FACE_OUTER_BOUND ( 'NONE', #5633, .T. ) ;
#1136 = VERTEX_POINT ( 'NONE', #2576 ) ;
#1137 = PLANE ( 'NONE',  #5187 ) ;
#1138 = CARTESIAN_POINT ( 'NONE',  ( 85.59999999999998010, 8.100000000000003197, 0.000000000000000000 ) ) ;
#1139 = LINE ( 'NONE', #5699, #1284 ) ;
#1140 = VERTEX_POINT ( 'NONE', #744 ) ;
#1141 = ORIENTED_EDGE ( 'NONE', *, *, #3126, .F. ) ;
#1142 = VECTOR ( 'NONE', #3438, 1000.000000000000000 ) ;
#1143 = ORIENTED_EDGE ( 'NONE', *, *, #899, .T. ) ;
#1144 = DIRECTION ( 'NONE',  ( 0.000000000000000000, -1.000000000000000000, 0.000000000000000000 ) ) ;
#1145 = DIRECTION ( 'NONE',  ( -0.7068339249999713303, 0.01964185503295827820, 0.7071067811865469066 ) ) ;
#1146 = EDGE_CURVE ( 'NONE', #1159, #1469, #4431, .T. ) ;
#1147 = LINE ( 'NONE', #2657, #3448 ) ;
#1148 = CYLINDRICAL_SURFACE ( 'NONE', #4892, 10.00000000000000178 ) ;
#1149 = LINE ( 'NONE', #4770, #2819 ) ;
#1150 = CARTESIAN_POINT ( 'NONE',  ( 0.000000000000000000, -7.099999999999995204, 10.00000000000000000 ) ) ;
#1151 = ORIENTED_EDGE ( 'NONE', *, *, #3432, .T. ) ;
#1152 = CARTESIAN_POINT ( 'NONE',  ( -66.82360081727497914, 0.000000000000000000, 0.000000000000000000 ) ) ;
#1153 = CARTESIAN_POINT ( 'NONE',  ( -67.99305421544660533, 23.00000000000000000, 10.00000000000000000 ) ) ;
#1154 = VERTEX_POINT ( 'NONE', #795 ) ;
#1155 = FACE_OUTER_BOUND ( 'NONE', #4260, .T. ) ;
#1156 = CARTESIAN_POINT ( 'NONE',  ( -79.30000000000002558, -9.067140075112119391, 10.00000000000000000 ) ) ;
#1157 = CARTESIAN_POINT ( 'NONE',  ( -81.26714007511213822, 7.099999999999993427, 0.000000000000000000 ) ) ;
#1158 = APPLICATION_CONTEXT ( 'automotive_design' ) ;
#1159 = VERTEX_POINT ( 'NONE', #4082 ) ;
#1160 = ADVANCED_FACE ( 'NONE', ( #4539 ), #2720, .F. ) ;
#1161 = CIRCLE ( 'NONE', #4548, 8.999999999999994671 ) ;
#1162 = ORIENTED_EDGE ( 'NONE', *, *, #5103, .T. ) ;
#1163 = ADVANCED_FACE ( 'NONE', ( #368 ), #5865, .T. ) ;
#1164 = ADVANCED_FACE ( 'NONE', ( #3660 ), #3994, .T. ) ;
#1165 = VERTEX_POINT ( 'NONE', #1306 ) ;
#1166 = LINE ( 'NONE', #622, #638 ) ;
#1167 = DIRECTION ( 'NONE',  ( -0.000000000000000000, 0.000000000000000000, 1.000000000000000000 ) ) ;
#1168 = VERTEX_POINT ( 'NONE', #5412 ) ;
#1169 = CARTESIAN_POINT ( 'NONE',  ( 89.06714007511207853, -7.100000000000002309, 0.000000000000000000 ) ) ;
#1170 = DIRECTION ( 'NONE',  ( -0.000000000000000000, 0.000000000000000000, 1.000000000000000000 ) ) ;
#1171 = DIRECTION ( 'NONE',  ( 0.000000000000000000, -1.000000000000000000, 0.000000000000000000 ) ) ;
#1172 = VECTOR ( 'NONE', #3876, 1000.000000000000000 ) ;
#1173 = ORIENTED_EDGE ( 'NONE', *, *, #771, .T. ) ;
#1174 = ORIENTED_EDGE ( 'NONE', *, *, #4639, .F. ) ;
#1175 = ORIENTED_EDGE ( 'NONE', *, *, #2726, .F. ) ;
#1176 = CARTESIAN_POINT ( 'NONE',  ( 0.000000000000000000, -5.599999999999994316, 10.00000000000000000 ) ) ;
#1177 = CYLINDRICAL_SURFACE ( 'NONE', #4516, 9.999999999999994671 ) ;
#1178 = B_SPLINE_CURVE_WITH_KNOTS ( 'NONE', 3,
 ( #2572, #4427, #3060, #318 ),
 .UNSPECIFIED., .F., .F.,
 ( 4, 4 ),
 ( 0.000000000000000000, 0.002006815278302187186 ),
 .UNSPECIFIED. ) ;
#1179 = EDGE_CURVE ( 'NONE', #2064, #5790, #4923, .T. ) ;
#1180 = ORIENTED_EDGE ( 'NONE', *, *, #2923, .F. ) ;
#1181 = CARTESIAN_POINT ( 'NONE',  ( 58.99999999999997158, -22.41619848709568785, 10.00000000000000000 ) ) ;
#1182 = DIRECTION ( 'NONE',  ( -1.000000000000000000, -1.541976423090500317E-16, 0.000000000000000000 ) ) ;
#1183 = CARTESIAN_POINT ( 'NONE',  ( 72.89999999999999147, -9.067140075112090969, 0.000000000000000000 ) ) ;
#1184 = ADVANCED_FACE ( 'NONE', ( #4446 ), #886, .F. ) ;
#1185 = CARTESIAN_POINT ( 'NONE',  ( 87.09999999999998010, 0.000000000000000000, 0.000000000000000000 ) ) ;
#1186 = VECTOR ( 'NONE', #2020, 1000.000000000000000 ) ;
#1187 = DIRECTION ( 'NONE',  ( 0.000000000000000000, -0.000000000000000000, -1.000000000000000000 ) ) ;
#1188 = VERTEX_POINT ( 'NONE', #3142 ) ;
#1189 = DIRECTION ( 'NONE',  ( -0.000000000000000000, 0.000000000000000000, 1.000000000000000000 ) ) ;
#1190 = CARTESIAN_POINT ( 'NONE',  ( 72.39999999999999147, 7.600000000000000533, 0.000000000000000000 ) ) ;
#1191 = CARTESIAN_POINT ( 'NONE',  ( 89.59999999999998010, 0.000000000000000000, 10.00000000000000000 ) ) ;
#1192 = ORIENTED_EDGE ( 'NONE', *, *, #5707, .T. ) ;
#1193 = ORIENTED_EDGE ( 'NONE', *, *, #3719, .F. ) ;
#1194 = ORIENTED_EDGE ( 'NONE', *, *, #5354, .T. ) ;
#1195 = EDGE_CURVE ( 'NONE', #3988, #5319, #1161, .T. ) ;
#1196 = DIRECTION ( 'NONE',  ( 1.541976423090500317E-16, -1.000000000000000000, 0.000000000000000000 ) ) ;
#1197 = DIRECTION ( 'NONE',  ( 0.000000000000000000, -1.000000000000000000, 0.000000000000000000 ) ) ;
#1198 = ORIENTED_EDGE ( 'NONE', *, *, #1907, .F. ) ;
#1199 = PLANE ( 'NONE',  #373 ) ;
#1200 = DIRECTION ( 'NONE',  ( -0.000000000000000000, -0.000000000000000000, -1.000000000000000000 ) ) ;
#1201 = LINE ( 'NONE', #2938, #512 ) ;
#1202 = ORIENTED_EDGE ( 'NONE', *, *, #980, .T. ) ;
#1203 = VERTEX_POINT ( 'NONE', #4984 ) ;
#1204 = EDGE_CURVE ( 'NONE', #4258, #5701, #1272, .T. ) ;
#1205 = ORIENTED_EDGE ( 'NONE', *, *, #194, .T. ) ;
#1206 = FACE_OUTER_BOUND ( 'NONE', #75, .T. ) ;
#1207 = VECTOR ( 'NONE', #5435, 1000.000000000000000 ) ;
#1208 = CARTESIAN_POINT ( 'NONE',  ( 87.09999999999998010, 0.000000000000000000, 0.000000000000000000 ) ) ;
#1209 = CYLINDRICAL_SURFACE ( 'NONE', #1072, 1.549999999999995826 ) ;
#1210 = VERTEX_POINT ( 'NONE', #1243 ) ;
#1211 = EDGE_CURVE ( 'NONE', #144, #1647, #3080, .T. ) ;
#1212 = EDGE_LOOP ( 'NONE', ( #1783, #762, #4534, #4966 ) ) ;
#1213 = CARTESIAN_POINT ( 'NONE',  ( 49.99999999999992184, -32.49999999999998579, 9.000000000000010658 ) ) ;
#1214 = CYLINDRICAL_SURFACE ( 'NONE', #3997, 1.549999999999968070 ) ;
#1215 = CYLINDRICAL_SURFACE ( 'NONE', #568, 1.549999999999995826 ) ;
#1216 = AXIS2_PLACEMENT_3D ( 'NONE', #5010, #880, #1437 ) ;
#1217 = LINE ( 'NONE', #3058, #71 ) ;
#1218 = LINE ( 'NONE', #5297, #2464 ) ;
#1219 = EDGE_LOOP ( 'NONE', ( #4783, #3665, #4920, #2290 ) ) ;
#1220 = CONICAL_SURFACE ( 'NONE', #1701, 8.500000000000007105, 0.7853981633974482790 ) ;
#1221 = DIRECTION ( 'NONE',  ( -0.000000000000000000, -0.000000000000000000, -1.000000000000000000 ) ) ;
#1222 = CARTESIAN_POINT ( 'NONE',  ( 67.99999999999998579, 22.41619848709568785, 1.000000000000000888 ) ) ;
#1223 = EDGE_LOOP ( 'NONE', ( #1322, #1662, #4818, #3039 ) ) ;
#1224 = CIRCLE ( 'NONE', #1417, 1.549999999999995826 ) ;
#1225 = VECTOR ( 'NONE', #4246, 1000.000000000000000 ) ;
#1226 = CIRCLE ( 'NONE', #154, 13.99999999999995737 ) ;
#1227 = ORIENTED_EDGE ( 'NONE', *, *, #1545, .T. ) ;
#1228 = ORIENTED_EDGE ( 'NONE', *, *, #196, .F. ) ;
#1229 = CARTESIAN_POINT ( 'NONE',  ( -7.444866269159799543, 24.50000000000000000, 0.000000000000000000 ) ) ;
#1230 = DIRECTION ( 'NONE',  ( -1.000000000000000000, 0.000000000000000000, 0.000000000000000000 ) ) ;
#1231 = ORIENTED_EDGE ( 'NONE', *, *, #2922, .T. ) ;
#1232 = CARTESIAN_POINT ( 'NONE',  ( 93.96142399166002690, 13.96142399166003933, 10.00000000000000000 ) ) ;
#1233 = AXIS2_PLACEMENT_3D ( 'NONE', #1031, #2869, #1057 ) ;
#1234 = CARTESIAN_POINT ( 'NONE',  ( -79.80000000000002558, -7.600000000000002309, 10.00000000000000000 ) ) ;
#1235 = DIRECTION ( 'NONE',  ( 0.000000000000000000, 0.000000000000000000, 1.000000000000000000 ) ) ;
#1236 = CIRCLE ( 'NONE', #4605, 1.549999999999968070 ) ;
#1237 = CIRCLE ( 'NONE', #4607, 8.999999999999980460 ) ;
#1238 = ORIENTED_EDGE ( 'NONE', *, *, #3214, .T. ) ;
#1239 = CIRCLE ( 'NONE', #2578, 8.999999999999994671 ) ;
#1240 = VECTOR ( 'NONE', #1114, 1000.000000000000000 ) ;
#1241 = ORIENTED_EDGE ( 'NONE', *, *, #2350, .F. ) ;
#1242 = CARTESIAN_POINT ( 'NONE',  ( 85.59999999999998010, 0.000000000000000000, 10.00000000000000000 ) ) ;
#1243 = CARTESIAN_POINT ( 'NONE',  ( -79.30000000000002558, -9.599999999999997868, 10.00000000000000000 ) ) ;
#1244 = CARTESIAN_POINT ( 'NONE',  ( 58.17639918272502086, 0.000000000000000000, 0.000000000000000000 ) ) ;
#1245 = ORIENTED_EDGE ( 'NONE', *, *, #95, .F. ) ;
#1246 = ADVANCED_FACE ( 'NONE', ( #1752 ), #766, .T. ) ;
#1247 = ADVANCED_FACE ( 'NONE', ( #1335 ), #2201, .F. ) ;
#1248 = ORIENTED_EDGE ( 'NONE', *, *, #211, .F. ) ;
#1249 = CIRCLE ( 'NONE', #3180, 13.99999999999998401 ) ;
#1250 = EDGE_CURVE ( 'NONE', #4360, #5022, #2227, .T. ) ;
#1251 = CARTESIAN_POINT ( 'NONE',  ( -79.30000000000002558, 0.000000000000000000, 10.00000000000000000 ) ) ;
#1252 = DIRECTION ( 'NONE',  ( 1.000000000000000000, 0.000000000000000000, 0.000000000000000000 ) ) ;
#1253 = CARTESIAN_POINT ( 'NONE',  ( -35.75318380357697379, -15.00000000000000000, 0.000000000000000000 ) ) ;
#1254 = DIRECTION ( 'NONE',  ( 0.000000000000000000, -1.000000000000000000, 0.000000000000000000 ) ) ;
#1255 = ORIENTED_EDGE ( 'NONE', *, *, #4235, .F. ) ;
#1256 = DIRECTION ( 'NONE',  ( -0.000000000000000000, -0.000000000000000000, -1.000000000000000000 ) ) ;
#1257 = ORIENTED_EDGE ( 'NONE', *, *, #162, .F. ) ;
#1258 = ORIENTED_EDGE ( 'NONE', *, *, #1444, .F. ) ;
#1259 = EDGE_LOOP ( 'NONE', ( #1438, #4471, #546, #348 ) ) ;
#1260 = CARTESIAN_POINT ( 'NONE',  ( 70.39999999999999147, -7.100000000000002309, 10.00000000000000000 ) ) ;
#1261 = CARTESIAN_POINT ( 'NONE',  ( -81.26714007511213822, 7.099999999999993427, 10.00000000000000000 ) ) ;
#1262 = EDGE_LOOP ( 'NONE', ( #4206, #5771, #3458, #5104, #392, #5207, #4416, #3460, #989, #2152, #236, #524, #3737, #2706, #2842, #1007 ) ) ;
#1263 = CARTESIAN_POINT ( 'NONE',  ( 0.000000000000000000, -7.100000000000002309, 10.00000000000000000 ) ) ;
#1264 = CARTESIAN_POINT ( 'NONE',  ( -81.80000000000002558, 0.000000000000000000, 10.00000000000000000 ) ) ;
#1265 = CARTESIAN_POINT ( 'NONE',  ( 74.39999999999999147, -8.100000000000003197, 0.000000000000000000 ) ) ;
#1266 = EDGE_CURVE ( 'NONE', #761, #5805, #3177, .T. ) ;
#1267 = ORIENTED_EDGE ( 'NONE', *, *, #5114, .T. ) ;
#1268 = VECTOR ( 'NONE', #1413, 1000.000000000000000 ) ;
#1269 = ORIENTED_EDGE ( 'NONE', *, *, #4147, .F. ) ;
#1270 = CARTESIAN_POINT ( 'NONE',  ( 72.89999999999999147, 0.000000000000000000, 10.00000000000000000 ) ) ;
#1271 = PLANE ( 'NONE',  #2107 ) ;
#1272 = LINE ( 'NONE', #3110, #403 ) ;
#1273 = FACE_OUTER_BOUND ( 'NONE', #3199, .T. ) ;
#1274 = ORIENTED_EDGE ( 'NONE', *, *, #38, .F. ) ;
#1275 = EDGE_CURVE ( 'NONE', #2448, #2483, #857, .T. ) ;
#1276 = EDGE_LOOP ( 'NONE', ( #5680, #2887, #1133, #578 ) ) ;
#1277 = ADVANCED_FACE ( 'NONE', ( #5924 ), #2138, .F. ) ;
#1278 = DIRECTION ( 'NONE',  ( 0.000000000000000000, -0.000000000000000000, -1.000000000000000000 ) ) ;
#1279 = EDGE_CURVE ( 'NONE', #793, #3728, #5156, .T. ) ;
#1280 = ADVANCED_FACE ( 'NONE', ( #1019 ), #4926, .F. ) ;
#1281 = CARTESIAN_POINT ( 'NONE',  ( -51.25318380357697379, 15.00000000000000000, 0.000000000000000000 ) ) ;
#1282 = DIRECTION ( 'NONE',  ( -0.000000000000000000, -0.000000000000000000, -1.000000000000000000 ) ) ;
#1283 = VERTEX_POINT ( 'NONE', #3765 ) ;
#1284 = VECTOR ( 'NONE', #4881, 1000.000000000000114 ) ;
#1285 = CARTESIAN_POINT ( 'NONE',  ( 71.89999999999999147, -9.067140075112090969, 0.000000000000000000 ) ) ;
#1286 = CARTESIAN_POINT ( 'NONE',  ( 73.86714007511207569, 7.100000000000000533, 0.000000000000000000 ) ) ;
#1287 = ORIENTED_EDGE ( 'NONE', *, *, #5588, .F. ) ;
#1288 = VECTOR ( 'NONE', #3509, 1000.000000000000000 ) ;
#1289 = ORIENTED_EDGE ( 'NONE', *, *, #4940, .T. ) ;
#1290 = EDGE_CURVE ( 'NONE', #1301, #4810, #57, .T. ) ;
#1291 = CIRCLE ( 'NONE', #2912, 8.500000000000000000 ) ;
#1292 = ORIENTED_EDGE ( 'NONE', *, *, #612, .T. ) ;
#1293 = PLANE ( 'NONE',  #545 ) ;
#1294 = PLANE ( 'NONE',  #1805 ) ;
#1295 = VERTEX_POINT ( 'NONE', #451 ) ;
#1296 = CARTESIAN_POINT ( 'NONE',  ( 52.30513373084020401, -24.50000000000000000, 10.00000000000000000 ) ) ;
#1297 = LINE ( 'NONE', #5796, #3230 ) ;
#1298 = ADVANCED_FACE ( 'NONE', ( #572 ), #3203, .T. ) ;
#1299 = PLANE ( 'NONE',  #737 ) ;
#1300 = AXIS2_PLACEMENT_3D ( 'NONE', #2238, #1256, #411 ) ;
#1301 = VERTEX_POINT ( 'NONE', #3283 ) ;
#1302 = EDGE_CURVE ( 'NONE', #3848, #4961, #5417, .T. ) ;
#1303 = ORIENTED_EDGE ( 'NONE', *, *, #1421, .T. ) ;
#1304 = LINE ( 'NONE', #366, #1340 ) ;
#1305 = CARTESIAN_POINT ( 'NONE',  ( -79.80000000000002558, -7.600000000000002309, 0.000000000000000000 ) ) ;
#1306 = CARTESIAN_POINT ( 'NONE',  ( 72.89999999999999147, -9.600000000000001421, 0.000000000000000000 ) ) ;
#1307 = CARTESIAN_POINT ( 'NONE',  ( 72.39999999999999147, -7.599999999999998757, 10.00000000000000000 ) ) ;
#1308 = ORIENTED_EDGE ( 'NONE', *, *, #2124, .T. ) ;
#1309 = ORIENTED_EDGE ( 'NONE', *, *, #923, .T. ) ;
#1310 = VECTOR ( 'NONE', #58, 1000.000000000000000 ) ;
#1311 = LINE ( 'NONE', #5449, #3546 ) ;
#1312 = EDGE_CURVE ( 'NONE', #5748, #4855, #2987, .T. ) ;
#1313 = LINE ( 'NONE', #5078, #554 ) ;
#1314 = DIRECTION ( 'NONE',  ( -0.000000000000000000, -0.000000000000000000, -1.000000000000000000 ) ) ;
#1316 = EDGE_CURVE ( 'NONE', #2029, #5651, #3226, .T. ) ;
#1315 = VERTEX_POINT ( 'NONE', #2743 ) ;
#1317 = DIRECTION ( 'NONE',  ( 0.000000000000000000, -0.000000000000000000, -1.000000000000000000 ) ) ;
#1318 = ORIENTED_EDGE ( 'NONE', *, *, #4295, .F. ) ;
#1319 = ADVANCED_FACE ( 'NONE', ( #4702 ), #3310, .F. ) ;
#1320 = ORIENTED_EDGE ( 'NONE', *, *, #2860, .F. ) ;
#1321 = VECTOR ( 'NONE', #3426, 1000.000000000000114 ) ;
#1322 = ORIENTED_EDGE ( 'NONE', *, *, #4567, .T. ) ;
#1323 = DIRECTION ( 'NONE',  ( 0.000000000000000000, 0.000000000000000000, 1.000000000000000000 ) ) ;
#1324 = CARTESIAN_POINT ( 'NONE',  ( 70.39999999999999147, -8.100000000000003197, 0.000000000000000000 ) ) ;
#1325 = DIRECTION ( 'NONE',  ( 1.000000000000000000, 0.000000000000000000, 0.000000000000000000 ) ) ;
#1326 = LINE ( 'NONE', #4531, #1401 ) ;
#1327 = FACE_OUTER_BOUND ( 'NONE', #4543, .T. ) ;
#1328 = ADVANCED_FACE ( 'NONE', ( #4671 ), #490, .T. ) ;
#1329 = VECTOR ( 'NONE', #5027, 1000.000000000000000 ) ;
#1330 = VERTEX_POINT ( 'NONE', #4224 ) ;
#1331 = VECTOR ( 'NONE', #1694, 1000.000000000000000 ) ;
#1332 = ORIENTED_EDGE ( 'NONE', *, *, #4089, .T. ) ;
#1333 = CARTESIAN_POINT ( 'NONE',  ( -77.80000000000002558, -7.099999999999995204, 10.00000000000000000 ) ) ;
#1334 = CARTESIAN_POINT ( 'NONE',  ( 85.59999999999998010, 0.000000000000000000, 10.00000000000000000 ) ) ;
#1335 = FACE_OUTER_BOUND ( 'NONE', #1819, .T. ) ;
#1336 = FACE_OUTER_BOUND ( 'NONE', #4586, .T. ) ;
#1337 = AXIS2_PLACEMENT_3D ( 'NONE', #5905, #433, #3149 ) ;
#1338 = ORIENTED_EDGE ( 'NONE', *, *, #1279, .T. ) ;
#1339 = VECTOR ( 'NONE', #2790, 1000.000000000000000 ) ;
#1340 = VECTOR ( 'NONE', #5288, 1000.000000000000000 ) ;
#1341 = ORIENTED_EDGE ( 'NONE', *, *, #33, .F. ) ;
#1342 = DIRECTION ( 'NONE',  ( -0.000000000000000000, 0.000000000000000000, 1.000000000000000000 ) ) ;
#1343 = EDGE_CURVE ( 'NONE', #4153, #1765, #5067, .T. ) ;
#1344 = AXIS2_PLACEMENT_3D ( 'NONE', #3963, #1780, #4081 ) ;
#1345 = AXIS2_PLACEMENT_3D ( 'NONE', #209, #2557, #3964 ) ;
#1346 = DIRECTION ( 'NONE',  ( -1.000000000000000000, 0.000000000000000000, 0.000000000000000000 ) ) ;
#1347 = LINE ( 'NONE', #3186, #2763 ) ;
#1348 = ORIENTED_EDGE ( 'NONE', *, *, #165, .T. ) ;
#1349 = DIRECTION ( 'NONE',  ( 1.000000000000000000, 0.000000000000000000, 0.000000000000000000 ) ) ;
#1350 = ORIENTED_EDGE ( 'NONE', *, *, #778, .F. ) ;
#1351 = ORIENTED_EDGE ( 'NONE', *, *, #4419, .F. ) ;
#1352 = DIRECTION ( 'NONE',  ( 0.000000000000000000, -0.000000000000000000, -1.000000000000000000 ) ) ;
#1353 = LINE ( 'NONE', #4100, #3341 ) ;
#1354 = CARTESIAN_POINT ( 'NONE',  ( 0.000000000000000000, 5.600000000000000533, 10.00000000000000000 ) ) ;
#1355 = CARTESIAN_POINT ( 'NONE',  ( -79.30000000000002558, 0.000000000000000000, 10.00000000000000000 ) ) ;
#1356 = CARTESIAN_POINT ( 'NONE',  ( -79.30000000000002558, 0.000000000000000000, 0.000000000000000000 ) ) ;
#1357 = EDGE_CURVE ( 'NONE', #5461, #5968, #1946, .T. ) ;
#1358 = ORIENTED_EDGE ( 'NONE', *, *, #3682, .T. ) ;
#1359 = EDGE_CURVE ( 'NONE', #3358, #5887, #115, .T. ) ;
#1360 = EDGE_CURVE ( 'NONE', #2873, #4961, #3317, .T. ) ;
#1361 = ORIENTED_EDGE ( 'NONE', *, *, #917, .F. ) ;
#1362 = DIRECTION ( 'NONE',  ( -1.000000000000000000, 0.000000000000000000, 0.000000000000000000 ) ) ;
#1363 = PLANE ( 'NONE',  #4128 ) ;
#1364 = DIRECTION ( 'NONE',  ( 0.000000000000000000, 0.7071067811865573427, 0.7071067811865376918 ) ) ;
#1365 = CARTESIAN_POINT ( 'NONE',  ( 67.99999999999998579, -22.41619848709568785, 10.00000000000000000 ) ) ;
#1366 = VERTEX_POINT ( 'NONE', #484 ) ;
#1367 = AXIS2_PLACEMENT_3D ( 'NONE', #1973, #5309, #172 ) ;
#1368 = VERTEX_POINT ( 'NONE', #3712 ) ;
#1369 = EDGE_CURVE ( 'NONE', #4405, #716, #1863, .T. ) ;
#1370 = DIRECTION ( 'NONE',  ( -0.000000000000000000, 0.000000000000000000, 1.000000000000000000 ) ) ;
#1371 = CARTESIAN_POINT ( 'NONE',  ( -67.99305421544659112, -15.00000000000000000, 9.000000000000010658 ) ) ;
#1372 = VECTOR ( 'NONE', #3863, 1000.000000000000000 ) ;
#1373 = LINE ( 'NONE', #895, #1605 ) ;
#1374 = CARTESIAN_POINT ( 'NONE',  ( 0.000000000000000000, 8.100000000000003197, 10.00000000000000000 ) ) ;
#1375 = ORIENTED_EDGE ( 'NONE', *, *, #1604, .T. ) ;
#1376 = ORIENTED_EDGE ( 'NONE', *, *, #4940, .F. ) ;
#1377 = LINE ( 'NONE', #526, #5958 ) ;
#1378 = DIRECTION ( 'NONE',  ( 1.000000000000000000, 0.000000000000000000, -0.000000000000000000 ) ) ;
#1379 = CARTESIAN_POINT ( 'NONE',  ( 94.00000000000000000, 15.00000000000000000, 0.000000000000000000 ) ) ;
#1380 = LINE ( 'NONE', #1855, #2833 ) ;
#1381 = CARTESIAN_POINT ( 'NONE',  ( 80.00000000000001421, 15.00000000000000000, 10.00000000000000000 ) ) ;
#1382 = CIRCLE ( 'NONE', #1567, 1.549999999999968070 ) ;
#1383 = ORIENTED_EDGE ( 'NONE', *, *, #4126, .F. ) ;
#1384 = ADVANCED_FACE ( 'NONE', ( #5101 ), #5128, .F. ) ;
#1385 = EDGE_CURVE ( 'NONE', #4297, #4245, #5044, .T. ) ;
#1386 = ORIENTED_EDGE ( 'NONE', *, *, #3489, .T. ) ;
#1387 = DIRECTION ( 'NONE',  ( 0.000000000000000000, -0.7071067811865475727, 0.7071067811865475727 ) ) ;
#1388 = CARTESIAN_POINT ( 'NONE',  ( 49.99999999999992184, -31.49999999999998579, 0.000000000000000000 ) ) ;
#1389 = CARTESIAN_POINT ( 'NONE',  ( 94.31220805098155324, 14.31220805098156212, 0.3237949338274001554 ) ) ;
#1390 = DIRECTION ( 'NONE',  ( 0.000000000000000000, 0.7071067811865474617, -0.7071067811865474617 ) ) ;
#1391 = VECTOR ( 'NONE', #5403, 1000.000000000000000 ) ;
#1392 = ADVANCED_FACE ( 'NONE', ( #1103 ), #5730, .F. ) ;
#1393 = ORIENTED_EDGE ( 'NONE', *, *, #494, .F. ) ;
#1394 = ORIENTED_EDGE ( 'NONE', *, *, #3043, .T. ) ;
#1395 = DIRECTION ( 'NONE',  ( -1.000000000000000000, 0.000000000000000000, 0.000000000000000000 ) ) ;
#1396 = EDGE_CURVE ( 'NONE', #1674, #2463, #3970, .T. ) ;
#1397 = EDGE_CURVE ( 'NONE', #5569, #105, #586, .T. ) ;
#1398 = DIRECTION ( 'NONE',  ( -0.000000000000000000, -0.000000000000000000, -1.000000000000000000 ) ) ;
#1399 = DIRECTION ( 'NONE',  ( 1.000000000000000000, 0.000000000000000000, 0.000000000000000000 ) ) ;
#1400 = CARTESIAN_POINT ( 'NONE',  ( 70.93285992488790725, -8.100000000000003197, 10.00000000000000000 ) ) ;
#1401 = VECTOR ( 'NONE', #5916, 1000.000000000000000 ) ;
#1402 = CARTESIAN_POINT ( 'NONE',  ( 71.89999999999999147, -5.600000000000000533, 0.000000000000000000 ) ) ;
#1403 = ORIENTED_EDGE ( 'NONE', *, *, #1385, .T. ) ;
#1404 = CARTESIAN_POINT ( 'NONE',  ( -79.80000000000002558, -7.600000000000002309, 0.000000000000000000 ) ) ;
#1405 = CARTESIAN_POINT ( 'NONE',  ( 0.000000000000000000, -31.50000000000001421, 10.00000000000000000 ) ) ;
#1406 = CARTESIAN_POINT ( 'NONE',  ( 70.93285992488790725, -7.100000000000002309, 10.00000000000000000 ) ) ;
#1407 = DIRECTION ( 'NONE',  ( 1.000000000000000000, -0.000000000000000000, 0.000000000000000000 ) ) ;
#1408 = LINE ( 'NONE', #3678, #147 ) ;
#1409 = ORIENTED_EDGE ( 'NONE', *, *, #4633, .F. ) ;
#1410 = ORIENTED_EDGE ( 'NONE', *, *, #4481, .F. ) ;
#1411 = DIRECTION ( 'NONE',  ( -0.000000000000000000, -0.000000000000000000, -1.000000000000000000 ) ) ;
#1412 = DIRECTION ( 'NONE',  ( 0.000000000000000000, -0.000000000000000000, 1.000000000000000000 ) ) ;
#1413 = DIRECTION ( 'NONE',  ( -0.000000000000000000, -0.000000000000000000, -1.000000000000000000 ) ) ;
#1414 = DIRECTION ( 'NONE',  ( 0.000000000000000000, 1.000000000000000000, -0.000000000000000000 ) ) ;
#1415 = AXIS2_PLACEMENT_3D ( 'NONE', #4010, #5364, #1323 ) ;
#1416 = ORIENTED_EDGE ( 'NONE', *, *, #5870, .F. ) ;
#1417 = AXIS2_PLACEMENT_3D ( 'NONE', #4330, #1962, #2022 ) ;
#1418 = ORIENTED_EDGE ( 'NONE', *, *, #5192, .F. ) ;
#1419 = CIRCLE ( 'NONE', #371, 1.549999999999995826 ) ;
#1420 = PLANE ( 'NONE',  #1812 ) ;
#1421 = EDGE_CURVE ( 'NONE', #2624, #3402, #4156, .T. ) ;
#1422 = VECTOR ( 'NONE', #3561, 1000.000000000000000 ) ;
#1423 = EDGE_CURVE ( 'NONE', #3156, #3657, #4632, .T. ) ;
#1424 = EDGE_CURVE ( 'NONE', #1674, #5748, #1589, .T. ) ;
#1425 = DIRECTION ( 'NONE',  ( 0.000000000000000000, -1.000000000000000000, 0.000000000000000000 ) ) ;
#1426 = DIRECTION ( 'NONE',  ( 0.000000000000000000, -1.000000000000000000, 0.000000000000000000 ) ) ;
#1427 = DIRECTION ( 'NONE',  ( -0.000000000000000000, -0.000000000000000000, -1.000000000000000000 ) ) ;
#1428 = PLANE ( 'NONE',  #5718 ) ;
#1429 = AXIS2_PLACEMENT_3D ( 'NONE', #2902, #3362, #2478 ) ;
#1430 = AXIS2_PLACEMENT_3D ( 'NONE', #3935, #1695, #3542 ) ;
#1431 = ORIENTED_EDGE ( 'NONE', *, *, #95, .T. ) ;
#1432 = CARTESIAN_POINT ( 'NONE',  ( -49.99999999999994316, -32.49999999999998579, 9.000000000000010658 ) ) ;
#1433 = EDGE_LOOP ( 'NONE', ( #4467, #3688, #1867, #1269 ) ) ;
#1434 = CYLINDRICAL_SURFACE ( 'NONE', #1706, 1.500000000000001332 ) ;
#1435 = DIRECTION ( 'NONE',  ( 0.000000000000000000, -1.000000000000000000, 0.000000000000000000 ) ) ;
#1436 = DIRECTION ( 'NONE',  ( 1.000000000000000000, 0.000000000000000000, 0.000000000000000000 ) ) ;
#1437 = DIRECTION ( 'NONE',  ( -1.000000000000000000, 0.000000000000000000, -0.000000000000000000 ) ) ;
#1438 = ORIENTED_EDGE ( 'NONE', *, *, #2555, .T. ) ;
#1439 = EDGE_LOOP ( 'NONE', ( #445, #2609, #3906, #2417 ) ) ;
#1440 = CARTESIAN_POINT ( 'NONE',  ( -0.000000000000000000, 7.100000000000002309, 0.000000000000000000 ) ) ;
#1441 = LINE ( 'NONE', #3255, #3662 ) ;
#1442 = CARTESIAN_POINT ( 'NONE',  ( 50.55513373084020401, -24.50000000000000000, 10.00000000000000000 ) ) ;
#1443 = LINE ( 'NONE', #3284, #3414 ) ;
#1444 = EDGE_CURVE ( 'NONE', #6, #3485, #4310, .T. ) ;
#1445 = LINE ( 'NONE', #5159, #3118 ) ;
#1446 = ORIENTED_EDGE ( 'NONE', *, *, #269, .T. ) ;
#1447 = ORIENTED_EDGE ( 'NONE', *, *, #3572, .T. ) ;
#1448 = ORIENTED_EDGE ( 'NONE', *, *, #2440, .T. ) ;
#1449 = VECTOR ( 'NONE', #5246, 1000.000000000000000 ) ;
#1450 = EDGE_CURVE ( 'NONE', #1366, #32, #1529, .T. ) ;
#1451 = EDGE_CURVE ( 'NONE', #4275, #5509, #4729, .T. ) ;
#1452 = DIRECTION ( 'NONE',  ( 0.000000000000000000, 1.000000000000000000, -0.000000000000000000 ) ) ;
#1453 = DIRECTION ( 'NONE',  ( -1.000000000000000000, 0.000000000000000000, 0.000000000000000000 ) ) ;
#1454 = CARTESIAN_POINT ( 'NONE',  ( 60.00000000000000000, -22.49999999999991473, 1.000000000000000888 ) ) ;
#1455 = EDGE_CURVE ( 'NONE', #2433, #261, #659, .T. ) ;
#1456 = CARTESIAN_POINT ( 'NONE',  ( -78.33285992488791294, 8.099999999999997868, 10.00000000000000000 ) ) ;
#1457 = EDGE_CURVE ( 'NONE', #4398, #4733, #2426, .T. ) ;
#1458 = ORIENTED_EDGE ( 'NONE', *, *, #1369, .F. ) ;
#1459 = DIRECTION ( 'NONE',  ( -0.000000000000000000, 0.000000000000000000, 1.000000000000000000 ) ) ;
#1460 = ORIENTED_EDGE ( 'NONE', *, *, #1788, .T. ) ;
#1461 = PLANE ( 'NONE',  #1507 ) ;
#1462 = DIRECTION ( 'NONE',  ( -1.541976423090500317E-16, 1.000000000000000000, 0.000000000000000000 ) ) ;
#1463 = CARTESIAN_POINT ( 'NONE',  ( -80.30000000000002558, -5.599999999999994316, 10.00000000000000000 ) ) ;
#1464 = CARTESIAN_POINT ( 'NONE',  ( 85.59999999999998010, 0.000000000000000000, 0.000000000000000000 ) ) ;
#1465 = EDGE_LOOP ( 'NONE', ( #999, #1308, #5341, #4910, #944 ) ) ;
#1466 = ADVANCED_FACE ( 'NONE', ( #3854 ), #3318, .F. ) ;
#1467 = VERTEX_POINT ( 'NONE', #5762 ) ;
#1468 = DIRECTION ( 'NONE',  ( -1.000000000000000000, 0.000000000000000000, 0.000000000000000000 ) ) ;
#1469 = VERTEX_POINT ( 'NONE', #1138 ) ;
#1470 = DIRECTION ( 'NONE',  ( 1.000000000000000000, 0.000000000000000000, 0.000000000000000000 ) ) ;
#1471 = DIRECTION ( 'NONE',  ( -0.000000000000000000, 0.000000000000000000, 1.000000000000000000 ) ) ;
#1472 = DIRECTION ( 'NONE',  ( 0.000000000000000000, 1.000000000000000000, -0.000000000000000000 ) ) ;
#1473 = FACE_BOUND ( 'NONE', #2905, .T. ) ;
#1474 = ORIENTED_EDGE ( 'NONE', *, *, #945, .T. ) ;
#1475 = CIRCLE ( 'NONE', #1951, 1.500000000000001332 ) ;
#1476 = ORIENTED_EDGE ( 'NONE', *, *, #4348, .T. ) ;
#1477 = ORIENTED_EDGE ( 'NONE', *, *, #3635, .F. ) ;
#1478 = AXIS2_PLACEMENT_3D ( 'NONE', #3641, #4575, #1702 ) ;
#1479 = DIRECTION ( 'NONE',  ( 0.000000000000000000, 0.7071067811865474617, 0.7071067811865474617 ) ) ;
#1480 = DIRECTION ( 'NONE',  ( 0.000000000000000000, -0.000000000000000000, -1.000000000000000000 ) ) ;
#1481 = DIRECTION ( 'NONE',  ( -1.000000000000000000, 0.000000000000000000, 0.000000000000000000 ) ) ;
#1482 = CARTESIAN_POINT ( 'NONE',  ( -66.82360081727497914, 0.000000000000000000, 0.000000000000000000 ) ) ;
#1483 = EDGE_CURVE ( 'NONE', #3640, #323, #2442, .T. ) ;
#1484 = ORIENTED_EDGE ( 'NONE', *, *, #3376, .F. ) ;
#1485 = AXIS2_PLACEMENT_3D ( 'NONE', #2650, #417, #3590 ) ;
#1486 = DIRECTION ( 'NONE',  ( -0.000000000000000000, 0.000000000000000000, 1.000000000000000000 ) ) ;
#1487 = ORIENTED_EDGE ( 'NONE', *, *, #5873, .T. ) ;
#1488 = DIRECTION ( 'NONE',  ( 1.000000000000000000, 0.000000000000000000, 0.000000000000000000 ) ) ;
#1489 = CARTESIAN_POINT ( 'NONE',  ( -67.99305421544659112, -13.99999999999998401, 10.00000000000000000 ) ) ;
#1490 = DIRECTION ( 'NONE',  ( -1.000000000000000000, 0.000000000000000000, 0.000000000000000000 ) ) ;
#1491 = CARTESIAN_POINT ( 'NONE',  ( -50.00000000000001421, 22.50000000000001066, 9.000000000000010658 ) ) ;
#1492 = ORIENTED_EDGE ( 'NONE', *, *, #4712, .F. ) ;
#1493 = ADVANCED_FACE ( 'NONE', ( #2454 ), #1048, .F. ) ;
#1494 = EDGE_CURVE ( 'NONE', #4616, #2250, #5840, .T. ) ;
#1495 = ORIENTED_EDGE ( 'NONE', *, *, #2434, .T. ) ;
#1496 = CARTESIAN_POINT ( 'NONE',  ( 94.99999999999997158, 15.00000000000000000, 8.999999999999996447 ) ) ;
#1497 = PLANE ( 'NONE',  #5871 ) ;
#1498 = CARTESIAN_POINT ( 'NONE',  ( 49.99999999999992184, -32.49999999999998579, 1.000000000000000888 ) ) ;
#1499 = CARTESIAN_POINT ( 'NONE',  ( 85.59999999999998010, -7.100000000000002309, 10.00000000000000000 ) ) ;
#1500 = CARTESIAN_POINT ( 'NONE',  ( 0.000000000000000000, 9.600000000000003197, 10.00000000000000000 ) ) ;
#1501 = AXIS2_PLACEMENT_3D ( 'NONE', #4015, #1745, #4947 ) ;
#1502 = EDGE_LOOP ( 'NONE', ( #2580, #3002, #2999, #5204 ) ) ;
#1503 = ORIENTED_EDGE ( 'NONE', *, *, #4329, .T. ) ;
#1504 = CIRCLE ( 'NONE', #3437, 13.99999999999995737 ) ;
#1505 = ORIENTED_EDGE ( 'NONE', *, *, #1195, .F. ) ;
#1506 = VECTOR ( 'NONE', #779, 1000.000000000000000 ) ;
#1507 = AXIS2_PLACEMENT_3D ( 'NONE', #1009, #106, #2507 ) ;
#1508 = VECTOR ( 'NONE', #5778, 1000.000000000000000 ) ;
#1509 = DIRECTION ( 'NONE',  ( 1.000000000000000000, 0.000000000000000000, 0.000000000000000000 ) ) ;
#1510 = EDGE_CURVE ( 'NONE', #4460, #60, #3885, .T. ) ;
#1511 = DIRECTION ( 'NONE',  ( 1.000000000000000000, 0.000000000000000000, 0.000000000000000000 ) ) ;
#1512 = CARTESIAN_POINT ( 'NONE',  ( 58.99999999999997158, -22.41619848709568785, 10.00000000000000000 ) ) ;
#1513 = AXIS2_PLACEMENT_3D ( 'NONE', #1000, #3319, #4741 ) ;
#1514 = FACE_OUTER_BOUND ( 'NONE', #4882, .T. ) ;
#1515 = AXIS2_PLACEMENT_3D ( 'NONE', #2161, #1772, #788 ) ;
#1516 = ORIENTED_EDGE ( 'NONE', *, *, #3417, .T. ) ;
#1517 = CARTESIAN_POINT ( 'NONE',  ( -79.80000000000002558, -7.600000000000002309, 10.00000000000000000 ) ) ;
#1518 = ORIENTED_EDGE ( 'NONE', *, *, #4302, .F. ) ;
#1519 = FACE_OUTER_BOUND ( 'NONE', #5056, .T. ) ;
#1520 = CARTESIAN_POINT ( 'NONE',  ( 109.9999999999999858, 0.000000000000000000, 0.9999999999999749090 ) ) ;
#1521 = DIRECTION ( 'NONE',  ( 1.000000000000000000, 0.000000000000000000, 0.000000000000000000 ) ) ;
#1522 = FACE_OUTER_BOUND ( 'NONE', #5162, .T. ) ;
#1523 = ORIENTED_EDGE ( 'NONE', *, *, #1994, .T. ) ;
#1524 = VECTOR ( 'NONE', #5530, 1000.000000000000114 ) ;
#1525 = ORIENTED_EDGE ( 'NONE', *, *, #4963, .F. ) ;
#1526 = EDGE_CURVE ( 'NONE', #2258, #4322, #2102, .T. ) ;
#1527 = DIRECTION ( 'NONE',  ( -0.000000000000000000, -0.000000000000000000, -1.000000000000000000 ) ) ;
#1528 = FACE_OUTER_BOUND ( 'NONE', #2764, .T. ) ;
#1529 = LINE ( 'NONE', #3430, #682 ) ;
#1530 = CARTESIAN_POINT ( 'NONE',  ( 71.89999999999999147, 0.000000000000000000, 10.00000000000000000 ) ) ;
#1531 = DIRECTION ( 'NONE',  ( 1.000000000000000000, 0.000000000000000000, 0.000000000000000000 ) ) ;
#1532 = ADVANCED_FACE ( 'NONE', ( #1623 ), #3466, .F. ) ;
#1533 = EDGE_LOOP ( 'NONE', ( #1255, #4434 ) ) ;
#1534 = EDGE_CURVE ( 'NONE', #1617, #3910, #216, .T. ) ;
#1535 = VERTEX_POINT ( 'NONE', #1498 ) ;
#1536 = CARTESIAN_POINT ( 'NONE',  ( 87.09999999999998010, 9.067140075112090969, 10.00000000000000000 ) ) ;
#1537 = ORIENTED_EDGE ( 'NONE', *, *, #2077, .T. ) ;
#1538 = EDGE_CURVE ( 'NONE', #4656, #3744, #626, .T. ) ;
#1539 = FACE_OUTER_BOUND ( 'NONE', #1767, .T. ) ;
#1540 = CARTESIAN_POINT ( 'NONE',  ( -76.32360081727499335, 0.000000000000000000, 0.000000000000000000 ) ) ;
#1541 = LINE ( 'NONE', #2951, #4276 ) ;
#1542 = AXIS2_PLACEMENT_3D ( 'NONE', #5698, #4403, #3821 ) ;
#1543 = CARTESIAN_POINT ( 'NONE',  ( 0.000000000000000000, -15.00000000000000000, 10.00000000000000000 ) ) ;
#1544 = ORIENTED_EDGE ( 'NONE', *, *, #4481, .T. ) ;
#1545 = EDGE_CURVE ( 'NONE', #5909, #388, #2683, .T. ) ;
#1546 = FACE_OUTER_BOUND ( 'NONE', #235, .T. ) ;
#1547 = ORIENTED_EDGE ( 'NONE', *, *, #432, .T. ) ;
#1548 = DIRECTION ( 'NONE',  ( 0.000000000000000000, 0.000000000000000000, 1.000000000000000000 ) ) ;
#1549 = DIRECTION ( 'NONE',  ( -1.000000000000000000, 0.000000000000000000, 0.000000000000000000 ) ) ;
#1550 = FACE_OUTER_BOUND ( 'NONE', #410, .T. ) ;
#1551 = ORIENTED_EDGE ( 'NONE', *, *, #4139, .T. ) ;
#1552 = VERTEX_POINT ( 'NONE', #819 ) ;
#1553 = LINE ( 'NONE', #5271, #5168 ) ;
#1554 = ORIENTED_EDGE ( 'NONE', *, *, #431, .T. ) ;
#1555 = DIRECTION ( 'NONE',  ( -0.000000000000000000, -0.000000000000000000, -1.000000000000000000 ) ) ;
#1556 = CARTESIAN_POINT ( 'NONE',  ( 87.09999999999998010, 0.000000000000000000, 10.00000000000000000 ) ) ;
#1557 = LINE ( 'NONE', #660, #3600 ) ;
#1558 = ADVANCED_FACE ( 'NONE', ( #3135 ), #789, .F. ) ;
#1559 = CARTESIAN_POINT ( 'NONE',  ( -80.30000000000002558, -6.132859924887886116, 10.00000000000000000 ) ) ;
#1560 = ORIENTED_EDGE ( 'NONE', *, *, #4536, .F. ) ;
#1561 = EDGE_CURVE ( 'NONE', #5474, #5235, #1297, .T. ) ;
#1562 = ORIENTED_EDGE ( 'NONE', *, *, #243, .F. ) ;
#1563 = AXIS2_PLACEMENT_3D ( 'NONE', #3766, #5277, #3369 ) ;
#1564 = DIRECTION ( 'NONE',  ( -0.000000000000000000, -0.000000000000000000, -1.000000000000000000 ) ) ;
#1565 = DIRECTION ( 'NONE',  ( 0.000000000000000000, 0.000000000000000000, 1.000000000000000000 ) ) ;
#1566 = EDGE_CURVE ( 'NONE', #2448, #1301, #4501, .T. ) ;
#1567 = AXIS2_PLACEMENT_3D ( 'NONE', #1126, #2509, #5720 ) ;
#1568 = AXIS2_PLACEMENT_3D ( 'NONE', #5710, #1182, #1574 ) ;
#1569 = CONICAL_SURFACE ( 'NONE', #2335, 9.000000000000001776, 0.7853981633974482790 ) ;
#1570 = STYLED_ITEM ( 'NONE', ( #4683 ), #9 ) ;
#1571 = CARTESIAN_POINT ( 'NONE',  ( 93.99999999999997158, 15.00000000000000178, 10.00000000000000000 ) ) ;
#1572 = ADVANCED_FACE ( 'NONE', ( #3562 ), #4076, .F. ) ;
#1573 = CARTESIAN_POINT ( 'NONE',  ( 87.59999999999998010, -7.599999999999996092, 10.00000000000000000 ) ) ;
#1574 = DIRECTION ( 'NONE',  ( 1.541976423090500317E-16, -1.000000000000000000, 0.000000000000000000 ) ) ;
#1575 = ADVANCED_FACE ( 'NONE', ( #3073 ), #4977, .T. ) ;
#1576 = ORIENTED_EDGE ( 'NONE', *, *, #4124, .T. ) ;
#1577 = LINE ( 'NONE', #5234, #2856 ) ;
#1578 = EDGE_LOOP ( 'NONE', ( #5143, #427, #448, #3326, #5307, #1141, #2932, #137, #1935, #1650, #5846, #4878, #4234, #5979, #933, #2787 ) ) ;
#1579 = CARTESIAN_POINT ( 'NONE',  ( 89.06714007511207853, 7.100000000000002309, 10.00000000000000000 ) ) ;
#1580 = LINE ( 'NONE', #3328, #3353 ) ;
#1581 = CARTESIAN_POINT ( 'NONE',  ( 49.99999999999991473, 31.50000000000003553, 0.000000000000000000 ) ) ;
#1582 = ORIENTED_EDGE ( 'NONE', *, *, #4295, .T. ) ;
#1583 = ORIENTED_EDGE ( 'NONE', *, *, #3295, .F. ) ;
#1584 = ORIENTED_EDGE ( 'NONE', *, *, #3490, .T. ) ;
#1585 = LINE ( 'NONE', #1134, #2669 ) ;
#1586 = DIRECTION ( 'NONE',  ( 0.000000000000000000, -1.000000000000000000, 0.000000000000000000 ) ) ;
#1587 = EDGE_LOOP ( 'NONE', ( #4640, #1180, #2545, #4689 ) ) ;
#1588 = CARTESIAN_POINT ( 'NONE',  ( 0.000000000000000000, 32.50000000000000711, 10.00000000000000000 ) ) ;
#1589 = LINE ( 'NONE', #140, #5899 ) ;
#1590 = CARTESIAN_POINT ( 'NONE',  ( -79.30000000000002558, -5.599999999999994316, 10.00000000000000000 ) ) ;
#1591 = ORIENTED_EDGE ( 'NONE', *, *, #5978, .F. ) ;
#1592 = ORIENTED_EDGE ( 'NONE', *, *, #4147, .T. ) ;
#1593 = VERTEX_POINT ( 'NONE', #4045 ) ;
#1594 = DIRECTION ( 'NONE',  ( 1.000000000000000000, 1.119176436114072191E-15, 0.000000000000000000 ) ) ;
#1595 = CARTESIAN_POINT ( 'NONE',  ( 72.89999999999999147, -9.067140075112090969, 10.00000000000000000 ) ) ;
#1596 = AXIS2_PLACEMENT_3D ( 'NONE', #4973, #2188, #4399 ) ;
#1597 = CARTESIAN_POINT ( 'NONE',  ( 58.17639918272502086, 0.000000000000000000, 9.000000000000000000 ) ) ;
#1598 = EDGE_CURVE ( 'NONE', #4875, #185, #2256, .T. ) ;
#1599 = DIRECTION ( 'NONE',  ( -1.000000000000000000, 0.000000000000000000, 0.000000000000000000 ) ) ;
#1600 = DIRECTION ( 'NONE',  ( -0.000000000000000000, 0.000000000000000000, 1.000000000000000000 ) ) ;
#1601 = VECTOR ( 'NONE', #1221, 1000.000000000000000 ) ;
#1602 = CIRCLE ( 'NONE', #1984, 1.549999999999995826 ) ;
#1603 = EDGE_CURVE ( 'NONE', #5569, #5599, #1326, .T. ) ;
#1604 = EDGE_CURVE ( 'NONE', #1640, #4035, #1652, .T. ) ;
#1605 = VECTOR ( 'NONE', #2703, 1000.000000000000000 ) ;
#1606 = EDGE_LOOP ( 'NONE', ( #1707, #1458, #1547, #4229 ) ) ;
#1607 = DIRECTION ( 'NONE',  ( 1.000000000000000000, 0.000000000000000000, 0.000000000000000000 ) ) ;
#1608 = VECTOR ( 'NONE', #2071, 1000.000000000000000 ) ;
#1609 = VECTOR ( 'NONE', #2176, 1000.000000000000000 ) ;
#1610 = DIRECTION ( 'NONE',  ( 0.000000000000000000, -0.000000000000000000, 1.000000000000000000 ) ) ;
#1611 = EDGE_LOOP ( 'NONE', ( #2675, #3616, #4849, #1274 ) ) ;
#1612 = DIRECTION ( 'NONE',  ( 1.000000000000000000, 0.000000000000000000, 0.000000000000000000 ) ) ;
#1613 = CARTESIAN_POINT ( 'NONE',  ( 72.89999999999999147, 6.132859924887911873, 0.000000000000000000 ) ) ;
#1614 = ORIENTED_EDGE ( 'NONE', *, *, #3667, .T. ) ;
#1615 = VECTOR ( 'NONE', #2682, 1000.000000000000000 ) ;
#1616 = VECTOR ( 'NONE', #4799, 1000.000000000000000 ) ;
#1617 = VERTEX_POINT ( 'NONE', #2711 ) ;
#1618 = VERTEX_POINT ( 'NONE', #3168 ) ;
#1619 = DIRECTION ( 'NONE',  ( -0.000000000000000000, -0.000000000000000000, -1.000000000000000000 ) ) ;
#1620 = DIRECTION ( 'NONE',  ( 0.000000000000000000, 0.000000000000000000, 1.000000000000000000 ) ) ;
#1621 = EDGE_LOOP ( 'NONE', ( #1993, #5733, #3524, #385 ) ) ;
#1622 = DIRECTION ( 'NONE',  ( -0.000000000000000000, 0.000000000000000000, 1.000000000000000000 ) ) ;
#1623 = FACE_OUTER_BOUND ( 'NONE', #2581, .T. ) ;
#1624 = LINE ( 'NONE', #4789, #3113 ) ;
#1625 = ORIENTED_EDGE ( 'NONE', *, *, #583, .T. ) ;
#1626 = VERTEX_POINT ( 'NONE', #2586 ) ;
#1627 = AXIS2_PLACEMENT_3D ( 'NONE', #5019, #5802, #5441 ) ;
#1628 = VECTOR ( 'NONE', #2980, 1000.000000000000000 ) ;
#1629 = ORIENTED_EDGE ( 'NONE', *, *, #4526, .F. ) ;
#1630 = PLANE ( 'NONE',  #1345 ) ;
#1631 = LINE ( 'NONE', #3928, #2897 ) ;
#1632 = VERTEX_POINT ( 'NONE', #879 ) ;
#1633 = LINE ( 'NONE', #3175, #3654 ) ;
#1634 = CARTESIAN_POINT ( 'NONE',  ( 74.39999999999999147, 8.100000000000001421, 0.000000000000000000 ) ) ;
#1635 = DIRECTION ( 'NONE',  ( 1.000000000000000000, 0.000000000000000000, 0.000000000000000000 ) ) ;
#1636 = LINE ( 'NONE', #2144, #2674 ) ;
#1637 = EDGE_CURVE ( 'NONE', #828, #2511, #4440, .T. ) ;
#1638 = DIRECTION ( 'NONE',  ( 1.000000000000000000, 0.000000000000000000, 0.000000000000000000 ) ) ;
#1639 = CARTESIAN_POINT ( 'NONE',  ( -50.00000000000001421, -22.49999999999998934, 0.000000000000000000 ) ) ;
#1640 = VERTEX_POINT ( 'NONE', #2131 ) ;
#1641 = CARTESIAN_POINT ( 'NONE',  ( 80.00000000000001421, 15.00000000000000000, 10.00000000000000000 ) ) ;
#1642 = CARTESIAN_POINT ( 'NONE',  ( 89.06714007511207853, -8.100000000000003197, 10.00000000000000000 ) ) ;
#1643 = EDGE_CURVE ( 'NONE', #3528, #3189, #3986, .T. ) ;
#1644 = ORIENTED_EDGE ( 'NONE', *, *, #1275, .T. ) ;
#1645 = VECTOR ( 'NONE', #4644, 1000.000000000000000 ) ;
#1646 = ORIENTED_EDGE ( 'NONE', *, *, #3652, .T. ) ;
#1647 = VERTEX_POINT ( 'NONE', #1680 ) ;
#1648 = PLANE ( 'NONE',  #2460 ) ;
#1649 = FACE_OUTER_BOUND ( 'NONE', #5752, .T. ) ;
#1650 = ORIENTED_EDGE ( 'NONE', *, *, #2654, .T. ) ;
#1651 = DIRECTION ( 'NONE',  ( -0.000000000000000000, -0.000000000000000000, 1.000000000000000000 ) ) ;
#1652 = LINE ( 'NONE', #2220, #5638 ) ;
#1653 = FACE_OUTER_BOUND ( 'NONE', #2969, .T. ) ;
#1654 = ORIENTED_EDGE ( 'NONE', *, *, #5016, .T. ) ;
#1655 = EDGE_CURVE ( 'NONE', #2172, #3614, #5368, .T. ) ;
#1656 = EDGE_LOOP ( 'NONE', ( #439, #3461, #1942, #2001 ) ) ;
#1657 = VECTOR ( 'NONE', #4790, 1000.000000000000000 ) ;
#1658 = ORIENTED_EDGE ( 'NONE', *, *, #4348, .F. ) ;
#1659 = DIRECTION ( 'NONE',  ( 0.000000000000000000, 1.000000000000000000, -0.000000000000000000 ) ) ;
#1660 = CARTESIAN_POINT ( 'NONE',  ( 87.09999999999998010, 9.067140075112090969, 0.000000000000000000 ) ) ;
#1661 = DIRECTION ( 'NONE',  ( 1.000000000000000000, 0.000000000000000000, 0.000000000000000000 ) ) ;
#1662 = ORIENTED_EDGE ( 'NONE', *, *, #2599, .F. ) ;
#1663 = ORIENTED_EDGE ( 'NONE', *, *, #3773, .F. ) ;
#1664 = DIRECTION ( 'NONE',  ( 1.000000000000000000, 0.000000000000000000, 0.000000000000000000 ) ) ;
#1665 = CARTESIAN_POINT ( 'NONE',  ( 72.89999999999999147, -5.600000000000000533, 10.00000000000000000 ) ) ;
#1666 = DIRECTION ( 'NONE',  ( 1.000000000000000000, 0.000000000000000000, 0.000000000000000000 ) ) ;
#1667 = CYLINDRICAL_SURFACE ( 'NONE', #5279, 8.500000000000000000 ) ;
#1668 = VECTOR ( 'NONE', #637, 1000.000000000000114 ) ;
#1669 = CARTESIAN_POINT ( 'NONE',  ( 71.89999999999999147, -9.067140075112090969, 10.00000000000000000 ) ) ;
#1670 = VERTEX_POINT ( 'NONE', #4917 ) ;
#1671 = DIRECTION ( 'NONE',  ( -0.000000000000000000, -0.000000000000000000, 1.000000000000000000 ) ) ;
#1672 = APPLICATION_PROTOCOL_DEFINITION ( 'draft international standard', 'automotive_design', 1998, #2498 ) ;
#1673 = ORIENTED_EDGE ( 'NONE', *, *, #4576, .F. ) ;
#1674 = VERTEX_POINT ( 'NONE', #3526 ) ;
#1675 = ORIENTED_EDGE ( 'NONE', *, *, #3324, .F. ) ;
#1676 = DIRECTION ( 'NONE',  ( 0.000000000000000000, -0.000000000000000000, 1.000000000000000000 ) ) ;
#1677 = CARTESIAN_POINT ( 'NONE',  ( -67.99305421544659112, -23.00000000000000000, 1.000000000000000888 ) ) ;
#1678 = ORIENTED_EDGE ( 'NONE', *, *, #3750, .F. ) ;
#1679 = LINE ( 'NONE', #3072, #1615 ) ;
#1680 = CARTESIAN_POINT ( 'NONE',  ( 59.00000000000000000, -22.41619848709568785, 0.000000000000000000 ) ) ;
#1681 = CARTESIAN_POINT ( 'NONE',  ( 89.59999999999998010, -7.100000000000002309, 0.000000000000000000 ) ) ;
#1682 = EDGE_CURVE ( 'NONE', #2873, #4197, #1784, .T. ) ;
#1683 = EDGE_LOOP ( 'NONE', ( #5298, #22, #2924, #275 ) ) ;
#1684 = VERTEX_POINT ( 'NONE', #3104 ) ;
#1685 = EDGE_CURVE ( 'NONE', #6, #566, #345, .T. ) ;
#1686 = ADVANCED_FACE ( 'NONE', ( #1011 ), #962, .F. ) ;
#1687 = ORIENTED_EDGE ( 'NONE', *, *, #2603, .T. ) ;
#1688 = CYLINDRICAL_SURFACE ( 'NONE', #2770, 1.549999999999968070 ) ;
#1689 = AXIS2_PLACEMENT_3D ( 'NONE', #3302, #5514, #1407 ) ;
#1690 = CARTESIAN_POINT ( 'NONE',  ( 0.000000000000000000, -9.600000000000001421, 10.00000000000000000 ) ) ;
#1691 = FACE_OUTER_BOUND ( 'NONE', #1276, .T. ) ;
#1692 = ORIENTED_EDGE ( 'NONE', *, *, #5933, .T. ) ;
#1693 = ORIENTED_EDGE ( 'NONE', *, *, #829, .T. ) ;
#1694 = DIRECTION ( 'NONE',  ( 1.000000000000000000, 0.000000000000000000, 0.000000000000000000 ) ) ;
#1695 = DIRECTION ( 'NONE',  ( -0.000000000000000000, -0.000000000000000000, -1.000000000000000000 ) ) ;
#1696 = VECTOR ( 'NONE', #5827, 1000.000000000000000 ) ;
#1697 = EDGE_CURVE ( 'NONE', #4443, #3992, #3220, .T. ) ;
#1698 = CYLINDRICAL_SURFACE ( 'NONE', #3930, 1.750000000000001554 ) ;
#1699 = DIRECTION ( 'NONE',  ( 1.000000000000000000, 0.000000000000000000, 0.000000000000000000 ) ) ;
#1700 = EDGE_LOOP ( 'NONE', ( #5048, #2767, #3841, #311 ) ) ;
#1701 = AXIS2_PLACEMENT_3D ( 'NONE', #4784, #3952, #4876 ) ;
#1702 = DIRECTION ( 'NONE',  ( -1.000000000000000000, 0.000000000000000000, 0.000000000000000000 ) ) ;
#1703 = PRODUCT_CONTEXT ( 'NONE', #1158, 'mechanical' ) ;
#1704 = ORIENTED_EDGE ( 'NONE', *, *, #2860, .T. ) ;
#1705 = VECTOR ( 'NONE', #4769, 1000.000000000000000 ) ;
#1706 = AXIS2_PLACEMENT_3D ( 'NONE', #589, #2418, #3275 ) ;
#1707 = ORIENTED_EDGE ( 'NONE', *, *, #218, .F. ) ;
#1708 = VECTOR ( 'NONE', #3204, 1000.000000000000000 ) ;
#1709 = ORIENTED_EDGE ( 'NONE', *, *, #4195, .F. ) ;
#1710 = DIRECTION ( 'NONE',  ( -1.000000000000000000, 0.000000000000000000, 0.000000000000000000 ) ) ;
#1711 = DIRECTION ( 'NONE',  ( 1.000000000000000000, 1.678764654171138165E-15, 0.000000000000000000 ) ) ;
#1712 = EDGE_LOOP ( 'NONE', ( #2935, #279, #5005, #1383, #3951, #2222, #1675, #4444, #2663, #4708, #585, #4270, #3498, #54, #1348, #2729 ) ) ;
#1713 = DIRECTION ( 'NONE',  ( 0.000000000000000000, 1.000000000000000000, 0.000000000000000000 ) ) ;
#1714 = CIRCLE ( 'NONE', #1233, 1.549999999999968070 ) ;
#1715 = DIRECTION ( 'NONE',  ( 1.000000000000000000, 0.000000000000000000, 0.000000000000000000 ) ) ;
#1716 = FACE_OUTER_BOUND ( 'NONE', #4499, .T. ) ;
#1717 = AXIS2_PLACEMENT_3D ( 'NONE', #5367, #5888, #5795 ) ;
#1718 = VECTOR ( 'NONE', #2262, 1000.000000000000000 ) ;
#1719 = ORIENTED_EDGE ( 'NONE', *, *, #2977, .F. ) ;
#1720 = EDGE_CURVE ( 'NONE', #1886, #5496, #4612, .T. ) ;
#1721 = VECTOR ( 'NONE', #5308, 1000.000000000000000 ) ;
#1722 = ORIENTED_EDGE ( 'NONE', *, *, #1357, .T. ) ;
#1723 = DIRECTION ( 'NONE',  ( 0.000000000000000000, 1.000000000000000000, 0.000000000000000000 ) ) ;
#1724 = DIRECTION ( 'NONE',  ( -1.000000000000000000, 0.000000000000000000, 0.000000000000000000 ) ) ;
#1725 = FACE_OUTER_BOUND ( 'NONE', #1259, .T. ) ;
#1726 = ADVANCED_FACE ( 'NONE', ( #5036 ), #3650, .F. ) ;
#1727 = EDGE_CURVE ( 'NONE', #1154, #2307, #930, .T. ) ;
#1728 = EDGE_LOOP ( 'NONE', ( #3008, #3036, #471, #3540 ) ) ;
#1729 = ORIENTED_EDGE ( 'NONE', *, *, #2821, .F. ) ;
#1730 = CARTESIAN_POINT ( 'NONE',  ( -0.000000000000000000, 9.600000000000003197, 0.000000000000000000 ) ) ;
#1731 = EDGE_CURVE ( 'NONE', #310, #4473, #4662, .T. ) ;
#1732 = DIRECTION ( 'NONE',  ( 0.000000000000000000, 0.000000000000000000, 1.000000000000000000 ) ) ;
#1733 = LINE ( 'NONE', #3696, #3440 ) ;
#1734 = ORIENTED_EDGE ( 'NONE', *, *, #3607, .T. ) ;
#1735 = DIRECTION ( 'NONE',  ( -0.000000000000000000, -0.000000000000000000, -1.000000000000000000 ) ) ;
#1736 = VERTEX_POINT ( 'NONE', #2761 ) ;
#1737 = EDGE_CURVE ( 'NONE', #1188, #4360, #5493, .T. ) ;
#1738 = EDGE_LOOP ( 'NONE', ( #1844, #4592, #497, #4959 ) ) ;
#1739 = VERTEX_POINT ( 'NONE', #81 ) ;
#1740 = FACE_OUTER_BOUND ( 'NONE', #4553, .T. ) ;
#1741 = DIRECTION ( 'NONE',  ( -1.000000000000000000, 0.000000000000000000, 0.000000000000000000 ) ) ;
#1742 = ORIENTED_EDGE ( 'NONE', *, *, #1929, .T. ) ;
#1743 = LINE ( 'NONE', #4879, #1902 ) ;
#1744 = DIRECTION ( 'NONE',  ( 1.000000000000000000, -1.678764654171108188E-15, 0.000000000000000000 ) ) ;
#1745 = DIRECTION ( 'NONE',  ( 0.000000000000000000, 0.000000000000000000, 1.000000000000000000 ) ) ;
#1746 = VERTEX_POINT ( 'NONE', #2246 ) ;
#1747 = AXIS2_PLACEMENT_3D ( 'NONE', #4589, #2798, #2853 ) ;
#1748 = EDGE_LOOP ( 'NONE', ( #4182, #1098 ) ) ;
#1749 = DIRECTION ( 'NONE',  ( 0.000000000000000000, 0.000000000000000000, 1.000000000000000000 ) ) ;
#1750 = FACE_OUTER_BOUND ( 'NONE', #1109, .T. ) ;
#1751 = AXIS2_PLACEMENT_3D ( 'NONE', #503, #5061, #4135 ) ;
#1752 = FACE_OUTER_BOUND ( 'NONE', #2213, .T. ) ;
#1753 = CYLINDRICAL_SURFACE ( 'NONE', #4029, 1.549999999999968070 ) ;
#1754 = ADVANCED_FACE ( 'NONE', ( #5572 ), #3277, .T. ) ;
#1755 = ORIENTED_EDGE ( 'NONE', *, *, #2642, .F. ) ;
#1756 = ORIENTED_EDGE ( 'NONE', *, *, #4844, .T. ) ;
#1757 = PLANE ( 'NONE',  #4417 ) ;
#1758 = EDGE_CURVE ( 'NONE', #5643, #4510, #1883, .T. ) ;
#1759 = EDGE_CURVE ( 'NONE', #2831, #1617, #2737, .T. ) ;
#1760 = CARTESIAN_POINT ( 'NONE',  ( -81.26714007511213822, -8.099999999999996092, 10.00000000000000000 ) ) ;
#1761 = DIRECTION ( 'NONE',  ( 1.000000000000000000, 0.000000000000000000, 0.000000000000000000 ) ) ;
#1762 = ORIENTED_EDGE ( 'NONE', *, *, #5040, .T. ) ;
#1763 = VECTOR ( 'NONE', #4441, 1000.000000000000000 ) ;
#1764 = CARTESIAN_POINT ( 'NONE',  ( 88.09999999999998010, -6.132859924887913650, 10.00000000000000000 ) ) ;
#1765 = VERTEX_POINT ( 'NONE', #531 ) ;
#1766 = VECTOR ( 'NONE', #1956, 1000.000000000000000 ) ;
#1767 = EDGE_LOOP ( 'NONE', ( #3499, #2190, #5263, #3305 ) ) ;
#1768 = EDGE_LOOP ( 'NONE', ( #5911, #3208, #156, #1338 ) ) ;
#1769 = CARTESIAN_POINT ( 'NONE',  ( -52.75318380357698089, 15.00000000000000000, 10.00000000000000000 ) ) ;
#1770 = DIRECTION ( 'NONE',  ( -0.000000000000000000, -0.000000000000000000, -1.000000000000000000 ) ) ;
#1771 = EDGE_LOOP ( 'NONE', ( #4606, #916, #1065, #1446 ) ) ;
#1772 = DIRECTION ( 'NONE',  ( -0.000000000000000000, -0.000000000000000000, -1.000000000000000000 ) ) ;
#1773 = CARTESIAN_POINT ( 'NONE',  ( 94.65798675386804462, -14.65798675386807304, 0.6579867538679302630 ) ) ;
#1774 = DIRECTION ( 'NONE',  ( -0.000000000000000000, -0.000000000000000000, -1.000000000000000000 ) ) ;
#1775 = VECTOR ( 'NONE', #4936, 1000.000000000000000 ) ;
#1776 = VERTEX_POINT ( 'NONE', #4102 ) ;
#1777 = ADVANCED_FACE ( 'NONE', ( #2359 ), #502, .F. ) ;
#1778 = VERTEX_POINT ( 'NONE', #5148 ) ;
#1779 = FACE_OUTER_BOUND ( 'NONE', #3505, .T. ) ;
#1780 = DIRECTION ( 'NONE',  ( -0.000000000000000000, -0.000000000000000000, -1.000000000000000000 ) ) ;
#1781 = CARTESIAN_POINT ( 'NONE',  ( -94.80000000000002558, 0.000000000000000000, 10.00000000000000000 ) ) ;
#1782 = DIRECTION ( 'NONE',  ( 1.541976423090500317E-16, -1.000000000000000000, 0.000000000000000000 ) ) ;
#1783 = ORIENTED_EDGE ( 'NONE', *, *, #1455, .F. ) ;
#1784 = CIRCLE ( 'NONE', #4585, 14.99999999999995737 ) ;
#1785 = ORIENTED_EDGE ( 'NONE', *, *, #3748, .T. ) ;
#1786 = VECTOR ( 'NONE', #4194, 1000.000000000000000 ) ;
#1787 = DIRECTION ( 'NONE',  ( 1.000000000000000000, 0.000000000000000000, -0.000000000000000000 ) ) ;
#1788 = EDGE_CURVE ( 'NONE', #5474, #5701, #2659, .T. ) ;
#1789 = DIRECTION ( 'NONE',  ( -0.000000000000000000, -0.000000000000000000, -1.000000000000000000 ) ) ;
#1790 = DIRECTION ( 'NONE',  ( -1.000000000000000000, 0.000000000000000000, 0.000000000000000000 ) ) ;
#1791 = ORIENTED_EDGE ( 'NONE', *, *, #5132, .T. ) ;
#1792 = LINE ( 'NONE', #5484, #5928 ) ;
#1793 = ADVANCED_FACE ( 'NONE', ( #5945 ), #4213, .T. ) ;
#1794 = VERTEX_POINT ( 'NONE', #2274 ) ;
#1795 = EDGE_CURVE ( 'NONE', #2610, #1368, #4134, .T. ) ;
#1796 = ORIENTED_EDGE ( 'NONE', *, *, #316, .F. ) ;
#1797 = AXIS2_PLACEMENT_3D ( 'NONE', #5057, #5006, #3647 ) ;
#1798 = DIRECTION ( 'NONE',  ( 1.000000000000000000, 0.000000000000000000, 0.000000000000000000 ) ) ;
#1799 = CARTESIAN_POINT ( 'NONE',  ( 72.89999999999999147, -5.600000000000000533, 10.00000000000000000 ) ) ;
#1800 = DIRECTION ( 'NONE',  ( -1.000000000000000000, 0.000000000000000000, 0.000000000000000000 ) ) ;
#1801 = DIRECTION ( 'NONE',  ( 0.000000000000000000, -0.000000000000000000, 1.000000000000000000 ) ) ;
#1802 = DIRECTION ( 'NONE',  ( -0.000000000000000000, 0.000000000000000000, 1.000000000000000000 ) ) ;
#1803 = CIRCLE ( 'NONE', #3148, 1.549999999999995826 ) ;
#1804 = ORIENTED_EDGE ( 'NONE', *, *, #4630, .T. ) ;
#1805 = AXIS2_PLACEMENT_3D ( 'NONE', #4132, #1378, #3675 ) ;
#1806 = VECTOR ( 'NONE', #186, 1000.000000000000000 ) ;
#1807 = EDGE_CURVE ( 'NONE', #3428, #4493, #1380, .T. ) ;
#1808 = VECTOR ( 'NONE', #3868, 1000.000000000000000 ) ;
#1809 = ORIENTED_EDGE ( 'NONE', *, *, #2652, .T. ) ;
#1810 = FACE_OUTER_BOUND ( 'NONE', #1970, .T. ) ;
#1811 = LINE ( 'NONE', #88, #5664 ) ;
#1812 = AXIS2_PLACEMENT_3D ( 'NONE', #4513, #1787, #3604 ) ;
#1813 = DIRECTION ( 'NONE',  ( 0.000000000000000000, 0.000000000000000000, 1.000000000000000000 ) ) ;
#1814 = CYLINDRICAL_SURFACE ( 'NONE', #528, 1.750000000000001554 ) ;
#1815 = VECTOR ( 'NONE', #5451, 1000.000000000000000 ) ;
#1816 = VERTEX_POINT ( 'NONE', #5292 ) ;
#1817 = VECTOR ( 'NONE', #967, 1000.000000000000000 ) ;
#1818 = CONICAL_SURFACE ( 'NONE', #5190, 9.500000000000008882, 0.7853981633974482790 ) ;
#1819 = EDGE_LOOP ( 'NONE', ( #1734, #351, #1320, #4893 ) ) ;
#1820 = CARTESIAN_POINT ( 'NONE',  ( 65.32699331784371566, 14.51499053018349805, 9.326993317843662368 ) ) ;
#1821 = AXIS2_PLACEMENT_3D ( 'NONE', #1190, #3515, #4937 ) ;
#1822 = AXIS2_PLACEMENT_3D ( 'NONE', #3202, #4167, #5608 ) ;
#1823 = CARTESIAN_POINT ( 'NONE',  ( 80.00000000000001421, 15.00000000000000000, 8.999999999999996447 ) ) ;
#1824 = CARTESIAN_POINT ( 'NONE',  ( 49.99999999999998579, -22.49999999999998934, 10.00000000000000000 ) ) ;
#1825 = EDGE_LOOP ( 'NONE', ( #2312, #5332, #2931, #3260 ) ) ;
#1826 = DIRECTION ( 'NONE',  ( -1.000000000000000000, 0.000000000000000000, 0.000000000000000000 ) ) ;
#1827 = ORIENTED_EDGE ( 'NONE', *, *, #1082, .F. ) ;
#1828 = EDGE_CURVE ( 'NONE', #2069, #3130, #2986, .T. ) ;
#1829 = ORIENTED_EDGE ( 'NONE', *, *, #768, .F. ) ;
#1830 = EDGE_CURVE ( 'NONE', #782, #5344, #3624, .T. ) ;
#1831 = CARTESIAN_POINT ( 'NONE',  ( 89.06714007511207853, 7.100000000000002309, 10.00000000000000000 ) ) ;
#1832 = FACE_OUTER_BOUND ( 'NONE', #4772, .T. ) ;
#1833 = CARTESIAN_POINT ( 'NONE',  ( -79.30000000000002558, 5.599999999999996980, 10.00000000000000000 ) ) ;
#1834 = CARTESIAN_POINT ( 'NONE',  ( -94.80000000000002558, 0.000000000000000000, 10.00000000000000000 ) ) ;
#1835 = CARTESIAN_POINT ( 'NONE',  ( 65.00000000000004263, -15.00000000000000000, 8.999999999999996447 ) ) ;
#1836 = VERTEX_POINT ( 'NONE', #1183 ) ;
#1837 = EDGE_LOOP ( 'NONE', ( #1551, #1923, #4064, #2593 ) ) ;
#1838 = CARTESIAN_POINT ( 'NONE',  ( 72.39999999999999147, 7.600000000000000533, 10.00000000000000000 ) ) ;
#1839 = DIRECTION ( 'NONE',  ( -0.000000000000000000, -0.000000000000000000, -1.000000000000000000 ) ) ;
#1840 = CARTESIAN_POINT ( 'NONE',  ( 87.59999999999998010, 7.600000000000002309, 0.000000000000000000 ) ) ;
#1841 = CARTESIAN_POINT ( 'NONE',  ( -49.99999999999994316, -32.49999999999998579, 1.000000000000000888 ) ) ;
#1842 = EDGE_CURVE ( 'NONE', #4717, #3911, #1636, .T. ) ;
#1843 = ORIENTED_EDGE ( 'NONE', *, *, #281, .F. ) ;
#1844 = ORIENTED_EDGE ( 'NONE', *, *, #3521, .F. ) ;
#1845 = DIRECTION ( 'NONE',  ( -0.000000000000000000, -0.000000000000000000, -1.000000000000000000 ) ) ;
#1846 = DIRECTION ( 'NONE',  ( 1.000000000000000000, 0.000000000000000000, 0.000000000000000000 ) ) ;
#1847 = VECTOR ( 'NONE', #574, 1000.000000000000000 ) ;
#1848 = DIRECTION ( 'NONE',  ( 0.000000000000000000, -0.000000000000000000, -1.000000000000000000 ) ) ;
#1849 = DIRECTION ( 'NONE',  ( -0.000000000000000000, -0.000000000000000000, -1.000000000000000000 ) ) ;
#1850 = ORIENTED_EDGE ( 'NONE', *, *, #5075, .T. ) ;
#1851 = EDGE_LOOP ( 'NONE', ( #4487, #4220, #293, #1646 ) ) ;
#1852 = DIRECTION ( 'NONE',  ( 0.000000000000000000, -0.000000000000000000, 1.000000000000000000 ) ) ;
#1853 = DIRECTION ( 'NONE',  ( -0.000000000000000000, -0.000000000000000000, -1.000000000000000000 ) ) ;
#1854 = LINE ( 'NONE', #442, #4997 ) ;
#1855 = CARTESIAN_POINT ( 'NONE',  ( -58.99652710772330266, -22.74999999999999289, 0.000000000000000000 ) ) ;
#1856 = CARTESIAN_POINT ( 'NONE',  ( -66.82360081727497914, 9.500000000000001776, 0.000000000000000000 ) ) ;
#1857 = ORIENTED_EDGE ( 'NONE', *, *, #4919, .F. ) ;
#1858 = VECTOR ( 'NONE', #5853, 1000.000000000000000 ) ;
#1859 = ORIENTED_EDGE ( 'NONE', *, *, #127, .F. ) ;
#1860 = EDGE_CURVE ( 'NONE', #566, #5400, #2565, .T. ) ;
#1861 = CARTESIAN_POINT ( 'NONE',  ( 2.636951945366900340E-14, 8.099999999999742073, 0.000000000000000000 ) ) ;
#1862 = FACE_OUTER_BOUND ( 'NONE', #4736, .T. ) ;
#1863 = LINE ( 'NONE', #5548, #1268 ) ;
#1864 = CARTESIAN_POINT ( 'NONE',  ( 67.99999999999998579, 22.41619848709568785, 0.000000000000000000 ) ) ;
#1865 = CIRCLE ( 'NONE', #4378, 15.00000000000000000 ) ;
#1866 = EDGE_CURVE ( 'NONE', #32, #4981, #4452, .T. ) ;
#1867 = ORIENTED_EDGE ( 'NONE', *, *, #63, .F. ) ;
#1868 = ADVANCED_FACE ( 'NONE', ( #5323 ), #1215, .F. ) ;
#1869 = ORIENTED_EDGE ( 'NONE', *, *, #1685, .T. ) ;
#1870 = CARTESIAN_POINT ( 'NONE',  ( 58.17639918272502086, 9.500000000000001776, 0.000000000000000000 ) ) ;
#1871 = CIRCLE ( 'NONE', #5253, 13.99999999999999822 ) ;
#1872 = LINE ( 'NONE', #3121, #760 ) ;
#1873 = CARTESIAN_POINT ( 'NONE',  ( 49.99999999999998579, -22.49999999999998934, 1.000000000000000888 ) ) ;
#1874 = CARTESIAN_POINT ( 'NONE',  ( 87.09999999999998010, -9.067140075112090969, 10.00000000000000000 ) ) ;
#1875 = AXIS2_PLACEMENT_3D ( 'NONE', #4946, #3731, #3759 ) ;
#1876 = CARTESIAN_POINT ( 'NONE',  ( -77.80000000000002558, -7.099999999999995204, 10.00000000000000000 ) ) ;
#1877 = EDGE_CURVE ( 'NONE', #4935, #1776, #3017, .T. ) ;
#1878 = ORIENTED_EDGE ( 'NONE', *, *, #3390, .T. ) ;
#1879 = CARTESIAN_POINT ( 'NONE',  ( 71.89999999999999147, 9.067140075112089193, 0.000000000000000000 ) ) ;
#1880 = ORIENTED_EDGE ( 'NONE', *, *, #3615, .T. ) ;
#1881 = CARTESIAN_POINT ( 'NONE',  ( 72.39999999999999147, 7.600000000000000533, 10.00000000000000000 ) ) ;
#1882 = CARTESIAN_POINT ( 'NONE',  ( -67.99305421544660533, 23.00000000000000000, 10.00000000000000000 ) ) ;
#1883 = LINE ( 'NONE', #1355, #2925 ) ;
#1884 = LINE ( 'NONE', #2879, #4593 ) ;
#1885 = ORIENTED_EDGE ( 'NONE', *, *, #96, .T. ) ;
#1886 = VERTEX_POINT ( 'NONE', #3785 ) ;
#1887 = DIRECTION ( 'NONE',  ( -0.000000000000000000, 0.000000000000000000, 1.000000000000000000 ) ) ;
#1888 = DIRECTION ( 'NONE',  ( 0.000000000000000000, 0.7071067811865474617, 0.7071067811865474617 ) ) ;
#1889 = CARTESIAN_POINT ( 'NONE',  ( 0.000000000000000000, -8.100000000000003197, 10.00000000000000000 ) ) ;
#1890 = CARTESIAN_POINT ( 'NONE',  ( -59.99614123080367278, 22.77777777777778212, 9.000000000000010658 ) ) ;
#1891 = EDGE_CURVE ( 'NONE', #3223, #1816, #4865, .T. ) ;
#1892 = ORIENTED_EDGE ( 'NONE', *, *, #3304, .F. ) ;
#1893 = EDGE_CURVE ( 'NONE', #787, #913, #4000, .T. ) ;
#1894 = AXIS2_PLACEMENT_3D ( 'NONE', #920, #1314, #4120 ) ;
#1895 = CONICAL_SURFACE ( 'NONE', #4217, 9.000000000000021316, 0.7853981633974613796 ) ;
#1896 = VECTOR ( 'NONE', #1586, 1000.000000000000000 ) ;
#1897 = EDGE_CURVE ( 'NONE', #185, #78, #1966, .T. ) ;
#1898 = ORIENTED_EDGE ( 'NONE', *, *, #3490, .F. ) ;
#1899 = VECTOR ( 'NONE', #4381, 1000.000000000000000 ) ;
#1900 = EDGE_CURVE ( 'NONE', #3640, #881, #5809, .T. ) ;
#1901 = DIRECTION ( 'NONE',  ( -0.000000000000000000, -0.000000000000000000, -1.000000000000000000 ) ) ;
#1902 = VECTOR ( 'NONE', #755, 999.9999999999998863 ) ;
#1903 = AXIS2_PLACEMENT_3D ( 'NONE', #1823, #2752, #4118 ) ;
#1904 = CARTESIAN_POINT ( 'NONE',  ( 71.89999999999999147, 9.067140075112089193, 10.00000000000000000 ) ) ;
#1905 = DIRECTION ( 'NONE',  ( -0.000000000000000000, -0.000000000000000000, 1.000000000000000000 ) ) ;
#1906 = DIRECTION ( 'NONE',  ( 1.000000000000000000, 0.000000000000000000, 0.000000000000000000 ) ) ;
#1907 = EDGE_CURVE ( 'NONE', #169, #5854, #5352, .T. ) ;
#1908 = EDGE_LOOP ( 'NONE', ( #3892, #5416, #4786, #715, #1193, #2345, #1614, #4574, #5759, #3174, #2414, #3762, #2051, #4277, #4861, #3655 ) ) ;
#1909 = LINE ( 'NONE', #2812, #456 ) ;
#1910 = ORIENTED_EDGE ( 'NONE', *, *, #2618, .T. ) ;
#1911 = LINE ( 'NONE', #2843, #3250 ) ;
#1912 = DIRECTION ( 'NONE',  ( 0.000000000000000000, 1.000000000000000000, -0.000000000000000000 ) ) ;
#1913 = DIRECTION ( 'NONE',  ( -0.000000000000000000, 0.000000000000000000, 1.000000000000000000 ) ) ;
#1914 = DIRECTION ( 'NONE',  ( 1.000000000000000000, 2.120217581749432225E-14, 0.000000000000000000 ) ) ;
#1915 = EDGE_CURVE ( 'NONE', #5326, #772, #2183, .T. ) ;
#1916 = ORIENTED_EDGE ( 'NONE', *, *, #3707, .T. ) ;
#1917 = VERTEX_POINT ( 'NONE', #248 ) ;
#1918 = CARTESIAN_POINT ( 'NONE',  ( 87.59999999999998010, 7.600000000000002309, 10.00000000000000000 ) ) ;
#1919 = CARTESIAN_POINT ( 'NONE',  ( 94.99999999999997158, -15.00000000000000000, 8.999999999999996447 ) ) ;
#1920 = DIRECTION ( 'NONE',  ( -0.000000000000000000, -0.000000000000000000, 1.000000000000000000 ) ) ;
#1921 = DIRECTION ( 'NONE',  ( -0.000000000000000000, -0.000000000000000000, -1.000000000000000000 ) ) ;
#1922 = LINE ( 'NONE', #5611, #3890 ) ;
#1923 = ORIENTED_EDGE ( 'NONE', *, *, #3748, .F. ) ;
#1924 = ORIENTED_EDGE ( 'NONE', *, *, #3893, .F. ) ;
#1925 = ORIENTED_EDGE ( 'NONE', *, *, #4050, .F. ) ;
#1926 = EDGE_CURVE ( 'NONE', #2573, #294, #5561, .T. ) ;
#1927 = VECTOR ( 'NONE', #4890, 1000.000000000000114 ) ;
#1928 = DIRECTION ( 'NONE',  ( -1.000000000000000000, 0.000000000000000000, 0.000000000000000000 ) ) ;
#1929 = EDGE_CURVE ( 'NONE', #384, #3812, #5839, .T. ) ;
#1930 = LINE ( 'NONE', #2950, #3052 ) ;
#1931 = FACE_OUTER_BOUND ( 'NONE', #4884, .T. ) ;
#1932 = CIRCLE ( 'NONE', #5320, 8.999999999999994671 ) ;
#1933 = CARTESIAN_POINT ( 'NONE',  ( 94.99999999999997158, -14.99999999999999822, 8.999999999999996447 ) ) ;
#1934 = ADVANCED_FACE ( 'NONE', ( #4273 ), #2081, .F. ) ;
#1935 = ORIENTED_EDGE ( 'NONE', *, *, #2350, .T. ) ;
#1936 = CARTESIAN_POINT ( 'NONE',  ( 49.99999999999998579, -22.49999999999998934, 1.000000000000000888 ) ) ;
#1937 = ORIENTED_EDGE ( 'NONE', *, *, #3750, .T. ) ;
#1938 = DIRECTION ( 'NONE',  ( -0.000000000000000000, -0.000000000000000000, -1.000000000000000000 ) ) ;
#1939 = LINE ( 'NONE', #3908, #5577 ) ;
#1940 = CARTESIAN_POINT ( 'NONE',  ( -59.99614123080367989, 22.77777777777778212, 9.000000000000010658 ) ) ;
#1941 = LINE ( 'NONE', #3331, #4069 ) ;
#1942 = ORIENTED_EDGE ( 'NONE', *, *, #1359, .F. ) ;
#1943 = ORIENTED_EDGE ( 'NONE', *, *, #426, .T. ) ;
#1944 = DIRECTION ( 'NONE',  ( -1.000000000000000000, 0.000000000000000000, 0.000000000000000000 ) ) ;
#1945 = DIRECTION ( 'NONE',  ( 0.000000000000000000, 0.7071067811865543451, -0.7071067811865408004 ) ) ;
#1946 = LINE ( 'NONE', #28, #5801 ) ;
#1947 = DIRECTION ( 'NONE',  ( -1.000000000000000000, 0.000000000000000000, 0.000000000000000000 ) ) ;
#1948 = LINE ( 'NONE', #2010, #3207 ) ;
#1949 = ORIENTED_EDGE ( 'NONE', *, *, #3667, .F. ) ;
#1950 = EDGE_CURVE ( 'NONE', #206, #1535, #133, .T. ) ;
#1951 = AXIS2_PLACEMENT_3D ( 'NONE', #976, #2807, #2838 ) ;
#1952 = ORIENTED_EDGE ( 'NONE', *, *, #3091, .F. ) ;
#1953 = ORIENTED_EDGE ( 'NONE', *, *, #695, .T. ) ;
#1954 = CARTESIAN_POINT ( 'NONE',  ( -81.80000000000002558, 7.099999999999993427, 10.00000000000000000 ) ) ;
#1955 = DIRECTION ( 'NONE',  ( 0.7071067811865567876, 0.000000000000000000, -0.7071067811865383579 ) ) ;
#1956 = DIRECTION ( 'NONE',  ( -0.000000000000000000, -0.000000000000000000, -1.000000000000000000 ) ) ;
#1957 = DIRECTION ( 'NONE',  ( -1.000000000000000000, 0.000000000000000000, 0.000000000000000000 ) ) ;
#1958 = EDGE_CURVE ( 'NONE', #3485, #5686, #3810, .T. ) ;
#1959 = EDGE_LOOP ( 'NONE', ( #5656, #1476 ) ) ;
#1960 = AXIS2_PLACEMENT_3D ( 'NONE', #3704, #4692, #1436 ) ;
#1961 = EDGE_CURVE ( 'NONE', #4749, #913, #5659, .T. ) ;
#1962 = DIRECTION ( 'NONE',  ( 0.000000000000000000, -0.000000000000000000, -1.000000000000000000 ) ) ;
#1963 = ORIENTED_EDGE ( 'NONE', *, *, #3774, .T. ) ;
#1964 = DIRECTION ( 'NONE',  ( -1.000000000000000000, 0.000000000000000000, 0.000000000000000000 ) ) ;
#1965 = DIRECTION ( 'NONE',  ( -0.000000000000000000, -0.000000000000000000, -1.000000000000000000 ) ) ;
#1966 = LINE ( 'NONE', #1150, #2947 ) ;
#1967 = CARTESIAN_POINT ( 'NONE',  ( 80.00000000000001421, -15.00000000000000000, 0.000000000000000000 ) ) ;
#1968 = ADVANCED_FACE ( 'NONE', ( #2174 ), #1895, .F. ) ;
#1969 = VERTEX_POINT ( 'NONE', #344 ) ;
#1970 = EDGE_LOOP ( 'NONE', ( #228, #1560, #5725, #1292 ) ) ;
#1971 = CARTESIAN_POINT ( 'NONE',  ( 80.00000000000001421, -15.00000000000000000, 0.000000000000000000 ) ) ;
#1972 = CARTESIAN_POINT ( 'NONE',  ( 94.31220805098152482, -14.31220805098154614, 9.676205066172588687 ) ) ;
#1973 = CARTESIAN_POINT ( 'NONE',  ( -79.80000000000002558, 7.600000000000000533, 10.00000000000000000 ) ) ;
#1974 = DIRECTION ( 'NONE',  ( 1.000000000000000000, 0.000000000000000000, 0.000000000000000000 ) ) ;
#1975 = FACE_OUTER_BOUND ( 'NONE', #5458, .T. ) ;
#1976 = EDGE_CURVE ( 'NONE', #5509, #5910, #4412, .T. ) ;
#1977 = AXIS2_PLACEMENT_3D ( 'NONE', #418, #2619, #2247 ) ;
#1978 = EDGE_LOOP ( 'NONE', ( #4478, #1026, #2422, #1625 ) ) ;
#1979 = ORIENTED_EDGE ( 'NONE', *, *, #1079, .F. ) ;
#1980 = VECTOR ( 'NONE', #4465, 1000.000000000000000 ) ;
#1981 = LINE ( 'NONE', #3374, #5877 ) ;
#1982 = ORIENTED_EDGE ( 'NONE', *, *, #4198, .T. ) ;
#1983 = AXIS2_PLACEMENT_3D ( 'NONE', #803, #5842, #3123 ) ;
#1984 = AXIS2_PLACEMENT_3D ( 'NONE', #1404, #876, #3273 ) ;
#1985 = CIRCLE ( 'NONE', #5961, 7.999999999999992895 ) ;
#1986 = CARTESIAN_POINT ( 'NONE',  ( 94.99999999999997158, 15.00000000000000000, 10.00000000000000000 ) ) ;
#1987 = LINE ( 'NONE', #4326, #5077 ) ;
#1988 = PLANE ( 'NONE',  #1568 ) ;
#1989 = VECTOR ( 'NONE', #1395, 1000.000000000000000 ) ;
#1990 = AXIS2_PLACEMENT_3D ( 'NONE', #833, #3637, #11 ) ;
#1991 = DIRECTION ( 'NONE',  ( 1.000000000000000000, 0.000000000000000000, 0.000000000000000000 ) ) ;
#1992 = VECTOR ( 'NONE', #5601, 1000.000000000000000 ) ;
#1993 = ORIENTED_EDGE ( 'NONE', *, *, #1066, .T. ) ;
#1994 = EDGE_CURVE ( 'NONE', #4026, #5883, #4827, .T. ) ;
#1995 = FACE_OUTER_BOUND ( 'NONE', #2377, .T. ) ;
#1996 = ORIENTED_EDGE ( 'NONE', *, *, #669, .F. ) ;
#1997 = CARTESIAN_POINT ( 'NONE',  ( -81.80000000000002558, 7.099999999999993427, 0.000000000000000000 ) ) ;
#1998 = CARTESIAN_POINT ( 'NONE',  ( -0.000000000000000000, -9.600000000000001421, 0.000000000000000000 ) ) ;
#1999 = DIRECTION ( 'NONE',  ( 1.000000000000000000, 0.000000000000000000, 0.000000000000000000 ) ) ;
#2000 = EDGE_CURVE ( 'NONE', #101, #3197, #3405, .T. ) ;
#2001 = ORIENTED_EDGE ( 'NONE', *, *, #5536, .F. ) ;
#2002 = ADVANCED_FACE ( 'NONE', ( #5735 ), #4286, .F. ) ;
#2003 = CIRCLE ( 'NONE', #180, 8.500000000000007105 ) ;
#2004 = ORIENTED_EDGE ( 'NONE', *, *, #5552, .T. ) ;
#2005 = FACE_OUTER_BOUND ( 'NONE', #4074, .T. ) ;
#2006 = EDGE_LOOP ( 'NONE', ( #4342, #3599, #4547, #906 ) ) ;
#2007 = DIRECTION ( 'NONE',  ( 0.000000000000000000, 0.000000000000000000, -1.000000000000000000 ) ) ;
#2008 = CARTESIAN_POINT ( 'NONE',  ( 87.59999999999998010, 7.600000000000002309, 10.00000000000000000 ) ) ;
#2009 = CARTESIAN_POINT ( 'NONE',  ( -7.444866269159799543, 24.50000000000000000, 10.00000000000000000 ) ) ;
#2010 = CARTESIAN_POINT ( 'NONE',  ( -77.80000000000002558, 0.000000000000000000, 10.00000000000000000 ) ) ;
#2011 = VERTEX_POINT ( 'NONE', #276 ) ;
#2012 = ADVANCED_FACE ( 'NONE', ( #1077 ), #697, .F. ) ;
#2013 = EDGE_LOOP ( 'NONE', ( #5623, #5150, #835, #924, #2774, #557, #5348, #888, #863, #809, #5094, #616, #1629, #4858, #152, #2093 ) ) ;
#2014 = ADVANCED_FACE ( 'NONE', ( #240 ), #3927, .F. ) ;
#2015 = CARTESIAN_POINT ( 'NONE',  ( 86.13285992488789589, -8.100000000000003197, 0.000000000000000000 ) ) ;
#2016 = DIRECTION ( 'NONE',  ( -0.7071067811865474617, 0.000000000000000000, -0.7071067811865474617 ) ) ;
#2017 = ORIENTED_EDGE ( 'NONE', *, *, #4951, .T. ) ;
#2018 = DIRECTION ( 'NONE',  ( 1.000000000000000000, 0.000000000000000000, 0.000000000000000000 ) ) ;
#2019 = FACE_OUTER_BOUND ( 'NONE', #3249, .T. ) ;
#2020 = DIRECTION ( 'NONE',  ( -0.000000000000000000, -0.000000000000000000, -1.000000000000000000 ) ) ;
#2021 = VERTEX_POINT ( 'NONE', #5772 ) ;
#2022 = DIRECTION ( 'NONE',  ( 1.000000000000000000, -1.678764654171108188E-15, 0.000000000000000000 ) ) ;
#2023 = ORIENTED_EDGE ( 'NONE', *, *, #1204, .F. ) ;
#2024 = CARTESIAN_POINT ( 'NONE',  ( 88.09999999999998010, 0.000000000000000000, 0.000000000000000000 ) ) ;
#2025 = FACE_OUTER_BOUND ( 'NONE', #3715, .T. ) ;
#2026 = PLANE ( 'NONE',  #406 ) ;
#2027 = VERTEX_POINT ( 'NONE', #3011 ) ;
#2028 = ORIENTED_EDGE ( 'NONE', *, *, #1685, .F. ) ;
#2029 = VERTEX_POINT ( 'NONE', #1536 ) ;
#2030 = CARTESIAN_POINT ( 'NONE',  ( 94.00000000000000000, 15.00000000000000000, 0.000000000000000000 ) ) ;
#2031 = FACE_OUTER_BOUND ( 'NONE', #306, .T. ) ;
#2032 = ORIENTED_EDGE ( 'NONE', *, *, #1343, .F. ) ;
#2033 = CARTESIAN_POINT ( 'NONE',  ( 80.00000000000001421, 15.00000000000000000, 0.000000000000000000 ) ) ;
#2034 = DIRECTION ( 'NONE',  ( 1.000000000000000000, 1.927470528863114611E-15, 0.000000000000000000 ) ) ;
#2035 = PLANE ( 'NONE',  #5711 ) ;
#2036 = DIRECTION ( 'NONE',  ( -0.000000000000000000, -0.000000000000000000, -1.000000000000000000 ) ) ;
#2037 = ORIENTED_EDGE ( 'NONE', *, *, #4293, .F. ) ;
#2038 = EDGE_CURVE ( 'NONE', #4443, #3948, #667, .T. ) ;
#2039 = VERTEX_POINT ( 'NONE', #4352 ) ;
#2040 = VECTOR ( 'NONE', #1171, 1000.000000000000000 ) ;
#2041 = CARTESIAN_POINT ( 'NONE',  ( 73.86714007511207569, -7.100000000000002309, 10.00000000000000000 ) ) ;
#2042 = LINE ( 'NONE', #3503, #3487 ) ;
#2043 = ADVANCED_FACE ( 'NONE', ( #728 ), #1630, .T. ) ;
#2044 = EDGE_CURVE ( 'NONE', #1203, #2590, #5679, .T. ) ;
#2045 = CIRCLE ( 'NONE', #2530, 1.549999999999968070 ) ;
#2046 = VECTOR ( 'NONE', #2911, 1000.000000000000000 ) ;
#2047 = CARTESIAN_POINT ( 'NONE',  ( 72.39999999999999147, 7.600000000000000533, 10.00000000000000000 ) ) ;
#2048 = CARTESIAN_POINT ( 'NONE',  ( -66.82360081727497914, 8.500000000000000000, 1.000000000000000888 ) ) ;
#2049 = CARTESIAN_POINT ( 'NONE',  ( 87.59999999999998010, 7.600000000000002309, 0.000000000000000000 ) ) ;
#2050 = CONICAL_SURFACE ( 'NONE', #1478, 9.999999999999994671, 0.7853981633974621568 ) ;
#2051 = ORIENTED_EDGE ( 'NONE', *, *, #4198, .F. ) ;
#2052 = FACE_OUTER_BOUND ( 'NONE', #996, .T. ) ;
#2053 = DIRECTION ( 'NONE',  ( -0.000000000000000000, 0.000000000000000000, 1.000000000000000000 ) ) ;
#2054 = VERTEX_POINT ( 'NONE', #5803 ) ;
#2055 = DIRECTION ( 'NONE',  ( -0.000000000000000000, 0.000000000000000000, 1.000000000000000000 ) ) ;
#2056 = DIRECTION ( 'NONE',  ( 1.000000000000000000, 0.000000000000000000, 0.000000000000000000 ) ) ;
#2057 = DIRECTION ( 'NONE',  ( 0.000000000000000000, 0.000000000000000000, 1.000000000000000000 ) ) ;
#2058 = ORIENTED_EDGE ( 'NONE', *, *, #5329, .T. ) ;
#2059 = ORIENTED_EDGE ( 'NONE', *, *, #1455, .T. ) ;
#2060 = AXIS2_PLACEMENT_3D ( 'NONE', #5045, #4023, #4540 ) ;
#2061 = EDGE_LOOP ( 'NONE', ( #1859, #5304, #5244, #429 ) ) ;
#2062 = LINE ( 'NONE', #4816, #3241 ) ;
#2063 = LINE ( 'NONE', #4785, #4480 ) ;
#2064 = VERTEX_POINT ( 'NONE', #1660 ) ;
#2065 = CARTESIAN_POINT ( 'NONE',  ( 0.000000000000000000, -9.599999999999997868, 0.000000000000000000 ) ) ;
#2066 = DIRECTION ( 'NONE',  ( -1.000000000000000000, 0.000000000000000000, 0.000000000000000000 ) ) ;
#2067 = CARTESIAN_POINT ( 'NONE',  ( -77.80000000000002558, 0.000000000000000000, 0.000000000000000000 ) ) ;
#2068 = ORIENTED_EDGE ( 'NONE', *, *, #1795, .F. ) ;
#2069 = VERTEX_POINT ( 'NONE', #4735 ) ;
#2070 = ORIENTED_EDGE ( 'NONE', *, *, #2603, .F. ) ;
#2071 = DIRECTION ( 'NONE',  ( -0.000000000000000000, -0.000000000000000000, -1.000000000000000000 ) ) ;
#2072 = CARTESIAN_POINT ( 'NONE',  ( 60.00000000000000000, -22.49999999999991473, 9.000000000000010658 ) ) ;
#2073 = PRODUCT_DEFINITION ( 'UNKNOWN', '', #3075, #2321 ) ;
#2074 = EDGE_CURVE ( 'NONE', #5909, #1210, #3502, .T. ) ;
#2075 = EDGE_CURVE ( 'NONE', #2979, #5909, #4237, .T. ) ;
#2076 = AXIS2_PLACEMENT_3D ( 'NONE', #1971, #2452, #1046 ) ;
#2077 = EDGE_CURVE ( 'NONE', #957, #3358, #1981, .T. ) ;
#2078 = DIRECTION ( 'NONE',  ( 0.000000000000000000, 0.7071067811865474617, 0.7071067811865474617 ) ) ;
#2079 = DIRECTION ( 'NONE',  ( 1.000000000000000000, 0.000000000000000000, -0.000000000000000000 ) ) ;
#2080 = DIRECTION ( 'NONE',  ( 0.000000000000000000, 0.000000000000000000, 1.000000000000000000 ) ) ;
#2081 = CYLINDRICAL_SURFACE ( 'NONE', #1430, 1.750000000000001554 ) ;
#2082 = AXIS2_PLACEMENT_3D ( 'NONE', #12, #1848, #2728 ) ;
#2083 = VECTOR ( 'NONE', #2477, 1000.000000000000000 ) ;
#2084 = CIRCLE ( 'NONE', #2370, 1.500000000000001332 ) ;
#2085 = AXIS2_PLACEMENT_3D ( 'NONE', #5166, #5647, #2351 ) ;
#2086 = CARTESIAN_POINT ( 'NONE',  ( -49.99999999999994316, 32.50000000000000711, 0.9999999999999731326 ) ) ;
#2087 = EDGE_CURVE ( 'NONE', #1736, #3428, #3265, .T. ) ;
#2088 = LINE ( 'NONE', #250, #257 ) ;
#2089 = EDGE_LOOP ( 'NONE', ( #4496, #5408, #260 ) ) ;
#2090 = PLANE ( 'NONE',  #2369 ) ;
#2091 = FACE_OUTER_BOUND ( 'NONE', #5031, .T. ) ;
#2092 = CARTESIAN_POINT ( 'NONE',  ( 0.000000000000000000, -7.100000000000002309, 0.000000000000000000 ) ) ;
#2093 = ORIENTED_EDGE ( 'NONE', *, *, #4232, .F. ) ;
#2094 = CIRCLE ( 'NONE', #4031, 1.750000000000001554 ) ;
#2095 = VECTOR ( 'NONE', #3866, 1000.000000000000000 ) ;
#2096 = ORIENTED_EDGE ( 'NONE', *, *, #1211, .T. ) ;
#2097 = VERTEX_POINT ( 'NONE', #4320 ) ;
#2098 = CARTESIAN_POINT ( 'NONE',  ( -59.99614123080367278, 22.77777777777778212, 1.000000000000000888 ) ) ;
#2099 = FACE_OUTER_BOUND ( 'NONE', #2061, .T. ) ;
#2100 = ORIENTED_EDGE ( 'NONE', *, *, #1907, .T. ) ;
#2101 = DIRECTION ( 'NONE',  ( 0.000000000000000000, -0.000000000000000000, 1.000000000000000000 ) ) ;
#2102 = LINE ( 'NONE', #4372, #2746 ) ;
#2103 = PLANE ( 'NONE',  #805 ) ;
#2104 = AXIS2_PLACEMENT_3D ( 'NONE', #2419, #1965, #3808 ) ;
#2105 = VERTEX_POINT ( 'NONE', #177 ) ;
#2106 = EDGE_LOOP ( 'NONE', ( #4762, #3804, #128, #2745, #3028, #3924, #4107, #326, #175, #3048, #3915, #1755, #814, #2207, #2713, #4104 ) ) ;
#2107 = AXIS2_PLACEMENT_3D ( 'NONE', #3040, #1723, #2137 ) ;
#2108 = ORIENTED_EDGE ( 'NONE', *, *, #4566, .F. ) ;
#2109 = DIRECTION ( 'NONE',  ( -0.000000000000000000, -0.000000000000000000, -1.000000000000000000 ) ) ;
#2110 = LINE ( 'NONE', #2528, #1899 ) ;
#2111 = VERTEX_POINT ( 'NONE', #2015 ) ;
#2112 = ADVANCED_FACE ( 'NONE', ( #4796 ), #3862, .F. ) ;
#2113 = DIRECTION ( 'NONE',  ( 0.000000000000000000, 1.000000000000000000, -0.000000000000000000 ) ) ;
#2114 = DIRECTION ( 'NONE',  ( 0.000000000000000000, 1.000000000000000000, -0.000000000000000000 ) ) ;
#2115 = CARTESIAN_POINT ( 'NONE',  ( -0.000000000000000000, 9.500000000000001776, 0.000000000000000000 ) ) ;
#2116 = EDGE_CURVE ( 'NONE', #5235, #2186, #5286, .T. ) ;
#2117 = LINE ( 'NONE', #3972, #948 ) ;
#2118 = CARTESIAN_POINT ( 'NONE',  ( 66.06757691870762983, -13.62610514089687364, 10.00000000000000000 ) ) ;
#2119 = EDGE_LOOP ( 'NONE', ( #222, #527, #5118, #5281 ) ) ;
#2120 = CARTESIAN_POINT ( 'NONE',  ( 74.39999999999999147, 8.100000000000001421, 10.00000000000000000 ) ) ;
#2121 =( NAMED_UNIT ( * ) PLANE_ANGLE_UNIT ( ) SI_UNIT ( $, .RADIAN. ) );
#2122 = DIRECTION ( 'NONE',  ( 0.000000000000000000, -0.000000000000000000, -1.000000000000000000 ) ) ;
#2123 = ORIENTED_EDGE ( 'NONE', *, *, #5551, .F. ) ;
#2124 = EDGE_CURVE ( 'NONE', #5525, #506, #3747, .T. ) ;
#2125 = VERTEX_POINT ( 'NONE', #845 ) ;
#2126 = ORIENTED_EDGE ( 'NONE', *, *, #5485, .F. ) ;
#2127 = DIRECTION ( 'NONE',  ( 0.000000000000000000, 0.000000000000000000, -1.000000000000000000 ) ) ;
#2128 = DIRECTION ( 'NONE',  ( -0.000000000000000000, -0.000000000000000000, -1.000000000000000000 ) ) ;
#2129 = ORIENTED_EDGE ( 'NONE', *, *, #840, .F. ) ;
#2130 = CARTESIAN_POINT ( 'NONE',  ( 0.000000000000000000, -8.099999999999996092, 10.00000000000000000 ) ) ;
#2131 = CARTESIAN_POINT ( 'NONE',  ( -5.694866269159798655, 24.50000000000000000, 10.00000000000000000 ) ) ;
#2132 = CARTESIAN_POINT ( 'NONE',  ( 88.09999999999998010, 0.000000000000000000, 0.000000000000000000 ) ) ;
#2133 = ORIENTED_EDGE ( 'NONE', *, *, #4232, .T. ) ;
#2134 = ORIENTED_EDGE ( 'NONE', *, *, #4834, .T. ) ;
#2135 = VECTOR ( 'NONE', #3042, 1000.000000000000000 ) ;
#2136 = ORIENTED_EDGE ( 'NONE', *, *, #4594, .T. ) ;
#2137 = DIRECTION ( 'NONE',  ( 0.000000000000000000, -0.000000000000000000, 1.000000000000000000 ) ) ;
#2138 = PLANE ( 'NONE',  #4351 ) ;
#2139 = CARTESIAN_POINT ( 'NONE',  ( 71.89999999999999147, 0.000000000000000000, 10.00000000000000000 ) ) ;
#2140 = ORIENTED_EDGE ( 'NONE', *, *, #1450, .T. ) ;
#2141 = EDGE_CURVE ( 'NONE', #1765, #793, #3101, .T. ) ;
#2142 = VERTEX_POINT ( 'NONE', #2680 ) ;
#2143 = CARTESIAN_POINT ( 'NONE',  ( -67.99305421544659112, -23.00000000000000000, 0.000000000000000000 ) ) ;
#2144 = CARTESIAN_POINT ( 'NONE',  ( 0.000000000000000000, -8.099999999999996092, 0.000000000000000000 ) ) ;
#2145 = AXIS2_PLACEMENT_3D ( 'NONE', #3569, #4563, #4022 ) ;
#2146 = CARTESIAN_POINT ( 'NONE',  ( 88.09999999999998010, 0.000000000000000000, 0.000000000000000000 ) ) ;
#2147 = VECTOR ( 'NONE', #1849, 1000.000000000000000 ) ;
#2148 = CARTESIAN_POINT ( 'NONE',  ( 72.89999999999999147, -9.600000000000001421, 10.00000000000000000 ) ) ;
#2149 = ORIENTED_EDGE ( 'NONE', *, *, #5575, .T. ) ;
#2150 = CYLINDRICAL_SURFACE ( 'NONE', #2343, 1.549999999999995826 ) ;
#2151 = DIRECTION ( 'NONE',  ( -1.000000000000000000, 0.000000000000000000, 0.000000000000000000 ) ) ;
#2152 = ORIENTED_EDGE ( 'NONE', *, *, #498, .F. ) ;
#2153 = EDGE_CURVE ( 'NONE', #1836, #1165, #877, .T. ) ;
#2154 = ORIENTED_EDGE ( 'NONE', *, *, #1807, .T. ) ;
#2155 = EDGE_CURVE ( 'NONE', #4438, #2525, #4042, .T. ) ;
#2156 = ADVANCED_FACE ( 'NONE', ( #4580 ), #5973, .T. ) ;
#2157 = ORIENTED_EDGE ( 'NONE', *, *, #4664, .F. ) ;
#2158 = CARTESIAN_POINT ( 'NONE',  ( 65.68389637042450602, 14.05800378569225018, 0.3394440285003149649 ) ) ;
#2159 = PLANE ( 'NONE',  #3506 ) ;
#2160 = ORIENTED_EDGE ( 'NONE', *, *, #5339, .F. ) ;
#2161 = CARTESIAN_POINT ( 'NONE',  ( 94.99999999999998579, 0.000000000000000000, 10.00000000000000000 ) ) ;
#2162 = DIRECTION ( 'NONE',  ( 0.7068339249999805451, 0.01964185503296070681, 0.7071067811865376918 ) ) ;
#2163 = CARTESIAN_POINT ( 'NONE',  ( 89.59999999999998010, -7.100000000000002309, 10.00000000000000000 ) ) ;
#2164 = ORIENTED_EDGE ( 'NONE', *, *, #2722, .F. ) ;
#2165 = ORIENTED_EDGE ( 'NONE', *, *, #4919, .T. ) ;
#2166 = DIRECTION ( 'NONE',  ( -0.000000000000000000, -0.000000000000000000, -1.000000000000000000 ) ) ;
#2167 = VECTOR ( 'NONE', #3195, 1000.000000000000000 ) ;
#2168 = DIRECTION ( 'NONE',  ( 1.000000000000000000, 0.000000000000000000, 0.000000000000000000 ) ) ;
#2169 = CARTESIAN_POINT ( 'NONE',  ( -66.82360081727497914, -8.500000000000000000, 9.000000000000000000 ) ) ;
#2170 = EDGE_CURVE ( 'NONE', #1670, #1043, #5886, .T. ) ;
#2171 = EDGE_LOOP ( 'NONE', ( #3619, #3860, #5394, #593 ) ) ;
#2172 = VERTEX_POINT ( 'NONE', #2217 ) ;
#2173 = CARTESIAN_POINT ( 'NONE',  ( 0.000000000000000000, -7.100000000000002309, 10.00000000000000000 ) ) ;
#2174 = FACE_OUTER_BOUND ( 'NONE', #5545, .T. ) ;
#2175 = ADVANCED_FACE ( 'NONE', ( #1832 ), #1294, .F. ) ;
#2176 = DIRECTION ( 'NONE',  ( -1.000000000000000000, 0.000000000000000000, 0.000000000000000000 ) ) ;
#2177 = DIRECTION ( 'NONE',  ( 1.000000000000000000, 0.000000000000000000, 0.000000000000000000 ) ) ;
#2178 = ORIENTED_EDGE ( 'NONE', *, *, #5740, .T. ) ;
#2179 = VECTOR ( 'NONE', #4108, 1000.000000000000000 ) ;
#2180 = CARTESIAN_POINT ( 'NONE',  ( 86.13285992488789589, -8.100000000000003197, 10.00000000000000000 ) ) ;
#2181 = ORIENTED_EDGE ( 'NONE', *, *, #5040, .F. ) ;
#2182 = VECTOR ( 'NONE', #5533, 1000.000000000000000 ) ;
#2183 = CIRCLE ( 'NONE', #665, 1.750000000000001554 ) ;
#2184 = ORIENTED_EDGE ( 'NONE', *, *, #4811, .T. ) ;
#2185 = AXIS2_PLACEMENT_3D ( 'NONE', #2558, #1565, #3897 ) ;
#2186 = VERTEX_POINT ( 'NONE', #928 ) ;
#2187 = ADVANCED_FACE ( 'NONE', ( #4943 ), #5913, .T. ) ;
#2188 = DIRECTION ( 'NONE',  ( -1.000000000000000000, 0.000000000000000000, 0.000000000000000000 ) ) ;
#2189 = CARTESIAN_POINT ( 'NONE',  ( 0.000000000000000000, 5.600000000000002309, 10.00000000000000000 ) ) ;
#2190 = ORIENTED_EDGE ( 'NONE', *, *, #4932, .F. ) ;
#2191 = DIRECTION ( 'NONE',  ( -0.000000000000000000, 0.000000000000000000, 1.000000000000000000 ) ) ;
#2192 = DIRECTION ( 'NONE',  ( 0.000000000000000000, -0.000000000000000000, -1.000000000000000000 ) ) ;
#2193 = DIRECTION ( 'NONE',  ( -1.000000000000000000, 0.000000000000000000, 0.000000000000000000 ) ) ;
#2194 = VECTOR ( 'NONE', #4341, 1000.000000000000000 ) ;
#2195 = ORIENTED_EDGE ( 'NONE', *, *, #2780, .T. ) ;
#2196 = ADVANCED_FACE ( 'NONE', ( #355 ), #4528, .T. ) ;
#2197 = CIRCLE ( 'NONE', #5093, 1.549999999999968070 ) ;
#2198 = ORIENTED_EDGE ( 'NONE', *, *, #3459, .F. ) ;
#2199 = DIRECTION ( 'NONE',  ( 1.000000000000000000, 1.678764654171138165E-15, 0.000000000000000000 ) ) ;
#2200 = DIRECTION ( 'NONE',  ( -1.000000000000000000, 0.000000000000000000, 0.000000000000000000 ) ) ;
#2201 = PLANE ( 'NONE',  #973 ) ;
#2202 = DIRECTION ( 'NONE',  ( 1.000000000000000000, 7.709882115452470278E-16, 0.000000000000000000 ) ) ;
#2203 = CIRCLE ( 'NONE', #2965, 1.549999999999995826 ) ;
#2204 = ORIENTED_EDGE ( 'NONE', *, *, #470, .F. ) ;
#2205 = AXIS2_PLACEMENT_3D ( 'NONE', #4763, #632, #2461 ) ;
#2206 = EDGE_CURVE ( 'NONE', #4112, #5794, #455, .T. ) ;
#2207 = ORIENTED_EDGE ( 'NONE', *, *, #4780, .F. ) ;
#2208 = CARTESIAN_POINT ( 'NONE',  ( 72.39999999999999147, -7.599999999999998757, 10.00000000000000000 ) ) ;
#2209 = LINE ( 'NONE', #4062, #374 ) ;
#2210 = LINE ( 'NONE', #2991, #1506 ) ;
#2211 = ORIENTED_EDGE ( 'NONE', *, *, #1950, .F. ) ;
#2212 = PLANE ( 'NONE',  #2248 ) ;
#2213 = EDGE_LOOP ( 'NONE', ( #2129, #2239, #4328, #5003 ) ) ;
#2214 = ORIENTED_EDGE ( 'NONE', *, *, #4116, .F. ) ;
#2215 = VERTEX_POINT ( 'NONE', #1324 ) ;
#2216 = LINE ( 'NONE', #5912, #252 ) ;
#2217 = CARTESIAN_POINT ( 'NONE',  ( 89.06714007511207853, 8.100000000000003197, 10.00000000000000000 ) ) ;
#2218 = ORIENTED_EDGE ( 'NONE', *, *, #2000, .F. ) ;
#2219 = CYLINDRICAL_SURFACE ( 'NONE', #1515, 15.00000000000000000 ) ;
#2220 = CARTESIAN_POINT ( 'NONE',  ( -5.694866269159798655, 24.50000000000000000, 10.00000000000000000 ) ) ;
#2221 = CARTESIAN_POINT ( 'NONE',  ( 80.00000000000001421, -15.00000000000000000, 8.999999999999996447 ) ) ;
#2222 = ORIENTED_EDGE ( 'NONE', *, *, #5372, .T. ) ;
#2223 = ORIENTED_EDGE ( 'NONE', *, *, #2087, .T. ) ;
#2224 = DIRECTION ( 'NONE',  ( 1.000000000000000000, 0.000000000000000000, 0.000000000000000000 ) ) ;
#2225 = FACE_OUTER_BOUND ( 'NONE', #1223, .T. ) ;
#2226 = CIRCLE ( 'NONE', #4829, 13.99999999999995737 ) ;
#2227 = LINE ( 'NONE', #2694, #5597 ) ;
#2228 = DIRECTION ( 'NONE',  ( -0.000000000000000000, -0.000000000000000000, -1.000000000000000000 ) ) ;
#2229 = EDGE_LOOP ( 'NONE', ( #896, #1376, #1949, #4172 ) ) ;
#2230 = EDGE_CURVE ( 'NONE', #208, #5273, #5172, .T. ) ;
#2231 = EDGE_CURVE ( 'NONE', #5344, #176, #3648, .T. ) ;
#2232 = EDGE_LOOP ( 'NONE', ( #4315, #1687, #3084, #2978, #2672, #1090, #5921, #3829, #3333, #2404, #1309, #2506, #1460, #1809, #2134, #5303, #5734, #3124, #3998, #3588, #784, #353, #1358 ) ) ;
#2233 = EDGE_CURVE ( 'NONE', #5235, #1168, #3925, .T. ) ;
#2234 = CARTESIAN_POINT ( 'NONE',  ( 66.06757691870762983, 13.62610514089686653, 10.00000000000000000 ) ) ;
#2235 = DIRECTION ( 'NONE',  ( -0.000000000000000000, -0.000000000000000000, -1.000000000000000000 ) ) ;
#2236 = DIRECTION ( 'NONE',  ( -0.000000000000000000, -0.000000000000000000, -1.000000000000000000 ) ) ;
#2237 = ORIENTED_EDGE ( 'NONE', *, *, #4766, .T. ) ;
#2238 = CARTESIAN_POINT ( 'NONE',  ( 87.59999999999998010, 7.600000000000002309, 10.00000000000000000 ) ) ;
#2239 = ORIENTED_EDGE ( 'NONE', *, *, #2434, .F. ) ;
#2240 = EDGE_CURVE ( 'NONE', #1154, #1816, #415, .T. ) ;
#2241 = CIRCLE ( 'NONE', #4957, 1.750000000000001554 ) ;
#2242 = ORIENTED_EDGE ( 'NONE', *, *, #1727, .F. ) ;
#2243 = DIRECTION ( 'NONE',  ( 0.000000000000000000, 1.000000000000000000, -0.000000000000000000 ) ) ;
#2244 = DIRECTION ( 'NONE',  ( 1.000000000000000000, 0.000000000000000000, 0.000000000000000000 ) ) ;
#2245 = CARTESIAN_POINT ( 'NONE',  ( -67.99305421544660533, 15.00000000000000000, 9.000000000000010658 ) ) ;
#2246 = CARTESIAN_POINT ( 'NONE',  ( 49.99999999999991473, 31.50000000000000711, 10.00000000000000000 ) ) ;
#2247 = DIRECTION ( 'NONE',  ( 1.000000000000000000, 0.000000000000000000, 0.000000000000000000 ) ) ;
#2248 = AXIS2_PLACEMENT_3D ( 'NONE', #3552, #5030, #2730 ) ;
#2249 = EDGE_LOOP ( 'NONE', ( #2890, #4251, #3920, #3734 ) ) ;
#2250 = VERTEX_POINT ( 'NONE', #3132 ) ;
#2251 = DIRECTION ( 'NONE',  ( 1.000000000000000000, -3.255496228848128612E-15, 0.000000000000000000 ) ) ;
#2252 = CYLINDRICAL_SURFACE ( 'NONE', #4145, 1.549999999999995826 ) ;
#2253 = CARTESIAN_POINT ( 'NONE',  ( 87.09999999999998010, 0.000000000000000000, 0.000000000000000000 ) ) ;
#2254 = DIRECTION ( 'NONE',  ( -1.000000000000000000, 0.000000000000000000, 0.000000000000000000 ) ) ;
#2255 = ORIENTED_EDGE ( 'NONE', *, *, #1494, .F. ) ;
#2256 = CIRCLE ( 'NONE', #3517, 1.549999999999995826 ) ;
#2257 = EDGE_CURVE ( 'NONE', #5171, #1593, #1353, .T. ) ;
#2258 = VERTEX_POINT ( 'NONE', #1799 ) ;
#2259 = EDGE_CURVE ( 'NONE', #5496, #3782, #3193, .T. ) ;
#2260 = CARTESIAN_POINT ( 'NONE',  ( 0.000000000000000000, -5.600000000000000533, 10.00000000000000000 ) ) ;
#2261 = ADVANCED_FACE ( 'NONE', ( #3327 ), #3361, .F. ) ;
#2262 = DIRECTION ( 'NONE',  ( 0.000000000000000000, -1.000000000000000000, 0.000000000000000000 ) ) ;
#2263 = CYLINDRICAL_SURFACE ( 'NONE', #547, 1.549999999999968070 ) ;
#2264 = ORIENTED_EDGE ( 'NONE', *, *, #583, .F. ) ;
#2265 = CARTESIAN_POINT ( 'NONE',  ( 70.93285992488790725, 7.100000000000000533, 10.00000000000000000 ) ) ;
#2266 = VECTOR ( 'NONE', #5857, 1000.000000000000000 ) ;
#2267 = ORIENTED_EDGE ( 'NONE', *, *, #4459, .T. ) ;
#2268 = VERTEX_POINT ( 'NONE', #1997 ) ;
#2269 = EDGE_CURVE ( 'NONE', #3657, #1778, #500, .T. ) ;
#2270 = AXIS2_PLACEMENT_3D ( 'NONE', #3658, #1362, #2823 ) ;
#2271 = DIRECTION ( 'NONE',  ( 1.000000000000000000, 0.000000000000000000, 0.000000000000000000 ) ) ;
#2272 = CARTESIAN_POINT ( 'NONE',  ( 72.89999999999999147, 0.000000000000000000, 0.000000000000000000 ) ) ;
#2273 = DIRECTION ( 'NONE',  ( -0.000000000000000000, -0.000000000000000000, 1.000000000000000000 ) ) ;
#2274 = CARTESIAN_POINT ( 'NONE',  ( -80.30000000000002558, 6.132859924887882563, 10.00000000000000000 ) ) ;
#2275 = FACE_OUTER_BOUND ( 'NONE', #1439, .T. ) ;
#2276 = ORIENTED_EDGE ( 'NONE', *, *, #5415, .T. ) ;
#2277 = AXIS2_PLACEMENT_3D ( 'NONE', #5007, #4555, #3587 ) ;
#2278 = AXIS2_PLACEMENT_3D ( 'NONE', #1006, #104, #1037 ) ;
#2279 = VECTOR ( 'NONE', #3015, 1000.000000000000000 ) ;
#2280 = EDGE_LOOP ( 'NONE', ( #4774, #4121, #1892, #5788 ) ) ;
#2281 = DIRECTION ( 'NONE',  ( 0.000000000000000000, -0.000000000000000000, -1.000000000000000000 ) ) ;
#2282 = LINE ( 'NONE', #4142, #5389 ) ;
#2283 = AXIS2_PLACEMENT_3D ( 'NONE', #5521, #2825, #909 ) ;
#2284 = DIRECTION ( 'NONE',  ( 1.000000000000000000, 0.000000000000000000, 0.000000000000000000 ) ) ;
#2285 = CARTESIAN_POINT ( 'NONE',  ( -80.30000000000002558, -9.599999999999997868, 0.000000000000000000 ) ) ;
#2286 = VECTOR ( 'NONE', #3267, 1000.000000000000000 ) ;
#2287 = ORIENTED_EDGE ( 'NONE', *, *, #943, .T. ) ;
#2288 = VECTOR ( 'NONE', #1945, 1000.000000000000114 ) ;
#2289 = AXIS2_PLACEMENT_3D ( 'NONE', #4678, #181, #1509 ) ;
#2290 = ORIENTED_EDGE ( 'NONE', *, *, #1113, .F. ) ;
#2291 = DIRECTION ( 'NONE',  ( -0.000000000000000000, -0.000000000000000000, -1.000000000000000000 ) ) ;
#2292 = AXIS2_PLACEMENT_3D ( 'NONE', #4430, #2575, #2151 ) ;
#2293 = PLANE ( 'NONE',  #2472 ) ;
#2294 = CARTESIAN_POINT ( 'NONE',  ( -79.30000000000002558, 6.132859924887882563, 10.00000000000000000 ) ) ;
#2295 = CARTESIAN_POINT ( 'NONE',  ( 87.09999999999998010, 6.132859924887913650, 10.00000000000000000 ) ) ;
#2296 = EDGE_LOOP ( 'NONE', ( #3365, #1248, #1175, #2591 ) ) ;
#2297 = EDGE_CURVE ( 'NONE', #525, #93, #1911, .T. ) ;
#2298 = ORIENTED_EDGE ( 'NONE', *, *, #3083, .F. ) ;
#2299 = EDGE_CURVE ( 'NONE', #3744, #1078, #3729, .T. ) ;
#2300 = CARTESIAN_POINT ( 'NONE',  ( 0.000000000000000000, -7.099999999999995204, 10.00000000000000000 ) ) ;
#2301 = CARTESIAN_POINT ( 'NONE',  ( 0.000000000000000000, 9.600000000000001421, 10.00000000000000000 ) ) ;
#2302 = LINE ( 'NONE', #3244, #2471 ) ;
#2303 = DIRECTION ( 'NONE',  ( -0.000000000000000000, -0.000000000000000000, -1.000000000000000000 ) ) ;
#2304 = DIRECTION ( 'NONE',  ( -1.000000000000000000, 0.000000000000000000, 0.000000000000000000 ) ) ;
#2305 = ADVANCED_FACE ( 'NONE', ( #561 ), #1039, .F. ) ;
#2306 = ORIENTED_EDGE ( 'NONE', *, *, #470, .T. ) ;
#2307 = VERTEX_POINT ( 'NONE', #3807 ) ;
#2308 = CARTESIAN_POINT ( 'NONE',  ( -66.82360081727497914, -9.500000000000001776, 10.00000000000000000 ) ) ;
#2309 = DIRECTION ( 'NONE',  ( 0.000000000000000000, -1.000000000000000000, 0.000000000000000000 ) ) ;
#2310 = CARTESIAN_POINT ( 'NONE',  ( 72.89999999999999147, 0.000000000000000000, 10.00000000000000000 ) ) ;
#2311 = CARTESIAN_POINT ( 'NONE',  ( -75.32360081727499335, 0.000000000000000000, 1.000000000000000888 ) ) ;
#2312 = ORIENTED_EDGE ( 'NONE', *, *, #1457, .F. ) ;
#2313 = VERTEX_POINT ( 'NONE', #983 ) ;
#2314 = DIRECTION ( 'NONE',  ( 1.000000000000000000, 0.000000000000000000, 0.000000000000000000 ) ) ;
#2315 = EDGE_CURVE ( 'NONE', #3262, #5606, #4635, .T. ) ;
#2316 = EDGE_CURVE ( 'NONE', #5439, #3130, #5627, .T. ) ;
#2317 = LINE ( 'NONE', #5532, #164 ) ;
#2318 = CYLINDRICAL_SURFACE ( 'NONE', #4309, 1.549999999999968070 ) ;
#2319 = CARTESIAN_POINT ( 'NONE',  ( 88.09999999999998010, -9.067140075112090969, 10.00000000000000000 ) ) ;
#2320 = DIRECTION ( 'NONE',  ( 1.000000000000000000, 0.000000000000000000, 0.000000000000000000 ) ) ;
#2321 = PRODUCT_DEFINITION_CONTEXT ( 'detailed design', #2498, 'design' ) ;
#2322 = ORIENTED_EDGE ( 'NONE', *, *, #808, .F. ) ;
#2323 = VECTOR ( 'NONE', #202, 1000.000000000000000 ) ;
#2324 = ADVANCED_FACE ( 'NONE', ( #2876 ), #4690, .T. ) ;
#2325 = FACE_OUTER_BOUND ( 'NONE', #5884, .T. ) ;
#2326 = CARTESIAN_POINT ( 'NONE',  ( 48.80513373084020401, 24.50000000000000000, 10.00000000000000000 ) ) ;
#2327 = CARTESIAN_POINT ( 'NONE',  ( 72.89999999999999147, -9.600000000000001421, 10.00000000000000000 ) ) ;
#2328 = CARTESIAN_POINT ( 'NONE',  ( 59.99999999999999289, 9.251858538543000621E-15, 1.000000000000000888 ) ) ;
#2329 = DIRECTION ( 'NONE',  ( 0.000000000000000000, -1.000000000000000000, 0.000000000000000000 ) ) ;
#2330 = ADVANCED_FACE ( 'NONE', ( #5208 ), #1062, .F. ) ;
#2331 = VECTOR ( 'NONE', #3484, 1000.000000000000000 ) ;
#2332 = ORIENTED_EDGE ( 'NONE', *, *, #5073, .T. ) ;
#2333 = CIRCLE ( 'NONE', #4653, 1.549999999999968070 ) ;
#2334 = ADVANCED_FACE ( 'NONE', ( #1519 ), #1434, .F. ) ;
#2335 = AXIS2_PLACEMENT_3D ( 'NONE', #4313, #5700, #174 ) ;
#2336 = PRESENTATION_LAYER_ASSIGNMENT (  '', '', ( #1570 ) ) ;
#2337 = EDGE_CURVE ( 'NONE', #4981, #3470, #2390, .T. ) ;
#2338 = ORIENTED_EDGE ( 'NONE', *, *, #2618, .F. ) ;
#2339 = FACE_OUTER_BOUND ( 'NONE', #745, .T. ) ;
#2340 = DIRECTION ( 'NONE',  ( 0.000000000000000000, 1.000000000000000000, -0.000000000000000000 ) ) ;
#2341 = CARTESIAN_POINT ( 'NONE',  ( 49.99999999999998579, 22.50000000000000711, 0.000000000000000000 ) ) ;
#2342 = CARTESIAN_POINT ( 'NONE',  ( -80.30000000000002558, 6.132859924887882563, 10.00000000000000000 ) ) ;
#2343 = AXIS2_PLACEMENT_3D ( 'NONE', #4004, #872, #2705 ) ;
#2344 = VERTEX_POINT ( 'NONE', #4660 ) ;
#2345 = ORIENTED_EDGE ( 'NONE', *, *, #3867, .F. ) ;
#2346 = EDGE_CURVE ( 'NONE', #3507, #1670, #617, .T. ) ;
#2347 = DIRECTION ( 'NONE',  ( 1.000000000000000000, 0.000000000000000000, -0.000000000000000000 ) ) ;
#2348 = VECTOR ( 'NONE', #2427, 1000.000000000000000 ) ;
#2349 = CARTESIAN_POINT ( 'NONE',  ( 109.0000000000000142, 0.000000000000000000, 0.000000000000000000 ) ) ;
#2350 = EDGE_CURVE ( 'NONE', #4165, #1969, #5268, .T. ) ;
#2351 = DIRECTION ( 'NONE',  ( -0.000000000000000000, 0.000000000000000000, -1.000000000000000000 ) ) ;
#2352 = LINE ( 'NONE', #3802, #5714 ) ;
#2353 = ORIENTED_EDGE ( 'NONE', *, *, #3932, .T. ) ;
#2354 = ORIENTED_EDGE ( 'NONE', *, *, #207, .F. ) ;
#2355 = CARTESIAN_POINT ( 'NONE',  ( -94.80000000000002558, 0.000000000000000000, 10.00000000000000000 ) ) ;
#2356 = ORIENTED_EDGE ( 'NONE', *, *, #1179, .F. ) ;
#2357 = FACE_OUTER_BOUND ( 'NONE', #2006, .T. ) ;
#2358 = DIRECTION ( 'NONE',  ( -0.000000000000000000, -0.000000000000000000, -1.000000000000000000 ) ) ;
#2359 = FACE_OUTER_BOUND ( 'NONE', #1611, .T. ) ;
#2360 = DIRECTION ( 'NONE',  ( 1.000000000000000000, 0.000000000000000000, 0.000000000000000000 ) ) ;
#2361 = ORIENTED_EDGE ( 'NONE', *, *, #4844, .F. ) ;
#2362 = VECTOR ( 'NONE', #3684, 1000.000000000000000 ) ;
#2363 = ADVANCED_FACE ( 'NONE', ( #2357 ), #4298, .T. ) ;
#2364 = ORIENTED_EDGE ( 'NONE', *, *, #1561, .F. ) ;
#2365 = DIRECTION ( 'NONE',  ( 1.000000000000000000, 0.000000000000000000, 0.000000000000000000 ) ) ;
#2366 = DIRECTION ( 'NONE',  ( -0.000000000000000000, -0.000000000000000000, -1.000000000000000000 ) ) ;
#2367 = CARTESIAN_POINT ( 'NONE',  ( -67.99305421544659112, -23.00000000000000000, 10.00000000000000000 ) ) ;
#2368 = FACE_OUTER_BOUND ( 'NONE', #5193, .T. ) ;
#2369 = AXIS2_PLACEMENT_3D ( 'NONE', #5785, #645, #1548 ) ;
#2370 = AXIS2_PLACEMENT_3D ( 'NONE', #5088, #2053, #1122 ) ;
#2371 = FACE_OUTER_BOUND ( 'NONE', #3222, .T. ) ;
#2372 = VERTEX_POINT ( 'NONE', #157 ) ;
#2373 = AXIS2_PLACEMENT_3D ( 'NONE', #5206, #3384, #643 ) ;
#2374 = ADVANCED_FACE ( 'NONE', ( #5600 ), #1461, .T. ) ;
#2375 = CONICAL_SURFACE ( 'NONE', #1903, 14.99999999999995737, 0.7853981633974500554 ) ;
#2376 = ORIENTED_EDGE ( 'NONE', *, *, #2982, .F. ) ;
#2377 = EDGE_LOOP ( 'NONE', ( #1418, #854, #1205, #5816 ) ) ;
#2378 = ADVANCED_FACE ( 'NONE', ( #188 ), #5375, .T. ) ;
#2379 = VECTOR ( 'NONE', #1800, 1000.000000000000000 ) ;
#2380 = AXIS2_PLACEMENT_3D ( 'NONE', #1597, #3595, #2224 ) ;
#2381 = DIRECTION ( 'NONE',  ( 1.000000000000000000, 0.000000000000000000, 0.000000000000000000 ) ) ;
#2382 = DIRECTION ( 'NONE',  ( 0.000000000000000000, -0.000000000000000000, -1.000000000000000000 ) ) ;
#2383 = CARTESIAN_POINT ( 'NONE',  ( 0.000000000000000000, 5.599999999999996980, 10.00000000000000000 ) ) ;
#2384 = CARTESIAN_POINT ( 'NONE',  ( 58.99999999999997158, -22.41619848709568785, 10.00000000000000000 ) ) ;
#2385 = AXIS2_PLACEMENT_3D ( 'NONE', #2208, #2700, #4962 ) ;
#2386 = VECTOR ( 'NONE', #902, 1000.000000000000000 ) ;
#2387 = ORIENTED_EDGE ( 'NONE', *, *, #3867, .T. ) ;
#2388 = FACE_OUTER_BOUND ( 'NONE', #146, .T. ) ;
#2389 = EDGE_LOOP ( 'NONE', ( #4782, #4603, #4646, #4138 ) ) ;
#2390 = LINE ( 'NONE', #2814, #5079 ) ;
#2391 = DIRECTION ( 'NONE',  ( 1.000000000000000000, 0.000000000000000000, 0.000000000000000000 ) ) ;
#2392 = DIRECTION ( 'NONE',  ( 0.000000000000000000, -1.000000000000000000, 0.000000000000000000 ) ) ;
#2393 = DIRECTION ( 'NONE',  ( -1.000000000000000000, 0.000000000000000000, 0.000000000000000000 ) ) ;
#2394 = VERTEX_POINT ( 'NONE', #4839 ) ;
#2395 = ADVANCED_FACE ( 'NONE', ( #710 ), #2465, .F. ) ;
#2396 = ORIENTED_EDGE ( 'NONE', *, *, #5595, .T. ) ;
#2397 = DIRECTION ( 'NONE',  ( 1.000000000000000000, 0.000000000000000000, 0.000000000000000000 ) ) ;
#2398 = PLANE ( 'NONE',  #4136 ) ;
#2399 = DIRECTION ( 'NONE',  ( 0.000000000000000000, 0.000000000000000000, 1.000000000000000000 ) ) ;
#2400 = LINE ( 'NONE', #5610, #2348 ) ;
#2401 = CARTESIAN_POINT ( 'NONE',  ( -67.99305421544660533, 13.99999999999998401, 10.00000000000000000 ) ) ;
#2402 = ORIENTED_EDGE ( 'NONE', *, *, #612, .F. ) ;
#2403 = VERTEX_POINT ( 'NONE', #4907 ) ;
#2404 = ORIENTED_EDGE ( 'NONE', *, *, #4338, .T. ) ;
#2405 = ADVANCED_FACE ( 'NONE', ( #3844 ), #320, .T. ) ;
#2406 = VECTOR ( 'NONE', #4193, 1000.000000000000000 ) ;
#2407 = EDGE_CURVE ( 'NONE', #5854, #3350, #5236, .T. ) ;
#2408 = EDGE_CURVE ( 'NONE', #3189, #1315, #258, .T. ) ;
#2409 = LINE ( 'NONE', #4289, #2286 ) ;
#2410 = LINE ( 'NONE', #2919, #3820 ) ;
#2411 = LINE ( 'NONE', #1058, #2147 ) ;
#2412 = CARTESIAN_POINT ( 'NONE',  ( 85.59999999999998010, 0.000000000000000000, 0.000000000000000000 ) ) ;
#2413 = CIRCLE ( 'NONE', #3689, 13.99999999999995737 ) ;
#2414 = ORIENTED_EDGE ( 'NONE', *, *, #4963, .T. ) ;
#2415 = EDGE_CURVE ( 'NONE', #3717, #5525, #290, .T. ) ;
#2416 = DIRECTION ( 'NONE',  ( 1.000000000000000000, 0.000000000000000000, 0.000000000000000000 ) ) ;
#2417 = ORIENTED_EDGE ( 'NONE', *, *, #3664, .T. ) ;
#2418 = DIRECTION ( 'NONE',  ( -0.000000000000000000, -0.000000000000000000, -1.000000000000000000 ) ) ;
#2419 = CARTESIAN_POINT ( 'NONE',  ( 80.00000000000001421, -15.00000000000000000, 8.999999999999996447 ) ) ;
#2420 = DIRECTION ( 'NONE',  ( 0.000000000000000000, -0.000000000000000000, -1.000000000000000000 ) ) ;
#2421 = LINE ( 'NONE', #4809, #5232 ) ;
#2422 = ORIENTED_EDGE ( 'NONE', *, *, #1655, .F. ) ;
#2423 = ORIENTED_EDGE ( 'NONE', *, *, #5205, .T. ) ;
#2424 = CARTESIAN_POINT ( 'NONE',  ( -77.80000000000002558, -8.099999999999996092, 0.000000000000000000 ) ) ;
#2425 = DIRECTION ( 'NONE',  ( 0.000000000000000000, 0.000000000000000000, 1.000000000000000000 ) ) ;
#2426 = LINE ( 'NONE', #1071, #4826 ) ;
#2427 = DIRECTION ( 'NONE',  ( -0.000000000000000000, -0.000000000000000000, -1.000000000000000000 ) ) ;
#2428 = FACE_BOUND ( 'NONE', #337, .T. ) ;
#2429 = ORIENTED_EDGE ( 'NONE', *, *, #1195, .T. ) ;
#2430 = CIRCLE ( 'NONE', #4090, 8.000000000000000000 ) ;
#2431 = ORIENTED_EDGE ( 'NONE', *, *, #5415, .F. ) ;
#2432 = CARTESIAN_POINT ( 'NONE',  ( -79.80000000000002558, -7.600000000000002309, 10.00000000000000000 ) ) ;
#2433 = VERTEX_POINT ( 'NONE', #2928 ) ;
#2434 = EDGE_CURVE ( 'NONE', #5349, #93, #2608, .T. ) ;
#2435 = EDGE_CURVE ( 'NONE', #5273, #1617, #1124, .T. ) ;
#2436 = FACE_OUTER_BOUND ( 'NONE', #5419, .T. ) ;
#2437 = CARTESIAN_POINT ( 'NONE',  ( 88.09999999999998010, 0.000000000000000000, 10.00000000000000000 ) ) ;
#2438 = CARTESIAN_POINT ( 'NONE',  ( 87.59999999999998010, -7.599999999999996092, 10.00000000000000000 ) ) ;
#2439 = EDGE_LOOP ( 'NONE', ( #3424, #1194, #3385 ) ) ;
#2440 = EDGE_CURVE ( 'NONE', #1626, #2511, #3943, .T. ) ;
#2441 = ORIENTED_EDGE ( 'NONE', *, *, #480, .T. ) ;
#2442 = CIRCLE ( 'NONE', #727, 1.549999999999995826 ) ;
#2443 = DIRECTION ( 'NONE',  ( -0.000000000000000000, -0.000000000000000000, 1.000000000000000000 ) ) ;
#2444 = ORIENTED_EDGE ( 'NONE', *, *, #2482, .F. ) ;
#2445 = DIRECTION ( 'NONE',  ( 1.000000000000000000, 0.000000000000000000, 0.000000000000000000 ) ) ;
#2446 = CARTESIAN_POINT ( 'NONE',  ( -49.99999999999994316, 31.50000000000000711, 0.000000000000000000 ) ) ;
#2447 = CARTESIAN_POINT ( 'NONE',  ( 71.89999999999999147, -5.600000000000000533, 10.00000000000000000 ) ) ;
#2448 = VERTEX_POINT ( 'NONE', #4775 ) ;
#2449 = ADVANCED_FACE ( 'NONE', ( #5689 ), #2090, .F. ) ;
#2450 = EDGE_CURVE ( 'NONE', #4098, #3528, #36, .T. ) ;
#2451 = ORIENTED_EDGE ( 'NONE', *, *, #956, .F. ) ;
#2452 = DIRECTION ( 'NONE',  ( 0.000000000000000000, 0.000000000000000000, 1.000000000000000000 ) ) ;
#2453 = CARTESIAN_POINT ( 'NONE',  ( 93.96142399166002690, -13.96142399166003933, 10.00000000000000000 ) ) ;
#2454 = FACE_OUTER_BOUND ( 'NONE', #5721, .T. ) ;
#2455 = CARTESIAN_POINT ( 'NONE',  ( 0.000000000000000000, -8.099999999999996092, 10.00000000000000000 ) ) ;
#2456 = FACE_BOUND ( 'NONE', #3564, .T. ) ;
#2457 = CIRCLE ( 'NONE', #5849, 1.549999999999968070 ) ;
#2458 = EDGE_LOOP ( 'NONE', ( #3761, #4357, #1885, #1495 ) ) ;
#2459 = EDGE_LOOP ( 'NONE', ( #5163, #3435, #5220, #965 ) ) ;
#2460 = AXIS2_PLACEMENT_3D ( 'NONE', #3492, #5333, #1676 ) ;
#2461 = DIRECTION ( 'NONE',  ( 1.000000000000000000, 0.000000000000000000, 0.000000000000000000 ) ) ;
#2462 = CARTESIAN_POINT ( 'NONE',  ( -79.80000000000002558, 7.600000000000000533, 0.000000000000000000 ) ) ;
#2463 = VERTEX_POINT ( 'NONE', #1579 ) ;
#2464 = VECTOR ( 'NONE', #740, 1000.000000000000114 ) ;
#2465 = CONICAL_SURFACE ( 'NONE', #5863, 8.500000000000007105, 0.7853981633974482790 ) ;
#2466 = VECTOR ( 'NONE', #1390, 1000.000000000000114 ) ;
#2467 = AXIS2_PLACEMENT_3D ( 'NONE', #700, #3576, #3049 ) ;
#2468 = FACE_OUTER_BOUND ( 'NONE', #2459, .T. ) ;
#2469 = DIRECTION ( 'NONE',  ( -1.000000000000000000, 0.000000000000000000, 0.000000000000000000 ) ) ;
#2470 = CARTESIAN_POINT ( 'NONE',  ( 88.09999999999998010, 9.600000000000003197, 0.000000000000000000 ) ) ;
#2471 = VECTOR ( 'NONE', #878, 1000.000000000000000 ) ;
#2472 = AXIS2_PLACEMENT_3D ( 'NONE', #5934, #3694, #951 ) ;
#2473 = CIRCLE ( 'NONE', #955, 1.549999999999968070 ) ;
#2474 = ORIENTED_EDGE ( 'NONE', *, *, #2604, .F. ) ;
#2475 = PLANE ( 'NONE',  #2278 ) ;
#2476 = ORIENTED_EDGE ( 'NONE', *, *, #2124, .F. ) ;
#2477 = DIRECTION ( 'NONE',  ( -1.000000000000000000, 0.000000000000000000, 0.000000000000000000 ) ) ;
#2478 = DIRECTION ( 'NONE',  ( 0.000000000000000000, -0.000000000000000000, 1.000000000000000000 ) ) ;
#2479 = DIRECTION ( 'NONE',  ( -0.000000000000000000, -0.000000000000000000, -1.000000000000000000 ) ) ;
#2480 = AXIS2_PLACEMENT_3D ( 'NONE', #2432, #3896, #1594 ) ;
#2481 = ORIENTED_EDGE ( 'NONE', *, *, #3335, .T. ) ;
#2482 = EDGE_CURVE ( 'NONE', #2979, #4717, #4332, .T. ) ;
#2483 = VERTEX_POINT ( 'NONE', #2120 ) ;
#2484 = EDGE_CURVE ( 'NONE', #5550, #384, #3018, .T. ) ;
#2485 = ADVANCED_FACE ( 'NONE', ( #743 ), #2961, .T. ) ;
#2486 = EDGE_LOOP ( 'NONE', ( #2068, #4825, #5240, #2864 ) ) ;
#2487 = DIRECTION ( 'NONE',  ( 0.000000000000000000, 1.000000000000000000, 0.000000000000000000 ) ) ;
#2488 = CARTESIAN_POINT ( 'NONE',  ( 87.09999999999998010, 9.067140075112090969, 10.00000000000000000 ) ) ;
#2489 = ORIENTED_EDGE ( 'NONE', *, *, #2562, .F. ) ;
#2490 = CARTESIAN_POINT ( 'NONE',  ( -78.33285992488791294, -7.099999999999995204, 10.00000000000000000 ) ) ;
#2491 = CARTESIAN_POINT ( 'NONE',  ( 0.000000000000000000, 7.100000000000000533, 10.00000000000000000 ) ) ;
#2492 = DIRECTION ( 'NONE',  ( 1.000000000000000000, 0.000000000000000000, 0.000000000000000000 ) ) ;
#2493 = CARTESIAN_POINT ( 'NONE',  ( 88.09999999999998010, -5.600000000000000533, 10.00000000000000000 ) ) ;
#2494 = ORIENTED_EDGE ( 'NONE', *, *, #5199, .T. ) ;
#2495 = ORIENTED_EDGE ( 'NONE', *, *, #2482, .T. ) ;
#2496 = CARTESIAN_POINT ( 'NONE',  ( 70.39999999999999147, -7.100000000000002309, 10.00000000000000000 ) ) ;
#2497 = CARTESIAN_POINT ( 'NONE',  ( -79.30000000000002558, 9.067140075112119391, 0.000000000000000000 ) ) ;
#2498 = APPLICATION_CONTEXT ( 'automotive_design' ) ;
#2499 = LINE ( 'NONE', #855, #1240 ) ;
#2500 = DIRECTION ( 'NONE',  ( -0.000000000000000000, 0.000000000000000000, -1.000000000000000000 ) ) ;
#2501 = CARTESIAN_POINT ( 'NONE',  ( -79.30000000000002558, 6.132859924887882563, 10.00000000000000000 ) ) ;
#2502 = VERTEX_POINT ( 'NONE', #3483 ) ;
#2503 = CARTESIAN_POINT ( 'NONE',  ( -50.00000000000001421, 22.50000000000001066, 1.000000000000000888 ) ) ;
#2504 = AXIS2_PLACEMENT_3D ( 'NONE', #1491, #5542, #4693 ) ;
#2505 = DIRECTION ( 'NONE',  ( 1.000000000000000000, 0.000000000000000000, 0.000000000000000000 ) ) ;
#2506 = ORIENTED_EDGE ( 'NONE', *, *, #4154, .T. ) ;
#2507 = DIRECTION ( 'NONE',  ( 0.000000000000000000, -0.000000000000000000, -1.000000000000000000 ) ) ;
#2508 = PLANE ( 'NONE',  #1429 ) ;
#2509 = DIRECTION ( 'NONE',  ( -0.000000000000000000, 0.000000000000000000, 1.000000000000000000 ) ) ;
#2510 = ORIENTED_EDGE ( 'NONE', *, *, #5103, .F. ) ;
#2511 = VERTEX_POINT ( 'NONE', #3454 ) ;
#2512 = EDGE_CURVE ( 'NONE', #4935, #4037, #4655, .T. ) ;
#2513 = VERTEX_POINT ( 'NONE', #5299 ) ;
#2514 = ADVANCED_FACE ( 'NONE', ( #1155 ), #2212, .F. ) ;
#2515 = LINE ( 'NONE', #3913, #4682 ) ;
#2516 = DIRECTION ( 'NONE',  ( -1.000000000000000000, 0.000000000000000000, 0.000000000000000000 ) ) ;
#2517 = ORIENTED_EDGE ( 'NONE', *, *, #2484, .T. ) ;
#2518 = CARTESIAN_POINT ( 'NONE',  ( 94.99999999999997158, -15.00000000000000000, 8.999999999999996447 ) ) ;
#2519 = CARTESIAN_POINT ( 'NONE',  ( -67.99305421544660533, 15.00000000000000000, 0.000000000000000000 ) ) ;
#2520 = CARTESIAN_POINT ( 'NONE',  ( 52.30513373084020401, -24.50000000000000000, 0.000000000000000000 ) ) ;
#2521 = ORIENTED_EDGE ( 'NONE', *, *, #3957, .F. ) ;
#2522 = EDGE_CURVE ( 'NONE', #5344, #4216, #4036, .T. ) ;
#2523 = ORIENTED_EDGE ( 'NONE', *, *, #695, .F. ) ;
#2524 = ADVANCED_FACE ( 'NONE', ( #4488 ), #2050, .T. ) ;
#2525 = VERTEX_POINT ( 'NONE', #3612 ) ;
#2526 = VECTOR ( 'NONE', #332, 1000.000000000000000 ) ;
#2527 = DIRECTION ( 'NONE',  ( -0.000000000000000000, -0.000000000000000000, -1.000000000000000000 ) ) ;
#2528 = CARTESIAN_POINT ( 'NONE',  ( -80.30000000000002558, 0.000000000000000000, 0.000000000000000000 ) ) ;
#2529 = B_SPLINE_CURVE_WITH_KNOTS ( 'NONE', 3,
 ( #5885, #327, #2158, #3586 ),
 .UNSPECIFIED., .F., .F.,
 ( 4, 4 ),
 ( 0.000000000000000000, 0.002006815278302185451 ),
 .UNSPECIFIED. ) ;
#2530 = AXIS2_PLACEMENT_3D ( 'NONE', #2049, #1600, #3445 ) ;
#2531 = ADVANCED_FACE ( 'NONE', ( #4066 ), #4549, .F. ) ;
#2532 = DIRECTION ( 'NONE',  ( -0.000000000000000000, -0.000000000000000000, -1.000000000000000000 ) ) ;
#2533 = DIRECTION ( 'NONE',  ( -1.000000000000000000, 0.000000000000000000, 0.000000000000000000 ) ) ;
#2534 = CARTESIAN_POINT ( 'NONE',  ( 66.67639918272502086, 0.000000000000000000, 9.000000000000000000 ) ) ;
#2535 = DIRECTION ( 'NONE',  ( -0.000000000000000000, -0.000000000000000000, 1.000000000000000000 ) ) ;
#2536 = VECTOR ( 'NONE', #1735, 1000.000000000000000 ) ;
#2537 = B_SPLINE_CURVE_WITH_KNOTS ( 'NONE', 3,
 ( #2453, #1972, #4787, #2518 ),
 .UNSPECIFIED., .F., .F.,
 ( 4, 4 ),
 ( 0.000000000000000000, 0.001776873729390671336 ),
 .UNSPECIFIED. ) ;
#2538 = LINE ( 'NONE', #2086, #1609 ) ;
#2539 = CARTESIAN_POINT ( 'NONE',  ( -80.30000000000002558, -6.132859924887886116, 0.000000000000000000 ) ) ;
#2540 = ORIENTED_EDGE ( 'NONE', *, *, #10, .F. ) ;
#2541 = DIRECTION ( 'NONE',  ( -0.000000000000000000, -0.000000000000000000, -1.000000000000000000 ) ) ;
#2542 = DIRECTION ( 'NONE',  ( -1.000000000000000000, 0.000000000000000000, 0.000000000000000000 ) ) ;
#2543 = CARTESIAN_POINT ( 'NONE',  ( -80.30000000000002558, 0.000000000000000000, 10.00000000000000000 ) ) ;
#2544 = VERTEX_POINT ( 'NONE', #349 ) ;
#2545 = ORIENTED_EDGE ( 'NONE', *, *, #3719, .T. ) ;
#2546 = ORIENTED_EDGE ( 'NONE', *, *, #5526, .F. ) ;
#2547 = CARTESIAN_POINT ( 'NONE',  ( 59.99999999999999289, 22.41619848709568785, 9.000000000000010658 ) ) ;
#2548 = CARTESIAN_POINT ( 'NONE',  ( 0.000000000000000000, 8.100000000000001421, 0.000000000000000000 ) ) ;
#2549 = ORIENTED_EDGE ( 'NONE', *, *, #4139, .F. ) ;
#2550 = FACE_OUTER_BOUND ( 'NONE', #1738, .T. ) ;
#2551 = DIRECTION ( 'NONE',  ( 1.000000000000000000, 0.000000000000000000, 0.000000000000000000 ) ) ;
#2552 = CARTESIAN_POINT ( 'NONE',  ( 0.000000000000000000, -7.100000000000002309, 0.000000000000000000 ) ) ;
#2553 = EDGE_LOOP ( 'NONE', ( #1584, #2242, #5105, #3076 ) ) ;
#2554 = ORIENTED_EDGE ( 'NONE', *, *, #2560, .F. ) ;
#2555 = EDGE_CURVE ( 'NONE', #4258, #5235, #1865, .T. ) ;
#2556 = EDGE_LOOP ( 'NONE', ( #1350, #5183, #1394, #5966 ) ) ;
#2557 = DIRECTION ( 'NONE',  ( 0.000000000000000000, 1.000000000000000000, 0.000000000000000000 ) ) ;
#2558 = CARTESIAN_POINT ( 'NONE',  ( 49.99999999999998579, 22.50000000000000711, 1.000000000000000888 ) ) ;
#2559 = ORIENTED_EDGE ( 'NONE', *, *, #2038, .F. ) ;
#2560 = EDGE_CURVE ( 'NONE', #1168, #6, #5395, .T. ) ;
#2561 = AXIS2_PLACEMENT_3D ( 'NONE', #1100, #2487, #197 ) ;
#2562 = EDGE_CURVE ( 'NONE', #2832, #1203, #921, .T. ) ;
#2563 = CARTESIAN_POINT ( 'NONE',  ( -80.30000000000002558, 0.000000000000000000, 10.00000000000000000 ) ) ;
#2564 = CARTESIAN_POINT ( 'NONE',  ( 87.09999999999998010, -9.067140075112090969, 0.000000000000000000 ) ) ;
#2565 = LINE ( 'NONE', #1940, #4994 ) ;
#2566 = VECTOR ( 'NONE', #434, 1000.000000000000000 ) ;
#2567 = VECTOR ( 'NONE', #3783, 1000.000000000000114 ) ;
#2568 = AXIS2_PLACEMENT_3D ( 'NONE', #959, #4658, #5490 ) ;
#2569 = VECTOR ( 'NONE', #3354, 1000.000000000000000 ) ;
#2570 = CARTESIAN_POINT ( 'NONE',  ( -49.99999999999994316, 32.50000000000000711, 1.000000000000000888 ) ) ;
#2571 = AXIS2_PLACEMENT_3D ( 'NONE', #2605, #706, #249 ) ;
#2572 = CARTESIAN_POINT ( 'NONE',  ( 65.00000000000004263, -15.00000000000000000, 1.000000000000000888 ) ) ;
#2573 = VERTEX_POINT ( 'NONE', #5002 ) ;
#2574 = DIRECTION ( 'NONE',  ( -0.000000000000000000, -0.000000000000000000, -1.000000000000000000 ) ) ;
#2575 = DIRECTION ( 'NONE',  ( -0.000000000000000000, -0.000000000000000000, -1.000000000000000000 ) ) ;
#2576 = CARTESIAN_POINT ( 'NONE',  ( -77.80000000000002558, -7.099999999999995204, 0.000000000000000000 ) ) ;
#2577 = ORIENTED_EDGE ( 'NONE', *, *, #4106, .T. ) ;
#2578 = AXIS2_PLACEMENT_3D ( 'NONE', #5186, #1622, #4371 ) ;
#2579 = CIRCLE ( 'NONE', #5964, 1.750000000000001554 ) ;
#2580 = ORIENTED_EDGE ( 'NONE', *, *, #5621, .F. ) ;
#2581 = EDGE_LOOP ( 'NONE', ( #3787, #2992, #4560, #272 ) ) ;
#2582 = CARTESIAN_POINT ( 'NONE',  ( 0.000000000000000000, -32.49999999999998579, 10.00000000000000000 ) ) ;
#2583 = DIRECTION ( 'NONE',  ( 0.000000000000000000, 0.000000000000000000, -1.000000000000000000 ) ) ;
#2584 = ORIENTED_EDGE ( 'NONE', *, *, #5774, .F. ) ;
#2585 = LINE ( 'NONE', #1296, #1130 ) ;
#2586 = CARTESIAN_POINT ( 'NONE',  ( 89.59999999999998010, -8.100000000000003197, 10.00000000000000000 ) ) ;
#2587 = LINE ( 'NONE', #5338, #1763 ) ;
#2588 = AXIS2_PLACEMENT_3D ( 'NONE', #2844, #5177, #4691 ) ;
#2589 = EDGE_CURVE ( 'NONE', #1210, #5335, #3095, .T. ) ;
#2590 = VERTEX_POINT ( 'NONE', #382 ) ;
#2591 = ORIENTED_EDGE ( 'NONE', *, *, #4894, .F. ) ;
#2592 = VECTOR ( 'NONE', #5951, 1000.000000000000000 ) ;
#2593 = ORIENTED_EDGE ( 'NONE', *, *, #883, .F. ) ;
#2594 = DIRECTION ( 'NONE',  ( -1.000000000000000000, 0.000000000000000000, 0.000000000000000000 ) ) ;
#2595 = DIRECTION ( 'NONE',  ( 0.000000000000000000, 1.000000000000000000, -0.000000000000000000 ) ) ;
#2596 = FACE_OUTER_BOUND ( 'NONE', #3102, .T. ) ;
#2597 = ORIENTED_EDGE ( 'NONE', *, *, #630, .F. ) ;
#2598 = VERTEX_POINT ( 'NONE', #806 ) ;
#2599 = EDGE_CURVE ( 'NONE', #5433, #2111, #897, .T. ) ;
#2600 = FACE_OUTER_BOUND ( 'NONE', #1075, .T. ) ;
#2601 = CARTESIAN_POINT ( 'NONE',  ( 67.67639918272502086, 0.000000000000000000, 10.00000000000000000 ) ) ;
#2602 = CARTESIAN_POINT ( 'NONE',  ( -80.30000000000002558, -9.067140075112119391, 10.00000000000000000 ) ) ;
#2603 = EDGE_CURVE ( 'NONE', #5587, #3672, #5241, .T. ) ;
#2604 = EDGE_CURVE ( 'NONE', #2513, #3350, #5881, .T. ) ;
#2605 = CARTESIAN_POINT ( 'NONE',  ( -79.80000000000002558, -7.600000000000002309, 10.00000000000000000 ) ) ;
#2606 = CARTESIAN_POINT ( 'NONE',  ( -51.25318380357697379, 15.00000000000000000, 0.000000000000000000 ) ) ;
#2607 = ORIENTED_EDGE ( 'NONE', *, *, #5851, .F. ) ;
#2608 = LINE ( 'NONE', #5717, #1601 ) ;
#2609 = ORIENTED_EDGE ( 'NONE', *, *, #1451, .F. ) ;
#2610 = VERTEX_POINT ( 'NONE', #1285 ) ;
#2611 = EDGE_CURVE ( 'NONE', #1366, #4085, #1792, .T. ) ;
#2612 = ORIENTED_EDGE ( 'NONE', *, *, #5519, .T. ) ;
#2613 = CARTESIAN_POINT ( 'NONE',  ( -80.30000000000002558, -5.599999999999994316, 0.000000000000000000 ) ) ;
#2614 = DIRECTION ( 'NONE',  ( 1.000000000000000000, -1.598423774292916912E-14, 0.000000000000000000 ) ) ;
#2615 = ORIENTED_EDGE ( 'NONE', *, *, #2408, .F. ) ;
#2616 = LINE ( 'NONE', #929, #3065 ) ;
#2617 = DIRECTION ( 'NONE',  ( 1.000000000000000000, 0.000000000000000000, 0.000000000000000000 ) ) ;
#2618 = EDGE_CURVE ( 'NONE', #4510, #2054, #3312, .T. ) ;
#2619 = DIRECTION ( 'NONE',  ( -0.000000000000000000, 0.000000000000000000, 1.000000000000000000 ) ) ;
#2620 = EDGE_LOOP ( 'NONE', ( #5791, #1582, #4339, #402 ) ) ;
#2621 = B_SPLINE_CURVE_WITH_KNOTS ( 'NONE', 3,
 ( #2234, #5960, #1820, #3666 ),
 .UNSPECIFIED., .F., .F.,
 ( 4, 4 ),
 ( 0.000000000000000000, 0.002006815278302209737 ),
 .UNSPECIFIED. ) ;
#2622 = VECTOR ( 'NONE', #210, 1000.000000000000000 ) ;
#2623 = ADVANCED_FACE ( 'NONE', ( #3125 ), #3188, .F. ) ;
#2624 = VERTEX_POINT ( 'NONE', #5054 ) ;
#2625 = CARTESIAN_POINT ( 'NONE',  ( 88.09999999999998010, 5.600000000000002309, 10.00000000000000000 ) ) ;
#2626 = DIRECTION ( 'NONE',  ( 0.000000000000000000, 1.000000000000000000, -0.000000000000000000 ) ) ;
#2627 = DIRECTION ( 'NONE',  ( 0.7071067811865359154, 1.090341985197051756E-16, 0.7071067811865592301 ) ) ;
#2628 = ORIENTED_EDGE ( 'NONE', *, *, #2611, .F. ) ;
#2629 = ORIENTED_EDGE ( 'NONE', *, *, #5343, .T. ) ;
#2630 = LINE ( 'NONE', #1730, #1331 ) ;
#2631 = DIRECTION ( 'NONE',  ( -0.000000000000000000, -0.000000000000000000, 1.000000000000000000 ) ) ;
#2632 = CIRCLE ( 'NONE', #4746, 9.500000000000001776 ) ;
#2633 = VECTOR ( 'NONE', #3380, 1000.000000000000000 ) ;
#2634 = EDGE_CURVE ( 'NONE', #3571, #3910, #520, .T. ) ;
#2635 = AXIS2_PLACEMENT_3D ( 'NONE', #5563, #2808, #2871 ) ;
#2636 = ADVANCED_FACE ( 'NONE', ( #4602 ), #2150, .F. ) ;
#2637 = PLANE ( 'NONE',  #3549 ) ;
#2638 = AXIS2_PLACEMENT_3D ( 'NONE', #4522, #1317, #3154 ) ;
#2639 = LINE ( 'NONE', #347, #5761 ) ;
#2640 = EDGE_LOOP ( 'NONE', ( #4869, #2204, #2653, #4719 ) ) ;
#2641 = DIRECTION ( 'NONE',  ( 1.000000000000000000, 0.000000000000000000, 0.000000000000000000 ) ) ;
#2642 = EDGE_CURVE ( 'NONE', #3350, #5453, #4960, .T. ) ;
#2643 = ORIENTED_EDGE ( 'NONE', *, *, #5789, .T. ) ;
#2644 = ORIENTED_EDGE ( 'NONE', *, *, #3009, .F. ) ;
#2645 = EDGE_LOOP ( 'NONE', ( #979, #1583, #3183, #2181 ) ) ;
#2646 = FACE_OUTER_BOUND ( 'NONE', #2553, .T. ) ;
#2647 = DIRECTION ( 'NONE',  ( -0.000000000000000000, 0.000000000000000000, 1.000000000000000000 ) ) ;
#2648 = ORIENTED_EDGE ( 'NONE', *, *, #5676, .F. ) ;
#2649 = CARTESIAN_POINT ( 'NONE',  ( 87.59999999999998010, -7.599999999999996092, 10.00000000000000000 ) ) ;
#2650 = CARTESIAN_POINT ( 'NONE',  ( -34.25318380357697379, -15.00000000000000000, 10.00000000000000000 ) ) ;
#2651 = DIRECTION ( 'NONE',  ( 1.000000000000000000, 0.000000000000000000, -0.000000000000000000 ) ) ;
#2652 = EDGE_CURVE ( 'NONE', #5701, #5887, #2870, .T. ) ;
#2653 = ORIENTED_EDGE ( 'NONE', *, *, #5024, .T. ) ;
#2654 = EDGE_CURVE ( 'NONE', #1969, #5883, #125, .T. ) ;
#2655 = CIRCLE ( 'NONE', #3625, 8.999999999999994671 ) ;
#2656 = EDGE_LOOP ( 'NONE', ( #732, #3556, #2123, #3314 ) ) ;
#2657 = CARTESIAN_POINT ( 'NONE',  ( -66.82360081727497914, -8.500000000000000000, 1.000000000000000888 ) ) ;
#2658 = DIRECTION ( 'NONE',  ( 0.000000000000000000, -0.7071067811865567876, 0.7071067811865383579 ) ) ;
#2659 = CIRCLE ( 'NONE', #5938, 13.99999999999998401 ) ;
#2660 = DIRECTION ( 'NONE',  ( -0.000000000000000000, 0.000000000000000000, -1.000000000000000000 ) ) ;
#2661 = FACE_OUTER_BOUND ( 'NONE', #4622, .T. ) ;
#2662 = ORIENTED_EDGE ( 'NONE', *, *, #4811, .F. ) ;
#2663 = ORIENTED_EDGE ( 'NONE', *, *, #1842, .T. ) ;
#2664 = DIRECTION ( 'NONE',  ( 1.000000000000000000, 0.000000000000000000, 0.000000000000000000 ) ) ;
#2665 = CARTESIAN_POINT ( 'NONE',  ( 49.99999999999992184, -31.50000000000001421, 10.00000000000000000 ) ) ;
#2666 = VECTOR ( 'NONE', #4429, 1000.000000000000000 ) ;
#2667 = CARTESIAN_POINT ( 'NONE',  ( 87.09999999999998010, 0.000000000000000000, 0.000000000000000000 ) ) ;
#2668 = VERTEX_POINT ( 'NONE', #3237 ) ;
#2669 = VECTOR ( 'NONE', #2970, 1000.000000000000000 ) ;
#2670 = DIRECTION ( 'NONE',  ( 1.000000000000000000, 0.000000000000000000, 0.000000000000000000 ) ) ;
#2671 =( NAMED_UNIT ( * ) SI_UNIT ( $, .STERADIAN. ) SOLID_ANGLE_UNIT ( ) );
#2672 = ORIENTED_EDGE ( 'NONE', *, *, #1494, .T. ) ;
#2673 = AXIS2_PLACEMENT_3D ( 'NONE', #1639, #4905, #1699 ) ;
#2674 = VECTOR ( 'NONE', #1666, 1000.000000000000000 ) ;
#2675 = ORIENTED_EDGE ( 'NONE', *, *, #281, .T. ) ;
#2676 = CIRCLE ( 'NONE', #271, 14.99999999999995737 ) ;
#2677 = AXIS2_PLACEMENT_3D ( 'NONE', #4985, #3687, #827 ) ;
#2678 = ORIENTED_EDGE ( 'NONE', *, *, #1526, .T. ) ;
#2679 = DIRECTION ( 'NONE',  ( 1.000000000000000000, 0.000000000000000000, -0.000000000000000000 ) ) ;
#2680 = CARTESIAN_POINT ( 'NONE',  ( 73.86714007511207569, 7.100000000000000533, 10.00000000000000000 ) ) ;
#2681 = ORIENTED_EDGE ( 'NONE', *, *, #1961, .F. ) ;
#2682 = DIRECTION ( 'NONE',  ( -0.000000000000000000, -0.000000000000000000, -1.000000000000000000 ) ) ;
#2683 = LINE ( 'NONE', #390, #4388 ) ;
#2684 = CARTESIAN_POINT ( 'NONE',  ( 70.93285992488790725, -8.100000000000003197, 0.000000000000000000 ) ) ;
#2685 = ADVANCED_FACE ( 'NONE', ( #5202 ), #4203, .T. ) ;
#2686 = CIRCLE ( 'NONE', #76, 1.549999999999968070 ) ;
#2687 = ORIENTED_EDGE ( 'NONE', *, *, #1013, .T. ) ;
#2688 = ADVANCED_FACE ( 'NONE', ( #3321 ), #4652, .T. ) ;
#2689 = EDGE_CURVE ( 'NONE', #352, #4981, #13, .T. ) ;
#2690 = CIRCLE ( 'NONE', #1821, 1.549999999999968070 ) ;
#2691 = ORIENTED_EDGE ( 'NONE', *, *, #5661, .F. ) ;
#2692 = CARTESIAN_POINT ( 'NONE',  ( -66.82360081727497914, 8.500000000000000000, 1.000000000000000888 ) ) ;
#2693 = LINE ( 'NONE', #4506, #5384 ) ;
#2694 = CARTESIAN_POINT ( 'NONE',  ( 0.000000000000000000, -9.600000000000001421, 10.00000000000000000 ) ) ;
#2695 = LINE ( 'NONE', #1841, #2466 ) ;
#2696 = B_SPLINE_CURVE_WITH_KNOTS ( 'NONE', 3,
 ( #3881, #5726, #2882, #1496 ),
 .UNSPECIFIED., .F., .F.,
 ( 4, 4 ),
 ( 0.000000000000000000, 0.001776873729390671336 ),
 .UNSPECIFIED. ) ;
#2697 = VERTEX_POINT ( 'NONE', #1400 ) ;
#2698 = VECTOR ( 'NONE', #2878, 1000.000000000000000 ) ;
#2699 = ORIENTED_EDGE ( 'NONE', *, *, #5329, .F. ) ;
#2700 = DIRECTION ( 'NONE',  ( -0.000000000000000000, 0.000000000000000000, 1.000000000000000000 ) ) ;
#2701 = DIRECTION ( 'NONE',  ( 0.000000000000000000, -1.000000000000000000, 0.000000000000000000 ) ) ;
#2702 = EDGE_CURVE ( 'NONE', #1168, #5686, #2352, .T. ) ;
#2703 = DIRECTION ( 'NONE',  ( 0.000000000000000000, 1.000000000000000000, -0.000000000000000000 ) ) ;
#2704 = ORIENTED_EDGE ( 'NONE', *, *, #3179, .T. ) ;
#2705 = DIRECTION ( 'NONE',  ( -1.000000000000000000, 0.000000000000000000, 0.000000000000000000 ) ) ;
#2706 = ORIENTED_EDGE ( 'NONE', *, *, #5781, .F. ) ;
#2707 = ORIENTED_EDGE ( 'NONE', *, *, #5900, .F. ) ;
#2708 = DIRECTION ( 'NONE',  ( -0.000000000000000000, -0.000000000000000000, -1.000000000000000000 ) ) ;
#2709 = DIRECTION ( 'NONE',  ( 1.000000000000000000, 0.000000000000000000, 0.000000000000000000 ) ) ;
#2710 = CARTESIAN_POINT ( 'NONE',  ( -81.26714007511213822, -7.099999999999995204, 0.000000000000000000 ) ) ;
#2711 = CARTESIAN_POINT ( 'NONE',  ( 94.99999999999997158, -15.00000000000000000, 0.9999999999999749090 ) ) ;
#2712 = CARTESIAN_POINT ( 'NONE',  ( 87.59999999999998010, -7.599999999999996092, 10.00000000000000000 ) ) ;
#2713 = ORIENTED_EDGE ( 'NONE', *, *, #1976, .T. ) ;
#2714 = AXIS2_PLACEMENT_3D ( 'NONE', #2367, #1920, #5582 ) ;
#2715 = EDGE_CURVE ( 'NONE', #3507, #5461, #1032, .T. ) ;
#2716 = ORIENTED_EDGE ( 'NONE', *, *, #5259, .F. ) ;
#2717 = DIRECTION ( 'NONE',  ( 1.000000000000000000, 0.000000000000000000, 0.000000000000000000 ) ) ;
#2718 = DIRECTION ( 'NONE',  ( 1.000000000000000000, 0.000000000000000000, 0.000000000000000000 ) ) ;
#2719 = CONICAL_SURFACE ( 'NONE', #3583, 13.99999999999998401, 0.7853981633974509435 ) ;
#2720 = PLANE ( 'NONE',  #2145 ) ;
#2721 = PLANE ( 'NONE',  #5083 ) ;
#2722 = EDGE_CURVE ( 'NONE', #4085, #5663, #2411, .T. ) ;
#2723 = ORIENTED_EDGE ( 'NONE', *, *, #5706, .F. ) ;
#2724 = VERTEX_POINT ( 'NONE', #4178 ) ;
#2725 = CARTESIAN_POINT ( 'NONE',  ( -49.75318380357697379, 15.00000000000000000, 10.00000000000000000 ) ) ;
#2726 = EDGE_CURVE ( 'NONE', #25, #601, #3723, .T. ) ;
#2727 = DIRECTION ( 'NONE',  ( -0.000000000000000000, 0.000000000000000000, 1.000000000000000000 ) ) ;
#2728 = DIRECTION ( 'NONE',  ( 1.000000000000000000, 1.678764654171138165E-15, 0.000000000000000000 ) ) ;
#2729 = ORIENTED_EDGE ( 'NONE', *, *, #1015, .F. ) ;
#2730 = DIRECTION ( 'NONE',  ( 0.000000000000000000, -0.000000000000000000, 1.000000000000000000 ) ) ;
#2731 = VERTEX_POINT ( 'NONE', #1454 ) ;
#2732 = VECTOR ( 'NONE', #5111, 1000.000000000000000 ) ;
#2733 = EDGE_LOOP ( 'NONE', ( #92, #61, #2133, #4017 ) ) ;
#2734 = CYLINDRICAL_SURFACE ( 'NONE', #749, 1.500000000000001332 ) ;
#2735 = CARTESIAN_POINT ( 'NONE',  ( -66.82360081727497914, 0.000000000000000000, 1.000000000000000888 ) ) ;
#2736 = CARTESIAN_POINT ( 'NONE',  ( 0.000000000000000000, 9.600000000000001421, 10.00000000000000000 ) ) ;
#2737 = LINE ( 'NONE', #4582, #4492 ) ;
#2738 = CARTESIAN_POINT ( 'NONE',  ( 58.17639918272502086, 0.000000000000000000, 9.000000000000000000 ) ) ;
#2739 = ORIENTED_EDGE ( 'NONE', *, *, #2802, .T. ) ;
#2740 = VERTEX_POINT ( 'NONE', #2295 ) ;
#2741 = DIRECTION ( 'NONE',  ( -1.000000000000000000, 0.000000000000000000, -0.000000000000000000 ) ) ;
#2742 = LINE ( 'NONE', #4588, #3351 ) ;
#2743 = CARTESIAN_POINT ( 'NONE',  ( -49.99999999999994316, -31.49999999999997158, 10.00000000000000000 ) ) ;
#2744 = PLANE ( 'NONE',  #2948 ) ;
#2745 = ORIENTED_EDGE ( 'NONE', *, *, #4567, .F. ) ;
#2746 = VECTOR ( 'NONE', #3917, 1000.000000000000000 ) ;
#2747 = ORIENTED_EDGE ( 'NONE', *, *, #1830, .F. ) ;
#2748 = DIRECTION ( 'NONE',  ( 1.000000000000000000, 0.000000000000000000, 0.000000000000000000 ) ) ;
#2749 = EDGE_CURVE ( 'NONE', #3223, #294, #5081, .T. ) ;
#2750 = EDGE_CURVE ( 'NONE', #4037, #1140, #953, .T. ) ;
#2751 = EDGE_CURVE ( 'NONE', #1618, #2511, #3355, .T. ) ;
#2752 = DIRECTION ( 'NONE',  ( -0.000000000000000000, -0.000000000000000000, -1.000000000000000000 ) ) ;
#2753 = DIRECTION ( 'NONE',  ( 1.000000000000000000, 0.000000000000000000, 0.000000000000000000 ) ) ;
#2754 = DIRECTION ( 'NONE',  ( -0.000000000000000000, -0.000000000000000000, -1.000000000000000000 ) ) ;
#2755 = AXIS2_PLACEMENT_3D ( 'NONE', #2738, #1235, #4583 ) ;
#2756 = ORIENTED_EDGE ( 'NONE', *, *, #2074, .F. ) ;
#2757 = ORIENTED_EDGE ( 'NONE', *, *, #2560, .T. ) ;
#2758 = DIRECTION ( 'NONE',  ( -0.000000000000000000, -0.000000000000000000, -1.000000000000000000 ) ) ;
#2759 = DIRECTION ( 'NONE',  ( -0.000000000000000000, -0.000000000000000000, -1.000000000000000000 ) ) ;
#2760 = CARTESIAN_POINT ( 'NONE',  ( -5.694866269159798655, -24.50000000000000000, 10.00000000000000000 ) ) ;
#2761 = CARTESIAN_POINT ( 'NONE',  ( -49.99999999999994316, -31.49999999999998579, 0.000000000000000000 ) ) ;
#2762 = CARTESIAN_POINT ( 'NONE',  ( -49.99999999999994316, -32.49999999999998579, 10.00000000000000000 ) ) ;
#2763 = VECTOR ( 'NONE', #5507, 1000.000000000000000 ) ;
#2764 = EDGE_LOOP ( 'NONE', ( #3566, #3518, #5939 ) ) ;
#2765 = VECTOR ( 'NONE', #799, 1000.000000000000000 ) ;
#2766 = ADVANCED_FACE ( 'NONE', ( #1931 ), #5534, .T. ) ;
#2767 = ORIENTED_EDGE ( 'NONE', *, *, #3592, .T. ) ;
#2768 = FACE_BOUND ( 'NONE', #4911, .T. ) ;
#2769 = CARTESIAN_POINT ( 'NONE',  ( -77.80000000000002558, 7.099999999999993427, 10.00000000000000000 ) ) ;
#2770 = AXIS2_PLACEMENT_3D ( 'NONE', #3176, #885, #2594 ) ;
#2771 = CARTESIAN_POINT ( 'NONE',  ( 87.09999999999998010, 0.000000000000000000, 10.00000000000000000 ) ) ;
#2772 = DIRECTION ( 'NONE',  ( 1.000000000000000000, 0.000000000000000000, 0.000000000000000000 ) ) ;
#2773 = AXIS2_PLACEMENT_3D ( 'NONE', #4437, #3493, #298 ) ;
#2774 = ORIENTED_EDGE ( 'NONE', *, *, #3376, .T. ) ;
#2775 = VECTOR ( 'NONE', #2907, 1000.000000000000000 ) ;
#2776 = ORIENTED_EDGE ( 'NONE', *, *, #5835, .F. ) ;
#2777 = DIRECTION ( 'NONE',  ( -0.000000000000000000, 0.000000000000000000, 1.000000000000000000 ) ) ;
#2778 = CONICAL_SURFACE ( 'NONE', #3656, 9.000000000000007105, 0.7853981633974491672 ) ;
#2779 = VECTOR ( 'NONE', #1659, 1000.000000000000000 ) ;
#2780 = EDGE_CURVE ( 'NONE', #5175, #5342, #493, .T. ) ;
#2781 = CYLINDRICAL_SURFACE ( 'NONE', #5479, 1.500000000000001332 ) ;
#2782 = FACE_OUTER_BOUND ( 'NONE', #3889, .T. ) ;
#2783 = CARTESIAN_POINT ( 'NONE',  ( 0.000000000000000000, 31.50000000000003553, 0.000000000000000000 ) ) ;
#2784 = EDGE_CURVE ( 'NONE', #1886, #2900, #40, .T. ) ;
#2785 = LINE ( 'NONE', #954, #34 ) ;
#2786 = EDGE_CURVE ( 'NONE', #3528, #4493, #3269, .T. ) ;
#2787 = ORIENTED_EDGE ( 'NONE', *, *, #2153, .F. ) ;
#2788 = LINE ( 'NONE', #5117, #4687 ) ;
#2789 = DIRECTION ( 'NONE',  ( -0.000000000000000000, -0.000000000000000000, -1.000000000000000000 ) ) ;
#2790 = DIRECTION ( 'NONE',  ( -0.000000000000000000, -0.000000000000000000, -1.000000000000000000 ) ) ;
#2791 = DIRECTION ( 'NONE',  ( 0.000000000000000000, 1.000000000000000000, -0.000000000000000000 ) ) ;
#2792 = CARTESIAN_POINT ( 'NONE',  ( 88.09999999999998010, 0.000000000000000000, 10.00000000000000000 ) ) ;
#2793 = ORIENTED_EDGE ( 'NONE', *, *, #579, .F. ) ;
#2794 = EDGE_CURVE ( 'NONE', #101, #798, #1475, .T. ) ;
#2795 = ORIENTED_EDGE ( 'NONE', *, *, #639, .T. ) ;
#2796 = FACE_BOUND ( 'NONE', #4009, .T. ) ;
#2797 = CARTESIAN_POINT ( 'NONE',  ( 65.00000000000004263, 15.00000000000000000, 10.00000000000000000 ) ) ;
#2798 = DIRECTION ( 'NONE',  ( 0.000000000000000000, -0.000000000000000000, -1.000000000000000000 ) ) ;
#2799 = DIRECTION ( 'NONE',  ( 0.000000000000000000, -0.000000000000000000, 1.000000000000000000 ) ) ;
#2800 = VECTOR ( 'NONE', #538, 1000.000000000000000 ) ;
#2801 = ORIENTED_EDGE ( 'NONE', *, *, #1397, .F. ) ;
#2802 = EDGE_CURVE ( 'NONE', #4493, #206, #3605, .T. ) ;
#2803 = ORIENTED_EDGE ( 'NONE', *, *, #4576, .T. ) ;
#2804 = PLANE ( 'NONE',  #3827 ) ;
#2805 = DIRECTION ( 'NONE',  ( -0.000000000000000000, -0.000000000000000000, -1.000000000000000000 ) ) ;
#2806 = DIRECTION ( 'NONE',  ( -1.000000000000000000, 0.000000000000000000, 0.000000000000000000 ) ) ;
#2807 = DIRECTION ( 'NONE',  ( -0.000000000000000000, 0.000000000000000000, 1.000000000000000000 ) ) ;
#2808 = DIRECTION ( 'NONE',  ( -1.000000000000000000, 0.000000000000000000, 0.000000000000000000 ) ) ;
#2809 = EDGE_CURVE ( 'NONE', #881, #420, #5322, .T. ) ;
#2810 = EDGE_LOOP ( 'NONE', ( #575, #2164, #2628, #2140 ) ) ;
#2811 = VECTOR ( 'NONE', #3918, 1000.000000000000000 ) ;
#2812 = CARTESIAN_POINT ( 'NONE',  ( 89.59999999999998010, 0.000000000000000000, 10.00000000000000000 ) ) ;
#2813 = ORIENTED_EDGE ( 'NONE', *, *, #5613, .T. ) ;
#2814 = CARTESIAN_POINT ( 'NONE',  ( 0.000000000000000000, -8.099999999999996092, 0.000000000000000000 ) ) ;
#2815 = LINE ( 'NONE', #2245, #1992 ) ;
#2816 = DIRECTION ( 'NONE',  ( -0.000000000000000000, -0.000000000000000000, -1.000000000000000000 ) ) ;
#2817 = PLANE ( 'NONE',  #1751 ) ;
#2818 = VERTEX_POINT ( 'NONE', #701 ) ;
#2819 = VECTOR ( 'NONE', #5351, 1000.000000000000000 ) ;
#2820 = AXIS2_PLACEMENT_3D ( 'NONE', #1074, #117, #3370 ) ;
#2821 = EDGE_CURVE ( 'NONE', #4510, #261, #5258, .T. ) ;
#2822 = ORIENTED_EDGE ( 'NONE', *, *, #731, .F. ) ;
#2823 = DIRECTION ( 'NONE',  ( 0.000000000000000000, 0.000000000000000000, 1.000000000000000000 ) ) ;
#2824 = VERTEX_POINT ( 'NONE', #5743 ) ;
#2825 = DIRECTION ( 'NONE',  ( 0.000000000000000000, -0.000000000000000000, -1.000000000000000000 ) ) ;
#2826 = DIRECTION ( 'NONE',  ( 1.541976423090500317E-16, -1.000000000000000000, 0.000000000000000000 ) ) ;
#2827 = LINE ( 'NONE', #3258, #4086 ) ;
#2828 = AXIS2_PLACEMENT_3D ( 'NONE', #3420, #223, #1612 ) ;
#2829 = DIRECTION ( 'NONE',  ( 0.000000000000000000, 1.000000000000000000, 0.000000000000000000 ) ) ;
#2830 = VERTEX_POINT ( 'NONE', #3869 ) ;
#2831 = VERTEX_POINT ( 'NONE', #4291 ) ;
#2832 = VERTEX_POINT ( 'NONE', #1087 ) ;
#2833 = VECTOR ( 'NONE', #5060, 999.9999999999998863 ) ;
#2834 = CONICAL_SURFACE ( 'NONE', #242, 14.00000000000002665, 0.7853981633974473908 ) ;
#2835 = DIRECTION ( 'NONE',  ( -0.000000000000000000, 0.000000000000000000, 1.000000000000000000 ) ) ;
#2836 = EDGE_CURVE ( 'NONE', #2403, #2968, #4386, .T. ) ;
#2837 = DIRECTION ( 'NONE',  ( -0.000000000000000000, -0.000000000000000000, -1.000000000000000000 ) ) ;
#2838 = DIRECTION ( 'NONE',  ( 1.000000000000000000, 0.000000000000000000, 0.000000000000000000 ) ) ;
#2839 = FILL_AREA_STYLE_COLOUR ( '', #518 ) ;
#2840 = VERTEX_POINT ( 'NONE', #150 ) ;
#2841 = CYLINDRICAL_SURFACE ( 'NONE', #4411, 1.549999999999968070 ) ;
#2842 = ORIENTED_EDGE ( 'NONE', *, *, #4116, .T. ) ;
#2843 = CARTESIAN_POINT ( 'NONE',  ( -0.000000000000000000, 7.099999999999993427, 0.000000000000000000 ) ) ;
#2844 = CARTESIAN_POINT ( 'NONE',  ( -7.444866269159799543, -24.50000000000000000, 10.00000000000000000 ) ) ;
#2845 = CARTESIAN_POINT ( 'NONE',  ( 0.000000000000000000, -7.100000000000002309, 10.00000000000000000 ) ) ;
#2846 = FACE_OUTER_BOUND ( 'NONE', #1502, .T. ) ;
#2847 = ORIENTED_EDGE ( 'NONE', *, *, #5075, .F. ) ;
#2848 = ORIENTED_EDGE ( 'NONE', *, *, #5141, .T. ) ;
#2849 = EDGE_CURVE ( 'NONE', #5461, #105, #1541, .T. ) ;
#2850 = LINE ( 'NONE', #1861, #4883 ) ;
#2851 = DIRECTION ( 'NONE',  ( 1.000000000000000000, 0.000000000000000000, 0.000000000000000000 ) ) ;
#2852 = VECTOR ( 'NONE', #1426, 1000.000000000000000 ) ;
#2853 = DIRECTION ( 'NONE',  ( 1.000000000000000000, 0.000000000000000000, 0.000000000000000000 ) ) ;
#2854 = LINE ( 'NONE', #4703, #5457 ) ;
#2855 = AXIS2_PLACEMENT_3D ( 'NONE', #3514, #5358, #4393 ) ;
#2856 = VECTOR ( 'NONE', #2874, 1000.000000000000000 ) ;
#2857 = CARTESIAN_POINT ( 'NONE',  ( 59.99999999999999289, -22.41619848709568785, 1.000000000000000888 ) ) ;
#2858 = ADVANCED_FACE ( 'NONE', ( #283 ), #1988, .F. ) ;
#2859 = ORIENTED_EDGE ( 'NONE', *, *, #5621, .T. ) ;
#2860 = EDGE_CURVE ( 'NONE', #1283, #782, #4743, .T. ) ;
#2861 = VECTOR ( 'NONE', #5350, 1000.000000000000000 ) ;
#2862 = CIRCLE ( 'NONE', #5962, 15.00000000000000000 ) ;
#2863 = ORIENTED_EDGE ( 'NONE', *, *, #5046, .T. ) ;
#2864 = ORIENTED_EDGE ( 'NONE', *, *, #447, .T. ) ;
#2865 = VECTOR ( 'NONE', #3649, 1000.000000000000000 ) ;
#2866 = VECTOR ( 'NONE', #67, 1000.000000000000000 ) ;
#2867 = EDGE_CURVE ( 'NONE', #5439, #2968, #5926, .T. ) ;
#2868 = CARTESIAN_POINT ( 'NONE',  ( -80.30000000000002558, -6.132859924887886116, 10.00000000000000000 ) ) ;
#2869 = DIRECTION ( 'NONE',  ( 0.000000000000000000, -0.000000000000000000, -1.000000000000000000 ) ) ;
#2870 = LINE ( 'NONE', #467, #5722 ) ;
#2871 = DIRECTION ( 'NONE',  ( 0.000000000000000000, 0.000000000000000000, 1.000000000000000000 ) ) ;
#2872 = CIRCLE ( 'NONE', #1822, 8.999999999999987566 ) ;
#2873 = VERTEX_POINT ( 'NONE', #3413 ) ;
#2874 = DIRECTION ( 'NONE',  ( 0.000000000000000000, -1.000000000000000000, 0.000000000000000000 ) ) ;
#2875 = ORIENTED_EDGE ( 'NONE', *, *, #2141, .F. ) ;
#2876 = FACE_OUTER_BOUND ( 'NONE', #2645, .T. ) ;
#2877 = CARTESIAN_POINT ( 'NONE',  ( -0.000000000000000000, 8.100000000000003197, 0.000000000000000000 ) ) ;
#2878 = DIRECTION ( 'NONE',  ( -0.000000000000000000, -0.000000000000000000, -1.000000000000000000 ) ) ;
#2879 = CARTESIAN_POINT ( 'NONE',  ( 88.09999999999998010, 9.067140075112090969, 10.00000000000000000 ) ) ;
#2880 = EDGE_LOOP ( 'NONE', ( #5535, #2070, #5767 ) ) ;
#2881 = ORIENTED_EDGE ( 'NONE', *, *, #196, .T. ) ;
#2882 = CARTESIAN_POINT ( 'NONE',  ( 94.65798675386800198, 14.65798675386803041, 9.342013246131967819 ) ) ;
#2883 = CARTESIAN_POINT ( 'NONE',  ( 71.89999999999999147, 0.000000000000000000, 10.00000000000000000 ) ) ;
#2884 = CARTESIAN_POINT ( 'NONE',  ( -0.000000000000000000, -5.600000000000000533, 0.000000000000000000 ) ) ;
#2885 = CARTESIAN_POINT ( 'NONE',  ( 71.89999999999999147, 0.000000000000000000, 0.000000000000000000 ) ) ;
#2886 = CARTESIAN_POINT ( 'NONE',  ( -81.26714007511213822, 8.099999999999996092, 10.00000000000000000 ) ) ;
#2887 = ORIENTED_EDGE ( 'NONE', *, *, #1603, .F. ) ;
#2888 = EDGE_CURVE ( 'NONE', #4070, #3627, #2920, .T. ) ;
#2889 = VERTEX_POINT ( 'NONE', #2470 ) ;
#2890 = ORIENTED_EDGE ( 'NONE', *, *, #838, .F. ) ;
#2891 = EDGE_CURVE ( 'NONE', #2997, #4216, #2333, .T. ) ;
#2892 = DIRECTION ( 'NONE',  ( -0.000000000000000000, -0.000000000000000000, -1.000000000000000000 ) ) ;
#2893 = LINE ( 'NONE', #5257, #459 ) ;
#2894 = DIRECTION ( 'NONE',  ( 1.000000000000000000, -8.953411488912736881E-15, 0.000000000000000000 ) ) ;
#2895 = EDGE_CURVE ( 'NONE', #3812, #676, #5340, .T. ) ;
#2896 = CARTESIAN_POINT ( 'NONE',  ( 72.39999999999999147, -7.599999999999998757, 10.00000000000000000 ) ) ;
#2897 = VECTOR ( 'NONE', #2016, 1000.000000000000114 ) ;
#2898 = ORIENTED_EDGE ( 'NONE', *, *, #2786, .T. ) ;
#2899 = CARTESIAN_POINT ( 'NONE',  ( 72.39999999999999147, 7.600000000000000533, 10.00000000000000000 ) ) ;
#2900 = VERTEX_POINT ( 'NONE', #2564 ) ;
#2901 = CARTESIAN_POINT ( 'NONE',  ( 72.39999999999999147, -7.599999999999998757, 0.000000000000000000 ) ) ;
#2902 = CARTESIAN_POINT ( 'NONE',  ( -66.82360081727497914, 8.500000000000000000, 0.000000000000000000 ) ) ;
#2903 = DIRECTION ( 'NONE',  ( 1.000000000000000000, -1.678764654171108188E-15, 0.000000000000000000 ) ) ;
#2904 = EDGE_LOOP ( 'NONE', ( #5517, #4285 ) ) ;
#2905 = EDGE_LOOP ( 'NONE', ( #2237, #839, #3966, #1654, #1108, #1016, #296, #4668, #1996, #970, #1474, #3078, #3061, #1332, #4428, #5667 ) ) ;
#2906 = DIRECTION ( 'NONE',  ( -0.000000000000000000, 0.000000000000000000, 1.000000000000000000 ) ) ;
#2907 = DIRECTION ( 'NONE',  ( -0.000000000000000000, -0.000000000000000000, -1.000000000000000000 ) ) ;
#2908 = DIRECTION ( 'NONE',  ( 0.000000000000000000, -0.000000000000000000, -1.000000000000000000 ) ) ;
#2909 = DIRECTION ( 'NONE',  ( 0.000000000000000000, -0.000000000000000000, 1.000000000000000000 ) ) ;
#2910 = VECTOR ( 'NONE', #190, 1000.000000000000000 ) ;
#2911 = DIRECTION ( 'NONE',  ( -1.000000000000000000, 0.000000000000000000, 0.000000000000000000 ) ) ;
#2912 = AXIS2_PLACEMENT_3D ( 'NONE', #72, #5594, #4292 ) ;
#2913 = ORIENTED_EDGE ( 'NONE', *, *, #3432, .F. ) ;
#2914 = ORIENTED_EDGE ( 'NONE', *, *, #5152, .F. ) ;
#2915 = CARTESIAN_POINT ( 'NONE',  ( -35.75318380357697379, -15.00000000000000000, 10.00000000000000000 ) ) ;
#2916 = ORIENTED_EDGE ( 'NONE', *, *, #5199, .F. ) ;
#2917 = CARTESIAN_POINT ( 'NONE',  ( -81.26714007511213822, -8.099999999999996092, 0.000000000000000000 ) ) ;
#2918 = EDGE_CURVE ( 'NONE', #1917, #2502, #5228, .T. ) ;
#2919 = CARTESIAN_POINT ( 'NONE',  ( -67.99305421544660533, 13.99999999999999822, 0.000000000000000000 ) ) ;
#2920 = LINE ( 'NONE', #1116, #1668 ) ;
#2921 = CARTESIAN_POINT ( 'NONE',  ( -77.80000000000002558, 7.099999999999993427, 0.000000000000000000 ) ) ;
#2922 = EDGE_CURVE ( 'NONE', #2258, #4460, #4802, .T. ) ;
#2923 = EDGE_CURVE ( 'NONE', #5947, #2624, #1149, .T. ) ;
#2924 = ORIENTED_EDGE ( 'NONE', *, *, #1737, .F. ) ;
#2925 = VECTOR ( 'NONE', #2791, 1000.000000000000000 ) ;
#2926 = CARTESIAN_POINT ( 'NONE',  ( 74.39999999999999147, -8.100000000000003197, 10.00000000000000000 ) ) ;
#2927 = ORIENTED_EDGE ( 'NONE', *, *, #3155, .F. ) ;
#2928 = CARTESIAN_POINT ( 'NONE',  ( -79.30000000000002558, 5.599999999999996980, 0.000000000000000000 ) ) ;
#2929 = DIRECTION ( 'NONE',  ( 1.000000000000000000, -5.595882180570460945E-15, 0.000000000000000000 ) ) ;
#2930 = DIRECTION ( 'NONE',  ( 1.000000000000000000, 0.000000000000000000, 0.000000000000000000 ) ) ;
#2931 = ORIENTED_EDGE ( 'NONE', *, *, #1759, .T. ) ;
#2932 = ORIENTED_EDGE ( 'NONE', *, *, #1510, .T. ) ;
#2933 = FACE_OUTER_BOUND ( 'NONE', #804, .T. ) ;
#2934 = LINE ( 'NONE', #2488, #4754 ) ;
#2935 = ORIENTED_EDGE ( 'NONE', *, *, #4707, .F. ) ;
#2936 = CARTESIAN_POINT ( 'NONE',  ( -77.80000000000002558, 0.000000000000000000, 10.00000000000000000 ) ) ;
#2937 = DIRECTION ( 'NONE',  ( -0.000000000000000000, -0.000000000000000000, -1.000000000000000000 ) ) ;
#2938 = CARTESIAN_POINT ( 'NONE',  ( 0.000000000000000000, -8.100000000000003197, 10.00000000000000000 ) ) ;
#2939 = DIRECTION ( 'NONE',  ( 1.000000000000000000, 0.000000000000000000, 0.000000000000000000 ) ) ;
#2940 = ORIENTED_EDGE ( 'NONE', *, *, #801, .F. ) ;
#2941 = ADVANCED_FACE ( 'NONE', ( #672 ), #1214, .F. ) ;
#2942 = ORIENTED_EDGE ( 'NONE', *, *, #5259, .T. ) ;
#2943 = AXIS2_PLACEMENT_3D ( 'NONE', #1918, #5950, #2365 ) ;
#2944 = DIRECTION ( 'NONE',  ( 0.000000000000000000, 0.7071067811865475727, 0.7071067811865475727 ) ) ;
#2945 = DIRECTION ( 'NONE',  ( 1.000000000000000000, 0.000000000000000000, 0.000000000000000000 ) ) ;
#2946 = CONICAL_SURFACE ( 'NONE', #2673, 8.999999999999994671, 0.7853981633974482790 ) ;
#2947 = VECTOR ( 'NONE', #3969, 1000.000000000000000 ) ;
#2948 = AXIS2_PLACEMENT_3D ( 'NONE', #5443, #2627, #1782 ) ;
#2949 = LINE ( 'NONE', #3411, #4226 ) ;
#2950 = CARTESIAN_POINT ( 'NONE',  ( 58.99999999999997868, 22.41619848709568785, 10.00000000000000000 ) ) ;
#2951 = CARTESIAN_POINT ( 'NONE',  ( 0.000000000000000000, 8.099999999999996092, 10.00000000000000000 ) ) ;
#2952 = CIRCLE ( 'NONE', #4793, 13.99999999999998401 ) ;
#2953 = AXIS2_PLACEMENT_3D ( 'NONE', #5392, #4485, #1607 ) ;
#2954 = EDGE_CURVE ( 'NONE', #2064, #5606, #2045, .T. ) ;
#2955 = VECTOR ( 'NONE', #3845, 1000.000000000000000 ) ;
#2956 = VERTEX_POINT ( 'NONE', #5291 ) ;
#2957 = CYLINDRICAL_SURFACE ( 'NONE', #2571, 1.549999999999995826 ) ;
#2958 = EDGE_CURVE ( 'NONE', #2125, #3197, #5444, .T. ) ;
#2959 = CARTESIAN_POINT ( 'NONE',  ( 50.55513373084020401, -24.50000000000000000, 10.00000000000000000 ) ) ;
#2960 = ORIENTED_EDGE ( 'NONE', *, *, #53, .F. ) ;
#2961 = CYLINDRICAL_SURFACE ( 'NONE', #428, 14.99999999999995737 ) ;
#2962 = CARTESIAN_POINT ( 'NONE',  ( 87.59999999999998010, -7.599999999999996092, 10.00000000000000000 ) ) ;
#2963 = DIRECTION ( 'NONE',  ( -0.000000000000000000, 0.000000000000000000, 1.000000000000000000 ) ) ;
#2964 = EDGE_CURVE ( 'NONE', #676, #3812, #5619, .T. ) ;
#2965 = AXIS2_PLACEMENT_3D ( 'NONE', #321, #807, #3944 ) ;
#2966 = AXIS2_PLACEMENT_3D ( 'NONE', #1110, #3471, #4859 ) ;
#2967 = ORIENTED_EDGE ( 'NONE', *, *, #3083, .T. ) ;
#2968 = VERTEX_POINT ( 'NONE', #2601 ) ;
#2969 = EDGE_LOOP ( 'NONE', ( #3093, #2444, #381, #226 ) ) ;
#2970 = DIRECTION ( 'NONE',  ( -1.000000000000000000, 0.000000000000000000, 0.000000000000000000 ) ) ;
#2971 = LINE ( 'NONE', #2548, #4571 ) ;
#2972 = ORIENTED_EDGE ( 'NONE', *, *, #840, .T. ) ;
#2973 = LINE ( 'NONE', #688, #171 ) ;
#2974 = CARTESIAN_POINT ( 'NONE',  ( -79.80000000000002558, -7.600000000000002309, 10.00000000000000000 ) ) ;
#2975 = LINE ( 'NONE', #2132, #2811 ) ;
#2976 = VERTEX_POINT ( 'NONE', #4451 ) ;
#2977 = EDGE_CURVE ( 'NONE', #5330, #1684, #3427, .T. ) ;
#2978 = ORIENTED_EDGE ( 'NONE', *, *, #932, .T. ) ;
#2979 = VERTEX_POINT ( 'NONE', #328 ) ;
#2980 = DIRECTION ( 'NONE',  ( -0.000000000000000000, -0.000000000000000000, -1.000000000000000000 ) ) ;
#2981 = DIRECTION ( 'NONE',  ( -0.000000000000000000, 0.000000000000000000, 1.000000000000000000 ) ) ;
#2982 = EDGE_CURVE ( 'NONE', #4810, #1053, #2971, .T. ) ;
#2983 = CARTESIAN_POINT ( 'NONE',  ( 89.59999999999998010, 7.100000000000002309, 0.000000000000000000 ) ) ;
#2984 = CARTESIAN_POINT ( 'NONE',  ( 74.39999999999999147, 0.000000000000000000, 10.00000000000000000 ) ) ;
#2985 = CARTESIAN_POINT ( 'NONE',  ( -34.25318380357697379, -15.00000000000000000, 0.000000000000000000 ) ) ;
#2986 = LINE ( 'NONE', #735, #239 ) ;
#2987 = CIRCLE ( 'NONE', #102, 1.549999999999968070 ) ;
#2988 = ORIENTED_EDGE ( 'NONE', *, *, #648, .F. ) ;
#2989 = DIRECTION ( 'NONE',  ( -0.000000000000000000, -0.000000000000000000, 1.000000000000000000 ) ) ;
#2990 = AXIS2_PLACEMENT_3D ( 'NONE', #5179, #4663, #2360 ) ;
#2991 = CARTESIAN_POINT ( 'NONE',  ( -67.99305421544660533, 13.99999999999999822, 0.000000000000000000 ) ) ;
#2992 = ORIENTED_EDGE ( 'NONE', *, *, #3893, .T. ) ;
#2993 = CARTESIAN_POINT ( 'NONE',  ( -50.00000000000001421, -22.49999999999998934, 9.000000000000010658 ) ) ;
#2994 = CARTESIAN_POINT ( 'NONE',  ( 87.09999999999998010, -6.132859924887913650, 0.000000000000000000 ) ) ;
#2995 = DIRECTION ( 'NONE',  ( 0.000000000000000000, -0.000000000000000000, -1.000000000000000000 ) ) ;
#2996 = EDGE_CURVE ( 'NONE', #1778, #4189, #2241, .T. ) ;
#2997 = VERTEX_POINT ( 'NONE', #5334 ) ;
#2998 = EDGE_LOOP ( 'NONE', ( #5882, #1375, #5250, #2431 ) ) ;
#2999 = ORIENTED_EDGE ( 'NONE', *, *, #401, .T. ) ;
#3000 = FACE_OUTER_BOUND ( 'NONE', #2280, .T. ) ;
#3001 = DIRECTION ( 'NONE',  ( 1.000000000000000000, 0.000000000000000000, 0.000000000000000000 ) ) ;
#3002 = ORIENTED_EDGE ( 'NONE', *, *, #2257, .F. ) ;
#3003 = LINE ( 'NONE', #4819, #861 ) ;
#3004 = CARTESIAN_POINT ( 'NONE',  ( -79.30000000000002558, 0.000000000000000000, 0.000000000000000000 ) ) ;
#3005 = DIRECTION ( 'NONE',  ( -0.000000000000000000, -0.000000000000000000, -1.000000000000000000 ) ) ;
#3006 = ADVANCED_FACE ( 'NONE', ( #2099 ), #811, .T. ) ;
#3007 = ORIENTED_EDGE ( 'NONE', *, *, #2722, .T. ) ;
#3008 = ORIENTED_EDGE ( 'NONE', *, *, #4235, .T. ) ;
#3009 = EDGE_CURVE ( 'NONE', #2029, #2064, #2934, .T. ) ;
#3010 = VERTEX_POINT ( 'NONE', #3983 ) ;
#3011 = CARTESIAN_POINT ( 'NONE',  ( -67.99305421544660533, 13.99999999999999822, 0.000000000000000000 ) ) ;
#3012 = DIRECTION ( 'NONE',  ( -1.000000000000000000, 0.000000000000000000, 0.000000000000000000 ) ) ;
#3013 = ORIENTED_EDGE ( 'NONE', *, *, #5526, .T. ) ;
#3014 = VECTOR ( 'NONE', #3476, 1000.000000000000114 ) ;
#3015 = DIRECTION ( 'NONE',  ( -1.541976423090500317E-16, 1.000000000000000000, 0.000000000000000000 ) ) ;
#3016 = CARTESIAN_POINT ( 'NONE',  ( 71.89999999999999147, 0.000000000000000000, 10.00000000000000000 ) ) ;
#3017 = LINE ( 'NONE', #4248, #70 ) ;
#3018 = CIRCLE ( 'NONE', #2828, 1.750000000000001554 ) ;
#3019 = EDGE_CURVE ( 'NONE', #2832, #4297, #5727, .T. ) ;
#3020 = DIRECTION ( 'NONE',  ( 0.000000000000000000, 1.000000000000000000, -0.000000000000000000 ) ) ;
#3021 = CARTESIAN_POINT ( 'NONE',  ( -80.30000000000002558, -5.599999999999994316, 10.00000000000000000 ) ) ;
#3022 = ORIENTED_EDGE ( 'NONE', *, *, #1129, .T. ) ;
#3023 = DIRECTION ( 'NONE',  ( 1.000000000000000000, 0.000000000000000000, 0.000000000000000000 ) ) ;
#3024 = CARTESIAN_POINT ( 'NONE',  ( 0.000000000000000000, 0.000000000000000000, 0.000000000000000000 ) ) ;
#3025 = DIRECTION ( 'NONE',  ( 1.000000000000000000, 0.000000000000000000, -0.000000000000000000 ) ) ;
#3026 = ORIENTED_EDGE ( 'NONE', *, *, #1129, .F. ) ;
#3027 = AXIS2_PLACEMENT_3D ( 'NONE', #1264, #757, #848 ) ;
#3028 = ORIENTED_EDGE ( 'NONE', *, *, #4383, .T. ) ;
#3029 = ORIENTED_EDGE ( 'NONE', *, *, #5380, .F. ) ;
#3030 = DIRECTION ( 'NONE',  ( 1.000000000000000000, 0.000000000000000000, 0.000000000000000000 ) ) ;
#3031 = CARTESIAN_POINT ( 'NONE',  ( 80.00000000000001421, 15.00000000000000000, 8.999999999999996447 ) ) ;
#3032 = ORIENTED_EDGE ( 'NONE', *, *, #59, .T. ) ;
#3033 = CARTESIAN_POINT ( 'NONE',  ( -80.30000000000002558, 9.067140075112119391, 10.00000000000000000 ) ) ;
#3034 = DIRECTION ( 'NONE',  ( 0.000000000000000000, -1.000000000000000000, 0.000000000000000000 ) ) ;
#3035 = DIRECTION ( 'NONE',  ( 3.255496228848129007E-15, 1.000000000000000000, -0.000000000000000000 ) ) ;
#3036 = ORIENTED_EDGE ( 'NONE', *, *, #5588, .T. ) ;
#3037 = EDGE_LOOP ( 'NONE', ( #2149, #5732, #2597, #3373 ) ) ;
#3038 = ADVANCED_FACE ( 'NONE', ( #2031 ), #2159, .T. ) ;
#3039 = ORIENTED_EDGE ( 'NONE', *, *, #2784, .T. ) ;
#3040 = CARTESIAN_POINT ( 'NONE',  ( 0.000000000000000000, -5.600000000000000533, 10.00000000000000000 ) ) ;
#3041 = CARTESIAN_POINT ( 'NONE',  ( 88.09999999999998010, 0.000000000000000000, 10.00000000000000000 ) ) ;
#3042 = DIRECTION ( 'NONE',  ( 0.000000000000000000, -1.000000000000000000, 0.000000000000000000 ) ) ;
#3043 = EDGE_CURVE ( 'NONE', #4026, #4379, #4011, .T. ) ;
#3044 = CIRCLE ( 'NONE', #1977, 1.549999999999995826 ) ;
#3045 = ADVANCED_FACE ( 'NONE', ( #1649 ), #707, .T. ) ;
#3046 = ORIENTED_EDGE ( 'NONE', *, *, #541, .F. ) ;
#3047 = AXIS2_PLACEMENT_3D ( 'NONE', #4727, #2906, #3818 ) ;
#3048 = ORIENTED_EDGE ( 'NONE', *, *, #1637, .F. ) ;
#3049 = DIRECTION ( 'NONE',  ( 1.000000000000000000, 0.000000000000000000, 0.000000000000000000 ) ) ;
#3050 = CARTESIAN_POINT ( 'NONE',  ( 50.55513373084020401, -24.50000000000000000, 0.000000000000000000 ) ) ;
#3051 = DIRECTION ( 'NONE',  ( 1.000000000000000000, 0.000000000000000000, 0.000000000000000000 ) ) ;
#3052 = VECTOR ( 'NONE', #1955, 1000.000000000000000 ) ;
#3053 = VECTOR ( 'NONE', #1488, 1000.000000000000000 ) ;
#3054 = CIRCLE ( 'NONE', #3153, 1.549999999999968070 ) ;
#3055 = EDGE_CURVE ( 'NONE', #3910, #2831, #1081, .T. ) ;
#3056 = CIRCLE ( 'NONE', #3929, 13.99999999999998401 ) ;
#3058 = CARTESIAN_POINT ( 'NONE',  ( 0.000000000000000000, -7.099999999999995204, 0.000000000000000000 ) ) ;
#3057 = AXIS2_PLACEMENT_3D ( 'NONE', #5470, #367, #2718 ) ;
#3059 = AXIS2_PLACEMENT_3D ( 'NONE', #1281, #2727, #4572 ) ;
#3060 = CARTESIAN_POINT ( 'NONE',  ( 65.68389637042450602, -14.05800378569225018, 0.3394440285003138547 ) ) ;
#3061 = ORIENTED_EDGE ( 'NONE', *, *, #1720, .F. ) ;
#3062 = CARTESIAN_POINT ( 'NONE',  ( 58.17639918272502086, 0.000000000000000000, 9.000000000000000000 ) ) ;
#3063 = CYLINDRICAL_SURFACE ( 'NONE', #2292, 8.000000000000000000 ) ;
#3064 = ORIENTED_EDGE ( 'NONE', *, *, #2702, .F. ) ;
#3065 = VECTOR ( 'NONE', #1912, 1000.000000000000000 ) ;
#3066 = VECTOR ( 'NONE', #1452, 1000.000000000000000 ) ;
#3067 = ORIENTED_EDGE ( 'NONE', *, *, #4608, .F. ) ;
#3068 = ORIENTED_EDGE ( 'NONE', *, *, #3573, .F. ) ;
#3069 = DIRECTION ( 'NONE',  ( 1.000000000000000000, 0.000000000000000000, 0.000000000000000000 ) ) ;
#3070 = DIRECTION ( 'NONE',  ( 0.000000000000000000, -0.000000000000000000, 1.000000000000000000 ) ) ;
#3071 = ORIENTED_EDGE ( 'NONE', *, *, #1266, .T. ) ;
#3072 = CARTESIAN_POINT ( 'NONE',  ( -49.99999999999994316, 32.50000000000000711, 10.00000000000000000 ) ) ;
#3073 = FACE_OUTER_BOUND ( 'NONE', #4971, .T. ) ;
#3074 = CYLINDRICAL_SURFACE ( 'NONE', #3809, 1.549999999999968070 ) ;
#3075 = PRODUCT_DEFINITION_FORMATION_WITH_SPECIFIED_SOURCE ( 'ANY', '', #270, .NOT_KNOWN. ) ;
#3076 = ORIENTED_EDGE ( 'NONE', *, *, #1603, .T. ) ;
#3077 = AXIS2_PLACEMENT_3D ( 'NONE', #3146, #1845, #458 ) ;
#3078 = ORIENTED_EDGE ( 'NONE', *, *, #3961, .F. ) ;
#3079 = DIRECTION ( 'NONE',  ( 1.000000000000000000, 0.000000000000000000, -0.000000000000000000 ) ) ;
#3080 = LINE ( 'NONE', #5833, #1927 ) ;
#3081 = DIRECTION ( 'NONE',  ( -0.000000000000000000, -0.000000000000000000, 1.000000000000000000 ) ) ;
#3082 = EDGE_CURVE ( 'NONE', #2731, #3988, #2063, .T. ) ;
#3083 = EDGE_CURVE ( 'NONE', #957, #4493, #2430, .T. ) ;
#3084 = ORIENTED_EDGE ( 'NONE', *, *, #207, .T. ) ;
#3085 = EDGE_CURVE ( 'NONE', #3371, #5439, #4914, .T. ) ;
#3086 = ORIENTED_EDGE ( 'NONE', *, *, #4459, .F. ) ;
#3087 = DIRECTION ( 'NONE',  ( -0.000000000000000000, 0.000000000000000000, 1.000000000000000000 ) ) ;
#3088 = DIRECTION ( 'NONE',  ( -1.000000000000000000, 0.000000000000000000, 0.000000000000000000 ) ) ;
#3089 = EDGE_CURVE ( 'NONE', #1917, #1053, #3399, .T. ) ;
#3090 = CARTESIAN_POINT ( 'NONE',  ( -7.444866269159799543, 24.50000000000000000, 10.00000000000000000 ) ) ;
#3091 = EDGE_CURVE ( 'NONE', #3557, #3870, #4848, .T. ) ;
#3092 = FACE_OUTER_BOUND ( 'NONE', #5270, .T. ) ;
#3093 = ORIENTED_EDGE ( 'NONE', *, *, #1842, .F. ) ;
#3094 = AXIS2_PLACEMENT_3D ( 'NONE', #2008, #597, #5276 ) ;
#3095 = LINE ( 'NONE', #4967, #1775 ) ;
#3096 = DIRECTION ( 'NONE',  ( 0.000000000000000000, 0.000000000000000000, 1.000000000000000000 ) ) ;
#3097 = EDGE_LOOP ( 'NONE', ( #3299, #5425 ) ) ;
#3098 = ORIENTED_EDGE ( 'NONE', *, *, #4461, .F. ) ;
#3099 = ORIENTED_EDGE ( 'NONE', *, *, #3919, .F. ) ;
#3100 = LINE ( 'NONE', #785, #4304 ) ;
#3101 = LINE ( 'NONE', #2301, #2386 ) ;
#3102 = EDGE_LOOP ( 'NONE', ( #1924, #2494, #5242, #5850 ) ) ;
#3103 = FACE_OUTER_BOUND ( 'NONE', #3912, .T. ) ;
#3104 = CARTESIAN_POINT ( 'NONE',  ( -77.80000000000002558, 8.099999999999996092, 0.000000000000000000 ) ) ;
#3105 = CARTESIAN_POINT ( 'NONE',  ( -77.80000000000002558, 0.000000000000000000, 0.000000000000000000 ) ) ;
#3106 = ORIENTED_EDGE ( 'NONE', *, *, #4928, .T. ) ;
#3107 = ORIENTED_EDGE ( 'NONE', *, *, #2233, .F. ) ;
#3108 = CARTESIAN_POINT ( 'NONE',  ( -67.99305421544659112, -23.00000000000000000, 10.00000000000000000 ) ) ;
#3109 = DIRECTION ( 'NONE',  ( 1.000000000000000000, 0.000000000000000000, 0.000000000000000000 ) ) ;
#3110 = CARTESIAN_POINT ( 'NONE',  ( -94.80000000000002558, -15.00000000000000000, 9.000000000000010658 ) ) ;
#3111 = DIRECTION ( 'NONE',  ( -1.000000000000000000, 0.000000000000000000, 0.000000000000000000 ) ) ;
#3112 = ORIENTED_EDGE ( 'NONE', *, *, #3324, .T. ) ;
#3113 = VECTOR ( 'NONE', #4311, 1000.000000000000000 ) ;
#3114 = ORIENTED_EDGE ( 'NONE', *, *, #4630, .F. ) ;
#3115 = FACE_OUTER_BOUND ( 'NONE', #3698, .T. ) ;
#3116 = AXIS2_PLACEMENT_3D ( 'NONE', #1064, #2057, #1999 ) ;
#3117 = VECTOR ( 'NONE', #1427, 1000.000000000000000 ) ;
#3118 = VECTOR ( 'NONE', #2036, 1000.000000000000000 ) ;
#3119 = CLOSED_SHELL ( 'NONE', ( #2395, #3679, #1532, #958, #5381, #3519, #3835, #1055, #3045, #3377, #4016, #3538, #363, #1558, #3408, #1319, #4018, #2012, #925, #394, #360, #2941, #842, #5184, #1184, #3266, #479, #1105, #4056, #4697, #4061, #5554, #4666, #5165, #3038, #1024, #5013, #3681, #3530, #1247, #2305, #1392, #3720, #393, #4551, #5459, #5723, #2363, #2261, #2374, #859, #914, #2187, #1493, #2002, #2043, #5107, #4241, #2531, #2449, #182, #23, #4657, #2623, #1164, #4491, #5096, #1277, #5524, #24, #1097, #1754, #613, #4267, #4261, #1575, #607, #400, #949, #5124, #4170, #3120, #4814, #866, #4846, #3206, #5229, #3162, #680, #4314, #2175, #487, #5414, #5293, #4426, #2636, #4495, #2688, #3977, #5970, #3407, #1572, #1160, #245, #3950, #2514, #5860, #1868, #664, #1246, #1163, #84, #5112, #3971, #4856, #1384, #2405, #5502, #2485, #2858, #333, #5399, #2196, #4771, #1793, #2330, #3157, #1934, #2112, #462, #2334, #4157, #4993, #2685, #3938, #5194, #136, #3789, #5929, #3899, #3603, #5562, #3006, #2324, #1298, #3749, #3450, #1280, #810, #875, #4604, #4284, #5746, #1726, #1968, #5624, #336, #2524, #5642, #21, #4377, #4382, #5848, #4263, #4979, #3200, #2378, #1466, #2156, #5108, #3626, #496, #1052, #747, #2766, #103, #1328, #1777, #3163, #5820, #285, #5219, #1686, #237, #4494, #2014, #3779, #4068, #3939, #407 ) ) ;
#3120 = ADVANCED_FACE ( 'NONE', ( #1135 ), #718, .F. ) ;
#3121 = CARTESIAN_POINT ( 'NONE',  ( -0.000000000000000000, 7.100000000000002309, 0.000000000000000000 ) ) ;
#3122 = VECTOR ( 'NONE', #1481, 1000.000000000000000 ) ;
#3123 = DIRECTION ( 'NONE',  ( 1.000000000000000000, 0.000000000000000000, 0.000000000000000000 ) ) ;
#3124 = ORIENTED_EDGE ( 'NONE', *, *, #4515, .T. ) ;
#3125 = FACE_OUTER_BOUND ( 'NONE', #1978, .T. ) ;
#3126 = EDGE_CURVE ( 'NONE', #4460, #1552, #3882, .T. ) ;
#3127 = ORIENTED_EDGE ( 'NONE', *, *, #4862, .T. ) ;
#3128 = EDGE_CURVE ( 'NONE', #1617, #5830, #2862, .T. ) ;
#3129 = ORIENTED_EDGE ( 'NONE', *, *, #2888, .F. ) ;
#3130 = VERTEX_POINT ( 'NONE', #5306 ) ;
#3131 = CARTESIAN_POINT ( 'NONE',  ( 88.09999999999998010, 0.000000000000000000, 10.00000000000000000 ) ) ;
#3132 = CARTESIAN_POINT ( 'NONE',  ( 58.99999999999996447, 22.41619848709568785, 10.00000000000000000 ) ) ;
#3133 = EDGE_LOOP ( 'NONE', ( #652, #4755 ) ) ;
#3134 = DIRECTION ( 'NONE',  ( -0.000000000000000000, -0.000000000000000000, -1.000000000000000000 ) ) ;
#3135 = FACE_OUTER_BOUND ( 'NONE', #5398, .T. ) ;
#3136 = PLANE ( 'NONE',  #5645 ) ;
#3137 = ORIENTED_EDGE ( 'NONE', *, *, #669, .T. ) ;
#3138 = CIRCLE ( 'NONE', #5160, 15.00000000000000000 ) ;
#3139 = ORIENTED_EDGE ( 'NONE', *, *, #5739, .F. ) ;
#3140 = DIRECTION ( 'NONE',  ( -1.000000000000000000, 0.000000000000000000, 0.000000000000000000 ) ) ;
#3141 = DIRECTION ( 'NONE',  ( 0.000000000000000000, -0.000000000000000000, -1.000000000000000000 ) ) ;
#3142 = CARTESIAN_POINT ( 'NONE',  ( 72.89999999999999147, -9.067140075112090969, 10.00000000000000000 ) ) ;
#3143 = FACE_OUTER_BOUND ( 'NONE', #1837, .T. ) ;
#3144 = ORIENTED_EDGE ( 'NONE', *, *, #725, .T. ) ;
#3145 = EDGE_LOOP ( 'NONE', ( #4464, #5428, #419, #3574 ) ) ;
#3146 = CARTESIAN_POINT ( 'NONE',  ( 72.39999999999999147, 7.600000000000000533, 10.00000000000000000 ) ) ;
#3147 = CONICAL_SURFACE ( 'NONE', #3814, 13.99999999999998401, 0.7853981633974613796 ) ;
#3148 = AXIS2_PLACEMENT_3D ( 'NONE', #3639, #5482, #1399 ) ;
#3149 = DIRECTION ( 'NONE',  ( 1.000000000000000000, 0.000000000000000000, 0.000000000000000000 ) ) ;
#3150 = AXIS2_PLACEMENT_3D ( 'NONE', #4457, #1671, #3975 ) ;
#3151 = FACE_OUTER_BOUND ( 'NONE', #1212, .T. ) ;
#3152 = EDGE_LOOP ( 'NONE', ( #5294, #656, #2559, #4503 ) ) ;
#3153 = AXIS2_PLACEMENT_3D ( 'NONE', #4718, #1486, #4688 ) ;
#3154 = DIRECTION ( 'NONE',  ( 1.000000000000000000, 0.000000000000000000, 0.000000000000000000 ) ) ;
#3155 = EDGE_CURVE ( 'NONE', #4349, #2824, #3161, .T. ) ;
#3156 = VERTEX_POINT ( 'NONE', #5878 ) ;
#3157 = ADVANCED_FACE ( 'NONE', ( #5841 ), #1698, .F. ) ;
#3158 = AXIS2_PLACEMENT_3D ( 'NONE', #1517, #3872, #3359 ) ;
#3159 = VECTOR ( 'NONE', #2109, 1000.000000000000000 ) ;
#3160 = ORIENTED_EDGE ( 'NONE', *, *, #3055, .F. ) ;
#3161 = CIRCLE ( 'NONE', #4696, 13.99999999999995737 ) ;
#3162 = ADVANCED_FACE ( 'NONE', ( #4933 ), #5324, .F. ) ;
#3163 = ADVANCED_FACE ( 'NONE', ( #4358 ), #1667, .F. ) ;
#3164 = VERTEX_POINT ( 'NONE', #674 ) ;
#3165 = DIRECTION ( 'NONE',  ( 0.000000000000000000, -1.000000000000000000, 0.000000000000000000 ) ) ;
#3166 = CARTESIAN_POINT ( 'NONE',  ( 94.99999999999998579, 0.000000000000000000, 8.999999999999996447 ) ) ;
#3167 = DIRECTION ( 'NONE',  ( -0.000000000000000000, -0.000000000000000000, -1.000000000000000000 ) ) ;
#3168 = CARTESIAN_POINT ( 'NONE',  ( 89.06714007511207853, -8.100000000000003197, 0.000000000000000000 ) ) ;
#3169 = CARTESIAN_POINT ( 'NONE',  ( 59.99999999999999289, 22.41619848709568785, 9.000000000000010658 ) ) ;
#3170 = CIRCLE ( 'NONE', #3936, 8.999999999999994671 ) ;
#3171 = CONICAL_SURFACE ( 'NONE', #558, 9.000000000000007105, 0.7853981633974482790 ) ;
#3172 = VERTEX_POINT ( 'NONE', #2570 ) ;
#3173 = AXIS2_PLACEMENT_3D ( 'NONE', #3024, #3096, #350 ) ;
#3174 = ORIENTED_EDGE ( 'NONE', *, *, #1316, .T. ) ;
#3175 = CARTESIAN_POINT ( 'NONE',  ( 85.59999999999998010, 0.000000000000000000, 10.00000000000000000 ) ) ;
#3176 = CARTESIAN_POINT ( 'NONE',  ( 87.59999999999998010, -7.599999999999996092, 10.00000000000000000 ) ) ;
#3177 = LINE ( 'NONE', #5020, #5693 ) ;
#3178 = DIRECTION ( 'NONE',  ( 0.000000000000000000, -0.000000000000000000, -1.000000000000000000 ) ) ;
#3179 = EDGE_CURVE ( 'NONE', #4523, #2889, #4425, .T. ) ;
#3180 = AXIS2_PLACEMENT_3D ( 'NONE', #5106, #3746, #519 ) ;
#3181 = ORIENTED_EDGE ( 'NONE', *, *, #1290, .F. ) ;
#3182 = VECTOR ( 'NONE', #17, 1000.000000000000000 ) ;
#3183 = ORIENTED_EDGE ( 'NONE', *, *, #5151, .F. ) ;
#3184 = FACE_OUTER_BOUND ( 'NONE', #3037, .T. ) ;
#3185 = DIRECTION ( 'NONE',  ( 1.000000000000000000, 0.000000000000000000, 0.000000000000000000 ) ) ;
#3186 = CARTESIAN_POINT ( 'NONE',  ( -80.30000000000002558, 0.000000000000000000, 10.00000000000000000 ) ) ;
#3187 = ORIENTED_EDGE ( 'NONE', *, *, #2786, .F. ) ;
#3188 = PLANE ( 'NONE',  #5622 ) ;
#3189 = VERTEX_POINT ( 'NONE', #4001 ) ;
#3190 = ORIENTED_EDGE ( 'NONE', *, *, #1893, .T. ) ;
#3191 = EDGE_CURVE ( 'NONE', #798, #101, #5567, .T. ) ;
#3192 = FACE_OUTER_BOUND ( 'NONE', #723, .T. ) ;
#3193 = LINE ( 'NONE', #5034, #5652 ) ;
#3194 = LINE ( 'NONE', #474, #5769 ) ;
#3195 = DIRECTION ( 'NONE',  ( 1.000000000000000000, 0.000000000000000000, 0.000000000000000000 ) ) ;
#3196 = DIRECTION ( 'NONE',  ( 0.000000000000000000, 1.000000000000000000, -0.000000000000000000 ) ) ;
#3197 = VERTEX_POINT ( 'NONE', #1253 ) ;
#3198 = AXIS2_PLACEMENT_3D ( 'NONE', #2491, #689, #624 ) ;
#3199 = EDGE_LOOP ( 'NONE', ( #4938, #2521, #4674, #2607 ) ) ;
#3200 = ADVANCED_FACE ( 'NONE', ( #4836 ), #2637, .F. ) ;
#3201 = CARTESIAN_POINT ( 'NONE',  ( 71.89999999999999147, 9.600000000000001421, 0.000000000000000000 ) ) ;
#3202 = CARTESIAN_POINT ( 'NONE',  ( 49.99999999999998579, 22.50000000000000711, 10.00000000000000000 ) ) ;
#3203 = PLANE ( 'NONE',  #4256 ) ;
#3204 = DIRECTION ( 'NONE',  ( 0.000000000000000000, 1.000000000000000000, -0.000000000000000000 ) ) ;
#3205 = VERTEX_POINT ( 'NONE', #346 ) ;
#3206 = ADVANCED_FACE ( 'NONE', ( #2052 ), #2957, .F. ) ;
#3207 = VECTOR ( 'NONE', #3286, 1000.000000000000000 ) ;
#3208 = ORIENTED_EDGE ( 'NONE', *, *, #3989, .F. ) ;
#3209 = LINE ( 'NONE', #5072, #5011 ) ;
#3210 = LINE ( 'NONE', #379, #1815 ) ;
#3211 = LINE ( 'NONE', #5000, #640 ) ;
#3212 = CARTESIAN_POINT ( 'NONE',  ( 0.000000000000000000, 15.00000000000000000, 9.000000000000010658 ) ) ;
#3213 = EDGE_LOOP ( 'NONE', ( #843, #1729, #1910, #1143 ) ) ;
#3214 = EDGE_CURVE ( 'NONE', #3627, #3172, #2538, .T. ) ;
#3215 = VECTOR ( 'NONE', #5648, 1000.000000000000000 ) ;
#3216 = EDGE_LOOP ( 'NONE', ( #882, #1719, #4407, #4753 ) ) ;
#3217 = CARTESIAN_POINT ( 'NONE',  ( 72.89999999999999147, 9.067140075112089193, 10.00000000000000000 ) ) ;
#3218 = DIRECTION ( 'NONE',  ( 0.000000000000000000, 1.000000000000000000, 0.000000000000000000 ) ) ;
#3219 = FACE_OUTER_BOUND ( 'NONE', #4812, .T. ) ;
#3220 = LINE ( 'NONE', #1463, #4288 ) ;
#3221 = DIRECTION ( 'NONE',  ( 0.000000000000000000, -1.000000000000000000, 0.000000000000000000 ) ) ;
#3222 = EDGE_LOOP ( 'NONE', ( #2184, #2913, #1525, #5360 ) ) ;
#3223 = VERTEX_POINT ( 'NONE', #3940 ) ;
#3224 = FACE_BOUND ( 'NONE', #3228, .T. ) ;
#3225 = CARTESIAN_POINT ( 'NONE',  ( -9.194866269159801320, -24.50000000000000000, 10.00000000000000000 ) ) ;
#3226 = LINE ( 'NONE', #2771, #3478 ) ;
#3227 = DIRECTION ( 'NONE',  ( 0.000000000000000000, 1.000000000000000000, 0.000000000000000000 ) ) ;
#3228 = EDGE_LOOP ( 'NONE', ( #1202, #3190, #3032, #5181, #110 ) ) ;
#3229 = EDGE_CURVE ( 'NONE', #1467, #957, #4454, .T. ) ;
#3230 = VECTOR ( 'NONE', #5889, 1000.000000000000000 ) ;
#3231 = EDGE_CURVE ( 'NONE', #3172, #4020, #3828, .T. ) ;
#3232 = EDGE_LOOP ( 'NONE', ( #1241, #5831, #1038, #4367 ) ) ;
#3233 = EDGE_CURVE ( 'NONE', #4944, #3402, #3479, .T. ) ;
#3234 = CYLINDRICAL_SURFACE ( 'NONE', #3077, 1.549999999999968070 ) ;
#3235 = DIRECTION ( 'NONE',  ( 0.000000000000000000, 1.000000000000000000, -0.000000000000000000 ) ) ;
#3236 = CARTESIAN_POINT ( 'NONE',  ( 72.39999999999999147, -7.599999999999998757, 10.00000000000000000 ) ) ;
#3237 = CARTESIAN_POINT ( 'NONE',  ( -80.30000000000002558, -9.599999999999997868, 10.00000000000000000 ) ) ;
#3238 = EDGE_CURVE ( 'NONE', #4733, #1617, #2676, .T. ) ;
#3239 = PLANE ( 'NONE',  #2635 ) ;
#3240 = EDGE_LOOP ( 'NONE', ( #860, #2126, #2387, #544 ) ) ;
#3241 = VECTOR ( 'NONE', #685, 1000.000000000000000 ) ;
#3242 = DIRECTION ( 'NONE',  ( -1.000000000000000000, 0.000000000000000000, 0.000000000000000000 ) ) ;
#3243 = DIRECTION ( 'NONE',  ( -1.000000000000000000, 0.000000000000000000, -0.000000000000000000 ) ) ;
#3244 = CARTESIAN_POINT ( 'NONE',  ( 73.86714007511207569, 7.100000000000000533, 10.00000000000000000 ) ) ;
#3245 = CARTESIAN_POINT ( 'NONE',  ( -80.30000000000002558, 9.600000000000001421, 10.00000000000000000 ) ) ;
#3246 = CARTESIAN_POINT ( 'NONE',  ( -80.30000000000002558, -9.067140075112119391, 0.000000000000000000 ) ) ;
#3247 = AXIS2_PLACEMENT_3D ( 'NONE', #1824, #3669, #1761 ) ;
#3248 = EDGE_CURVE ( 'NONE', #3205, #4944, #2117, .T. ) ;
#3249 = EDGE_LOOP ( 'NONE', ( #4647, #2264, #1982, #469 ) ) ;
#3250 = VECTOR ( 'NONE', #5176, 1000.000000000000000 ) ;
#3251 = AXIS2_PLACEMENT_3D ( 'NONE', #424, #452, #5 ) ;
#3252 = ORIENTED_EDGE ( 'NONE', *, *, #1897, .F. ) ;
#3253 = FACE_BOUND ( 'NONE', #4319, .T. ) ;
#3254 = ORIENTED_EDGE ( 'NONE', *, *, #1067, .F. ) ;
#3255 = CARTESIAN_POINT ( 'NONE',  ( 0.000000000000000000, 7.100000000000002309, 10.00000000000000000 ) ) ;
#3256 = CONICAL_SURFACE ( 'NONE', #3447, 9.999999999999994671, 0.7853981633974596033 ) ;
#3257 = CARTESIAN_POINT ( 'NONE',  ( 74.39999999999999147, 0.000000000000000000, 0.000000000000000000 ) ) ;
#3258 = CARTESIAN_POINT ( 'NONE',  ( 89.06714007511207853, 8.100000000000003197, 10.00000000000000000 ) ) ;
#3259 = VECTOR ( 'NONE', #1479, 1000.000000000000114 ) ;
#3260 = ORIENTED_EDGE ( 'NONE', *, *, #3238, .F. ) ;
#3261 = CIRCLE ( 'NONE', #5574, 8.500000000000007105 ) ;
#3262 = VERTEX_POINT ( 'NONE', #5355 ) ;
#3263 = EDGE_CURVE ( 'NONE', #2097, #1136, #1217, .T. ) ;
#3264 = FACE_OUTER_BOUND ( 'NONE', #1683, .T. ) ;
#3265 = CIRCLE ( 'NONE', #2205, 8.999999999999994671 ) ;
#3266 = ADVANCED_FACE ( 'NONE', ( #777 ), #5506, .F. ) ;
#3267 = DIRECTION ( 'NONE',  ( -0.000000000000000000, -0.000000000000000000, -1.000000000000000000 ) ) ;
#3268 = CARTESIAN_POINT ( 'NONE',  ( 94.99999999999998579, 0.000000000000000000, 8.999999999999996447 ) ) ;
#3269 = LINE ( 'NONE', #4681, #2732 ) ;
#3270 = CARTESIAN_POINT ( 'NONE',  ( -67.99305421544660533, 15.00000000000000000, 9.000000000000010658 ) ) ;
#3271 = EDGE_CURVE ( 'NONE', #5569, #1154, #2317, .T. ) ;
#3272 = ORIENTED_EDGE ( 'NONE', *, *, #3304, .T. ) ;
#3273 = DIRECTION ( 'NONE',  ( 1.000000000000000000, -1.119176436114072191E-15, 0.000000000000000000 ) ) ;
#3274 = EDGE_LOOP ( 'NONE', ( #5586, #1673, #5331, #478 ) ) ;
#3275 = DIRECTION ( 'NONE',  ( -1.000000000000000000, 0.000000000000000000, 0.000000000000000000 ) ) ;
#3276 = DIRECTION ( 'NONE',  ( 0.000000000000000000, -1.000000000000000000, 0.000000000000000000 ) ) ;
#3277 = PLANE ( 'NONE',  #1106 ) ;
#3278 = DIRECTION ( 'NONE',  ( -0.000000000000000000, -0.000000000000000000, -1.000000000000000000 ) ) ;
#3279 = ORIENTED_EDGE ( 'NONE', *, *, #1084, .T. ) ;
#3280 = ORIENTED_EDGE ( 'NONE', *, *, #3417, .F. ) ;
#3281 = FACE_OUTER_BOUND ( 'NONE', #4970, .T. ) ;
#3282 = CARTESIAN_POINT ( 'NONE',  ( 0.000000000000000000, -7.099999999999995204, 10.00000000000000000 ) ) ;
#3283 = CARTESIAN_POINT ( 'NONE',  ( 74.39999999999999147, 7.100000000000000533, 0.000000000000000000 ) ) ;
#3284 = CARTESIAN_POINT ( 'NONE',  ( 88.09999999999998010, 0.000000000000000000, 10.00000000000000000 ) ) ;
#3285 = VECTOR ( 'NONE', #5215, 1000.000000000000000 ) ;
#3286 = DIRECTION ( 'NONE',  ( 0.000000000000000000, 1.000000000000000000, -0.000000000000000000 ) ) ;
#3287 = ORIENTED_EDGE ( 'NONE', *, *, #1545, .F. ) ;
#3288 = CIRCLE ( 'NONE', #692, 1.549999999999995826 ) ;
#3289 = EDGE_LOOP ( 'NONE', ( #2699, #4535, #1576, #3482 ) ) ;
#3290 = ORIENTED_EDGE ( 'NONE', *, *, #662, .T. ) ;
#3291 = DIRECTION ( 'NONE',  ( 1.000000000000000000, 0.000000000000000000, 0.000000000000000000 ) ) ;
#3292 = LINE ( 'NONE', #4801, #3733 ) ;
#3293 = DIRECTION ( 'NONE',  ( -0.000000000000000000, -0.000000000000000000, -1.000000000000000000 ) ) ;
#3294 = CARTESIAN_POINT ( 'NONE',  ( 0.000000000000000000, 32.50000000000000711, 9.000000000000000000 ) ) ;
#3295 = EDGE_CURVE ( 'NONE', #1315, #4071, #4518, .T. ) ;
#3296 = ORIENTED_EDGE ( 'NONE', *, *, #4639, .T. ) ;
#3297 = EDGE_CURVE ( 'NONE', #323, #3470, #3608, .T. ) ;
#3298 = CARTESIAN_POINT ( 'NONE',  ( 0.000000000000000000, 8.100000000000003197, 10.00000000000000000 ) ) ;
#3299 = ORIENTED_EDGE ( 'NONE', *, *, #1915, .F. ) ;
#3300 = CARTESIAN_POINT ( 'NONE',  ( 58.17639918272502086, 9.500000000000001776, 10.00000000000000000 ) ) ;
#3301 = CARTESIAN_POINT ( 'NONE',  ( -80.30000000000002558, 5.599999999999996980, 10.00000000000000000 ) ) ;
#3302 = CARTESIAN_POINT ( 'NONE',  ( 0.000000000000000000, 15.00000000000000000, 9.000000000000010658 ) ) ;
#3303 = CARTESIAN_POINT ( 'NONE',  ( -67.99305421544659112, -15.00000000000000000, 1.000000000000000888 ) ) ;
#3304 = EDGE_CURVE ( 'NONE', #144, #601, #3210, .T. ) ;
#3305 = ORIENTED_EDGE ( 'NONE', *, *, #362, .F. ) ;
#3306 = AXIS2_PLACEMENT_3D ( 'NONE', #5365, #4369, #2614 ) ;
#3307 = ORIENTED_EDGE ( 'NONE', *, *, #1860, .F. ) ;
#3308 = FACE_BOUND ( 'NONE', #2904, .T. ) ;
#3309 = CARTESIAN_POINT ( 'NONE',  ( -49.99999999999994316, 31.50000000000000711, 0.000000000000000000 ) ) ;
#3310 = CYLINDRICAL_SURFACE ( 'NONE', #5029, 1.750000000000001554 ) ;
#3311 = DIRECTION ( 'NONE',  ( -1.000000000000000000, 0.000000000000000000, 0.000000000000000000 ) ) ;
#3312 = CIRCLE ( 'NONE', #4857, 1.549999999999995826 ) ;
#3313 = CARTESIAN_POINT ( 'NONE',  ( -35.75318380357697379, -15.00000000000000000, 10.00000000000000000 ) ) ;
#3314 = ORIENTED_EDGE ( 'NONE', *, *, #121, .T. ) ;
#3315 = ORIENTED_EDGE ( 'NONE', *, *, #243, .T. ) ;
#3316 = ORIENTED_EDGE ( 'NONE', *, *, #3714, .T. ) ;
#3317 = B_SPLINE_CURVE_WITH_KNOTS ( 'NONE', 3,
 ( #3741, #910, #1389, #938 ),
 .UNSPECIFIED., .F., .F.,
 ( 4, 4 ),
 ( 0.000000000000000000, 0.001776873729390622113 ),
 .UNSPECIFIED. ) ;
#3318 = CONICAL_SURFACE ( 'NONE', #3416, 9.000000000000001776, 0.7853981633974482790 ) ;
#3319 = DIRECTION ( 'NONE',  ( -0.000000000000000000, -0.000000000000000000, -1.000000000000000000 ) ) ;
#3320 = DIRECTION ( 'NONE',  ( 1.000000000000000000, 0.000000000000000000, 0.000000000000000000 ) ) ;
#3321 = FACE_OUTER_BOUND ( 'NONE', #4815, .T. ) ;
#3322 = SURFACE_STYLE_USAGE ( .BOTH. , #4628 ) ;
#3323 = EDGE_LOOP ( 'NONE', ( #560, #4376, #2267 ) ) ;
#3324 = EDGE_CURVE ( 'NONE', #388, #5335, #1313, .T. ) ;
#3325 = CARTESIAN_POINT ( 'NONE',  ( 87.09999999999998010, -5.600000000000000533, 10.00000000000000000 ) ) ;
#3326 = ORIENTED_EDGE ( 'NONE', *, *, #3838, .T. ) ;
#3327 = FACE_OUTER_BOUND ( 'NONE', #1851, .T. ) ;
#3328 = CARTESIAN_POINT ( 'NONE',  ( 58.99999999999998579, 22.49999999999993605, 0.000000000000000000 ) ) ;
#3329 = AXIS2_PLACEMENT_3D ( 'NONE', #2221, #5917, #5494 ) ;
#3330 = DIRECTION ( 'NONE',  ( -1.000000000000000000, -0.000000000000000000, 0.000000000000000000 ) ) ;
#3331 = CARTESIAN_POINT ( 'NONE',  ( 52.30513373084020401, 24.50000000000000000, 10.00000000000000000 ) ) ;
#3332 = EDGE_CURVE ( 'NONE', #486, #120, #2209, .T. ) ;
#3333 = ORIENTED_EDGE ( 'NONE', *, *, #3474, .T. ) ;
#3334 = VECTOR ( 'NONE', #3030, 1000.000000000000000 ) ;
#3335 = EDGE_CURVE ( 'NONE', #1043, #5086, #3646, .T. ) ;
#3336 = ORIENTED_EDGE ( 'NONE', *, *, #1316, .F. ) ;
#3337 = CARTESIAN_POINT ( 'NONE',  ( 72.89999999999999147, 6.132859924887911873, 10.00000000000000000 ) ) ;
#3338 = DIRECTION ( 'NONE',  ( 0.000000000000000000, -0.000000000000000000, 1.000000000000000000 ) ) ;
#3339 = DIRECTION ( 'NONE',  ( -0.000000000000000000, -0.000000000000000000, -1.000000000000000000 ) ) ;
#3340 = CARTESIAN_POINT ( 'NONE',  ( 94.99999999999998579, 0.000000000000000000, 10.00000000000000000 ) ) ;
#3341 = VECTOR ( 'NONE', #5943, 1000.000000000000000 ) ;
#3342 = AXIS2_PLACEMENT_3D ( 'NONE', #2300, #4609, #1852 ) ;
#3343 = CARTESIAN_POINT ( 'NONE',  ( -78.33285992488791294, -7.099999999999995204, 10.00000000000000000 ) ) ;
#3344 = ORIENTED_EDGE ( 'NONE', *, *, #5898, .F. ) ;
#3345 = AXIS2_PLACEMENT_3D ( 'NONE', #2563, #3541, #4929 ) ;
#3346 = VECTOR ( 'NONE', #307, 1000.000000000000114 ) ;
#3347 = VECTOR ( 'NONE', #1398, 1000.000000000000000 ) ;
#3348 = ORIENTED_EDGE ( 'NONE', *, *, #917, .T. ) ;
#3349 = EDGE_CURVE ( 'NONE', #4855, #3633, #1872, .T. ) ;
#3350 = VERTEX_POINT ( 'NONE', #4998 ) ;
#3351 = VECTOR ( 'NONE', #5547, 1000.000000000000000 ) ;
#3352 = LINE ( 'NONE', #123, #5385 ) ;
#3353 = VECTOR ( 'NONE', #1010, 1000.000000000000114 ) ;
#3354 = DIRECTION ( 'NONE',  ( 0.000000000000000000, -1.000000000000000000, 0.000000000000000000 ) ) ;
#3355 = LINE ( 'NONE', #4152, #997 ) ;
#3356 = DIRECTION ( 'NONE',  ( 1.000000000000000000, -0.000000000000000000, 0.000000000000000000 ) ) ;
#3357 = CIRCLE ( 'NONE', #2283, 14.00000000000002665 ) ;
#3358 = VERTEX_POINT ( 'NONE', #1371 ) ;
#3359 = DIRECTION ( 'NONE',  ( -1.000000000000000000, 0.000000000000000000, 0.000000000000000000 ) ) ;
#3360 = ORIENTED_EDGE ( 'NONE', *, *, #642, .T. ) ;
#3361 = CYLINDRICAL_SURFACE ( 'NONE', #1028, 1.549999999999968070 ) ;
#3362 = DIRECTION ( 'NONE',  ( -0.000000000000000000, 1.000000000000000000, 0.000000000000000000 ) ) ;
#3363 = FACE_OUTER_BOUND ( 'NONE', #926, .T. ) ;
#3364 = EDGE_LOOP ( 'NONE', ( #3181, #372, #1644, #3488 ) ) ;
#3365 = ORIENTED_EDGE ( 'NONE', *, *, #127, .T. ) ;
#3366 = CARTESIAN_POINT ( 'NONE',  ( 93.96142399166004111, -13.96142399166007131, 0.000000000000000000 ) ) ;
#3367 = LINE ( 'NONE', #1070, #2775 ) ;
#3368 = CARTESIAN_POINT ( 'NONE',  ( 67.99999999999998579, -22.41619848709568785, 0.000000000000000000 ) ) ;
#3369 = DIRECTION ( 'NONE',  ( -0.000000000000000000, 0.000000000000000000, -1.000000000000000000 ) ) ;
#3370 = DIRECTION ( 'NONE',  ( 1.000000000000000000, 0.000000000000000000, 0.000000000000000000 ) ) ;
#3371 = VERTEX_POINT ( 'NONE', #5026 ) ;
#3372 = EDGE_CURVE ( 'NONE', #1188, #4245, #4318, .T. ) ;
#3373 = ORIENTED_EDGE ( 'NONE', *, *, #3410, .F. ) ;
#3374 = CARTESIAN_POINT ( 'NONE',  ( -67.99305421544659112, -15.00000000000000000, 10.00000000000000000 ) ) ;
#3375 = ORIENTED_EDGE ( 'NONE', *, *, #3179, .F. ) ;
#3376 = EDGE_CURVE ( 'NONE', #3948, #4875, #491, .T. ) ;
#3377 = ADVANCED_FACE ( 'NONE', ( #919 ), #2375, .T. ) ;
#3378 = CARTESIAN_POINT ( 'NONE',  ( -50.00000000000001421, 22.50000000000001066, 10.00000000000000000 ) ) ;
#3379 = LINE ( 'NONE', #3836, #756 ) ;
#3380 = DIRECTION ( 'NONE',  ( 0.000000000000000000, -1.000000000000000000, 0.000000000000000000 ) ) ;
#3381 = DIRECTION ( 'NONE',  ( 0.000000000000000000, 1.000000000000000000, 0.000000000000000000 ) ) ;
#3382 = CIRCLE ( 'NONE', #894, 15.00000000000000000 ) ;
#3383 = EDGE_LOOP ( 'NONE', ( #5261, #3139, #191, #3500 ) ) ;
#3384 = DIRECTION ( 'NONE',  ( -0.000000000000000000, -0.000000000000000000, -1.000000000000000000 ) ) ;
#3385 = ORIENTED_EDGE ( 'NONE', *, *, #5073, .F. ) ;
#3386 = CARTESIAN_POINT ( 'NONE',  ( -78.33285992488791294, -8.099999999999996092, 10.00000000000000000 ) ) ;
#3387 = LINE ( 'NONE', #646, #2955 ) ;
#3388 = CARTESIAN_POINT ( 'NONE',  ( 71.89999999999999147, 6.132859924887911873, 10.00000000000000000 ) ) ;
#3389 = ORIENTED_EDGE ( 'NONE', *, *, #5354, .F. ) ;
#3390 = EDGE_CURVE ( 'NONE', #3672, #208, #4175, .T. ) ;
#3391 = EDGE_CURVE ( 'NONE', #4112, #4165, #5963, .T. ) ;
#3392 = EDGE_LOOP ( 'NONE', ( #5553, #488, #2747, #2687 ) ) ;
#3393 = CARTESIAN_POINT ( 'NONE',  ( 87.09999999999998010, -6.132859924887913650, 10.00000000000000000 ) ) ;
#3394 = ORIENTED_EDGE ( 'NONE', *, *, #4190, .T. ) ;
#3395 = CARTESIAN_POINT ( 'NONE',  ( 66.67639918272502086, 0.000000000000000000, 1.000000000000000888 ) ) ;
#3396 = CARTESIAN_POINT ( 'NONE',  ( 87.09999999999998010, -5.600000000000000533, 10.00000000000000000 ) ) ;
#3397 = LINE ( 'NONE', #5310, #994 ) ;
#3398 = VECTOR ( 'NONE', #2626, 1000.000000000000000 ) ;
#3399 = CIRCLE ( 'NONE', #220, 1.549999999999968070 ) ;
#3400 = DIRECTION ( 'NONE',  ( -1.000000000000000000, 0.000000000000000000, 0.000000000000000000 ) ) ;
#3401 = VECTOR ( 'NONE', #1991, 1000.000000000000000 ) ;
#3402 = VERTEX_POINT ( 'NONE', #4092 ) ;
#3403 = AXIS2_PLACEMENT_3D ( 'NONE', #2993, #3874, #4870 ) ;
#3404 = EDGE_LOOP ( 'NONE', ( #1076, #620, #5914, #1416, #4990 ) ) ;
#3405 = LINE ( 'NONE', #2915, #1608 ) ;
#3406 = LINE ( 'NONE', #1595, #5867 ) ;
#3407 = ADVANCED_FACE ( 'NONE', ( #893 ), #2293, .T. ) ;
#3408 = ADVANCED_FACE ( 'NONE', ( #464 ), #2781, .F. ) ;
#3409 = EDGE_CURVE ( 'NONE', #1140, #1776, #5872, .T. ) ;
#3410 = EDGE_CURVE ( 'NONE', #4529, #1632, #4150, .T. ) ;
#3411 = CARTESIAN_POINT ( 'NONE',  ( 58.17639918272502086, -9.500000000000001776, 0.000000000000000000 ) ) ;
#3412 = CARTESIAN_POINT ( 'NONE',  ( -94.80000000000002558, 0.000000000000000000, 0.000000000000000000 ) ) ;
#3413 = CARTESIAN_POINT ( 'NONE',  ( 94.99999999999997158, 15.00000000000000000, 0.9999999999999749090 ) ) ;
#3414 = VECTOR ( 'NONE', #1472, 1000.000000000000000 ) ;
#3415 = EDGE_LOOP ( 'NONE', ( #1554, #3769, #457, #4079 ) ) ;
#3416 = AXIS2_PLACEMENT_3D ( 'NONE', #3368, #5671, #5188 ) ;
#3417 = EDGE_CURVE ( 'NONE', #4020, #3485, #4418, .T. ) ;
#3418 = CARTESIAN_POINT ( 'NONE',  ( 73.86714007511207569, -8.100000000000003197, 10.00000000000000000 ) ) ;
#3419 = VERTEX_POINT ( 'NONE', #5225 ) ;
#3420 = CARTESIAN_POINT ( 'NONE',  ( 50.55513373084020401, -24.50000000000000000, 10.00000000000000000 ) ) ;
#3421 = CARTESIAN_POINT ( 'NONE',  ( 58.99999999999996447, 22.49999999999993605, 10.00000000000000000 ) ) ;
#3422 = DIRECTION ( 'NONE',  ( 0.7071067811865469066, 0.000000000000000000, 0.7071067811865482389 ) ) ;
#3423 = ORIENTED_EDGE ( 'NONE', *, *, #4664, .T. ) ;
#3424 = ORIENTED_EDGE ( 'NONE', *, *, #932, .F. ) ;
#3425 = VERTEX_POINT ( 'NONE', #1904 ) ;
#3426 = DIRECTION ( 'NONE',  ( 0.7071067811865592301, 0.000000000000000000, -0.7071067811865359154 ) ) ;
#3427 = LINE ( 'NONE', #3559, #1391 ) ;
#3428 = VERTEX_POINT ( 'NONE', #580 ) ;
#3429 = DIRECTION ( 'NONE',  ( 1.000000000000000000, 0.000000000000000000, -0.000000000000000000 ) ) ;
#3430 = CARTESIAN_POINT ( 'NONE',  ( -81.80000000000002558, -7.099999999999995204, 10.00000000000000000 ) ) ;
#3431 = LINE ( 'NONE', #758, #4649 ) ;
#3432 = EDGE_CURVE ( 'NONE', #187, #2889, #2409, .T. ) ;
#3433 = EDGE_LOOP ( 'NONE', ( #4925, #5566, #2108, #3423 ) ) ;
#3434 = ORIENTED_EDGE ( 'NONE', *, *, #4091, .T. ) ;
#3435 = ORIENTED_EDGE ( 'NONE', *, *, #1067, .T. ) ;
#3436 = AXIS2_PLACEMENT_3D ( 'NONE', #1405, #4184, #3243 ) ;
#3437 = AXIS2_PLACEMENT_3D ( 'NONE', #5469, #824, #2717 ) ;
#3438 = DIRECTION ( 'NONE',  ( 1.000000000000000000, 0.000000000000000000, 0.000000000000000000 ) ) ;
#3439 = DIRECTION ( 'NONE',  ( -0.000000000000000000, -0.000000000000000000, -1.000000000000000000 ) ) ;
#3440 = VECTOR ( 'NONE', #466, 1000.000000000000000 ) ;
#3441 = VECTOR ( 'NONE', #314, 1000.000000000000000 ) ;
#3442 = EDGE_CURVE ( 'NONE', #2668, #1210, #606, .T. ) ;
#3443 = DIRECTION ( 'NONE',  ( -0.000000000000000000, -0.000000000000000000, -1.000000000000000000 ) ) ;
#3444 = LINE ( 'NONE', #774, #5868 ) ;
#3445 = DIRECTION ( 'NONE',  ( 1.000000000000000000, 0.000000000000000000, 0.000000000000000000 ) ) ;
#3446 = CARTESIAN_POINT ( 'NONE',  ( -66.82360081727497914, 8.500000000000000000, 1.000000000000000888 ) ) ;
#3447 = AXIS2_PLACEMENT_3D ( 'NONE', #3758, #4636, #4556 ) ;
#3448 = VECTOR ( 'NONE', #3931, 1000.000000000000114 ) ;
#3449 = ORIENTED_EDGE ( 'NONE', *, *, #5423, .T. ) ;
#3450 = ADVANCED_FACE ( 'NONE', ( #1539 ), #4033, .F. ) ;
#3451 = DIRECTION ( 'NONE',  ( -0.000000000000000000, 0.000000000000000000, 1.000000000000000000 ) ) ;
#3452 = CARTESIAN_POINT ( 'NONE',  ( 88.09999999999998010, -9.600000000000004974, 10.00000000000000000 ) ) ;
#3453 = ORIENTED_EDGE ( 'NONE', *, *, #1538, .F. ) ;
#3454 = CARTESIAN_POINT ( 'NONE',  ( 89.59999999999998010, -8.100000000000003197, 0.000000000000000000 ) ) ;
#3455 = PLANE ( 'NONE',  #3887 ) ;
#3456 = AXIS2_PLACEMENT_3D ( 'NONE', #3967, #1370, #4570 ) ;
#3457 = VECTOR ( 'NONE', #4930, 1000.000000000000114 ) ;
#3458 = ORIENTED_EDGE ( 'NONE', *, *, #2982, .T. ) ;
#3459 = EDGE_CURVE ( 'NONE', #395, #3371, #148, .T. ) ;
#3460 = ORIENTED_EDGE ( 'NONE', *, *, #4329, .F. ) ;
#3461 = ORIENTED_EDGE ( 'NONE', *, *, #4834, .F. ) ;
#3462 = FACE_OUTER_BOUND ( 'NONE', #3323, .T. ) ;
#3463 = DIRECTION ( 'NONE',  ( 1.000000000000000000, 0.000000000000000000, 0.000000000000000000 ) ) ;
#3464 = EDGE_LOOP ( 'NONE', ( #3513, #2402, #94, #797 ) ) ;
#3465 = LINE ( 'NONE', #232, #1721 ) ;
#3466 = CYLINDRICAL_SURFACE ( 'NONE', #922, 8.500000000000007105 ) ;
#3467 = FACE_OUTER_BOUND ( 'NONE', #3579, .T. ) ;
#3468 = ORIENTED_EDGE ( 'NONE', *, *, #3372, .T. ) ;
#3469 = ORIENTED_EDGE ( 'NONE', *, *, #662, .F. ) ;
#3470 = VERTEX_POINT ( 'NONE', #2917 ) ;
#3471 = DIRECTION ( 'NONE',  ( -0.000000000000000000, -0.000000000000000000, -1.000000000000000000 ) ) ;
#3472 = CARTESIAN_POINT ( 'NONE',  ( -81.26714007511213822, -8.099999999999996092, 10.00000000000000000 ) ) ;
#3473 = ORIENTED_EDGE ( 'NONE', *, *, #1118, .T. ) ;
#3474 = EDGE_CURVE ( 'NONE', #2976, #5400, #1237, .T. ) ;
#3475 = CARTESIAN_POINT ( 'NONE',  ( 49.99999999999998579, -22.49999999999998934, 10.00000000000000000 ) ) ;
#3476 = DIRECTION ( 'NONE',  ( 0.7071067811865474617, 0.000000000000000000, 0.7071067811865474617 ) ) ;
#3477 = CARTESIAN_POINT ( 'NONE',  ( -79.80000000000002558, 7.600000000000000533, 0.000000000000000000 ) ) ;
#3478 = VECTOR ( 'NONE', #992, 1000.000000000000000 ) ;
#3479 = LINE ( 'NONE', #1185, #5087 ) ;
#3480 = VECTOR ( 'NONE', #4638, 1000.000000000000000 ) ;
#3481 = DIRECTION ( 'NONE',  ( 1.000000000000000000, -0.000000000000000000, 0.000000000000000000 ) ) ;
#3482 = ORIENTED_EDGE ( 'NONE', *, *, #4335, .T. ) ;
#3483 = CARTESIAN_POINT ( 'NONE',  ( 72.89999999999999147, 9.600000000000001421, 0.000000000000000000 ) ) ;
#3484 = DIRECTION ( 'NONE',  ( 0.000000000000000000, 1.000000000000000000, -0.000000000000000000 ) ) ;
#3485 = VERTEX_POINT ( 'NONE', #3833 ) ;
#3486 = EDGE_CURVE ( 'NONE', #4216, #227, #3352, .T. ) ;
#3487 = VECTOR ( 'NONE', #1145, 999.9999999999998863 ) ;
#3488 = ORIENTED_EDGE ( 'NONE', *, *, #4633, .T. ) ;
#3489 = EDGE_CURVE ( 'NONE', #3657, #3156, #2579, .T. ) ;
#3490 = EDGE_CURVE ( 'NONE', #5599, #2307, #5590, .T. ) ;
#3491 = ORIENTED_EDGE ( 'NONE', *, *, #5740, .F. ) ;
#3492 = CARTESIAN_POINT ( 'NONE',  ( 0.000000000000000000, -8.100000000000003197, 10.00000000000000000 ) ) ;
#3493 = DIRECTION ( 'NONE',  ( -0.000000000000000000, -0.000000000000000000, -1.000000000000000000 ) ) ;
#3494 = ORIENTED_EDGE ( 'NONE', *, *, #4190, .F. ) ;
#3495 = CARTESIAN_POINT ( 'NONE',  ( -7.444866269159799543, 24.50000000000000000, 0.000000000000000000 ) ) ;
#3496 = DIRECTION ( 'NONE',  ( 0.000000000000000000, -0.000000000000000000, -1.000000000000000000 ) ) ;
#3497 = DIRECTION ( 'NONE',  ( 1.000000000000000000, 0.000000000000000000, 0.000000000000000000 ) ) ;
#3498 = ORIENTED_EDGE ( 'NONE', *, *, #166, .F. ) ;
#3499 = ORIENTED_EDGE ( 'NONE', *, *, #2726, .T. ) ;
#3500 = ORIENTED_EDGE ( 'NONE', *, *, #3865, .T. ) ;
#3501 = CARTESIAN_POINT ( 'NONE',  ( -49.99999999999994316, -32.49999999999998579, 9.000000000000026645 ) ) ;
#3502 = LINE ( 'NONE', #5346, #553 ) ;
#3503 = CARTESIAN_POINT ( 'NONE',  ( -58.99652710772330977, 22.75000000000000711, 0.000000000000000000 ) ) ;
#3504 = EDGE_CURVE ( 'NONE', #120, #5433, #4262, .T. ) ;
#3505 = EDGE_LOOP ( 'NONE', ( #2214, #3959, #754, #3279 ) ) ;
#3506 = AXIS2_PLACEMENT_3D ( 'NONE', #230, #3953, #3070 ) ;
#3507 = VERTEX_POINT ( 'NONE', #1954 ) ;
#3508 = DIRECTION ( 'NONE',  ( 1.000000000000000000, 0.000000000000000000, 0.000000000000000000 ) ) ;
#3509 = DIRECTION ( 'NONE',  ( -0.000000000000000000, -0.000000000000000000, -1.000000000000000000 ) ) ;
#3510 = DIRECTION ( 'NONE',  ( -0.000000000000000000, 0.000000000000000000, 1.000000000000000000 ) ) ;
#3511 = CARTESIAN_POINT ( 'NONE',  ( 59.99999999999999289, 9.251858538543000621E-15, 1.000000000000000888 ) ) ;
#3512 = FACE_OUTER_BOUND ( 'NONE', #3145, .T. ) ;
#3513 = ORIENTED_EDGE ( 'NONE', *, *, #3486, .T. ) ;
#3514 = CARTESIAN_POINT ( 'NONE',  ( 80.00000000000001421, -15.00000000000000000, 10.00000000000000000 ) ) ;
#3515 = DIRECTION ( 'NONE',  ( 0.000000000000000000, -0.000000000000000000, -1.000000000000000000 ) ) ;
#3516 = ORIENTED_EDGE ( 'NONE', *, *, #4897, .T. ) ;
#3517 = AXIS2_PLACEMENT_3D ( 'NONE', #1234, #3496, #1744 ) ;
#3518 = ORIENTED_EDGE ( 'NONE', *, *, #5676, .T. ) ;
#3519 = ADVANCED_FACE ( 'NONE', ( #2468 ), #763, .T. ) ;
#3520 = ORIENTED_EDGE ( 'NONE', *, *, #629, .F. ) ;
#3521 = EDGE_CURVE ( 'NONE', #3782, #2525, #5682, .T. ) ;
#3522 = FACE_OUTER_BOUND ( 'NONE', #5383, .T. ) ;
#3523 = DIRECTION ( 'NONE',  ( 1.000000000000000000, 0.000000000000000000, 0.000000000000000000 ) ) ;
#3524 = ORIENTED_EDGE ( 'NONE', *, *, #1731, .F. ) ;
#3525 = FACE_OUTER_BOUND ( 'NONE', #2486, .T. ) ;
#3526 = CARTESIAN_POINT ( 'NONE',  ( 88.09999999999998010, 6.132859924887913650, 10.00000000000000000 ) ) ;
#3527 = CARTESIAN_POINT ( 'NONE',  ( 87.09999999999998010, 0.000000000000000000, 10.00000000000000000 ) ) ;
#3528 = VERTEX_POINT ( 'NONE', #3775 ) ;
#3529 = ORIENTED_EDGE ( 'NONE', *, *, #122, .F. ) ;
#3530 = ADVANCED_FACE ( 'NONE', ( #5646 ), #5558, .F. ) ;
#3531 = EDGE_LOOP ( 'NONE', ( #4806, #4838, #3434, #4726 ) ) ;
#3532 = DIRECTION ( 'NONE',  ( 0.000000000000000000, -1.000000000000000000, 0.000000000000000000 ) ) ;
#3533 = DIRECTION ( 'NONE',  ( 0.000000000000000000, -1.000000000000000000, 0.000000000000000000 ) ) ;
#3534 = CARTESIAN_POINT ( 'NONE',  ( 58.99999999999999289, 9.097660896233951452E-15, 0.000000000000000000 ) ) ;
#3535 = CONICAL_SURFACE ( 'NONE', #1501, 13.99999999999998401, 0.7853981633974509435 ) ;
#3536 = ORIENTED_EDGE ( 'NONE', *, *, #5223, .F. ) ;
#3537 = EDGE_CURVE ( 'NONE', #208, #2873, #1030, .T. ) ;
#3538 = ADVANCED_FACE ( 'NONE', ( #2436 ), #5284, .T. ) ;
#3539 = VECTOR ( 'NONE', #2, 1000.000000000000000 ) ;
#3540 = ORIENTED_EDGE ( 'NONE', *, *, #1929, .F. ) ;
#3541 = DIRECTION ( 'NONE',  ( 1.000000000000000000, 0.000000000000000000, -0.000000000000000000 ) ) ;
#3542 = DIRECTION ( 'NONE',  ( -1.000000000000000000, 0.000000000000000000, 0.000000000000000000 ) ) ;
#3543 = AXIS2_PLACEMENT_3D ( 'NONE', #4296, #5687, #5174 ) ;
#3544 = CIRCLE ( 'NONE', #259, 13.99999999999998401 ) ;
#3545 = AXIS2_PLACEMENT_3D ( 'NONE', #2143, #3087, #213 ) ;
#3547 = DIRECTION ( 'NONE',  ( -0.000000000000000000, -0.000000000000000000, -1.000000000000000000 ) ) ;
#3546 = VECTOR ( 'NONE', #35, 1000.000000000000000 ) ;
#3548 = PRODUCT_DEFINITION_SHAPE ( 'NONE', 'NONE',  #2073 ) ;
#3549 = AXIS2_PLACEMENT_3D ( 'NONE', #3511, #5422, #4032 ) ;
#3550 = CARTESIAN_POINT ( 'NONE',  ( 0.000000000000000000, -32.49999999999998579, 1.000000000000000888 ) ) ;
#3551 = ORIENTED_EDGE ( 'NONE', *, *, #2964, .F. ) ;
#3552 = CARTESIAN_POINT ( 'NONE',  ( 0.000000000000000000, 9.600000000000001421, 10.00000000000000000 ) ) ;
#3553 = APPLICATION_PROTOCOL_DEFINITION ( 'draft international standard', 'automotive_design', 1998, #1158 ) ;
#3554 = ORIENTED_EDGE ( 'NONE', *, *, #883, .T. ) ;
#3555 = AXIS2_PLACEMENT_3D ( 'NONE', #170, #2007, #3853 ) ;
#3556 = ORIENTED_EDGE ( 'NONE', *, *, #2780, .F. ) ;
#3557 = VERTEX_POINT ( 'NONE', #521 ) ;
#3558 = LINE ( 'NONE', #2547, #5473 ) ;
#3559 = CARTESIAN_POINT ( 'NONE',  ( -77.80000000000002558, 8.099999999999996092, 10.00000000000000000 ) ) ;
#3560 = ORIENTED_EDGE ( 'NONE', *, *, #1926, .F. ) ;
#3561 = DIRECTION ( 'NONE',  ( 1.000000000000000000, 0.000000000000000000, 0.000000000000000000 ) ) ;
#3562 = FACE_OUTER_BOUND ( 'NONE', #4490, .T. ) ;
#3563 = CARTESIAN_POINT ( 'NONE',  ( 70.39999999999999147, 0.000000000000000000, 0.000000000000000000 ) ) ;
#3564 = EDGE_LOOP ( 'NONE', ( #4039, #4024, #1785, #3022, #5357 ) ) ;
#3565 = VECTOR ( 'NONE', #1888, 1000.000000000000114 ) ;
#3566 = ORIENTED_EDGE ( 'NONE', *, *, #1302, .F. ) ;
#3567 = CARTESIAN_POINT ( 'NONE',  ( 49.99999999999991473, 32.50000000000000711, 1.000000000000000888 ) ) ;
#3568 = CARTESIAN_POINT ( 'NONE',  ( -66.82360081727497914, -9.500000000000001776, 10.00000000000000000 ) ) ;
#3569 = CARTESIAN_POINT ( 'NONE',  ( 0.000000000000000000, 8.099999999999996092, 10.00000000000000000 ) ) ;
#3570 = DIRECTION ( 'NONE',  ( 0.000000000000000000, 0.7071067811865475727, 0.7071067811865475727 ) ) ;
#3571 = VERTEX_POINT ( 'NONE', #2349 ) ;
#3572 = EDGE_CURVE ( 'NONE', #4944, #1593, #4201, .T. ) ;
#3573 = EDGE_CURVE ( 'NONE', #143, #4366, #98, .T. ) ;
#3574 = ORIENTED_EDGE ( 'NONE', *, *, #2802, .F. ) ;
#3575 = EDGE_CURVE ( 'NONE', #486, #5537, #2499, .T. ) ;
#3576 = DIRECTION ( 'NONE',  ( 0.000000000000000000, 0.000000000000000000, 1.000000000000000000 ) ) ;
#3577 = DIRECTION ( 'NONE',  ( -1.000000000000000000, 0.000000000000000000, 0.000000000000000000 ) ) ;
#3578 = DIRECTION ( 'NONE',  ( 1.000000000000000000, 0.000000000000000000, 0.000000000000000000 ) ) ;
#3579 = EDGE_LOOP ( 'NONE', ( #4401, #199, #413, #1523 ) ) ;
#3580 = AXIS2_PLACEMENT_3D ( 'NONE', #2341, #2399, #2284 ) ;
#3581 = DIRECTION ( 'NONE',  ( 0.000000000000000000, 1.000000000000000000, 0.000000000000000000 ) ) ;
#3582 = EDGE_LOOP ( 'NONE', ( #3254, #481, #533, #2510 ) ) ;
#3583 = AXIS2_PLACEMENT_3D ( 'NONE', #3732, #5630, #5573 ) ;
#3584 = ORIENTED_EDGE ( 'NONE', *, *, #3085, .F. ) ;
#3585 = ORIENTED_EDGE ( 'NONE', *, *, #5223, .T. ) ;
#3586 = CARTESIAN_POINT ( 'NONE',  ( 66.06757691870760141, 13.62610514089688785, 0.000000000000000000 ) ) ;
#3587 = DIRECTION ( 'NONE',  ( 1.000000000000000000, 0.000000000000000000, 0.000000000000000000 ) ) ;
#3588 = ORIENTED_EDGE ( 'NONE', *, *, #362, .T. ) ;
#3589 = CARTESIAN_POINT ( 'NONE',  ( 52.30513373084020401, -24.50000000000000000, 10.00000000000000000 ) ) ;
#3590 = DIRECTION ( 'NONE',  ( -1.000000000000000000, 0.000000000000000000, 0.000000000000000000 ) ) ;
#3591 = CARTESIAN_POINT ( 'NONE',  ( -32.75318380357697379, -15.00000000000000000, 10.00000000000000000 ) ) ;
#3592 = EDGE_CURVE ( 'NONE', #4749, #2069, #4505, .T. ) ;
#3593 = ORIENTED_EDGE ( 'NONE', *, *, #736, .F. ) ;
#3594 = ORIENTED_EDGE ( 'NONE', *, *, #1830, .T. ) ;
#3595 = DIRECTION ( 'NONE',  ( 0.000000000000000000, 0.000000000000000000, 1.000000000000000000 ) ) ;
#3596 = FACE_OUTER_BOUND ( 'NONE', #982, .T. ) ;
#3597 = DIRECTION ( 'NONE',  ( -1.000000000000000000, 0.000000000000000000, 0.000000000000000000 ) ) ;
#3598 = CARTESIAN_POINT ( 'NONE',  ( 49.99999999999998579, 22.50000000000000711, 10.00000000000000000 ) ) ;
#3599 = ORIENTED_EDGE ( 'NONE', *, *, #3652, .F. ) ;
#3600 = VECTOR ( 'NONE', #4373, 1000.000000000000000 ) ;
#3601 = EDGE_CURVE ( 'NONE', #1078, #3717, #2949, .T. ) ;
#3602 = EDGE_LOOP ( 'NONE', ( #251, #4568, #4641, #780 ) ) ;
#3603 = ADVANCED_FACE ( 'NONE', ( #5018 ), #670, .F. ) ;
#3604 = DIRECTION ( 'NONE',  ( -0.000000000000000000, 0.000000000000000000, -1.000000000000000000 ) ) ;
#3605 = CIRCLE ( 'NONE', #515, 9.999999999999994671 ) ;
#3606 = EDGE_CURVE ( 'NONE', #2021, #2403, #4999, .T. ) ;
#3607 = EDGE_CURVE ( 'NONE', #2830, #2997, #1304, .T. ) ;
#3608 = LINE ( 'NONE', #1760, #3347 ) ;
#3609 = VECTOR ( 'NONE', #2641, 1000.000000000000000 ) ;
#3610 = CARTESIAN_POINT ( 'NONE',  ( 59.00000000000000000, 9.097660896233951452E-15, 0.000000000000000000 ) ) ;
#3611 = ORIENTED_EDGE ( 'NONE', *, *, #4084, .F. ) ;
#3612 = CARTESIAN_POINT ( 'NONE',  ( 88.09999999999998010, -9.600000000000004974, 0.000000000000000000 ) ) ;
#3613 = ORIENTED_EDGE ( 'NONE', *, *, #5141, .F. ) ;
#3614 = VERTEX_POINT ( 'NONE', #4052 ) ;
#3615 = EDGE_CURVE ( 'NONE', #4153, #1330, #2686, .T. ) ;
#3616 = ORIENTED_EDGE ( 'NONE', *, *, #205, .F. ) ;
#3617 = DIRECTION ( 'NONE',  ( -1.000000000000000000, 0.000000000000000000, 0.000000000000000000 ) ) ;
#3618 = CARTESIAN_POINT ( 'NONE',  ( 0.000000000000000000, 7.100000000000000533, 10.00000000000000000 ) ) ;
#3619 = ORIENTED_EDGE ( 'NONE', *, *, #829, .F. ) ;
#3620 = CARTESIAN_POINT ( 'NONE',  ( 0.000000000000000000, 5.599999999999996980, 10.00000000000000000 ) ) ;
#3621 = CARTESIAN_POINT ( 'NONE',  ( 74.39999999999999147, 7.100000000000000533, 10.00000000000000000 ) ) ;
#3622 = CARTESIAN_POINT ( 'NONE',  ( 0.000000000000000000, -5.599999999999994316, 10.00000000000000000 ) ) ;
#3623 = ORIENTED_EDGE ( 'NONE', *, *, #4526, .T. ) ;
#3624 = CIRCLE ( 'NONE', #1005, 1.549999999999968070 ) ;
#3625 = AXIS2_PLACEMENT_3D ( 'NONE', #1864, #4281, #993 ) ;
#3626 = ADVANCED_FACE ( 'NONE', ( #4537 ), #3171, .F. ) ;
#3627 = VERTEX_POINT ( 'NONE', #3567 ) ;
#3628 = LINE ( 'NONE', #4982, #4704 ) ;
#3629 = CARTESIAN_POINT ( 'NONE',  ( -79.30000000000002558, -6.132859924887886116, 10.00000000000000000 ) ) ;
#3630 = DIRECTION ( 'NONE',  ( -0.000000000000000000, -0.000000000000000000, -1.000000000000000000 ) ) ;
#3631 = CARTESIAN_POINT ( 'NONE',  ( 88.09999999999998010, 0.000000000000000000, 10.00000000000000000 ) ) ;
#3632 = ORIENTED_EDGE ( 'NONE', *, *, #3815, .T. ) ;
#3633 = VERTEX_POINT ( 'NONE', #2983 ) ;
#3634 = CARTESIAN_POINT ( 'NONE',  ( 67.99999999999998579, -22.41619848709568785, 8.999999999999996447 ) ) ;
#3635 = EDGE_CURVE ( 'NONE', #5525, #3744, #1147, .T. ) ;
#3636 = VECTOR ( 'NONE', #4965, 1000.000000000000000 ) ;
#3637 = DIRECTION ( 'NONE',  ( -0.000000000000000000, -0.000000000000000000, -1.000000000000000000 ) ) ;
#3638 = VECTOR ( 'NONE', #816, 1000.000000000000000 ) ;
#3639 = CARTESIAN_POINT ( 'NONE',  ( -79.80000000000002558, 7.600000000000000533, 10.00000000000000000 ) ) ;
#3640 = VERTEX_POINT ( 'NONE', #4384 ) ;
#3641 = CARTESIAN_POINT ( 'NONE',  ( -50.00000000000001421, 22.50000000000001066, 9.000000000000010658 ) ) ;
#3642 = ORIENTED_EDGE ( 'NONE', *, *, #2589, .F. ) ;
#3643 = AXIS2_PLACEMENT_3D ( 'NONE', #1251, #2079, #2500 ) ;
#3644 = EDGE_CURVE ( 'NONE', #14, #2573, #4561, .T. ) ;
#3645 = EDGE_LOOP ( 'NONE', ( #5069, #5869, #3252, #4695 ) ) ;
#3646 = CIRCLE ( 'NONE', #1337, 1.549999999999995826 ) ;
#3647 = DIRECTION ( 'NONE',  ( 1.000000000000000000, 0.000000000000000000, 0.000000000000000000 ) ) ;
#3648 = LINE ( 'NONE', #3618, #4410 ) ;
#3649 = DIRECTION ( 'NONE',  ( 0.7071067811865493491, 0.000000000000000000, 0.7071067811865456854 ) ) ;
#3650 = PLANE ( 'NONE',  #1689 ) ;
#3651 = DIRECTION ( 'NONE',  ( 1.000000000000000000, 0.000000000000000000, 0.000000000000000000 ) ) ;
#3652 = EDGE_CURVE ( 'NONE', #4153, #1917, #3628, .T. ) ;
#3653 = VECTOR ( 'NONE', #4343, 1000.000000000000000 ) ;
#3654 = VECTOR ( 'NONE', #396, 1000.000000000000000 ) ;
#3655 = ORIENTED_EDGE ( 'NONE', *, *, #5256, .F. ) ;
#3656 = AXIS2_PLACEMENT_3D ( 'NONE', #3875, #5719, #224 ) ;
#3657 = VERTEX_POINT ( 'NONE', #4080 ) ;
#3658 = CARTESIAN_POINT ( 'NONE',  ( 70.39999999999999147, 0.000000000000000000, 10.00000000000000000 ) ) ;
#3659 = CARTESIAN_POINT ( 'NONE',  ( -79.30000000000002558, -9.599999999999997868, 0.000000000000000000 ) ) ;
#3660 = FACE_OUTER_BOUND ( 'NONE', #3289, .T. ) ;
#3661 = CARTESIAN_POINT ( 'NONE',  ( 80.00000000000001421, -15.00000000000000000, 8.999999999999996447 ) ) ;
#3662 = VECTOR ( 'NONE', #1470, 1000.000000000000000 ) ;
#3663 = ORIENTED_EDGE ( 'NONE', *, *, #5902, .F. ) ;
#3664 = EDGE_CURVE ( 'NONE', #3817, #5910, #421, .T. ) ;
#3665 = ORIENTED_EDGE ( 'NONE', *, *, #1423, .T. ) ;
#3666 = CARTESIAN_POINT ( 'NONE',  ( 65.00000000000004263, 15.00000000000000000, 9.000000000000010658 ) ) ;
#3667 = EDGE_CURVE ( 'NONE', #5696, #3825, #1633, .T. ) ;
#3668 = DIRECTION ( 'NONE',  ( 0.000000000000000000, -1.000000000000000000, 0.000000000000000000 ) ) ;
#3669 = DIRECTION ( 'NONE',  ( -0.000000000000000000, 0.000000000000000000, 1.000000000000000000 ) ) ;
#3670 = ORIENTED_EDGE ( 'NONE', *, *, #2206, .F. ) ;
#3671 = DIRECTION ( 'NONE',  ( -0.000000000000000000, 0.000000000000000000, 1.000000000000000000 ) ) ;
#3672 = VERTEX_POINT ( 'NONE', #1571 ) ;
#3673 = EDGE_LOOP ( 'NONE', ( #3690, #5626, #823, #112 ) ) ;
#3674 = CARTESIAN_POINT ( 'NONE',  ( 71.89999999999999147, -6.132859924887913650, 10.00000000000000000 ) ) ;
#3675 = DIRECTION ( 'NONE',  ( -0.000000000000000000, 0.000000000000000000, -1.000000000000000000 ) ) ;
#3676 = CARTESIAN_POINT ( 'NONE',  ( 71.89999999999999147, 5.600000000000000533, 10.00000000000000000 ) ) ;
#3677 = DIRECTION ( 'NONE',  ( 0.000000000000000000, -1.000000000000000000, 0.000000000000000000 ) ) ;
#3678 = CARTESIAN_POINT ( 'NONE',  ( 58.17639918272502086, -8.500000000000000000, 9.000000000000000000 ) ) ;
#3679 = ADVANCED_FACE ( 'NONE', ( #5410 ), #1818, .F. ) ;
#3680 = VERTEX_POINT ( 'NONE', #5255 ) ;
#3681 = ADVANCED_FACE ( 'NONE', ( #1779 ), #4830, .T. ) ;
#3682 = EDGE_CURVE ( 'NONE', #335, #5543, #1504, .T. ) ;
#3683 = ORIENTED_EDGE ( 'NONE', *, *, #1891, .F. ) ;
#3684 = DIRECTION ( 'NONE',  ( 1.000000000000000000, 0.000000000000000000, 0.000000000000000000 ) ) ;
#3685 = CARTESIAN_POINT ( 'NONE',  ( -79.80000000000002558, -7.600000000000002309, 10.00000000000000000 ) ) ;
#3686 = CARTESIAN_POINT ( 'NONE',  ( 71.89999999999999147, 9.600000000000001421, 10.00000000000000000 ) ) ;
#3687 = DIRECTION ( 'NONE',  ( 0.000000000000000000, -1.000000000000000000, 0.000000000000000000 ) ) ;
#3688 = ORIENTED_EDGE ( 'NONE', *, *, #5640, .T. ) ;
#3689 = AXIS2_PLACEMENT_3D ( 'NONE', #4447, #2981, #5347 ) ;
#3690 = ORIENTED_EDGE ( 'NONE', *, *, #1637, .T. ) ;
#3691 = EDGE_CURVE ( 'NONE', #78, #1136, #5893, .T. ) ;
#3692 = LINE ( 'NONE', #5505, #1989 ) ;
#3693 = EDGE_CURVE ( 'NONE', #3130, #395, #5042, .T. ) ;
#3694 = DIRECTION ( 'NONE',  ( 0.000000000000000000, 1.000000000000000000, 0.000000000000000000 ) ) ;
#3695 = CIRCLE ( 'NONE', #4176, 1.549999999999968070 ) ;
#3696 = CARTESIAN_POINT ( 'NONE',  ( 0.000000000000000000, 9.600000000000001421, 0.000000000000000000 ) ) ;
#3697 = DIRECTION ( 'NONE',  ( -0.000000000000000000, -0.000000000000000000, -1.000000000000000000 ) ) ;
#3698 = EDGE_LOOP ( 'NONE', ( #4347, #2914, #1484, #3360 ) ) ;
#3699 = VECTOR ( 'NONE', #3697, 1000.000000000000000 ) ;
#3700 = ORIENTED_EDGE ( 'NONE', *, *, #915, .F. ) ;
#3701 = DIRECTION ( 'NONE',  ( 1.000000000000000000, 0.000000000000000000, 0.000000000000000000 ) ) ;
#3702 = CARTESIAN_POINT ( 'NONE',  ( 88.09999999999998010, -9.600000000000004974, 10.00000000000000000 ) ) ;
#3703 = LINE ( 'NONE', #1406, #4701 ) ;
#3704 = CARTESIAN_POINT ( 'NONE',  ( 0.000000000000000000, -9.500000000000001776, 0.000000000000000000 ) ) ;
#3705 = DIRECTION ( 'NONE',  ( 1.000000000000000000, 0.000000000000000000, 0.000000000000000000 ) ) ;
#3706 = ORIENTED_EDGE ( 'NONE', *, *, #3932, .F. ) ;
#3707 = EDGE_CURVE ( 'NONE', #120, #4972, #1017, .T. ) ;
#3708 = EDGE_CURVE ( 'NONE', #2573, #1684, #2850, .T. ) ;
#3709 = ORIENTED_EDGE ( 'NONE', *, *, #3850, .T. ) ;
#3710 = DIRECTION ( 'NONE',  ( 1.000000000000000000, 1.119176436114092110E-15, 0.000000000000000000 ) ) ;
#3711 = DIRECTION ( 'NONE',  ( -0.000000000000000000, -0.000000000000000000, -1.000000000000000000 ) ) ;
#3712 = CARTESIAN_POINT ( 'NONE',  ( 71.89999999999999147, -9.600000000000001421, 0.000000000000000000 ) ) ;
#3713 = CARTESIAN_POINT ( 'NONE',  ( -7.444866269159799543, 24.50000000000000000, 10.00000000000000000 ) ) ;
#3714 = EDGE_CURVE ( 'NONE', #822, #4125, #4669, .T. ) ;
#3715 = EDGE_LOOP ( 'NONE', ( #2154, #2298, #751, #513 ) ) ;
#3716 = VECTOR ( 'NONE', #3034, 1000.000000000000000 ) ;
#3717 = VERTEX_POINT ( 'NONE', #908 ) ;
#3718 = CARTESIAN_POINT ( 'NONE',  ( 87.09999999999998010, 5.600000000000002309, 0.000000000000000000 ) ) ;
#3719 = EDGE_CURVE ( 'NONE', #5947, #2740, #852, .T. ) ;
#3720 = ADVANCED_FACE ( 'NONE', ( #1810 ), #5607, .F. ) ;
#3721 = CARTESIAN_POINT ( 'NONE',  ( -51.25318380357697379, 15.00000000000000000, 10.00000000000000000 ) ) ;
#3722 = LINE ( 'NONE', #5559, #2852 ) ;
#3723 = LINE ( 'NONE', #1512, #3788 ) ;
#3724 = FACE_OUTER_BOUND ( 'NONE', #3880, .T. ) ;
#3725 = ORIENTED_EDGE ( 'NONE', *, *, #1266, .F. ) ;
#3726 = CIRCLE ( 'NONE', #3047, 1.500000000000001332 ) ;
#3727 = LINE ( 'NONE', #499, #1025 ) ;
#3728 = VERTEX_POINT ( 'NONE', #3201 ) ;
#3729 = LINE ( 'NONE', #5570, #3053 ) ;
#3730 = LINE ( 'NONE', #3676, #5876 ) ;
#3731 = DIRECTION ( 'NONE',  ( -0.000000000000000000, -0.000000000000000000, 1.000000000000000000 ) ) ;
#3732 = CARTESIAN_POINT ( 'NONE',  ( 80.00000000000001421, 15.00000000000000000, 0.000000000000000000 ) ) ;
#3733 = VECTOR ( 'NONE', #5617, 1000.000000000000000 ) ;
#3734 = ORIENTED_EDGE ( 'NONE', *, *, #2316, .T. ) ;
#3735 = VECTOR ( 'NONE', #1252, 1000.000000000000000 ) ;
#3736 = CONICAL_SURFACE ( 'NONE', #1127, 14.99999999999995737, 0.7853981633974500554 ) ;
#3737 = ORIENTED_EDGE ( 'NONE', *, *, #3607, .F. ) ;
#3738 = CARTESIAN_POINT ( 'NONE',  ( -0.000000000000000000, -8.100000000000003197, 0.000000000000000000 ) ) ;
#3739 = DIRECTION ( 'NONE',  ( -0.7071067811865487940, 0.000000000000000000, -0.7071067811865463515 ) ) ;
#3740 = VECTOR ( 'NONE', #357, 1000.000000000000000 ) ;
#3741 = CARTESIAN_POINT ( 'NONE',  ( 94.99999999999997158, 15.00000000000000000, 0.9999999999999749090 ) ) ;
#3742 = CARTESIAN_POINT ( 'NONE',  ( 94.99999999999998579, 0.000000000000000000, 0.000000000000000000 ) ) ;
#3743 = VECTOR ( 'NONE', #1638, 1000.000000000000000 ) ;
#3744 = VERTEX_POINT ( 'NONE', #4617 ) ;
#3745 = ORIENTED_EDGE ( 'NONE', *, *, #3410, .T. ) ;
#3746 = DIRECTION ( 'NONE',  ( 0.000000000000000000, -0.000000000000000000, -1.000000000000000000 ) ) ;
#3747 = CIRCLE ( 'NONE', #868, 8.500000000000000000 ) ;
#3748 = EDGE_CURVE ( 'NONE', #4392, #5212, #4587, .T. ) ;
#3749 = ADVANCED_FACE ( 'NONE', ( #3281 ), #5556, .T. ) ;
#3750 = EDGE_CURVE ( 'NONE', #2142, #3870, #3921, .T. ) ;
#3751 = CARTESIAN_POINT ( 'NONE',  ( -0.000000000000000000, 5.600000000000002309, 0.000000000000000000 ) ) ;
#3752 = LINE ( 'NONE', #1001, #1705 ) ;
#3753 = DIRECTION ( 'NONE',  ( 0.000000000000000000, -0.000000000000000000, -1.000000000000000000 ) ) ;
#3754 = EDGE_LOOP ( 'NONE', ( #653, #2916, #2584, #837, #4854 ) ) ;
#3755 = CARTESIAN_POINT ( 'NONE',  ( 49.99999999999991473, 31.50000000000003553, 0.000000000000000000 ) ) ;
#3756 = ORIENTED_EDGE ( 'NONE', *, *, #2075, .F. ) ;
#3757 = DIRECTION ( 'NONE',  ( -0.000000000000000000, -0.000000000000000000, -1.000000000000000000 ) ) ;
#3758 = CARTESIAN_POINT ( 'NONE',  ( 49.99999999999998579, 22.50000000000000711, 9.000000000000010658 ) ) ;
#3759 = DIRECTION ( 'NONE',  ( 1.000000000000000000, 0.000000000000000000, 0.000000000000000000 ) ) ;
#3760 = CARTESIAN_POINT ( 'NONE',  ( 88.09999999999998010, 0.000000000000000000, 10.00000000000000000 ) ) ;
#3761 = ORIENTED_EDGE ( 'NONE', *, *, #2297, .F. ) ;
#3762 = ORIENTED_EDGE ( 'NONE', *, *, #576, .F. ) ;
#3763 = CARTESIAN_POINT ( 'NONE',  ( -66.82360081727497914, 8.500000000000000000, 9.000000000000000000 ) ) ;
#3764 = DIRECTION ( 'NONE',  ( 0.000000000000000000, -0.000000000000000000, -1.000000000000000000 ) ) ;
#3765 = CARTESIAN_POINT ( 'NONE',  ( 71.89999999999999147, 5.600000000000000533, 10.00000000000000000 ) ) ;
#3766 = CARTESIAN_POINT ( 'NONE',  ( 72.89999999999999147, 0.000000000000000000, 10.00000000000000000 ) ) ;
#3767 = AXIS2_PLACEMENT_3D ( 'NONE', #826, #5952, #4507 ) ;
#3768 = FACE_BOUND ( 'NONE', #3097, .T. ) ;
#3769 = ORIENTED_EDGE ( 'NONE', *, *, #3664, .F. ) ;
#3770 = AXIS2_PLACEMENT_3D ( 'NONE', #1781, #3630, #1724 ) ;
#3771 = ORIENTED_EDGE ( 'NONE', *, *, #1566, .T. ) ;
#3772 = EDGE_LOOP ( 'NONE', ( #3780, #2474, #1492, #2100 ) ) ;
#3773 = EDGE_CURVE ( 'NONE', #3164, #3911, #936, .T. ) ;
#3774 = EDGE_CURVE ( 'NONE', #1159, #2624, #536, .T. ) ;
#3775 = CARTESIAN_POINT ( 'NONE',  ( -59.99614123080367278, -22.77777777777777146, 9.000000000000010658 ) ) ;
#3776 = CARTESIAN_POINT ( 'NONE',  ( 0.000000000000000000, -7.099999999999995204, 0.000000000000000000 ) ) ;
#3777 = CARTESIAN_POINT ( 'NONE',  ( -0.000000000000000000, -7.100000000000002309, 0.000000000000000000 ) ) ;
#3778 = DIRECTION ( 'NONE',  ( 0.7071067811865487940, 8.659560562354948882E-17, -0.7071067811865463515 ) ) ;
#3779 = ADVANCED_FACE ( 'NONE', ( #2339 ), #5520, .T. ) ;
#3780 = ORIENTED_EDGE ( 'NONE', *, *, #2407, .T. ) ;
#3781 = CARTESIAN_POINT ( 'NONE',  ( 72.39999999999999147, -7.599999999999998757, 10.00000000000000000 ) ) ;
#3782 = VERTEX_POINT ( 'NONE', #482 ) ;
#3783 = DIRECTION ( 'NONE',  ( 0.000000000000000000, -0.7071067811865474617, -0.7071067811865474617 ) ) ;
#3784 = DIRECTION ( 'NONE',  ( -0.000000000000000000, 0.000000000000000000, 1.000000000000000000 ) ) ;
#3785 = CARTESIAN_POINT ( 'NONE',  ( 87.09999999999998010, -9.067140075112090969, 10.00000000000000000 ) ) ;
#3786 = CARTESIAN_POINT ( 'NONE',  ( 65.32699331784371566, -14.51499053018349450, 9.326993317843655262 ) ) ;
#3787 = ORIENTED_EDGE ( 'NONE', *, *, #5774, .T. ) ;
#3788 = VECTOR ( 'NONE', #100, 1000.000000000000114 ) ;
#3789 = ADVANCED_FACE ( 'NONE', ( #3224, #5065, #2768, #966, #4166, #3308, #26, #3253, #5098, #2796, #5126, #4642, #5154, #507 ), #4191, .F. ) ;
#3790 = VERTEX_POINT ( 'NONE', #4368 ) ;
#3791 = DIRECTION ( 'NONE',  ( -0.000000000000000000, -0.000000000000000000, -1.000000000000000000 ) ) ;
#3792 = CARTESIAN_POINT ( 'NONE',  ( 49.99999999999991473, 31.49999999999999289, 10.00000000000000000 ) ) ;
#3793 = CARTESIAN_POINT ( 'NONE',  ( -67.99305421544659112, -15.00000000000000000, 9.000000000000010658 ) ) ;
#3794 = DIRECTION ( 'NONE',  ( 0.000000000000000000, 1.000000000000000000, 0.000000000000000000 ) ) ;
#3795 = LINE ( 'NONE', #627, #598 ) ;
#3796 = ORIENTED_EDGE ( 'NONE', *, *, #4766, .F. ) ;
#3797 = ORIENTED_EDGE ( 'NONE', *, *, #1396, .T. ) ;
#3798 = EDGE_LOOP ( 'NONE', ( #1477, #5123, #3984, #5800 ) ) ;
#3799 = AXIS2_PLACEMENT_3D ( 'NONE', #1556, #4788, #4344 ) ;
#3800 = DIRECTION ( 'NONE',  ( 1.000000000000000000, 0.000000000000000000, 0.000000000000000000 ) ) ;
#3801 = CARTESIAN_POINT ( 'NONE',  ( 66.06757691870762983, 13.62610514089686653, 10.00000000000000000 ) ) ;
#3802 = CARTESIAN_POINT ( 'NONE',  ( -94.80000000000002558, 15.00000000000000000, 10.00000000000000000 ) ) ;
#3803 = DIRECTION ( 'NONE',  ( 1.000000000000000000, 0.000000000000000000, 0.000000000000000000 ) ) ;
#3804 = ORIENTED_EDGE ( 'NONE', *, *, #956, .T. ) ;
#3805 = FACE_OUTER_BOUND ( 'NONE', #5604, .T. ) ;
#3806 = ORIENTED_EDGE ( 'NONE', *, *, #1604, .F. ) ;
#3807 = CARTESIAN_POINT ( 'NONE',  ( -80.30000000000002558, 9.600000000000001421, 0.000000000000000000 ) ) ;
#3808 = DIRECTION ( 'NONE',  ( 1.000000000000000000, 0.000000000000000000, 0.000000000000000000 ) ) ;
#3809 = AXIS2_PLACEMENT_3D ( 'NONE', #359, #1774, #2193 ) ;
#3810 = LINE ( 'NONE', #5780, #1121 ) ;
#3811 = CARTESIAN_POINT ( 'NONE',  ( 109.0000000000000142, 0.000000000000000000, 0.000000000000000000 ) ) ;
#3812 = VERTEX_POINT ( 'NONE', #654 ) ;
#3813 = EDGE_CURVE ( 'NONE', #5587, #208, #2696, .T. ) ;
#3814 = AXIS2_PLACEMENT_3D ( 'NONE', #4072, #2127, #1710 ) ;
#3815 = EDGE_CURVE ( 'NONE', #2483, #1330, #1553, .T. ) ;
#3816 = EDGE_CURVE ( 'NONE', #1068, #60, #229, .T. ) ;
#3817 = VERTEX_POINT ( 'NONE', #3393 ) ;
#3818 = DIRECTION ( 'NONE',  ( 1.000000000000000000, 0.000000000000000000, 0.000000000000000000 ) ) ;
#3819 = DIRECTION ( 'NONE',  ( -0.000000000000000000, 0.000000000000000000, -1.000000000000000000 ) ) ;
#3820 = VECTOR ( 'NONE', #551, 1000.000000000000114 ) ;
#3821 = DIRECTION ( 'NONE',  ( 1.000000000000000000, 0.000000000000000000, 0.000000000000000000 ) ) ;
#3822 = DIRECTION ( 'NONE',  ( -0.000000000000000000, 0.000000000000000000, 1.000000000000000000 ) ) ;
#3823 = AXIS2_PLACEMENT_3D ( 'NONE', #2355, #4554, #2271 ) ;
#3824 = FACE_OUTER_BOUND ( 'NONE', #2232, .T. ) ;
#3825 = VERTEX_POINT ( 'NONE', #168 ) ;
#3826 = CIRCLE ( 'NONE', #2467, 8.500000000000000000 ) ;
#3827 = AXIS2_PLACEMENT_3D ( 'NONE', #972, #2347, #4648 ) ;
#3828 = CIRCLE ( 'NONE', #4995, 9.999999999999994671 ) ;
#3829 = ORIENTED_EDGE ( 'NONE', *, *, #4822, .T. ) ;
#3830 = CARTESIAN_POINT ( 'NONE',  ( -7.444866269159799543, -24.50000000000000000, 10.00000000000000000 ) ) ;
#3831 = EDGE_LOOP ( 'NONE', ( #5955, #4761, #2165, #4665 ) ) ;
#3832 = VECTOR ( 'NONE', #3898, 1000.000000000000000 ) ;
#3833 = CARTESIAN_POINT ( 'NONE',  ( -67.99305421544660533, 15.00000000000000000, 1.000000000000000888 ) ) ;
#3834 = VECTOR ( 'NONE', #5786, 1000.000000000000000 ) ;
#3835 = ADVANCED_FACE ( 'NONE', ( #3462 ), #5649, .T. ) ;
#3836 = CARTESIAN_POINT ( 'NONE',  ( 74.39999999999999147, 0.000000000000000000, 0.000000000000000000 ) ) ;
#3837 = DIRECTION ( 'NONE',  ( -0.000000000000000000, 0.000000000000000000, 1.000000000000000000 ) ) ;
#3838 = EDGE_CURVE ( 'NONE', #5460, #2590, #1585, .T. ) ;
#3839 =( NAMED_UNIT ( * ) PLANE_ANGLE_UNIT ( ) SI_UNIT ( $, .RADIAN. ) );
#3840 = AXIS2_PLACEMENT_3D ( 'NONE', #5477, #1342, #2664 ) ;
#3841 = ORIENTED_EDGE ( 'NONE', *, *, #1828, .T. ) ;
#3842 = CARTESIAN_POINT ( 'NONE',  ( -9.194866269159801320, -24.50000000000000000, 0.000000000000000000 ) ) ;
#3843 = ORIENTED_EDGE ( 'NONE', *, *, #3231, .T. ) ;
#3844 = FACE_OUTER_BOUND ( 'NONE', #5017, .T. ) ;
#3845 = DIRECTION ( 'NONE',  ( -1.000000000000000000, 0.000000000000000000, 0.000000000000000000 ) ) ;
#3846 = CARTESIAN_POINT ( 'NONE',  ( 73.86714007511207569, 8.100000000000001421, 0.000000000000000000 ) ) ;
#3847 = ADVANCED_BREP_SHAPE_REPRESENTATION ( 'P5 Panel RP Mount', ( #9, #3173 ), #4231 ) ;
#3848 = VERTEX_POINT ( 'NONE', #2030 ) ;
#3849 = ORIENTED_EDGE ( 'NONE', *, *, #1015, .T. ) ;
#3850 = EDGE_CURVE ( 'NONE', #2394, #3790, #5668, .T. ) ;
#3851 = CARTESIAN_POINT ( 'NONE',  ( 49.99999999999992184, -32.49999999999998579, 10.00000000000000000 ) ) ;
#3852 = ORIENTED_EDGE ( 'NONE', *, *, #1950, .T. ) ;
#3853 = DIRECTION ( 'NONE',  ( 1.000000000000000000, 0.000000000000000000, 0.000000000000000000 ) ) ;
#3854 = FACE_OUTER_BOUND ( 'NONE', #4795, .T. ) ;
#3855 = DIRECTION ( 'NONE',  ( 1.000000000000000000, 0.000000000000000000, 0.000000000000000000 ) ) ;
#3856 = FACE_BOUND ( 'NONE', #1014, .T. ) ;
#3857 = EDGE_CURVE ( 'NONE', #4037, #4935, #3726, .T. ) ;
#3858 = EDGE_LOOP ( 'NONE', ( #2540, #4591, #874, #2681 ) ) ;
#3859 = EDGE_CURVE ( 'NONE', #3790, #5404, #2062, .T. ) ;
#3860 = ORIENTED_EDGE ( 'NONE', *, *, #2749, .F. ) ;
#3861 = VECTOR ( 'NONE', #89, 1000.000000000000000 ) ;
#3862 = CYLINDRICAL_SURFACE ( 'NONE', #5289, 1.750000000000001554 ) ;
#3863 = DIRECTION ( 'NONE',  ( 1.541976423090500317E-16, -1.000000000000000000, 0.000000000000000000 ) ) ;
#3864 = EDGE_LOOP ( 'NONE', ( #5467, #4006 ) ) ;
#3865 = EDGE_CURVE ( 'NONE', #3557, #193, #2515, .T. ) ;
#3866 = DIRECTION ( 'NONE',  ( -0.000000000000000000, -0.000000000000000000, -1.000000000000000000 ) ) ;
#3867 = EDGE_CURVE ( 'NONE', #5696, #5947, #5757, .T. ) ;
#3868 = DIRECTION ( 'NONE',  ( 1.000000000000000000, 0.000000000000000000, 0.000000000000000000 ) ) ;
#3869 = CARTESIAN_POINT ( 'NONE',  ( 71.89999999999999147, 5.600000000000000533, 0.000000000000000000 ) ) ;
#3870 = VERTEX_POINT ( 'NONE', #3337 ) ;
#3871 = EDGE_CURVE ( 'NONE', #2544, #208, #4986, .T. ) ;
#3872 = DIRECTION ( 'NONE',  ( -0.000000000000000000, -0.000000000000000000, -1.000000000000000000 ) ) ;
#3873 = EDGE_LOOP ( 'NONE', ( #4396, #1663, #542, #5891 ) ) ;
#3874 = DIRECTION ( 'NONE',  ( -0.000000000000000000, -0.000000000000000000, -1.000000000000000000 ) ) ;
#3875 = CARTESIAN_POINT ( 'NONE',  ( -67.99305421544659112, -23.00000000000000000, 0.000000000000000000 ) ) ;
#3876 = DIRECTION ( 'NONE',  ( -0.000000000000000000, -0.000000000000000000, -1.000000000000000000 ) ) ;
#3877 = ORIENTED_EDGE ( 'NONE', *, *, #432, .F. ) ;
#3878 = AXIS2_PLACEMENT_3D ( 'NONE', #2455, #302, #2909 ) ;
#3879 = ORIENTED_EDGE ( 'NONE', *, *, #4928, .F. ) ;
#3880 = EDGE_LOOP ( 'NONE', ( #1537, #2629, #1267, #289 ) ) ;
#3881 = CARTESIAN_POINT ( 'NONE',  ( 93.96142399166002690, 13.96142399166003933, 10.00000000000000000 ) ) ;
#3882 = LINE ( 'NONE', #4817, #1896 ) ;
#3883 = ORIENTED_EDGE ( 'NONE', *, *, #5450, .T. ) ;
#3884 = LINE ( 'NONE', #2490, #5283 ) ;
#3885 = LINE ( 'NONE', #2884, #5353 ) ;
#3886 = CARTESIAN_POINT ( 'NONE',  ( 88.09999999999998010, 9.067140075112090969, 10.00000000000000000 ) ) ;
#3887 = AXIS2_PLACEMENT_3D ( 'NONE', #5660, #4777, #4841 ) ;
#3888 = AXIS2_PLACEMENT_3D ( 'NONE', #4327, #5808, #1635 ) ;
#3889 = EDGE_LOOP ( 'NONE', ( #1503, #2157, #5518, #1101 ) ) ;
#3890 = VECTOR ( 'NONE', #1531, 1000.000000000000000 ) ;
#3891 = MECHANICAL_DESIGN_GEOMETRIC_PRESENTATION_REPRESENTATION (  '', ( #1570 ), #5529 ) ;
#3892 = ORIENTED_EDGE ( 'NONE', *, *, #1396, .F. ) ;
#3893 = EDGE_CURVE ( 'NONE', #5488, #2403, #1166, .T. ) ;
#3894 = AXIS2_PLACEMENT_3D ( 'NONE', #5844, #3753, #2894 ) ;
#3895 = ORIENTED_EDGE ( 'NONE', *, *, #3813, .F. ) ;
#3896 = DIRECTION ( 'NONE',  ( 0.000000000000000000, -0.000000000000000000, -1.000000000000000000 ) ) ;
#3897 = DIRECTION ( 'NONE',  ( 1.000000000000000000, 0.000000000000000000, 0.000000000000000000 ) ) ;
#3898 = DIRECTION ( 'NONE',  ( 1.000000000000000000, 0.000000000000000000, 0.000000000000000000 ) ) ;
#3899 = ADVANCED_FACE ( 'NONE', ( #3000 ), #570, .F. ) ;
#3900 = PLANE ( 'NONE',  #3345 ) ;
#3901 = DIRECTION ( 'NONE',  ( 1.000000000000000000, 0.000000000000000000, 0.000000000000000000 ) ) ;
#3902 = AXIS2_PLACEMENT_3D ( 'NONE', #4225, #3794, #5549 ) ;
#3903 = ORIENTED_EDGE ( 'NONE', *, *, #2044, .F. ) ;
#3904 = DIRECTION ( 'NONE',  ( 1.000000000000000000, 0.000000000000000000, 0.000000000000000000 ) ) ;
#3905 = CARTESIAN_POINT ( 'NONE',  ( 49.99999999999991473, 32.50000000000000711, 10.00000000000000000 ) ) ;
#3906 = ORIENTED_EDGE ( 'NONE', *, *, #5702, .T. ) ;
#3907 = DIRECTION ( 'NONE',  ( 1.000000000000000000, 0.000000000000000000, 0.000000000000000000 ) ) ;
#3908 = CARTESIAN_POINT ( 'NONE',  ( -94.80000000000002558, 13.99999999999999822, 0.000000000000000000 ) ) ;
#3909 = DIRECTION ( 'NONE',  ( -0.000000000000000000, -0.000000000000000000, -1.000000000000000000 ) ) ;
#3910 = VERTEX_POINT ( 'NONE', #3366 ) ;
#3911 = VERTEX_POINT ( 'NONE', #2424 ) ;
#3912 = EDGE_LOOP ( 'NONE', ( #3954, #43, #631, #5004, #1162 ) ) ;
#3913 = CARTESIAN_POINT ( 'NONE',  ( 72.89999999999999147, 5.600000000000000533, 10.00000000000000000 ) ) ;
#3914 = DIRECTION ( 'NONE',  ( -0.000000000000000000, -0.000000000000000000, -1.000000000000000000 ) ) ;
#3915 = ORIENTED_EDGE ( 'NONE', *, *, #1066, .F. ) ;
#3916 = LINE ( 'NONE', #2936, #4323 ) ;
#3917 = DIRECTION ( 'NONE',  ( 0.000000000000000000, -1.000000000000000000, 0.000000000000000000 ) ) ;
#3918 = DIRECTION ( 'NONE',  ( 0.000000000000000000, -1.000000000000000000, 0.000000000000000000 ) ) ;
#3919 = EDGE_CURVE ( 'NONE', #2724, #2976, #5213, .T. ) ;
#3920 = ORIENTED_EDGE ( 'NONE', *, *, #2867, .F. ) ;
#3921 = CIRCLE ( 'NONE', #5371, 1.549999999999968070 ) ;
#3922 = ORIENTED_EDGE ( 'NONE', *, *, #1737, .T. ) ;
#3923 = AXIS2_PLACEMENT_3D ( 'NONE', #5080, #1790, #4651 ) ;
#3924 = ORIENTED_EDGE ( 'NONE', *, *, #3521, .T. ) ;
#3925 = CIRCLE ( 'NONE', #2277, 15.00000000000000000 ) ;
#3926 = AXIS2_PLACEMENT_3D ( 'NONE', #3298, #155, #4805 ) ;
#3927 = PLANE ( 'NONE',  #5765 ) ;
#3928 = CARTESIAN_POINT ( 'NONE',  ( 59.99999999999999289, 22.41619848709568785, 1.000000000000000888 ) ) ;
#3929 = AXIS2_PLACEMENT_3D ( 'NONE', #5227, #2382, #1511 ) ;
#3930 = AXIS2_PLACEMENT_3D ( 'NONE', #3090, #3547, #3577 ) ;
#3931 = DIRECTION ( 'NONE',  ( 0.000000000000000000, -0.7071067811865474617, -0.7071067811865474617 ) ) ;
#3932 = EDGE_CURVE ( 'NONE', #5361, #1535, #4306, .T. ) ;
#3933 = LINE ( 'NONE', #2173, #2861 ) ;
#3934 = DIRECTION ( 'NONE',  ( 1.000000000000000000, 0.000000000000000000, 0.000000000000000000 ) ) ;
#3935 = CARTESIAN_POINT ( 'NONE',  ( -7.444866269159799543, -24.50000000000000000, 10.00000000000000000 ) ) ;
#3936 = AXIS2_PLACEMENT_3D ( 'NONE', #5944, #18, #5492 ) ;
#3937 = VECTOR ( 'NONE', #5775, 1000.000000000000000 ) ;
#3938 = ADVANCED_FACE ( 'NONE', ( #2005 ), #5243, .T. ) ;
#3939 = ADVANCED_FACE ( 'NONE', ( #2933 ), #1220, .F. ) ;
#3940 = CARTESIAN_POINT ( 'NONE',  ( -79.30000000000002558, 9.067140075112119391, 10.00000000000000000 ) ) ;
#3941 = LINE ( 'NONE', #5783, #3636 ) ;
#3942 = EDGE_LOOP ( 'NONE', ( #1022, #5001, #621, #850 ) ) ;
#3943 = LINE ( 'NONE', #4361, #4988 ) ;
#3944 = DIRECTION ( 'NONE',  ( 1.000000000000000000, -1.678764654171108188E-15, 0.000000000000000000 ) ) ;
#3945 = LINE ( 'NONE', #3811, #4472 ) ;
#3946 = CIRCLE ( 'NONE', #2385, 1.549999999999968070 ) ;
#3947 = VECTOR ( 'NONE', #591, 1000.000000000000000 ) ;
#3948 = VERTEX_POINT ( 'NONE', #717 ) ;
#3949 = ORIENTED_EDGE ( 'NONE', *, *, #5931, .T. ) ;
#3950 = ADVANCED_FACE ( 'NONE', ( #2646 ), #4527, .F. ) ;
#3951 = ORIENTED_EDGE ( 'NONE', *, *, #2809, .T. ) ;
#3952 = DIRECTION ( 'NONE',  ( 0.000000000000000000, 0.000000000000000000, 1.000000000000000000 ) ) ;
#3953 = DIRECTION ( 'NONE',  ( 0.000000000000000000, 1.000000000000000000, 0.000000000000000000 ) ) ;
#3954 = ORIENTED_EDGE ( 'NONE', *, *, #3537, .F. ) ;
#3955 = CYLINDRICAL_SURFACE ( 'NONE', #1717, 8.000000000000007105 ) ;
#3956 = CARTESIAN_POINT ( 'NONE',  ( 94.31220805098155324, -14.31220805098156390, 0.3237949338274000444 ) ) ;
#3957 = EDGE_CURVE ( 'NONE', #3790, #761, #3558, .T. ) ;
#3958 = CARTESIAN_POINT ( 'NONE',  ( 2.636951945366900340E-14, 8.099999999999742073, 10.00000000000000000 ) ) ;
#3959 = ORIENTED_EDGE ( 'NONE', *, *, #3865, .F. ) ;
#3960 = ORIENTED_EDGE ( 'NONE', *, *, #978, .T. ) ;
#3961 = EDGE_CURVE ( 'NONE', #5496, #4438, #4913, .T. ) ;
#3962 = EDGE_LOOP ( 'NONE', ( #3560, #4915, #1544, #4449 ) ) ;
#3963 = CARTESIAN_POINT ( 'NONE',  ( -50.00000000000001421, -22.49999999999998934, 10.00000000000000000 ) ) ;
#3964 = DIRECTION ( 'NONE',  ( 0.000000000000000000, -0.000000000000000000, 1.000000000000000000 ) ) ;
#3965 = CYLINDRICAL_SURFACE ( 'NONE', #4219, 8.500000000000007105 ) ;
#3966 = ORIENTED_EDGE ( 'NONE', *, *, #5702, .F. ) ;
#3967 = CARTESIAN_POINT ( 'NONE',  ( -79.80000000000002558, 7.600000000000000533, 10.00000000000000000 ) ) ;
#3968 = CARTESIAN_POINT ( 'NONE',  ( 50.55513373084020401, -24.50000000000000000, 0.000000000000000000 ) ) ;
#3969 = DIRECTION ( 'NONE',  ( 1.000000000000000000, 0.000000000000000000, 0.000000000000000000 ) ) ;
#3970 = CIRCLE ( 'NONE', #3094, 1.549999999999968070 ) ;
#3971 = ADVANCED_FACE ( 'NONE', ( #752 ), #5852, .F. ) ;
#3972 = CARTESIAN_POINT ( 'NONE',  ( 87.09999999999998010, 5.600000000000002309, 10.00000000000000000 ) ) ;
#3973 = CARTESIAN_POINT ( 'NONE',  ( 70.93285992488790725, 8.100000000000001421, 10.00000000000000000 ) ) ;
#3974 = EDGE_LOOP ( 'NONE', ( #5503, #3922, #941, #2822, #1034, #1431, #256, #4059, #3670, #5528, #5039, #2678, #5971, #2489, #764, #1403 ) ) ;
#3975 = DIRECTION ( 'NONE',  ( 1.000000000000000000, 0.000000000000000000, 0.000000000000000000 ) ) ;
#3976 = DIRECTION ( 'NONE',  ( 1.000000000000000000, 0.000000000000000000, 0.000000000000000000 ) ) ;
#3977 = ADVANCED_FACE ( 'NONE', ( #1740 ), #4497, .F. ) ;
#3978 = ORIENTED_EDGE ( 'NONE', *, *, #2954, .T. ) ;
#3979 = VECTOR ( 'NONE', #4413, 1000.000000000000000 ) ;
#3980 = ORIENTED_EDGE ( 'NONE', *, *, #5900, .T. ) ;
#3981 = ORIENTED_EDGE ( 'NONE', *, *, #3214, .F. ) ;
#3982 = FACE_OUTER_BOUND ( 'NONE', #2389, .T. ) ;
#3983 = CARTESIAN_POINT ( 'NONE',  ( 60.00000000000000000, -22.49999999999991473, 9.000000000000010658 ) ) ;
#3984 = ORIENTED_EDGE ( 'NONE', *, *, #3601, .F. ) ;
#3985 = DIRECTION ( 'NONE',  ( 0.000000000000000000, -0.000000000000000000, -1.000000000000000000 ) ) ;
#3986 = LINE ( 'NONE', #5826, #437 ) ;
#3987 = LINE ( 'NONE', #1530, #5135 ) ;
#3988 = VERTEX_POINT ( 'NONE', #4436 ) ;
#3989 = EDGE_CURVE ( 'NONE', #1765, #2502, #5402, .T. ) ;
#3990 = ORIENTED_EDGE ( 'NONE', *, *, #3871, .F. ) ;
#3991 = VECTOR ( 'NONE', #5751, 1000.000000000000000 ) ;
#3992 = VERTEX_POINT ( 'NONE', #2613 ) ;
#3993 = DIRECTION ( 'NONE',  ( 1.000000000000000000, 1.119176436114072191E-15, 0.000000000000000000 ) ) ;
#3994 = PLANE ( 'NONE',  #514 ) ;
#3995 = DIRECTION ( 'NONE',  ( -0.000000000000000000, -0.000000000000000000, -1.000000000000000000 ) ) ;
#3996 = ORIENTED_EDGE ( 'NONE', *, *, #2996, .T. ) ;
#3997 = AXIS2_PLACEMENT_3D ( 'NONE', #2438, #4356, #214 ) ;
#3998 = ORIENTED_EDGE ( 'NONE', *, *, #4894, .T. ) ;
#3999 = PLANE ( 'NONE',  #160 ) ;
#4000 = LINE ( 'NONE', #2115, #4048 ) ;
#4001 = CARTESIAN_POINT ( 'NONE',  ( -58.99652710772328135, -22.74999999999999289, 10.00000000000000000 ) ) ;
#4002 = DIRECTION ( 'NONE',  ( 0.000000000000000000, -0.000000000000000000, -1.000000000000000000 ) ) ;
#4003 = ORIENTED_EDGE ( 'NONE', *, *, #3231, .F. ) ;
#4004 = CARTESIAN_POINT ( 'NONE',  ( -79.80000000000002558, 7.600000000000000533, 10.00000000000000000 ) ) ;
#4005 = DIRECTION ( 'NONE',  ( 1.000000000000000000, 0.000000000000000000, 0.000000000000000000 ) ) ;
#4006 = ORIENTED_EDGE ( 'NONE', *, *, #1423, .F. ) ;
#4007 = AXIS2_PLACEMENT_3D ( 'NONE', #301, #4880, #5465 ) ;
#4008 = ORIENTED_EDGE ( 'NONE', *, *, #121, .F. ) ;
#4009 = EDGE_LOOP ( 'NONE', ( #4171, #3013 ) ) ;
#4010 = CARTESIAN_POINT ( 'NONE',  ( -80.30000000000002558, 0.000000000000000000, 10.00000000000000000 ) ) ;
#4011 = LINE ( 'NONE', #5793, #5050 ) ;
#4012 = ORIENTED_EDGE ( 'NONE', *, *, #322, .F. ) ;
#4013 = DIRECTION ( 'NONE',  ( 1.000000000000000000, 0.000000000000000000, 0.000000000000000000 ) ) ;
#4014 = CARTESIAN_POINT ( 'NONE',  ( 0.000000000000000000, 8.100000000000003197, 10.00000000000000000 ) ) ;
#4015 = CARTESIAN_POINT ( 'NONE',  ( 80.00000000000001421, 15.00000000000000000, 0.000000000000000000 ) ) ;
#4016 = ADVANCED_FACE ( 'NONE', ( #3982 ), #3147, .T. ) ;
#4017 = ORIENTED_EDGE ( 'NONE', *, *, #2689, .T. ) ;
#4018 = ADVANCED_FACE ( 'NONE', ( #844 ), #4041, .F. ) ;
#4019 = EDGE_CURVE ( 'NONE', #5614, #4035, #5749, .T. ) ;
#4020 = VERTEX_POINT ( 'NONE', #2098 ) ;
#4021 = CARTESIAN_POINT ( 'NONE',  ( -94.80000000000002558, 15.00000000000000000, 9.000000000000010658 ) ) ;
#4022 = DIRECTION ( 'NONE',  ( 0.000000000000000000, -0.000000000000000000, 1.000000000000000000 ) ) ;
#4023 = DIRECTION ( 'NONE',  ( 0.000000000000000000, -0.000000000000000000, -1.000000000000000000 ) ) ;
#4024 = ORIENTED_EDGE ( 'NONE', *, *, #97, .T. ) ;
#4025 = AXIS2_PLACEMENT_3D ( 'NONE', #5695, #1069, #1944 ) ;
#4026 = VERTEX_POINT ( 'NONE', #1260 ) ;
#4027 = DIRECTION ( 'NONE',  ( 0.000000000000000000, 0.000000000000000000, 1.000000000000000000 ) ) ;
#4028 = AXIS2_PLACEMENT_3D ( 'NONE', #1153, #1187, #5812 ) ;
#4029 = AXIS2_PLACEMENT_3D ( 'NONE', #1307, #858, #5925 ) ;
#4030 = EDGE_CURVE ( 'NONE', #3717, #2021, #2216, .T. ) ;
#4032 = DIRECTION ( 'NONE',  ( -1.541976423090500317E-16, 1.000000000000000000, -0.000000000000000000 ) ) ;
#4031 = AXIS2_PLACEMENT_3D ( 'NONE', #3495, #2191, #4013 ) ;
#4033 = CONICAL_SURFACE ( 'NONE', #461, 9.000000000000007105, 0.7853981633974500554 ) ;
#4034 = CARTESIAN_POINT ( 'NONE',  ( 89.59999999999998010, -7.100000000000002309, 10.00000000000000000 ) ) ;
#4035 = VERTEX_POINT ( 'NONE', #5792 ) ;
#4036 = LINE ( 'NONE', #2265, #714 ) ;
#4037 = VERTEX_POINT ( 'NONE', #1769 ) ;
#4038 = CONICAL_SURFACE ( 'NONE', #4798, 14.99999999999995737, 0.7853981633974500554 ) ;
#4039 = ORIENTED_EDGE ( 'NONE', *, *, #2867, .T. ) ;
#4040 = EDGE_LOOP ( 'NONE', ( #1804, #3280, #1562, #4448 ) ) ;
#4041 = CYLINDRICAL_SURFACE ( 'NONE', #742, 1.750000000000001554 ) ;
#4042 = LINE ( 'NONE', #3702, #3182 ) ;
#4043 = ORIENTED_EDGE ( 'NONE', *, *, #1118, .F. ) ;
#4044 = FACE_OUTER_BOUND ( 'NONE', #666, .T. ) ;
#4045 = CARTESIAN_POINT ( 'NONE',  ( 88.09999999999998010, 5.600000000000002309, 0.000000000000000000 ) ) ;
#4046 = DIRECTION ( 'NONE',  ( 0.000000000000000000, 1.000000000000000000, 0.000000000000000000 ) ) ;
#4047 = VECTOR ( 'NONE', #1462, 1000.000000000000000 ) ;
#4048 = VECTOR ( 'NONE', #3330, 1000.000000000000000 ) ;
#4049 = ORIENTED_EDGE ( 'NONE', *, *, #5256, .T. ) ;
#4050 = EDGE_CURVE ( 'NONE', #4297, #822, #3100, .T. ) ;
#4051 = ORIENTED_EDGE ( 'NONE', *, *, #3248, .F. ) ;
#4052 = CARTESIAN_POINT ( 'NONE',  ( 89.59999999999998010, 8.100000000000003197, 10.00000000000000000 ) ) ;
#4053 = FACE_OUTER_BOUND ( 'NONE', #4734, .T. ) ;
#4054 = DIRECTION ( 'NONE',  ( -1.000000000000000000, 0.000000000000000000, 0.000000000000000000 ) ) ;
#4055 = DIRECTION ( 'NONE',  ( -0.000000000000000000, -0.000000000000000000, -1.000000000000000000 ) ) ;
#4056 = ADVANCED_FACE ( 'NONE', ( #5822 ), #1648, .T. ) ;
#4057 = EDGE_CURVE ( 'NONE', #4197, #1739, #2529, .T. ) ;
#4058 = ORIENTED_EDGE ( 'NONE', *, *, #5678, .T. ) ;
#4059 = ORIENTED_EDGE ( 'NONE', *, *, #5489, .F. ) ;
#4060 = CARTESIAN_POINT ( 'NONE',  ( 0.000000000000000000, 9.600000000000003197, 10.00000000000000000 ) ) ;
#4061 = ADVANCED_FACE ( 'NONE', ( #3522 ), #1293, .F. ) ;
#4062 = CARTESIAN_POINT ( 'NONE',  ( 85.59999999999998010, 0.000000000000000000, 10.00000000000000000 ) ) ;
#4063 = CARTESIAN_POINT ( 'NONE',  ( 70.39999999999999147, 8.100000000000001421, 10.00000000000000000 ) ) ;
#4064 = ORIENTED_EDGE ( 'NONE', *, *, #4740, .T. ) ;
#4065 = VECTOR ( 'NONE', #267, 1000.000000000000000 ) ;
#4066 = FACE_OUTER_BOUND ( 'NONE', #5267, .T. ) ;
#4067 = ORIENTED_EDGE ( 'NONE', *, *, #3575, .F. ) ;
#4068 = ADVANCED_FACE ( 'NONE', ( #2325 ), #4406, .F. ) ;
#4069 = VECTOR ( 'NONE', #3278, 1000.000000000000000 ) ;
#4070 = VERTEX_POINT ( 'NONE', #3755 ) ;
#4071 = VERTEX_POINT ( 'NONE', #4634 ) ;
#4072 = CARTESIAN_POINT ( 'NONE',  ( -94.80000000000002558, 0.000000000000000000, 10.00000000000000000 ) ) ;
#4073 = CARTESIAN_POINT ( 'NONE',  ( 72.39999999999999147, -7.599999999999998757, 10.00000000000000000 ) ) ;
#4074 = EDGE_LOOP ( 'NONE', ( #3064, #2757, #5231, #5615 ) ) ;
#4075 = CARTESIAN_POINT ( 'NONE',  ( 87.09999999999998010, -5.600000000000000533, 0.000000000000000000 ) ) ;
#4076 = PLANE ( 'NONE',  #3027 ) ;
#4077 = CARTESIAN_POINT ( 'NONE',  ( 71.89999999999999147, 6.132859924887911873, 10.00000000000000000 ) ) ;
#4078 = ORIENTED_EDGE ( 'NONE', *, *, #33, .T. ) ;
#4079 = ORIENTED_EDGE ( 'NONE', *, *, #541, .T. ) ;
#4080 = CARTESIAN_POINT ( 'NONE',  ( 48.80513373084020401, 24.50000000000000000, 10.00000000000000000 ) ) ;
#4081 = DIRECTION ( 'NONE',  ( -1.000000000000000000, 0.000000000000000000, 0.000000000000000000 ) ) ;
#4082 = CARTESIAN_POINT ( 'NONE',  ( 85.59999999999998010, 7.100000000000002309, 0.000000000000000000 ) ) ;
#4083 = DIRECTION ( 'NONE',  ( -0.000000000000000000, -0.000000000000000000, -1.000000000000000000 ) ) ;
#4084 = EDGE_CURVE ( 'NONE', #4113, #2344, #3727, .T. ) ;
#4085 = VERTEX_POINT ( 'NONE', #44 ) ;
#4086 = VECTOR ( 'NONE', #4672, 1000.000000000000000 ) ;
#4087 = EDGE_LOOP ( 'NONE', ( #2451, #4067, #634, #1916 ) ) ;
#4088 = DIRECTION ( 'NONE',  ( 1.000000000000000000, 0.000000000000000000, 0.000000000000000000 ) ) ;
#4089 = EDGE_CURVE ( 'NONE', #1886, #5433, #5653, .T. ) ;
#4090 = AXIS2_PLACEMENT_3D ( 'NONE', #1677, #3914, #3523 ) ;
#4091 = EDGE_CURVE ( 'NONE', #4443, #143, #981, .T. ) ;
#4092 = CARTESIAN_POINT ( 'NONE',  ( 87.09999999999998010, 6.132859924887913650, 0.000000000000000000 ) ) ;
#4093 = AXIS2_PLACEMENT_3D ( 'NONE', #677, #2055, #3907 ) ;
#4094 = DIRECTION ( 'NONE',  ( -0.000000000000000000, -0.000000000000000000, -1.000000000000000000 ) ) ;
#4095 = ORIENTED_EDGE ( 'NONE', *, *, #1534, .F. ) ;
#4096 = CARTESIAN_POINT ( 'NONE',  ( -94.80000000000002558, 0.000000000000000000, 9.000000000000010658 ) ) ;
#4097 = ORIENTED_EDGE ( 'NONE', *, *, #4822, .F. ) ;
#4098 = VERTEX_POINT ( 'NONE', #1432 ) ;
#4099 = LINE ( 'NONE', #5538, #4122 ) ;
#4100 = CARTESIAN_POINT ( 'NONE',  ( 88.09999999999998010, 5.600000000000002309, 10.00000000000000000 ) ) ;
#4101 = CARTESIAN_POINT ( 'NONE',  ( 70.39999999999999147, 8.100000000000001421, 10.00000000000000000 ) ) ;
#4102 = CARTESIAN_POINT ( 'NONE',  ( -49.75318380357697379, 15.00000000000000000, 0.000000000000000000 ) ) ;
#4103 = CARTESIAN_POINT ( 'NONE',  ( 71.89999999999999147, 9.600000000000001421, 10.00000000000000000 ) ) ;
#4104 = ORIENTED_EDGE ( 'NONE', *, *, #431, .F. ) ;
#4105 = AXIS2_PLACEMENT_3D ( 'NONE', #4820, #201, #2034 ) ;
#4106 = EDGE_CURVE ( 'NONE', #3205, #5171, #4099, .T. ) ;
#4107 = ORIENTED_EDGE ( 'NONE', *, *, #705, .F. ) ;
#4108 = DIRECTION ( 'NONE',  ( -1.000000000000000000, 0.000000000000000000, 0.000000000000000000 ) ) ;
#4109 = LINE ( 'NONE', #3309, #3565 ) ;
#4110 = DIRECTION ( 'NONE',  ( 1.000000000000000000, 0.000000000000000000, -0.000000000000000000 ) ) ;
#4111 = DIRECTION ( 'NONE',  ( -1.000000000000000000, 0.000000000000000000, 0.000000000000000000 ) ) ;
#4112 = VERTEX_POINT ( 'NONE', #3674 ) ;
#4113 = VERTEX_POINT ( 'NONE', #414 ) ;
#4114 = DIRECTION ( 'NONE',  ( 1.000000000000000000, 0.000000000000000000, 0.000000000000000000 ) ) ;
#4115 = VECTOR ( 'NONE', #5546, 1000.000000000000000 ) ;
#4116 = EDGE_CURVE ( 'NONE', #193, #1036, #2788, .T. ) ;
#4117 = CIRCLE ( 'NONE', #853, 1.549999999999968070 ) ;
#4118 = DIRECTION ( 'NONE',  ( -1.000000000000000000, 0.000000000000000000, 0.000000000000000000 ) ) ;
#4119 = VECTOR ( 'NONE', #2541, 1000.000000000000000 ) ;
#4120 = DIRECTION ( 'NONE',  ( -1.000000000000000000, 0.000000000000000000, 0.000000000000000000 ) ) ;
#4121 = ORIENTED_EDGE ( 'NONE', *, *, #4932, .T. ) ;
#4122 = VECTOR ( 'NONE', #927, 1000.000000000000000 ) ;
#4123 = CARTESIAN_POINT ( 'NONE',  ( -79.80000000000002558, 7.600000000000000533, 10.00000000000000000 ) ) ;
#4124 = EDGE_CURVE ( 'NONE', #2011, #3614, #1909, .T. ) ;
#4125 = VERTEX_POINT ( 'NONE', #5598 ) ;
#4126 = EDGE_CURVE ( 'NONE', #881, #3470, #1602, .T. ) ;
#4127 = CIRCLE ( 'NONE', #3545, 9.000000000000001776 ) ;
#4128 = AXIS2_PLACEMENT_3D ( 'NONE', #5581, #2309, #3764 ) ;
#4129 = EDGE_LOOP ( 'NONE', ( #5386, #5892, #5824, #694, #4698, #5197, #4803, #2396, #4623, #3449, #5784, #2429, #3106, #2223, #5429, #3745, #5315, #4577, #2017, #5486, #3473, #673, #4939 ) ) ;
#4130 = VECTOR ( 'NONE', #4964, 1000.000000000000000 ) ;
#4131 = CARTESIAN_POINT ( 'NONE',  ( -5.694866269159798655, -24.50000000000000000, 0.000000000000000000 ) ) ;
#4132 = CARTESIAN_POINT ( 'NONE',  ( -79.30000000000002558, 0.000000000000000000, 10.00000000000000000 ) ) ;
#4133 = CARTESIAN_POINT ( 'NONE',  ( -94.80000000000002558, -13.99999999999998401, 10.00000000000000000 ) ) ;
#4134 = LINE ( 'NONE', #5975, #51 ) ;
#4135 = DIRECTION ( 'NONE',  ( 0.000000000000000000, -0.000000000000000000, -1.000000000000000000 ) ) ;
#4136 = AXIS2_PLACEMENT_3D ( 'NONE', #1588, #1047, #3338 ) ;
#4137 = VECTOR ( 'NONE', #2381, 1000.000000000000000 ) ;
#4138 = ORIENTED_EDGE ( 'NONE', *, *, #1204, .T. ) ;
#4139 = EDGE_CURVE ( 'NONE', #2039, #5212, #5033, .T. ) ;
#4140 = ORIENTED_EDGE ( 'NONE', *, *, #4227, .F. ) ;
#4141 = CARTESIAN_POINT ( 'NONE',  ( -77.80000000000002558, -8.099999999999996092, 10.00000000000000000 ) ) ;
#4142 = CARTESIAN_POINT ( 'NONE',  ( 89.59999999999998010, 0.000000000000000000, 0.000000000000000000 ) ) ;
#4143 = CARTESIAN_POINT ( 'NONE',  ( 58.99999999999997158, 9.097660896233948297E-15, 10.00000000000000000 ) ) ;
#4144 = PLANE ( 'NONE',  #2677 ) ;
#4145 = AXIS2_PLACEMENT_3D ( 'NONE', #3685, #3711, #5127 ) ;
#4146 = EDGE_LOOP ( 'NONE', ( #5374, #2476, #1059, #3453 ) ) ;
#4147 = EDGE_CURVE ( 'NONE', #5326, #4259, #1377, .T. ) ;
#4148 = VERTEX_POINT ( 'NONE', #1879 ) ;
#4149 = CARTESIAN_POINT ( 'NONE',  ( 0.000000000000000000, -15.00000000000000000, 1.000000000000000888 ) ) ;
#4150 = LINE ( 'NONE', #4625, #4130 ) ;
#4151 = DIRECTION ( 'NONE',  ( -1.000000000000000000, 0.000000000000000000, 0.000000000000000000 ) ) ;
#4152 = CARTESIAN_POINT ( 'NONE',  ( 0.000000000000000000, -8.100000000000003197, 0.000000000000000000 ) ) ;
#4153 = VERTEX_POINT ( 'NONE', #3217 ) ;
#4154 = EDGE_CURVE ( 'NONE', #4675, #5474, #5376, .T. ) ;
#4155 = ORIENTED_EDGE ( 'NONE', *, *, #1526, .F. ) ;
#4156 = CIRCLE ( 'NONE', #1542, 1.549999999999968070 ) ;
#4157 = ADVANCED_FACE ( 'NONE', ( #3192 ), #2734, .F. ) ;
#4158 = DIRECTION ( 'NONE',  ( -0.000000000000000000, -0.000000000000000000, -1.000000000000000000 ) ) ;
#4159 = DIRECTION ( 'NONE',  ( -1.000000000000000000, 0.000000000000000000, 0.000000000000000000 ) ) ;
#4160 = LINE ( 'NONE', #5035, #1339 ) ;
#4161 = DIRECTION ( 'NONE',  ( 1.000000000000000000, 0.000000000000000000, 0.000000000000000000 ) ) ;
#4162 = PLANE ( 'NONE',  #703 ) ;
#4163 = ORIENTED_EDGE ( 'NONE', *, *, #1510, .F. ) ;
#4164 = EDGE_CURVE ( 'NONE', #1054, #3848, #3544, .T. ) ;
#4165 = VERTEX_POINT ( 'NONE', #901 ) ;
#4166 = FACE_BOUND ( 'NONE', #4823, .T. ) ;
#4167 = DIRECTION ( 'NONE',  ( -0.000000000000000000, 0.000000000000000000, 1.000000000000000000 ) ) ;
#4168 = DIRECTION ( 'NONE',  ( 0.7071067811865359154, 1.090341985197051756E-16, 0.7071067811865592301 ) ) ;
#4169 = DIRECTION ( 'NONE',  ( 1.000000000000000000, 0.000000000000000000, 0.000000000000000000 ) ) ;
#4170 = ADVANCED_FACE ( 'NONE', ( #4579 ), #440, .F. ) ;
#4171 = ORIENTED_EDGE ( 'NONE', *, *, #4019, .T. ) ;
#4172 = ORIENTED_EDGE ( 'NONE', *, *, #5485, .T. ) ;
#4173 = DIRECTION ( 'NONE',  ( 1.000000000000000000, 0.000000000000000000, 0.000000000000000000 ) ) ;
#4174 = AXIS2_PLACEMENT_3D ( 'NONE', #3713, #5672, #4169 ) ;
#4175 = LINE ( 'NONE', #4545, #5665 ) ;
#4176 = AXIS2_PLACEMENT_3D ( 'NONE', #5239, #1096, #2930 ) ;
#4177 = LINE ( 'NONE', #492, #2566 ) ;
#4178 = CARTESIAN_POINT ( 'NONE',  ( -49.99999999999994316, 32.50000000000000711, 9.000000000000010658 ) ) ;
#4179 = AXIS2_PLACEMENT_3D ( 'NONE', #2383, #5560, #582 ) ;
#4180 = AXIS2_PLACEMENT_3D ( 'NONE', #5082, #495, #2320 ) ;
#4181 = VECTOR ( 'NONE', #5264, 1000.000000000000000 ) ;
#4182 = ORIENTED_EDGE ( 'NONE', *, *, #3857, .F. ) ;
#4183 = DIRECTION ( 'NONE',  ( 0.000000000000000000, -0.7071067811865474617, 0.7071067811865474617 ) ) ;
#4184 = DIRECTION ( 'NONE',  ( -0.000000000000000000, -0.7071067811865475727, 0.7071067811865475727 ) ) ;
#4185 = DIRECTION ( 'NONE',  ( -0.000000000000000000, -0.000000000000000000, -1.000000000000000000 ) ) ;
#4186 = DIRECTION ( 'NONE',  ( -1.541976423090500317E-16, 1.000000000000000000, -0.000000000000000000 ) ) ;
#4187 = LINE ( 'NONE', #1464, #5904 ) ;
#4188 = VERTEX_POINT ( 'NONE', #4131 ) ;
#4189 = VERTEX_POINT ( 'NONE', #5972 ) ;
#4190 = EDGE_CURVE ( 'NONE', #2463, #4855, #472, .T. ) ;
#4191 = PLANE ( 'NONE',  #5954 ) ;
#4192 = CARTESIAN_POINT ( 'NONE',  ( 72.39999999999999147, -7.599999999999998757, 0.000000000000000000 ) ) ;
#4193 = DIRECTION ( 'NONE',  ( 0.000000000000000000, 1.000000000000000000, -0.000000000000000000 ) ) ;
#4194 = DIRECTION ( 'NONE',  ( -0.000000000000000000, -0.000000000000000000, -1.000000000000000000 ) ) ;
#4195 = EDGE_CURVE ( 'NONE', #3197, #2125, #2084, .T. ) ;
#4196 = AXIS2_PLACEMENT_3D ( 'NONE', #573, #3227, #2799 ) ;
#4197 = VERTEX_POINT ( 'NONE', #5262 ) ;
#4198 = EDGE_CURVE ( 'NONE', #2172, #684, #3054, .T. ) ;
#4199 = ORIENTED_EDGE ( 'NONE', *, *, #38, .T. ) ;
#4200 = CARTESIAN_POINT ( 'NONE',  ( 58.99999999999997868, -22.49999999999991473, 10.00000000000000000 ) ) ;
#4201 = LINE ( 'NONE', #3751, #2866 ) ;
#4202 = CARTESIAN_POINT ( 'NONE',  ( 87.59999999999998010, 7.600000000000002309, 10.00000000000000000 ) ) ;
#4203 = PLANE ( 'NONE',  #5531 ) ;
#4204 = AXIS2_PLACEMENT_3D ( 'NONE', #2582, #354, #4942 ) ;
#4205 = SURFACE_STYLE_FILL_AREA ( #5113 ) ;
#4206 = ORIENTED_EDGE ( 'NONE', *, *, #480, .F. ) ;
#4207 = VECTOR ( 'NONE', #3757, 1000.000000000000000 ) ;
#4208 = VECTOR ( 'NONE', #138, 1000.000000000000114 ) ;
#4209 = CARTESIAN_POINT ( 'NONE',  ( -34.25318380357697379, -15.00000000000000000, 10.00000000000000000 ) ) ;
#4210 = ORIENTED_EDGE ( 'NONE', *, *, #5519, .F. ) ;
#4211 = CARTESIAN_POINT ( 'NONE',  ( 72.89999999999999147, 0.000000000000000000, 10.00000000000000000 ) ) ;
#4212 = DIRECTION ( 'NONE',  ( 0.000000000000000000, -0.000000000000000000, -1.000000000000000000 ) ) ;
#4213 = PLANE ( 'NONE',  #5158 ) ;
#4214 = CARTESIAN_POINT ( 'NONE',  ( 49.99999999999998579, 22.50000000000000711, 0.000000000000000000 ) ) ;
#4215 = VECTOR ( 'NONE', #2236, 1000.000000000000000 ) ;
#4216 = VERTEX_POINT ( 'NONE', #5715 ) ;
#4217 = AXIS2_PLACEMENT_3D ( 'NONE', #800, #2631, #4484 ) ;
#4218 = VECTOR ( 'NONE', #5481, 1000.000000000000000 ) ;
#4219 = AXIS2_PLACEMENT_3D ( 'NONE', #1244, #3081, #2945 ) ;
#4220 = ORIENTED_EDGE ( 'NONE', *, *, #1112, .F. ) ;
#4221 = CARTESIAN_POINT ( 'NONE',  ( -66.82360081727497914, 8.500000000000000000, 9.000000000000000000 ) ) ;
#4222 = CARTESIAN_POINT ( 'NONE',  ( 49.99999999999992184, -32.49999999999998579, 9.000000000000010658 ) ) ;
#4223 = CIRCLE ( 'NONE', #556, 1.549999999999968070 ) ;
#4224 = CARTESIAN_POINT ( 'NONE',  ( 73.86714007511207569, 8.100000000000001421, 10.00000000000000000 ) ) ;
#4225 = CARTESIAN_POINT ( 'NONE',  ( 0.000000000000000000, -7.100000000000002309, 10.00000000000000000 ) ) ;
#4226 = VECTOR ( 'NONE', #2078, 1000.000000000000114 ) ;
#4227 = EDGE_CURVE ( 'NONE', #2824, #335, #1226, .T. ) ;
#4228 = FACE_BOUND ( 'NONE', #1748, .T. ) ;
#4229 = ORIENTED_EDGE ( 'NONE', *, *, #4536, .T. ) ;
#4230 = EDGE_CURVE ( 'NONE', #2372, #3627, #4244, .T. ) ;
#4231 =( GEOMETRIC_REPRESENTATION_CONTEXT ( 3 ) GLOBAL_UNCERTAINTY_ASSIGNED_CONTEXT ( ( #4629 ) ) GLOBAL_UNIT_ASSIGNED_CONTEXT ( ( #4968, #2121, #2671 ) ) REPRESENTATION_CONTEXT ( 'NONE', 'WORKASPACE' ) );
#4232 = EDGE_CURVE ( 'NONE', #1366, #352, #1577, .T. ) ;
#4233 = ORIENTED_EDGE ( 'NONE', *, *, #4050, .T. ) ;
#4234 = ORIENTED_EDGE ( 'NONE', *, *, #5312, .T. ) ;
#4235 = EDGE_CURVE ( 'NONE', #384, #5550, #5754, .T. ) ;
#4236 = AXIS2_PLACEMENT_3D ( 'NONE', #3634, #946, #4088 ) ;
#4237 = CIRCLE ( 'NONE', #2480, 1.549999999999995826 ) ;
#4238 = CARTESIAN_POINT ( 'NONE',  ( 0.000000000000000000, -9.600000000000004974, 0.000000000000000000 ) ) ;
#4239 = FACE_OUTER_BOUND ( 'NONE', #2656, .T. ) ;
#4240 = DIRECTION ( 'NONE',  ( 0.000000000000000000, -0.000000000000000000, 1.000000000000000000 ) ) ;
#4241 = ADVANCED_FACE ( 'NONE', ( #615 ), #587, .F. ) ;
#4242 = CARTESIAN_POINT ( 'NONE',  ( -81.80000000000002558, -7.099999999999995204, 0.000000000000000000 ) ) ;
#4243 = ORIENTED_EDGE ( 'NONE', *, *, #4542, .F. ) ;
#4244 = LINE ( 'NONE', #3905, #1806 ) ;
#4245 = VERTEX_POINT ( 'NONE', #3418 ) ;
#4246 = DIRECTION ( 'NONE',  ( 1.000000000000000000, 0.000000000000000000, 0.000000000000000000 ) ) ;
#4247 = DIRECTION ( 'NONE',  ( -0.000000000000000000, -0.000000000000000000, -1.000000000000000000 ) ) ;
#4248 = CARTESIAN_POINT ( 'NONE',  ( -49.75318380357697379, 15.00000000000000000, 10.00000000000000000 ) ) ;
#4249 = DIRECTION ( 'NONE',  ( -0.000000000000000000, -0.000000000000000000, -1.000000000000000000 ) ) ;
#4250 = EDGE_LOOP ( 'NONE', ( #5959, #3494, #4049, #4845 ) ) ;
#4251 = ORIENTED_EDGE ( 'NONE', *, *, #2836, .T. ) ;
#4252 = DIRECTION ( 'NONE',  ( -1.000000000000000000, 0.000000000000000000, 0.000000000000000000 ) ) ;
#4253 = LINE ( 'NONE', #3792, #2288 ) ;
#4254 = DIRECTION ( 'NONE',  ( -0.000000000000000000, -0.000000000000000000, -1.000000000000000000 ) ) ;
#4255 = LINE ( 'NONE', #5637, #4389 ) ;
#4256 = AXIS2_PLACEMENT_3D ( 'NONE', #4143, #4168, #5609 ) ;
#4257 = PLANE ( 'NONE',  #5224 ) ;
#4258 = VERTEX_POINT ( 'NONE', #5144 ) ;
#4259 = VERTEX_POINT ( 'NONE', #3842 ) ;
#4260 = EDGE_LOOP ( 'NONE', ( #1756, #2037, #383, #4921 ) ) ;
#4261 = ADVANCED_FACE ( 'NONE', ( #1995 ), #2475, .T. ) ;
#4262 = LINE ( 'NONE', #5164, #4137 ) ;
#4263 = ADVANCED_FACE ( 'NONE', ( #2388 ), #1029, .T. ) ;
#4264 = CYLINDRICAL_SURFACE ( 'NONE', #5662, 1.549999999999968070 ) ;
#4265 = CARTESIAN_POINT ( 'NONE',  ( -52.75318380357698089, 15.00000000000000000, 10.00000000000000000 ) ) ;
#4266 = FACE_OUTER_BOUND ( 'NONE', #2640, .T. ) ;
#4267 = ADVANCED_FACE ( 'NONE', ( #675 ), #2841, .F. ) ;
#4268 = ORIENTED_EDGE ( 'NONE', *, *, #4813, .F. ) ;
#4269 = DIRECTION ( 'NONE',  ( -0.000000000000000000, -0.000000000000000000, -1.000000000000000000 ) ) ;
#4270 = ORIENTED_EDGE ( 'NONE', *, *, #5931, .F. ) ;
#4271 = CARTESIAN_POINT ( 'NONE',  ( 0.000000000000000000, 7.099999999999993427, 10.00000000000000000 ) ) ;
#4272 = DIRECTION ( 'NONE',  ( -1.000000000000000000, 0.000000000000000000, 0.000000000000000000 ) ) ;
#4273 = FACE_OUTER_BOUND ( 'NONE', #5222, .T. ) ;
#4274 = CARTESIAN_POINT ( 'NONE',  ( 50.55513373084020401, 24.50000000000000000, 0.000000000000000000 ) ) ;
#4275 = VERTEX_POINT ( 'NONE', #3325 ) ;
#4276 = VECTOR ( 'NONE', #3901, 1000.000000000000000 ) ;
#4277 = ORIENTED_EDGE ( 'NONE', *, *, #1655, .T. ) ;
#4278 = CARTESIAN_POINT ( 'NONE',  ( -49.99999999999994316, 32.50000000000000711, 9.000000000000010658 ) ) ;
#4279 = CARTESIAN_POINT ( 'NONE',  ( 74.39999999999999147, -7.100000000000002309, 0.000000000000000000 ) ) ;
#4280 = DIRECTION ( 'NONE',  ( 1.000000000000000000, 0.000000000000000000, 0.000000000000000000 ) ) ;
#4281 = DIRECTION ( 'NONE',  ( -0.000000000000000000, 0.000000000000000000, 1.000000000000000000 ) ) ;
#4282 = FACE_BOUND ( 'NONE', #1908, .T. ) ;
#4283 = ORIENTED_EDGE ( 'NONE', *, *, #5418, .F. ) ;
#4284 = ADVANCED_FACE ( 'NONE', ( #1546 ), #66, .T. ) ;
#4285 = ORIENTED_EDGE ( 'NONE', *, *, #4419, .T. ) ;
#4286 = CYLINDRICAL_SURFACE ( 'NONE', #2966, 1.549999999999968070 ) ;
#4287 = ORIENTED_EDGE ( 'NONE', *, *, #468, .F. ) ;
#4288 = VECTOR ( 'NONE', #2816, 1000.000000000000000 ) ;
#4289 = CARTESIAN_POINT ( 'NONE',  ( 88.09999999999998010, 9.600000000000003197, 10.00000000000000000 ) ) ;
#4290 = LINE ( 'NONE', #5201, #5382 ) ;
#4291 = CARTESIAN_POINT ( 'NONE',  ( 94.00000000000000000, -15.00000000000000000, 0.000000000000000000 ) ) ;
#4292 = DIRECTION ( 'NONE',  ( 1.000000000000000000, 0.000000000000000000, 0.000000000000000000 ) ) ;
#4293 = EDGE_CURVE ( 'NONE', #1816, #4504, #4359, .T. ) ;
#4294 = ORIENTED_EDGE ( 'NONE', *, *, #2922, .F. ) ;
#4295 = EDGE_CURVE ( 'NONE', #2372, #3790, #1119, .T. ) ;
#4296 = CARTESIAN_POINT ( 'NONE',  ( -94.80000000000002558, 0.000000000000000000, 10.00000000000000000 ) ) ;
#4297 = VERTEX_POINT ( 'NONE', #2926 ) ;
#4298 = PLANE ( 'NONE',  #851 ) ;
#4299 = PLANE ( 'NONE',  #4903 ) ;
#4300 = AXIS2_PLACEMENT_3D ( 'NONE', #849, #1802, #3651 ) ;
#4301 = CARTESIAN_POINT ( 'NONE',  ( 66.00000000000002842, 15.00000000000000178, 0.000000000000000000 ) ) ;
#4302 = EDGE_CURVE ( 'NONE', #4085, #143, #1224, .T. ) ;
#4303 = ORIENTED_EDGE ( 'NONE', *, *, #923, .F. ) ;
#4304 = VECTOR ( 'NONE', #297, 1000.000000000000000 ) ;
#4305 = ORIENTED_EDGE ( 'NONE', *, *, #4667, .T. ) ;
#4306 = LINE ( 'NONE', #3851, #841 ) ;
#4307 = ORIENTED_EDGE ( 'NONE', *, *, #2000, .T. ) ;
#4308 = CARTESIAN_POINT ( 'NONE',  ( 86.13285992488789589, -8.100000000000003197, 10.00000000000000000 ) ) ;
#4309 = AXIS2_PLACEMENT_3D ( 'NONE', #4546, #4626, #4151 ) ;
#4310 = LINE ( 'NONE', #2519, #3285 ) ;
#4311 = DIRECTION ( 'NONE',  ( -0.000000000000000000, -0.000000000000000000, -1.000000000000000000 ) ) ;
#4312 = VECTOR ( 'NONE', #1938, 1000.000000000000000 ) ;
#4313 = CARTESIAN_POINT ( 'NONE',  ( 67.99999999999998579, 22.41619848709568785, 0.000000000000000000 ) ) ;
#4314 = ADVANCED_FACE ( 'NONE', ( #3805 ), #5655, .F. ) ;
#4315 = ORIENTED_EDGE ( 'NONE', *, *, #494, .T. ) ;
#4316 = CIRCLE ( 'NONE', #4415, 13.99999999999999822 ) ;
#4317 = VECTOR ( 'NONE', #5915, 1000.000000000000000 ) ;
#4318 = CIRCLE ( 'NONE', #1131, 1.549999999999968070 ) ;
#4319 = EDGE_LOOP ( 'NONE', ( #3996, #4843 ) ) ;
#4320 = CARTESIAN_POINT ( 'NONE',  ( -78.33285992488791294, -7.099999999999995204, 0.000000000000000000 ) ) ;
#4321 = CARTESIAN_POINT ( 'NONE',  ( 70.39999999999999147, 7.100000000000000533, 0.000000000000000000 ) ) ;
#4322 = VERTEX_POINT ( 'NONE', #1060 ) ;
#4323 = VECTOR ( 'NONE', #5760, 1000.000000000000000 ) ;
#4324 = EDGE_CURVE ( 'NONE', #4405, #3425, #4117, .T. ) ;
#4325 = DIRECTION ( 'NONE',  ( 1.000000000000000000, 0.000000000000000000, 0.000000000000000000 ) ) ;
#4326 = CARTESIAN_POINT ( 'NONE',  ( 59.99999999999999289, 9.251858538543000621E-15, 1.000000000000000888 ) ) ;
#4327 = CARTESIAN_POINT ( 'NONE',  ( 58.17639918272502086, 0.000000000000000000, 10.00000000000000000 ) ) ;
#4328 = ORIENTED_EDGE ( 'NONE', *, *, #122, .T. ) ;
#4329 = EDGE_CURVE ( 'NONE', #716, #4148, #1027, .T. ) ;
#4330 = CARTESIAN_POINT ( 'NONE',  ( -79.80000000000002558, -7.600000000000002309, 10.00000000000000000 ) ) ;
#4331 = VERTEX_POINT ( 'NONE', #288 ) ;
#4332 = LINE ( 'NONE', #3386, #4181 ) ;
#4333 = DIRECTION ( 'NONE',  ( -1.000000000000000000, 0.000000000000000000, 0.000000000000000000 ) ) ;
#4334 = LINE ( 'NONE', #1581, #2910 ) ;
#4335 = EDGE_CURVE ( 'NONE', #3614, #2344, #2088, .T. ) ;
#4336 = VERTEX_POINT ( 'NONE', #4868 ) ;
#4337 = ORIENTED_EDGE ( 'NONE', *, *, #5978, .T. ) ;
#4338 = EDGE_CURVE ( 'NONE', #5400, #179, #5275, .T. ) ;
#4339 = ORIENTED_EDGE ( 'NONE', *, *, #3859, .T. ) ;
#4340 = DIRECTION ( 'NONE',  ( -0.000000000000000000, -0.000000000000000000, -1.000000000000000000 ) ) ;
#4341 = DIRECTION ( 'NONE',  ( 0.000000000000000000, 1.000000000000000000, -0.000000000000000000 ) ) ;
#4342 = ORIENTED_EDGE ( 'NONE', *, *, #2918, .F. ) ;
#4343 = DIRECTION ( 'NONE',  ( 1.000000000000000000, 0.000000000000000000, 0.000000000000000000 ) ) ;
#4344 = DIRECTION ( 'NONE',  ( 0.000000000000000000, 0.000000000000000000, 1.000000000000000000 ) ) ;
#4345 = PLANE ( 'NONE',  #3878 ) ;
#4346 = DIRECTION ( 'NONE',  ( -0.000000000000000000, 0.000000000000000000, 1.000000000000000000 ) ) ;
#4347 = ORIENTED_EDGE ( 'NONE', *, *, #166, .T. ) ;
#4348 = EDGE_CURVE ( 'NONE', #4188, #4259, #4408, .T. ) ;
#4349 = VERTEX_POINT ( 'NONE', #2118 ) ;
#4350 = EDGE_CURVE ( 'NONE', #3205, #2740, #3941, .T. ) ;
#4351 = AXIS2_PLACEMENT_3D ( 'NONE', #1690, #3533, #5378 ) ;
#4352 = CARTESIAN_POINT ( 'NONE',  ( -66.82360081727497914, -8.500000000000000000, 9.000000000000000000 ) ) ;
#4353 = LINE ( 'NONE', #3534, #3979 ) ;
#4354 = CARTESIAN_POINT ( 'NONE',  ( -67.99305421544660533, 23.00000000000000000, 0.000000000000000000 ) ) ;
#4355 = CARTESIAN_POINT ( 'NONE',  ( 67.99999999999998579, -22.41619848709568785, 1.000000000000000888 ) ) ;
#4356 = DIRECTION ( 'NONE',  ( -0.000000000000000000, -0.000000000000000000, -1.000000000000000000 ) ) ;
#4357 = ORIENTED_EDGE ( 'NONE', *, *, #899, .F. ) ;
#4358 = FACE_OUTER_BOUND ( 'NONE', #1465, .T. ) ;
#4359 = LINE ( 'NONE', #221, #5956 ) ;
#4360 = VERTEX_POINT ( 'NONE', #2148 ) ;
#4361 = CARTESIAN_POINT ( 'NONE',  ( 89.59999999999998010, -8.100000000000003197, 10.00000000000000000 ) ) ;
#4362 = CARTESIAN_POINT ( 'NONE',  ( 59.99999999999999289, 22.41619848709568785, 1.000000000000000888 ) ) ;
#4363 = LINE ( 'NONE', #2543, #2331 ) ;
#4364 = ORIENTED_EDGE ( 'NONE', *, *, #3233, .T. ) ;
#4365 = AXIS2_PLACEMENT_3D ( 'NONE', #2009, #5763, #3855 ) ;
#4366 = VERTEX_POINT ( 'NONE', #2539 ) ;
#4367 = ORIENTED_EDGE ( 'NONE', *, *, #5738, .T. ) ;
#4368 = CARTESIAN_POINT ( 'NONE',  ( 59.99999999999998579, 22.49999999999993605, 9.000000000000010658 ) ) ;
#4369 = DIRECTION ( 'NONE',  ( 0.000000000000000000, -0.000000000000000000, -1.000000000000000000 ) ) ;
#4370 = ORIENTED_EDGE ( 'NONE', *, *, #305, .F. ) ;
#4371 = DIRECTION ( 'NONE',  ( 1.000000000000000000, 0.000000000000000000, 0.000000000000000000 ) ) ;
#4372 = CARTESIAN_POINT ( 'NONE',  ( 72.89999999999999147, 0.000000000000000000, 10.00000000000000000 ) ) ;
#4373 = DIRECTION ( 'NONE',  ( 1.000000000000000000, 0.000000000000000000, 0.000000000000000000 ) ) ;
#4374 = AXIS2_PLACEMENT_3D ( 'NONE', #2783, #1002, #4627 ) ;
#4375 = VERTEX_POINT ( 'NONE', #1669 ) ;
#4376 = ORIENTED_EDGE ( 'NONE', *, *, #1457, .T. ) ;
#4377 = ADVANCED_FACE ( 'NONE', ( #3512 ), #2946, .T. ) ;
#4378 = AXIS2_PLACEMENT_3D ( 'NONE', #4096, #436, #2670 ) ;
#4379 = VERTEX_POINT ( 'NONE', #5356 ) ;
#4380 = DIRECTION ( 'NONE',  ( -1.000000000000000000, 0.000000000000000000, 0.000000000000000000 ) ) ;
#4381 = DIRECTION ( 'NONE',  ( 0.000000000000000000, 1.000000000000000000, -0.000000000000000000 ) ) ;
#4382 = ADVANCED_FACE ( 'NONE', ( #834 ), #4391, .F. ) ;
#4383 = EDGE_CURVE ( 'NONE', #2900, #3782, #4486, .T. ) ;
#4384 = CARTESIAN_POINT ( 'NONE',  ( -80.30000000000002558, -9.067140075112119391, 10.00000000000000000 ) ) ;
#4385 = CARTESIAN_POINT ( 'NONE',  ( 2.636951945366900340E-14, 8.099999999999742073, 10.00000000000000000 ) ) ;
#4386 = LINE ( 'NONE', #2534, #3014 ) ;
#4387 = CARTESIAN_POINT ( 'NONE',  ( -7.444866269159799543, -24.50000000000000000, 10.00000000000000000 ) ) ;
#4388 = VECTOR ( 'NONE', #331, 1000.000000000000000 ) ;
#4389 = VECTOR ( 'NONE', #1947, 1000.000000000000000 ) ;
#4390 = CARTESIAN_POINT ( 'NONE',  ( -77.80000000000002558, 0.000000000000000000, 10.00000000000000000 ) ) ;
#4391 = PLANE ( 'NONE',  #4514 ) ;
#4392 = VERTEX_POINT ( 'NONE', #4520 ) ;
#4393 = DIRECTION ( 'NONE',  ( -1.000000000000000000, 0.000000000000000000, 0.000000000000000000 ) ) ;
#4394 = LINE ( 'NONE', #254, #3834 ) ;
#4395 = PLANE ( 'NONE',  #324 ) ;
#4396 = ORIENTED_EDGE ( 'NONE', *, *, #691, .T. ) ;
#4397 = ORIENTED_EDGE ( 'NONE', *, *, #5640, .F. ) ;
#4398 = VERTEX_POINT ( 'NONE', #380 ) ;
#4399 = DIRECTION ( 'NONE',  ( 0.000000000000000000, 0.000000000000000000, 1.000000000000000000 ) ) ;
#4400 = DIRECTION ( 'NONE',  ( -0.000000000000000000, -0.000000000000000000, -1.000000000000000000 ) ) ;
#4401 = ORIENTED_EDGE ( 'NONE', *, *, #2654, .F. ) ;
#4402 = PLANE ( 'NONE',  #4614 ) ;
#4403 = DIRECTION ( 'NONE',  ( -0.000000000000000000, 0.000000000000000000, 1.000000000000000000 ) ) ;
#4404 = DIRECTION ( 'NONE',  ( -0.000000000000000000, -0.000000000000000000, -1.000000000000000000 ) ) ;
#4405 = VERTEX_POINT ( 'NONE', #3973 ) ;
#4406 = CONICAL_SURFACE ( 'NONE', #1797, 8.500000000000000000, 0.7853981633974482790 ) ;
#4407 = ORIENTED_EDGE ( 'NONE', *, *, #4862, .F. ) ;
#4408 = CIRCLE ( 'NONE', #1983, 1.750000000000001554 ) ;
#4409 = ORIENTED_EDGE ( 'NONE', *, *, #2170, .T. ) ;
#4410 = VECTOR ( 'NONE', #1741, 1000.000000000000000 ) ;
#4411 = AXIS2_PLACEMENT_3D ( 'NONE', #3781, #4269, #5625 ) ;
#4412 = LINE ( 'NONE', #1208, #5278 ) ;
#4413 = DIRECTION ( 'NONE',  ( 1.541976423090500317E-16, -1.000000000000000000, 0.000000000000000000 ) ) ;
#4414 = EDGE_CURVE ( 'NONE', #3419, #2027, #2210, .T. ) ;
#4415 = AXIS2_PLACEMENT_3D ( 'NONE', #3412, #1480, #3320 ) ;
#4416 = ORIENTED_EDGE ( 'NONE', *, *, #535, .F. ) ;
#4417 = AXIS2_PLACEMENT_3D ( 'NONE', #4149, #5025, #489 ) ;
#4418 = CIRCLE ( 'NONE', #1513, 8.000000000000000000 ) ;
#4419 = EDGE_CURVE ( 'NONE', #1776, #1140, #4885, .T. ) ;
#4420 = LINE ( 'NONE', #282, #4888 ) ;
#4421 = CARTESIAN_POINT ( 'NONE',  ( 72.89999999999999147, 0.000000000000000000, 0.000000000000000000 ) ) ;
#4422 = DIRECTION ( 'NONE',  ( 0.7068339249999805451, -0.01964185503296070681, 0.7071067811865376918 ) ) ;
#4423 = CONICAL_SURFACE ( 'NONE', #463, 13.99999999999998401, 0.7853981633974509435 ) ;
#4424 = AXIS2_PLACEMENT_3D ( 'NONE', #1270, #699, #1749 ) ;
#4425 = LINE ( 'NONE', #2146, #4794 ) ;
#4426 = ADVANCED_FACE ( 'NONE', ( #3092 ), #5747, .T. ) ;
#4427 = CARTESIAN_POINT ( 'NONE',  ( 65.32699331784368724, -14.51499053018349805, 0.6730066821563356338 ) ) ;
#4428 = ORIENTED_EDGE ( 'NONE', *, *, #3504, .F. ) ;
#4429 = DIRECTION ( 'NONE',  ( 0.000000000000000000, -1.000000000000000000, 0.000000000000000000 ) ) ;
#4430 = CARTESIAN_POINT ( 'NONE',  ( 67.99999999999998579, 22.41619848709568785, 10.00000000000000000 ) ) ;
#4431 = LINE ( 'NONE', #2412, #3398 ) ;
#4432 = AXIS2_PLACEMENT_3D ( 'NONE', #1242, #3079, #4922 ) ;
#4433 = EDGE_LOOP ( 'NONE', ( #741, #299, #2776, #1289 ) ) ;
#4434 = ORIENTED_EDGE ( 'NONE', *, *, #2484, .F. ) ;
#4435 = ORIENTED_EDGE ( 'NONE', *, *, #2230, .F. ) ;
#4436 = CARTESIAN_POINT ( 'NONE',  ( 58.99999999999998579, -22.49999999999991473, 0.000000000000000000 ) ) ;
#4437 = CARTESIAN_POINT ( 'NONE',  ( -79.80000000000002558, -7.600000000000002309, 10.00000000000000000 ) ) ;
#4438 = VERTEX_POINT ( 'NONE', #3452 ) ;
#4439 = LINE ( 'NONE', #2130, #1422 ) ;
#4440 = LINE ( 'NONE', #4557, #3716 ) ;
#4441 = DIRECTION ( 'NONE',  ( -0.000000000000000000, -0.000000000000000000, -1.000000000000000000 ) ) ;
#4442 = ORIENTED_EDGE ( 'NONE', *, *, #1759, .F. ) ;
#4443 = VERTEX_POINT ( 'NONE', #3021 ) ;
#4444 = ORIENTED_EDGE ( 'NONE', *, *, #5132, .F. ) ;
#4445 = CARTESIAN_POINT ( 'NONE',  ( 88.09999999999998010, -9.067140075112090969, 10.00000000000000000 ) ) ;
#4446 = FACE_OUTER_BOUND ( 'NONE', #3772, .T. ) ;
#4447 = CARTESIAN_POINT ( 'NONE',  ( 80.00000000000001421, 15.00000000000000000, 10.00000000000000000 ) ) ;
#4448 = ORIENTED_EDGE ( 'NONE', *, *, #4951, .F. ) ;
#4449 = ORIENTED_EDGE ( 'NONE', *, *, #2749, .T. ) ;
#4450 = LINE ( 'NONE', #4385, #1508 ) ;
#4451 = CARTESIAN_POINT ( 'NONE',  ( -49.99999999999994316, 31.49999999999998579, 10.00000000000000000 ) ) ;
#4452 = LINE ( 'NONE', #4833, #4533 ) ;
#4453 = EDGE_CURVE ( 'NONE', #506, #4656, #1218, .T. ) ;
#4454 = LINE ( 'NONE', #5782, #3743 ) ;
#4455 = CARTESIAN_POINT ( 'NONE',  ( 0.000000000000000000, -8.099999999999996092, 10.00000000000000000 ) ) ;
#4456 = ORIENTED_EDGE ( 'NONE', *, *, #5314, .T. ) ;
#4457 = CARTESIAN_POINT ( 'NONE',  ( -94.80000000000002558, 0.000000000000000000, 1.000000000000000888 ) ) ;
#4458 = SHAPE_DEFINITION_REPRESENTATION ( #3548, #3847 ) ;
#4459 = EDGE_CURVE ( 'NONE', #4733, #2105, #1178, .T. ) ;
#4460 = VERTEX_POINT ( 'NONE', #708 ) ;
#4461 = EDGE_CURVE ( 'NONE', #4972, #2111, #2639, .T. ) ;
#4462 = VECTOR ( 'NONE', #600, 1000.000000000000000 ) ;
#4463 = ORIENTED_EDGE ( 'NONE', *, *, #3459, .T. ) ;
#4464 = ORIENTED_EDGE ( 'NONE', *, *, #1807, .F. ) ;
#4465 = DIRECTION ( 'NONE',  ( -0.000000000000000000, -0.000000000000000000, -1.000000000000000000 ) ) ;
#4466 = CARTESIAN_POINT ( 'NONE',  ( 74.39999999999999147, 0.000000000000000000, 10.00000000000000000 ) ) ;
#4467 = ORIENTED_EDGE ( 'NONE', *, *, #1915, .T. ) ;
#4468 = CARTESIAN_POINT ( 'NONE',  ( 71.89999999999999147, 0.000000000000000000, 10.00000000000000000 ) ) ;
#4469 = CARTESIAN_POINT ( 'NONE',  ( 80.00000000000001421, 15.00000000000000000, 0.9999999999999749090 ) ) ;
#4470 = LINE ( 'NONE', #5407, #1696 ) ;
#4471 = ORIENTED_EDGE ( 'NONE', *, *, #2116, .T. ) ;
#4472 = VECTOR ( 'NONE', #3422, 999.9999999999998863 ) ;
#4473 = VERTEX_POINT ( 'NONE', #4034 ) ;
#4474 = CARTESIAN_POINT ( 'NONE',  ( 58.17639918272502086, 0.000000000000000000, 1.000000000000000888 ) ) ;
#4475 = CARTESIAN_POINT ( 'NONE',  ( 49.99999999999998579, -22.49999999999998934, 0.000000000000000000 ) ) ;
#4476 = DIRECTION ( 'NONE',  ( -1.000000000000000000, 0.000000000000000000, 0.000000000000000000 ) ) ;
#4477 = VECTOR ( 'NONE', #2114, 1000.000000000000000 ) ;
#4478 = ORIENTED_EDGE ( 'NONE', *, *, #4084, .T. ) ;
#4479 = EDGE_CURVE ( 'NONE', #2502, #3728, #1733, .T. ) ;
#4480 = VECTOR ( 'NONE', #263, 1000.000000000000114 ) ;
#4481 = EDGE_CURVE ( 'NONE', #14, #3223, #1803, .T. ) ;
#4482 = EDGE_LOOP ( 'NONE', ( #5145, #5055, #3114, #504 ) ) ;
#4483 = CARTESIAN_POINT ( 'NONE',  ( -0.000000000000000000, 9.600000000000001421, 0.000000000000000000 ) ) ;
#4484 = DIRECTION ( 'NONE',  ( 1.000000000000000000, 0.000000000000000000, 0.000000000000000000 ) ) ;
#4485 = DIRECTION ( 'NONE',  ( -0.000000000000000000, 0.000000000000000000, 1.000000000000000000 ) ) ;
#4486 = LINE ( 'NONE', #2667, #5170 ) ;
#4487 = ORIENTED_EDGE ( 'NONE', *, *, #3089, .T. ) ;
#4488 = FACE_OUTER_BOUND ( 'NONE', #30, .T. ) ;
#4489 = DIRECTION ( 'NONE',  ( -0.000000000000000000, -0.000000000000000000, 1.000000000000000000 ) ) ;
#4490 = EDGE_LOOP ( 'NONE', ( #2848, #4578, #412, #5813 ) ) ;
#4491 = ADVANCED_FACE ( 'NONE', ( #975 ), #2263, .F. ) ;
#4492 = VECTOR ( 'NONE', #5121, 1000.000000000000000 ) ;
#4493 = VERTEX_POINT ( 'NONE', #5935 ) ;
#4494 = ADVANCED_FACE ( 'NONE', ( #39 ), #4684, .F. ) ;
#4495 = ADVANCED_FACE ( 'NONE', ( #3151 ), #5965, .T. ) ;
#4496 = ORIENTED_EDGE ( 'NONE', *, *, #5314, .F. ) ;
#4497 = PLANE ( 'NONE',  #1596 ) ;
#4498 = DIRECTION ( 'NONE',  ( 1.000000000000000000, 0.000000000000000000, 0.000000000000000000 ) ) ;
#4499 = EDGE_LOOP ( 'NONE', ( #4287, #2927, #2287 ) ) ;
#4500 = DIRECTION ( 'NONE',  ( 1.000000000000000000, 1.119176436114092110E-15, 0.000000000000000000 ) ) ;
#4501 = LINE ( 'NONE', #3621, #1207 ) ;
#4502 = DIRECTION ( 'NONE',  ( -0.000000000000000000, 0.000000000000000000, -1.000000000000000000 ) ) ;
#4503 = ORIENTED_EDGE ( 'NONE', *, *, #1697, .T. ) ;
#4504 = VERTEX_POINT ( 'NONE', #5906 ) ;
#4505 = LINE ( 'NONE', #2692, #3832 ) ;
#4506 = CARTESIAN_POINT ( 'NONE',  ( -94.80000000000002558, -15.00000000000000000, 10.00000000000000000 ) ) ;
#4507 = DIRECTION ( 'NONE',  ( 0.000000000000000000, 0.000000000000000000, 1.000000000000000000 ) ) ;
#4508 = CYLINDRICAL_SURFACE ( 'NONE', #4996, 15.00000000000000000 ) ;
#4509 = EDGE_CURVE ( 'NONE', #1535, #2731, #5861, .T. ) ;
#4510 = VERTEX_POINT ( 'NONE', #2294 ) ;
#4511 = VECTOR ( 'NONE', #5580, 1000.000000000000000 ) ;
#4512 = ORIENTED_EDGE ( 'NONE', *, *, #1079, .T. ) ;
#4513 = CARTESIAN_POINT ( 'NONE',  ( -81.80000000000002558, 0.000000000000000000, 10.00000000000000000 ) ) ;
#4514 = AXIS2_PLACEMENT_3D ( 'NONE', #3550, #5393, #3481 ) ;
#4515 = EDGE_CURVE ( 'NONE', #4071, #5097, #454, .T. ) ;
#4516 = AXIS2_PLACEMENT_3D ( 'NONE', #3598, #2228, #3111 ) ;
#4518 = LINE ( 'NONE', #2665, #4218 ) ;
#4517 = CIRCLE ( 'NONE', #3555, 10.00000000000000178 ) ;
#4519 = VECTOR ( 'NONE', #2235, 1000.000000000000000 ) ;
#4520 = CARTESIAN_POINT ( 'NONE',  ( 58.17639918272502086, -9.500000000000001776, 10.00000000000000000 ) ) ;
#4521 = ORIENTED_EDGE ( 'NONE', *, *, #2435, .F. ) ;
#4522 = CARTESIAN_POINT ( 'NONE',  ( 94.99999999999998579, 0.000000000000000000, 0.000000000000000000 ) ) ;
#4523 = VERTEX_POINT ( 'NONE', #952 ) ;
#4524 = ORIENTED_EDGE ( 'NONE', *, *, #3816, .T. ) ;
#4525 = ORIENTED_EDGE ( 'NONE', *, *, #1146, .F. ) ;
#4526 = EDGE_CURVE ( 'NONE', #3640, #2668, #1347, .T. ) ;
#4527 = PLANE ( 'NONE',  #1415 ) ;
#4528 = CYLINDRICAL_SURFACE ( 'NONE', #4887, 9.999999999999994671 ) ;
#4529 = VERTEX_POINT ( 'NONE', #522 ) ;
#4530 = DIRECTION ( 'NONE',  ( 0.000000000000000000, -0.000000000000000000, -1.000000000000000000 ) ) ;
#4531 = CARTESIAN_POINT ( 'NONE',  ( -80.30000000000002558, 9.067140075112119391, 10.00000000000000000 ) ) ;
#4532 = LINE ( 'NONE', #1356, #5362 ) ;
#4533 = VECTOR ( 'NONE', #2392, 1000.000000000000000 ) ;
#4534 = ORIENTED_EDGE ( 'NONE', *, *, #1758, .T. ) ;
#4535 = ORIENTED_EDGE ( 'NONE', *, *, #5819, .F. ) ;
#4536 = EDGE_CURVE ( 'NONE', #5692, #2840, #4600, .T. ) ;
#4537 = FACE_OUTER_BOUND ( 'NONE', #4040, .T. ) ;
#4538 = LINE ( 'NONE', #3501, #3346 ) ;
#4539 = FACE_OUTER_BOUND ( 'NONE', #329, .T. ) ;
#4540 = DIRECTION ( 'NONE',  ( 1.000000000000000000, -5.595882180570460945E-15, 0.000000000000000000 ) ) ;
#4541 = ORIENTED_EDGE ( 'NONE', *, *, #1179, .T. ) ;
#4542 = EDGE_CURVE ( 'NONE', #1647, #3988, #5452, .T. ) ;
#4543 = EDGE_LOOP ( 'NONE', ( #273, #238, #2023, #709 ) ) ;
#4544 = CARTESIAN_POINT ( 'NONE',  ( 0.000000000000000000, -5.599999999999994316, 0.000000000000000000 ) ) ;
#4545 = CARTESIAN_POINT ( 'NONE',  ( 94.99999999999997158, 15.00000000000000178, 8.999999999999996447 ) ) ;
#4546 = CARTESIAN_POINT ( 'NONE',  ( 72.39999999999999147, 7.600000000000000533, 10.00000000000000000 ) ) ;
#4547 = ORIENTED_EDGE ( 'NONE', *, *, #1343, .T. ) ;
#4548 = AXIS2_PLACEMENT_3D ( 'NONE', #4475, #339, #2168 ) ;
#4549 = CYLINDRICAL_SURFACE ( 'NONE', #1300, 1.549999999999968070 ) ;
#4550 = ORIENTED_EDGE ( 'NONE', *, *, #2715, .T. ) ;
#4551 = ADVANCED_FACE ( 'NONE', ( #2782 ), #2318, .F. ) ;
#4552 = AXIS2_PLACEMENT_3D ( 'NONE', #5149, #4613, #2304 ) ;
#4553 = EDGE_LOOP ( 'NONE', ( #438, #341, #1979, #1953 ) ) ;
#4554 = DIRECTION ( 'NONE',  ( -0.000000000000000000, 0.000000000000000000, 1.000000000000000000 ) ) ;
#4555 = DIRECTION ( 'NONE',  ( 0.000000000000000000, 0.000000000000000000, -1.000000000000000000 ) ) ;
#4556 = DIRECTION ( 'NONE',  ( -1.000000000000000000, 0.000000000000000000, 0.000000000000000000 ) ) ;
#4557 = CARTESIAN_POINT ( 'NONE',  ( 89.59999999999998010, 0.000000000000000000, 0.000000000000000000 ) ) ;
#4558 = DIRECTION ( 'NONE',  ( 1.000000000000000000, -8.953411488912736881E-15, 0.000000000000000000 ) ) ;
#4559 = ORIENTED_EDGE ( 'NONE', *, *, #3248, .T. ) ;
#4560 = ORIENTED_EDGE ( 'NONE', *, *, #838, .T. ) ;
#4561 = LINE ( 'NONE', #5708, #3937 ) ;
#4562 = DIRECTION ( 'NONE',  ( 0.000000000000000000, 0.000000000000000000, 1.000000000000000000 ) ) ;
#4563 = DIRECTION ( 'NONE',  ( 0.000000000000000000, 1.000000000000000000, 0.000000000000000000 ) ) ;
#4564 = FACE_OUTER_BOUND ( 'NONE', #770, .T. ) ;
#4565 = ORIENTED_EDGE ( 'NONE', *, *, #3082, .F. ) ;
#4566 = EDGE_CURVE ( 'NONE', #3425, #793, #1373, .T. ) ;
#4567 = EDGE_CURVE ( 'NONE', #2900, #2111, #4992, .T. ) ;
#4568 = ORIENTED_EDGE ( 'NONE', *, *, #1877, .T. ) ;
#4569 = EDGE_CURVE ( 'NONE', #4020, #566, #5110, .T. ) ;
#4570 = DIRECTION ( 'NONE',  ( 1.000000000000000000, 0.000000000000000000, 0.000000000000000000 ) ) ;
#4571 = VECTOR ( 'NONE', #1230, 1000.000000000000000 ) ;
#4572 = DIRECTION ( 'NONE',  ( 1.000000000000000000, 0.000000000000000000, 0.000000000000000000 ) ) ;
#4573 = CARTESIAN_POINT ( 'NONE',  ( -59.99614123080367278, 22.77777777777778212, 10.00000000000000000 ) ) ;
#4574 = ORIENTED_EDGE ( 'NONE', *, *, #5835, .T. ) ;
#4575 = DIRECTION ( 'NONE',  ( -0.000000000000000000, -0.000000000000000000, -1.000000000000000000 ) ) ;
#4576 = EDGE_CURVE ( 'NONE', #2832, #5460, #3211, .T. ) ;
#4577 = ORIENTED_EDGE ( 'NONE', *, *, #4414, .T. ) ;
#4578 = ORIENTED_EDGE ( 'NONE', *, *, #1357, .F. ) ;
#4579 = FACE_OUTER_BOUND ( 'NONE', #2810, .T. ) ;
#4580 = FACE_OUTER_BOUND ( 'NONE', #4482, .T. ) ;
#4581 = CARTESIAN_POINT ( 'NONE',  ( 85.59999999999998010, 7.100000000000002309, 10.00000000000000000 ) ) ;
#4582 = CARTESIAN_POINT ( 'NONE',  ( 94.00000000000000000, -15.00000000000000000, 0.000000000000000000 ) ) ;
#4583 = DIRECTION ( 'NONE',  ( 1.000000000000000000, 0.000000000000000000, 0.000000000000000000 ) ) ;
#4584 = ORIENTED_EDGE ( 'NONE', *, *, #5015, .T. ) ;
#4585 = AXIS2_PLACEMENT_3D ( 'NONE', #4469, #5856, #1715 ) ;
#4586 = EDGE_LOOP ( 'NONE', ( #3144, #3046, #3796, #5940 ) ) ;
#4587 = LINE ( 'NONE', #2308, #3539 ) ;
#4588 = CARTESIAN_POINT ( 'NONE',  ( 66.00000000000002842, 15.00000000000000178, 0.000000000000000000 ) ) ;
#4589 = CARTESIAN_POINT ( 'NONE',  ( 80.00000000000001421, 15.00000000000000000, 0.000000000000000000 ) ) ;
#4590 = DIRECTION ( 'NONE',  ( -1.000000000000000000, 0.000000000000000000, 0.000000000000000000 ) ) ;
#4591 = ORIENTED_EDGE ( 'NONE', *, *, #4453, .T. ) ;
#4592 = ORIENTED_EDGE ( 'NONE', *, *, #2259, .F. ) ;
#4593 = VECTOR ( 'NONE', #986, 1000.000000000000000 ) ;
#4594 = EDGE_CURVE ( 'NONE', #3010, #2731, #4177, .T. ) ;
#4595 = CARTESIAN_POINT ( 'NONE',  ( -67.99305421544660533, 23.00000000000000000, 0.000000000000000000 ) ) ;
#4596 = AXIS2_PLACEMENT_3D ( 'NONE', #595, #1619, #2397 ) ;
#4597 = EDGE_CURVE ( 'NONE', #4473, #1626, #3722, .T. ) ;
#4598 = AXIS2_PLACEMENT_3D ( 'NONE', #4934, #4002, #3578 ) ;
#4599 = CARTESIAN_POINT ( 'NONE',  ( 71.89999999999999147, -6.132859924887913650, 10.00000000000000000 ) ) ;
#4600 = LINE ( 'NONE', #4063, #4215 ) ;
#4601 = VECTOR ( 'NONE', #4183, 1000.000000000000114 ) ;
#4602 = FACE_OUTER_BOUND ( 'NONE', #3213, .T. ) ;
#4603 = ORIENTED_EDGE ( 'NONE', *, *, #1561, .T. ) ;
#4604 = ADVANCED_FACE ( 'NONE', ( #409 ), #746, .T. ) ;
#4605 = AXIS2_PLACEMENT_3D ( 'NONE', #4192, #508, #5155 ) ;
#4606 = ORIENTED_EDGE ( 'NONE', *, *, #2116, .F. ) ;
#4607 = AXIS2_PLACEMENT_3D ( 'NONE', #3378, #635, #3800 ) ;
#4608 = EDGE_CURVE ( 'NONE', #2250, #761, #1930, .T. ) ;
#4609 = DIRECTION ( 'NONE',  ( 0.000000000000000000, 1.000000000000000000, 0.000000000000000000 ) ) ;
#4610 = DIRECTION ( 'NONE',  ( 0.000000000000000000, -0.000000000000000000, 1.000000000000000000 ) ) ;
#4611 = LINE ( 'NONE', #2327, #650 ) ;
#4612 = LINE ( 'NONE', #5541, #5455 ) ;
#4613 = DIRECTION ( 'NONE',  ( -0.000000000000000000, -0.000000000000000000, -1.000000000000000000 ) ) ;
#4614 = AXIS2_PLACEMENT_3D ( 'NONE', #265, #1713, #2101 ) ;
#4615 = ORIENTED_EDGE ( 'NONE', *, *, #5152, .T. ) ;
#4616 = VERTEX_POINT ( 'NONE', #3801 ) ;
#4617 = CARTESIAN_POINT ( 'NONE',  ( -66.82360081727497914, -9.500000000000001776, 0.000000000000000000 ) ) ;
#4618 = LINE ( 'NONE', #4670, #950 ) ;
#4619 = DIRECTION ( 'NONE',  ( -0.000000000000000000, -0.000000000000000000, -1.000000000000000000 ) ) ;
#4620 = LINE ( 'NONE', #2342, #1786 ) ;
#4621 = VECTOR ( 'NONE', #3532, 1000.000000000000000 ) ;
#4622 = EDGE_LOOP ( 'NONE', ( #1341, #4140, #161, #2707 ) ) ;
#4623 = ORIENTED_EDGE ( 'NONE', *, *, #5076, .T. ) ;
#4624 = CARTESIAN_POINT ( 'NONE',  ( 85.59999999999998010, 8.100000000000003197, 10.00000000000000000 ) ) ;
#4625 = CARTESIAN_POINT ( 'NONE',  ( -0.000000000000000000, -13.99999999999999822, 0.000000000000000000 ) ) ;
#4626 = DIRECTION ( 'NONE',  ( -0.000000000000000000, -0.000000000000000000, -1.000000000000000000 ) ) ;
#4627 = DIRECTION ( 'NONE',  ( -1.000000000000000000, 0.000000000000000000, -0.000000000000000000 ) ) ;
#4628 = SURFACE_SIDE_STYLE ('',( #4205 ) ) ;
#4629 = UNCERTAINTY_MEASURE_WITH_UNIT (LENGTH_MEASURE( 1.000000000000000082E-05 ), #4968, 'distance_accuracy_value', 'NONE');
#4630 = EDGE_CURVE ( 'NONE', #2027, #3485, #2410, .T. ) ;
#4631 = ORIENTED_EDGE ( 'NONE', *, *, #3297, .F. ) ;
#4632 = CIRCLE ( 'NONE', #192, 1.750000000000001554 ) ;
#4633 = EDGE_CURVE ( 'NONE', #2483, #4810, #3752, .T. ) ;
#4634 = CARTESIAN_POINT ( 'NONE',  ( 49.99999999999992184, -31.50000000000001421, 10.00000000000000000 ) ) ;
#4635 = LINE ( 'NONE', #960, #4207 ) ;
#4636 = DIRECTION ( 'NONE',  ( -0.000000000000000000, -0.000000000000000000, -1.000000000000000000 ) ) ;
#4637 = DIRECTION ( 'NONE',  ( -0.000000000000000000, 0.000000000000000000, -1.000000000000000000 ) ) ;
#4638 = DIRECTION ( 'NONE',  ( -1.000000000000000000, 0.000000000000000000, 0.000000000000000000 ) ) ;
#4639 = EDGE_CURVE ( 'NONE', #2731, #144, #1987, .T. ) ;
#4640 = ORIENTED_EDGE ( 'NONE', *, *, #1421, .F. ) ;
#4641 = ORIENTED_EDGE ( 'NONE', *, *, #3409, .F. ) ;
#4642 = FACE_BOUND ( 'NONE', #5313, .T. ) ;
#4643 = PLANE ( 'NONE',  #280 ) ;
#4644 = DIRECTION ( 'NONE',  ( 0.000000000000000000, 1.000000000000000000, -0.000000000000000000 ) ) ;
#4645 = DIRECTION ( 'NONE',  ( -0.7071067811865487940, 0.000000000000000000, -0.7071067811865463515 ) ) ;
#4646 = ORIENTED_EDGE ( 'NONE', *, *, #2555, .F. ) ;
#4647 = ORIENTED_EDGE ( 'NONE', *, *, #5046, .F. ) ;
#4648 = DIRECTION ( 'NONE',  ( -0.000000000000000000, 0.000000000000000000, -1.000000000000000000 ) ) ;
#4649 = VECTOR ( 'NONE', #4404, 1000.000000000000000 ) ;
#4650 = DIRECTION ( 'NONE',  ( -1.000000000000000000, 0.000000000000000000, 0.000000000000000000 ) ) ;
#4651 = DIRECTION ( 'NONE',  ( 0.000000000000000000, 0.000000000000000000, 1.000000000000000000 ) ) ;
#4652 = PLANE ( 'NONE',  #4179 ) ;
#4653 = AXIS2_PLACEMENT_3D ( 'NONE', #609, #4864, #184 ) ;
#4654 = AXIS2_PLACEMENT_3D ( 'NONE', #1482, #4716, #3803 ) ;
#4655 = CIRCLE ( 'NONE', #4093, 1.500000000000001332 ) ;
#4656 = VERTEX_POINT ( 'NONE', #1540 ) ;
#4657 = ADVANCED_FACE ( 'NONE', ( #2019 ), #4264, .F. ) ;
#4658 = DIRECTION ( 'NONE',  ( 0.000000000000000000, -0.000000000000000000, -1.000000000000000000 ) ) ;
#4659 = ORIENTED_EDGE ( 'NONE', *, *, #705, .T. ) ;
#4660 = CARTESIAN_POINT ( 'NONE',  ( 89.59999999999998010, 8.100000000000003197, 0.000000000000000000 ) ) ;
#4661 = PLANE ( 'NONE',  #274 ) ;
#4662 = LINE ( 'NONE', #2845, #2167 ) ;
#4663 = DIRECTION ( 'NONE',  ( -0.000000000000000000, 0.000000000000000000, 1.000000000000000000 ) ) ;
#4664 = EDGE_CURVE ( 'NONE', #3425, #4148, #3292, .T. ) ;
#4665 = ORIENTED_EDGE ( 'NONE', *, *, #505, .T. ) ;
#4666 = ADVANCED_FACE ( 'NONE', ( #5137 ), #1115, .T. ) ;
#4667 = EDGE_CURVE ( 'NONE', #5968, #964, #68, .T. ) ;
#4668 = ORIENTED_EDGE ( 'NONE', *, *, #4597, .T. ) ;
#4669 = LINE ( 'NONE', #3738, #2179 ) ;
#4670 = CARTESIAN_POINT ( 'NONE',  ( 65.00000000000005684, 15.00000000000000000, 8.999999999999996447 ) ) ;
#4671 = FACE_OUTER_BOUND ( 'NONE', #2119, .T. ) ;
#4672 = DIRECTION ( 'NONE',  ( -0.000000000000000000, -0.000000000000000000, -1.000000000000000000 ) ) ;
#4673 = DIRECTION ( 'NONE',  ( 0.000000000000000000, -0.000000000000000000, 1.000000000000000000 ) ) ;
#4674 = ORIENTED_EDGE ( 'NONE', *, *, #3850, .F. ) ;
#4675 = VERTEX_POINT ( 'NONE', #149 ) ;
#4676 = EDGE_CURVE ( 'NONE', #5460, #822, #3379, .T. ) ;
#4677 = ORIENTED_EDGE ( 'NONE', *, *, #2316, .F. ) ;
#4678 = CARTESIAN_POINT ( 'NONE',  ( 94.99999999999998579, 0.000000000000000000, 0.000000000000000000 ) ) ;
#4679 = EDGE_CURVE ( 'NONE', #1739, #1054, #3056, .T. ) ;
#4680 = CARTESIAN_POINT ( 'NONE',  ( -0.000000000000000000, 8.099999999999996092, 0.000000000000000000 ) ) ;
#4681 = CARTESIAN_POINT ( 'NONE',  ( -59.99614123080367278, -22.77777777777777146, 10.00000000000000000 ) ) ;
#4682 = VECTOR ( 'NONE', #1527, 1000.000000000000000 ) ;
#4683 = PRESENTATION_STYLE_ASSIGNMENT (( #3322 ) ) ;
#4684 = CONICAL_SURFACE ( 'NONE', #1894, 9.500000000000008882, 0.7853981633974482790 ) ;
#4685 = ORIENTED_EDGE ( 'NONE', *, *, #5631, .F. ) ;
#4686 = AXIS2_PLACEMENT_3D ( 'NONE', #3166, #1770, #4498 ) ;
#4687 = VECTOR ( 'NONE', #2243, 1000.000000000000000 ) ;
#4688 = DIRECTION ( 'NONE',  ( 1.000000000000000000, 0.000000000000000000, 0.000000000000000000 ) ) ;
#4689 = ORIENTED_EDGE ( 'NONE', *, *, #736, .T. ) ;
#4690 = PLANE ( 'NONE',  #3436 ) ;
#4691 = DIRECTION ( 'NONE',  ( 1.000000000000000000, 0.000000000000000000, 0.000000000000000000 ) ) ;
#4692 = DIRECTION ( 'NONE',  ( 0.000000000000000000, -0.7071067811865475727, 0.7071067811865475727 ) ) ;
#4693 = DIRECTION ( 'NONE',  ( 1.000000000000000000, 1.734723475976808080E-15, 0.000000000000000000 ) ) ;
#4694 = CIRCLE ( 'NONE', #5478, 9.000000000000014211 ) ;
#4695 = ORIENTED_EDGE ( 'NONE', *, *, #5380, .T. ) ;
#4696 = AXIS2_PLACEMENT_3D ( 'NONE', #4804, #3451, #4867 ) ;
#4697 = ADVANCED_FACE ( 'NONE', ( #4239 ), #5683, .F. ) ;
#4698 = ORIENTED_EDGE ( 'NONE', *, *, #5296, .T. ) ;
#4699 = DIRECTION ( 'NONE',  ( -0.000000000000000000, -0.000000000000000000, -1.000000000000000000 ) ) ;
#4700 = CARTESIAN_POINT ( 'NONE',  ( -94.80000000000002558, -15.00000000000000000, 9.000000000000010658 ) ) ;
#4701 = VECTOR ( 'NONE', #4185, 1000.000000000000000 ) ;
#4702 = FACE_OUTER_BOUND ( 'NONE', #1728, .T. ) ;
#4703 = CARTESIAN_POINT ( 'NONE',  ( 70.93285992488790725, -8.100000000000003197, 10.00000000000000000 ) ) ;
#4704 = VECTOR ( 'NONE', #244, 1000.000000000000000 ) ;
#4705 = LINE ( 'NONE', #661, #4462 ) ;
#4706 = ORIENTED_EDGE ( 'NONE', *, *, #4566, .T. ) ;
#4707 = EDGE_CURVE ( 'NONE', #32, #5663, #4742, .T. ) ;
#4708 = ORIENTED_EDGE ( 'NONE', *, *, #691, .F. ) ;
#4709 = ORIENTED_EDGE ( 'NONE', *, *, #3126, .T. ) ;
#4710 = CIRCLE ( 'NONE', #4895, 1.549999999999995826 ) ;
#4711 = AXIS2_PLACEMENT_3D ( 'NONE', #5512, #441, #5463 ) ;
#4712 = EDGE_CURVE ( 'NONE', #169, #2513, #4714, .T. ) ;
#4713 = CARTESIAN_POINT ( 'NONE',  ( 0.000000000000000000, -9.599999999999997868, 10.00000000000000000 ) ) ;
#4714 = LINE ( 'NONE', #2437, #2569 ) ;
#4715 = DIRECTION ( 'NONE',  ( 1.000000000000000000, 0.000000000000000000, 0.000000000000000000 ) ) ;
#4716 = DIRECTION ( 'NONE',  ( -0.000000000000000000, 0.000000000000000000, 1.000000000000000000 ) ) ;
#4717 = VERTEX_POINT ( 'NONE', #5709 ) ;
#4718 = CARTESIAN_POINT ( 'NONE',  ( 87.59999999999998010, 7.600000000000002309, 10.00000000000000000 ) ) ;
#4719 = ORIENTED_EDGE ( 'NONE', *, *, #5260, .T. ) ;
#4720 = CARTESIAN_POINT ( 'NONE',  ( 0.000000000000000000, -8.100000000000003197, 10.00000000000000000 ) ) ;
#4721 = FACE_OUTER_BOUND ( 'NONE', #1700, .T. ) ;
#4722 = DIRECTION ( 'NONE',  ( -0.000000000000000000, -0.000000000000000000, -1.000000000000000000 ) ) ;
#4723 = LINE ( 'NONE', #2762, #111 ) ;
#4724 = ORIENTED_EDGE ( 'NONE', *, *, #3708, .F. ) ;
#4725 = EDGE_CURVE ( 'NONE', #4749, #395, #4290, .T. ) ;
#4726 = ORIENTED_EDGE ( 'NONE', *, *, #3573, .T. ) ;
#4727 = CARTESIAN_POINT ( 'NONE',  ( -51.25318380357697379, 15.00000000000000000, 10.00000000000000000 ) ) ;
#4728 = DIRECTION ( 'NONE',  ( -1.000000000000000000, 0.000000000000000000, 0.000000000000000000 ) ) ;
#4729 = LINE ( 'NONE', #3396, #4065 ) ;
#4730 = FACE_OUTER_BOUND ( 'NONE', #1621, .T. ) ;
#4731 = VECTOR ( 'NONE', #5471, 1000.000000000000000 ) ;
#4732 = FACE_BOUND ( 'NONE', #2013, .T. ) ;
#4733 = VERTEX_POINT ( 'NONE', #636 ) ;
#4734 = EDGE_LOOP ( 'NONE', ( #4442, #3160, #4095 ) ) ;
#4735 = CARTESIAN_POINT ( 'NONE',  ( 58.17639918272502086, 8.500000000000000000, 1.000000000000000888 ) ) ;
#4736 = EDGE_LOOP ( 'NONE', ( #4745, #4631, #5632, #750 ) ) ;
#4737 = EDGE_CURVE ( 'NONE', #1632, #3419, #4316, .T. ) ;
#4738 = CONICAL_SURFACE ( 'NONE', #5516, 9.500000000000001776, 0.7853981633974482790 ) ;
#4739 = EDGE_CURVE ( 'NONE', #1618, #5342, #1714, .T. ) ;
#4740 = EDGE_CURVE ( 'NONE', #4392, #2021, #2893, .T. ) ;
#4741 = DIRECTION ( 'NONE',  ( 1.000000000000000000, 0.000000000000000000, 0.000000000000000000 ) ) ;
#4742 = LINE ( 'NONE', #3776, #5180 ) ;
#4743 = LINE ( 'NONE', #3016, #1088 ) ;
#4744 = LINE ( 'NONE', #611, #3401 ) ;
#4745 = ORIENTED_EDGE ( 'NONE', *, *, #4126, .T. ) ;
#4746 = AXIS2_PLACEMENT_3D ( 'NONE', #292, #2122, #3976 ) ;
#4747 = EDGE_CURVE ( 'NONE', #5361, #4071, #343, .T. ) ;
#4748 = DIRECTION ( 'NONE',  ( 0.000000000000000000, -0.000000000000000000, -1.000000000000000000 ) ) ;
#4749 = VERTEX_POINT ( 'NONE', #2048 ) ;
#4750 = CARTESIAN_POINT ( 'NONE',  ( 72.39999999999999147, 7.600000000000000533, 10.00000000000000000 ) ) ;
#4751 = CARTESIAN_POINT ( 'NONE',  ( 88.09999999999998010, 6.132859924887913650, 0.000000000000000000 ) ) ;
#4752 = DIRECTION ( 'NONE',  ( 1.000000000000000000, 0.000000000000000000, 0.000000000000000000 ) ) ;
#4753 = ORIENTED_EDGE ( 'NONE', *, *, #3644, .T. ) ;
#4754 = VECTOR ( 'NONE', #4400, 1000.000000000000000 ) ;
#4755 = ORIENTED_EDGE ( 'NONE', *, *, #2964, .T. ) ;
#4756 = CARTESIAN_POINT ( 'NONE',  ( 71.89999999999999147, -5.600000000000000533, 10.00000000000000000 ) ) ;
#4757 = CARTESIAN_POINT ( 'NONE',  ( 59.99999999999998579, 22.49999999999993605, 1.000000000000000888 ) ) ;
#4758 = DIRECTION ( 'NONE',  ( 1.000000000000000000, -1.119176436114072191E-15, 0.000000000000000000 ) ) ;
#4759 = LINE ( 'NONE', #625, #2526 ) ;
#4760 = FACE_BOUND ( 'NONE', #5716, .T. ) ;
#4761 = ORIENTED_EDGE ( 'NONE', *, *, #2170, .F. ) ;
#4762 = ORIENTED_EDGE ( 'NONE', *, *, #725, .F. ) ;
#4763 = CARTESIAN_POINT ( 'NONE',  ( -50.00000000000001421, -22.49999999999998934, 0.000000000000000000 ) ) ;
#4764 = ORIENTED_EDGE ( 'NONE', *, *, #1926, .T. ) ;
#4765 = VECTOR ( 'NONE', #2303, 1000.000000000000000 ) ;
#4766 = EDGE_CURVE ( 'NONE', #486, #2598, #3933, .T. ) ;
#4767 = EDGE_CURVE ( 'NONE', #3428, #4529, #4127, .T. ) ;
#4768 = CARTESIAN_POINT ( 'NONE',  ( 67.99999999999998579, -22.41619848709568785, 10.00000000000000000 ) ) ;
#4769 = DIRECTION ( 'NONE',  ( -0.000000000000000000, -0.000000000000000000, -1.000000000000000000 ) ) ;
#4770 = CARTESIAN_POINT ( 'NONE',  ( 86.13285992488789589, 7.100000000000002309, 10.00000000000000000 ) ) ;
#4771 = ADVANCED_FACE ( 'NONE', ( #4898 ), #3999, .T. ) ;
#4772 = EDGE_LOOP ( 'NONE', ( #3112, #3642, #2756, #1227 ) ) ;
#4773 = CARTESIAN_POINT ( 'NONE',  ( 80.00000000000001421, -15.00000000000000000, 10.00000000000000000 ) ) ;
#4774 = ORIENTED_EDGE ( 'NONE', *, *, #5707, .F. ) ;
#4775 = CARTESIAN_POINT ( 'NONE',  ( 74.39999999999999147, 7.100000000000000533, 10.00000000000000000 ) ) ;
#4776 = CARTESIAN_POINT ( 'NONE',  ( 72.39999999999999147, -7.599999999999998757, 10.00000000000000000 ) ) ;
#4777 = DIRECTION ( 'NONE',  ( 0.000000000000000000, -1.000000000000000000, 0.000000000000000000 ) ) ;
#4778 = ORIENTED_EDGE ( 'NONE', *, *, #2751, .F. ) ;
#4779 = EDGE_CURVE ( 'NONE', #144, #4733, #1985, .T. ) ;
#4780 = EDGE_CURVE ( 'NONE', #5509, #5854, #5838, .T. ) ;
#4781 = VECTOR ( 'NONE', #5305, 1000.000000000000000 ) ;
#4782 = ORIENTED_EDGE ( 'NONE', *, *, #1788, .F. ) ;
#4783 = ORIENTED_EDGE ( 'NONE', *, *, #978, .F. ) ;
#4784 = CARTESIAN_POINT ( 'NONE',  ( 58.17639918272502086, 0.000000000000000000, 9.000000000000000000 ) ) ;
#4785 = CARTESIAN_POINT ( 'NONE',  ( 59.99999999999999289, -22.49999999999991473, 1.000000000000000888 ) ) ;
#4786 = ORIENTED_EDGE ( 'NONE', *, *, #4106, .F. ) ;
#4787 = CARTESIAN_POINT ( 'NONE',  ( 94.65798675386800198, -14.65798675386803041, 9.342013246131967819 ) ) ;
#4788 = DIRECTION ( 'NONE',  ( -1.000000000000000000, 0.000000000000000000, 0.000000000000000000 ) ) ;
#4789 = CARTESIAN_POINT ( 'NONE',  ( 70.39999999999999147, 7.100000000000000533, 10.00000000000000000 ) ) ;
#4790 = DIRECTION ( 'NONE',  ( 0.000000000000000000, -1.000000000000000000, 0.000000000000000000 ) ) ;
#4791 = ORIENTED_EDGE ( 'NONE', *, *, #1682, .T. ) ;
#4792 = CIRCLE ( 'NONE', #2185, 9.999999999999994671 ) ;
#4793 = AXIS2_PLACEMENT_3D ( 'NONE', #300, #3985, #4976 ) ;
#4794 = VECTOR ( 'NONE', #219, 1000.000000000000000 ) ;
#4795 = EDGE_LOOP ( 'NONE', ( #2096, #644, #3086, #5497 ) ) ;
#4796 = FACE_OUTER_BOUND ( 'NONE', #1219, .T. ) ;
#4797 = LINE ( 'NONE', #2072, #1372 ) ;
#4798 = AXIS2_PLACEMENT_3D ( 'NONE', #530, #2358, #1549 ) ;
#4799 = DIRECTION ( 'NONE',  ( -0.000000000000000000, -0.000000000000000000, -1.000000000000000000 ) ) ;
#4800 = CIRCLE ( 'NONE', #2104, 14.99999999999995737 ) ;
#4801 = CARTESIAN_POINT ( 'NONE',  ( 71.89999999999999147, 9.067140075112089193, 10.00000000000000000 ) ) ;
#4802 = LINE ( 'NONE', #1665, #1288 ) ;
#4803 = ORIENTED_EDGE ( 'NONE', *, *, #3055, .T. ) ;
#4804 = CARTESIAN_POINT ( 'NONE',  ( 80.00000000000001421, -15.00000000000000000, 10.00000000000000000 ) ) ;
#4805 = DIRECTION ( 'NONE',  ( 0.000000000000000000, -0.000000000000000000, 1.000000000000000000 ) ) ;
#4806 = ORIENTED_EDGE ( 'NONE', *, *, #165, .F. ) ;
#4807 = DIRECTION ( 'NONE',  ( -1.000000000000000000, 0.000000000000000000, 0.000000000000000000 ) ) ;
#4808 = LINE ( 'NONE', #678, #565 ) ;
#4809 = CARTESIAN_POINT ( 'NONE',  ( 73.86714007511207569, 8.100000000000001421, 10.00000000000000000 ) ) ;
#4810 = VERTEX_POINT ( 'NONE', #1634 ) ;
#4811 = EDGE_CURVE ( 'NONE', #5790, #2889, #2630, .T. ) ;
#4812 = EDGE_LOOP ( 'NONE', ( #3709, #1318, #5724, #891 ) ) ;
#4813 = EDGE_CURVE ( 'NONE', #395, #2039, #3826, .T. ) ;
#4814 = ADVANCED_FACE ( 'NONE', ( #5420 ), #3900, .T. ) ;
#4815 = EDGE_LOOP ( 'NONE', ( #3491, #2523, #2612, #5064 ) ) ;
#4816 = CARTESIAN_POINT ( 'NONE',  ( 59.99999999999998579, 22.49999999999993605, 10.00000000000000000 ) ) ;
#4817 = CARTESIAN_POINT ( 'NONE',  ( 72.89999999999999147, 0.000000000000000000, 0.000000000000000000 ) ) ;
#4818 = ORIENTED_EDGE ( 'NONE', *, *, #4089, .F. ) ;
#4819 = CARTESIAN_POINT ( 'NONE',  ( 87.09999999999998010, 9.600000000000003197, 10.00000000000000000 ) ) ;
#4820 = CARTESIAN_POINT ( 'NONE',  ( 67.99999999999998579, 22.41619848709568785, 10.00000000000000000 ) ) ;
#4821 = DIRECTION ( 'NONE',  ( -0.000000000000000000, -0.000000000000000000, -1.000000000000000000 ) ) ;
#4822 = EDGE_CURVE ( 'NONE', #1746, #2976, #3444, .T. ) ;
#4823 = EDGE_LOOP ( 'NONE', ( #602, #681 ) ) ;
#4824 = ORIENTED_EDGE ( 'NONE', *, *, #2415, .T. ) ;
#4825 = ORIENTED_EDGE ( 'NONE', *, *, #5260, .F. ) ;
#4826 = VECTOR ( 'NONE', #5636, 1000.000000000000000 ) ;
#4827 = LINE ( 'NONE', #2496, #1628 ) ;
#4828 = CARTESIAN_POINT ( 'NONE',  ( 89.06714007511207853, -7.100000000000002309, 10.00000000000000000 ) ) ;
#4829 = AXIS2_PLACEMENT_3D ( 'NONE', #1381, #5092, #20 ) ;
#4830 = PLANE ( 'NONE',  #4424 ) ;
#4831 = DIRECTION ( 'NONE',  ( -0.000000000000000000, -0.000000000000000000, -1.000000000000000000 ) ) ;
#4832 = DIRECTION ( 'NONE',  ( -0.000000000000000000, 0.000000000000000000, 1.000000000000000000 ) ) ;
#4833 = CARTESIAN_POINT ( 'NONE',  ( -81.80000000000002558, 0.000000000000000000, 0.000000000000000000 ) ) ;
#4834 = EDGE_CURVE ( 'NONE', #5887, #3189, #4694, .T. ) ;
#4835 = EDGE_LOOP ( 'NONE', ( #2960, #2160, #5798, #4409 ) ) ;
#4836 = FACE_OUTER_BOUND ( 'NONE', #907, .T. ) ;
#4837 = DIRECTION ( 'NONE',  ( 1.000000000000000000, 0.000000000000000000, 0.000000000000000000 ) ) ;
#4838 = ORIENTED_EDGE ( 'NONE', *, *, #1697, .F. ) ;
#4839 = CARTESIAN_POINT ( 'NONE',  ( 58.99999999999997868, 22.49999999999993605, 10.00000000000000000 ) ) ;
#4840 = DIRECTION ( 'NONE',  ( 1.000000000000000000, 0.000000000000000000, 0.000000000000000000 ) ) ;
#4841 = DIRECTION ( 'NONE',  ( 0.000000000000000000, -0.000000000000000000, -1.000000000000000000 ) ) ;
#4842 = EDGE_LOOP ( 'NONE', ( #5688, #4051, #2577, #5504 ) ) ;
#4843 = ORIENTED_EDGE ( 'NONE', *, *, #1113, .T. ) ;
#4844 = EDGE_CURVE ( 'NONE', #2307, #4504, #5387, .T. ) ;
#4845 = ORIENTED_EDGE ( 'NONE', *, *, #5819, .T. ) ;
#4846 = ADVANCED_FACE ( 'NONE', ( #3115 ), #671, .F. ) ;
#4847 = DIRECTION ( 'NONE',  ( -0.000000000000000000, 0.000000000000000000, 1.000000000000000000 ) ) ;
#4848 = LINE ( 'NONE', #655, #2194 ) ;
#4849 = ORIENTED_EDGE ( 'NONE', *, *, #5817, .T. ) ;
#4850 = CARTESIAN_POINT ( 'NONE',  ( -66.82360081727497914, -8.500000000000000000, 0.000000000000000000 ) ) ;
#4851 = CARTESIAN_POINT ( 'NONE',  ( 58.17639918272502086, 0.000000000000000000, 0.000000000000000000 ) ) ;
#4852 = CARTESIAN_POINT ( 'NONE',  ( 70.93285992488790725, 8.100000000000001421, 0.000000000000000000 ) ) ;
#4853 = AXIS2_PLACEMENT_3D ( 'NONE', #5823, #2583, #2516 ) ;
#4854 = ORIENTED_EDGE ( 'NONE', *, *, #980, .F. ) ;
#4855 = VERTEX_POINT ( 'NONE', #5742 ) ;
#4856 = ADVANCED_FACE ( 'NONE', ( #2600 ), #1148, .T. ) ;
#4857 = AXIS2_PLACEMENT_3D ( 'NONE', #4123, #5967, #1349 ) ;
#4858 = ORIENTED_EDGE ( 'NONE', *, *, #1483, .T. ) ;
#4859 = DIRECTION ( 'NONE',  ( -1.000000000000000000, 0.000000000000000000, 0.000000000000000000 ) ) ;
#4860 = FACE_OUTER_BOUND ( 'NONE', #3754, .T. ) ;
#4861 = ORIENTED_EDGE ( 'NONE', *, *, #4124, .F. ) ;
#4862 = EDGE_CURVE ( 'NONE', #14, #5330, #4450, .T. ) ;
#4863 = DIRECTION ( 'NONE',  ( -1.000000000000000000, 0.000000000000000000, 0.000000000000000000 ) ) ;
#4864 = DIRECTION ( 'NONE',  ( 0.000000000000000000, -0.000000000000000000, -1.000000000000000000 ) ) ;
#4865 = LINE ( 'NONE', #284, #5578 ) ;
#4866 = AXIS2_PLACEMENT_3D ( 'NONE', #358, #5337, #2192 ) ;
#4867 = DIRECTION ( 'NONE',  ( 1.000000000000000000, 0.000000000000000000, 0.000000000000000000 ) ) ;
#4868 = CARTESIAN_POINT ( 'NONE',  ( -58.99652710772330977, 22.75000000000000711, 0.000000000000000000 ) ) ;
#4869 = ORIENTED_EDGE ( 'NONE', *, *, #5312, .F. ) ;
#4870 = DIRECTION ( 'NONE',  ( 1.000000000000000000, 0.000000000000000000, 0.000000000000000000 ) ) ;
#4871 = CARTESIAN_POINT ( 'NONE',  ( 0.000000000000000000, 7.100000000000000533, 10.00000000000000000 ) ) ;
#4872 = ORIENTED_EDGE ( 'NONE', *, *, #5016, .F. ) ;
#4873 = ORIENTED_EDGE ( 'NONE', *, *, #3349, .T. ) ;
#4874 = CIRCLE ( 'NONE', #2755, 8.500000000000007105 ) ;
#4875 = VERTEX_POINT ( 'NONE', #5321 ) ;
#4876 = DIRECTION ( 'NONE',  ( 1.000000000000000000, 0.000000000000000000, 0.000000000000000000 ) ) ;
#4877 = CARTESIAN_POINT ( 'NONE',  ( 58.17639918272502086, 9.500000000000001776, 10.00000000000000000 ) ) ;
#4878 = ORIENTED_EDGE ( 'NONE', *, *, #5450, .F. ) ;
#4879 = CARTESIAN_POINT ( 'NONE',  ( -67.99305421544659112, -13.99999999999999645, 0.000000000000000000 ) ) ;
#4880 = DIRECTION ( 'NONE',  ( -0.000000000000000000, 0.000000000000000000, 1.000000000000000000 ) ) ;
#4881 = DIRECTION ( 'NONE',  ( 0.000000000000000000, -0.7071067811865474617, 0.7071067811865474617 ) ) ;
#4882 = EDGE_LOOP ( 'NONE', ( #5843, #4097, #898, #3469 ) ) ;
#4883 = VECTOR ( 'NONE', #2251, 1000.000000000000000 ) ;
#4884 = EDGE_LOOP ( 'NONE', ( #2942, #3981, #3129, #4043 ) ) ;
#4885 = CIRCLE ( 'NONE', #5557, 1.500000000000001332 ) ;
#4886 = ORIENTED_EDGE ( 'NONE', *, *, #5654, .F. ) ;
#4887 = AXIS2_PLACEMENT_3D ( 'NONE', #387, #4974, #4159 ) ;
#4888 = VECTOR ( 'NONE', #2113, 1000.000000000000000 ) ;
#4889 = PLANE ( 'NONE',  #567 ) ;
#4890 = DIRECTION ( 'NONE',  ( -0.7071067811865451302, 0.000000000000000000, -0.7071067811865500152 ) ) ;
#4891 = CARTESIAN_POINT ( 'NONE',  ( -79.30000000000002558, 6.132859924887882563, 0.000000000000000000 ) ) ;
#4892 = AXIS2_PLACEMENT_3D ( 'NONE', #3475, #4831, #2533 ) ;
#4893 = ORIENTED_EDGE ( 'NONE', *, *, #5739, .T. ) ;
#4894 = EDGE_CURVE ( 'NONE', #5097, #25, #312, .T. ) ;
#4895 = AXIS2_PLACEMENT_3D ( 'NONE', #1305, #3141, #3993 ) ;
#4896 = ORIENTED_EDGE ( 'NONE', *, *, #5666, .T. ) ;
#4897 = EDGE_CURVE ( 'NONE', #176, #5692, #4420, .T. ) ;
#4898 = FACE_OUTER_BOUND ( 'NONE', #3364, .T. ) ;
#4899 = DIRECTION ( 'NONE',  ( 1.000000000000000000, 0.000000000000000000, 0.000000000000000000 ) ) ;
#4900 = DIRECTION ( 'NONE',  ( -0.000000000000000000, 0.000000000000000000, 1.000000000000000000 ) ) ;
#4901 = VECTOR ( 'NONE', #5405, 1000.000000000000000 ) ;
#4902 = VECTOR ( 'NONE', #2018, 1000.000000000000000 ) ;
#4903 = AXIS2_PLACEMENT_3D ( 'NONE', #132, #4272, #5265 ) ;
#4904 = DIRECTION ( 'NONE',  ( 1.000000000000000000, 0.000000000000000000, 0.000000000000000000 ) ) ;
#4905 = DIRECTION ( 'NONE',  ( 0.000000000000000000, 0.000000000000000000, 1.000000000000000000 ) ) ;
#4906 = ORIENTED_EDGE ( 'NONE', *, *, #511, .F. ) ;
#4907 = CARTESIAN_POINT ( 'NONE',  ( 66.67639918272502086, 0.000000000000000000, 9.000000000000000000 ) ) ;
#4908 = CARTESIAN_POINT ( 'NONE',  ( -81.80000000000002558, 8.099999999999996092, 0.000000000000000000 ) ) ;
#4909 = AXIS2_PLACEMENT_3D ( 'NONE', #4595, #2777, #2748 ) ;
#4910 = ORIENTED_EDGE ( 'NONE', *, *, #4725, .T. ) ;
#4911 = EDGE_LOOP ( 'NONE', ( #1173, #4975, #2972, #4724, #4764, #1693, #2361, #1898, #5311, #453, #3613, #404, #2481, #1796, #2178, #2059 ) ) ;
#4912 = ORIENTED_EDGE ( 'NONE', *, *, #4324, .T. ) ;
#4913 = LINE ( 'NONE', #5431, #3334 ) ;
#4914 = LINE ( 'NONE', #4877, #1858 ) ;
#4915 = ORIENTED_EDGE ( 'NONE', *, *, #3644, .F. ) ;
#4916 = CARTESIAN_POINT ( 'NONE',  ( -9.194866269159801320, 24.50000000000000000, 0.000000000000000000 ) ) ;
#4917 = CARTESIAN_POINT ( 'NONE',  ( -81.26714007511213822, 7.099999999999993427, 10.00000000000000000 ) ) ;
#4918 = LINE ( 'NONE', #2163, #5919 ) ;
#4919 = EDGE_CURVE ( 'NONE', #1670, #1794, #5977, .T. ) ;
#4920 = ORIENTED_EDGE ( 'NONE', *, *, #2269, .T. ) ;
#4921 = ORIENTED_EDGE ( 'NONE', *, *, #1727, .T. ) ;
#4922 = DIRECTION ( 'NONE',  ( -0.000000000000000000, 0.000000000000000000, -1.000000000000000000 ) ) ;
#4923 = LINE ( 'NONE', #2253, #4731 ) ;
#4924 = CARTESIAN_POINT ( 'NONE',  ( 0.000000000000000000, 8.100000000000001421, 10.00000000000000000 ) ) ;
#4925 = ORIENTED_EDGE ( 'NONE', *, *, #535, .T. ) ;
#4926 = CONICAL_SURFACE ( 'NONE', #2714, 9.000000000000014211, 0.7853981633974621568 ) ;
#4927 = EDGE_LOOP ( 'NONE', ( #846, #5858, #3307, #2028 ) ) ;
#4928 = EDGE_CURVE ( 'NONE', #5319, #1736, #1311, .T. ) ;
#4929 = DIRECTION ( 'NONE',  ( -0.000000000000000000, 0.000000000000000000, -1.000000000000000000 ) ) ;
#4930 = DIRECTION ( 'NONE',  ( 0.000000000000000000, 0.7071067811865474617, -0.7071067811865474617 ) ) ;
#4931 = EDGE_CURVE ( 'NONE', #2258, #1068, #3209, .T. ) ;
#4932 = EDGE_CURVE ( 'NONE', #4331, #601, #5397, .T. ) ;
#4933 = FACE_OUTER_BOUND ( 'NONE', #3873, .T. ) ;
#4934 = CARTESIAN_POINT ( 'NONE',  ( 72.39999999999999147, 7.600000000000000533, 0.000000000000000000 ) ) ;
#4935 = VERTEX_POINT ( 'NONE', #2725 ) ;
#4936 = DIRECTION ( 'NONE',  ( -0.000000000000000000, -0.000000000000000000, -1.000000000000000000 ) ) ;
#4937 = DIRECTION ( 'NONE',  ( 1.000000000000000000, 1.119176436114092110E-15, 0.000000000000000000 ) ) ;
#4938 = ORIENTED_EDGE ( 'NONE', *, *, #4608, .T. ) ;
#4939 = ORIENTED_EDGE ( 'NONE', *, *, #205, .T. ) ;
#4940 = EDGE_CURVE ( 'NONE', #3825, #1469, #5903, .T. ) ;
#4941 = ORIENTED_EDGE ( 'NONE', *, *, #3504, .T. ) ;
#4942 = DIRECTION ( 'NONE',  ( 0.000000000000000000, -0.000000000000000000, 1.000000000000000000 ) ) ;
#4943 = FACE_OUTER_BOUND ( 'NONE', #4842, .T. ) ;
#4944 = VERTEX_POINT ( 'NONE', #3718 ) ;
#4945 = DIRECTION ( 'NONE',  ( -0.000000000000000000, 0.000000000000000000, -1.000000000000000000 ) ) ;
#4946 = CARTESIAN_POINT ( 'NONE',  ( -67.99305421544660533, 23.00000000000000000, 9.000000000000010658 ) ) ;
#4947 = DIRECTION ( 'NONE',  ( 1.000000000000000000, 0.000000000000000000, 0.000000000000000000 ) ) ;
#4948 = ORIENTED_EDGE ( 'NONE', *, *, #3606, .F. ) ;
#4949 = CIRCLE ( 'NONE', #4365, 1.750000000000001554 ) ;
#4950 = CONICAL_SURFACE ( 'NONE', #605, 13.99999999999998401, 0.7853981633974509435 ) ;
#4951 = EDGE_CURVE ( 'NONE', #2027, #4336, #5681, .T. ) ;
#4952 = ORIENTED_EDGE ( 'NONE', *, *, #2315, .T. ) ;
#4953 = DIRECTION ( 'NONE',  ( 0.000000000000000000, -0.000000000000000000, -1.000000000000000000 ) ) ;
#4954 = FACE_OUTER_BOUND ( 'NONE', #2229, .T. ) ;
#4955 = DIRECTION ( 'NONE',  ( 0.000000000000000000, 0.7071067811865567876, 0.7071067811865383579 ) ) ;
#4956 = CARTESIAN_POINT ( 'NONE',  ( -79.30000000000002558, -9.067140075112119391, 0.000000000000000000 ) ) ;
#4957 = AXIS2_PLACEMENT_3D ( 'NONE', #198, #1167, #3001 ) ;
#4958 = CIRCLE ( 'NONE', #4654, 9.500000000000001776 ) ;
#4959 = ORIENTED_EDGE ( 'NONE', *, *, #2155, .T. ) ;
#4960 = CIRCLE ( 'NONE', #3894, 1.549999999999968070 ) ;
#4961 = VERTEX_POINT ( 'NONE', #430 ) ;
#4962 = DIRECTION ( 'NONE',  ( 1.000000000000000000, 0.000000000000000000, 0.000000000000000000 ) ) ;
#4963 = EDGE_CURVE ( 'NONE', #5651, #187, #5049, .T. ) ;
#4964 = DIRECTION ( 'NONE',  ( -1.000000000000000000, 0.000000000000000000, 0.000000000000000000 ) ) ;
#4965 = DIRECTION ( 'NONE',  ( 0.000000000000000000, 1.000000000000000000, -0.000000000000000000 ) ) ;
#4966 = ORIENTED_EDGE ( 'NONE', *, *, #2821, .T. ) ;
#4967 = CARTESIAN_POINT ( 'NONE',  ( -79.30000000000002558, -9.599999999999997868, 10.00000000000000000 ) ) ;
#4968 =( LENGTH_UNIT ( ) NAMED_UNIT ( * ) SI_UNIT ( .MILLI., .METRE. ) );
#4969 = CIRCLE ( 'NONE', #4174, 1.750000000000001554 ) ;
#4970 = EDGE_LOOP ( 'NONE', ( #5918, #2615, #5703, #5115 ) ) ;
#4971 = EDGE_LOOP ( 'NONE', ( #4163, #4294, #713, #4524 ) ) ;
#4972 = VERTEX_POINT ( 'NONE', #832 ) ;
#4973 = CARTESIAN_POINT ( 'NONE',  ( -80.30000000000002558, 0.000000000000000000, 10.00000000000000000 ) ) ;
#4974 = DIRECTION ( 'NONE',  ( -0.000000000000000000, -0.000000000000000000, -1.000000000000000000 ) ) ;
#4975 = ORIENTED_EDGE ( 'NONE', *, *, #2297, .T. ) ;
#4976 = DIRECTION ( 'NONE',  ( 1.000000000000000000, 0.000000000000000000, 0.000000000000000000 ) ) ;
#4977 = PLANE ( 'NONE',  #4866 ) ;
#4978 = PLANE ( 'NONE',  #1216 ) ;
#4979 = ADVANCED_FACE ( 'NONE', ( #3184 ), #1757, .F. ) ;
#4980 = ORIENTED_EDGE ( 'NONE', *, *, #2450, .T. ) ;
#4981 = VERTEX_POINT ( 'NONE', #5555 ) ;
#4982 = CARTESIAN_POINT ( 'NONE',  ( 72.89999999999999147, 9.067140075112089193, 10.00000000000000000 ) ) ;
#4983 = CARTESIAN_POINT ( 'NONE',  ( -81.80000000000002558, 0.000000000000000000, 0.000000000000000000 ) ) ;
#4984 = CARTESIAN_POINT ( 'NONE',  ( 73.86714007511207569, -7.100000000000002309, 10.00000000000000000 ) ) ;
#4985 = CARTESIAN_POINT ( 'NONE',  ( 0.000000000000000000, 8.100000000000001421, 10.00000000000000000 ) ) ;
#4986 = CIRCLE ( 'NONE', #4596, 14.99999999999995737 ) ;
#4987 = ORIENTED_EDGE ( 'NONE', *, *, #3859, .F. ) ;
#4988 = VECTOR ( 'NONE', #253, 1000.000000000000000 ) ;
#4989 = VECTOR ( 'NONE', #4158, 1000.000000000000000 ) ;
#4990 = ORIENTED_EDGE ( 'NONE', *, *, #4737, .F. ) ;
#4991 = DIRECTION ( 'NONE',  ( -1.000000000000000000, 0.000000000000000000, 0.000000000000000000 ) ) ;
#4992 = CIRCLE ( 'NONE', #2082, 1.549999999999968070 ) ;
#4993 = ADVANCED_FACE ( 'NONE', ( #918 ), #1420, .T. ) ;
#4994 = VECTOR ( 'NONE', #4422, 1000.000000000000114 ) ;
#4995 = AXIS2_PLACEMENT_3D ( 'NONE', #2503, #1732, #3904 ) ;
#4996 = AXIS2_PLACEMENT_3D ( 'NONE', #5413, #369, #4590 ) ;
#4998 = CARTESIAN_POINT ( 'NONE',  ( 88.09999999999998010, -6.132859924887913650, 0.000000000000000000 ) ) ;
#4997 = VECTOR ( 'NONE', #3167, 1000.000000000000000 ) ;
#4999 = CIRCLE ( 'NONE', #2380, 8.500000000000007105 ) ;
#5000 = CARTESIAN_POINT ( 'NONE',  ( 74.39999999999999147, -7.100000000000002309, 10.00000000000000000 ) ) ;
#5001 = ORIENTED_EDGE ( 'NONE', *, *, #2784, .F. ) ;
#5002 = CARTESIAN_POINT ( 'NONE',  ( -78.33285992488791294, 8.099999999999997868, 0.000000000000000000 ) ) ;
#5003 = ORIENTED_EDGE ( 'NONE', *, *, #2977, .T. ) ;
#5004 = ORIENTED_EDGE ( 'NONE', *, *, #3128, .T. ) ;
#5005 = ORIENTED_EDGE ( 'NONE', *, *, #2337, .T. ) ;
#5006 = DIRECTION ( 'NONE',  ( 0.000000000000000000, 0.000000000000000000, 1.000000000000000000 ) ) ;
#5007 = CARTESIAN_POINT ( 'NONE',  ( -94.80000000000002558, 0.000000000000000000, 9.000000000000010658 ) ) ;
#5008 = FACE_OUTER_BOUND ( 'NONE', #4927, .T. ) ;
#5009 = CARTESIAN_POINT ( 'NONE',  ( 93.96142399166004111, -13.96142399166007131, 0.000000000000000000 ) ) ;
#5010 = CARTESIAN_POINT ( 'NONE',  ( 0.000000000000000000, -13.99999999999998401, 10.00000000000000000 ) ) ;
#5011 = VECTOR ( 'NONE', #4991, 1000.000000000000000 ) ;
#5012 = AXIS2_PLACEMENT_3D ( 'NONE', #3830, #2527, #4380 ) ;
#5013 = ADVANCED_FACE ( 'NONE', ( #8 ), #3234, .F. ) ;
#5014 = ORIENTED_EDGE ( 'NONE', *, *, #2077, .F. ) ;
#5015 = EDGE_CURVE ( 'NONE', #787, #2069, #5932, .T. ) ;
#5016 = EDGE_CURVE ( 'NONE', #4275, #169, #864, .T. ) ;
#5017 = EDGE_LOOP ( 'NONE', ( #4521, #3980, #1192, #5744 ) ) ;
#5018 = FACE_OUTER_BOUND ( 'NONE', #5131, .T. ) ;
#5019 = CARTESIAN_POINT ( 'NONE',  ( 74.39999999999999147, 0.000000000000000000, 10.00000000000000000 ) ) ;
#5020 = CARTESIAN_POINT ( 'NONE',  ( 59.99999999999999289, 22.41619848709568785, 10.00000000000000000 ) ) ;
#5021 = LINE ( 'NONE', #3631, #1708 ) ;
#5022 = VERTEX_POINT ( 'NONE', #376 ) ;
#5023 = ORIENTED_EDGE ( 'NONE', *, *, #3297, .T. ) ;
#5024 = EDGE_CURVE ( 'NONE', #2697, #4375, #3946, .T. ) ;
#5025 = DIRECTION ( 'NONE',  ( 0.000000000000000000, 0.7071067811865475727, 0.7071067811865475727 ) ) ;
#5026 = CARTESIAN_POINT ( 'NONE',  ( -66.82360081727497914, 9.500000000000001776, 10.00000000000000000 ) ) ;
#5027 = DIRECTION ( 'NONE',  ( 1.541976423090500317E-16, -1.000000000000000000, 0.000000000000000000 ) ) ;
#5028 = ORIENTED_EDGE ( 'NONE', *, *, #4569, .F. ) ;
#5029 = AXIS2_PLACEMENT_3D ( 'NONE', #1442, #4619, #5522 ) ;
#5030 = DIRECTION ( 'NONE',  ( 0.000000000000000000, 1.000000000000000000, 0.000000000000000000 ) ) ;
#5031 = EDGE_LOOP ( 'NONE', ( #3725, #5936, #3585, #1692 ) ) ;
#5032 = ORIENTED_EDGE ( 'NONE', *, *, #3233, .F. ) ;
#5033 = LINE ( 'NONE', #5942, #4601 ) ;
#5034 = CARTESIAN_POINT ( 'NONE',  ( 87.09999999999998010, -9.600000000000004974, 10.00000000000000000 ) ) ;
#5035 = CARTESIAN_POINT ( 'NONE',  ( 65.00000000000004263, -15.00000000000000000, 10.00000000000000000 ) ) ;
#5036 = FACE_OUTER_BOUND ( 'NONE', #791, .T. ) ;
#5037 = FACE_OUTER_BOUND ( 'NONE', #2089, .T. ) ;
#5038 = CIRCLE ( 'NONE', #2060, 1.549999999999968070 ) ;
#5039 = ORIENTED_EDGE ( 'NONE', *, *, #4931, .F. ) ;
#5040 = EDGE_CURVE ( 'NONE', #5361, #4098, #3692, .T. ) ;
#5041 = ORIENTED_EDGE ( 'NONE', *, *, #3082, .T. ) ;
#5042 = LINE ( 'NONE', #3763, #151 ) ;
#5043 = CARTESIAN_POINT ( 'NONE',  ( -109.8000000000000256, 0.000000000000000000, 9.000000000000010658 ) ) ;
#5044 = LINE ( 'NONE', #1889, #2800 ) ;
#5045 = CARTESIAN_POINT ( 'NONE',  ( 87.59999999999998010, -7.599999999999996092, 0.000000000000000000 ) ) ;
#5046 = EDGE_CURVE ( 'NONE', #4113, #4523, #477, .T. ) ;
#5047 = ORIENTED_EDGE ( 'NONE', *, *, #2809, .F. ) ;
#5048 = ORIENTED_EDGE ( 'NONE', *, *, #4725, .F. ) ;
#5049 = LINE ( 'NONE', #4060, #5198 ) ;
#5050 = VECTOR ( 'NONE', #1197, 1000.000000000000000 ) ;
#5051 = EDGE_CURVE ( 'NONE', #3992, #1295, #892, .T. ) ;
#5052 = CARTESIAN_POINT ( 'NONE',  ( -79.30000000000002558, 0.000000000000000000, 10.00000000000000000 ) ) ;
#5053 = DIRECTION ( 'NONE',  ( -0.000000000000000000, -0.000000000000000000, 1.000000000000000000 ) ) ;
#5054 = CARTESIAN_POINT ( 'NONE',  ( 86.13285992488789589, 7.100000000000002309, 0.000000000000000000 ) ) ;
#5055 = ORIENTED_EDGE ( 'NONE', *, *, #1958, .F. ) ;
#5056 = EDGE_LOOP ( 'NONE', ( #604, #1051, #1045, #1351 ) ) ;
#5057 = CARTESIAN_POINT ( 'NONE',  ( -66.82360081727497914, 0.000000000000000000, 9.000000000000000000 ) ) ;
#5058 = CARTESIAN_POINT ( 'NONE',  ( -109.8000000000000256, 0.000000000000000000, 10.00000000000000000 ) ) ;
#5059 = LINE ( 'NONE', #1354, #2379 ) ;
#5060 = DIRECTION ( 'NONE',  ( -0.7068339249999713303, -0.01964185503296072763, 0.7071067811865469066 ) ) ;
#5061 = DIRECTION ( 'NONE',  ( 0.000000000000000000, -1.000000000000000000, 0.000000000000000000 ) ) ;
#5062 = ORIENTED_EDGE ( 'NONE', *, *, #1275, .F. ) ;
#5063 = VECTOR ( 'NONE', #2617, 1000.000000000000000 ) ;
#5064 = ORIENTED_EDGE ( 'NONE', *, *, #730, .T. ) ;
#5065 = FACE_OUTER_BOUND ( 'NONE', #4129, .T. ) ;
#5066 = CARTESIAN_POINT ( 'NONE',  ( 70.93285992488790725, 7.100000000000000533, 10.00000000000000000 ) ) ;
#5067 = LINE ( 'NONE', #2310, #1645 ) ;
#5068 = LINE ( 'NONE', #1049, #831 ) ;
#5069 = ORIENTED_EDGE ( 'NONE', *, *, #3263, .T. ) ;
#5070 = ORIENTED_EDGE ( 'NONE', *, *, #3815, .F. ) ;
#5071 = CONICAL_SURFACE ( 'NONE', #3329, 14.99999999999995737, 0.7853981633974500554 ) ;
#5072 = CARTESIAN_POINT ( 'NONE',  ( 0.000000000000000000, -5.600000000000000533, 10.00000000000000000 ) ) ;
#5073 = EDGE_CURVE ( 'NONE', #4616, #2544, #2621, .T. ) ;
#5074 = AXIS2_PLACEMENT_3D ( 'NONE', #4221, #1387, #87 ) ;
#5075 = EDGE_CURVE ( 'NONE', #4322, #1552, #405, .T. ) ;
#5076 = EDGE_CURVE ( 'NONE', #4398, #2105, #1249, .T. ) ;
#5077 = VECTOR ( 'NONE', #5592, 1000.000000000000000 ) ;
#5078 = CARTESIAN_POINT ( 'NONE',  ( -79.30000000000002558, 0.000000000000000000, 0.000000000000000000 ) ) ;
#5079 = VECTOR ( 'NONE', #5146, 1000.000000000000000 ) ;
#5080 = CARTESIAN_POINT ( 'NONE',  ( -79.30000000000002558, 0.000000000000000000, 10.00000000000000000 ) ) ;
#5081 = LINE ( 'NONE', #69, #912 ) ;
#5082 = CARTESIAN_POINT ( 'NONE',  ( -7.444866269159799543, -24.50000000000000000, 0.000000000000000000 ) ) ;
#5083 = AXIS2_PLACEMENT_3D ( 'NONE', #2169, #3570, #2254 ) ;
#5084 = VECTOR ( 'NONE', #5875, 1000.000000000000000 ) ;
#5085 = VECTOR ( 'NONE', #5974, 1000.000000000000000 ) ;
#5086 = VERTEX_POINT ( 'NONE', #5589 ) ;
#5087 = VECTOR ( 'NONE', #3020, 1000.000000000000000 ) ;
#5088 = CARTESIAN_POINT ( 'NONE',  ( -34.25318380357697379, -15.00000000000000000, 0.000000000000000000 ) ) ;
#5089 = DIRECTION ( 'NONE',  ( -0.000000000000000000, -0.000000000000000000, -1.000000000000000000 ) ) ;
#5090 = CARTESIAN_POINT ( 'NONE',  ( -94.80000000000002558, 15.00000000000000000, 1.000000000000000888 ) ) ;
#5091 = DIRECTION ( 'NONE',  ( 1.000000000000000000, 0.000000000000000000, -0.000000000000000000 ) ) ;
#5092 = DIRECTION ( 'NONE',  ( -0.000000000000000000, 0.000000000000000000, 1.000000000000000000 ) ) ;
#5093 = AXIS2_PLACEMENT_3D ( 'NONE', #4776, #3784, #2391 ) ;
#5094 = ORIENTED_EDGE ( 'NONE', *, *, #2074, .T. ) ;
#5095 = AXIS2_PLACEMENT_3D ( 'NONE', #1222, #291, #4005 ) ;
#5096 = ADVANCED_FACE ( 'NONE', ( #3264 ), #2804, .F. ) ;
#5097 = VERTEX_POINT ( 'NONE', #4200 ) ;
#5098 = FACE_BOUND ( 'NONE', #1959, .T. ) ;
#5099 = EDGE_LOOP ( 'NONE', ( #1386, #3960, #693, #5756 ) ) ;
#5100 = LINE ( 'NONE', #991, #2592 ) ;
#5101 = FACE_OUTER_BOUND ( 'NONE', #516, .T. ) ;
#5102 = LINE ( 'NONE', #969, #45 ) ;
#5103 = EDGE_CURVE ( 'NONE', #5830, #2873, #5182, .T. ) ;
#5104 = ORIENTED_EDGE ( 'NONE', *, *, #3089, .F. ) ;
#5105 = ORIENTED_EDGE ( 'NONE', *, *, #3271, .F. ) ;
#5106 = CARTESIAN_POINT ( 'NONE',  ( 80.00000000000001421, -15.00000000000000000, 0.000000000000000000 ) ) ;
#5107 = ADVANCED_FACE ( 'NONE', ( #4954 ), #4889, .F. ) ;
#5108 = ADVANCED_FACE ( 'NONE', ( #4053 ), #773, .T. ) ;
#5109 = DIRECTION ( 'NONE',  ( 0.000000000000000000, -0.000000000000000000, -1.000000000000000000 ) ) ;
#5110 = LINE ( 'NONE', #4573, #2182 ) ;
#5111 = DIRECTION ( 'NONE',  ( -0.000000000000000000, -0.000000000000000000, -1.000000000000000000 ) ) ;
#5112 = ADVANCED_FACE ( 'NONE', ( #1750 ), #5894, .T. ) ;
#5113 = FILL_AREA_STYLE ('',( #2839 ) ) ;
#5114 = EDGE_CURVE ( 'NONE', #4258, #1467, #2693, .T. ) ;
#5115 = ORIENTED_EDGE ( 'NONE', *, *, #2450, .F. ) ;
#5116 = AXIS2_PLACEMENT_3D ( 'NONE', #968, #509, #2826 ) ;
#5117 = CARTESIAN_POINT ( 'NONE',  ( 72.89999999999999147, 0.000000000000000000, 0.000000000000000000 ) ) ;
#5118 = ORIENTED_EDGE ( 'NONE', *, *, #5817, .F. ) ;
#5119 = DIRECTION ( 'NONE',  ( 0.000000000000000000, -1.000000000000000000, 0.000000000000000000 ) ) ;
#5120 = LINE ( 'NONE', #5540, #658 ) ;
#5121 = DIRECTION ( 'NONE',  ( 0.7071067811865493491, 0.000000000000000000, 0.7071067811865456854 ) ) ;
#5122 = CARTESIAN_POINT ( 'NONE',  ( -81.26714007511213822, 8.099999999999996092, 0.000000000000000000 ) ) ;
#5123 = ORIENTED_EDGE ( 'NONE', *, *, #2415, .F. ) ;
#5124 = ADVANCED_FACE ( 'NONE', ( #3596 ), #5411, .F. ) ;
#5125 = ORIENTED_EDGE ( 'NONE', *, *, #5372, .F. ) ;
#5126 = FACE_BOUND ( 'NONE', #1578, .T. ) ;
#5127 = DIRECTION ( 'NONE',  ( -1.000000000000000000, 0.000000000000000000, 0.000000000000000000 ) ) ;
#5128 = PLANE ( 'NONE',  #5116 ) ;
#5129 = PLANE ( 'NONE',  #3902 ) ;
#5130 = LINE ( 'NONE', #5584, #1657 ) ;
#5131 = EDGE_LOOP ( 'NONE', ( #3187, #119, #5014, #2967 ) ) ;
#5132 = EDGE_CURVE ( 'NONE', #4717, #388, #4710, .T. ) ;
#5133 = ORIENTED_EDGE ( 'NONE', *, *, #3693, .F. ) ;
#5134 = EDGE_LOOP ( 'NONE', ( #375, #4456, #5161, #2648 ) ) ;
#5135 = VECTOR ( 'NONE', #1073, 1000.000000000000000 ) ;
#5136 = CARTESIAN_POINT ( 'NONE',  ( 50.55513373084020401, 24.50000000000000000, 10.00000000000000000 ) ) ;
#5137 = FACE_OUTER_BOUND ( 'NONE', #3942, .T. ) ;
#5138 = DIRECTION ( 'NONE',  ( -0.000000000000000000, -0.000000000000000000, -1.000000000000000000 ) ) ;
#5139 = AXIS2_PLACEMENT_3D ( 'NONE', #3050, #775, #313 ) ;
#5140 = FACE_OUTER_BOUND ( 'NONE', #5437, .T. ) ;
#5141 = EDGE_CURVE ( 'NONE', #2268, #5968, #5923, .T. ) ;
#5142 = AXIS2_PLACEMENT_3D ( 'NONE', #5908, #3671, #5937 ) ;
#5143 = ORIENTED_EDGE ( 'NONE', *, *, #1082, .T. ) ;
#5144 = CARTESIAN_POINT ( 'NONE',  ( -94.80000000000002558, -15.00000000000000000, 9.000000000000010658 ) ) ;
#5145 = ORIENTED_EDGE ( 'NONE', *, *, #5870, .T. ) ;
#5146 = DIRECTION ( 'NONE',  ( 1.000000000000000000, 0.000000000000000000, 0.000000000000000000 ) ) ;
#5147 = DIRECTION ( 'NONE',  ( 0.000000000000000000, 0.7071067811865474617, 0.7071067811865474617 ) ) ;
#5148 = CARTESIAN_POINT ( 'NONE',  ( 48.80513373084020401, 24.50000000000000000, 0.000000000000000000 ) ) ;
#5149 = CARTESIAN_POINT ( 'NONE',  ( -7.444866269159799543, 24.50000000000000000, 10.00000000000000000 ) ) ;
#5150 = ORIENTED_EDGE ( 'NONE', *, *, #4302, .T. ) ;
#5151 = EDGE_CURVE ( 'NONE', #4098, #1315, #4538, .T. ) ;
#5152 = EDGE_CURVE ( 'NONE', #4875, #2818, #397, .T. ) ;
#5153 = ORIENTED_EDGE ( 'NONE', *, *, #2155, .F. ) ;
#5154 = FACE_BOUND ( 'NONE', #1262, .T. ) ;
#5155 = DIRECTION ( 'NONE',  ( 1.000000000000000000, 0.000000000000000000, 0.000000000000000000 ) ) ;
#5156 = LINE ( 'NONE', #3686, #3861 ) ;
#5157 = DIRECTION ( 'NONE',  ( 0.000000000000000000, 0.000000000000000000, 1.000000000000000000 ) ) ;
#5158 = AXIS2_PLACEMENT_3D ( 'NONE', #475, #5602, #1801 ) ;
#5159 = CARTESIAN_POINT ( 'NONE',  ( 89.06714007511207853, -8.100000000000003197, 10.00000000000000000 ) ) ;
#5160 = AXIS2_PLACEMENT_3D ( 'NONE', #141, #116, #1974 ) ;
#5161 = ORIENTED_EDGE ( 'NONE', *, *, #1682, .F. ) ;
#5162 = EDGE_LOOP ( 'NONE', ( #3883, #2322, #1245, #2306 ) ) ;
#5163 = ORIENTED_EDGE ( 'NONE', *, *, #2634, .F. ) ;
#5164 = CARTESIAN_POINT ( 'NONE',  ( 0.000000000000000000, -8.100000000000003197, 10.00000000000000000 ) ) ;
#5165 = ADVANCED_FACE ( 'NONE', ( #2225 ), #1688, .F. ) ;
#5166 = CARTESIAN_POINT ( 'NONE',  ( 87.09999999999998010, 0.000000000000000000, 10.00000000000000000 ) ) ;
#5167 = DIRECTION ( 'NONE',  ( -0.000000000000000000, -0.000000000000000000, -1.000000000000000000 ) ) ;
#5168 = VECTOR ( 'NONE', #4252, 1000.000000000000000 ) ;
#5169 =( LENGTH_UNIT ( ) NAMED_UNIT ( * ) SI_UNIT ( .MILLI., .METRE. ) );
#5170 = VECTOR ( 'NONE', #1254, 1000.000000000000000 ) ;
#5171 = VERTEX_POINT ( 'NONE', #2625 ) ;
#5172 = CIRCLE ( 'NONE', #4686, 15.00000000000000000 ) ;
#5173 = AXIS2_PLACEMENT_3D ( 'NONE', #1936, #2443, #1092 ) ;
#5174 = DIRECTION ( 'NONE',  ( -1.000000000000000000, 0.000000000000000000, 0.000000000000000000 ) ) ;
#5175 = VERTEX_POINT ( 'NONE', #4445 ) ;
#5176 = DIRECTION ( 'NONE',  ( 1.000000000000000000, 0.000000000000000000, 0.000000000000000000 ) ) ;
#5177 = DIRECTION ( 'NONE',  ( -0.000000000000000000, 0.000000000000000000, 1.000000000000000000 ) ) ;
#5178 = CARTESIAN_POINT ( 'NONE',  ( -79.80000000000002558, 7.600000000000000533, 10.00000000000000000 ) ) ;
#5179 = CARTESIAN_POINT ( 'NONE',  ( 58.17639918272502086, 0.000000000000000000, 0.000000000000000000 ) ) ;
#5180 = VECTOR ( 'NONE', #608, 1000.000000000000000 ) ;
#5181 = ORIENTED_EDGE ( 'NONE', *, *, #1538, .T. ) ;
#5182 = CIRCLE ( 'NONE', #3057, 15.00000000000000000 ) ;
#5183 = ORIENTED_EDGE ( 'NONE', *, *, #1994, .F. ) ;
#5184 = ADVANCED_FACE ( 'NONE', ( #1206 ), #1271, .F. ) ;
#5185 = DIRECTION ( 'NONE',  ( -0.000000000000000000, -0.000000000000000000, 1.000000000000000000 ) ) ;
#5186 = CARTESIAN_POINT ( 'NONE',  ( 67.99999999999998579, -22.41619848709568785, 0.000000000000000000 ) ) ;
#5187 = AXIS2_PLACEMENT_3D ( 'NONE', #623, #3429, #3819 ) ;
#5188 = DIRECTION ( 'NONE',  ( -1.000000000000000000, 0.000000000000000000, 0.000000000000000000 ) ) ;
#5189 = DIRECTION ( 'NONE',  ( 1.000000000000000000, 0.000000000000000000, 0.000000000000000000 ) ) ;
#5190 = AXIS2_PLACEMENT_3D ( 'NONE', #5922, #2532, #212 ) ;
#5191 = CARTESIAN_POINT ( 'NONE',  ( 72.89999999999999147, 5.600000000000000533, 0.000000000000000000 ) ) ;
#5192 = EDGE_CURVE ( 'NONE', #60, #4165, #5832, .T. ) ;
#5193 = EDGE_LOOP ( 'NONE', ( #4709, #2847, #4155, #1231 ) ) ;
#5194 = ADVANCED_FACE ( 'NONE', ( #794 ), #5377, .T. ) ;
#5195 = CIRCLE ( 'NONE', #2588, 1.750000000000001554 ) ;
#5196 = ORIENTED_EDGE ( 'NONE', *, *, #4740, .F. ) ;
#5197 = ORIENTED_EDGE ( 'NONE', *, *, #2634, .T. ) ;
#5198 = VECTOR ( 'NONE', #4173, 1000.000000000000000 ) ;
#5199 = EDGE_CURVE ( 'NONE', #5488, #3717, #2003, .T. ) ;
#5200 = CARTESIAN_POINT ( 'NONE',  ( -80.30000000000002558, 0.000000000000000000, 0.000000000000000000 ) ) ;
#5201 = CARTESIAN_POINT ( 'NONE',  ( -66.82360081727497914, 8.500000000000000000, 0.000000000000000000 ) ) ;
#5202 = FACE_OUTER_BOUND ( 'NONE', #2458, .T. ) ;
#5203 = PLANE ( 'NONE',  #5237 ) ;
#5204 = ORIENTED_EDGE ( 'NONE', *, *, #1424, .T. ) ;
#5205 = EDGE_CURVE ( 'NONE', #1168, #4675, #338, .T. ) ;
#5206 = CARTESIAN_POINT ( 'NONE',  ( 49.99999999999998579, 22.50000000000000711, 9.000000000000010658 ) ) ;
#5207 = ORIENTED_EDGE ( 'NONE', *, *, #4479, .T. ) ;
#5208 = FACE_OUTER_BOUND ( 'NONE', #231, .T. ) ;
#5209 = CARTESIAN_POINT ( 'NONE',  ( 88.09999999999998010, -5.600000000000000533, 0.000000000000000000 ) ) ;
#5210 = CARTESIAN_POINT ( 'NONE',  ( -79.80000000000002558, -7.600000000000002309, 0.000000000000000000 ) ) ;
#5211 = ORIENTED_EDGE ( 'NONE', *, *, #889, .F. ) ;
#5212 = VERTEX_POINT ( 'NONE', #3568 ) ;
#5213 = LINE ( 'NONE', #4278, #4208 ) ;
#5214 = DIRECTION ( 'NONE',  ( -0.000000000000000000, -0.000000000000000000, -1.000000000000000000 ) ) ;
#5215 = DIRECTION ( 'NONE',  ( -0.000000000000000000, -0.000000000000000000, -1.000000000000000000 ) ) ;
#5216 = LINE ( 'NONE', #2067, #2040 ) ;
#5217 = FACE_BOUND ( 'NONE', #3864, .T. ) ;
#5218 = ORIENTED_EDGE ( 'NONE', *, *, #4030, .F. ) ;
#5219 = ADVANCED_FACE ( 'NONE', ( #483 ), #1363, .F. ) ;
#5220 = ORIENTED_EDGE ( 'NONE', *, *, #3128, .F. ) ;
#5221 = DIRECTION ( 'NONE',  ( -0.000000000000000000, -0.000000000000000000, 1.000000000000000000 ) ) ;
#5222 = EDGE_LOOP ( 'NONE', ( #4397, #1487, #1592, #1658 ) ) ;
#5223 = EDGE_CURVE ( 'NONE', #2544, #4197, #537, .T. ) ;
#5224 = AXIS2_PLACEMENT_3D ( 'NONE', #5674, #4346, #2939 ) ;
#5225 = CARTESIAN_POINT ( 'NONE',  ( -94.80000000000002558, 13.99999999999999822, 0.000000000000000000 ) ) ;
#5226 = EDGE_CURVE ( 'NONE', #2394, #1746, #2872, .T. ) ;
#5227 = CARTESIAN_POINT ( 'NONE',  ( 80.00000000000001421, 15.00000000000000000, 0.000000000000000000 ) ) ;
#5228 = LINE ( 'NONE', #4421, #4477 ) ;
#5229 = ADVANCED_FACE ( 'NONE', ( #27 ), #4643, .F. ) ;
#5230 = CARTESIAN_POINT ( 'NONE',  ( 0.000000000000000000, -8.100000000000003197, 10.00000000000000000 ) ) ;
#5231 = ORIENTED_EDGE ( 'NONE', *, *, #1444, .T. ) ;
#5232 = VECTOR ( 'NONE', #2479, 1000.000000000000000 ) ;
#5233 = AXIS2_PLACEMENT_3D ( 'NONE', #2985, #4832, #4899 ) ;
#5234 = CARTESIAN_POINT ( 'NONE',  ( -81.80000000000002558, 0.000000000000000000, 10.00000000000000000 ) ) ;
#5235 = VERTEX_POINT ( 'NONE', #5043 ) ;
#5236 = LINE ( 'NONE', #2024, #2666 ) ;
#5237 = AXIS2_PLACEMENT_3D ( 'NONE', #3294, #126, #3356 ) ;
#5238 = DIRECTION ( 'NONE',  ( 0.000000000000000000, -0.000000000000000000, -1.000000000000000000 ) ) ;
#5239 = CARTESIAN_POINT ( 'NONE',  ( 72.39999999999999147, -7.599999999999998757, 0.000000000000000000 ) ) ;
#5240 = ORIENTED_EDGE ( 'NONE', *, *, #731, .T. ) ;
#5241 = CIRCLE ( 'NONE', #5142, 13.99999999999995737 ) ;
#5242 = ORIENTED_EDGE ( 'NONE', *, *, #4030, .T. ) ;
#5243 = PLANE ( 'NONE',  #2561 ) ;
#5244 = ORIENTED_EDGE ( 'NONE', *, *, #4747, .F. ) ;
#5245 = LINE ( 'NONE', #1263, #4317 ) ;
#5246 = DIRECTION ( 'NONE',  ( 0.000000000000000000, 1.000000000000000000, -0.000000000000000000 ) ) ;
#5247 = DIRECTION ( 'NONE',  ( 0.000000000000000000, -1.000000000000000000, 0.000000000000000000 ) ) ;
#5248 = LINE ( 'NONE', #1107, #1847 ) ;
#5249 = EDGE_LOOP ( 'NONE', ( #5047, #5430, #3623, #2795 ) ) ;
#5250 = ORIENTED_EDGE ( 'NONE', *, *, #4019, .F. ) ;
#5251 = DIRECTION ( 'NONE',  ( -1.000000000000000000, 0.000000000000000000, 0.000000000000000000 ) ) ;
#5252 = LINE ( 'NONE', #5736, #2622 ) ;
#5253 = AXIS2_PLACEMENT_3D ( 'NONE', #3340, #3822, #2772 ) ;
#5254 = AXIS2_PLACEMENT_3D ( 'NONE', #2328, #19, #4186 ) ;
#5255 = CARTESIAN_POINT ( 'NONE',  ( -80.30000000000002558, 5.599999999999996980, 0.000000000000000000 ) ) ;
#5256 = EDGE_CURVE ( 'NONE', #2463, #2011, #1441, .T. ) ;
#5257 = CARTESIAN_POINT ( 'NONE',  ( 58.17639918272502086, -9.500000000000001776, 10.00000000000000000 ) ) ;
#5258 = LINE ( 'NONE', #2501, #1186 ) ;
#5259 = EDGE_CURVE ( 'NONE', #5847, #3172, #4109, .T. ) ;
#5260 = EDGE_CURVE ( 'NONE', #4375, #2610, #5100, .T. ) ;
#5261 = ORIENTED_EDGE ( 'NONE', *, *, #5781, .T. ) ;
#5262 = CARTESIAN_POINT ( 'NONE',  ( 65.00000000000004263, 15.00000000000000000, 1.000000000000000888 ) ) ;
#5263 = ORIENTED_EDGE ( 'NONE', *, *, #943, .F. ) ;
#5264 = DIRECTION ( 'NONE',  ( -0.000000000000000000, -0.000000000000000000, -1.000000000000000000 ) ) ;
#5265 = DIRECTION ( 'NONE',  ( 0.000000000000000000, 0.000000000000000000, 1.000000000000000000 ) ) ;
#5266 = DIRECTION ( 'NONE',  ( 0.000000000000000000, -1.000000000000000000, 0.000000000000000000 ) ) ;
#5267 = EDGE_LOOP ( 'NONE', ( #5675, #2644, #5280, #4952 ) ) ;
#5268 = CIRCLE ( 'NONE', #5957, 1.549999999999968070 ) ;
#5269 = ORIENTED_EDGE ( 'NONE', *, *, #1758, .F. ) ;
#5270 = EDGE_LOOP ( 'NONE', ( #614, #683, #873, #5023 ) ) ;
#5271 = CARTESIAN_POINT ( 'NONE',  ( 0.000000000000000000, 8.100000000000001421, 10.00000000000000000 ) ) ;
#5272 = DIRECTION ( 'NONE',  ( 0.000000000000000000, -1.000000000000000000, 0.000000000000000000 ) ) ;
#5273 = VERTEX_POINT ( 'NONE', #1919 ) ;
#5274 = FACE_OUTER_BOUND ( 'NONE', #5249, .T. ) ;
#5275 = CIRCLE ( 'NONE', #4028, 9.000000000000014211 ) ;
#5276 = DIRECTION ( 'NONE',  ( 1.000000000000000000, 0.000000000000000000, 0.000000000000000000 ) ) ;
#5277 = DIRECTION ( 'NONE',  ( 1.000000000000000000, 0.000000000000000000, -0.000000000000000000 ) ) ;
#5278 = VECTOR ( 'NONE', #1144, 1000.000000000000000 ) ;
#5279 = AXIS2_PLACEMENT_3D ( 'NONE', #1152, #2989, #802 ) ;
#5280 = ORIENTED_EDGE ( 'NONE', *, *, #1091, .T. ) ;
#5281 = ORIENTED_EDGE ( 'NONE', *, *, #987, .F. ) ;
#5282 = CIRCLE ( 'NONE', #73, 9.000000000000007105 ) ;
#5283 = VECTOR ( 'NONE', #139, 1000.000000000000000 ) ;
#5284 = CONICAL_SURFACE ( 'NONE', #465, 14.99999999999995737, 0.7853981633974500554 ) ;
#5285 = ORIENTED_EDGE ( 'NONE', *, *, #2794, .F. ) ;
#5286 = LINE ( 'NONE', #5058, #85 ) ;
#5287 = DIRECTION ( 'NONE',  ( -1.000000000000000000, 0.000000000000000000, 0.000000000000000000 ) ) ;
#5288 = DIRECTION ( 'NONE',  ( 0.000000000000000000, 1.000000000000000000, -0.000000000000000000 ) ) ;
#5289 = AXIS2_PLACEMENT_3D ( 'NONE', #5704, #1564, #5251 ) ;
#5290 = DIRECTION ( 'NONE',  ( -0.000000000000000000, -0.000000000000000000, -1.000000000000000000 ) ) ;
#5291 = CARTESIAN_POINT ( 'NONE',  ( -9.194866269159801320, 24.50000000000000000, 10.00000000000000000 ) ) ;
#5292 = CARTESIAN_POINT ( 'NONE',  ( -79.30000000000002558, 9.600000000000001421, 10.00000000000000000 ) ) ;
#5293 = ADVANCED_FACE ( 'NONE', ( #1862 ), #2252, .F. ) ;
#5294 = ORIENTED_EDGE ( 'NONE', *, *, #5051, .T. ) ;
#5295 = DIRECTION ( 'NONE',  ( -0.000000000000000000, 0.000000000000000000, -1.000000000000000000 ) ) ;
#5296 = EDGE_CURVE ( 'NONE', #4961, #3571, #3357, .T. ) ;
#5297 = CARTESIAN_POINT ( 'NONE',  ( -76.32360081727499335, 0.000000000000000000, 0.000000000000000000 ) ) ;
#5298 = ORIENTED_EDGE ( 'NONE', *, *, #2153, .T. ) ;
#5299 = CARTESIAN_POINT ( 'NONE',  ( 88.09999999999998010, -6.132859924887913650, 10.00000000000000000 ) ) ;
#5300 = FACE_OUTER_BOUND ( 'NONE', #3673, .T. ) ;
#5301 = EDGE_CURVE ( 'NONE', #352, #323, #1811, .T. ) ;
#5302 = ORIENTED_EDGE ( 'NONE', *, *, #3592, .F. ) ;
#5303 = ORIENTED_EDGE ( 'NONE', *, *, #2408, .T. ) ;
#5304 = ORIENTED_EDGE ( 'NONE', *, *, #4515, .F. ) ;
#5305 = DIRECTION ( 'NONE',  ( 1.000000000000000000, 0.000000000000000000, 0.000000000000000000 ) ) ;
#5306 = CARTESIAN_POINT ( 'NONE',  ( 58.17639918272502086, 8.500000000000000000, 9.000000000000000000 ) ) ;
#5307 = ORIENTED_EDGE ( 'NONE', *, *, #801, .T. ) ;
#5308 = DIRECTION ( 'NONE',  ( -1.000000000000000000, 0.000000000000000000, 0.000000000000000000 ) ) ;
#5309 = DIRECTION ( 'NONE',  ( -0.000000000000000000, 0.000000000000000000, 1.000000000000000000 ) ) ;
#5310 = CARTESIAN_POINT ( 'NONE',  ( -80.30000000000002558, -9.599999999999997868, 10.00000000000000000 ) ) ;
#5311 = ORIENTED_EDGE ( 'NONE', *, *, #286, .T. ) ;
#5312 = EDGE_CURVE ( 'NONE', #812, #2610, #1236, .T. ) ;
#5313 = EDGE_LOOP ( 'NONE', ( #5897, #4873, #2058, #3611, #2863, #2704, #2662, #2356, #3978, #3344, #4525, #1963, #1303, #5032, #1447, #2859 ) ) ;
#5314 = EDGE_CURVE ( 'NONE', #1054, #4197, #2742, .T. ) ;
#5315 = ORIENTED_EDGE ( 'NONE', *, *, #4737, .T. ) ;
#5316 = VECTOR ( 'NONE', #2595, 1000.000000000000000 ) ;
#5317 = DIRECTION ( 'NONE',  ( -1.000000000000000000, 0.000000000000000000, 0.000000000000000000 ) ) ;
#5318 = FACE_OUTER_BOUND ( 'NONE', #2620, .T. ) ;
#5319 = VERTEX_POINT ( 'NONE', #1388 ) ;
#5320 = AXIS2_PLACEMENT_3D ( 'NONE', #4214, #82, #1914 ) ;
#5321 = CARTESIAN_POINT ( 'NONE',  ( -79.30000000000002558, -6.132859924887886116, 10.00000000000000000 ) ) ;
#5322 = LINE ( 'NONE', #247, #2633 ) ;
#5323 = FACE_OUTER_BOUND ( 'NONE', #3962, .T. ) ;
#5324 = PLANE ( 'NONE',  #5766 ) ;
#5325 = DIRECTION ( 'NONE',  ( 0.000000000000000000, 1.000000000000000000, 0.000000000000000000 ) ) ;
#5326 = VERTEX_POINT ( 'NONE', #3225 ) ;
#5327 = CARTESIAN_POINT ( 'NONE',  ( -66.82360081727497914, -8.500000000000000000, 1.000000000000000888 ) ) ;
#5328 = LINE ( 'NONE', #225, #5527 ) ;
#5329 = EDGE_CURVE ( 'NONE', #3633, #2344, #2282, .T. ) ;
#5330 = VERTEX_POINT ( 'NONE', #1018 ) ;
#5331 = ORIENTED_EDGE ( 'NONE', *, *, #2562, .T. ) ;
#5332 = ORIENTED_EDGE ( 'NONE', *, *, #5595, .F. ) ;
#5333 = DIRECTION ( 'NONE',  ( 0.000000000000000000, 1.000000000000000000, 0.000000000000000000 ) ) ;
#5334 = CARTESIAN_POINT ( 'NONE',  ( 71.89999999999999147, 6.132859924887911873, 0.000000000000000000 ) ) ;
#5335 = VERTEX_POINT ( 'NONE', #3659 ) ;
#5336 = CARTESIAN_POINT ( 'NONE',  ( -67.99305421544659112, -23.00000000000000000, 9.000000000000010658 ) ) ;
#5337 = DIRECTION ( 'NONE',  ( 0.000000000000000000, -1.000000000000000000, 0.000000000000000000 ) ) ;
#5338 = CARTESIAN_POINT ( 'NONE',  ( -79.30000000000002558, 5.599999999999996980, 10.00000000000000000 ) ) ;
#5339 = EDGE_CURVE ( 'NONE', #3507, #2268, #3, .T. ) ;
#5340 = CIRCLE ( 'NONE', #610, 1.750000000000001554 ) ;
#5341 = ORIENTED_EDGE ( 'NONE', *, *, #10, .T. ) ;
#5342 = VERTEX_POINT ( 'NONE', #56 ) ;
#5343 = EDGE_CURVE ( 'NONE', #3358, #4258, #5499, .T. ) ;
#5344 = VERTEX_POINT ( 'NONE', #5066 ) ;
#5345 = DIRECTION ( 'NONE',  ( -0.000000000000000000, -0.000000000000000000, -1.000000000000000000 ) ) ;
#5346 = CARTESIAN_POINT ( 'NONE',  ( -79.30000000000002558, 0.000000000000000000, 10.00000000000000000 ) ) ;
#5347 = DIRECTION ( 'NONE',  ( 1.000000000000000000, 0.000000000000000000, 0.000000000000000000 ) ) ;
#5348 = ORIENTED_EDGE ( 'NONE', *, *, #1897, .T. ) ;
#5349 = VERTEX_POINT ( 'NONE', #2769 ) ;
#5350 = DIRECTION ( 'NONE',  ( 1.000000000000000000, 0.000000000000000000, 0.000000000000000000 ) ) ;
#5351 = DIRECTION ( 'NONE',  ( -0.000000000000000000, -0.000000000000000000, -1.000000000000000000 ) ) ;
#5352 = LINE ( 'NONE', #5629, #3947 ) ;
#5353 = VECTOR ( 'NONE', #2066, 1000.000000000000000 ) ;
#5354 = EDGE_CURVE ( 'NONE', #342, #2544, #4618, .T. ) ;
#5355 = CARTESIAN_POINT ( 'NONE',  ( 86.13285992488789589, 8.100000000000003197, 10.00000000000000000 ) ) ;
#5356 = CARTESIAN_POINT ( 'NONE',  ( 70.39999999999999147, -8.100000000000003197, 10.00000000000000000 ) ) ;
#5357 = ORIENTED_EDGE ( 'NONE', *, *, #3085, .T. ) ;
#5358 = DIRECTION ( 'NONE',  ( -0.000000000000000000, -0.000000000000000000, -1.000000000000000000 ) ) ;
#5359 = CYLINDRICAL_SURFACE ( 'NONE', #5391, 1.549999999999995826 ) ;
#5360 = ORIENTED_EDGE ( 'NONE', *, *, #5418, .T. ) ;
#5361 = VERTEX_POINT ( 'NONE', #4222 ) ;
#5362 = VECTOR ( 'NONE', #3196, 1000.000000000000000 ) ;
#5363 = VERTEX_POINT ( 'NONE', #5697 ) ;
#5364 = DIRECTION ( 'NONE',  ( -1.000000000000000000, 0.000000000000000000, 0.000000000000000000 ) ) ;
#5365 = CARTESIAN_POINT ( 'NONE',  ( 80.00000000000001421, -15.00000000000000000, 0.000000000000000000 ) ) ;
#5366 = EDGE_LOOP ( 'NONE', ( #5862, #3290, #5836, #1238 ) ) ;
#5367 = CARTESIAN_POINT ( 'NONE',  ( -67.99305421544660533, 23.00000000000000000, 10.00000000000000000 ) ) ;
#5368 = LINE ( 'NONE', #4014, #5063 ) ;
#5369 = FACE_OUTER_BOUND ( 'NONE', #83, .T. ) ;
#5370 = ORIENTED_EDGE ( 'NONE', *, *, #5941, .T. ) ;
#5371 = AXIS2_PLACEMENT_3D ( 'NONE', #1838, #2281, #3710 ) ;
#5372 = EDGE_CURVE ( 'NONE', #420, #5335, #200, .T. ) ;
#5373 = AXIS2_PLACEMENT_3D ( 'NONE', #1873, #5053, #2753 ) ;
#5374 = ORIENTED_EDGE ( 'NONE', *, *, #4453, .F. ) ;
#5375 = CONICAL_SURFACE ( 'NONE', #3150, 15.00000000000000000, 0.7853981633974482790 ) ;
#5376 = CIRCLE ( 'NONE', #3823, 13.99999999999998401 ) ;
#5377 = PLANE ( 'NONE',  #4432 ) ;
#5378 = DIRECTION ( 'NONE',  ( 0.000000000000000000, -0.000000000000000000, -1.000000000000000000 ) ) ;
#5379 = CARTESIAN_POINT ( 'NONE',  ( -79.80000000000002558, 7.600000000000000533, 10.00000000000000000 ) ) ;
#5380 = EDGE_CURVE ( 'NONE', #185, #2097, #3884, .T. ) ;
#5381 = ADVANCED_FACE ( 'NONE', ( #1528 ), #4423, .T. ) ;
#5382 = VECTOR ( 'NONE', #1905, 1000.000000000000000 ) ;
#5383 = EDGE_LOOP ( 'NONE', ( #4659, #5153, #264, #2195 ) ) ;
#5384 = VECTOR ( 'NONE', #856, 1000.000000000000000 ) ;
#5385 = VECTOR ( 'NONE', #1928, 1000.000000000000000 ) ;
#5386 = ORIENTED_EDGE ( 'NONE', *, *, #511, .T. ) ;
#5387 = LINE ( 'NONE', #4483, #266 ) ;
#5388 = CARTESIAN_POINT ( 'NONE',  ( 0.000000000000000000, -32.49999999999998579, 1.000000000000000888 ) ) ;
#5389 = VECTOR ( 'NONE', #2340, 1000.000000000000000 ) ;
#5390 = EDGE_CURVE ( 'NONE', #78, #3164, #3916, .T. ) ;
#5391 = AXIS2_PLACEMENT_3D ( 'NONE', #711, #5396, #2542 ) ;
#5392 = CARTESIAN_POINT ( 'NONE',  ( -34.25318380357697379, -15.00000000000000000, 10.00000000000000000 ) ) ;
#5393 = DIRECTION ( 'NONE',  ( 0.000000000000000000, 0.7071067811865475727, 0.7071067811865475727 ) ) ;
#5394 = ORIENTED_EDGE ( 'NONE', *, *, #1891, .T. ) ;
#5395 = LINE ( 'NONE', #3212, #3609 ) ;
#5396 = DIRECTION ( 'NONE',  ( -0.000000000000000000, -0.000000000000000000, -1.000000000000000000 ) ) ;
#5397 = CIRCLE ( 'NONE', #4236, 7.999999999999992895 ) ;
#5398 = EDGE_LOOP ( 'NONE', ( #5644, #4337, #1709, #2218 ) ) ;
#5399 = ADVANCED_FACE ( 'NONE', ( #5729 ), #2398, .T. ) ;
#5400 = VERTEX_POINT ( 'NONE', #657 ) ;
#5401 = ORIENTED_EDGE ( 'NONE', *, *, #96, .F. ) ;
#5402 = LINE ( 'NONE', #815, #1980 ) ;
#5403 = DIRECTION ( 'NONE',  ( -0.000000000000000000, -0.000000000000000000, -1.000000000000000000 ) ) ;
#5404 = VERTEX_POINT ( 'NONE', #4757 ) ;
#5405 = DIRECTION ( 'NONE',  ( 1.000000000000000000, 0.000000000000000000, 0.000000000000000000 ) ) ;
#5406 = CARTESIAN_POINT ( 'NONE',  ( 94.99999999999997158, -15.00000000000000000, 0.9999999999999749090 ) ) ;
#5407 = CARTESIAN_POINT ( 'NONE',  ( 70.39999999999999147, -8.100000000000003197, 10.00000000000000000 ) ) ;
#5408 = ORIENTED_EDGE ( 'NONE', *, *, #4679, .F. ) ;
#5409 = ORIENTED_EDGE ( 'NONE', *, *, #1250, .F. ) ;
#5410 = FACE_OUTER_BOUND ( 'NONE', #3858, .T. ) ;
#5411 = PLANE ( 'NONE',  #1627 ) ;
#5412 = CARTESIAN_POINT ( 'NONE',  ( -94.80000000000002558, 15.00000000000000000, 9.000000000000010658 ) ) ;
#5413 = CARTESIAN_POINT ( 'NONE',  ( -94.80000000000002558, 0.000000000000000000, 10.00000000000000000 ) ) ;
#5414 = ADVANCED_FACE ( 'NONE', ( #5274 ), #1137, .T. ) ;
#5415 = EDGE_CURVE ( 'NONE', #2956, #5614, #2973, .T. ) ;
#5416 = ORIENTED_EDGE ( 'NONE', *, *, #401, .F. ) ;
#5417 = CIRCLE ( 'NONE', #1747, 13.99999999999998401 ) ;
#5418 = EDGE_CURVE ( 'NONE', #5651, #5790, #3003, .T. ) ;
#5419 = EDGE_LOOP ( 'NONE', ( #5901, #4078, #1123 ) ) ;
#5420 = FACE_OUTER_BOUND ( 'NONE', #3531, .T. ) ;
#5421 = EDGE_CURVE ( 'NONE', #5543, #5273, #2537, .T. ) ;
#5422 = DIRECTION ( 'NONE',  ( -0.7071067811865500152, -1.090341985197073449E-16, 0.7071067811865451302 ) ) ;
#5423 = EDGE_CURVE ( 'NONE', #2105, #1647, #1239, .T. ) ;
#5424 = DIRECTION ( 'NONE',  ( 1.000000000000000000, 0.000000000000000000, 0.000000000000000000 ) ) ;
#5425 = ORIENTED_EDGE ( 'NONE', *, *, #5873, .F. ) ;
#5426 = DIRECTION ( 'NONE',  ( 1.000000000000000000, 0.000000000000000000, 0.000000000000000000 ) ) ;
#5427 = CARTESIAN_POINT ( 'NONE',  ( 86.13285992488789589, 7.100000000000002309, 10.00000000000000000 ) ) ;
#5428 = ORIENTED_EDGE ( 'NONE', *, *, #2087, .F. ) ;
#5429 = ORIENTED_EDGE ( 'NONE', *, *, #4767, .T. ) ;
#5430 = ORIENTED_EDGE ( 'NONE', *, *, #1900, .F. ) ;
#5431 = CARTESIAN_POINT ( 'NONE',  ( 0.000000000000000000, -9.600000000000004974, 10.00000000000000000 ) ) ;
#5432 = CARTESIAN_POINT ( 'NONE',  ( 0.000000000000000000, 9.600000000000001421, 10.00000000000000000 ) ) ;
#5433 = VERTEX_POINT ( 'NONE', #4308 ) ;
#5434 = LINE ( 'NONE', #4850, #3740 ) ;
#5435 = DIRECTION ( 'NONE',  ( -0.000000000000000000, -0.000000000000000000, -1.000000000000000000 ) ) ;
#5436 = CARTESIAN_POINT ( 'NONE',  ( 58.17639918272502086, 9.500000000000001776, 0.000000000000000000 ) ) ;
#5437 = EDGE_LOOP ( 'NONE', ( #3375, #5211, #594, #1151 ) ) ;
#5438 = VECTOR ( 'NONE', #3005, 1000.000000000000000 ) ;
#5439 = VERTEX_POINT ( 'NONE', #571 ) ;
#5440 = DIRECTION ( 'NONE',  ( -1.000000000000000000, 0.000000000000000000, 0.000000000000000000 ) ) ;
#5441 = DIRECTION ( 'NONE',  ( -0.000000000000000000, 0.000000000000000000, -1.000000000000000000 ) ) ;
#5442 = DIRECTION ( 'NONE',  ( -1.000000000000000000, 0.000000000000000000, 0.000000000000000000 ) ) ;
#5443 = CARTESIAN_POINT ( 'NONE',  ( 58.99999999999997158, 9.097660896233948297E-15, 10.00000000000000000 ) ) ;
#5444 = CIRCLE ( 'NONE', #5233, 1.500000000000001332 ) ;
#5445 = CIRCLE ( 'NONE', #2820, 9.500000000000008882 ) ;
#5446 = ORIENTED_EDGE ( 'NONE', *, *, #5933, .F. ) ;
#5447 = VECTOR ( 'NONE', #5508, 1000.000000000000000 ) ;
#5448 = ORIENTED_EDGE ( 'NONE', *, *, #4509, .T. ) ;
#5449 = CARTESIAN_POINT ( 'NONE',  ( -0.000000000000000000, -31.49999999999998579, 0.000000000000000000 ) ) ;
#5450 = EDGE_CURVE ( 'NONE', #812, #2215, #3465, .T. ) ;
#5451 = DIRECTION ( 'NONE',  ( -0.000000000000000000, -0.000000000000000000, 1.000000000000000000 ) ) ;
#5452 = LINE ( 'NONE', #3610, #1329 ) ;
#5453 = VERTEX_POINT ( 'NONE', #1169 ) ;
#5454 = DIRECTION ( 'NONE',  ( 0.000000000000000000, -0.000000000000000000, 1.000000000000000000 ) ) ;
#5455 = VECTOR ( 'NONE', #48, 1000.000000000000000 ) ;
#5456 = EDGE_CURVE ( 'NONE', #1746, #2372, #4253, .T. ) ;
#5457 = VECTOR ( 'NONE', #510, 1000.000000000000000 ) ;
#5458 = EDGE_LOOP ( 'NONE', ( #5576, #4906, #1843, #5446 ) ) ;
#5459 = ADVANCED_FACE ( 'NONE', ( #5635 ), #1497, .F. ) ;
#5460 = VERTEX_POINT ( 'NONE', #4279 ) ;
#5461 = VERTEX_POINT ( 'NONE', #5669 ) ;
#5462 = CARTESIAN_POINT ( 'NONE',  ( 50.55513373084020401, 24.50000000000000000, 10.00000000000000000 ) ) ;
#5463 = DIRECTION ( 'NONE',  ( -1.000000000000000000, 0.000000000000000000, -0.000000000000000000 ) ) ;
#5464 = LINE ( 'NONE', #3620, #4901 ) ;
#5465 = DIRECTION ( 'NONE',  ( 1.000000000000000000, 0.000000000000000000, 0.000000000000000000 ) ) ;
#5466 = DIRECTION ( 'NONE',  ( -0.000000000000000000, -0.000000000000000000, -1.000000000000000000 ) ) ;
#5467 = ORIENTED_EDGE ( 'NONE', *, *, #3489, .F. ) ;
#5468 = ORIENTED_EDGE ( 'NONE', *, *, #2958, .F. ) ;
#5469 = CARTESIAN_POINT ( 'NONE',  ( 80.00000000000001421, -15.00000000000000000, 10.00000000000000000 ) ) ;
#5470 = CARTESIAN_POINT ( 'NONE',  ( 94.99999999999998579, 0.000000000000000000, 0.9999999999999749090 ) ) ;
#5471 = DIRECTION ( 'NONE',  ( 0.000000000000000000, 1.000000000000000000, -0.000000000000000000 ) ) ;
#5472 = LINE ( 'NONE', #4924, #5737 ) ;
#5473 = VECTOR ( 'NONE', #1196, 1000.000000000000000 ) ;
#5474 = VERTEX_POINT ( 'NONE', #1102 ) ;
#5475 = VECTOR ( 'NONE', #3165, 1000.000000000000000 ) ;
#5476 = ORIENTED_EDGE ( 'NONE', *, *, #2589, .T. ) ;
#5477 = CARTESIAN_POINT ( 'NONE',  ( 87.59999999999998010, 7.600000000000002309, 0.000000000000000000 ) ) ;
#5478 = AXIS2_PLACEMENT_3D ( 'NONE', #246, #1278, #733 ) ;
#5479 = AXIS2_PLACEMENT_3D ( 'NONE', #3721, #1789, #1346 ) ;
#5481 = DIRECTION ( 'NONE',  ( 1.000000000000000000, 0.000000000000000000, 0.000000000000000000 ) ) ;
#5480 = AXIS2_PLACEMENT_3D ( 'NONE', #1882, #2273, #80 ) ;
#5482 = DIRECTION ( 'NONE',  ( -0.000000000000000000, 0.000000000000000000, 1.000000000000000000 ) ) ;
#5483 = ORIENTED_EDGE ( 'NONE', *, *, #4350, .F. ) ;
#5484 = CARTESIAN_POINT ( 'NONE',  ( 0.000000000000000000, -7.099999999999995204, 10.00000000000000000 ) ) ;
#5485 = EDGE_CURVE ( 'NONE', #5696, #1159, #3367, .T. ) ;
#5486 = ORIENTED_EDGE ( 'NONE', *, *, #5706, .T. ) ;
#5487 = EDGE_CURVE ( 'NONE', #3010, #5361, #4517, .T. ) ;
#5488 = VERTEX_POINT ( 'NONE', #3395 ) ;
#5489 = EDGE_CURVE ( 'NONE', #5794, #4026, #5245, .T. ) ;
#5490 = DIRECTION ( 'NONE',  ( 1.000000000000000000, 1.678764654171138165E-15, 0.000000000000000000 ) ) ;
#5491 = DIRECTION ( 'NONE',  ( 1.000000000000000000, 0.000000000000000000, 0.000000000000000000 ) ) ;
#5492 = DIRECTION ( 'NONE',  ( 1.000000000000000000, -7.709882115452480139E-16, 0.000000000000000000 ) ) ;
#5493 = LINE ( 'NONE', #904, #5544 ) ;
#5494 = DIRECTION ( 'NONE',  ( -1.000000000000000000, 0.000000000000000000, 0.000000000000000000 ) ) ;
#5495 = VECTOR ( 'NONE', #1901, 1000.000000000000000 ) ;
#5496 = VERTEX_POINT ( 'NONE', #330 ) ;
#5497 = ORIENTED_EDGE ( 'NONE', *, *, #4779, .F. ) ;
#5498 = CARTESIAN_POINT ( 'NONE',  ( 85.59999999999998010, -8.100000000000003197, 10.00000000000000000 ) ) ;
#5499 = LINE ( 'NONE', #4700, #1817 ) ;
#5500 = DIRECTION ( 'NONE',  ( 0.000000000000000000, 0.000000000000000000, 1.000000000000000000 ) ) ;
#5501 = CARTESIAN_POINT ( 'NONE',  ( 93.99999999999997158, -14.99999999999999822, 10.00000000000000000 ) ) ;
#5502 = ADVANCED_FACE ( 'NONE', ( #3103 ), #2219, .T. ) ;
#5503 = ORIENTED_EDGE ( 'NONE', *, *, #3372, .F. ) ;
#5504 = ORIENTED_EDGE ( 'NONE', *, *, #2257, .T. ) ;
#5505 = CARTESIAN_POINT ( 'NONE',  ( -49.99999999999994316, -32.49999999999998579, 9.000000000000026645 ) ) ;
#5506 = CYLINDRICAL_SURFACE ( 'NONE', #1990, 1.549999999999968070 ) ;
#5507 = DIRECTION ( 'NONE',  ( 0.000000000000000000, -1.000000000000000000, 0.000000000000000000 ) ) ;
#5508 = DIRECTION ( 'NONE',  ( -0.000000000000000000, -0.000000000000000000, -1.000000000000000000 ) ) ;
#5509 = VERTEX_POINT ( 'NONE', #4075 ) ;
#5510 = ORIENTED_EDGE ( 'NONE', *, *, #3019, .F. ) ;
#5511 = CARTESIAN_POINT ( 'NONE',  ( -80.30000000000002558, 0.000000000000000000, 10.00000000000000000 ) ) ;
#5512 = CARTESIAN_POINT ( 'NONE',  ( 0.000000000000000000, 13.99999999999999822, 0.000000000000000000 ) ) ;
#5513 = DIRECTION ( 'NONE',  ( 1.000000000000000000, 0.000000000000000000, 0.000000000000000000 ) ) ;
#5514 = DIRECTION ( 'NONE',  ( 0.000000000000000000, -0.7071067811865383579, -0.7071067811865566766 ) ) ;
#5515 = LINE ( 'NONE', #2792, #5605 ) ;
#5516 = AXIS2_PLACEMENT_3D ( 'NONE', #309, #698, #3012 ) ;
#5517 = ORIENTED_EDGE ( 'NONE', *, *, #3409, .T. ) ;
#5518 = ORIENTED_EDGE ( 'NONE', *, *, #4324, .F. ) ;
#5519 = EDGE_CURVE ( 'NONE', #5768, #5643, #5464, .T. ) ;
#5520 = PLANE ( 'NONE',  #5074 ) ;
#5521 = CARTESIAN_POINT ( 'NONE',  ( 94.99999999999998579, 0.000000000000000000, 0.000000000000000000 ) ) ;
#5522 = DIRECTION ( 'NONE',  ( -1.000000000000000000, 0.000000000000000000, 0.000000000000000000 ) ) ;
#5523 = FACE_OUTER_BOUND ( 'NONE', #1606, .T. ) ;
#5524 = ADVANCED_FACE ( 'NONE', ( #3525 ), #1199, .T. ) ;
#5525 = VERTEX_POINT ( 'NONE', #389 ) ;
#5526 = EDGE_CURVE ( 'NONE', #4035, #5614, #2094, .T. ) ;
#5527 = VECTOR ( 'NONE', #3909, 1000.000000000000000 ) ;
#5528 = ORIENTED_EDGE ( 'NONE', *, *, #194, .F. ) ;
#5529 =( GEOMETRIC_REPRESENTATION_CONTEXT ( 3 ) GLOBAL_UNCERTAINTY_ASSIGNED_CONTEXT ( ( #42 ) ) GLOBAL_UNIT_ASSIGNED_CONTEXT ( ( #5169, #3839, #584 ) ) REPRESENTATION_CONTEXT ( 'NONE', 'WORKASPACE' ) );
#5530 = DIRECTION ( 'NONE',  ( 0.000000000000000000, -0.7071067811865474617, 0.7071067811865474617 ) ) ;
#5531 = AXIS2_PLACEMENT_3D ( 'NONE', #552, #5618, #4240 ) ;
#5532 = CARTESIAN_POINT ( 'NONE',  ( -80.30000000000002558, 0.000000000000000000, 10.00000000000000000 ) ) ;
#5533 = DIRECTION ( 'NONE',  ( 0.000000000000000000, 0.000000000000000000, 1.000000000000000000 ) ) ;
#5534 = PLANE ( 'NONE',  #4374 ) ;
#5535 = ORIENTED_EDGE ( 'NONE', *, *, #3390, .F. ) ;
#5536 = EDGE_CURVE ( 'NONE', #3528, #3358, #5670, .T. ) ;
#5537 = VERTEX_POINT ( 'NONE', #5855 ) ;
#5538 = CARTESIAN_POINT ( 'NONE',  ( 0.000000000000000000, 5.600000000000002309, 10.00000000000000000 ) ) ;
#5539 = DIRECTION ( 'NONE',  ( -0.000000000000000000, -0.000000000000000000, -1.000000000000000000 ) ) ;
#5540 = CARTESIAN_POINT ( 'NONE',  ( -0.000000000000000000, 5.599999999999996980, 0.000000000000000000 ) ) ;
#5541 = CARTESIAN_POINT ( 'NONE',  ( 87.09999999999998010, 0.000000000000000000, 10.00000000000000000 ) ) ;
#5542 = DIRECTION ( 'NONE',  ( -0.000000000000000000, -0.000000000000000000, -1.000000000000000000 ) ) ;
#5543 = VERTEX_POINT ( 'NONE', #720 ) ;
#5544 = VECTOR ( 'NONE', #985, 1000.000000000000000 ) ;
#5545 = EDGE_LOOP ( 'NONE', ( #2332, #3663, #3067, #2255 ) ) ;
#5546 = DIRECTION ( 'NONE',  ( -0.000000000000000000, -0.000000000000000000, -1.000000000000000000 ) ) ;
#5547 = DIRECTION ( 'NONE',  ( -0.7071067811865493491, 8.659560562354955045E-17, 0.7071067811865456854 ) ) ;
#5548 = CARTESIAN_POINT ( 'NONE',  ( 70.93285992488790725, 8.100000000000001421, 10.00000000000000000 ) ) ;
#5549 = DIRECTION ( 'NONE',  ( 0.000000000000000000, -0.000000000000000000, 1.000000000000000000 ) ) ;
#5550 = VERTEX_POINT ( 'NONE', #3589 ) ;
#5551 = EDGE_CURVE ( 'NONE', #988, #5175, #4223, .T. ) ;
#5552 = EDGE_CURVE ( 'NONE', #5525, #2039, #5434, .T. ) ;
#5553 = ORIENTED_EDGE ( 'NONE', *, *, #2891, .T. ) ;
#5554 = ADVANCED_FACE ( 'NONE', ( #2550 ), #4402, .T. ) ;
#5555 = CARTESIAN_POINT ( 'NONE',  ( -81.80000000000002558, -8.099999999999996092, 0.000000000000000000 ) ) ;
#5556 = CONICAL_SURFACE ( 'NONE', #65, 9.999999999999994671, 0.7853981633974604915 ) ;
#5557 = AXIS2_PLACEMENT_3D ( 'NONE', #2606, #5879, #4837 ) ;
#5558 = PLANE ( 'NONE',  #5673 ) ;
#5559 = CARTESIAN_POINT ( 'NONE',  ( 89.59999999999998010, 0.000000000000000000, 10.00000000000000000 ) ) ;
#5560 = DIRECTION ( 'NONE',  ( 0.000000000000000000, 1.000000000000000000, 0.000000000000000000 ) ) ;
#5561 = CIRCLE ( 'NONE', #370, 1.549999999999995826 ) ;
#5562 = ADVANCED_FACE ( 'NONE', ( #4044 ), #3955, .F. ) ;
#5563 = CARTESIAN_POINT ( 'NONE',  ( 88.09999999999998010, 0.000000000000000000, 10.00000000000000000 ) ) ;
#5564 = VECTOR ( 'NONE', #5773, 1000.000000000000114 ) ;
#5565 = AXIS2_PLACEMENT_3D ( 'NONE', #5336, #1651, #1325 ) ;
#5566 = ORIENTED_EDGE ( 'NONE', *, *, #1279, .F. ) ;
#5567 = CIRCLE ( 'NONE', #2953, 1.500000000000001332 ) ;
#5568 = DIRECTION ( 'NONE',  ( -0.000000000000000000, 0.000000000000000000, -1.000000000000000000 ) ) ;
#5569 = VERTEX_POINT ( 'NONE', #3033 ) ;
#5570 = CARTESIAN_POINT ( 'NONE',  ( 0.000000000000000000, -9.500000000000001776, 0.000000000000000000 ) ) ;
#5571 = LINE ( 'NONE', #2760, #5085 ) ;
#5572 = FACE_OUTER_BOUND ( 'NONE', #2556, .T. ) ;
#5573 = DIRECTION ( 'NONE',  ( 1.000000000000000000, 0.000000000000000000, 0.000000000000000000 ) ) ;
#5574 = AXIS2_PLACEMENT_3D ( 'NONE', #1063, #4247, #1095 ) ;
#5575 = EDGE_CURVE ( 'NONE', #4529, #957, #1743, .T. ) ;
#5576 = ORIENTED_EDGE ( 'NONE', *, *, #4057, .T. ) ;
#5577 = VECTOR ( 'NONE', #5147, 1000.000000000000114 ) ;
#5578 = VECTOR ( 'NONE', #702, 1000.000000000000000 ) ;
#5579 = ORIENTED_EDGE ( 'NONE', *, *, #4594, .F. ) ;
#5580 = DIRECTION ( 'NONE',  ( -0.000000000000000000, -0.000000000000000000, -1.000000000000000000 ) ) ;
#5581 = CARTESIAN_POINT ( 'NONE',  ( -66.82360081727497914, -8.500000000000000000, 0.000000000000000000 ) ) ;
#5582 = DIRECTION ( 'NONE',  ( 1.000000000000000000, 0.000000000000000000, 0.000000000000000000 ) ) ;
#5583 = LINE ( 'NONE', #2885, #1310 ) ;
#5584 = CARTESIAN_POINT ( 'NONE',  ( -79.30000000000002558, 0.000000000000000000, 0.000000000000000000 ) ) ;
#5585 = ORIENTED_EDGE ( 'NONE', *, *, #211, .T. ) ;
#5586 = ORIENTED_EDGE ( 'NONE', *, *, #3838, .F. ) ;
#5587 = VERTEX_POINT ( 'NONE', #1232 ) ;
#5588 = EDGE_CURVE ( 'NONE', #5550, #676, #2585, .T. ) ;
#5589 = CARTESIAN_POINT ( 'NONE',  ( -80.30000000000002558, 6.132859924887882563, 0.000000000000000000 ) ) ;
#5590 = LINE ( 'NONE', #5200, #3066 ) ;
#5591 = EDGE_CURVE ( 'NONE', #2979, #3164, #4439, .T. ) ;
#5592 = DIRECTION ( 'NONE',  ( -1.541976423090500317E-16, 1.000000000000000000, -0.000000000000000000 ) ) ;
#5593 = CARTESIAN_POINT ( 'NONE',  ( -81.80000000000002558, 0.000000000000000000, 10.00000000000000000 ) ) ;
#5594 = DIRECTION ( 'NONE',  ( -0.000000000000000000, -0.000000000000000000, -1.000000000000000000 ) ) ;
#5595 = EDGE_CURVE ( 'NONE', #2831, #4398, #2952, .T. ) ;
#5596 = ORIENTED_EDGE ( 'NONE', *, *, #162, .T. ) ;
#5597 = VECTOR ( 'NONE', #3597, 1000.000000000000000 ) ;
#5598 = CARTESIAN_POINT ( 'NONE',  ( 73.86714007511207569, -8.100000000000003197, 0.000000000000000000 ) ) ;
#5599 = VERTEX_POINT ( 'NONE', #847 ) ;
#5600 = FACE_OUTER_BOUND ( 'NONE', #365, .T. ) ;
#5601 = DIRECTION ( 'NONE',  ( 0.000000000000000000, -0.7071067811865567876, 0.7071067811865383579 ) ) ;
#5602 = DIRECTION ( 'NONE',  ( 0.000000000000000000, 1.000000000000000000, 0.000000000000000000 ) ) ;
#5603 = FACE_OUTER_BOUND ( 'NONE', #3274, .T. ) ;
#5604 = EDGE_LOOP ( 'NONE', ( #1791, #3287, #3756, #2495 ) ) ;
#5605 = VECTOR ( 'NONE', #3221, 1000.000000000000000 ) ;
#5606 = VERTEX_POINT ( 'NONE', #5825 ) ;
#5607 = PLANE ( 'NONE',  #2270 ) ;
#5608 = DIRECTION ( 'NONE',  ( 1.000000000000000000, 0.000000000000000000, 0.000000000000000000 ) ) ;
#5609 = DIRECTION ( 'NONE',  ( 1.541976423090500317E-16, -1.000000000000000000, 0.000000000000000000 ) ) ;
#5610 = CARTESIAN_POINT ( 'NONE',  ( 86.13285992488789589, -7.100000000000002309, 10.00000000000000000 ) ) ;
#5611 = CARTESIAN_POINT ( 'NONE',  ( 0.000000000000000000, 7.099999999999993427, 10.00000000000000000 ) ) ;
#5612 = EDGE_LOOP ( 'NONE', ( #5125, #356, #304, #5476 ) ) ;
#5613 = EDGE_CURVE ( 'NONE', #2724, #3172, #1679, .T. ) ;
#5614 = VERTEX_POINT ( 'NONE', #4916 ) ;
#5615 = ORIENTED_EDGE ( 'NONE', *, *, #1958, .T. ) ;
#5616 = DIRECTION ( 'NONE',  ( -0.000000000000000000, -0.000000000000000000, 1.000000000000000000 ) ) ;
#5617 = DIRECTION ( 'NONE',  ( -0.000000000000000000, -0.000000000000000000, -1.000000000000000000 ) ) ;
#5618 = DIRECTION ( 'NONE',  ( 0.000000000000000000, 1.000000000000000000, 0.000000000000000000 ) ) ;
#5619 = CIRCLE ( 'NONE', #5139, 1.750000000000001554 ) ;
#5620 = DIRECTION ( 'NONE',  ( -1.541976423090500317E-16, 1.000000000000000000, -0.000000000000000000 ) ) ;
#5621 = EDGE_CURVE ( 'NONE', #1593, #5748, #2616, .T. ) ;
#5622 = AXIS2_PLACEMENT_3D ( 'NONE', #1374, #3581, #5454 ) ;
#5623 = ORIENTED_EDGE ( 'NONE', *, *, #2611, .T. ) ;
#5624 = ADVANCED_FACE ( 'NONE', ( #5008 ), #74, .F. ) ;
#5625 = DIRECTION ( 'NONE',  ( -1.000000000000000000, 0.000000000000000000, 0.000000000000000000 ) ) ;
#5626 = ORIENTED_EDGE ( 'NONE', *, *, #2440, .F. ) ;
#5627 = LINE ( 'NONE', #3300, #2567 ) ;
#5628 = CARTESIAN_POINT ( 'NONE',  ( 89.59999999999998010, 7.100000000000002309, 10.00000000000000000 ) ) ;
#5629 = CARTESIAN_POINT ( 'NONE',  ( 88.09999999999998010, -5.600000000000000533, 10.00000000000000000 ) ) ;
#5630 = DIRECTION ( 'NONE',  ( 0.000000000000000000, 0.000000000000000000, 1.000000000000000000 ) ) ;
#5631 = EDGE_CURVE ( 'NONE', #6, #179, #2815, .T. ) ;
#5632 = ORIENTED_EDGE ( 'NONE', *, *, #1483, .F. ) ;
#5633 = EDGE_LOOP ( 'NONE', ( #3849, #3068, #1518, #3007 ) ) ;
#5634 = CARTESIAN_POINT ( 'NONE',  ( 0.000000000000000000, 7.100000000000002309, 10.00000000000000000 ) ) ;
#5635 = FACE_OUTER_BOUND ( 'NONE', #3433, .T. ) ;
#5636 = DIRECTION ( 'NONE',  ( -0.7071067811865493491, 8.659560562354955045E-17, 0.7071067811865456854 ) ) ;
#5637 = CARTESIAN_POINT ( 'NONE',  ( 0.000000000000000000, 7.100000000000000533, 0.000000000000000000 ) ) ;
#5638 = VECTOR ( 'NONE', #1200, 1000.000000000000000 ) ;
#5639 = PLANE ( 'NONE',  #315 ) ;
#5640 = EDGE_CURVE ( 'NONE', #772, #4188, #5571, .T. ) ;
#5641 = ORIENTED_EDGE ( 'NONE', *, *, #579, .T. ) ;
#5642 = ADVANCED_FACE ( 'NONE', ( #3219 ), #3256, .T. ) ;
#5643 = VERTEX_POINT ( 'NONE', #1833 ) ;
#5644 = ORIENTED_EDGE ( 'NONE', *, *, #2794, .T. ) ;
#5645 = AXIS2_PLACEMENT_3D ( 'NONE', #3622, #4046, #5890 ) ;
#5646 = FACE_OUTER_BOUND ( 'NONE', #3383, .T. ) ;
#5647 = DIRECTION ( 'NONE',  ( 1.000000000000000000, 0.000000000000000000, -0.000000000000000000 ) ) ;
#5648 = DIRECTION ( 'NONE',  ( 0.000000000000000000, 1.000000000000000000, -0.000000000000000000 ) ) ;
#5649 = CONICAL_SURFACE ( 'NONE', #2076, 13.99999999999998401, 0.7853981633974509435 ) ;
#5650 = AXIS2_PLACEMENT_3D ( 'NONE', #3268, #1086, #1453 ) ;
#5651 = VERTEX_POINT ( 'NONE', #961 ) ;
#5652 = VECTOR ( 'NONE', #5089, 1000.000000000000000 ) ;
#5653 = CIRCLE ( 'NONE', #2568, 1.549999999999968070 ) ;
#5654 = EDGE_CURVE ( 'NONE', #310, #5453, #1854, .T. ) ;
#5655 = CYLINDRICAL_SURFACE ( 'NONE', #3158, 1.549999999999995826 ) ;
#5656 = ORIENTED_EDGE ( 'NONE', *, *, #63, .T. ) ;
#5657 = DIRECTION ( 'NONE',  ( -1.000000000000000000, 0.000000000000000000, 0.000000000000000000 ) ) ;
#5658 = LINE ( 'NONE', #5628, #378 ) ;
#5659 = LINE ( 'NONE', #3446, #3457 ) ;
#5660 = CARTESIAN_POINT ( 'NONE',  ( 0.000000000000000000, -8.100000000000003197, 10.00000000000000000 ) ) ;
#5661 = EDGE_CURVE ( 'NONE', #2142, #5927, #2302, .T. ) ;
#5662 = AXIS2_PLACEMENT_3D ( 'NONE', #4202, #2837, #124 ) ;
#5663 = VERTEX_POINT ( 'NONE', #2710 ) ;
#5664 = VECTOR ( 'NONE', #2851, 1000.000000000000000 ) ;
#5665 = VECTOR ( 'NONE', #37, 1000.000000000000000 ) ;
#5666 = EDGE_CURVE ( 'NONE', #4360, #1165, #4611, .T. ) ;
#5667 = ORIENTED_EDGE ( 'NONE', *, *, #3332, .F. ) ;
#5668 = LINE ( 'NONE', #113, #1321 ) ;
#5669 = CARTESIAN_POINT ( 'NONE',  ( -81.80000000000002558, 8.099999999999996092, 10.00000000000000000 ) ) ;
#5670 = CIRCLE ( 'NONE', #5565, 8.000000000000000000 ) ;
#5671 = DIRECTION ( 'NONE',  ( -0.000000000000000000, -0.000000000000000000, -1.000000000000000000 ) ) ;
#5672 = DIRECTION ( 'NONE',  ( -0.000000000000000000, 0.000000000000000000, 1.000000000000000000 ) ) ;
#5673 = AXIS2_PLACEMENT_3D ( 'NONE', #1056, #1425, #5109 ) ;
#5674 = CARTESIAN_POINT ( 'NONE',  ( 0.000000000000000000, 0.000000000000000000, 10.00000000000000000 ) ) ;
#5675 = ORIENTED_EDGE ( 'NONE', *, *, #2954, .F. ) ;
#5676 = EDGE_CURVE ( 'NONE', #3848, #2873, #501, .T. ) ;
#5677 = ORIENTED_EDGE ( 'NONE', *, *, #1598, .F. ) ;
#5678 = EDGE_CURVE ( 'NONE', #3557, #1283, #5059, .T. ) ;
#5679 = LINE ( 'NONE', #2041, #3159 ) ;
#5680 = ORIENTED_EDGE ( 'NONE', *, *, #286, .F. ) ;
#5681 = CIRCLE ( 'NONE', #4909, 9.000000000000001776 ) ;
#5682 = LINE ( 'NONE', #4238, #4902 ) ;
#5683 = CYLINDRICAL_SURFACE ( 'NONE', #947, 1.549999999999968070 ) ;
#5684 = CARTESIAN_POINT ( 'NONE',  ( -50.00000000000001421, -22.49999999999998934, 1.000000000000000888 ) ) ;
#5685 = LINE ( 'NONE', #5230, #2046 ) ;
#5686 = VERTEX_POINT ( 'NONE', #5090 ) ;
#5687 = DIRECTION ( 'NONE',  ( 0.000000000000000000, 0.000000000000000000, -1.000000000000000000 ) ) ;
#5688 = ORIENTED_EDGE ( 'NONE', *, *, #3572, .F. ) ;
#5689 = FACE_OUTER_BOUND ( 'NONE', #628, .T. ) ;
#5690 = CARTESIAN_POINT ( 'NONE',  ( 70.93285992488790725, -7.100000000000002309, 10.00000000000000000 ) ) ;
#5691 = CARTESIAN_POINT ( 'NONE',  ( 58.17639918272502086, -9.500000000000001776, 0.000000000000000000 ) ) ;
#5692 = VERTEX_POINT ( 'NONE', #4101 ) ;
#5693 = VECTOR ( 'NONE', #5895, 1000.000000000000000 ) ;
#5694 = ORIENTED_EDGE ( 'NONE', *, *, #2849, .F. ) ;
#5695 = CARTESIAN_POINT ( 'NONE',  ( 67.99999999999998579, -22.41619848709568785, 10.00000000000000000 ) ) ;
#5696 = VERTEX_POINT ( 'NONE', #4581 ) ;
#5697 = CARTESIAN_POINT ( 'NONE',  ( 86.13285992488789589, -7.100000000000002309, 0.000000000000000000 ) ) ;
#5698 = CARTESIAN_POINT ( 'NONE',  ( 87.59999999999998010, 7.600000000000002309, 0.000000000000000000 ) ) ;
#5699 = CARTESIAN_POINT ( 'NONE',  ( -94.80000000000002558, -13.99999999999999822, 0.000000000000000000 ) ) ;
#5700 = DIRECTION ( 'NONE',  ( -0.000000000000000000, -0.000000000000000000, -1.000000000000000000 ) ) ;
#5701 = VERTEX_POINT ( 'NONE', #4133 ) ;
#5702 = EDGE_CURVE ( 'NONE', #4275, #3817, #3194, .T. ) ;
#5703 = ORIENTED_EDGE ( 'NONE', *, *, #1643, .F. ) ;
#5704 = CARTESIAN_POINT ( 'NONE',  ( 50.55513373084020401, 24.50000000000000000, 10.00000000000000000 ) ) ;
#5705 = DIRECTION ( 'NONE',  ( 1.000000000000000000, 0.000000000000000000, 0.000000000000000000 ) ) ;
#5706 = EDGE_CURVE ( 'NONE', #4336, #5847, #3170, .T. ) ;
#5707 = EDGE_CURVE ( 'NONE', #4331, #4733, #4160, .T. ) ;
#5708 = CARTESIAN_POINT ( 'NONE',  ( -78.33285992488791294, 8.099999999999997868, 10.00000000000000000 ) ) ;
#5709 = CARTESIAN_POINT ( 'NONE',  ( -78.33285992488791294, -8.099999999999996092, 0.000000000000000000 ) ) ;
#5710 = CARTESIAN_POINT ( 'NONE',  ( 59.99999999999999289, 9.251858538543000621E-15, 10.00000000000000000 ) ) ;
#5711 = AXIS2_PLACEMENT_3D ( 'NONE', #3958, #3035, #690 ) ;
#5712 = ORIENTED_EDGE ( 'NONE', *, *, #1893, .F. ) ;
#5713 = AXIS2_PLACEMENT_3D ( 'NONE', #4274, #2963, #134 ) ;
#5714 = VECTOR ( 'NONE', #5167, 1000.000000000000000 ) ;
#5715 = CARTESIAN_POINT ( 'NONE',  ( 70.93285992488790725, 7.100000000000000533, 0.000000000000000000 ) ) ;
#5716 = EDGE_LOOP ( 'NONE', ( #5285, #696 ) ) ;
#5717 = CARTESIAN_POINT ( 'NONE',  ( -77.80000000000002558, 7.099999999999993427, 10.00000000000000000 ) ) ;
#5718 = AXIS2_PLACEMENT_3D ( 'NONE', #1543, #3381, #1089 ) ;
#5719 = DIRECTION ( 'NONE',  ( -0.000000000000000000, -0.000000000000000000, -1.000000000000000000 ) ) ;
#5720 = DIRECTION ( 'NONE',  ( 1.000000000000000000, 0.000000000000000000, 0.000000000000000000 ) ) ;
#5721 = EDGE_LOOP ( 'NONE', ( #4364, #3593, #5483, #4559 ) ) ;
#5722 = VECTOR ( 'NONE', #4715, 1000.000000000000000 ) ;
#5723 = ADVANCED_FACE ( 'NONE', ( #903 ), #4661, .T. ) ;
#5724 = ORIENTED_EDGE ( 'NONE', *, *, #5456, .F. ) ;
#5725 = ORIENTED_EDGE ( 'NONE', *, *, #4897, .F. ) ;
#5726 = CARTESIAN_POINT ( 'NONE',  ( 94.31220805098152482, 14.31220805098154614, 9.676205066172588687 ) ) ;
#5727 = LINE ( 'NONE', #4466, #425 ) ;
#5728 = EDGE_LOOP ( 'NONE', ( #5370, #641, #1678, #130 ) ) ;
#5729 = FACE_OUTER_BOUND ( 'NONE', #5366, .T. ) ;
#5730 = PLANE ( 'NONE',  #3198 ) ;
#5731 = LINE ( 'NONE', #5797, #5438 ) ;
#5732 = ORIENTED_EDGE ( 'NONE', *, *, #3229, .F. ) ;
#5733 = ORIENTED_EDGE ( 'NONE', *, *, #738, .F. ) ;
#5734 = ORIENTED_EDGE ( 'NONE', *, *, #3295, .T. ) ;
#5735 = FACE_OUTER_BOUND ( 'NONE', #1587, .T. ) ;
#5736 = CARTESIAN_POINT ( 'NONE',  ( 0.000000000000000000, 8.100000000000001421, 0.000000000000000000 ) ) ;
#5737 = VECTOR ( 'NONE', #4111, 1000.000000000000000 ) ;
#5738 = EDGE_CURVE ( 'NONE', #5794, #1969, #3703, .T. ) ;
#5739 = EDGE_CURVE ( 'NONE', #1283, #2830, #3730, .T. ) ;
#5740 = EDGE_CURVE ( 'NONE', #3680, #2433, #5120, .T. ) ;
#5741 = DIRECTION ( 'NONE',  ( -0.000000000000000000, -0.000000000000000000, -1.000000000000000000 ) ) ;
#5742 = CARTESIAN_POINT ( 'NONE',  ( 89.06714007511207853, 7.100000000000002309, 0.000000000000000000 ) ) ;
#5743 = CARTESIAN_POINT ( 'NONE',  ( 66.00000000000005684, -15.00000000000000000, 10.00000000000000000 ) ) ;
#5744 = ORIENTED_EDGE ( 'NONE', *, *, #3238, .T. ) ;
#5745 = DIRECTION ( 'NONE',  ( 1.000000000000000000, 0.000000000000000000, 0.000000000000000000 ) ) ;
#5746 = ADVANCED_FACE ( 'NONE', ( #984 ), #4038, .T. ) ;
#5747 = PLANE ( 'NONE',  #364 ) ;
#5748 = VERTEX_POINT ( 'NONE', #4751 ) ;
#5749 = CIRCLE ( 'NONE', #940, 1.750000000000001554 ) ;
#5750 = CARTESIAN_POINT ( 'NONE',  ( 94.99999999999997158, -15.00000000000000000, 10.00000000000000000 ) ) ;
#5751 = DIRECTION ( 'NONE',  ( 1.000000000000000000, 0.000000000000000000, 0.000000000000000000 ) ) ;
#5752 = EDGE_LOOP ( 'NONE', ( #2354, #1878, #3990, #3389 ) ) ;
#5753 = AXIS2_PLACEMENT_3D ( 'NONE', #2189, #3218, #4610 ) ;
#5754 = CIRCLE ( 'NONE', #549, 1.750000000000001554 ) ;
#5755 = EDGE_LOOP ( 'NONE', ( #5596, #1937, #1952, #4058, #1704, #3594, #5880, #3516, #3877, #4912, #4706, #2875, #2032, #1880, #5070, #5062 ) ) ;
#5756 = ORIENTED_EDGE ( 'NONE', *, *, #2269, .F. ) ;
#5757 = LINE ( 'NONE', #5634, #4781 ) ;
#5758 = CARTESIAN_POINT ( 'NONE',  ( 72.39999999999999147, 7.600000000000000533, 0.000000000000000000 ) ) ;
#5759 = ORIENTED_EDGE ( 'NONE', *, *, #1091, .F. ) ;
#5760 = DIRECTION ( 'NONE',  ( 0.000000000000000000, -1.000000000000000000, 0.000000000000000000 ) ) ;
#5761 = VECTOR ( 'NONE', #2177, 1000.000000000000000 ) ;
#5762 = CARTESIAN_POINT ( 'NONE',  ( -94.80000000000002558, -15.00000000000000000, 1.000000000000000888 ) ) ;
#5763 = DIRECTION ( 'NONE',  ( -0.000000000000000000, 0.000000000000000000, 1.000000000000000000 ) ) ;
#5764 = EDGE_CURVE ( 'NONE', #1203, #4322, #2197, .T. ) ;
#5765 = AXIS2_PLACEMENT_3D ( 'NONE', #145, #2944, #5317 ) ;
#5766 = AXIS2_PLACEMENT_3D ( 'NONE', #4390, #739, #5295 ) ;
#5767 = ORIENTED_EDGE ( 'NONE', *, *, #3813, .T. ) ;
#5768 = VERTEX_POINT ( 'NONE', #3301 ) ;
#5769 = VECTOR ( 'NONE', #1435, 1000.000000000000000 ) ;
#5770 = VECTOR ( 'NONE', #2892, 1000.000000000000000 ) ;
#5771 = ORIENTED_EDGE ( 'NONE', *, *, #1290, .T. ) ;
#5772 = CARTESIAN_POINT ( 'NONE',  ( 58.17639918272502086, -8.500000000000000000, 9.000000000000000000 ) ) ;
#5773 = DIRECTION ( 'NONE',  ( 0.000000000000000000, 0.7071067811865474617, -0.7071067811865474617 ) ) ;
#5774 = EDGE_CURVE ( 'NONE', #2069, #5488, #3261, .T. ) ;
#5775 = DIRECTION ( 'NONE',  ( -0.000000000000000000, -0.000000000000000000, -1.000000000000000000 ) ) ;
#5776 = VECTOR ( 'NONE', #5345, 1000.000000000000000 ) ;
#5777 = VECTOR ( 'NONE', #473, 1000.000000000000000 ) ;
#5778 = DIRECTION ( 'NONE',  ( 1.000000000000000000, -3.255496228848128612E-15, 0.000000000000000000 ) ) ;
#5779 = DIRECTION ( 'NONE',  ( 0.000000000000000000, 1.000000000000000000, -0.000000000000000000 ) ) ;
#5780 = CARTESIAN_POINT ( 'NONE',  ( -94.80000000000002558, 15.00000000000000000, 1.000000000000000888 ) ) ;
#5781 = EDGE_CURVE ( 'NONE', #193, #2830, #3387, .T. ) ;
#5782 = CARTESIAN_POINT ( 'NONE',  ( 0.000000000000000000, -15.00000000000000000, 1.000000000000000888 ) ) ;
#5783 = CARTESIAN_POINT ( 'NONE',  ( 87.09999999999998010, 0.000000000000000000, 10.00000000000000000 ) ) ;
#5784 = ORIENTED_EDGE ( 'NONE', *, *, #4542, .T. ) ;
#5785 = CARTESIAN_POINT ( 'NONE',  ( 87.09999999999998010, 0.000000000000000000, 10.00000000000000000 ) ) ;
#5786 = DIRECTION ( 'NONE',  ( -0.000000000000000000, -0.000000000000000000, -1.000000000000000000 ) ) ;
#5787 = DIRECTION ( 'NONE',  ( 0.000000000000000000, -0.000000000000000000, -1.000000000000000000 ) ) ;
#5788 = ORIENTED_EDGE ( 'NONE', *, *, #4779, .T. ) ;
#5789 = EDGE_CURVE ( 'NONE', #1165, #1368, #189, .T. ) ;
#5790 = VERTEX_POINT ( 'NONE', #1125 ) ;
#5791 = ORIENTED_EDGE ( 'NONE', *, *, #4230, .F. ) ;
#5792 = CARTESIAN_POINT ( 'NONE',  ( -5.694866269159798655, 24.50000000000000000, 0.000000000000000000 ) ) ;
#5793 = CARTESIAN_POINT ( 'NONE',  ( 70.39999999999999147, 0.000000000000000000, 10.00000000000000000 ) ) ;
#5794 = VERTEX_POINT ( 'NONE', #5690 ) ;
#5795 = DIRECTION ( 'NONE',  ( -1.000000000000000000, 0.000000000000000000, 0.000000000000000000 ) ) ;
#5796 = CARTESIAN_POINT ( 'NONE',  ( -108.8000000000000114, 0.000000000000000000, 10.00000000000000000 ) ) ;
#5797 = CARTESIAN_POINT ( 'NONE',  ( -80.30000000000002558, 5.599999999999996980, 10.00000000000000000 ) ) ;
#5798 = ORIENTED_EDGE ( 'NONE', *, *, #2346, .T. ) ;
#5799 = ORIENTED_EDGE ( 'NONE', *, *, #4509, .F. ) ;
#5800 = ORIENTED_EDGE ( 'NONE', *, *, #2299, .F. ) ;
#5801 = VECTOR ( 'NONE', #4254, 1000.000000000000000 ) ;
#5802 = DIRECTION ( 'NONE',  ( 1.000000000000000000, 0.000000000000000000, -0.000000000000000000 ) ) ;
#5803 = CARTESIAN_POINT ( 'NONE',  ( -78.33285992488791294, 7.099999999999993427, 10.00000000000000000 ) ) ;
#5804 = LINE ( 'NONE', #729, #5564 ) ;
#5805 = VERTEX_POINT ( 'NONE', #4362 ) ;
#5806 = EDGE_CURVE ( 'NONE', #2598, #3817, #2473, .T. ) ;
#5807 = CARTESIAN_POINT ( 'NONE',  ( 0.000000000000000000, -5.600000000000000533, 0.000000000000000000 ) ) ;
#5808 = DIRECTION ( 'NONE',  ( 0.000000000000000000, -0.000000000000000000, -1.000000000000000000 ) ) ;
#5809 = LINE ( 'NONE', #2602, #2698 ) ;
#5810 = VECTOR ( 'NONE', #5834, 1000.000000000000000 ) ;
#5811 = DIRECTION ( 'NONE',  ( -0.000000000000000000, -0.000000000000000000, -1.000000000000000000 ) ) ;
#5812 = DIRECTION ( 'NONE',  ( 1.000000000000000000, 0.000000000000000000, 0.000000000000000000 ) ) ;
#5813 = ORIENTED_EDGE ( 'NONE', *, *, #5339, .T. ) ;
#5814 = DIRECTION ( 'NONE',  ( 1.000000000000000000, 0.000000000000000000, 0.000000000000000000 ) ) ;
#5815 = CARTESIAN_POINT ( 'NONE',  ( 67.99999999999998579, 22.41619848709568785, 9.000000000000010658 ) ) ;
#5816 = ORIENTED_EDGE ( 'NONE', *, *, #3391, .T. ) ;
#5817 = EDGE_CURVE ( 'NONE', #2313, #5404, #1580, .T. ) ;
#5818 = ORIENTED_EDGE ( 'NONE', *, *, #97, .F. ) ;
#5819 = EDGE_CURVE ( 'NONE', #2011, #3633, #5658, .T. ) ;
#5820 = ADVANCED_FACE ( 'NONE', ( #4721 ), #2508, .F. ) ;
#5821 = ORIENTED_EDGE ( 'NONE', *, *, #2346, .F. ) ;
#5822 = FACE_OUTER_BOUND ( 'NONE', #167, .T. ) ;
#5823 = CARTESIAN_POINT ( 'NONE',  ( 49.99999999999998579, -22.49999999999998934, 10.00000000000000000 ) ) ;
#5824 = ORIENTED_EDGE ( 'NONE', *, *, #4164, .T. ) ;
#5825 = CARTESIAN_POINT ( 'NONE',  ( 86.13285992488789589, 8.100000000000003197, 0.000000000000000000 ) ) ;
#5826 = CARTESIAN_POINT ( 'NONE',  ( -59.99614123080367278, -22.77777777777777146, 9.000000000000010658 ) ) ;
#5827 = DIRECTION ( 'NONE',  ( -0.000000000000000000, -0.000000000000000000, -1.000000000000000000 ) ) ;
#5828 = VECTOR ( 'NONE', #5138, 1000.000000000000000 ) ;
#5829 = EDGE_LOOP ( 'NONE', ( #3706, #1762, #649, #3852 ) ) ;
#5830 = VERTEX_POINT ( 'NONE', #1520 ) ;
#5831 = ORIENTED_EDGE ( 'NONE', *, *, #3391, .F. ) ;
#5832 = LINE ( 'NONE', #825, #4621 ) ;
#5833 = CARTESIAN_POINT ( 'NONE',  ( 59.99999999999999289, -22.41619848709568785, 1.000000000000000888 ) ) ;
#5834 = DIRECTION ( 'NONE',  ( -0.000000000000000000, -0.000000000000000000, -1.000000000000000000 ) ) ;
#5835 = EDGE_CURVE ( 'NONE', #3825, #3262, #4808, .T. ) ;
#5836 = ORIENTED_EDGE ( 'NONE', *, *, #4230, .T. ) ;
#5837 = EDGE_LOOP ( 'NONE', ( #5218, #4824, #2004, #3554 ) ) ;
#5838 = LINE ( 'NONE', #5807, #5084 ) ;
#5839 = LINE ( 'NONE', #776, #3441 ) ;
#5840 = CIRCLE ( 'NONE', #4105, 9.000000000000021316 ) ;
#5841 = FACE_OUTER_BOUND ( 'NONE', #704, .T. ) ;
#5842 = DIRECTION ( 'NONE',  ( -0.000000000000000000, 0.000000000000000000, 1.000000000000000000 ) ) ;
#5843 = ORIENTED_EDGE ( 'NONE', *, *, #3919, .T. ) ;
#5844 = CARTESIAN_POINT ( 'NONE',  ( 87.59999999999998010, -7.599999999999996092, 0.000000000000000000 ) ) ;
#5845 = FACE_OUTER_BOUND ( 'NONE', #3831, .T. ) ;
#5846 = ORIENTED_EDGE ( 'NONE', *, *, #778, .T. ) ;
#5847 = VERTEX_POINT ( 'NONE', #2446 ) ;
#5848 = ADVANCED_FACE ( 'NONE', ( #2025 ), #2778, .F. ) ;
#5849 = AXIS2_PLACEMENT_3D ( 'NONE', #2712, #5946, #4558 ) ;
#5850 = ORIENTED_EDGE ( 'NONE', *, *, #3606, .T. ) ;
#5851 = EDGE_CURVE ( 'NONE', #2250, #2394, #618, .T. ) ;
#5852 = PLANE ( 'NONE',  #4204 ) ;
#5853 = DIRECTION ( 'NONE',  ( 1.000000000000000000, 0.000000000000000000, 0.000000000000000000 ) ) ;
#5854 = VERTEX_POINT ( 'NONE', #5209 ) ;
#5855 = CARTESIAN_POINT ( 'NONE',  ( 85.59999999999998010, -7.100000000000002309, 0.000000000000000000 ) ) ;
#5856 = DIRECTION ( 'NONE',  ( 0.000000000000000000, 0.000000000000000000, 1.000000000000000000 ) ) ;
#5857 = DIRECTION ( 'NONE',  ( 0.000000000000000000, -1.000000000000000000, 0.000000000000000000 ) ) ;
#5858 = ORIENTED_EDGE ( 'NONE', *, *, #4338, .F. ) ;
#5859 = VECTOR ( 'NONE', #3791, 1000.000000000000000 ) ;
#5860 = ADVANCED_FACE ( 'NONE', ( #158 ), #4299, .T. ) ;
#5861 = CIRCLE ( 'NONE', #5373, 10.00000000000000178 ) ;
#5862 = ORIENTED_EDGE ( 'NONE', *, *, #5613, .F. ) ;
#5863 = AXIS2_PLACEMENT_3D ( 'NONE', #3062, #1094, #5814 ) ;
#5864 = DIRECTION ( 'NONE',  ( 1.000000000000000000, 0.000000000000000000, 0.000000000000000000 ) ) ;
#5865 = CYLINDRICAL_SURFACE ( 'NONE', #3770, 15.00000000000000000 ) ;
#5866 = CARTESIAN_POINT ( 'NONE',  ( 48.80513373084020401, -24.50000000000000000, 10.00000000000000000 ) ) ;
#5867 = VECTOR ( 'NONE', #3439, 1000.000000000000000 ) ;
#5868 = VECTOR ( 'NONE', #4863, 1000.000000000000000 ) ;
#5869 = ORIENTED_EDGE ( 'NONE', *, *, #3691, .F. ) ;
#5870 = EDGE_CURVE ( 'NONE', #3419, #5686, #1939, .T. ) ;
#5871 = AXIS2_PLACEMENT_3D ( 'NONE', #2883, #4728, #2425 ) ;
#5872 = CIRCLE ( 'NONE', #3059, 1.500000000000001332 ) ;
#5873 = EDGE_CURVE ( 'NONE', #772, #5326, #5195, .T. ) ;
#5874 = ORIENTED_EDGE ( 'NONE', *, *, #3537, .T. ) ;
#5875 = DIRECTION ( 'NONE',  ( 1.000000000000000000, 0.000000000000000000, 0.000000000000000000 ) ) ;
#5876 = VECTOR ( 'NONE', #47, 1000.000000000000000 ) ;
#5877 = VECTOR ( 'NONE', #5221, 1000.000000000000000 ) ;
#5878 = CARTESIAN_POINT ( 'NONE',  ( 52.30513373084020401, 24.50000000000000000, 10.00000000000000000 ) ) ;
#5879 = DIRECTION ( 'NONE',  ( -0.000000000000000000, 0.000000000000000000, 1.000000000000000000 ) ) ;
#5880 = ORIENTED_EDGE ( 'NONE', *, *, #2231, .T. ) ;
#5881 = LINE ( 'NONE', #1764, #5447 ) ;
#5882 = ORIENTED_EDGE ( 'NONE', *, *, #629, .T. ) ;
#5883 = VERTEX_POINT ( 'NONE', #562 ) ;
#5884 = EDGE_LOOP ( 'NONE', ( #4463, #3026, #2549, #4268 ) ) ;
#5885 = CARTESIAN_POINT ( 'NONE',  ( 65.00000000000004263, 15.00000000000000000, 1.000000000000000888 ) ) ;
#5886 = LINE ( 'NONE', #1261, #3638 ) ;
#5887 = VERTEX_POINT ( 'NONE', #1489 ) ;
#5888 = DIRECTION ( 'NONE',  ( -0.000000000000000000, -0.000000000000000000, -1.000000000000000000 ) ) ;
#5889 = DIRECTION ( 'NONE',  ( -0.7071067811865567876, 0.000000000000000000, -0.7071067811865383579 ) ) ;
#5890 = DIRECTION ( 'NONE',  ( 0.000000000000000000, -0.000000000000000000, 1.000000000000000000 ) ) ;
#5891 = ORIENTED_EDGE ( 'NONE', *, *, #3691, .T. ) ;
#5892 = ORIENTED_EDGE ( 'NONE', *, *, #4679, .T. ) ;
#5893 = LINE ( 'NONE', #1333, #1117 ) ;
#5894 = CYLINDRICAL_SURFACE ( 'NONE', #1344, 9.999999999999994671 ) ;
#5895 = DIRECTION ( 'NONE',  ( 0.000000000000000000, 0.000000000000000000, -1.000000000000000000 ) ) ;
#5896 = PLANE ( 'NONE',  #3251 ) ;
#5897 = ORIENTED_EDGE ( 'NONE', *, *, #1312, .T. ) ;
#5898 = EDGE_CURVE ( 'NONE', #1469, #5606, #1040, .T. ) ;
#5899 = VECTOR ( 'NONE', #3339, 1000.000000000000000 ) ;
#5900 = EDGE_CURVE ( 'NONE', #5273, #4331, #4800, .T. ) ;
#5901 = ORIENTED_EDGE ( 'NONE', *, *, #3682, .F. ) ;
#5902 = EDGE_CURVE ( 'NONE', #761, #2544, #278, .T. ) ;
#5903 = LINE ( 'NONE', #4624, #867 ) ;
#5904 = VECTOR ( 'NONE', #2329, 1000.000000000000000 ) ;
#5905 = CARTESIAN_POINT ( 'NONE',  ( -79.80000000000002558, 7.600000000000000533, 0.000000000000000000 ) ) ;
#5906 = CARTESIAN_POINT ( 'NONE',  ( -79.30000000000002558, 9.600000000000001421, 0.000000000000000000 ) ) ;
#5907 = ORIENTED_EDGE ( 'NONE', *, *, #3707, .F. ) ;
#5908 = CARTESIAN_POINT ( 'NONE',  ( 80.00000000000001421, 15.00000000000000000, 10.00000000000000000 ) ) ;
#5909 = VERTEX_POINT ( 'NONE', #1156 ) ;
#5910 = VERTEX_POINT ( 'NONE', #2994 ) ;
#5911 = ORIENTED_EDGE ( 'NONE', *, *, #4479, .F. ) ;
#5912 = CARTESIAN_POINT ( 'NONE',  ( 58.17639918272502086, -8.500000000000000000, 0.000000000000000000 ) ) ;
#5913 = PLANE ( 'NONE',  #5753 ) ;
#5914 = ORIENTED_EDGE ( 'NONE', *, *, #269, .F. ) ;
#5915 = DIRECTION ( 'NONE',  ( -1.000000000000000000, 0.000000000000000000, 0.000000000000000000 ) ) ;
#5916 = DIRECTION ( 'NONE',  ( -0.000000000000000000, -0.000000000000000000, -1.000000000000000000 ) ) ;
#5917 = DIRECTION ( 'NONE',  ( -0.000000000000000000, -0.000000000000000000, -1.000000000000000000 ) ) ;
#5918 = ORIENTED_EDGE ( 'NONE', *, *, #5151, .T. ) ;
#5919 = VECTOR ( 'NONE', #5466, 1000.000000000000000 ) ;
#5920 = B_SPLINE_CURVE_WITH_KNOTS ( 'NONE', 3,
 ( #592, #963, #3786, #1835 ),
 .UNSPECIFIED., .F., .F.,
 ( 4, 4 ),
 ( 0.000000000000000000, 0.002006815278302209737 ),
 .UNSPECIFIED. ) ;
#5921 = ORIENTED_EDGE ( 'NONE', *, *, #5226, .T. ) ;
#5922 = CARTESIAN_POINT ( 'NONE',  ( -66.82360081727497914, 0.000000000000000000, 0.000000000000000000 ) ) ;
#5923 = LINE ( 'NONE', #4983, #2779 ) ;
#5924 = FACE_OUTER_BOUND ( 'NONE', #663, .T. ) ;
#5925 = DIRECTION ( 'NONE',  ( -1.000000000000000000, 0.000000000000000000, 0.000000000000000000 ) ) ;
#5926 = CIRCLE ( 'NONE', #3888, 9.500000000000008882 ) ;
#5927 = VERTEX_POINT ( 'NONE', #1286 ) ;
#5928 = VECTOR ( 'NONE', #5426, 1000.000000000000000 ) ;
#5929 = ADVANCED_FACE ( 'NONE', ( #2091 ), #3063, .F. ) ;
#5930 = ORIENTED_EDGE ( 'NONE', *, *, #4154, .F. ) ;
#5931 = EDGE_CURVE ( 'NONE', #2818, #2097, #2203, .T. ) ;
#5932 = LINE ( 'NONE', #1870, #1524 ) ;
#5933 = EDGE_CURVE ( 'NONE', #4197, #5805, #5969, .T. ) ;
#5934 = CARTESIAN_POINT ( 'NONE',  ( 0.000000000000000000, 7.099999999999993427, 10.00000000000000000 ) ) ;
#5935 = CARTESIAN_POINT ( 'NONE',  ( -59.99614123080367278, -22.77777777777777146, 1.000000000000000888 ) ) ;
#5936 = ORIENTED_EDGE ( 'NONE', *, *, #5902, .T. ) ;
#5937 = DIRECTION ( 'NONE',  ( 1.000000000000000000, 0.000000000000000000, 0.000000000000000000 ) ) ;
#5938 = AXIS2_PLACEMENT_3D ( 'NONE', #1834, #1913, #4161 ) ;
#5939 = ORIENTED_EDGE ( 'NONE', *, *, #1360, .T. ) ;
#5940 = ORIENTED_EDGE ( 'NONE', *, *, #3575, .T. ) ;
#5941 = EDGE_CURVE ( 'NONE', #5927, #1036, #2690, .T. ) ;
#5942 = CARTESIAN_POINT ( 'NONE',  ( -66.82360081727497914, -8.500000000000000000, 9.000000000000000000 ) ) ;
#5943 = DIRECTION ( 'NONE',  ( -0.000000000000000000, -0.000000000000000000, -1.000000000000000000 ) ) ;
#5944 = CARTESIAN_POINT ( 'NONE',  ( -50.00000000000001421, 22.50000000000001066, 0.000000000000000000 ) ) ;
#5945 = FACE_OUTER_BOUND ( 'NONE', #4250, .T. ) ;
#5946 = DIRECTION ( 'NONE',  ( 0.000000000000000000, -0.000000000000000000, -1.000000000000000000 ) ) ;
#5947 = VERTEX_POINT ( 'NONE', #5427 ) ;
#5948 = CIRCLE ( 'NONE', #4300, 1.549999999999968070 ) ;
#5949 = EDGE_LOOP ( 'NONE', ( #817, #4435, #3895, #1393 ) ) ;
#5950 = DIRECTION ( 'NONE',  ( -0.000000000000000000, 0.000000000000000000, 1.000000000000000000 ) ) ;
#5951 = DIRECTION ( 'NONE',  ( -0.000000000000000000, -0.000000000000000000, -1.000000000000000000 ) ) ;
#5952 = DIRECTION ( 'NONE',  ( -1.000000000000000000, 0.000000000000000000, 0.000000000000000000 ) ) ;
#5953 = FACE_OUTER_BOUND ( 'NONE', #7, .T. ) ;
#5954 = AXIS2_PLACEMENT_3D ( 'NONE', #55, #1887, #990 ) ;
#5955 = ORIENTED_EDGE ( 'NONE', *, *, #3335, .F. ) ;
#5956 = VECTOR ( 'NONE', #129, 1000.000000000000000 ) ;
#5957 = AXIS2_PLACEMENT_3D ( 'NONE', #2901, #529, #2445 ) ;
#5958 = VECTOR ( 'NONE', #2708, 1000.000000000000000 ) ;
#5959 = ORIENTED_EDGE ( 'NONE', *, *, #3349, .F. ) ;
#5960 = CARTESIAN_POINT ( 'NONE',  ( 65.68389637042453444, 14.05800378569223952, 9.660555971499686478 ) ) ;
#5961 = AXIS2_PLACEMENT_3D ( 'NONE', #4355, #5290, #3508 ) ;
#5962 = AXIS2_PLACEMENT_3D ( 'NONE', #686, #1620, #3463 ) ;
#5963 = LINE ( 'NONE', #4599, #4519 ) ;
#5964 = AXIS2_PLACEMENT_3D ( 'NONE', #5136, #2835, #3291 ) ;
#5965 = PLANE ( 'NONE',  #3923 ) ;
#5966 = ORIENTED_EDGE ( 'NONE', *, *, #808, .T. ) ;
#5967 = DIRECTION ( 'NONE',  ( -0.000000000000000000, 0.000000000000000000, 1.000000000000000000 ) ) ;
#5968 = VERTEX_POINT ( 'NONE', #4908 ) ;
#5969 = CIRCLE ( 'NONE', #5095, 7.999999999999992895 ) ;
#5970 = ADVANCED_FACE ( 'NONE', ( #5845 ), #5359, .F. ) ;
#5971 = ORIENTED_EDGE ( 'NONE', *, *, #5764, .F. ) ;
#5972 = CARTESIAN_POINT ( 'NONE',  ( 52.30513373084020401, 24.50000000000000000, 0.000000000000000000 ) ) ;
#5973 = PLANE ( 'NONE',  #4711 ) ;
#5974 = DIRECTION ( 'NONE',  ( -0.000000000000000000, -0.000000000000000000, -1.000000000000000000 ) ) ;
#5975 = CARTESIAN_POINT ( 'NONE',  ( 71.89999999999999147, 0.000000000000000000, 0.000000000000000000 ) ) ;
#5976 = CYLINDRICAL_SURFACE ( 'NONE', #4552, 1.750000000000001554 ) ;
#5977 = CIRCLE ( 'NONE', #3456, 1.549999999999995826 ) ;
#5978 = EDGE_CURVE ( 'NONE', #798, #2125, #4394, .T. ) ;
#5979 = ORIENTED_EDGE ( 'NONE', *, *, #1795, .T. ) ;
ENDSEC;
END-ISO-10303-21;
