ISO-10303-21;
HEADER;
FILE_DESCRIPTION (( 'STEP AP214' ),
    '1' );
FILE_NAME ('Seed Pixel Stretcher Rear View.STEP',
    '2024-11-26T15:47:30',
    ( '' ),
    ( '' ),
    'SwSTEP 2.0',
    'SolidWorks 2024',
    '' );
FILE_SCHEMA (( 'AUTOMOTIVE_DESIGN' ));
ENDSEC;

DATA;
#1 = ORIENTED_EDGE ( 'NONE', *, *, #1829, .F. ) ;
#2 = CARTESIAN_POINT ( 'NONE',  ( 50.75000000000000000, 3.375000000000000000, 3.099584923580558371 ) ) ;
#3 = CARTESIAN_POINT ( 'NONE',  ( 29.26003260179363963, 2.116029465046504132, 1.500000000000000000 ) ) ;
#4 = CARTESIAN_POINT ( 'NONE',  ( 42.00794616636752465, -2.975054149904656775, -0.000000000000000000 ) ) ;
#5 = CARTESIAN_POINT ( 'NONE',  ( 43.73092627703228885, 0.7087883532022236643, 0.5000000000000073275 ) ) ;
#6 = ORIENTED_EDGE ( 'NONE', *, *, #968, .T. ) ;
#7 = DIRECTION ( 'NONE',  ( 1.000000000000000000, 0.000000000000000000, -0.000000000000000000 ) ) ;
#8 = ORIENTED_EDGE ( 'NONE', *, *, #1401, .T. ) ;
#9 = DIRECTION ( 'NONE',  ( 0.000000000000000000, 0.000000000000000000, -1.000000000000000000 ) ) ;
#10 = DIRECTION ( 'NONE',  ( 1.000000000000000000, 0.000000000000000000, 0.000000000000000000 ) ) ;
#11 = AXIS2_PLACEMENT_3D ( 'NONE', #2733, #3680, #904 ) ;
#12 = LINE ( 'NONE', #2493, #3705 ) ;
#13 = EDGE_CURVE ( 'NONE', #3502, #1860, #3571, .T. ) ;
#14 = VECTOR ( 'NONE', #3275, 1000.000000000000000 ) ;
#15 = CARTESIAN_POINT ( 'NONE',  ( 0.000000000000000000, 0.000000000000000000, 6.000000000000000000 ) ) ;
#16 = AXIS2_PLACEMENT_3D ( 'NONE', #3624, #3588, #833 ) ;
#17 = ORIENTED_EDGE ( 'NONE', *, *, #549, .F. ) ;
#18 = CARTESIAN_POINT ( 'NONE',  ( 30.92643613708105477, 3.478323805800189295, 0.000000000000000000 ) ) ;
#19 = CARTESIAN_POINT ( 'NONE',  ( 6.000000000000000888, -5.875000000000000000, 6.000000000000000000 ) ) ;
#20 = AXIS2_PLACEMENT_3D ( 'NONE', #2424, #1779, #556 ) ;
#21 = CARTESIAN_POINT ( 'NONE',  ( 27.41532064041212635, -0.4292542411316137008, 0.000000000000000000 ) ) ;
#22 = ORIENTED_EDGE ( 'NONE', *, *, #3011, .T. ) ;
#23 = DIRECTION ( 'NONE',  ( 0.000000000000000000, -1.000000000000000000, 0.000000000000000000 ) ) ;
#24 = FACE_BOUND ( 'NONE', #3091, .T. ) ;
#25 = VECTOR ( 'NONE', #309, 1000.000000000000000 ) ;
#26 = CARTESIAN_POINT ( 'NONE',  ( 0.000000000000000000, -8.000000000000000000, 6.000000000000000000 ) ) ;
#27 = CARTESIAN_POINT ( 'NONE',  ( 32.79155191113386536, -3.969812676153863240, -0.000000000000000000 ) ) ;
#28 = CARTESIAN_POINT ( 'NONE',  ( 41.91183738052311014, 2.460875127755833613, 0.5000000000000073275 ) ) ;
#29 = ORIENTED_EDGE ( 'NONE', *, *, #221, .F. ) ;
#30 = EDGE_LOOP ( 'NONE', ( #2462, #1756, #2798, #2488, #305 ) ) ;
#31 = FACE_OUTER_BOUND ( 'NONE', #2203, .T. ) ;
#32 = CARTESIAN_POINT ( 'NONE',  ( 43.54818731889795913, -1.061635964132937149, 0.5000000000000073275 ) ) ;
#33 = CARTESIAN_POINT ( 'NONE',  ( 43.22204396486461064, 2.176645230624826510, -0.000000000000000000 ) ) ;
#34 = CARTESIAN_POINT ( 'NONE',  ( 39.64401827558554459, -3.374999999999986677, 1.748809099331816164 ) ) ;
#35 = CARTESIAN_POINT ( 'NONE',  ( 29.19540499544982026, 2.064869079510875505, 0.5000000000000074385 ) ) ;
#36 = ORIENTED_EDGE ( 'NONE', *, *, #1360, .T. ) ;
#37 = CARTESIAN_POINT ( 'NONE',  ( 28.99411786911172939, 2.534051092791000048, 0.000000000000000000 ) ) ;
#38 = FACE_OUTER_BOUND ( 'NONE', #1442, .T. ) ;
#39 = CARTESIAN_POINT ( 'NONE',  ( 27.38307773468505601, 0.2191145315854783338, 0.000000000000000000 ) ) ;
#40 = ADVANCED_FACE ( 'NONE', ( #2028 ), #3256, .T. ) ;
#41 = ORIENTED_EDGE ( 'NONE', *, *, #3808, .F. ) ;
#42 = PLANE ( 'NONE',  #3448 ) ;
#43 = CARTESIAN_POINT ( 'NONE',  ( 35.66091585397506947, -4.250017103533987317, 0.000000000000000000 ) ) ;
#44 = DIRECTION ( 'NONE',  ( 0.000000000000000000, 0.000000000000000000, 1.000000000000000000 ) ) ;
#45 = CARTESIAN_POINT ( 'NONE',  ( 36.09179121771895637, -4.249989391385288862, -0.000000000000000000 ) ) ;
#46 = CARTESIAN_POINT ( 'NONE',  ( 43.69591083485735084, 0.7901118724155695716, 0.5000000000000074385 ) ) ;
#47 = ORIENTED_EDGE ( 'NONE', *, *, #2453, .F. ) ;
#48 = DIRECTION ( 'NONE',  ( 1.000000000000000000, 0.000000000000000000, 0.000000000000000000 ) ) ;
#49 = ORIENTED_EDGE ( 'NONE', *, *, #3087, .T. ) ;
#50 = EDGE_CURVE ( 'NONE', #2407, #1021, #3868, .T. ) ;
#51 = CARTESIAN_POINT ( 'NONE',  ( 0.000000000000000000, 7.500000000000000000, 0.000000000000000000 ) ) ;
#52 = CARTESIAN_POINT ( 'NONE',  ( 25.50000000000000355, 3.375000000000000000, 0.000000000000000000 ) ) ;
#53 = CARTESIAN_POINT ( 'NONE',  ( 43.76994830790568614, 1.612818760653317751, -0.000000000000000000 ) ) ;
#54 = DIRECTION ( 'NONE',  ( 0.000000000000000000, 0.000000000000000000, -1.000000000000000000 ) ) ;
#55 = VERTEX_POINT ( 'NONE', #1722 ) ;
#56 = CARTESIAN_POINT ( 'NONE',  ( 27.75274734637695317, 1.286260655432501343, 0.000000000000000000 ) ) ;
#57 = CARTESIAN_POINT ( 'NONE',  ( 29.15402612324878717, -2.653119817829502569, 1.999999999999999556 ) ) ;
#58 = CARTESIAN_POINT ( 'NONE',  ( 27.93315356443334352, -1.551569636396388452, 0.000000000000000000 ) ) ;
#59 = ORIENTED_EDGE ( 'NONE', *, *, #2461, .F. ) ;
#60 = CARTESIAN_POINT ( 'NONE',  ( 51.09833395743420681, -3.384537177076177628, 0.8657930483432488833 ) ) ;
#61 = LINE ( 'NONE', #1472, #273 ) ;
#62 = CARTESIAN_POINT ( 'NONE',  ( 41.95605846232398761, 2.436841511264899118, 0.5000000000000073275 ) ) ;
#63 = VERTEX_POINT ( 'NONE', #1073 ) ;
#64 = CARTESIAN_POINT ( 'NONE',  ( 0.000000000000000000, 7.500000000000000000, 6.000000000000000000 ) ) ;
#65 = EDGE_CURVE ( 'NONE', #2173, #976, #534, .T. ) ;
#66 = LINE ( 'NONE', #2961, #3100 ) ;
#67 = CARTESIAN_POINT ( 'NONE',  ( 43.81440709732689243, -0.4611509829525265447, 0.5000000000000074385 ) ) ;
#68 = CARTESIAN_POINT ( 'NONE',  ( 33.04975089838065827, 4.016541470163838667, -0.000000000000000000 ) ) ;
#69 = CARTESIAN_POINT ( 'NONE',  ( 5.249999999999997335, 6.429395695523601195E-16, 0.000000000000000000 ) ) ;
#70 = VECTOR ( 'NONE', #3396, 1000.000000000000000 ) ;
#71 = CARTESIAN_POINT ( 'NONE',  ( 29.69981908352506039, 2.384934212036367018, 0.5000000000000076605 ) ) ;
#72 = VERTEX_POINT ( 'NONE', #3593 ) ;
#73 = CIRCLE ( 'NONE', #3640, 8.000000000000000000 ) ;
#74 = CARTESIAN_POINT ( 'NONE',  ( 34.70278659953035572, 4.211032778049724534, 0.000000000000000000 ) ) ;
#75 = CARTESIAN_POINT ( 'NONE',  ( 42.53764894043298739, -2.087032539371040052, 4.001429448481767182 ) ) ;
#76 = CARTESIAN_POINT ( 'NONE',  ( 27.40637964161234308, 0.3797422528644984197, 0.000000000000000000 ) ) ;
#77 = VECTOR ( 'NONE', #145, 1000.000000000000000 ) ;
#78 = EDGE_LOOP ( 'NONE', ( #1188, #3046, #3854, #483 ) ) ;
#79 = CARTESIAN_POINT ( 'NONE',  ( 43.87500000000000000, -7.500000000028118841, 0.5000000000000073275 ) ) ;
#80 = CARTESIAN_POINT ( 'NONE',  ( 20.65166604256580740, 3.384537177076200276, 0.8657930483432441093 ) ) ;
#81 = AXIS2_PLACEMENT_3D ( 'NONE', #2075, #1099, #2693 ) ;
#82 = DIRECTION ( 'NONE',  ( 1.000000000000000000, 0.000000000000000000, 0.000000000000000000 ) ) ;
#83 = CARTESIAN_POINT ( 'NONE',  ( 27.97378597473162998, 0.5878690135907284064, 0.5000000000000074385 ) ) ;
#84 = VERTEX_POINT ( 'NONE', #1464 ) ;
#85 = DIRECTION ( 'NONE',  ( 1.000000000000000000, 6.122553444624024981E-16, 0.000000000000000000 ) ) ;
#86 = ADVANCED_FACE ( 'NONE', ( #2687 ), #3932, .F. ) ;
#87 = CARTESIAN_POINT ( 'NONE',  ( 42.47756352394136314, 2.712799926356328051, 0.000000000000000000 ) ) ;
#88 = VECTOR ( 'NONE', #1599, 1000.000000000000000 ) ;
#89 = CARTESIAN_POINT ( 'NONE',  ( 27.37482115175108177, -0.2145563037197779355, -0.000000000000000000 ) ) ;
#90 = CARTESIAN_POINT ( 'NONE',  ( 32.89228716067267300, 3.988194863248626820, -0.000000000000000000 ) ) ;
#91 = VECTOR ( 'NONE', #262, 1000.000000000000000 ) ;
#92 = B_SPLINE_CURVE_WITH_KNOTS ( 'NONE', 3,
 ( #408, #2226, #3446, #1925, #3424, #2520, #3189, #650, #671, #2560, #3503, #1879, #2838, #3107, #3147, #349 ),
 .UNSPECIFIED., .F., .F.,
 ( 4, 2, 2, 2, 2, 2, 2, 4 ),
 ( 0.000000000000000000, 0.001505048016193481384, 0.003010096032386972743, 0.003762620040483714411, 0.004515144048580455212, 0.005267668056677196446, 0.005643930060725567063, 0.006020192064773937680 ),
 .UNSPECIFIED. ) ;
#93 = CARTESIAN_POINT ( 'NONE',  ( 0.000000000000000000, 7.500000000000000000, 6.000000000000000000 ) ) ;
#94 = CARTESIAN_POINT ( 'NONE',  ( 27.89905759011345410, -0.2936002618575177525, 0.5000000000000073275 ) ) ;
#95 = ORIENTED_EDGE ( 'NONE', *, *, #1903, .T. ) ;
#96 = CARTESIAN_POINT ( 'NONE',  ( 27.93647515077926968, 1.555960286297282336, 0.000000000000000000 ) ) ;
#97 = CARTESIAN_POINT ( 'NONE',  ( 42.54494537240457674, -2.071726387428484806, 0.5000000000000076605 ) ) ;
#98 = EDGE_CURVE ( 'NONE', #3061, #2090, #3230, .T. ) ;
#99 = CARTESIAN_POINT ( 'NONE',  ( 31.33655991651951211, -3.612537606394189638, 0.000000000000000000 ) ) ;
#100 = VERTEX_POINT ( 'NONE', #3953 ) ;
#101 = CARTESIAN_POINT ( 'NONE',  ( 32.38788084516741606, -3.374999999999989342, 1.500000000000000000 ) ) ;
#102 = CARTESIAN_POINT ( 'NONE',  ( 20.77553398134224949, 3.411620418948249966, 1.071611500259492589 ) ) ;
#103 = PLANE ( 'NONE',  #3038 ) ;
#104 = CARTESIAN_POINT ( 'NONE',  ( 27.90652374452483997, -0.3351772701498049734, 0.5000000000000074385 ) ) ;
#105 = LINE ( 'NONE', #1056, #77 ) ;
#106 = CARTESIAN_POINT ( 'NONE',  ( 41.12563549991580913, 3.369329759618774567, 0.000000000000000000 ) ) ;
#107 = EDGE_CURVE ( 'NONE', #1638, #2823, #3651, .T. ) ;
#108 = DIRECTION ( 'NONE',  ( -0.000000000000000000, 1.000000000000000000, -0.000000000000000000 ) ) ;
#109 = SURFACE_SIDE_STYLE ('',( #2872 ) ) ;
#110 = CARTESIAN_POINT ( 'NONE',  ( 39.43059384792763922, 3.872848657678391149, -0.000000000000000000 ) ) ;
#111 = CARTESIAN_POINT ( 'NONE',  ( 42.77213628173961268, 1.899999999999999911, 4.132391042439890860 ) ) ;
#112 = CARTESIAN_POINT ( 'NONE',  ( 28.54245747317235171, -1.501475655999797265, 0.5000000000000074385 ) ) ;
#113 = CARTESIAN_POINT ( 'NONE',  ( 43.96469434604820492, 1.344026238387628247, 2.000000000000000000 ) ) ;
#114 = CARTESIAN_POINT ( 'NONE',  ( 27.47515331268505534, 0.6701300675408959906, 0.000000000000000000 ) ) ;
#115 = EDGE_CURVE ( 'NONE', #3788, #1830, #3993, .T. ) ;
#116 = CARTESIAN_POINT ( 'NONE',  ( 36.29456812334073135, -3.746117661474120730, 0.5000000000000074385 ) ) ;
#117 = EDGE_CURVE ( 'NONE', #885, #2090, #1183, .T. ) ;
#118 = CARTESIAN_POINT ( 'NONE',  ( 40.71503759643366038, -3.515609115080515323, 0.000000000000000000 ) ) ;
#119 = VERTEX_POINT ( 'NONE', #1504 ) ;
#120 = CARTESIAN_POINT ( 'NONE',  ( 43.34159398883386416, 2.072223007934584693, 0.000000000000000000 ) ) ;
#121 = CARTESIAN_POINT ( 'NONE',  ( 42.94744251272603464, -2.417623680673954389, 2.000000000000000444 ) ) ;
#122 = DIRECTION ( 'NONE',  ( 6.122553444624024981E-16, -1.000000000000000000, 0.000000000000000000 ) ) ;
#123 = CARTESIAN_POINT ( 'NONE',  ( 43.13691116660852742, -2.248052719075460892, -0.000000000000000000 ) ) ;
#124 = CARTESIAN_POINT ( 'NONE',  ( 28.29416780022657818, 1.198090822662996713, 0.5000000000000073275 ) ) ;
#125 = ORIENTED_EDGE ( 'NONE', *, *, #13, .F. ) ;
#126 = DIRECTION ( 'NONE',  ( 1.000000000000000000, 0.000000000000000000, 0.000000000000000000 ) ) ;
#127 = CARTESIAN_POINT ( 'NONE',  ( 28.77416514706724016, -1.736643729642328049, 1.500000000000000000 ) ) ;
#128 = CARTESIAN_POINT ( 'NONE',  ( 44.37500003918832192, -0.2161707074650440208, -0.000000000000000000 ) ) ;
#129 = CARTESIAN_POINT ( 'NONE',  ( 42.82130871352811141, 2.488054053307136915, -0.000000000000000000 ) ) ;
#130 = CARTESIAN_POINT ( 'NONE',  ( 28.74479118106270548, 1.702041092832122349, 0.5000000000000074385 ) ) ;
#131 = PRODUCT ( 'Seed Pixel Stretcher Rear View', 'Seed Pixel Stretcher Rear View', '', ( #1530 ) ) ;
#132 = CARTESIAN_POINT ( 'NONE',  ( 43.70943402483254658, 0.7666996416609096476, 2.000000000000000000 ) ) ;
#133 = CARTESIAN_POINT ( 'NONE',  ( 30.42325931298454833, -3.287867427474320259, 0.000000000000000000 ) ) ;
#134 = CARTESIAN_POINT ( 'NONE',  ( 43.86744858399181624, -0.1682244295097689579, 0.5000000000000074385 ) ) ;
#135 = CARTESIAN_POINT ( 'NONE',  ( 44.12981635747927101, -1.046255369570003424, 0.000000000000000000 ) ) ;
#136 = VECTOR ( 'NONE', #2354, 1000.000000000000000 ) ;
#137 = VERTEX_POINT ( 'NONE', #3711 ) ;
#138 = DIRECTION ( 'NONE',  ( 0.000000000000000000, 1.000000000000000000, 0.000000000000000000 ) ) ;
#139 = CARTESIAN_POINT ( 'NONE',  ( 21.00000000000000355, -3.374999999999997335, -28.50614692156320018 ) ) ;
#140 = VECTOR ( 'NONE', #2522, 1000.000000000000000 ) ;
#141 = EDGE_CURVE ( 'NONE', #1076, #976, #936, .T. ) ;
#142 = CARTESIAN_POINT ( 'NONE',  ( 33.59598695391843393, 3.596034600730546149, 0.5000000000000074385 ) ) ;
#143 = AXIS2_PLACEMENT_3D ( 'NONE', #319, #2176, #2770 ) ;
#144 = ORIENTED_EDGE ( 'NONE', *, *, #2496, .T. ) ;
#145 = DIRECTION ( 'NONE',  ( -0.000000000000000000, 1.000000000000000000, -0.000000000000000000 ) ) ;
#146 = VECTOR ( 'NONE', #2993, 1000.000000000000000 ) ;
#147 = DIRECTION ( 'NONE',  ( -1.000000000000000000, 0.000000000000000000, 0.000000000000000000 ) ) ;
#148 = EDGE_CURVE ( 'NONE', #2823, #1816, #1543, .T. ) ;
#149 = CARTESIAN_POINT ( 'NONE',  ( 44.00020185481172774, -1.280646678570110941, -0.000000000000000000 ) ) ;
#150 = CARTESIAN_POINT ( 'NONE',  ( 42.68204466906644967, 2.582661864531178075, 0.000000000000000000 ) ) ;
#151 = DIRECTION ( 'NONE',  ( -0.000000000000000000, -0.000000000000000000, -1.000000000000000000 ) ) ;
#152 = VECTOR ( 'NONE', #463, 1000.000000000000000 ) ;
#153 = CARTESIAN_POINT ( 'NONE',  ( 0.000000000000000000, -5.875000000000000000, 0.000000000000000000 ) ) ;
#154 = CARTESIAN_POINT ( 'NONE',  ( 28.29416780022657818, 1.198090822662996713, 0.5000000000000073275 ) ) ;
#155 = CARTESIAN_POINT ( 'NONE',  ( 43.79092996814713956, 0.5529822287593592067, 1.500000000000000000 ) ) ;
#156 = CARTESIAN_POINT ( 'NONE',  ( 27.52548377387476819, -0.8194416085741524913, 0.000000000000000000 ) ) ;
#157 = CARTESIAN_POINT ( 'NONE',  ( 43.33047925546105716, -1.360402142305100037, 0.5000000000000074385 ) ) ;
#158 = CARTESIAN_POINT ( 'NONE',  ( 44.25066024031492873, -0.7457780130772410088, 0.000000000000000000 ) ) ;
#159 = ORIENTED_EDGE ( 'NONE', *, *, #3795, .T. ) ;
#160 = CARTESIAN_POINT ( 'NONE',  ( 50.75000000000000000, 1.899999999999999911, 2.000000000000000000 ) ) ;
#161 = DIRECTION ( 'NONE',  ( 1.000000000000000000, 0.000000000000000000, 0.000000000000000000 ) ) ;
#162 = CARTESIAN_POINT ( 'NONE',  ( 6.000000000000000888, 3.125000000000000000, 0.000000000000000000 ) ) ;
#163 = CARTESIAN_POINT ( 'NONE',  ( 28.07206058582592334, 0.8312527722424444265, 0.5000000000000076605 ) ) ;
#164 = ORIENTED_EDGE ( 'NONE', *, *, #367, .T. ) ;
#165 = CARTESIAN_POINT ( 'NONE',  ( 27.95907003368880339, -0.5529822280590170891, 1.999999999999996447 ) ) ;
#166 = ADVANCED_FACE ( 'NONE', ( #3690 ), #3321, .T. ) ;
#167 = CARTESIAN_POINT ( 'NONE',  ( 23.00000000000000355, 8.000000000000000000, 0.000000000000000000 ) ) ;
#168 = VERTEX_POINT ( 'NONE', #1248 ) ;
#169 = CARTESIAN_POINT ( 'NONE',  ( 32.41947391073210127, 3.894845180929066508, -0.000000000000000000 ) ) ;
#170 = DIRECTION ( 'NONE',  ( -0.000000000000000000, -0.000000000000000000, 1.000000000000000000 ) ) ;
#171 = CARTESIAN_POINT ( 'NONE',  ( 28.25172632535667816, -1.137906140872352756, 0.5000000000000073275 ) ) ;
#172 = CARTESIAN_POINT ( 'NONE',  ( 51.25000000000000711, -3.374999999999979128, 0.000000000000000000 ) ) ;
#173 = CARTESIAN_POINT ( 'NONE',  ( 28.65107654645020929, -2.280369162325196708, 0.000000000000000000 ) ) ;
#174 = CARTESIAN_POINT ( 'NONE',  ( 43.00243853407236827, -1.703419640359343790, 0.5000000000000073275 ) ) ;
#175 = CARTESIAN_POINT ( 'NONE',  ( 42.47527012811002578, -2.718170143194422295, 0.000000000000000000 ) ) ;
#176 = VERTEX_POINT ( 'NONE', #2463 ) ;
#177 = CARTESIAN_POINT ( 'NONE',  ( 44.25104123138645917, 0.7460148723288229089, 0.000000000000000000 ) ) ;
#178 = CARTESIAN_POINT ( 'NONE',  ( 50.75000000000000000, -3.508974596215539421, 2.000000000000000000 ) ) ;
#179 = CARTESIAN_POINT ( 'NONE',  ( 32.38788084516747290, 3.375000000000000444, 3.099584923580558371 ) ) ;
#180 = CARTESIAN_POINT ( 'NONE',  ( 44.34367976137676237, 0.3794129895696433663, 0.000000000000000000 ) ) ;
#181 = CARTESIAN_POINT ( 'NONE',  ( 28.07035779259138053, -0.8277653808685936365, 0.5000000000000075495 ) ) ;
#182 = VERTEX_POINT ( 'NONE', #1803 ) ;
#183 = CARTESIAN_POINT ( 'NONE',  ( 28.12487820540166794, -1.800549838463503471, 2.000000000000000000 ) ) ;
#184 = CARTESIAN_POINT ( 'NONE',  ( 28.92826396989652693, -2.487768354310044838, -0.000000000000000000 ) ) ;
#185 = CARTESIAN_POINT ( 'NONE',  ( 41.42216090983494325, -3.248250032337575810, 0.000000000000000000 ) ) ;
#186 = ORIENTED_EDGE ( 'NONE', *, *, #753, .F. ) ;
#187 = CARTESIAN_POINT ( 'NONE',  ( 27.49800530482412242, 0.7489054131490705535, 0.000000000000000000 ) ) ;
#188 = EDGE_CURVE ( 'NONE', #1175, #1254, #2166, .T. ) ;
#189 = CARTESIAN_POINT ( 'NONE',  ( 50.75000000000000000, -3.374999999999979572, 0.000000000000000000 ) ) ;
#190 = LINE ( 'NONE', #3664, #985 ) ;
#191 = CARTESIAN_POINT ( 'NONE',  ( 39.96518256687155457, -3.224678871111922085, 0.5000000000000076605 ) ) ;
#192 = CARTESIAN_POINT ( 'NONE',  ( 27.87500000000000355, -1.010333609296567339E-15, 2.000000000000000000 ) ) ;
#193 = CARTESIAN_POINT ( 'NONE',  ( 30.72351130757081705, -3.405090288399386544, 0.000000000000000000 ) ) ;
#194 = CARTESIAN_POINT ( 'NONE',  ( 0.000000000000000000, -8.000000000000000000, 5.500000000000000000 ) ) ;
#195 = CARTESIAN_POINT ( 'NONE',  ( 42.74501965342768983, -2.541441151399568721, 0.000000000000000000 ) ) ;
#196 = ORIENTED_EDGE ( 'NONE', *, *, #1903, .F. ) ;
#197 = CARTESIAN_POINT ( 'NONE',  ( 0.000000000000000000, 8.000000000000000000, 0.5000000000000004441 ) ) ;
#198 = DIRECTION ( 'NONE',  ( -0.000000000000000000, -0.000000000000000000, -1.000000000000000000 ) ) ;
#199 = CARTESIAN_POINT ( 'NONE',  ( 21.00000000000000000, 1.899999999999999911, 4.132391042439890860 ) ) ;
#200 = FACE_OUTER_BOUND ( 'NONE', #427, .T. ) ;
#201 = AXIS2_PLACEMENT_3D ( 'NONE', #1590, #3073, #3414 ) ;
#202 = CARTESIAN_POINT ( 'NONE',  ( 35.66700932688066672, -3.750016616735620367, 0.5000000000000074385 ) ) ;
#203 = ORIENTED_EDGE ( 'NONE', *, *, #1951, .F. ) ;
#204 = CARTESIAN_POINT ( 'NONE',  ( 28.74604555048910726, -2.363254705979395354, 2.000000000000000000 ) ) ;
#205 = AXIS2_PLACEMENT_3D ( 'NONE', #1378, #3505, #731 ) ;
#206 = AXIS2_PLACEMENT_3D ( 'NONE', #2651, #2356, #3600 ) ;
#207 = CARTESIAN_POINT ( 'NONE',  ( 44.37304834318646130, -0.1082427203205170302, 0.000000000000000000 ) ) ;
#208 = ORIENTED_EDGE ( 'NONE', *, *, #1537, .T. ) ;
#209 = CARTESIAN_POINT ( 'NONE',  ( 27.77977904767321249, 1.329217619935727512, -0.000000000000000000 ) ) ;
#210 = EDGE_CURVE ( 'NONE', #1873, #2679, #630, .T. ) ;
#211 = LINE ( 'NONE', #3894, #865 ) ;
#213 = VERTEX_POINT ( 'NONE', #3977 ) ;
#212 = AXIS2_PLACEMENT_3D ( 'NONE', #2172, #2131, #2749 ) ;
#214 = DIRECTION ( 'NONE',  ( -0.000000000000000000, -0.8191520442889885789, -0.5735764363510507113 ) ) ;
#215 = CARTESIAN_POINT ( 'NONE',  ( 41.22782510077261264, -2.787524644520339656, 0.5000000000000073275 ) ) ;
#216 = CARTESIAN_POINT ( 'NONE',  ( 43.25872714890757464, -1.457924034455312157, 2.000000000000000000 ) ) ;
#217 = CARTESIAN_POINT ( 'NONE',  ( 50.75000000000000000, -3.508974596215540309, 6.000000000000000000 ) ) ;
#218 = CARTESIAN_POINT ( 'NONE',  ( 42.93179955081892984, 1.767908581179264971, 0.5000000000000073275 ) ) ;
#219 = ORIENTED_EDGE ( 'NONE', *, *, #3141, .F. ) ;
#220 = DIRECTION ( 'NONE',  ( -0.000000000000000000, -0.000000000000000000, 1.000000000000000000 ) ) ;
#221 = EDGE_CURVE ( 'NONE', #514, #2033, #2126, .T. ) ;
#222 = DIRECTION ( 'NONE',  ( -0.000000000000000000, 0.000000000000000000, 1.000000000000000000 ) ) ;
#223 = CARTESIAN_POINT ( 'NONE',  ( 31.33492492787182115, 3.612403178359069322, 0.000000000000000000 ) ) ;
#224 = CARTESIAN_POINT ( 'NONE',  ( 28.41928217042752536, -1.360111728610070125, 0.5000000000000073275 ) ) ;
#225 = EDGE_LOOP ( 'NONE', ( #2757, #3173, #2193, #726, #545 ) ) ;
#226 = ORIENTED_EDGE ( 'NONE', *, *, #2164, .T. ) ;
#227 = CARTESIAN_POINT ( 'NONE',  ( 29.25823118452983707, -2.114826385435074840, 2.000000000000001776 ) ) ;
#228 = CARTESIAN_POINT ( 'NONE',  ( 28.03361433920581192, -1.677934322531388966, 0.000000000000000000 ) ) ;
#229 = CARTESIAN_POINT ( 'NONE',  ( 43.91194225206912449, -1.418894210299666669, 0.000000000000000000 ) ) ;
#230 = EDGE_CURVE ( 'NONE', #2173, #3225, #2443, .T. ) ;
#231 = ORIENTED_EDGE ( 'NONE', *, *, #244, .F. ) ;
#232 = CARTESIAN_POINT ( 'NONE',  ( 30.87466662052964850, 3.459535917629358526, -0.000000000000000000 ) ) ;
#233 = DIRECTION ( 'NONE',  ( 1.000000000000000000, -0.000000000000000000, -0.000000000000000000 ) ) ;
#234 = ORIENTED_EDGE ( 'NONE', *, *, #3501, .T. ) ;
#235 = DIRECTION ( 'NONE',  ( 0.000000000000000000, 1.000000000000000000, 0.000000000000000000 ) ) ;
#236 = CARTESIAN_POINT ( 'NONE',  ( 21.00000000000000000, -3.374999999999997335, 3.099584923580558371 ) ) ;
#237 = CARTESIAN_POINT ( 'NONE',  ( 33.19019257705865300, -3.533946009942020794, 0.5000000000000073275 ) ) ;
#238 = CARTESIAN_POINT ( 'NONE',  ( 23.00000000000000355, 2.900000000000001688, 6.000000000000000000 ) ) ;
#239 = FACE_OUTER_BOUND ( 'NONE', #3779, .T. ) ;
#240 = CARTESIAN_POINT ( 'NONE',  ( 43.75497804450907324, 0.6474718679365297769, 0.5000000000000073275 ) ) ;
#241 = EDGE_LOOP ( 'NONE', ( #2043, #1463, #1482, #524, #1, #1598, #3461, #2644 ) ) ;
#242 = CARTESIAN_POINT ( 'NONE',  ( 40.72272288380027305, 3.514698818361702060, 0.000000000000000000 ) ) ;
#243 = DIRECTION ( 'NONE',  ( 0.000000000000000000, 0.7071067811865475727, 0.7071067811865475727 ) ) ;
#244 = EDGE_CURVE ( 'NONE', #3706, #2004, #1126, .T. ) ;
#245 = CARTESIAN_POINT ( 'NONE',  ( 0.000000000000000000, 0.000000000000000000, 6.000000000000000000 ) ) ;
#246 = CARTESIAN_POINT ( 'NONE',  ( 38.84894015147327195, 3.991270062008307029, 0.000000000000000000 ) ) ;
#247 = EDGE_CURVE ( 'NONE', #2600, #1478, #2157, .T. ) ;
#248 = CARTESIAN_POINT ( 'NONE',  ( 29.19935762630942833, -2.067699051274022981, 0.5000000000000073275 ) ) ;
#249 = ORIENTED_EDGE ( 'NONE', *, *, #3996, .F. ) ;
#250 = CARTESIAN_POINT ( 'NONE',  ( 6.000000000000000888, -3.125000000000000000, 0.000000000000000000 ) ) ;
#251 = CARTESIAN_POINT ( 'NONE',  ( 28.49617796656180957, -1.463146727844603756, 1.500000000000000000 ) ) ;
#252 = CARTESIAN_POINT ( 'NONE',  ( 28.08822295636664279, -1.742235992486126372, 0.000000000000000000 ) ) ;
#253 = CARTESIAN_POINT ( 'NONE',  ( 43.97132085546165570, -1.328156934250045884, 0.000000000000000000 ) ) ;
#254 = EDGE_LOOP ( 'NONE', ( #59, #1675, #1519, #1446, #256, #3802, #733, #575 ) ) ;
#255 = CARTESIAN_POINT ( 'NONE',  ( 29.66642322324064551, 2.935760479454735616, 0.000000000000000000 ) ) ;
#256 = ORIENTED_EDGE ( 'NONE', *, *, #1419, .F. ) ;
#257 = CARTESIAN_POINT ( 'NONE',  ( 32.38788084516741606, -3.374999999999990230, 1.999999999999998224 ) ) ;
#258 = B_SPLINE_CURVE_WITH_KNOTS ( 'NONE', 3,
 ( #387, #2839, #80, #102, #2205, #3447, #2818, #3823 ),
 .UNSPECIFIED., .F., .F.,
 ( 4, 2, 2, 4 ),
 ( 0.000000000000000000, 0.0003618960537621033363, 0.0007237921075242066725, 0.001447584215048413345 ),
 .UNSPECIFIED. ) ;
#259 = CARTESIAN_POINT ( 'NONE',  ( 39.30072994126140884, 4.668874172185430993, 1.999999999999991340 ) ) ;
#260 = CARTESIAN_POINT ( 'NONE',  ( 40.26094842029666410, -3.136672475862433362, 0.5000000000000073275 ) ) ;
#261 =( BOUNDED_SURFACE ( )  B_SPLINE_SURFACE ( 3, 1, ( 
 ( #2241, #2482 ),
 ( #3730, #2502 ),
 ( #79, #3746 ),
 ( #2184, #1323 ) ),
 .UNSPECIFIED., .F., .F., .T. ) 
 B_SPLINE_SURFACE_WITH_KNOTS ( ( 4, 4 ),
 ( 2, 2 ),
 ( 0.5000000000000000000, 1.000000000000000000 ),
 ( 0.000000000000000000, 1.000000000000000000 ),
 .UNSPECIFIED. ) 
 GEOMETRIC_REPRESENTATION_ITEM ( )  RATIONAL_B_SPLINE_SURFACE ( (
 ( 1.000000000000833333, 1.000000000000833333),
 ( 0.3333333333333333703, 0.3333333333333333703),
 ( 0.3333333333325000924, 0.3333333333325000924),
 ( 1.000000000000000000, 1.000000000000000000) ) ) 
 REPRESENTATION_ITEM ( '' )  SURFACE ( )  );
#262 = DIRECTION ( 'NONE',  ( 1.000000000000000000, 0.000000000000000000, 0.000000000000000000 ) ) ;
#263 = CARTESIAN_POINT ( 'NONE',  ( 41.91183738052311014, 2.460875127755833613, 0.5000000000000073275 ) ) ;
#264 = ORIENTED_EDGE ( 'NONE', *, *, #2245, .T. ) ;
#265 = CARTESIAN_POINT ( 'NONE',  ( 42.14906469397564592, 2.901028991467137885, 0.000000000000000000 ) ) ;
#266 = DIRECTION ( 'NONE',  ( 0.000000000000000000, -1.000000000000000000, 0.000000000000000000 ) ) ;
#267 = CARTESIAN_POINT ( 'NONE',  ( 29.17520008369275075, 2.652361010111986772, 0.000000000000000000 ) ) ;
#268 = VERTEX_POINT ( 'NONE', #2727 ) ;
#269 = CARTESIAN_POINT ( 'NONE',  ( 32.38788084516742316, -3.374999999999990230, 1.540468794536244967 ) ) ;
#270 = CARTESIAN_POINT ( 'NONE',  ( 28.97730814415580980, 2.528982167238938317, 2.000000000000000000 ) ) ;
#271 = CARTESIAN_POINT ( 'NONE',  ( 29.62340212842410381, -2.912923340170639808, 0.000000000000000000 ) ) ;
#272 = CARTESIAN_POINT ( 'NONE',  ( 44.37500000982829818, -0.05421482312906188844, 0.000000000000000000 ) ) ;
#273 = VECTOR ( 'NONE', #3638, 1000.000000000000000 ) ;
#274 = ORIENTED_EDGE ( 'NONE', *, *, #1975, .T. ) ;
#275 = CARTESIAN_POINT ( 'NONE',  ( 27.87499999998001243, -7.500000000000000888, 0.5000000000000073275 ) ) ;
#276 = LINE ( 'NONE', #1190, #146 ) ;
#277 = VERTEX_POINT ( 'NONE', #2387 ) ;
#278 = CARTESIAN_POINT ( 'NONE',  ( 32.44927005873860537, -4.668874172185430993, 5.999999999999989342 ) ) ;
#279 = CIRCLE ( 'NONE', #1186, 4.750000000000000000 ) ;
#280 = CARTESIAN_POINT ( 'NONE',  ( 38.76292641651723159, -3.498638520567387111, 0.5000000000000074385 ) ) ;
#281 = CARTESIAN_POINT ( 'NONE',  ( 42.77269185584521693, -2.528982167237628698, 2.000000000000000000 ) ) ;
#282 = VECTOR ( 'NONE', #2814, 1000.000000000000000 ) ;
#283 = DIRECTION ( 'NONE',  ( -1.000000000000000000, 0.000000000000000000, 0.000000000000000000 ) ) ;
#284 = CARTESIAN_POINT ( 'NONE',  ( 44.36530964949696454, -0.2159311749626670884, 0.000000000000000000 ) ) ;
#285 = VECTOR ( 'NONE', #1275, 1000.000000000000000 ) ;
#286 = ORIENTED_EDGE ( 'NONE', *, *, #141, .F. ) ;
#287 = PLANE ( 'NONE',  #20 ) ;
#288 = EDGE_CURVE ( 'NONE', #213, #1873, #537, .T. ) ;
#289 = VECTOR ( 'NONE', #2120, 1000.000000000000000 ) ;
#290 = CARTESIAN_POINT ( 'NONE',  ( 29.31321417874310953, 2.737452398035543855, 0.000000000000000000 ) ) ;
#291 = ORIENTED_EDGE ( 'NONE', *, *, #1243, .T. ) ;
#292 = CARTESIAN_POINT ( 'NONE',  ( 32.36493574163180398, -3.374999999999989786, 1.576855920068034100 ) ) ;
#293 = CARTESIAN_POINT ( 'NONE',  ( 29.04799294341851024, 1.963815171106732427, 1.500000000000000000 ) ) ;
#294 = CARTESIAN_POINT ( 'NONE',  ( 41.47231148479586693, -3.226276679537385395, -0.000000000000000000 ) ) ;
#295 = CARTESIAN_POINT ( 'NONE',  ( 43.14050483267227776, 1.571335444147085258, 0.5000000000000074385 ) ) ;
#296 = ORIENTED_EDGE ( 'NONE', *, *, #3097, .T. ) ;
#297 = CARTESIAN_POINT ( 'NONE',  ( 43.87500000000000711, 1.470012677705144964E-15, 0.5000000000000073275 ) ) ;
#298 = VERTEX_POINT ( 'NONE', #2817 ) ;
#299 = EDGE_CURVE ( 'NONE', #2786, #3300, #3466, .T. ) ;
#300 = FACE_OUTER_BOUND ( 'NONE', #2338, .T. ) ;
#301 = CARTESIAN_POINT ( 'NONE',  ( 43.87500000000000711, 0.1274947092564745754, 1.499999999999999778 ) ) ;
#302 = FACE_OUTER_BOUND ( 'NONE', #2787, .T. ) ;
#303 = DIRECTION ( 'NONE',  ( 0.000000000000000000, -1.000000000000000000, 0.000000000000000000 ) ) ;
#304 = CARTESIAN_POINT ( 'NONE',  ( 43.38988743331618281, 1.288370069353787617, 0.5000000000000073275 ) ) ;
#305 = ORIENTED_EDGE ( 'NONE', *, *, #148, .F. ) ;
#306 = CARTESIAN_POINT ( 'NONE',  ( 21.00000000000000355, -3.374999999999997335, -28.50614692156320018 ) ) ;
#307 = CARTESIAN_POINT ( 'NONE',  ( 33.73956422532996413, 4.119415122388477180, 0.000000000000000000 ) ) ;
#308 = ORIENTED_EDGE ( 'NONE', *, *, #2628, .T. ) ;
#309 = DIRECTION ( 'NONE',  ( -0.000000000000000000, -0.000000000000000000, 1.000000000000000000 ) ) ;
#310 = CARTESIAN_POINT ( 'NONE',  ( 29.92445304418017216, 2.530122787281833929, 2.000000000000122125 ) ) ;
#311 = CARTESIAN_POINT ( 'NONE',  ( 41.93756017998447305, -3.011001906157739771, -0.000000000000000000 ) ) ;
#312 = CARTESIAN_POINT ( 'NONE',  ( 42.55189593923450531, 2.069970274949133326, 0.5000000000000078826 ) ) ;
#313 = ADVANCED_FACE ( 'NONE', ( #1269 ), #3784, .F. ) ;
#314 = VERTEX_POINT ( 'NONE', #2204 ) ;
#315 = DIRECTION ( 'NONE',  ( 1.000000000000000000, 0.000000000000000000, 0.000000000000000000 ) ) ;
#316 = ORIENTED_EDGE ( 'NONE', *, *, #2603, .T. ) ;
#317 = DIRECTION ( 'NONE',  ( -0.000000000000000000, -0.000000000000000000, -1.000000000000000000 ) ) ;
#318 = CARTESIAN_POINT ( 'NONE',  ( 43.87348152602221774, -0.08427228060485074390, 0.5000000000000073275 ) ) ;
#319 = CARTESIAN_POINT ( 'NONE',  ( 0.000000000000000000, 0.000000000000000000, 0.000000000000000000 ) ) ;
#320 = FACE_OUTER_BOUND ( 'NONE', #3236, .T. ) ;
#321 = CARTESIAN_POINT ( 'NONE',  ( 29.40076118776630665, 2.203093204139535466, 0.5000000000000073275 ) ) ;
#322 = ORIENTED_EDGE ( 'NONE', *, *, #2951, .T. ) ;
#323 = CARTESIAN_POINT ( 'NONE',  ( 27.84130177674271067, 1.423035637445352997, 0.000000000000000000 ) ) ;
#324 = LINE ( 'NONE', #3650, #2529 ) ;
#325 = CARTESIAN_POINT ( 'NONE',  ( 27.67107536020142078, 1.146053971732091448, 0.000000000000000000 ) ) ;
#326 = ORIENTED_EDGE ( 'NONE', *, *, #686, .T. ) ;
#327 = DIRECTION ( 'NONE',  ( -0.000000000000000000, -0.000000000000000000, 1.000000000000000000 ) ) ;
#328 = CARTESIAN_POINT ( 'NONE',  ( 0.000000000000000000, 3.125000000000000000, 0.000000000000000000 ) ) ;
#329 = CARTESIAN_POINT ( 'NONE',  ( 0.000000000000000000, 0.000000000000000000, 6.000000000000000000 ) ) ;
#330 = CARTESIAN_POINT ( 'NONE',  ( 39.47978001190638508, -3.861112554450292667, -0.000000000000000000 ) ) ;
#331 = CARTESIAN_POINT ( 'NONE',  ( 43.20629303326160198, 1.502852101629536419, 0.5000000000000073275 ) ) ;
#332 = VERTEX_POINT ( 'NONE', #3763 ) ;
#333 = ORIENTED_EDGE ( 'NONE', *, *, #3400, .F. ) ;
#334 = FACE_OUTER_BOUND ( 'NONE', #993, .T. ) ;
#335 = DIRECTION ( 'NONE',  ( -0.000000000000000000, 1.000000000000000000, 0.000000000000000000 ) ) ;
#336 = AXIS2_PLACEMENT_3D ( 'NONE', #1255, #1549, #1216 ) ;
#337 = CARTESIAN_POINT ( 'NONE',  ( 44.29767846272336840, 0.5911836406331234528, 0.000000000000000000 ) ) ;
#338 = AXIS2_PLACEMENT_3D ( 'NONE', #2578, #3766, #2919 ) ;
#339 = DIRECTION ( 'NONE',  ( -1.000000000000000000, 0.000000000000000000, 0.000000000000000000 ) ) ;
#340 = EDGE_CURVE ( 'NONE', #213, #1919, #2864, .T. ) ;
#341 = CARTESIAN_POINT ( 'NONE',  ( 30.51675059458426986, 2.785237658227822877, 0.5000000000000073275 ) ) ;
#342 = VECTOR ( 'NONE', #750, 1000.000000000000000 ) ;
#343 = ORIENTED_EDGE ( 'NONE', *, *, #2899, .T. ) ;
#344 = CARTESIAN_POINT ( 'NONE',  ( 29.12954919679021160, 2.623168173531588820, 0.000000000000000000 ) ) ;
#345 = PLANE ( 'NONE',  #1957 ) ;
#346 = CARTESIAN_POINT ( 'NONE',  ( 27.48321239416375761, 0.6962833208740598634, 0.000000000000000000 ) ) ;
#347 = ORIENTED_EDGE ( 'NONE', *, *, #1924, .F. ) ;
#348 = EDGE_CURVE ( 'NONE', #1963, #635, #999, .T. ) ;
#349 = CARTESIAN_POINT ( 'NONE',  ( 27.87500000000000355, -1.010333609296567339E-15, 1.500000000000000000 ) ) ;
#350 = CARTESIAN_POINT ( 'NONE',  ( 30.20609456786769087, 3.212431523182537330, 2.000000000000000000 ) ) ;
#351 = DIRECTION ( 'NONE',  ( 1.000000000000000000, 0.000000000000000000, 0.000000000000000000 ) ) ;
#352 = CARTESIAN_POINT ( 'NONE',  ( 40.12731506723166319, -3.696852319404366316, -0.000000000000000000 ) ) ;
#353 = CARTESIAN_POINT ( 'NONE',  ( 43.86732109125708945, 0.1696999620651599427, 0.5000000000000073275 ) ) ;
#354 = APPLICATION_PROTOCOL_DEFINITION ( 'draft international standard', 'automotive_design', 1998, #1095 ) ;
#355 = ORIENTED_EDGE ( 'NONE', *, *, #2389, .F. ) ;
#356 = DIRECTION ( 'NONE',  ( -1.000000000000000000, 0.000000000000000000, 0.000000000000000000 ) ) ;
#357 = CARTESIAN_POINT ( 'NONE',  ( 43.30024486837791642, -1.396244070209092802, 0.5000000000000073275 ) ) ;
#358 = CARTESIAN_POINT ( 'NONE',  ( 44.07857612197859964, 1.142708166480594922, -0.000000000000000000 ) ) ;
#359 = DIRECTION ( 'NONE',  ( 0.000000000000000000, 0.000000000000000000, 1.000000000000000000 ) ) ;
#360 = CARTESIAN_POINT ( 'NONE',  ( 31.48205391988294366, 3.134519889911524526, 0.5000000000000073275 ) ) ;
#361 = ORIENTED_EDGE ( 'NONE', *, *, #3933, .F. ) ;
#362 = CARTESIAN_POINT ( 'NONE',  ( 28.64918618783689652, 2.278825390338829138, 0.000000000000000000 ) ) ;
#363 = CARTESIAN_POINT ( 'NONE',  ( 28.80255748727400089, 2.417623680673977482, 2.000000000000000444 ) ) ;
#364 = CARTESIAN_POINT ( 'NONE',  ( 27.52548377387476819, -0.8194416085741524913, 0.000000000000000000 ) ) ;
#365 =( BOUNDED_SURFACE ( )  B_SPLINE_SURFACE ( 3, 1, ( 
 ( #3899, #889 ),
 ( #826, #802 ),
 ( #3356, #2038 ),
 ( #2998, #192 ) ),
 .UNSPECIFIED., .F., .F., .F. ) 
 B_SPLINE_SURFACE_WITH_KNOTS ( ( 4, 4 ),
 ( 2, 2 ),
 ( 0.000000000000000000, 0.5000000000000000000 ),
 ( 0.000000000000000000, 1.000000000000000000 ),
 .UNSPECIFIED. ) 
 GEOMETRIC_REPRESENTATION_ITEM ( )  RATIONAL_B_SPLINE_SURFACE ( (
 ( 1.000000000000000000, 1.000000000000000000),
 ( 0.3333333333333333703, 0.3333333333333333703),
 ( 0.3333333333333333703, 0.3333333333333333703),
 ( 1.000000000000000000, 1.000000000000000000) ) ) 
 REPRESENTATION_ITEM ( '' )  SURFACE ( )  );
#366 = ORIENTED_EDGE ( 'NONE', *, *, #2192, .T. ) ;
#367 = EDGE_CURVE ( 'NONE', #3394, #2786, #1340, .T. ) ;
#368 = DIRECTION ( 'NONE',  ( -0.000000000000000000, 0.000000000000000000, 1.000000000000000000 ) ) ;
#369 = CARTESIAN_POINT ( 'NONE',  ( 51.16930389173644755, -3.374999999999979128, 0.7686251305689085767 ) ) ;
#370 = EDGE_CURVE ( 'NONE', #976, #469, #1964, .T. ) ;
#371 = CARTESIAN_POINT ( 'NONE',  ( 41.35004268882070733, -3.277940144980310055, -0.000000000000000000 ) ) ;
#372 = CARTESIAN_POINT ( 'NONE',  ( 34.73640335908484644, 3.712154209694878304, 0.5000000000000074385 ) ) ;
#373 = ORIENTED_EDGE ( 'NONE', *, *, #221, .T. ) ;
#374 = CARTESIAN_POINT ( 'NONE',  ( 48.75000000000000000, -2.899999999999999911, 3.432183504230160942 ) ) ;
#375 = PLANE ( 'NONE',  #11 ) ;
#376 = CARTESIAN_POINT ( 'NONE',  ( 43.74766901636687777, -0.6676841406358070552, 0.5000000000000076605 ) ) ;
#377 = CARTESIAN_POINT ( 'NONE',  ( 41.27934153197857370, 3.307591994651636114, -0.000000000000000000 ) ) ;
#378 = DIRECTION ( 'NONE',  ( 1.000000000000000000, 0.000000000000000000, 0.000000000000000000 ) ) ;
#379 = CARTESIAN_POINT ( 'NONE',  ( 30.61113753252580949, 2.824478501650661944, 0.5000000000000073275 ) ) ;
#380 = VERTEX_POINT ( 'NONE', #3166 ) ;
#381 = CARTESIAN_POINT ( 'NONE',  ( 39.26955847237731945, 3.907573065685318259, 0.000000000000000000 ) ) ;
#382 = CARTESIAN_POINT ( 'NONE',  ( 29.15253304960848624, 2.652180495291791118, 2.000000000000000444 ) ) ;
#383 = CARTESIAN_POINT ( 'NONE',  ( 27.43799684943321182, -0.5345514351477756998, 0.000000000000000000 ) ) ;
#384 = EDGE_CURVE ( 'NONE', #1830, #119, #92, .T. ) ;
#385 = ORIENTED_EDGE ( 'NONE', *, *, #3444, .T. ) ;
#386 = PLANE ( 'NONE',  #871 ) ;
#387 = CARTESIAN_POINT ( 'NONE',  ( 20.50000000000000000, 3.375000000000000000, 0.6771243444677025325 ) ) ;
#388 = PLANE ( 'NONE',  #466 ) ;
#389 = ADVANCED_FACE ( 'NONE', ( #2261 ), #386, .T. ) ;
#390 = CARTESIAN_POINT ( 'NONE',  ( 30.23679067849530000, 2.663042335120749726, 0.5000000000000074385 ) ) ;
#391 = DIRECTION ( 'NONE',  ( -1.000000000000000000, 0.000000000000000000, -0.000000000000000000 ) ) ;
#392 = CARTESIAN_POINT ( 'NONE',  ( 43.26143823491746332, 2.144015193579770440, 0.000000000000000000 ) ) ;
#393 = CARTESIAN_POINT ( 'NONE',  ( 27.53475794360578277, -0.8439562703835421509, -0.000000000000000000 ) ) ;
#394 = ADVANCED_FACE ( 'NONE', ( #1017 ), #261, .F. ) ;
#395 = CARTESIAN_POINT ( 'NONE',  ( 40.41773992563191342, 3.611211787224789305, -0.000000000000000000 ) ) ;
#396 = ADVANCED_FACE ( 'NONE', ( #2539 ), #1906, .F. ) ;
#397 = LINE ( 'NONE', #153, #612 ) ;
#398 = CARTESIAN_POINT ( 'NONE',  ( 31.18864645867130037, 3.039738108390165561, 0.5000000000000073275 ) ) ;
#399 = B_SPLINE_CURVE_WITH_KNOTS ( 'NONE', 3,
 ( #2060, #2512, #1295, #2196, #969, #3754, #3374, #3095, #2135, #1279, #1551, #603, #2736, #2472, #3721, #948 ),
 .UNSPECIFIED., .F., .F.,
 ( 4, 2, 2, 2, 2, 2, 2, 4 ),
 ( 0.000000000000000000, 0.001505048016193472928, 0.003010096032386945855, 0.003762620040483682319, 0.004515144048580418783, 0.005267668056677155680, 0.005643930060725523695, 0.006020192064773891710 ),
 .UNSPECIFIED. ) ;
#400 = CARTESIAN_POINT ( 'NONE',  ( 39.81402736066230119, 3.275329159884005303, 1.999999999999878764 ) ) ;
#401 = VERTEX_POINT ( 'NONE', #2596 ) ;
#402 = VECTOR ( 'NONE', #3866, 1000.000000000000000 ) ;
#403 = CARTESIAN_POINT ( 'NONE',  ( 28.25268765195812648, 1.921787447615325384, 0.000000000000000000 ) ) ;
#404 = CARTESIAN_POINT ( 'NONE',  ( 43.79667761365761436, -0.5238759238929940887, 0.5000000000000074385 ) ) ;
#405 = CARTESIAN_POINT ( 'NONE',  ( 27.37493598245787041, -0.1081952085782345724, 0.000000000000000000 ) ) ;
#406 = VECTOR ( 'NONE', #1989, 1000.000000000000000 ) ;
#407 = ORIENTED_EDGE ( 'NONE', *, *, #1006, .T. ) ;
#408 = CARTESIAN_POINT ( 'NONE',  ( 32.38788084516746579, 3.375000000000000444, 1.500000000000000000 ) ) ;
#409 = PLANE ( 'NONE',  #3765 ) ;
#410 = EDGE_CURVE ( 'NONE', #3013, #972, #787, .T. ) ;
#411 = AXIS2_PLACEMENT_3D ( 'NONE', #1887, #3696, #48 ) ;
#412 = DIRECTION ( 'NONE',  ( -0.000000000000000000, 0.000000000000000000, 1.000000000000000000 ) ) ;
#413 = CARTESIAN_POINT ( 'NONE',  ( 27.93477377078272283, -0.4594466119026725526, 0.5000000000000074385 ) ) ;
#414 = LINE ( 'NONE', #1645, #1438 ) ;
#415 = CARTESIAN_POINT ( 'NONE',  ( 44.15026204921968400, 0.9990885964798916774, 0.000000000000000000 ) ) ;
#416 = VECTOR ( 'NONE', #1844, 1000.000000000000000 ) ;
#417 = CARTESIAN_POINT ( 'NONE',  ( 23.00000000000000355, 8.000000000000000000, 5.500000000000000000 ) ) ;
#418 = CARTESIAN_POINT ( 'NONE',  ( 44.01308136866251886, -1.259154893861073932, 0.000000000000000000 ) ) ;
#419 = AXIS2_PLACEMENT_3D ( 'NONE', #3534, #2309, #3181 ) ;
#420 = CARTESIAN_POINT ( 'NONE',  ( 42.15088479882351180, 2.899887595315519206, -0.000000000000000000 ) ) ;
#421 = FACE_OUTER_BOUND ( 'NONE', #3992, .T. ) ;
#422 = CARTESIAN_POINT ( 'NONE',  ( 28.81598857272052427, -1.765977603203532142, 0.5000000000000074385 ) ) ;
#423 = CARTESIAN_POINT ( 'NONE',  ( 39.94144324613529307, 3.759233974458533023, 2.000000000000000000 ) ) ;
#424 = CARTESIAN_POINT ( 'NONE',  ( 27.53517914143305134, -0.8450457657721357485, 0.000000000000000000 ) ) ;
#425 = CARTESIAN_POINT ( 'NONE',  ( 43.03770985613979150, -1.670607036872542750, 0.5000000000000073275 ) ) ;
#426 = CARTESIAN_POINT ( 'NONE',  ( 40.81709474004563987, -3.480587874729482945, 0.000000000000000000 ) ) ;
#427 = EDGE_LOOP ( 'NONE', ( #1356, #1262, #3887, #1282 ) ) ;
#428 = DIRECTION ( 'NONE',  ( -0.000000000000000000, 0.000000000000000000, 1.000000000000000000 ) ) ;
#429 = DIRECTION ( 'NONE',  ( 0.000000000000000000, 0.000000000000000000, 1.000000000000000000 ) ) ;
#430 = FACE_OUTER_BOUND ( 'NONE', #892, .T. ) ;
#431 = CARTESIAN_POINT ( 'NONE',  ( 29.03850937243211661, 1.948776050926963821, 0.5000000000000073275 ) ) ;
#432 = CARTESIAN_POINT ( 'NONE',  ( 23.00000000000000355, 3.375000000000000000, -28.50614692156320018 ) ) ;
#433 = CARTESIAN_POINT ( 'NONE',  ( 41.27629987730483663, 2.780448790785813973, 1.500000000000000000 ) ) ;
#434 = CARTESIAN_POINT ( 'NONE',  ( 28.97786371826039442, -1.900000000000001021, 4.132391042439888196 ) ) ;
#435 = CARTESIAN_POINT ( 'NONE',  ( 33.73891164164533052, 4.118279542038585816, 0.000000000000000000 ) ) ;
#436 = DIRECTION ( 'NONE',  ( 0.000000000000000000, -1.000000000000000000, 0.000000000000000000 ) ) ;
#437 = CARTESIAN_POINT ( 'NONE',  ( 28.24161156045935783, 1.122379901887256448, 0.5000000000000073275 ) ) ;
#438 = CARTESIAN_POINT ( 'NONE',  ( 43.54288715527278697, 1.074461992510753694, 2.000000000000423661 ) ) ;
#439 = EDGE_CURVE ( 'NONE', #3013, #469, #832, .T. ) ;
#440 = CARTESIAN_POINT ( 'NONE',  ( 28.25131784456318229, -1.920425428529716427, 0.000000000000000000 ) ) ;
#441 = CARTESIAN_POINT ( 'NONE',  ( 43.57190432352922471, -1.023228418108067528, 0.5000000000000073275 ) ) ;
#442 = CARTESIAN_POINT ( 'NONE',  ( 34.16428698457309565, -4.171214692440553762, 0.000000000000000000 ) ) ;
#443 = ORIENTED_EDGE ( 'NONE', *, *, #3828, .F. ) ;
#444 = CARTESIAN_POINT ( 'NONE',  ( 11.00000000000000178, -3.125000000000000000, 0.000000000000000000 ) ) ;
#445 = LINE ( 'NONE', #3927, #2272 ) ;
#446 = CARTESIAN_POINT ( 'NONE',  ( 32.38788084516742316, -3.374999999999990230, 3.099584923580558371 ) ) ;
#447 = EDGE_CURVE ( 'NONE', #2936, #2456, #3273, .T. ) ;
#448 = CARTESIAN_POINT ( 'NONE',  ( 29.69981908352506039, 2.384934212036367018, 0.5000000000000076605 ) ) ;
#449 = LINE ( 'NONE', #1004, #3109 ) ;
#450 = DIRECTION ( 'NONE',  ( 0.000000000000000000, -1.000000000000000000, 0.000000000000000000 ) ) ;
#451 = FILL_AREA_STYLE_COLOUR ( '', #3232 ) ;
#452 = CARTESIAN_POINT ( 'NONE',  ( 38.47906606466342794, 4.052114468879898901, 0.000000000000000000 ) ) ;
#453 = DIRECTION ( 'NONE',  ( 0.000000000000000000, -0.7071067811865475727, 0.7071067811865475727 ) ) ;
#454 = CARTESIAN_POINT ( 'NONE',  ( 50.00000000000000000, 0.000000000000000000, 0.5000000000000004441 ) ) ;
#455 = CARTESIAN_POINT ( 'NONE',  ( 27.88107547795054586, -0.1683766350939578937, 0.5000000000000076605 ) ) ;
#456 = CARTESIAN_POINT ( 'NONE',  ( 41.54156337873831006, 3.213575661764957569, 2.000000000000000000 ) ) ;
#457 = CARTESIAN_POINT ( 'NONE',  ( 27.38307773468505601, 0.2191145315854783338, 0.000000000000000000 ) ) ;
#458 = VECTOR ( 'NONE', #2888, 1000.000000000000000 ) ;
#459 = CARTESIAN_POINT ( 'NONE',  ( 41.50748919762924061, -2.665693043916974592, 0.5000000000000074385 ) ) ;
#460 = CARTESIAN_POINT ( 'NONE',  ( 44.19422155362305205, -0.8979818686204061873, 0.000000000000000000 ) ) ;
#461 = VECTOR ( 'NONE', #988, 1000.000000000000114 ) ;
#462 = ORIENTED_EDGE ( 'NONE', *, *, #3563, .T. ) ;
#463 = DIRECTION ( 'NONE',  ( 1.000000000000000000, 0.000000000000000000, 0.000000000000000000 ) ) ;
#464 = CARTESIAN_POINT ( 'NONE',  ( 52.75000000000000711, 0.000000000000000000, 2.000000000000000000 ) ) ;
#465 = CARTESIAN_POINT ( 'NONE',  ( 21.00000000000000000, 3.375000000000000000, 3.099584923580558371 ) ) ;
#466 = AXIS2_PLACEMENT_3D ( 'NONE', #2002, #412, #1071 ) ;
#467 = CARTESIAN_POINT ( 'NONE',  ( 28.33514835441358315, 1.254088983797969403, 0.5000000000000076605 ) ) ;
#468 = CIRCLE ( 'NONE', #206, 2.000000000000001776 ) ;
#469 = VERTEX_POINT ( 'NONE', #2917 ) ;
#470 = CARTESIAN_POINT ( 'NONE',  ( 28.19509924095361697, 1.070160550343475236, 1.500000000000000000 ) ) ;
#471 = CIRCLE ( 'NONE', #2091, 8.000000000000000000 ) ;
#472 = FACE_OUTER_BOUND ( 'NONE', #1706, .T. ) ;
#473 = ORIENTED_EDGE ( 'NONE', *, *, #3011, .F. ) ;
#474 = CARTESIAN_POINT ( 'NONE',  ( 27.82230232408904769, 1.396050361914638493, -0.000000000000000000 ) ) ;
#475 = CARTESIAN_POINT ( 'NONE',  ( 23.00000000000000355, 2.899999999999999911, 3.432183504230174265 ) ) ;
#476 = CARTESIAN_POINT ( 'NONE',  ( 28.97786371826039087, -1.899999999999999023, 1.999999999999991340 ) ) ;
#477 = CARTESIAN_POINT ( 'NONE',  ( 27.88127379061101863, 0.1706000801040525872, 0.5000000000000074385 ) ) ;
#478 = AXIS2_PLACEMENT_3D ( 'NONE', #3020, #2719, #1776 ) ;
#479 = CARTESIAN_POINT ( 'NONE',  ( 43.87480973979906196, 0.1145539098143118495, 1.999999999999993117 ) ) ;
#480 = CARTESIAN_POINT ( 'NONE',  ( 31.02802897029093998, -3.513266444476339956, 0.000000000000000000 ) ) ;
#481 = CARTESIAN_POINT ( 'NONE',  ( 36.71082640430812205, -3.730760533956457348, 0.5000000000000073275 ) ) ;
#482 = CARTESIAN_POINT ( 'NONE',  ( 35.01749596749465354, -4.230336803182184191, 0.000000000000000000 ) ) ;
#483 = ORIENTED_EDGE ( 'NONE', *, *, #3904, .T. ) ;
#484 = DIRECTION ( 'NONE',  ( 0.000000000000000000, 0.000000000000000000, -1.000000000000000000 ) ) ;
#485 = CYLINDRICAL_SURFACE ( 'NONE', #2781, 8.000000000000000000 ) ;
#486 = CARTESIAN_POINT ( 'NONE',  ( 50.25000000000000000, -4.374999999999978684, 6.000000000000000000 ) ) ;
#487 = CARTESIAN_POINT ( 'NONE',  ( 44.12705942424219074, 1.048181376045007385, 0.000000000000000000 ) ) ;
#488 = CARTESIAN_POINT ( 'NONE',  ( 33.80237751648967759, -3.627552226698714133, 0.5000000000000074385 ) ) ;
#489 = PRODUCT_RELATED_PRODUCT_CATEGORY ( 'part', '', ( #131 ) ) ;
#490 = DIRECTION ( 'NONE',  ( -1.000000000000000000, 0.000000000000000000, -0.000000000000000000 ) ) ;
#491 = CARTESIAN_POINT ( 'NONE',  ( 27.91563843732078709, 0.4362708204957437830, 2.000000000000000000 ) ) ;
#492 = CARTESIAN_POINT ( 'NONE',  ( 29.00835683126693709, -2.542741591199880968, -0.000000000000000000 ) ) ;
#493 = ORIENTED_EDGE ( 'NONE', *, *, #1815, .T. ) ;
#494 = CARTESIAN_POINT ( 'NONE',  ( 28.16796446883761718, 1.831257512044722091, -0.000000000000000000 ) ) ;
#495 = CARTESIAN_POINT ( 'NONE',  ( 21.00000000000000000, 1.899999999999999911, 4.132391042439890860 ) ) ;
#496 = CARTESIAN_POINT ( 'NONE',  ( 0.000000000000000000, 8.000000000000000000, 6.000000000000000000 ) ) ;
#497 = CARTESIAN_POINT ( 'NONE',  ( 27.98089551846291911, 0.6084899252131656944, 0.5000000000000073275 ) ) ;
#498 = CARTESIAN_POINT ( 'NONE',  ( 43.83436156267924844, -0.4362708204955461078, 2.000000000000000000 ) ) ;
#499 = CARTESIAN_POINT ( 'NONE',  ( 27.50906299623020956, 0.7740289909754312081, 0.000000000000000000 ) ) ;
#500 = FACE_OUTER_BOUND ( 'NONE', #241, .T. ) ;
#501 = CARTESIAN_POINT ( 'NONE',  ( 43.78335699594744312, -1.595190304934045900, 0.000000000000000000 ) ) ;
#502 = ORIENTED_EDGE ( 'NONE', *, *, #511, .T. ) ;
#503 = CARTESIAN_POINT ( 'NONE',  ( 0.000000000000000000, 7.500000000000000000, 0.000000000000000000 ) ) ;
#504 = CYLINDRICAL_SURFACE ( 'NONE', #3239, 2.000000000000000000 ) ;
#505 = CARTESIAN_POINT ( 'NONE',  ( 27.87500030552109109, 0.001036386763684525592, 0.5000000000000073275 ) ) ;
#506 = CARTESIAN_POINT ( 'NONE',  ( 43.49681264547649562, 1.922334828247471483, 0.000000000000000000 ) ) ;
#507 = ADVANCED_FACE ( 'NONE', ( #3226 ), #1069, .F. ) ;
#508 = CARTESIAN_POINT ( 'NONE',  ( 28.00185961989944161, -0.6654981952834632120, 0.5000000000000074385 ) ) ;
#509 = ORIENTED_EDGE ( 'NONE', *, *, #3589, .T. ) ;
#510 = CARTESIAN_POINT ( 'NONE',  ( 29.25823118337531170, -2.114826387286466769, 1.500000000000000000 ) ) ;
#511 = EDGE_CURVE ( 'NONE', #1478, #3919, #525, .T. ) ;
#512 = CARTESIAN_POINT ( 'NONE',  ( 31.07531119806705533, -3.529576607948409883, -0.000000000000000000 ) ) ;
#513 = CARTESIAN_POINT ( 'NONE',  ( 44.35952250064175928, -0.2695917207443864205, 0.000000000000000000 ) ) ;
#514 = VERTEX_POINT ( 'NONE', #3542 ) ;
#515 = CARTESIAN_POINT ( 'NONE',  ( 27.43712521522014569, 0.5389807319488538750, -0.000000000000000000 ) ) ;
#516 = CARTESIAN_POINT ( 'NONE',  ( 28.97786371826039442, -1.900000000000001021, 4.132391042439888196 ) ) ;
#517 = CARTESIAN_POINT ( 'NONE',  ( 21.00000000000000355, 3.508974596215563402, 2.000000000000000000 ) ) ;
#518 =( BOUNDED_SURFACE ( )  B_SPLINE_SURFACE ( 3, 1, ( 
 ( #476, #1709 ),
 ( #3034, #278 ),
 ( #1514, #846 ),
 ( #1451, #3942 ) ),
 .UNSPECIFIED., .F., .F., .T. ) 
 B_SPLINE_SURFACE_WITH_KNOTS ( ( 4, 4 ),
 ( 2, 2 ),
 ( 0.000000000000000000, 1.000000000000000000 ),
 ( 0.000000000000000000, 1.000000000000000000 ),
 .UNSPECIFIED. ) 
 GEOMETRIC_REPRESENTATION_ITEM ( )  RATIONAL_B_SPLINE_SURFACE ( (
 ( 1.000000000000000000, 1.000000000000000000),
 ( 0.6711111111111108807, 0.6711111111111108807),
 ( 0.6711111111111108807, 0.6711111111111108807),
 ( 1.000000000000000000, 1.000000000000000000) ) ) 
 REPRESENTATION_ITEM ( '' )  SURFACE ( )  );
#519 = CARTESIAN_POINT ( 'NONE',  ( 31.78063540759917771, -3.223526487181468614, 0.5000000000000075495 ) ) ;
#520 = EDGE_CURVE ( 'NONE', #3318, #72, #3525, .T. ) ;
#521 = CARTESIAN_POINT ( 'NONE',  ( 42.05348456478261454, -2.977220843161311858, 2.000000000000000000 ) ) ;
#522 = FACE_OUTER_BOUND ( 'NONE', #983, .T. ) ;
#523 = CARTESIAN_POINT ( 'NONE',  ( 43.54778699624841209, 1.064551435904755206, 0.5000000000000074385 ) ) ;
#524 = ORIENTED_EDGE ( 'NONE', *, *, #1724, .T. ) ;
#525 = LINE ( 'NONE', #503, #152 ) ;
#526 = DIRECTION ( 'NONE',  ( -0.000000000000000000, -0.000000000000000000, -1.000000000000000000 ) ) ;
#527 = LINE ( 'NONE', #199, #3311 ) ;
#528 = ADVANCED_FACE ( 'NONE', ( #3845 ), #3587, .F. ) ;
#529 = CARTESIAN_POINT ( 'NONE',  ( 28.03732787083620082, 1.682883120827354473, 0.000000000000000000 ) ) ;
#530 = VECTOR ( 'NONE', #2117, 1000.000000000000000 ) ;
#531 = CARTESIAN_POINT ( 'NONE',  ( 28.96414858316418517, -1.890360500200322535, 0.5000000000000073275 ) ) ;
#532 = EDGE_LOOP ( 'NONE', ( #706, #1878, #714, #1274, #3287, #2432, #655, #1182 ) ) ;
#533 = ADVANCED_FACE ( 'NONE', ( #765 ), #2260, .T. ) ;
#534 = LINE ( 'NONE', #1763, #3516 ) ;
#535 = CARTESIAN_POINT ( 'NONE',  ( 30.40750991139086068, -2.754123373768430305, 1.500000000000000000 ) ) ;
#536 = CONICAL_SURFACE ( 'NONE', #1886, 4.750000000000000000, 0.7853981633974526089 ) ;
#537 = B_SPLINE_CURVE_WITH_KNOTS ( 'NONE', 3,
 ( #1209, #269, #292, #3629, #2427, #858, #2092, #1784, #3009, #1483, #1639, #1302 ),
 .UNSPECIFIED., .F., .F.,
 ( 4, 2, 2, 2, 2, 4 ),
 ( 0.000000000000000000, 0.0001194921311369615875, 0.0002389842622739231750, 0.0004779685245478639682, 0.0009559370490957453921, 0.001911874098191508132 ),
 .UNSPECIFIED. ) ;
#538 = CARTESIAN_POINT ( 'NONE',  ( 30.77301289306515386, -3.422840100840736088, -0.000000000000000000 ) ) ;
#539 = VECTOR ( 'NONE', #1661, 1000.000000000000000 ) ;
#540 = CARTESIAN_POINT ( 'NONE',  ( 44.24184294057030797, -0.7714359842409908019, 0.000000000000000000 ) ) ;
#541 = ORIENTED_EDGE ( 'NONE', *, *, #931, .F. ) ;
#542 = CARTESIAN_POINT ( 'NONE',  ( 27.75212791250066147, 1.284496114874124961, -0.000000000000000000 ) ) ;
#543 = CARTESIAN_POINT ( 'NONE',  ( 21.50000000000000000, 7.500000000000000000, 0.000000000000000000 ) ) ;
#545 = ORIENTED_EDGE ( 'NONE', *, *, #3536, .F. ) ;
#544 = CIRCLE ( 'NONE', #2589, 8.000000000000000000 ) ;
#546 = LINE ( 'NONE', #866, #661 ) ;
#547 = CARTESIAN_POINT ( 'NONE',  ( 0.000000000000000000, 0.000000000000000000, 5.499999999999992895 ) ) ;
#548 = CARTESIAN_POINT ( 'NONE',  ( 42.04374686624365154, -2.390987710590033899, 0.5000000000000073275 ) ) ;
#549 = EDGE_CURVE ( 'NONE', #998, #2691, #2880, .T. ) ;
#550 = EDGE_CURVE ( 'NONE', #2095, #1919, #2081, .T. ) ;
#551 = CARTESIAN_POINT ( 'NONE',  ( 40.33886752045139445, -3.126441048668068046, 1.999999999999877875 ) ) ;
#552 = EDGE_CURVE ( 'NONE', #84, #2679, #1476, .T. ) ;
#553 = DIRECTION ( 'NONE',  ( -1.000000000000000000, 0.000000000000000000, 0.000000000000000000 ) ) ;
#554 = CARTESIAN_POINT ( 'NONE',  ( 44.29065747187483026, -0.6154737055954436764, 0.000000000000000000 ) ) ;
#555 = ORIENTED_EDGE ( 'NONE', *, *, #1169, .T. ) ;
#556 = DIRECTION ( 'NONE',  ( -0.000000000000000000, 0.000000000000000000, 1.000000000000000000 ) ) ;
#557 = LINE ( 'NONE', #3590, #14 ) ;
#558 = CARTESIAN_POINT ( 'NONE',  ( 30.02604439050809049, 3.116609077981803644, 0.000000000000000000 ) ) ;
#559 = CARTESIAN_POINT ( 'NONE',  ( 28.81598857272052427, -1.765977603203532142, 0.5000000000000074385 ) ) ;
#560 = ORIENTED_EDGE ( 'NONE', *, *, #1841, .F. ) ;
#561 = CARTESIAN_POINT ( 'NONE',  ( 19.00000000000000355, 0.000000000000000000, 0.000000000000000000 ) ) ;
#562 = CARTESIAN_POINT ( 'NONE',  ( 30.40750991210660814, -2.754123371837573497, 2.000000000000122569 ) ) ;
#563 = CARTESIAN_POINT ( 'NONE',  ( 28.06891063753372961, -1.719847237328580469, -0.000000000000000000 ) ) ;
#564 = CARTESIAN_POINT ( 'NONE',  ( 43.38055549733092420, -2.034607460785012645, 0.000000000000000000 ) ) ;
#565 = ORIENTED_EDGE ( 'NONE', *, *, #117, .T. ) ;
#566 = CARTESIAN_POINT ( 'NONE',  ( 32.16018762305601086, 3.835600002666487374, -0.000000000000000000 ) ) ;
#567 = B_SPLINE_CURVE_WITH_KNOTS ( 'NONE', 3,
 ( #1388, #3856, #1079, #57, #2308, #974, #3421, #1299, #3238, #2201, #647, #3441, #2222, #755, #1921, #1596, #667, #3553, #1875, #3102, #1901, #363, #382, #1614, #1770, #3331 ),
 .UNSPECIFIED., .F., .F.,
 ( 4, 2, 2, 2, 2, 2, 2, 2, 2, 2, 2, 2, 4 ),
 ( 4.336808689942017736E-19, 0.001242533961412690437, 0.002485067922825380440, 0.003106334903531725658, 0.003727601884238070876, 0.004348868864944415227, 0.004970135845650760012, 0.005591402826357104797, 0.006212669807063451316, 0.006833936787769796101, 0.007455203768476140885, 0.008697737729888830455, 0.009940271691301518289 ),
 .UNSPECIFIED. ) ;
#568 = ORIENTED_EDGE ( 'NONE', *, *, #2192, .F. ) ;
#569 = LINE ( 'NONE', #1583, #2971 ) ;
#570 = CARTESIAN_POINT ( 'NONE',  ( 28.97786371826039442, 1.899999999999999911, 1.999999999999991340 ) ) ;
#571 = CARTESIAN_POINT ( 'NONE',  ( 42.21566629632332024, -2.290496767178972881, 0.5000000000000076605 ) ) ;
#572 = CARTESIAN_POINT ( 'NONE',  ( 41.34469374468230995, -2.753043703447060953, 2.000000000000122125 ) ) ;
#573 = CARTESIAN_POINT ( 'NONE',  ( 32.10598172441451226, 3.374999999999999556, 1.748809099331811057 ) ) ;
#574 = CARTESIAN_POINT ( 'NONE',  ( 43.79058474746598506, 0.5449212248353159094, 0.5000000000000073275 ) ) ;
#575 = ORIENTED_EDGE ( 'NONE', *, *, #1657, .T. ) ;
#576 = CARTESIAN_POINT ( 'NONE',  ( 34.16648282128170422, 4.166368683321937993, 0.000000000000000000 ) ) ;
#577 = ORIENTED_EDGE ( 'NONE', *, *, #550, .T. ) ;
#578 = CARTESIAN_POINT ( 'NONE',  ( 0.000000000000000000, 5.875000000000000000, 0.000000000000000000 ) ) ;
#579 = EDGE_CURVE ( 'NONE', #1108, #268, #1977, .T. ) ;
#580 = CARTESIAN_POINT ( 'NONE',  ( 30.32171346193040762, -3.245632999022650012, 0.000000000000000000 ) ) ;
#581 = CARTESIAN_POINT ( 'NONE',  ( 44.29783113131325223, -0.5889552339790721236, 0.000000000000000000 ) ) ;
#582 = ORIENTED_EDGE ( 'NONE', *, *, #3523, .F. ) ;
#583 = CARTESIAN_POINT ( 'NONE',  ( 31.15293866282167556, -3.048351527545412054, 3.328306646337945818 ) ) ;
#584 = LINE ( 'NONE', #1427, #136 ) ;
#585 = CARTESIAN_POINT ( 'NONE',  ( 36.91829974981119022, -3.719269017211661588, 0.5000000000000073275 ) ) ;
#586 = CARTESIAN_POINT ( 'NONE',  ( 43.08553769998717087, -1.635114635134582217, 2.000000000000000000 ) ) ;
#587 = CARTESIAN_POINT ( 'NONE',  ( 50.25000000000000000, -3.374999999999979128, 0.000000000000000000 ) ) ;
#588 = CARTESIAN_POINT ( 'NONE',  ( 44.31117175408517284, -0.5360517354991163330, 0.000000000000000000 ) ) ;
#589 = EDGE_LOOP ( 'NONE', ( #3351, #657, #2057, #1838, #3541, #326, #3142, #1267, #2806, #3345, #3379, #1547, #2964, #502, #1580, #2794, #909, #1567, #2750, #2199, #373, #1399 ) ) ;
#590 = DIRECTION ( 'NONE',  ( 0.7071067811865505703, 0.000000000000000000, 0.7071067811865444641 ) ) ;
#591 = CARTESIAN_POINT ( 'NONE',  ( 32.89325192219123295, 3.989844872351447247, 0.000000000000000000 ) ) ;
#592 = ORIENTED_EDGE ( 'NONE', *, *, #4005, .F. ) ;
#593 = CARTESIAN_POINT ( 'NONE',  ( 31.93779247798108401, 3.275733605318221553, 1.500000000000000000 ) ) ;
#594 = CARTESIAN_POINT ( 'NONE',  ( 40.86917274589808358, -3.461723390411245216, -0.000000000000000000 ) ) ;
#595 = CARTESIAN_POINT ( 'NONE',  ( 43.57257452850452495, -1.843485354396414477, 0.000000000000000000 ) ) ;
#596 = VECTOR ( 'NONE', #2066, 1000.000000000000000 ) ;
#597 = VERTEX_POINT ( 'NONE', #2420 ) ;
#598 =( NAMED_UNIT ( * ) SI_UNIT ( $, .STERADIAN. ) SOLID_ANGLE_UNIT ( ) );
#599 = ORIENTED_EDGE ( 'NONE', *, *, #3961, .T. ) ;
#600 = DIRECTION ( 'NONE',  ( 0.000000000000000000, -0.000000000000000000, 1.000000000000000000 ) ) ;
#601 = VECTOR ( 'NONE', #1111, 1000.000000000000000 ) ;
#602 = CARTESIAN_POINT ( 'NONE',  ( 43.80814062572056855, 0.4994299958957538199, 1.500000000000000000 ) ) ;
#603 = CARTESIAN_POINT ( 'NONE',  ( 43.76954480391145097, -0.6183651114640249524, 1.499999999999999556 ) ) ;
#604 = AXIS2_PLACEMENT_3D ( 'NONE', #1913, #3113, #315 ) ;
#605 = CARTESIAN_POINT ( 'NONE',  ( 37.12039969815450036, -3.883928571428575616, 1.999999999999994893 ) ) ;
#606 = CARTESIAN_POINT ( 'NONE',  ( 43.00325875266214126, 1.703867796227425790, 0.5000000000000073275 ) ) ;
#607 = AXIS2_PLACEMENT_3D ( 'NONE', #3399, #1535, #970 ) ;
#608 = ORIENTED_EDGE ( 'NONE', *, *, #1137, .T. ) ;
#609 = CARTESIAN_POINT ( 'NONE',  ( 40.10657488362095080, 3.702936846172943053, 0.000000000000000000 ) ) ;
#610 = CARTESIAN_POINT ( 'NONE',  ( 4.750000000000000000, 0.000000000000000000, 5.499999999999992895 ) ) ;
#611 = CARTESIAN_POINT ( 'NONE',  ( 38.63823009331501623, 4.027821855861118294, 0.000000000000000000 ) ) ;
#612 = VECTOR ( 'NONE', #1009, 1000.000000000000000 ) ;
#613 = ORIENTED_EDGE ( 'NONE', *, *, #1313, .F. ) ;
#614 = DIRECTION ( 'NONE',  ( 1.000000000000000000, 0.000000000000000000, 0.000000000000000000 ) ) ;
#615 = CARTESIAN_POINT ( 'NONE',  ( 38.37901357415455550, -4.067402609035217331, 0.000000000000000000 ) ) ;
#616 = CARTESIAN_POINT ( 'NONE',  ( 43.85053435704880798, 0.2960665742148381185, 0.5000000000000073275 ) ) ;
#617 = ORIENTED_EDGE ( 'NONE', *, *, #1815, .F. ) ;
#618 = APPLICATION_PROTOCOL_DEFINITION ( 'draft international standard', 'automotive_design', 1998, #898 ) ;
#619 = ORIENTED_EDGE ( 'NONE', *, *, #1951, .T. ) ;
#620 = FACE_OUTER_BOUND ( 'NONE', #3161, .T. ) ;
#621 = CARTESIAN_POINT ( 'NONE',  ( 19.00000000000000355, 0.000000000000000000, 2.000000000000000000 ) ) ;
#622 = CARTESIAN_POINT ( 'NONE',  ( 43.18895997808827758, 2.204788471953103013, 0.000000000000000000 ) ) ;
#623 = DIRECTION ( 'NONE',  ( 0.000000000000000000, -1.000000000000000000, -0.000000000000000000 ) ) ;
#624 = CARTESIAN_POINT ( 'NONE',  ( 29.44284434925040372, 2.230006328860962839, 0.5000000000000073275 ) ) ;
#625 = ORIENTED_EDGE ( 'NONE', *, *, #2901, .F. ) ;
#626 = CARTESIAN_POINT ( 'NONE',  ( 32.89325192219123295, 3.989844872351447247, 0.000000000000000000 ) ) ;
#627 = DIRECTION ( 'NONE',  ( 1.000000000000000000, 0.000000000000000000, 0.000000000000000000 ) ) ;
#628 = CARTESIAN_POINT ( 'NONE',  ( 27.50906299623020956, 0.7740289909754312081, 0.000000000000000000 ) ) ;
#629 = VERTEX_POINT ( 'NONE', #217 ) ;
#630 = LINE ( 'NONE', #3026, #2594 ) ;
#631 = DIRECTION ( 'NONE',  ( 6.122553444624024981E-16, -1.000000000000000000, 0.000000000000000000 ) ) ;
#632 = DIRECTION ( 'NONE',  ( 0.000000000000000000, -0.000000000000000000, 1.000000000000000000 ) ) ;
#633 = CARTESIAN_POINT ( 'NONE',  ( 42.19881340696434791, -2.874683032673253091, 0.000000000000000000 ) ) ;
#634 = CARTESIAN_POINT ( 'NONE',  ( 39.36863528790112809, 3.373926148907413047, 0.5000000000000074385 ) ) ;
#635 = VERTEX_POINT ( 'NONE', #2104 ) ;
#636 = CARTESIAN_POINT ( 'NONE',  ( 42.77213628173961268, -1.899999999999999911, 4.132391042439879314 ) ) ;
#637 = EDGE_CURVE ( 'NONE', #2132, #168, #2677, .T. ) ;
#638 = VERTEX_POINT ( 'NONE', #1813 ) ;
#639 = LINE ( 'NONE', #1868, #3700 ) ;
#640 = CARTESIAN_POINT ( 'NONE',  ( 43.33047925546105716, -1.360402142305100037, 0.5000000000000074385 ) ) ;
#641 = CARTESIAN_POINT ( 'NONE',  ( 44.03799537501273420, 1.216292295012521674, 0.000000000000000000 ) ) ;
#642 = EDGE_CURVE ( 'NONE', #3392, #2559, #2061, .T. ) ;
#643 = CARTESIAN_POINT ( 'NONE',  ( 39.43871055360174438, -3.374999999999986677, 1.633040797288475288 ) ) ;
#644 = EDGE_CURVE ( 'NONE', #1783, #885, #3718, .T. ) ;
#645 = ORIENTED_EDGE ( 'NONE', *, *, #1362, .T. ) ;
#646 = CARTESIAN_POINT ( 'NONE',  ( 32.26511558315468164, 3.861568484979341687, 0.000000000000000000 ) ) ;
#647 = CARTESIAN_POINT ( 'NONE',  ( 27.51858811907926139, -0.8260682177051795749, 2.000000000000000444 ) ) ;
#648 = CARTESIAN_POINT ( 'NONE',  ( 27.45238915469630570, 0.5915690825650967710, 0.000000000000000000 ) ) ;
#649 = ORIENTED_EDGE ( 'NONE', *, *, #2310, .F. ) ;
#650 = CARTESIAN_POINT ( 'NONE',  ( 28.77487406770219991, 1.737425827656704502, 1.499999999999999556 ) ) ;
#651 = CARTESIAN_POINT ( 'NONE',  ( 31.93779247775011498, 3.275733607075189013, 2.000000000000362377 ) ) ;
#652 = CARTESIAN_POINT ( 'NONE',  ( 47.75000000000000000, -2.899999999999999911, 6.000000000000000000 ) ) ;
#653 = CARTESIAN_POINT ( 'NONE',  ( 39.63264018463043215, -3.825418260236780110, 0.000000000000000000 ) ) ;
#654 = CARTESIAN_POINT ( 'NONE',  ( 43.81443730418252613, 0.4624306766417751180, 0.5000000000000074385 ) ) ;
#655 = ORIENTED_EDGE ( 'NONE', *, *, #3777, .T. ) ;
#656 = CARTESIAN_POINT ( 'NONE',  ( 43.87500000000000711, -7.500000000028118841, 0.5000000000000074385 ) ) ;
#657 = ORIENTED_EDGE ( 'NONE', *, *, #1667, .T. ) ;
#658 = DIRECTION ( 'NONE',  ( 0.000000000000000000, 0.000000000000000000, -1.000000000000000000 ) ) ;
#659 = CARTESIAN_POINT ( 'NONE',  ( 43.73155763165585341, -0.7081239048268543890, 0.5000000000000073275 ) ) ;
#660 = CARTESIAN_POINT ( 'NONE',  ( 44.37499999015525987, 0.05430568575762870220, -0.000000000000000000 ) ) ;
#661 = VECTOR ( 'NONE', #1863, 1000.000000000000000 ) ;
#662 = DIRECTION ( 'NONE',  ( -0.000000000000000000, -0.000000000000000000, -1.000000000000000000 ) ) ;
#663 = CARTESIAN_POINT ( 'NONE',  ( 31.77755630134792497, 3.222651840871810780, 0.5000000000000076605 ) ) ;
#664 = ADVANCED_FACE ( 'NONE', ( #239 ), #1172, .F. ) ;
#665 = ORIENTED_EDGE ( 'NONE', *, *, #2042, .T. ) ;
#666 = CARTESIAN_POINT ( 'NONE',  ( 36.73256823795257020, 4.234294375491710838, 0.000000000000000000 ) ) ;
#667 = CARTESIAN_POINT ( 'NONE',  ( 27.59568703364132602, 1.007281635589676094, 2.000000000000000000 ) ) ;
#668 = EDGE_CURVE ( 'NONE', #3300, #3745, #3923, .T. ) ;
#669 = CARTESIAN_POINT ( 'NONE',  ( 27.45115236611694343, -0.5868610827852459577, 0.000000000000000000 ) ) ;
#670 = ORIENTED_EDGE ( 'NONE', *, *, #1137, .F. ) ;
#671 = CARTESIAN_POINT ( 'NONE',  ( 28.59272310210850776, 1.566222062861184261, 1.499999999999999778 ) ) ;
#672 = FACE_OUTER_BOUND ( 'NONE', #1375, .T. ) ;
#673 = VECTOR ( 'NONE', #1110, 1000.000000000000000 ) ;
#674 = DIRECTION ( 'NONE',  ( 1.000000000000000000, 0.000000000000000000, 0.000000000000000000 ) ) ;
#675 = CARTESIAN_POINT ( 'NONE',  ( 37.69790855112490391, -4.156702710896194475, -0.000000000000000000 ) ) ;
#676 = CARTESIAN_POINT ( 'NONE',  ( 41.41426369802918117, 2.706299998217319480, 0.5000000000000073275 ) ) ;
#677 = LINE ( 'NONE', #1912, #406 ) ;
#678 = LINE ( 'NONE', #3454, #916 ) ;
#679 = CARTESIAN_POINT ( 'NONE',  ( 43.76982975341861959, -0.6064139039992206826, 0.5000000000000073275 ) ) ;
#680 = DIRECTION ( 'NONE',  ( -0.000000000000000000, 0.000000000000000000, 1.000000000000000000 ) ) ;
#681 = DIRECTION ( 'NONE',  ( 1.000000000000000000, 0.000000000000000000, -0.000000000000000000 ) ) ;
#682 = CARTESIAN_POINT ( 'NONE',  ( 37.94313094616184401, 3.628128160474436203, 0.5000000000000074385 ) ) ;
#683 = ORIENTED_EDGE ( 'NONE', *, *, #1526, .T. ) ;
#684 = CARTESIAN_POINT ( 'NONE',  ( 27.53689860131980538, 0.8507099942274872761, 0.000000000000000000 ) ) ;
#685 = CARTESIAN_POINT ( 'NONE',  ( 41.46917448968867603, -2.686868184785197844, 3.581420007875887990 ) ) ;
#686 = EDGE_CURVE ( 'NONE', #2533, #638, #1795, .T. ) ;
#687 = CARTESIAN_POINT ( 'NONE',  ( 29.83590531371605437, -3.025636767658878234, 0.000000000000000000 ) ) ;
#688 = ORIENTED_EDGE ( 'NONE', *, *, #1220, .T. ) ;
#689 = DIRECTION ( 'NONE',  ( 1.000000000000000000, 0.000000000000000000, 0.000000000000000000 ) ) ;
#690 = DIRECTION ( 'NONE',  ( 6.122553444624024981E-16, -1.000000000000000000, 0.000000000000000000 ) ) ;
#691 = ADVANCED_FACE ( 'NONE', ( #500 ), #3621, .F. ) ;
#692 = CARTESIAN_POINT ( 'NONE',  ( 31.76001651449357510, 3.232458480850975313, 3.199393569796569636 ) ) ;
#693 = EDGE_CURVE ( 'NONE', #1223, #1830, #2026, .T. ) ;
#694 = CARTESIAN_POINT ( 'NONE',  ( 43.15710147089835402, -2.231413749322599838, -0.000000000000000000 ) ) ;
#695 = CARTESIAN_POINT ( 'NONE',  ( 43.00325875266214126, 1.703867796227425790, 0.5000000000000073275 ) ) ;
#696 = EDGE_CURVE ( 'NONE', #3033, #2927, #3315, .T. ) ;
#697 = VERTEX_POINT ( 'NONE', #2654 ) ;
#698 = CARTESIAN_POINT ( 'NONE',  ( 48.33578643762690774, -1.899999999999999245, 4.132391042439879314 ) ) ;
#699 = CARTESIAN_POINT ( 'NONE',  ( 44.37499999017173025, 0.05421482312906786283, 0.000000000000000000 ) ) ;
#700 = CARTESIAN_POINT ( 'NONE',  ( 42.37954589944678219, 2.189239791598371010, 1.500000000000000000 ) ) ;
#701 = CARTESIAN_POINT ( 'NONE',  ( 36.31018816679250705, 4.249868826063206484, -0.000000000000000000 ) ) ;
#702 = CARTESIAN_POINT ( 'NONE',  ( -4.750000000000000000, 0.000000000000000000, 0.4999999999999952260 ) ) ;
#703 = CARTESIAN_POINT ( 'NONE',  ( 29.52766000629929977, 2.282780462096112739, 0.5000000000000074385 ) ) ;
#704 = ADVANCED_FACE ( 'NONE', ( #522 ), #1753, .T. ) ;
#705 = CARTESIAN_POINT ( 'NONE',  ( 44.26802753849075600, 0.7051393106772092523, 2.000000000000000000 ) ) ;
#706 = ORIENTED_EDGE ( 'NONE', *, *, #13, .T. ) ;
#707 = CARTESIAN_POINT ( 'NONE',  ( 39.16447073372113152, 3.929380431662929052, 0.000000000000000000 ) ) ;
#708 = CARTESIAN_POINT ( 'NONE',  ( 27.83811163225840701, -1.418972291482575754, 0.000000000000000000 ) ) ;
#709 = VERTEX_POINT ( 'NONE', #872 ) ;
#710 = CARTESIAN_POINT ( 'NONE',  ( -7.500000000000000000, 0.000000000000000000, 6.000000000000000000 ) ) ;
#711 = CARTESIAN_POINT ( 'NONE',  ( 50.00000000000000000, 0.000000000000000000, 0.5000000000000004441 ) ) ;
#712 = CARTESIAN_POINT ( 'NONE',  ( 43.10645850427491155, -2.272950021534499765, -0.000000000000000000 ) ) ;
#713 = CARTESIAN_POINT ( 'NONE',  ( 31.77755630134792497, 3.222651840871810780, 0.5000000000000076605 ) ) ;
#714 = ORIENTED_EDGE ( 'NONE', *, *, #3631, .T. ) ;
#715 = CARTESIAN_POINT ( 'NONE',  ( 47.74999999999999289, -1.899999999999999911, 6.000000000000000000 ) ) ;
#716 = CARTESIAN_POINT ( 'NONE',  ( 41.61930851385230312, 3.162359392752729814, 0.000000000000000000 ) ) ;
#717 = CARTESIAN_POINT ( 'NONE',  ( 28.13020623838415801, -0.9688667008780418310, 1.500000000000000000 ) ) ;
#718 = CARTESIAN_POINT ( 'NONE',  ( 34.70318207143019862, 4.211058517754823427, 0.000000000000000000 ) ) ;
#719 = FACE_OUTER_BOUND ( 'NONE', #2868, .T. ) ;
#720 = CARTESIAN_POINT ( 'NONE',  ( 28.44946663271778675, -1.395905344926336999, 0.5000000000000073275 ) ) ;
#721 = CARTESIAN_POINT ( 'NONE',  ( 43.47542641752590242, 1.174779961583857890, 2.000000000000400124 ) ) ;
#722 = VECTOR ( 'NONE', #3928, 1000.000000000000000 ) ;
#723 = CARTESIAN_POINT ( 'NONE',  ( 27.40637964161234308, 0.3797422528644984197, 0.000000000000000000 ) ) ;
#724 = CARTESIAN_POINT ( 'NONE',  ( 43.49831917061384701, -1.137840197239611717, 0.5000000000000074385 ) ) ;
#725 = CARTESIAN_POINT ( 'NONE',  ( 43.00744025929052583, -2.351081578639839353, 0.000000000000000000 ) ) ;
#726 = ORIENTED_EDGE ( 'NONE', *, *, #644, .F. ) ;
#727 = CARTESIAN_POINT ( 'NONE',  ( 0.000000000000000000, 0.000000000000000000, 2.000000000000000000 ) ) ;
#728 = DIRECTION ( 'NONE',  ( -1.000000000000000000, -6.122553444624024981E-16, 0.000000000000000000 ) ) ;
#729 = VECTOR ( 'NONE', #3411, 1000.000000000000000 ) ;
#730 = EDGE_CURVE ( 'NONE', #1021, #3635, #1151, .T. ) ;
#731 = DIRECTION ( 'NONE',  ( 0.000000000000000000, 0.000000000000000000, 1.000000000000000000 ) ) ;
#732 = CARTESIAN_POINT ( 'NONE',  ( 29.44284434925040372, 2.230006328860962839, 0.5000000000000073275 ) ) ;
#733 = ORIENTED_EDGE ( 'NONE', *, *, #520, .F. ) ;
#734 = PLANE ( 'NONE',  #3041 ) ;
#735 = CARTESIAN_POINT ( 'NONE',  ( 27.94185937427943855, -0.4994299958957489349, 1.500000000000000000 ) ) ;
#736 = AXIS2_PLACEMENT_3D ( 'NONE', #496, #1127, #3964 ) ;
#737 = CARTESIAN_POINT ( 'NONE',  ( 41.62193435542619824, 3.160531488495407437, -0.000000000000000000 ) ) ;
#738 = CARTESIAN_POINT ( 'NONE',  ( 44.37500000000001421, 2.105723906874190643E-15, 0.000000000000000000 ) ) ;
#739 = FACE_OUTER_BOUND ( 'NONE', #1503, .T. ) ;
#740 = EDGE_CURVE ( 'NONE', #2559, #137, #3775, .T. ) ;
#741 = CARTESIAN_POINT ( 'NONE',  ( 28.48608642600638419, -2.141856791514331615, 0.000000000000000000 ) ) ;
#742 = CARTESIAN_POINT ( 'NONE',  ( 40.55494169757999856, -3.041909425483550589, 0.5000000000000073275 ) ) ;
#743 = CARTESIAN_POINT ( 'NONE',  ( 43.68012602097041963, -1.721423250475673017, 0.000000000000000000 ) ) ;
#744 = VERTEX_POINT ( 'NONE', #2473 ) ;
#745 = CARTESIAN_POINT ( 'NONE',  ( 43.26143823491746332, 2.144015193579770440, 0.000000000000000000 ) ) ;
#746 = DIRECTION ( 'NONE',  ( -0.000000000000000000, 1.000000000000000000, 0.000000000000000000 ) ) ;
#747 = DIRECTION ( 'NONE',  ( 1.000000000000000000, 0.000000000000000000, 0.000000000000000000 ) ) ;
#748 = CARTESIAN_POINT ( 'NONE',  ( 30.80165631273575499, 2.900073541903808838, 0.5000000000000074385 ) ) ;
#749 = DIRECTION ( 'NONE',  ( 0.000000000000000000, 0.7071067811865475727, 0.7071067811865475727 ) ) ;
#750 = DIRECTION ( 'NONE',  ( -0.000000000000000000, -0.000000000000000000, -1.000000000000000000 ) ) ;
#751 = CARTESIAN_POINT ( 'NONE',  ( 31.89822212351262820, -3.263834745598082954, 1.500000000000000222 ) ) ;
#752 = CARTESIAN_POINT ( 'NONE',  ( 44.21648241870535401, -0.8467890066114037717, -0.000000000000000000 ) ) ;
#753 = EDGE_CURVE ( 'NONE', #298, #3392, #2811, .T. ) ;
#754 = CARTESIAN_POINT ( 'NONE',  ( 39.79557291862065682, 3.785309191781780935, -0.000000000000000000 ) ) ;
#755 = CARTESIAN_POINT ( 'NONE',  ( 27.37448301469093792, 0.2050561332485379695, 2.000000000000000000 ) ) ;
#756 = CARTESIAN_POINT ( 'NONE',  ( 41.45961662333269970, 2.691101168935070564, 3.578456040465039845 ) ) ;
#757 = CARTESIAN_POINT ( 'NONE',  ( 28.20402857475753677, 1.065149724835565026, 0.5000000000000074385 ) ) ;
#758 = CARTESIAN_POINT ( 'NONE',  ( 44.30782997792285727, 0.5667516844177989954, 2.000000000000000000 ) ) ;
#759 = CARTESIAN_POINT ( 'NONE',  ( 28.73601964389474972, -2.347046596076275637, 0.000000000000000000 ) ) ;
#760 = EDGE_CURVE ( 'NONE', #3033, #1108, #2921, .T. ) ;
#761 = CARTESIAN_POINT ( 'NONE',  ( 42.21566629632332024, -2.290496767178972881, 0.5000000000000076605 ) ) ;
#762 = EDGE_CURVE ( 'NONE', #2386, #709, #1206, .T. ) ;
#763 = CARTESIAN_POINT ( 'NONE',  ( 32.47874469704311906, -3.908397830367315695, 0.000000000000000000 ) ) ;
#764 = VERTEX_POINT ( 'NONE', #1896 ) ;
#765 = FACE_OUTER_BOUND ( 'NONE', #3981, .T. ) ;
#766 = FACE_OUTER_BOUND ( 'NONE', #3410, .T. ) ;
#767 = CARTESIAN_POINT ( 'NONE',  ( 23.00000000000000355, 8.000000000000000000, 0.000000000000000000 ) ) ;
#768 = CARTESIAN_POINT ( 'NONE',  ( 28.28072427660669419, 1.179237635413840302, 0.5000000000000074385 ) ) ;
#769 = DIRECTION ( 'NONE',  ( -1.000000000000000000, 0.000000000000000000, 0.000000000000000000 ) ) ;
#770 = CARTESIAN_POINT ( 'NONE',  ( 31.41749047123712657, -3.128537529317476640, 1.500000000000000000 ) ) ;
#771 = CARTESIAN_POINT ( 'NONE',  ( 28.59335337581090997, -1.566685138714064784, 1.499999999999999778 ) ) ;
#772 = CARTESIAN_POINT ( 'NONE',  ( 43.82332274090046553, -1.547392646469241795, -0.000000000000000000 ) ) ;
#773 = EDGE_LOOP ( 'NONE', ( #164, #1134, #2422, #3596, #2674, #3329, #1420, #3751 ) ) ;
#774 = CARTESIAN_POINT ( 'NONE',  ( 33.20877813180094051, 4.042581196819412526, -0.000000000000000000 ) ) ;
#775 = LINE ( 'NONE', #3533, #282 ) ;
#776 = FACE_OUTER_BOUND ( 'NONE', #532, .T. ) ;
#777 = CARTESIAN_POINT ( 'NONE',  ( 27.93575244332367546, 0.4631732095987878273, 0.5000000000000074385 ) ) ;
#778 = CARTESIAN_POINT ( 'NONE',  ( 43.70943402299609915, 0.7666996409606237073, 1.500000000000000000 ) ) ;
#779 = CARTESIAN_POINT ( 'NONE',  ( 28.40600579867071929, -2.070006521936522237, 0.000000000000000000 ) ) ;
#780 = CIRCLE ( 'NONE', #3958, 5.249999999999997335 ) ;
#781 = ADVANCED_FACE ( 'NONE', ( #2771 ), #867, .T. ) ;
#782 = CARTESIAN_POINT ( 'NONE',  ( 41.13352179184765589, -2.826663605335513640, 0.5000000000000073275 ) ) ;
#783 = B_SPLINE_CURVE_WITH_KNOTS ( 'NONE', 3,
 ( #1772, #1562, #3748, #1791, #2782, #3732, #959, #1052, #2866, #1342, #2282, #2898 ),
 .UNSPECIFIED., .F., .F.,
 ( 4, 2, 2, 2, 2, 4 ),
 ( 0.000000000000000000, 0.0001194921311369581723, 0.0002389842622739163445, 0.0004779685245478509578, 0.0009559370490957201302, 0.001911874098191479292 ),
 .UNSPECIFIED. ) ;
#784 = CARTESIAN_POINT ( 'NONE',  ( 44.26748279605849490, -0.6940614410875320939, 0.000000000000000000 ) ) ;
#785 = PRESENTATION_LAYER_ASSIGNMENT (  '', '', ( #2143 ) ) ;
#786 = ORIENTED_EDGE ( 'NONE', *, *, #3935, .F. ) ;
#787 = LINE ( 'NONE', #1676, #3248 ) ;
#788 = CARTESIAN_POINT ( 'NONE',  ( 6.000000000000000888, 5.875000000000000000, 0.000000000000000000 ) ) ;
#789 = LINE ( 'NONE', #3005, #2721 ) ;
#790 = VECTOR ( 'NONE', #614, 1000.000000000000000 ) ;
#791 = CARTESIAN_POINT ( 'NONE',  ( 42.19643941592731551, 2.875282608583977328, 0.000000000000000000 ) ) ;
#792 = CARTESIAN_POINT ( 'NONE',  ( 30.80226267873031887, -2.900300050744823555, 0.5000000000000073275 ) ) ;
#793 = VECTOR ( 'NONE', #2353, 1000.000000000000000 ) ;
#794 = CARTESIAN_POINT ( 'NONE',  ( 23.00000000000000355, 3.375000000000000000, 3.099584923580558371 ) ) ;
#795 = CARTESIAN_POINT ( 'NONE',  ( 28.09041793311499902, -0.8707768036511261966, 1.500000000000000000 ) ) ;
#796 = CARTESIAN_POINT ( 'NONE',  ( 31.85081389136495389, -3.758663728177090491, -0.000000000000000000 ) ) ;
#797 = ORIENTED_EDGE ( 'NONE', *, *, #2624, .T. ) ;
#798 = CARTESIAN_POINT ( 'NONE',  ( 29.17249570562818661, 2.650440766291826122, -0.000000000000000000 ) ) ;
#799 = CARTESIAN_POINT ( 'NONE',  ( 0.000000000000000000, -7.500000000000000000, 0.000000000000000000 ) ) ;
#800 = CARTESIAN_POINT ( 'NONE',  ( 42.77213628173961979, 1.899999999999998135, 5.999999999999989342 ) ) ;
#801 = CARTESIAN_POINT ( 'NONE',  ( 28.41928217042752536, -1.360111728610070125, 0.5000000000000073275 ) ) ;
#802 = CARTESIAN_POINT ( 'NONE',  ( 43.87500000000000000, 7.500000000000000888, 2.000000000000000000 ) ) ;
#803 = CARTESIAN_POINT ( 'NONE',  ( 27.96645872001307254, -1.594954460965661625, 0.000000000000000000 ) ) ;
#804 = EDGE_CURVE ( 'NONE', #2152, #1919, #3280, .T. ) ;
#805 = CARTESIAN_POINT ( 'NONE',  ( 42.81855615721261188, -1.862827910298464174, 0.5000000000000074385 ) ) ;
#806 = CARTESIAN_POINT ( 'NONE',  ( 43.21889512653302745, -2.179727384568338699, 0.000000000000000000 ) ) ;
#807 = ORIENTED_EDGE ( 'NONE', *, *, #3244, .F. ) ;
#808 = EDGE_CURVE ( 'NONE', #1036, #3272, #1304, .T. ) ;
#809 = CARTESIAN_POINT ( 'NONE',  ( 44.37304989494013086, 0.1085965115900845573, 0.000000000000000000 ) ) ;
#810 = DIRECTION ( 'NONE',  ( -0.000000000000000000, -0.000000000000000000, -1.000000000000000000 ) ) ;
#811 = FACE_OUTER_BOUND ( 'NONE', #875, .T. ) ;
#812 = CARTESIAN_POINT ( 'NONE',  ( 44.18293903421522373, 0.9240025486020231327, 0.000000000000000000 ) ) ;
#813 = CARTESIAN_POINT ( 'NONE',  ( 34.83442372318896929, -3.719438553495543864, 0.5000000000000073275 ) ) ;
#814 = ORIENTED_EDGE ( 'NONE', *, *, #3515, .F. ) ;
#815 = EDGE_CURVE ( 'NONE', #697, #2501, #1239, .T. ) ;
#816 = CARTESIAN_POINT ( 'NONE',  ( 27.38907704296794066, -0.2883411866281543889, 2.000000000000000000 ) ) ;
#817 = ADVANCED_FACE ( 'NONE', ( #320 ), #3138, .T. ) ;
#818 = CARTESIAN_POINT ( 'NONE',  ( 32.47644321182265514, -3.906412345336801373, -0.000000000000000000 ) ) ;
#819 = CARTESIAN_POINT ( 'NONE',  ( 44.33457359395415409, -0.4298593749578923373, 0.000000000000000000 ) ) ;
#820 = EDGE_LOOP ( 'NONE', ( #1144, #6, #844, #3064 ) ) ;
#821 = CARTESIAN_POINT ( 'NONE',  ( 31.95180086501779471, 3.784990386725307410, -0.000000000000000000 ) ) ;
#822 = CARTESIAN_POINT ( 'NONE',  ( 27.87500010183098809, 0.0006909086099585148551, 0.5000000000000074385 ) ) ;
#823 = VERTEX_POINT ( 'NONE', #949 ) ;
#824 = CARTESIAN_POINT ( 'NONE',  ( 0.000000000000000000, 0.000000000000000000, 0.000000000000000000 ) ) ;
#825 = CARTESIAN_POINT ( 'NONE',  ( 37.53857260551765052, -3.673271520631346654, 0.5000000000000074385 ) ) ;
#826 = CARTESIAN_POINT ( 'NONE',  ( 43.87500000000000000, 7.500000000000000888, 0.5000000000000074385 ) ) ;
#827 = ADVANCED_FACE ( 'NONE', ( #1835 ), #927, .T. ) ;
#828 = CARTESIAN_POINT ( 'NONE',  ( 50.25000000000000000, -7.996092795859737201, 5.500000000000000000 ) ) ;
#829 = CARTESIAN_POINT ( 'NONE',  ( 39.77219791416253258, 3.275390806886551154, 0.5000000000000073275 ) ) ;
#830 = EDGE_CURVE ( 'NONE', #2881, #3153, #3581, .T. ) ;
#831 = VERTEX_POINT ( 'NONE', #2829 ) ;
#832 = LINE ( 'NONE', #444, #3116 ) ;
#833 = DIRECTION ( 'NONE',  ( -0.000000000000000000, 0.000000000000000000, 1.000000000000000000 ) ) ;
#834 = LINE ( 'NONE', #2857, #3375 ) ;
#835 = DIRECTION ( 'NONE',  ( -0.000000000000000000, -0.000000000000000000, 1.000000000000000000 ) ) ;
#836 = CARTESIAN_POINT ( 'NONE',  ( 31.33567533894062507, -3.087996288613346962, 0.5000000000000073275 ) ) ;
#837 = CARTESIAN_POINT ( 'NONE',  ( 42.77213628173960558, -1.899999999999999911, 6.000000000000000000 ) ) ;
#838 = CARTESIAN_POINT ( 'NONE',  ( 28.20711284563251198, -1.074461991992005538, 1.500000000000000000 ) ) ;
#839 = EDGE_CURVE ( 'NONE', #2832, #3551, #1315, .T. ) ;
#840 = CARTESIAN_POINT ( 'NONE',  ( 38.85210498043271343, -3.990674961467096438, 0.000000000000000000 ) ) ;
#841 = ORIENTED_EDGE ( 'NONE', *, *, #839, .F. ) ;
#842 = CARTESIAN_POINT ( 'NONE',  ( 30.24880022646065569, 3.213834904644202517, 0.000000000000000000 ) ) ;
#843 = CARTESIAN_POINT ( 'NONE',  ( 29.21344493029106459, -2.087905036018912419, 4.000818519751879521 ) ) ;
#844 = ORIENTED_EDGE ( 'NONE', *, *, #3382, .T. ) ;
#845 = DIRECTION ( 'NONE',  ( 1.000000000000000000, 0.000000000000000000, 0.000000000000000000 ) ) ;
#846 = CARTESIAN_POINT ( 'NONE',  ( 39.30072994126139463, -4.668874172185430993, 5.999999999999989342 ) ) ;
#847 = CARTESIAN_POINT ( 'NONE',  ( 38.56015838201915358, -3.533881583714416408, 0.5000000000000073275 ) ) ;
#848 = CARTESIAN_POINT ( 'NONE',  ( 43.67222101759983843, -0.8669979489044608023, 2.000000000000000000 ) ) ;
#849 = CARTESIAN_POINT ( 'NONE',  ( 32.31128944639831957, 3.375000000000000444, 1.633040797288478396 ) ) ;
#850 = CARTESIAN_POINT ( 'NONE',  ( 39.16609134946657633, 3.418380793239087279, 0.5000000000000073275 ) ) ;
#851 = VERTEX_POINT ( 'NONE', #2532 ) ;
#852 = DIRECTION ( 'NONE',  ( -0.000000000000000000, -0.000000000000000000, 1.000000000000000000 ) ) ;
#853 = DIRECTION ( 'NONE',  ( -0.000000000000000000, -0.000000000000000000, 1.000000000000000000 ) ) ;
#854 = CARTESIAN_POINT ( 'NONE',  ( 38.00511459438040873, 4.124459077816093000, 0.000000000000000000 ) ) ;
#855 = VECTOR ( 'NONE', #3093, 1000.000000000000000 ) ;
#856 = CARTESIAN_POINT ( 'NONE',  ( 28.01808394561233229, -0.7063725435191434698, 0.5000000000000073275 ) ) ;
#857 = ORIENTED_EDGE ( 'NONE', *, *, #808, .T. ) ;
#858 = CARTESIAN_POINT ( 'NONE',  ( 32.17555863588165010, -3.374999999999989342, 1.719173596228542822 ) ) ;
#859 = CARTESIAN_POINT ( 'NONE',  ( 28.97534673432444308, -2.527672745871038185, 2.000000000000000000 ) ) ;
#860 = CARTESIAN_POINT ( 'NONE',  ( 31.69431154533941708, -3.717393219710710461, -0.000000000000000000 ) ) ;
#861 = VECTOR ( 'NONE', #3154, 1000.000000000000000 ) ;
#862 = CARTESIAN_POINT ( 'NONE',  ( 43.34083119450441757, -2.071557041029535196, 0.000000000000000000 ) ) ;
#863 = ORIENTED_EDGE ( 'NONE', *, *, #2042, .F. ) ;
#864 = CARTESIAN_POINT ( 'NONE',  ( 29.10770338125575663, 2.608790184899148379, 0.000000000000000000 ) ) ;
#865 = VECTOR ( 'NONE', #2672, 1000.000000000000000 ) ;
#866 = CARTESIAN_POINT ( 'NONE',  ( 48.75000000000000000, -2.899999999999999911, 0.000000000000000000 ) ) ;
#867 = CONICAL_SURFACE ( 'NONE', #3243, 7.500000000000000000, 0.7853981633974482790 ) ;
#868 = CARTESIAN_POINT ( 'NONE',  ( 30.64525505182138332, 3.375000000000000000, 1.999999999999998224 ) ) ;
#869 = CARTESIAN_POINT ( 'NONE',  ( 43.00243853407236827, -1.703419640359343790, 0.5000000000000073275 ) ) ;
#870 = CARTESIAN_POINT ( 'NONE',  ( 43.08553770155527474, -1.635114636964259072, 1.500000000000000000 ) ) ;
#871 = AXIS2_PLACEMENT_3D ( 'NONE', #727, #428, #1660 ) ;
#872 = CARTESIAN_POINT ( 'NONE',  ( 48.25000000000000000, 3.375000000000000000, 0.000000000000000000 ) ) ;
#873 = CARTESIAN_POINT ( 'NONE',  ( 43.67699323396011124, 0.8301563145450079340, 0.5000000000000074385 ) ) ;
#874 = EDGE_CURVE ( 'NONE', #885, #314, #2755, .T. ) ;
#875 = EDGE_LOOP ( 'NONE', ( #3976, #2766, #3560, #1424, #1695, #3022 ) ) ;
#876 = CARTESIAN_POINT ( 'NONE',  ( 40.51890448662456379, 3.581423776527120406, 0.000000000000000000 ) ) ;
#877 = DIRECTION ( 'NONE',  ( 1.000000000000000000, 0.000000000000000000, -0.000000000000000000 ) ) ;
#878 = CARTESIAN_POINT ( 'NONE',  ( 39.79407818998866020, 3.786021411964850536, 0.000000000000000000 ) ) ;
#879 = CARTESIAN_POINT ( 'NONE',  ( 31.78063540759917771, -3.223526487181468614, 0.5000000000000075495 ) ) ;
#880 = EDGE_LOOP ( 'NONE', ( #3016, #555, #316 ) ) ;
#881 = CARTESIAN_POINT ( 'NONE',  ( 29.92445304652770943, 2.530122783515045271, 1.500000000000000000 ) ) ;
#882 = CARTESIAN_POINT ( 'NONE',  ( 29.59719888488393735, -2.898851944702410588, -0.000000000000000000 ) ) ;
#883 = ADVANCED_FACE ( 'NONE', ( #3376 ), #1321, .T. ) ;
#884 = CARTESIAN_POINT ( 'NONE',  ( 40.51035732006001666, -3.582647242933529874, 0.000000000000000000 ) ) ;
#885 = VERTEX_POINT ( 'NONE', #1652 ) ;
#886 = CARTESIAN_POINT ( 'NONE',  ( 27.62288478577926298, 1.048043656980253147, -0.000000000000000000 ) ) ;
#887 = DIRECTION ( 'NONE',  ( -0.000000000000000000, 0.000000000000000000, 1.000000000000000000 ) ) ;
#888 = CARTESIAN_POINT ( 'NONE',  ( 36.08571614180959131, -3.749983274453151605, 0.5000000000000073275 ) ) ;
#889 = CARTESIAN_POINT ( 'NONE',  ( 43.87500000000000711, 1.469576158976824736E-15, 2.000000000000000000 ) ) ;
#890 = DIRECTION ( 'NONE',  ( 0.000000000000000000, 0.000000000000000000, 1.000000000000000000 ) ) ;
#891 = CARTESIAN_POINT ( 'NONE',  ( 44.37500000000001421, 2.385244779468109755E-15, 0.000000000000000000 ) ) ;
#892 = EDGE_LOOP ( 'NONE', ( #2050, #2144, #3989, #1787 ) ) ;
#893 = LINE ( 'NONE', #1501, #3648 ) ;
#894 = CARTESIAN_POINT ( 'NONE',  ( 31.84974717849960868, 3.760041292930804246, 0.000000000000000000 ) ) ;
#895 = ORIENTED_EDGE ( 'NONE', *, *, #3200, .F. ) ;
#896 = DIRECTION ( 'NONE',  ( 1.000000000000000000, 0.000000000000000000, 0.000000000000000000 ) ) ;
#897 = CARTESIAN_POINT ( 'NONE',  ( 30.40530625480053928, 2.753043704836745764, 1.500000000000000000 ) ) ;
#898 = APPLICATION_CONTEXT ( 'automotive_design' ) ;
#899 = CARTESIAN_POINT ( 'NONE',  ( 33.52649724082935023, -4.091187593393623700, 0.000000000000000000 ) ) ;
#900 = CARTESIAN_POINT ( 'NONE',  ( 41.32267457502960895, -3.289535632334117388, 0.000000000000000000 ) ) ;
#901 = VERTEX_POINT ( 'NONE', #702 ) ;
#902 = DIRECTION ( 'NONE',  ( -1.000000000000000000, -0.000000000000000000, -0.000000000000000000 ) ) ;
#903 = ORIENTED_EDGE ( 'NONE', *, *, #951, .F. ) ;
#904 = DIRECTION ( 'NONE',  ( 0.000000000000000000, -0.000000000000000000, -1.000000000000000000 ) ) ;
#905 = CARTESIAN_POINT ( 'NONE',  ( 42.70299592207585704, -1.954419818821111043, 0.5000000000000074385 ) ) ;
#906 = CARTESIAN_POINT ( 'NONE',  ( 43.65250431700126654, 1.752771437587001602, 0.000000000000000000 ) ) ;
#907 = CARTESIAN_POINT ( 'NONE',  ( 50.00000000000000000, 8.000000000000000000, 5.500000000000000000 ) ) ;
#908 = CARTESIAN_POINT ( 'NONE',  ( 41.68830079759052865, 2.576952761956563531, 0.5000000000000074385 ) ) ;
#909 = ORIENTED_EDGE ( 'NONE', *, *, #2453, .T. ) ;
#910 = DIRECTION ( 'NONE',  ( 0.000000000000000000, 0.000000000000000000, 1.000000000000000000 ) ) ;
#911 = EDGE_CURVE ( 'NONE', #168, #1680, #2551, .T. ) ;
#912 = CARTESIAN_POINT ( 'NONE',  ( 33.52706437610174106, 4.091308577071529839, 0.000000000000000000 ) ) ;
#913 = ORIENTED_EDGE ( 'NONE', *, *, #637, .T. ) ;
#914 = DIRECTION ( 'NONE',  ( 0.000000000000000000, 0.000000000000000000, 1.000000000000000000 ) ) ;
#915 = FACE_OUTER_BOUND ( 'NONE', #1488, .T. ) ;
#916 = VECTOR ( 'NONE', #317, 1000.000000000000000 ) ;
#917 = CARTESIAN_POINT ( 'NONE',  ( 33.26673310777074022, -4.051458760961080152, 0.000000000000000000 ) ) ;
#918 = CARTESIAN_POINT ( 'NONE',  ( 43.84296528673306881, 0.3378522370094413363, 0.5000000000000074385 ) ) ;
#919 = CIRCLE ( 'NONE', #2328, 7.500000000000000000 ) ;
#920 = ORIENTED_EDGE ( 'NONE', *, *, #340, .T. ) ;
#921 = ORIENTED_EDGE ( 'NONE', *, *, #804, .F. ) ;
#922 = CARTESIAN_POINT ( 'NONE',  ( 11.00000000000000178, -5.875000000000000000, 0.000000000000000000 ) ) ;
#923 = AXIS2_PLACEMENT_3D ( 'NONE', #1210, #631, #1270 ) ;
#924 = CARTESIAN_POINT ( 'NONE',  ( 43.87500000000000711, 1.470449196433465389E-15, 0.5000000000000073275 ) ) ;
#925 = CARTESIAN_POINT ( 'NONE',  ( 43.46630737870070504, 1.954467201509440200, -0.000000000000000000 ) ) ;
#926 = VECTOR ( 'NONE', #3264, 1000.000000000000000 ) ;
#927 = CYLINDRICAL_SURFACE ( 'NONE', #3388, 8.000000000000000000 ) ;
#928 = CARTESIAN_POINT ( 'NONE',  ( 31.09142387900516979, 3.006302194466722089, 0.5000000000000074385 ) ) ;
#929 = ORIENTED_EDGE ( 'NONE', *, *, #552, .F. ) ;
#930 = CARTESIAN_POINT ( 'NONE',  ( 48.75000000000000000, -3.374999999999979128, 0.000000000000000000 ) ) ;
#931 = EDGE_CURVE ( 'NONE', #3729, #72, #3125, .T. ) ;
#932 = CARTESIAN_POINT ( 'NONE',  ( 30.72352968425500563, 3.405100084399333760, 0.000000000000000000 ) ) ;
#933 = CONICAL_SURFACE ( 'NONE', #3185, 4.750000000000000000, 0.7853981633974526089 ) ;
#934 = ADVANCED_FACE ( 'NONE', ( #1976 ), #3049, .T. ) ;
#935 = ORIENTED_EDGE ( 'NONE', *, *, #348, .T. ) ;
#936 = LINE ( 'NONE', #250, #2345 ) ;
#937 = LINE ( 'NONE', #3656, #3830 ) ;
#938 = LINE ( 'NONE', #3963, #3506 ) ;
#939 = CARTESIAN_POINT ( 'NONE',  ( 37.05428739969799778, -4.210554177097609596, 0.000000000000000000 ) ) ;
#940 = CARTESIAN_POINT ( 'NONE',  ( 37.94313094616184401, 3.628128160474436203, 0.5000000000000074385 ) ) ;
#941 = EDGE_LOOP ( 'NONE', ( #1339, #1117, #1012, #3715, #361, #2259 ) ) ;
#942 = CARTESIAN_POINT ( 'NONE',  ( 21.00000000000000000, -1.899999999999999911, 6.000000000000000000 ) ) ;
#943 = LINE ( 'NONE', #2191, #285 ) ;
#944 = EDGE_LOOP ( 'NONE', ( #2442, #2514, #2765, #670 ) ) ;
#945 = ADVANCED_FACE ( 'NONE', ( #421 ), #2988, .F. ) ;
#946 = CARTESIAN_POINT ( 'NONE',  ( 21.50000000000000000, 4.375000000000000000, 0.000000000000000000 ) ) ;
#947 = CARTESIAN_POINT ( 'NONE',  ( 43.57190432352922471, -1.023228418108067528, 0.5000000000000073275 ) ) ;
#948 = CARTESIAN_POINT ( 'NONE',  ( 43.87500000000000711, 1.469576158976824736E-15, 1.500000000000000000 ) ) ;
#949 = CARTESIAN_POINT ( 'NONE',  ( 6.000000000000000888, -5.875000000000000000, 0.000000000000000000 ) ) ;
#950 = CARTESIAN_POINT ( 'NONE',  ( 29.03850937243211661, 1.948776050926963821, 0.5000000000000073275 ) ) ;
#951 = EDGE_CURVE ( 'NONE', #2360, #137, #3716, .T. ) ;
#952 = ORIENTED_EDGE ( 'NONE', *, *, #2048, .T. ) ;
#953 = CARTESIAN_POINT ( 'NONE',  ( 38.00511459438040873, 4.124459077816093000, 0.000000000000000000 ) ) ;
#954 = PLANE ( 'NONE',  #3044 ) ;
#955 = CARTESIAN_POINT ( 'NONE',  ( 28.03458227715451301, -1.679587034115392008, 0.000000000000000000 ) ) ;
#956 = ORIENTED_EDGE ( 'NONE', *, *, #3382, .F. ) ;
#957 = DIRECTION ( 'NONE',  ( 0.000000000000000000, -0.000000000000000000, -1.000000000000000000 ) ) ;
#958 = LINE ( 'NONE', #2780, #2087 ) ;
#959 = CARTESIAN_POINT ( 'NONE',  ( 39.64692276785723379, 3.375000000000000000, 1.750039507554856710 ) ) ;
#960 = CARTESIAN_POINT ( 'NONE',  ( 36.73502566819666271, -4.229233682002832673, -0.000000000000000000 ) ) ;
#961 = CARTESIAN_POINT ( 'NONE',  ( 35.67231657616022744, 3.750056013078993278, 0.5000000000000073275 ) ) ;
#962 = EDGE_LOOP ( 'NONE', ( #3470, #186, #1234, #3604 ) ) ;
#963 = CARTESIAN_POINT ( 'NONE',  ( 27.37500039242483751, 0.001331181180930506329, 0.000000000000000000 ) ) ;
#964 = VERTEX_POINT ( 'NONE', #1367 ) ;
#965 = EDGE_CURVE ( 'NONE', #3488, #1680, #1407, .T. ) ;
#966 = LINE ( 'NONE', #922, #2582 ) ;
#967 = CARTESIAN_POINT ( 'NONE',  ( 23.00000000000000355, 8.000000000000000000, 0.5000000000000004441 ) ) ;
#968 = EDGE_CURVE ( 'NONE', #2321, #3423, #2252, .T. ) ;
#969 = CARTESIAN_POINT ( 'NONE',  ( 41.72893107681088054, -2.576588335794742335, 1.500000000000000000 ) ) ;
#970 = DIRECTION ( 'NONE',  ( 1.000000000000000000, 0.000000000000000000, 0.000000000000000000 ) ) ;
#971 = CARTESIAN_POINT ( 'NONE',  ( 38.75986794606100716, 3.499213635242391263, 0.5000000000000074385 ) ) ;
#972 = VERTEX_POINT ( 'NONE', #2908 ) ;
#973 = CARTESIAN_POINT ( 'NONE',  ( 34.16648282128170422, 4.166368683321937993, 0.000000000000000000 ) ) ;
#974 = CARTESIAN_POINT ( 'NONE',  ( 28.34217893192658977, -2.014580191912835883, 2.000000000000000444 ) ) ;
#975 = CARTESIAN_POINT ( 'NONE',  ( 27.86901589935007806, -1.463616297188466753, 0.000000000000000000 ) ) ;
#976 = VERTEX_POINT ( 'NONE', #2930 ) ;
#977 = CARTESIAN_POINT ( 'NONE',  ( 21.50000000000000000, 8.000000000000000000, 0.000000000000000000 ) ) ;
#978 = FACE_OUTER_BOUND ( 'NONE', #2670, .T. ) ;
#979 = DIRECTION ( 'NONE',  ( 0.000000000000000000, -0.5735764363510503783, -0.8191520442889888010 ) ) ;
#980 = CARTESIAN_POINT ( 'NONE',  ( 37.37752739687810788, -4.186593748765571554, -0.000000000000000000 ) ) ;
#981 = CARTESIAN_POINT ( 'NONE',  ( 42.34435113214451718, 2.206247264916196382, 0.5000000000000073275 ) ) ;
#982 = EDGE_CURVE ( 'NONE', #823, #972, #397, .T. ) ;
#983 = EDGE_LOOP ( 'NONE', ( #2447, #1538, #3623, #619, #2622 ) ) ;
#984 = CARTESIAN_POINT ( 'NONE',  ( 32.46279388130918164, -3.391782797110744596, 1.500000000000000000 ) ) ;
#985 = VECTOR ( 'NONE', #887, 1000.000000000000000 ) ;
#986 = LINE ( 'NONE', #3430, #2726 ) ;
#987 = CARTESIAN_POINT ( 'NONE',  ( 39.36211915483254131, 3.374999999999999556, 3.999999999999989786 ) ) ;
#988 = DIRECTION ( 'NONE',  ( 0.000000000000000000, -0.7071067811865474617, -0.7071067811865474617 ) ) ;
#989 = CARTESIAN_POINT ( 'NONE',  ( 50.25000000000000000, -7.829341971150073576, 0.3333306164794215820 ) ) ;
#990 = AXIS2_PLACEMENT_3D ( 'NONE', #2086, #1758, #222 ) ;
#991 = CARTESIAN_POINT ( 'NONE',  ( 21.50000000000000000, 8.000000000000000000, 6.000000000000000000 ) ) ;
#992 = VECTOR ( 'NONE', #1681, 1000.000000000000114 ) ;
#993 = EDGE_LOOP ( 'NONE', ( #1213, #929, #2165, #1605 ) ) ;
#994 = CARTESIAN_POINT ( 'NONE',  ( 35.02440663374783014, 4.229685876085207852, 0.000000000000000000 ) ) ;
#995 = AXIS2_PLACEMENT_3D ( 'NONE', #3227, #2918, #161 ) ;
#996 = CARTESIAN_POINT ( 'NONE',  ( 27.40579968644720665, -0.3762667301998974811, 0.000000000000000000 ) ) ;
#997 = VECTOR ( 'NONE', #303, 1000.000000000000000 ) ;
#998 = VERTEX_POINT ( 'NONE', #738 ) ;
#999 = LINE ( 'NONE', #1287, #88 ) ;
#1000 = CARTESIAN_POINT ( 'NONE',  ( 0.000000000000000000, 0.000000000000000000, 5.499999999999992895 ) ) ;
#1001 = AXIS2_PLACEMENT_3D ( 'NONE', #3047, #1524, #3655 ) ;
#1002 = CARTESIAN_POINT ( 'NONE',  ( 30.28082551031135949, 2.686868184785209834, 3.581420007875892875 ) ) ;
#1003 = CARTESIAN_POINT ( 'NONE',  ( 43.67699323396011124, 0.8301563145450079340, 0.5000000000000074385 ) ) ;
#1004 = CARTESIAN_POINT ( 'NONE',  ( 48.75000000000000000, -3.374999999999980460, 3.099584923580558371 ) ) ;
#1005 = CARTESIAN_POINT ( 'NONE',  ( 42.43107443431707537, 2.740877112843583596, 0.000000000000000000 ) ) ;
#1006 = EDGE_CURVE ( 'NONE', #1888, #1241, #2607, .T. ) ;
#1007 = CARTESIAN_POINT ( 'NONE',  ( 50.75000000000000000, 3.375000000000000000, 0.000000000000000000 ) ) ;
#1008 = CARTESIAN_POINT ( 'NONE',  ( 38.64033636919796066, 4.026084685865034096, -0.000000000000000000 ) ) ;
#1009 = DIRECTION ( 'NONE',  ( 1.000000000000000000, 0.000000000000000000, 0.000000000000000000 ) ) ;
#1010 = CARTESIAN_POINT ( 'NONE',  ( 31.38395634044401206, 3.103845040322402049, 0.5000000000000074385 ) ) ;
#1011 = CARTESIAN_POINT ( 'NONE',  ( 42.70092890644033190, 1.964483906700798643, 1.500000000000000000 ) ) ;
#1012 = ORIENTED_EDGE ( 'NONE', *, *, #740, .T. ) ;
#1013 = CARTESIAN_POINT ( 'NONE',  ( 30.42169474600426682, 3.287231975735804390, 0.000000000000000000 ) ) ;
#1014 = EDGE_CURVE ( 'NONE', #2881, #298, #3199, .T. ) ;
#1015 = CARTESIAN_POINT ( 'NONE',  ( 29.27222015685842393, -2.713395623301197990, 0.000000000000000000 ) ) ;
#1016 = EDGE_LOOP ( 'NONE', ( #2994, #3654, #3614, #1594, #1923, #3998 ) ) ;
#1017 = FACE_OUTER_BOUND ( 'NONE', #2640, .T. ) ;
#1018 = CARTESIAN_POINT ( 'NONE',  ( 11.00000000000000178, 0.000000000000000000, 0.000000000000000000 ) ) ;
#1019 = CARTESIAN_POINT ( 'NONE',  ( 32.38788084516747290, 3.375000000000000444, 3.099584923580558371 ) ) ;
#1020 = CARTESIAN_POINT ( 'NONE',  ( 27.88107547795054586, -0.1683766350939578937, 0.5000000000000076605 ) ) ;
#1021 = VERTEX_POINT ( 'NONE', #3494 ) ;
#1022 = CARTESIAN_POINT ( 'NONE',  ( 44.31111442549863710, 0.5382676581902358093, 0.000000000000000000 ) ) ;
#1023 = CARTESIAN_POINT ( 'NONE',  ( 27.70992429541372104, -1.212648039810438894, 0.000000000000000000 ) ) ;
#1024 = CARTESIAN_POINT ( 'NONE',  ( 39.27228519658036276, 3.906682601004330291, -0.000000000000000000 ) ) ;
#1025 = CARTESIAN_POINT ( 'NONE',  ( 43.25382203343812648, 1.463146727844678585, 1.500000000000000000 ) ) ;
#1026 = EDGE_CURVE ( 'NONE', #709, #2923, #2291, .T. ) ;
#1027 = CARTESIAN_POINT ( 'NONE',  ( 34.48809884731457487, 4.195207562303778559, 0.000000000000000000 ) ) ;
#1028 = CARTESIAN_POINT ( 'NONE',  ( 40.94296610911659684, -2.902137391074948614, 0.5000000000000074385 ) ) ;
#1029 = CARTESIAN_POINT ( 'NONE',  ( 27.50017586040252837, 0.7482557113180421382, 0.000000000000000000 ) ) ;
#1030 = ORIENTED_EDGE ( 'NONE', *, *, #511, .F. ) ;
#1031 = DIRECTION ( 'NONE',  ( 0.000000000000000000, -1.000000000000000000, 0.000000000000000000 ) ) ;
#1032 = PLANE ( 'NONE',  #3172 ) ;
#1033 = LINE ( 'NONE', #1619, #3105 ) ;
#1034 = CARTESIAN_POINT ( 'NONE',  ( 43.51980531579713585, -1.897688001518909262, -0.000000000000000000 ) ) ;
#1035 = CARTESIAN_POINT ( 'NONE',  ( 31.97616805005266372, 3.276222587946111542, 0.5000000000000073275 ) ) ;
#1036 = VERTEX_POINT ( 'NONE', #3794 ) ;
#1037 = CARTESIAN_POINT ( 'NONE',  ( 50.25000000000000000, -3.374999999999979128, 6.000000000000000000 ) ) ;
#1038 = CARTESIAN_POINT ( 'NONE',  ( 39.85177787648736114, 3.263834745598090059, 1.500000000000000000 ) ) ;
#1039 = CARTESIAN_POINT ( 'NONE',  ( 37.26285807940577399, 4.195116489198507992, 0.000000000000000000 ) ) ;
#1040 = DIRECTION ( 'NONE',  ( 1.000000000000000000, 0.000000000000000000, 0.000000000000000000 ) ) ;
#1041 = AXIS2_PLACEMENT_3D ( 'NONE', #1869, #3074, #3057 ) ;
#1042 = CARTESIAN_POINT ( 'NONE',  ( 28.11057190474717515, -0.9068948587334322298, 0.5000000000000076605 ) ) ;
#1043 = VECTOR ( 'NONE', #1271, 1000.000000000000000 ) ;
#1044 = CARTESIAN_POINT ( 'NONE',  ( 27.55530309513931542, -0.8957445279557012530, 0.000000000000000000 ) ) ;
#1045 = CARTESIAN_POINT ( 'NONE',  ( 42.66381362679791067, -1.984173072262078730, 0.5000000000000073275 ) ) ;
#1046 = CARTESIAN_POINT ( 'NONE',  ( 42.96425687132148141, -2.383869810713976634, 0.000000000000000000 ) ) ;
#1047 = CIRCLE ( 'NONE', #1256, 2.000000000000001776 ) ;
#1048 = ORIENTED_EDGE ( 'NONE', *, *, #439, .F. ) ;
#1049 = CARTESIAN_POINT ( 'NONE',  ( 44.07796417502447639, 1.144699939822916512, 0.000000000000000000 ) ) ;
#1050 = DIRECTION ( 'NONE',  ( 1.000000000000000000, 0.000000000000000000, 0.000000000000000000 ) ) ;
#1051 = VECTOR ( 'NONE', #3286, 1000.000000000000000 ) ;
#1052 = CARTESIAN_POINT ( 'NONE',  ( 39.86924175976613327, 3.375000000000000444, 1.832433874882242408 ) ) ;
#1053 = ADVANCED_FACE ( 'NONE', ( #719 ), #1955, .F. ) ;
#1054 = CARTESIAN_POINT ( 'NONE',  ( 28.74479118106270548, 1.702041092832122349, 0.5000000000000074385 ) ) ;
#1055 = VECTOR ( 'NONE', #3065, 1000.000000000000000 ) ;
#1056 = CARTESIAN_POINT ( 'NONE',  ( 50.75000000000000000, 1.899999999999999911, 6.000000000000000000 ) ) ;
#1057 = CARTESIAN_POINT ( 'NONE',  ( 27.37500039242483751, 0.001331181180930506329, 0.000000000000000000 ) ) ;
#1058 =( BOUNDED_CURVE ( )  B_SPLINE_CURVE ( 3, ( #374, #1931, #698, #1666 ),
 .UNSPECIFIED., .F., .T. ) 
 B_SPLINE_CURVE_WITH_KNOTS ( ( 4, 4 ),
 ( 4.712388980384688786, 6.283185307179586232 ),
 .UNSPECIFIED. ) 
 CURVE ( )  GEOMETRIC_REPRESENTATION_ITEM ( )  RATIONAL_B_SPLINE_CURVE ( ( 1.000000000000000000, 0.8047378541243648264, 0.8047378541243648264, 1.000000000000000000 ) ) 
 REPRESENTATION_ITEM ( '' )  );
#1059 = CARTESIAN_POINT ( 'NONE',  ( 41.57175463570159479, 3.182939566933725928, -0.000000000000000000 ) ) ;
#1060 = FACE_OUTER_BOUND ( 'NONE', #1748, .T. ) ;
#1061 = ADVANCED_FACE ( 'NONE', ( #776 ), #518, .F. ) ;
#1062 = CARTESIAN_POINT ( 'NONE',  ( 39.99121508338320297, 3.232178876127853595, 3.199589351131415516 ) ) ;
#1063 = CARTESIAN_POINT ( 'NONE',  ( 27.87505047622630983, 0.08630619611986599382, 0.5000000000000074385 ) ) ;
#1064 = CARTESIAN_POINT ( 'NONE',  ( 43.25382203731467001, 1.463146730824224973, 1.999999999999200417 ) ) ;
#1065 = CARTESIAN_POINT ( 'NONE',  ( 27.49774989987868068, -0.7424417529274797145, 0.000000000000000000 ) ) ;
#1066 = CARTESIAN_POINT ( 'NONE',  ( 43.87500000000000711, 1.470449196433465389E-15, 0.5000000000000073275 ) ) ;
#1067 = CARTESIAN_POINT ( 'NONE',  ( 42.29013847739386023, -2.826284835903681181, 0.000000000000000000 ) ) ;
#1068 = VERTEX_POINT ( 'NONE', #1473 ) ;
#1069 = PLANE ( 'NONE',  #1898 ) ;
#1070 = CYLINDRICAL_SURFACE ( 'NONE', #3890, 1.000000000000000888 ) ;
#1071 = DIRECTION ( 'NONE',  ( 1.000000000000000000, 0.000000000000000000, 0.000000000000000000 ) ) ;
#1072 = CARTESIAN_POINT ( 'NONE',  ( 29.57045740030996228, 2.308685499953796239, 0.5000000000000073275 ) ) ;
#1073 = CARTESIAN_POINT ( 'NONE',  ( 50.00000000000000000, 8.000000000000000000, 0.5000000000000004441 ) ) ;
#1074 = CARTESIAN_POINT ( 'NONE',  ( 28.27457358247456654, -1.174779961583614529, 2.000000000000182077 ) ) ;
#1075 = CARTESIAN_POINT ( 'NONE',  ( 41.73310706773638401, 2.574661677920731861, 1.500000000000000222 ) ) ;
#1076 = VERTEX_POINT ( 'NONE', #2996 ) ;
#1077 = CARTESIAN_POINT ( 'NONE',  ( 33.42220421699445865, 4.075250272129384399, 0.000000000000000000 ) ) ;
#1078 = EDGE_CURVE ( 'NONE', #2725, #3502, #2417, .T. ) ;
#1079 = CARTESIAN_POINT ( 'NONE',  ( 29.87890094287082121, -3.056032297933051201, 2.000000000000000000 ) ) ;
#1080 = CARTESIAN_POINT ( 'NONE',  ( 48.25000000000000000, 3.375000000000000000, 0.000000000000000000 ) ) ;
#1081 = CARTESIAN_POINT ( 'NONE',  ( 28.02652787031973247, -0.7267069110810260302, 0.5000000000000073275 ) ) ;
#1082 = ADVANCED_FACE ( 'NONE', ( #3875 ), #3702, .F. ) ;
#1083 = CARTESIAN_POINT ( 'NONE',  ( 44.37475562153228026, 0.1471380245088144134, 2.000000000000000000 ) ) ;
#1084 = CARTESIAN_POINT ( 'NONE',  ( 27.48321239416375761, 0.6962833208740598634, 0.000000000000000000 ) ) ;
#1085 = CARTESIAN_POINT ( 'NONE',  ( 39.36730801747092556, -3.375470542092186665, 0.5000000000000074385 ) ) ;
#1086 = CARTESIAN_POINT ( 'NONE',  ( 31.85370700459521487, -3.761082005732685030, 0.000000000000000000 ) ) ;
#1087 = ORIENTED_EDGE ( 'NONE', *, *, #3302, .F. ) ;
#1088 = CARTESIAN_POINT ( 'NONE',  ( 44.26781696632971119, 0.6944979439025253942, 0.000000000000000000 ) ) ;
#1089 = DIRECTION ( 'NONE',  ( -0.000000000000000000, -0.000000000000000000, 1.000000000000000000 ) ) ;
#1090 = DIRECTION ( 'NONE',  ( -1.000000000000000000, 0.000000000000000000, 0.000000000000000000 ) ) ;
#1091 = CARTESIAN_POINT ( 'NONE',  ( 21.00000000000000355, -3.374999999999997335, 3.099584923580558371 ) ) ;
#1092 = CARTESIAN_POINT ( 'NONE',  ( 30.61113753252580949, 2.824478501650661944, 0.5000000000000073275 ) ) ;
#1093 = ORIENTED_EDGE ( 'NONE', *, *, #2951, .F. ) ;
#1094 = CARTESIAN_POINT ( 'NONE',  ( 27.87519026190745208, -0.1145539098116147014, 1.500000000000000000 ) ) ;
#1095 = APPLICATION_CONTEXT ( 'automotive_design' ) ;
#1096 = CARTESIAN_POINT ( 'NONE',  ( 43.47890093087354302, 1.183422573459709026, 1.500000000000000222 ) ) ;
#1097 = ORIENTED_EDGE ( 'NONE', *, *, #3197, .F. ) ;
#1098 = CARTESIAN_POINT ( 'NONE',  ( 30.32056852595076180, 3.244541162378457244, -0.000000000000000000 ) ) ;
#1099 = DIRECTION ( 'NONE',  ( 0.000000000000000000, -1.000000000000000000, 0.000000000000000000 ) ) ;
#1100 = CARTESIAN_POINT ( 'NONE',  ( 21.00000000000000000, -1.899999999999999911, 6.000000000000000000 ) ) ;
#1101 = CARTESIAN_POINT ( 'NONE',  ( 27.95849814836404335, -0.5419875541261354179, 0.5000000000000073275 ) ) ;
#1102 = CARTESIAN_POINT ( 'NONE',  ( 43.87537305533448517, -0.2202346510393223267, 1.999999999999993117 ) ) ;
#1103 = CARTESIAN_POINT ( 'NONE',  ( 28.06954024371364298, -1.721031500008260995, 0.000000000000000000 ) ) ;
#1104 = VECTOR ( 'NONE', #214, 1000.000000000000114 ) ;
#1105 = CARTESIAN_POINT ( 'NONE',  ( 43.38907678392973821, -1.287616020717087251, 0.5000000000000073275 ) ) ;
#1106 = CARTESIAN_POINT ( 'NONE',  ( 37.58801915658775528, -4.170977491124222780, 0.000000000000000000 ) ) ;
#1107 = CIRCLE ( 'NONE', #338, 5.250000000000011546 ) ;
#1108 = VERTEX_POINT ( 'NONE', #2036 ) ;
#1109 = ADVANCED_FACE ( 'NONE', ( #2099 ), #933, .F. ) ;
#1110 = DIRECTION ( 'NONE',  ( -0.000000000000000000, -0.000000000000000000, -1.000000000000000000 ) ) ;
#1111 = DIRECTION ( 'NONE',  ( -1.000000000000000000, 0.000000000000000000, 0.000000000000000000 ) ) ;
#1112 = CARTESIAN_POINT ( 'NONE',  ( 23.50000000000000000, -3.374999999999979128, 0.000000000000000000 ) ) ;
#1113 = CONICAL_SURFACE ( 'NONE', #2652, 8.000000000000000000, 0.7853981633974482790 ) ;
#1114 = CARTESIAN_POINT ( 'NONE',  ( 44.26781696632971119, 0.6944979439025253942, 0.000000000000000000 ) ) ;
#1115 = CARTESIAN_POINT ( 'NONE',  ( 30.61262199250636939, -2.825081436166364757, 0.5000000000000074385 ) ) ;
#1116 = CIRCLE ( 'NONE', #411, 4.750000000000000000 ) ;
#1117 = ORIENTED_EDGE ( 'NONE', *, *, #642, .T. ) ;
#1118 = CARTESIAN_POINT ( 'NONE',  ( 28.07777898240019354, 0.8669979489043527776, 2.000000000000000000 ) ) ;
#1119 = CARTESIAN_POINT ( 'NONE',  ( 28.77292974087820454, -2.376227449330123420, -0.000000000000000000 ) ) ;
#1120 = CARTESIAN_POINT ( 'NONE',  ( 43.09292991753768831, -2.284046254352417815, 0.000000000000000000 ) ) ;
#1121 = ORIENTED_EDGE ( 'NONE', *, *, #3027, .F. ) ;
#1122 = CARTESIAN_POINT ( 'NONE',  ( 29.39957267984200229, 2.789876993204927658, -0.000000000000000000 ) ) ;
#1123 = CARTESIAN_POINT ( 'NONE',  ( 30.29038337666728609, -2.691101168935060350, 3.578456040465038068 ) ) ;
#1124 = B_SPLINE_CURVE_WITH_KNOTS ( 'NONE', 3,
 ( #3058, #660, #1238, #1592, #1833, #3118, #2436, #2452, #337, #4002, #1893, #1916, #1534, #3416, #1259, #3137, #358, #1516, #641, #2810, #1219, #53, #3683, #1870, #1571, #906, #3701, #925, #2791, #2156, #33, #3398, #622, #1853, #3075, #129, #1366, #2873, #150, #3855, #2009, #1992, #1669, #420, #1934, #2232, #2531, #1974, #737, #1059, #2549, #3834, #377, #1627, #2585, #2307, #2289, #3157, #1609, #1312, #395, #3474, #3793, #3532, #1952, #754, #2568, #3216, #110, #1024, #2271, #3773, #3180, #3552, #1008, #2251, #452, #1348, #2827, #3198, #3813, #1039, #3493, #701, #1684, #2906, #2889, #2851, #718, #1651, #1387, #3514, #435, #2604, #1077, #774, #68, #90, #1332, #3330, #1405, #169, #3263, #566, #2671, #821, #2623, #1447, #3873, #2034, #2692, #1469, #3939, #3893, #232, #2325, #3960, #2352, #1788, #1098, #3014, #842, #3917, #2055, #3575, #1165, #1145, #255, #2074, #1122, #2372, #798, #3636, #864, #3615, #2393, #1489, #1707, #2645, #2096, #2710, #1189, #2414, #494, #3307, #1727, #2992, #3285, #2947, #474, #209, #542, #1769, #3597, #3660, #886, #3237, #2928, #187, #515, #1425, #1746, #2968, #963 ),
 .UNSPECIFIED., .F., .F.,
 ( 4, 2, 2, 2, 2, 1, 2, 2, 1, 2, 2, 1, 1, 1, 2, 2, 1, 1, 1, 2, 2, 1, 1, 2, 2, 1, 1, 2, 2, 1, 1, 2, 2, 1, 1, 2, 2, 1, 2, 2, 1, 2, 2, 1, 2, 2, 1, 2, 2, 1, 2, 2, 2, 1, 2, 2, 2, 2, 2, 1, 2, 2, 1, 2, 2, 1, 2, 2, 1, 1, 2, 2, 1, 1, 2, 2, 1, 1, 2, 2, 1, 1, 2, 2, 1, 1, 2, 2, 1, 1, 1, 2, 2, 1, 1, 2, 2, 2, 2, 2, 2, 4 ),
 ( 0.000000000000000000, 0.003906249999999511675, 0.007812499999999023351, 0.01171874999999853589, 0.01562499999999804670, 0.01953124999999755751, 0.02148437499999731118, 0.02343749999999706485, 0.02734374999999656872, 0.02929687499999631892, 0.03124999999999607259, 0.03906249999999562156, 0.04296874999999539951, 0.04492187499999514277, 0.04589843749999501094, 0.04687499999999487910, 0.05468749999999631545, 0.05859374999999704403, 0.06054687499999740485, 0.06152343749999777262, 0.06249999999999812650, 0.07031249999999950040, 0.07421875000000037470, 0.07617187500000102696, 0.07812500000000166533, 0.08593750000000294209, 0.08984375000000358047, 0.09179687500000367761, 0.09375000000000377476, 0.1015625000000036915, 0.1054687500000038719, 0.1074218750000039552, 0.1093750000000040523, 0.1171875000000038997, 0.1210937500000035943, 0.1230468750000036776, 0.1250000000000037470, 0.1328125000000045242, 0.1367187500000051348, 0.1406250000000057732, 0.1484375000000070222, 0.1523437500000074385, 0.1562500000000078271, 0.1640625000000086320, 0.1679687500000087708, 0.1718750000000089373, 0.1796875000000092426, 0.1835937500000093814, 0.1875000000000095202, 0.2031250000000106304, 0.2109375000000109357, 0.2187500000000112410, 0.2500000000000134892, 0.2656250000000145994, 0.2734375000000148770, 0.2812500000000152101, 0.2968750000000157652, 0.3046875000000160982, 0.3125000000000163758, 0.3203125000000167089, 0.3242187500000168754, 0.3281250000000170419, 0.3359375000000173195, 0.3398437500000175415, 0.3437500000000177081, 0.3515625000000174860, 0.3554687500000171529, 0.3593750000000168754, 0.3671875000000162093, 0.3710937500000158762, 0.3730468750000157097, 0.3750000000000154876, 0.3828125000000145994, 0.3867187500000142664, 0.3886718750000139888, 0.3906250000000136557, 0.3984375000000121014, 0.4023437500000114353, 0.4042968750000111022, 0.4062500000000107137, 0.4140625000000096034, 0.4179687500000089373, 0.4199218750000085487, 0.4218750000000082157, 0.4296875000000072164, 0.4335937500000067724, 0.4355468750000066058, 0.4375000000000064948, 0.4453125000000055511, 0.4492187500000049960, 0.4511718750000047184, 0.4521484375000046074, 0.4531250000000044964, 0.4609375000000034972, 0.4648437500000029976, 0.4667968750000028311, 0.4687500000000026090, 0.4726562500000022760, 0.4765625000000018874, 0.4843750000000012212, 0.4921875000000006106, 0.5000000000000000000 ),
 .UNSPECIFIED. ) ;
#1125 = ADVANCED_FACE ( 'NONE', ( #1168 ), #3265, .F. ) ;
#1126 = CIRCLE ( 'NONE', #1001, 4.750000000000000000 ) ;
#1127 = DIRECTION ( 'NONE',  ( 0.000000000000000000, -1.000000000000000000, 0.000000000000000000 ) ) ;
#1128 = CARTESIAN_POINT ( 'NONE',  ( 35.04198816521882520, -3.730899213352705690, 0.5000000000000074385 ) ) ;
#1129 = AXIS2_PLACEMENT_3D ( 'NONE', #454, #1349, #1994 ) ;
#1130 = CARTESIAN_POINT ( 'NONE',  ( 42.70200705814860953, -1.963815172937272147, 2.000000000000000000 ) ) ;
#1131 = CARTESIAN_POINT ( 'NONE',  ( 33.10790334522825162, -4.027174340616855197, 0.000000000000000000 ) ) ;
#1132 = CARTESIAN_POINT ( 'NONE',  ( 50.00000000000000000, 0.000000000000000000, 6.000000000000000000 ) ) ;
#1133 = CARTESIAN_POINT ( 'NONE',  ( 40.07137697661281805, 3.193151671237644429, 0.5000000000000073275 ) ) ;
#1134 = ORIENTED_EDGE ( 'NONE', *, *, #299, .T. ) ;
#1135 = CARTESIAN_POINT ( 'NONE',  ( 43.78413546458765637, 1.596317963013854424, 0.000000000000000000 ) ) ;
#1136 = CARTESIAN_POINT ( 'NONE',  ( 50.75000000000002132, -3.508974596215540309, 1.756261532196013775 ) ) ;
#1137 = EDGE_CURVE ( 'NONE', #268, #2927, #2159, .T. ) ;
#1138 = CARTESIAN_POINT ( 'NONE',  ( 21.50000000000000000, 3.375000000000000000, 0.000000000000000000 ) ) ;
#1139 = CARTESIAN_POINT ( 'NONE',  ( 43.71604957160055704, 1.680675554840033392, 0.000000000000000000 ) ) ;
#1140 = ORIENTED_EDGE ( 'NONE', *, *, #447, .T. ) ;
#1141 = CARTESIAN_POINT ( 'NONE',  ( 28.49127285109543095, 1.457924034455440943, 2.000000000000000000 ) ) ;
#1142 = CARTESIAN_POINT ( 'NONE',  ( 29.54861665116743197, -2.872396079617843156, -0.000000000000000000 ) ) ;
#1143 = CARTESIAN_POINT ( 'NONE',  ( 43.87499998598491402, 0.04220875880337324193, 0.5000000000000073275 ) ) ;
#1144 = ORIENTED_EDGE ( 'NONE', *, *, #3935, .T. ) ;
#1145 = CARTESIAN_POINT ( 'NONE',  ( 29.68810539290173978, 2.947126787848897145, -0.000000000000000000 ) ) ;
#1146 = CARTESIAN_POINT ( 'NONE',  ( 30.01066202708096142, -2.558265748249847427, 3.671468403369911204 ) ) ;
#1147 = ORIENTED_EDGE ( 'NONE', *, *, #3955, .T. ) ;
#1148 = CARTESIAN_POINT ( 'NONE',  ( 28.97786371826039442, 1.899999999999999911, 4.132391042439889972 ) ) ;
#1149 = CARTESIAN_POINT ( 'NONE',  ( 39.76664792078186395, -3.278091767979069981, 0.5000000000000073275 ) ) ;
#1150 = LINE ( 'NONE', #1731, #2209 ) ;
#1151 = LINE ( 'NONE', #2379, #2475 ) ;
#1152 = CARTESIAN_POINT ( 'NONE',  ( 41.77836338207413291, 2.531612057938925631, 0.5000000000000074385 ) ) ;
#1153 = EDGE_CURVE ( 'NONE', #3635, #2595, #2949, .T. ) ;
#1154 = ORIENTED_EDGE ( 'NONE', *, *, #3817, .F. ) ;
#1155 = CARTESIAN_POINT ( 'NONE',  ( 39.36211915483259105, -3.374999999999988898, 1.500000000000000000 ) ) ;
#1156 = FACE_BOUND ( 'NONE', #3741, .T. ) ;
#1157 = CARTESIAN_POINT ( 'NONE',  ( 27.96953209771844584, 1.598878222523063775, 0.000000000000000000 ) ) ;
#1158 = CARTESIAN_POINT ( 'NONE',  ( 31.48365050461943682, -3.134657298125437919, 0.5000000000000073275 ) ) ;
#1159 = ORIENTED_EDGE ( 'NONE', *, *, #3668, .F. ) ;
#1160 = DIRECTION ( 'NONE',  ( -0.000000000000000000, -0.000000000000000000, -1.000000000000000000 ) ) ;
#1161 = CARTESIAN_POINT ( 'NONE',  ( 28.32128228842018203, -1.999782202483280980, 2.000000000000000000 ) ) ;
#1162 = CARTESIAN_POINT ( 'NONE',  ( 31.25611722745751209, -3.587565335551359258, -0.000000000000000000 ) ) ;
#1163 = CARTESIAN_POINT ( 'NONE',  ( 39.47807764566184829, -3.863110520847031992, 0.000000000000000000 ) ) ;
#1164 = ORIENTED_EDGE ( 'NONE', *, *, #230, .T. ) ;
#1165 = CARTESIAN_POINT ( 'NONE',  ( 29.73486317345100716, 2.971361290547391842, -0.000000000000000000 ) ) ;
#1166 = ORIENTED_EDGE ( 'NONE', *, *, #1526, .F. ) ;
#1167 = DIRECTION ( 'NONE',  ( -0.000000000000000000, -0.000000000000000000, 1.000000000000000000 ) ) ;
#1168 = FACE_OUTER_BOUND ( 'NONE', #2468, .T. ) ;
#1169 = EDGE_CURVE ( 'NONE', #2533, #2125, #190, .T. ) ;
#1170 = CARTESIAN_POINT ( 'NONE',  ( 42.81855615721261188, -1.862827910298464174, 0.5000000000000074385 ) ) ;
#1171 = CARTESIAN_POINT ( 'NONE',  ( 39.28715386699369105, -3.391794347220786321, 2.000000000000000000 ) ) ;
#1172 = PLANE ( 'NONE',  #478 ) ;
#1173 = CARTESIAN_POINT ( 'NONE',  ( 43.49806565589589979, 1.140206276343044278, 0.5000000000000074385 ) ) ;
#1174 = B_SPLINE_CURVE_WITH_KNOTS ( 'NONE', 3,
 ( #1804, #3028, #3978, #2428, #3676, #1288, #3764, #2883, #3804, #1985, #3208, #1926, #1965, #1600, #2801, #3190, #2540, #1341, #3148, #2227, #1618, #121, #3747, #3467, #3526, #2576 ),
 .UNSPECIFIED., .F., .F.,
 ( 4, 2, 2, 2, 2, 2, 2, 2, 2, 2, 2, 2, 4 ),
 ( 0.000000000000000000, 0.001242533961412676559, 0.002485067922825353118, 0.003106334903531698770, 0.003727601884238044855, 0.004348868864944390941, 0.004970135845650736593, 0.005591402826357083113, 0.006212669807063427897, 0.006833936787769774417, 0.007455203768476120936, 0.008697737729888811373, 0.009940271691301504411 ),
 .UNSPECIFIED. ) ;
#1175 = VERTEX_POINT ( 'NONE', #1792 ) ;
#1176 = CARTESIAN_POINT ( 'NONE',  ( 41.61930851385230312, 3.162359392752729814, 0.000000000000000000 ) ) ;
#1177 = CARTESIAN_POINT ( 'NONE',  ( 6.000000000000000888, 5.875000000000000000, 6.000000000000000000 ) ) ;
#1178 = EDGE_CURVE ( 'NONE', #298, #1616, #1810, .T. ) ;
#1179 = CARTESIAN_POINT ( 'NONE',  ( 31.23249000301343870, 3.580374197959740989, 0.000000000000000000 ) ) ;
#1180 = VECTOR ( 'NONE', #2768, 1000.000000000000000 ) ;
#1181 = CARTESIAN_POINT ( 'NONE',  ( 28.02652787031973247, -0.7267069110810260302, 0.5000000000000073275 ) ) ;
#1182 = ORIENTED_EDGE ( 'NONE', *, *, #1401, .F. ) ;
#1183 = LINE ( 'NONE', #1823, #25 ) ;
#1184 = PLANE ( 'NONE',  #1694 ) ;
#1185 = AXIS2_PLACEMENT_3D ( 'NONE', #2243, #3468, #82 ) ;
#1186 = AXIS2_PLACEMENT_3D ( 'NONE', #1000, #429, #1050 ) ;
#1187 = CARTESIAN_POINT ( 'NONE',  ( 44.29065747187483026, -0.6154737055954436764, 0.000000000000000000 ) ) ;
#1188 = ORIENTED_EDGE ( 'NONE', *, *, #2103, .F. ) ;
#1189 = CARTESIAN_POINT ( 'NONE',  ( 28.36057070857301099, 2.028946823646887054, -0.000000000000000000 ) ) ;
#1190 = CARTESIAN_POINT ( 'NONE',  ( 21.00000000000000000, -1.899999999999999911, 6.000000000000000000 ) ) ;
#1192 = ORIENTED_EDGE ( 'NONE', *, *, #3996, .T. ) ;
#1191 = AXIS2_PLACEMENT_3D ( 'NONE', #1214, #2212, #1607 ) ;
#1193 = DIRECTION ( 'NONE',  ( 0.000000000000000000, -0.000000000000000000, 1.000000000000000000 ) ) ;
#1194 = CARTESIAN_POINT ( 'NONE',  ( 23.00000000000000355, 2.899999999999999911, 0.000000000000000000 ) ) ;
#1195 = CARTESIAN_POINT ( 'NONE',  ( 30.89797971400987109, -2.936490168960244951, 0.5000000000000074385 ) ) ;
#1196 = CARTESIAN_POINT ( 'NONE',  ( 43.25872714503948657, -1.457924031500902329, 1.500000000000000000 ) ) ;
#1197 = VECTOR ( 'NONE', #3675, 1000.000000000000114 ) ;
#1198 = UNCERTAINTY_MEASURE_WITH_UNIT (LENGTH_MEASURE( 1.000000000000000082E-05 ), #3453, 'distance_accuracy_value', 'NONE');
#1199 = CARTESIAN_POINT ( 'NONE',  ( 50.25000000000000000, -7.829341971150073576, 5.666669383520578585 ) ) ;
#1200 = CARTESIAN_POINT ( 'NONE',  ( 42.70988672374723194, 1.953982671171456964, 0.5000000000000074385 ) ) ;
#1201 = AXIS2_PLACEMENT_3D ( 'NONE', #2358, #3291, #890 ) ;
#1202 =( BOUNDED_CURVE ( )  B_SPLINE_CURVE ( 3, ( #475, #2181, #3144, #3463 ),
 .UNSPECIFIED., .F., .T. ) 
 B_SPLINE_CURVE_WITH_KNOTS ( ( 4, 4 ),
 ( 4.712388980384689674, 6.283185307179586232 ),
 .UNSPECIFIED. ) 
 CURVE ( )  GEOMETRIC_REPRESENTATION_ITEM ( )  RATIONAL_B_SPLINE_CURVE ( ( 1.000000000000000000, 0.8047378541243649375, 0.8047378541243649375, 1.000000000000000000 ) ) 
 REPRESENTATION_ITEM ( '' )  );
#1203 = ORIENTED_EDGE ( 'NONE', *, *, #1331, .T. ) ;
#1204 = CARTESIAN_POINT ( 'NONE',  ( 39.58441949194846643, 3.837210342908405902, 0.000000000000000000 ) ) ;
#1205 = CARTESIAN_POINT ( 'NONE',  ( 21.00000000000000355, -3.374999999999997335, 1.999999999999991340 ) ) ;
#1206 = CIRCLE ( 'NONE', #1905, 2.000000000000000000 ) ;
#1207 = CARTESIAN_POINT ( 'NONE',  ( 27.88825607663196138, 1.490071037674939092, 0.000000000000000000 ) ) ;
#1208 = VERTEX_POINT ( 'NONE', #1148 ) ;
#1209 = CARTESIAN_POINT ( 'NONE',  ( 32.38788084516741606, -3.374999999999989342, 1.500000000000000000 ) ) ;
#1210 = CARTESIAN_POINT ( 'NONE',  ( 25.50000000000000355, -3.374999999999994671, 0.000000000000000000 ) ) ;
#1211 = CARTESIAN_POINT ( 'NONE',  ( 38.06668358927959162, -4.111451266691577899, -0.000000000000000000 ) ) ;
#1212 = CARTESIAN_POINT ( 'NONE',  ( 36.94904151984316343, -4.218362305918281763, 0.000000000000000000 ) ) ;
#1213 = ORIENTED_EDGE ( 'NONE', *, *, #2973, .F. ) ;
#1214 = CARTESIAN_POINT ( 'NONE',  ( 0.000000000000000000, 0.000000000000000000, 5.500000000000000000 ) ) ;
#1215 = ORIENTED_EDGE ( 'NONE', *, *, #2490, .F. ) ;
#1216 = DIRECTION ( 'NONE',  ( 0.000000000000000000, -0.000000000000000000, 1.000000000000000000 ) ) ;
#1217 = CARTESIAN_POINT ( 'NONE',  ( 42.46382115821640468, -2.127919359691079038, 0.5000000000000073275 ) ) ;
#1218 = EDGE_CURVE ( 'NONE', #1241, #831, #3310, .T. ) ;
#1219 = CARTESIAN_POINT ( 'NONE',  ( 43.88602337299301581, 1.461096484017998742, -0.000000000000000000 ) ) ;
#1220 = EDGE_CURVE ( 'NONE', #2090, #3729, #3017, .T. ) ;
#1221 = CARTESIAN_POINT ( 'NONE',  ( 32.38788084516747290, 3.375000000000001332, 1.539863622369218144 ) ) ;
#1222 = CARTESIAN_POINT ( 'NONE',  ( 44.31738198776632487, -0.5095159630186072430, 0.000000000000000000 ) ) ;
#1223 = VERTEX_POINT ( 'NONE', #868 ) ;
#1224 = CARTESIAN_POINT ( 'NONE',  ( 41.12563549991580913, 3.369329759618774567, 0.000000000000000000 ) ) ;
#1225 = CARTESIAN_POINT ( 'NONE',  ( 0.000000000000000000, 7.500000000000000000, 6.000000000000000000 ) ) ;
#1226 = CARTESIAN_POINT ( 'NONE',  ( 35.13151416771774649, 4.234564233201545846, 0.000000000000000000 ) ) ;
#1227 =( BOUNDED_CURVE ( )  B_SPLINE_CURVE ( 3, ( #2326, #2035, #822, #1512 ),
 .UNSPECIFIED., .F., .F. ) 
 B_SPLINE_CURVE_WITH_KNOTS ( ( 4, 4 ),
 ( 0.5000000000000000000, 0.5000690829060169262 ),
 .UNSPECIFIED. ) 
 CURVE ( )  GEOMETRIC_REPRESENTATION_ITEM ( )  RATIONAL_B_SPLINE_CURVE ( ( 0.9999999999991667776, 0.9999078894578101728, 0.9998157916429815106, 0.9997237065555133473 ) ) 
 REPRESENTATION_ITEM ( '' )  );
#1228 = ORIENTED_EDGE ( 'NONE', *, *, #2646, .F. ) ;
#1229 = CARTESIAN_POINT ( 'NONE',  ( 19.00000000000000355, 3.375000000000000000, 2.000000000000000000 ) ) ;
#1230 = CARTESIAN_POINT ( 'NONE',  ( 31.41113247954864818, 3.126441048668699985, 2.000000000000364597 ) ) ;
#1231 = CARTESIAN_POINT ( 'NONE',  ( 39.32435369541908443, -3.896173100932519784, -0.000000000000000000 ) ) ;
#1232 = CARTESIAN_POINT ( 'NONE',  ( 43.82491701587973409, 0.4210340351420970850, 0.5000000000000073275 ) ) ;
#1233 = ORIENTED_EDGE ( 'NONE', *, *, #2899, .F. ) ;
#1234 = ORIENTED_EDGE ( 'NONE', *, *, #1014, .F. ) ;
#1235 = CARTESIAN_POINT ( 'NONE',  ( 50.25000000000000000, -4.374999999999978684, 0.000000000000000000 ) ) ;
#1236 = CARTESIAN_POINT ( 'NONE',  ( 43.20689683073898379, -1.502186112851740196, 0.5000000000000076605 ) ) ;
#1237 = EDGE_CURVE ( 'NONE', #3225, #469, #584, .T. ) ;
#1238 = CARTESIAN_POINT ( 'NONE',  ( 44.37303820188797232, 0.1086010541490253778, 0.000000000000000000 ) ) ;
#1239 = LINE ( 'NONE', #69, #3460 ) ;
#1240 = CARTESIAN_POINT ( 'NONE',  ( 35.15273797816627166, 3.735005462920923947, 0.5000000000000073275 ) ) ;
#1241 = VERTEX_POINT ( 'NONE', #3598 ) ;
#1242 = CARTESIAN_POINT ( 'NONE',  ( 43.87500000000000000, 7.496892128005094413, 0.5000000000000074385 ) ) ;
#1243 = EDGE_CURVE ( 'NONE', #1589, #2501, #780, .T. ) ;
#1244 = CARTESIAN_POINT ( 'NONE',  ( 28.99411786911172939, 2.534051092791000048, 0.000000000000000000 ) ) ;
#1245 = EDGE_CURVE ( 'NONE', #100, #2360, #3288, .T. ) ;
#1246 = ORIENTED_EDGE ( 'NONE', *, *, #1715, .T. ) ;
#1247 = ADVANCED_FACE ( 'NONE', ( #300 ), #3115, .F. ) ;
#1248 = CARTESIAN_POINT ( 'NONE',  ( 48.75000000000000000, -8.000000000000000000, 0.5000000000000004441 ) ) ;
#1249 = DIRECTION ( 'NONE',  ( -0.000000000000000000, -0.000000000000000000, 1.000000000000000000 ) ) ;
#1250 = CARTESIAN_POINT ( 'NONE',  ( 40.74373981681802803, -3.505557961078938689, -0.000000000000000000 ) ) ;
#1251 = CARTESIAN_POINT ( 'NONE',  ( 42.93179955081892984, 1.767908581179264971, 0.5000000000000073275 ) ) ;
#1252 = AXIS2_PLACEMENT_3D ( 'NONE', #245, #3253, #1416 ) ;
#1253 = ORIENTED_EDGE ( 'NONE', *, *, #1587, .T. ) ;
#1254 = VERTEX_POINT ( 'NONE', #3056 ) ;
#1255 = CARTESIAN_POINT ( 'NONE',  ( 21.00000000000000000, 1.899999999999999911, 2.000000000000000000 ) ) ;
#1256 = AXIS2_PLACEMENT_3D ( 'NONE', #2754, #3434, #3458 ) ;
#1257 = CARTESIAN_POINT ( 'NONE',  ( 11.00000000000000178, 5.875000000000000000, 0.000000000000000000 ) ) ;
#1258 = ADVANCED_FACE ( 'NONE', ( #31 ), #1851, .T. ) ;
#1259 = CARTESIAN_POINT ( 'NONE',  ( 44.15087102740054092, 0.9977169309733121549, -0.000000000000000000 ) ) ;
#1260 = DIRECTION ( 'NONE',  ( 0.7071067811865493491, 8.659560562354955045E-17, -0.7071067811865456854 ) ) ;
#1261 = CARTESIAN_POINT ( 'NONE',  ( 37.53246660771758059, 3.673840603589269005, 0.5000000000000074385 ) ) ;
#1262 = ORIENTED_EDGE ( 'NONE', *, *, #2673, .F. ) ;
#1263 = CARTESIAN_POINT ( 'NONE',  ( 28.40620810134899443, 2.070164313034625447, 0.000000000000000000 ) ) ;
#1264 = LINE ( 'NONE', #1557, #1513 ) ;
#1265 = CARTESIAN_POINT ( 'NONE',  ( 27.38282270379608718, -0.2162625048717421727, 0.000000000000000000 ) ) ;
#1266 = VECTOR ( 'NONE', #436, 1000.000000000000000 ) ;
#1267 = ORIENTED_EDGE ( 'NONE', *, *, #1643, .T. ) ;
#1268 = ADVANCED_FACE ( 'NONE', ( #334 ), #1914, .T. ) ;
#1269 = FACE_OUTER_BOUND ( 'NONE', #1531, .T. ) ;
#1270 = DIRECTION ( 'NONE',  ( 1.000000000000000000, 6.505213034913020688E-16, 0.000000000000000000 ) ) ;
#1271 = DIRECTION ( 'NONE',  ( 1.000000000000000000, 0.000000000000000000, 0.000000000000000000 ) ) ;
#1272 = CARTESIAN_POINT ( 'NONE',  ( 42.50081721646532884, -2.698728204673125575, -0.000000000000000000 ) ) ;
#1273 = CARTESIAN_POINT ( 'NONE',  ( 41.13570219876839928, 2.827667383917965349, 0.5000000000000074385 ) ) ;
#1274 = ORIENTED_EDGE ( 'NONE', *, *, #3728, .F. ) ;
#1275 = DIRECTION ( 'NONE',  ( -0.000000000000000000, -0.000000000000000000, 1.000000000000000000 ) ) ;
#1276 = ORIENTED_EDGE ( 'NONE', *, *, #299, .F. ) ;
#1277 = CARTESIAN_POINT ( 'NONE',  ( -5.250000000000011546, 6.429395695523617958E-16, 6.000000000000000000 ) ) ;
#1278 = CARTESIAN_POINT ( 'NONE',  ( 43.79030603847078140, -0.5446207371690090504, 0.5000000000000073275 ) ) ;
#1279 = CARTESIAN_POINT ( 'NONE',  ( 43.48125517435679654, -1.180333461981283083, 1.500000000000000222 ) ) ;
#1280 = CARTESIAN_POINT ( 'NONE',  ( 46.25000000000000000, 3.375000000000000000, 0.000000000000000000 ) ) ;
#1281 = CARTESIAN_POINT ( 'NONE',  ( 34.52799783530183220, 3.696792074292395203, 0.5000000000000073275 ) ) ;
#1282 = ORIENTED_EDGE ( 'NONE', *, *, #3444, .F. ) ;
#1283 = CARTESIAN_POINT ( 'NONE',  ( 30.02604439050809049, 3.116609077981803644, 0.000000000000000000 ) ) ;
#1284 = CARTESIAN_POINT ( 'NONE',  ( 0.000000000000000000, 8.000000000000000000, 0.5000000000000004441 ) ) ;
#1285 = CARTESIAN_POINT ( 'NONE',  ( 29.55155389481437567, -2.874817185613807169, 0.000000000000000000 ) ) ;
#1286 = ORIENTED_EDGE ( 'NONE', *, *, #951, .T. ) ;
#1287 = CARTESIAN_POINT ( 'NONE',  ( 21.00000000000000000, 1.899999999999999911, 6.000000000000000000 ) ) ;
#1288 = CARTESIAN_POINT ( 'NONE',  ( 43.40782106807340313, 2.014580191912861640, 2.000000000000000444 ) ) ;
#1289 = CARTESIAN_POINT ( 'NONE',  ( 50.25000000000000000, -4.374999999999978684, 0.000000000000000000 ) ) ;
#1290 = CARTESIAN_POINT ( 'NONE',  ( 39.00806863997826923, -3.960062297037205248, 0.000000000000000000 ) ) ;
#1291 = CARTESIAN_POINT ( 'NONE',  ( 42.30231076825644720, 2.233073292034981172, 0.5000000000000074385 ) ) ;
#1292 = ORIENTED_EDGE ( 'NONE', *, *, #1821, .T. ) ;
#1293 = CARTESIAN_POINT ( 'NONE',  ( 24.00000000000000355, 2.899999999999999911, 0.000000000000000000 ) ) ;
#1294 = CARTESIAN_POINT ( 'NONE',  ( 42.77213628173961979, 1.899999999999999911, 6.000000000000000000 ) ) ;
#1295 = CARTESIAN_POINT ( 'NONE',  ( 40.33616611550153408, -3.125306652669486596, 1.500000000000000222 ) ) ;
#1296 = CARTESIAN_POINT ( 'NONE',  ( 40.47921619159647122, -3.374999999999985789, 1.966098026113000552 ) ) ;
#1297 = ORIENTED_EDGE ( 'NONE', *, *, #3777, .F. ) ;
#1298 = CARTESIAN_POINT ( 'NONE',  ( 27.67107536020142078, 1.146053971732091448, 0.000000000000000000 ) ) ;
#1299 = CARTESIAN_POINT ( 'NONE',  ( 27.92829516589548433, -1.554305694860856457, 2.000000000000000000 ) ) ;
#1300 = CARTESIAN_POINT ( 'NONE',  ( 31.02802897029093998, -3.513266444476339956, 0.000000000000000000 ) ) ;
#1301 = EDGE_LOOP ( 'NONE', ( #568, #2116, #1253, #2374 ) ) ;
#1302 = CARTESIAN_POINT ( 'NONE',  ( 30.64525505182136200, -3.374999999999991118, 1.999999999999998224 ) ) ;
#1303 = CARTESIAN_POINT ( 'NONE',  ( 50.97446601865777183, -3.411620418948227762, 1.071611500259496585 ) ) ;
#1304 = B_SPLINE_CURVE_WITH_KNOTS ( 'NONE', 3,
 ( #3059, #3436, #1296, #2792, #3722, #34, #1593, #2513, #643, #2178, #2158, #2494 ),
 .UNSPECIFIED., .F., .F.,
 ( 4, 2, 2, 2, 2, 4 ),
 ( 0.000000000000000000, 0.0009381144338177093865, 0.001407171650726574000, 0.001641700259180996820, 0.001758964563408199448, 0.001876228867635402076 ),
 .UNSPECIFIED. ) ;
#1305 = DIRECTION ( 'NONE',  ( 0.000000000000000000, 0.000000000000000000, -1.000000000000000000 ) ) ;
#1306 = CARTESIAN_POINT ( 'NONE',  ( 40.07137697661281805, 3.193151671237644429, 0.5000000000000073275 ) ) ;
#1307 = ORIENTED_EDGE ( 'NONE', *, *, #1924, .T. ) ;
#1308 = DIRECTION ( 'NONE',  ( -1.000000000000000000, -6.122553444624024981E-16, 0.000000000000000000 ) ) ;
#1309 = CARTESIAN_POINT ( 'NONE',  ( 44.05208122195964648, 1.192103804733744221, 0.000000000000000000 ) ) ;
#1310 = CYLINDRICAL_SURFACE ( 'NONE', #2836, 2.000000000000000000 ) ;
#1311 = AXIS2_PLACEMENT_3D ( 'NONE', #3618, #2076, #632 ) ;
#1312 = CARTESIAN_POINT ( 'NONE',  ( 40.52123870147944729, 3.578792072488620857, -0.000000000000000000 ) ) ;
#1313 = EDGE_CURVE ( 'NONE', #3262, #2069, #3135, .T. ) ;
#1314 = VECTOR ( 'NONE', #3212, 1000.000000000000000 ) ;
#1315 = LINE ( 'NONE', #3096, #2853 ) ;
#1316 = CIRCLE ( 'NONE', #1191, 8.000000000000000000 ) ;
#1317 = ORIENTED_EDGE ( 'NONE', *, *, #3244, .T. ) ;
#1318 = CARTESIAN_POINT ( 'NONE',  ( 38.63823009331501623, 4.027821855861118294, 0.000000000000000000 ) ) ;
#1319 = PLANE ( 'NONE',  #2849 ) ;
#1320 = CARTESIAN_POINT ( 'NONE',  ( 27.37506480239180817, 0.1108575709400955872, 0.000000000000000000 ) ) ;
#1321 = CONICAL_SURFACE ( 'NONE', #3900, 7.500000000000000000, 0.7853981633974482790 ) ;
#1322 = VERTEX_POINT ( 'NONE', #1277 ) ;
#1323 = CARTESIAN_POINT ( 'NONE',  ( 43.87500000000000711, 1.469576158976824736E-15, 2.000000000000000444 ) ) ;
#1324 = DIRECTION ( 'NONE',  ( 0.000000000000000000, -0.000000000000000000, 1.000000000000000000 ) ) ;
#1325 = DIRECTION ( 'NONE',  ( 1.000000000000000000, 0.000000000000000000, 0.000000000000000000 ) ) ;
#1326 = CARTESIAN_POINT ( 'NONE',  ( 27.88127379061101863, 0.1706000801040525872, 0.5000000000000074385 ) ) ;
#1327 = EDGE_LOOP ( 'NONE', ( #2267, #1159, #3850, #560, #3912 ) ) ;
#1328 = PLANE ( 'NONE',  #3314 ) ;
#1329 = CARTESIAN_POINT ( 'NONE',  ( 44.37304989494013086, 0.1085965115900845573, 0.000000000000000000 ) ) ;
#1330 = CARTESIAN_POINT ( 'NONE',  ( 27.63184633278584812, -1.067294921001700425, -0.000000000000000000 ) ) ;
#1331 = EDGE_CURVE ( 'NONE', #3153, #2321, #3698, .T. ) ;
#1332 = CARTESIAN_POINT ( 'NONE',  ( 32.78765877902566217, 3.968784485247450089, -0.000000000000000000 ) ) ;
#1333 = CARTESIAN_POINT ( 'NONE',  ( 28.42164963210759510, 1.362954191997172826, 0.5000000000000074385 ) ) ;
#1334 = CARTESIAN_POINT ( 'NONE',  ( 37.12039969815450746, 3.883928571428571619, 1.999999999999994893 ) ) ;
#1335 = ORIENTED_EDGE ( 'NONE', *, *, #3258, .F. ) ;
#1336 = CARTESIAN_POINT ( 'NONE',  ( 29.45262409454637265, 2.819623847008242201, 0.000000000000000000 ) ) ;
#1337 = CARTESIAN_POINT ( 'NONE',  ( 37.94927089451250879, -3.627321667788892423, 0.5000000000000076605 ) ) ;
#1338 = CARTESIAN_POINT ( 'NONE',  ( 27.84130177674271067, 1.423035637445352997, 0.000000000000000000 ) ) ;
#1339 = ORIENTED_EDGE ( 'NONE', *, *, #3281, .T. ) ;
#1340 = LINE ( 'NONE', #3803, #1575 ) ;
#1341 = CARTESIAN_POINT ( 'NONE',  ( 43.95205432069812446, -1.370926191111256243, 1.999999999999999556 ) ) ;
#1342 = CARTESIAN_POINT ( 'NONE',  ( 40.47963355171115296, 3.374999999999999556, 1.965992365577776457 ) ) ;
#1343 = CARTESIAN_POINT ( 'NONE',  ( 27.89951214998528428, 0.2963248254574004092, 0.5000000000000073275 ) ) ;
#1344 = ORIENTED_EDGE ( 'NONE', *, *, #2828, .T. ) ;
#1345 = CARTESIAN_POINT ( 'NONE',  ( 32.46279388130917454, -3.391782797110744152, 2.000000000000000444 ) ) ;
#1346 = DIRECTION ( 'NONE',  ( 0.000000000000000000, 0.7071067811865474617, 0.7071067811865474617 ) ) ;
#1347 = CARTESIAN_POINT ( 'NONE',  ( 27.48088158488172894, -0.6903369478142306059, -0.000000000000000000 ) ) ;
#1348 = CARTESIAN_POINT ( 'NONE',  ( 38.21969370969700464, 4.091713440377612088, 0.000000000000000000 ) ) ;
#1349 = DIRECTION ( 'NONE',  ( -0.000000000000000000, -0.000000000000000000, 1.000000000000000000 ) ) ;
#1350 = ADVANCED_FACE ( 'NONE', ( #620 ), #3752, .F. ) ;
#1351 = CARTESIAN_POINT ( 'NONE',  ( 29.04095801581501846, -1.950678704605093516, 0.5000000000000074385 ) ) ;
#1352 = CARTESIAN_POINT ( 'NONE',  ( 27.50017586040252837, 0.7482557113180421382, 0.000000000000000000 ) ) ;
#1353 = ADVANCED_FACE ( 'NONE', ( #3719 ), #2509, .T. ) ;
#1354 = CARTESIAN_POINT ( 'NONE',  ( 38.56015838201915358, -3.533881583714416408, 0.5000000000000073275 ) ) ;
#1355 = CARTESIAN_POINT ( 'NONE',  ( 43.57257452850452495, -1.843485354396414477, 0.000000000000000000 ) ) ;
#1356 = ORIENTED_EDGE ( 'NONE', *, *, #2496, .F. ) ;
#1357 = DIRECTION ( 'NONE',  ( 0.000000000000000000, -1.000000000000000000, 0.000000000000000000 ) ) ;
#1358 = CARTESIAN_POINT ( 'NONE',  ( -4.750000000000000000, 5.817072295949927426E-16, 5.499999999999992895 ) ) ;
#1359 = DIRECTION ( 'NONE',  ( 1.000000000000000000, 6.122553444624024981E-16, 0.000000000000000000 ) ) ;
#1360 = EDGE_CURVE ( 'NONE', #84, #1223, #639, .T. ) ;
#1361 = CARTESIAN_POINT ( 'NONE',  ( 28.25445163395649573, 1.141388665691269289, 0.5000000000000073275 ) ) ;
#1362 = EDGE_CURVE ( 'NONE', #972, #3697, #966, .T. ) ;
#1363 = ORIENTED_EDGE ( 'NONE', *, *, #830, .F. ) ;
#1364 = FACE_OUTER_BOUND ( 'NONE', #2122, .T. ) ;
#1365 = CARTESIAN_POINT ( 'NONE',  ( 32.38788084516741606, -3.374999999999989342, 1.500000000000000000 ) ) ;
#1366 = CARTESIAN_POINT ( 'NONE',  ( 42.75298824279451537, 2.534946215732997388, -0.000000000000000000 ) ) ;
#1367 = CARTESIAN_POINT ( 'NONE',  ( 20.50000000000000000, 3.375000000000000000, 0.000000000000000000 ) ) ;
#1368 = CIRCLE ( 'NONE', #3634, 7.500000000000000000 ) ;
#1369 = CARTESIAN_POINT ( 'NONE',  ( 28.07206058582592334, 0.8312527722424444265, 0.5000000000000076605 ) ) ;
#1370 = CARTESIAN_POINT ( 'NONE',  ( 39.36211915483256263, 3.374999999999996003, 2.000000000000000000 ) ) ;
#1371 = VECTOR ( 'NONE', #1460, 1000.000000000000000 ) ;
#1372 = CARTESIAN_POINT ( 'NONE',  ( 31.18200155870264112, -3.563800821122200979, 0.000000000000000000 ) ) ;
#1373 = CARTESIAN_POINT ( 'NONE',  ( 43.30024486837791642, -1.396244070209092802, 0.5000000000000073275 ) ) ;
#1374 = CARTESIAN_POINT ( 'NONE',  ( 44.08097612161425616, -1.142191851391534785, 0.000000000000000000 ) ) ;
#1375 = EDGE_LOOP ( 'NONE', ( #2240, #1778, #1297, #333 ) ) ;
#1376 = CARTESIAN_POINT ( 'NONE',  ( 11.00000000000000178, 3.125000000000000000, 3.000000000000000000 ) ) ;
#1377 = VECTOR ( 'NONE', #151, 1000.000000000000000 ) ;
#1378 = CARTESIAN_POINT ( 'NONE',  ( 46.25000000000000000, 3.375000000000000000, 0.000000000000000000 ) ) ;
#1379 = EDGE_CURVE ( 'NONE', #3706, #697, #678, .T. ) ;
#1380 = CARTESIAN_POINT ( 'NONE',  ( 29.27622001267834051, 2.121142107048006320, 0.5000000000000074385 ) ) ;
#1381 = VECTOR ( 'NONE', #3085, 1000.000000000000000 ) ;
#1382 = ORIENTED_EDGE ( 'NONE', *, *, #210, .T. ) ;
#1383 = CARTESIAN_POINT ( 'NONE',  ( 0.000000000000000000, 7.500000000000000000, 6.000000000000000000 ) ) ;
#1384 = EDGE_CURVE ( 'NONE', #2449, #2069, #2767, .T. ) ;
#1385 = CARTESIAN_POINT ( 'NONE',  ( 30.47370012269516693, -2.780448790785807756, 1.500000000000000000 ) ) ;
#1386 = PRESENTATION_STYLE_ASSIGNMENT (( #3492 ) ) ;
#1387 = CARTESIAN_POINT ( 'NONE',  ( 34.16738776549387779, 4.167519111343975347, 0.000000000000000000 ) ) ;
#1388 = CARTESIAN_POINT ( 'NONE',  ( 30.64525505182136200, -3.374999999999991118, 1.999999999999998224 ) ) ;
#1389 = DIRECTION ( 'NONE',  ( -0.000000000000000000, -0.000000000000000000, -1.000000000000000000 ) ) ;
#1390 = CARTESIAN_POINT ( 'NONE',  ( 28.00185961989944161, -0.6654981952834632120, 0.5000000000000074385 ) ) ;
#1391 = CARTESIAN_POINT ( 'NONE',  ( 44.36092295703229382, 0.2883411866283471792, 2.000000000000000000 ) ) ;
#1392 = CARTESIAN_POINT ( 'NONE',  ( 29.45772800970462768, -2.822519977207785580, 0.000000000000000000 ) ) ;
#1393 = CARTESIAN_POINT ( 'NONE',  ( 43.76982975341861959, -0.6064139039992206826, 0.5000000000000073275 ) ) ;
#1394 = CARTESIAN_POINT ( 'NONE',  ( 44.27548845267396871, -0.6680000099368840205, 0.000000000000000000 ) ) ;
#1395 = VERTEX_POINT ( 'NONE', #1889 ) ;
#1396 = CARTESIAN_POINT ( 'NONE',  ( 44.35923743834548105, 0.2720076227323650064, 0.000000000000000000 ) ) ;
#1397 = FACE_OUTER_BOUND ( 'NONE', #3735, .T. ) ;
#1398 = CARTESIAN_POINT ( 'NONE',  ( 28.01946963697979953, 0.7106374890391614629, 0.5000000000000073275 ) ) ;
#1399 = ORIENTED_EDGE ( 'NONE', *, *, #1829, .T. ) ;
#1400 = CARTESIAN_POINT ( 'NONE',  ( 27.48197246150873596, -0.7051393106772055885, 2.000000000000000000 ) ) ;
#1401 = EDGE_CURVE ( 'NONE', #3502, #1888, #2470, .T. ) ;
#1402 = LINE ( 'NONE', #167, #2649 ) ;
#1403 = CARTESIAN_POINT ( 'NONE',  ( 44.37500000000001421, 2.105723906874190643E-15, 0.000000000000000000 ) ) ;
#1404 = ORIENTED_EDGE ( 'NONE', *, *, #1362, .F. ) ;
#1405 = CARTESIAN_POINT ( 'NONE',  ( 32.57737291738158092, 3.927728042042539780, -0.000000000000000000 ) ) ;
#1406 = DIRECTION ( 'NONE',  ( -1.000000000000000000, 0.000000000000000000, 0.000000000000000000 ) ) ;
#1407 = LINE ( 'NONE', #1935, #3393 ) ;
#1408 = CARTESIAN_POINT ( 'NONE',  ( 27.90708170224256790, 0.3381107303080198023, 0.5000000000000073275 ) ) ;
#1409 = CARTESIAN_POINT ( 'NONE',  ( 43.65958206597966296, 0.8707768031325112679, 1.999999999999564126 ) ) ;
#1410 = CARTESIAN_POINT ( 'NONE',  ( 27.61980935111336422, -1.045541949723912678, 0.000000000000000000 ) ) ;
#1411 = CARTESIAN_POINT ( 'NONE',  ( 40.84662703214402768, -2.938502831002414162, 0.5000000000000073275 ) ) ;
#1412 = CARTESIAN_POINT ( 'NONE',  ( 42.83364356734219314, -2.480074228034299999, 0.000000000000000000 ) ) ;
#1413 = ORIENTED_EDGE ( 'NONE', *, *, #2254, .T. ) ;
#1414 = CARTESIAN_POINT ( 'NONE',  ( 43.91145341591897733, 1.421940015956439929, 0.000000000000000000 ) ) ;
#1415 = CARTESIAN_POINT ( 'NONE',  ( 50.00000000000000000, 0.000000000000000000, 0.000000000000000000 ) ) ;
#1416 = DIRECTION ( 'NONE',  ( 1.000000000000000000, 0.000000000000000000, -0.000000000000000000 ) ) ;
#1417 = CARTESIAN_POINT ( 'NONE',  ( 44.22332571064436735, 0.8226273332846812947, 0.000000000000000000 ) ) ;
#1418 = CARTESIAN_POINT ( 'NONE',  ( 28.17815239449508624, -1.023325712824504796, 0.5000000000000073275 ) ) ;
#1419 = EDGE_CURVE ( 'NONE', #3729, #3931, #3371, .T. ) ;
#1420 = ORIENTED_EDGE ( 'NONE', *, *, #188, .T. ) ;
#1421 = CARTESIAN_POINT ( 'NONE',  ( 28.20711284472694658, -1.074461992510703290, 2.000000000000214939 ) ) ;
#1422 = CARTESIAN_POINT ( 'NONE',  ( 31.54079929983220154, -3.673786716667972296, 0.000000000000000000 ) ) ;
#1423 = CARTESIAN_POINT ( 'NONE',  ( 41.12205164586561779, -3.368996798273576232, 0.000000000000000000 ) ) ;
#1424 = ORIENTED_EDGE ( 'NONE', *, *, #2333, .T. ) ;
#1425 = CARTESIAN_POINT ( 'NONE',  ( 27.41426324746082699, 0.4339081974128997099, 0.000000000000000000 ) ) ;
#1426 = CARTESIAN_POINT ( 'NONE',  ( 21.50000000000000000, 8.000000000000000000, 0.5000000000000004441 ) ) ;
#1427 = CARTESIAN_POINT ( 'NONE',  ( 11.00000000000000178, 0.000000000000000000, 3.000000000000000000 ) ) ;
#1428 = CARTESIAN_POINT ( 'NONE',  ( 42.54494537240457674, -2.071726387428484806, 0.5000000000000076605 ) ) ;
#1429 = CARTESIAN_POINT ( 'NONE',  ( 0.000000000000000000, -7.500000000000000000, 0.000000000000000000 ) ) ;
#1430 = CARTESIAN_POINT ( 'NONE',  ( 30.02929845707706846, -3.118100094867078287, 0.000000000000000000 ) ) ;
#1431 = CARTESIAN_POINT ( 'NONE',  ( 31.88501595583869630, 3.375000000000000444, 1.831153572558408715 ) ) ;
#1432 = CARTESIAN_POINT ( 'NONE',  ( 43.99973482381948742, -1.282159098163747180, 0.000000000000000000 ) ) ;
#1433 = AXIS2_PLACEMENT_3D ( 'NONE', #2841, #2884, #1325 ) ;
#1434 = ORIENTED_EDGE ( 'NONE', *, *, #50, .F. ) ;
#1435 = CARTESIAN_POINT ( 'NONE',  ( 44.22332571064436735, 0.8226273332846812947, 0.000000000000000000 ) ) ;
#1436 = PLANE ( 'NONE',  #16 ) ;
#1437 = LINE ( 'NONE', #1112, #1371 ) ;
#1438 = VECTOR ( 'NONE', #1308, 1000.000000000000000 ) ;
#1439 = CARTESIAN_POINT ( 'NONE',  ( 44.37500000000001421, 2.385244779468109755E-15, 0.000000000000000000 ) ) ;
#1440 = CARTESIAN_POINT ( 'NONE',  ( 36.08571614180959131, -3.749983274453151605, 0.5000000000000073275 ) ) ;
#1441 = AXIS2_PLACEMENT_3D ( 'NONE', #2403, #1798, #627 ) ;
#1442 = EDGE_LOOP ( 'NONE', ( #3649, #608, #3299, #2863, #3092, #2886, #2686, #2324, #2772, #1790 ) ) ;
#1443 = CARTESIAN_POINT ( 'NONE',  ( 31.26896590414733623, -3.606728952788424092, 2.000000000000000000 ) ) ;
#1444 = VECTOR ( 'NONE', #1942, 1000.000000000000000 ) ;
#1445 = CARTESIAN_POINT ( 'NONE',  ( 40.40777117942280938, -3.614649904203531161, 0.000000000000000000 ) ) ;
#1446 = ORIENTED_EDGE ( 'NONE', *, *, #2511, .T. ) ;
#1447 = CARTESIAN_POINT ( 'NONE',  ( 31.64103690769684007, 3.701913553079654751, -0.000000000000000000 ) ) ;
#1448 = CARTESIAN_POINT ( 'NONE',  ( 39.36211915483259816, -3.374999999999986233, 3.999999999999989786 ) ) ;
#1449 = VERTEX_POINT ( 'NONE', #946 ) ;
#1450 = AXIS2_PLACEMENT_3D ( 'NONE', #2408, #2761, #3346 ) ;
#1451 = CARTESIAN_POINT ( 'NONE',  ( 42.77213628173961268, -1.899999999999998801, 1.999999999999991340 ) ) ;
#1452 = CARTESIAN_POINT ( 'NONE',  ( 39.36730801747092556, -3.375470542092186665, 0.5000000000000074385 ) ) ;
#1453 = AXIS2_PLACEMENT_3D ( 'NONE', #1773, #1729, #3920 ) ;
#1454 = CARTESIAN_POINT ( 'NONE',  ( 43.87537305874748483, -0.2202346510335795038, 1.500000000000000000 ) ) ;
#1455 = CARTESIAN_POINT ( 'NONE',  ( 25.50000000000000355, -3.374999999999979128, 2.000000000000000000 ) ) ;
#1456 = CARTESIAN_POINT ( 'NONE',  ( 42.55189593923450531, 2.069970274949133326, 0.5000000000000078826 ) ) ;
#1457 = ORIENTED_EDGE ( 'NONE', *, *, #3259, .T. ) ;
#1458 = CARTESIAN_POINT ( 'NONE',  ( 42.33767883446621738, 2.795802266032245686, 0.000000000000000000 ) ) ;
#1459 = LINE ( 'NONE', #788, #1506 ) ;
#1460 = DIRECTION ( 'NONE',  ( 0.000000000000000000, 1.000000000000000000, 0.000000000000000000 ) ) ;
#1461 = CARTESIAN_POINT ( 'NONE',  ( 40.51890448662456379, 3.581423776527120406, 0.000000000000000000 ) ) ;
#1462 = CARTESIAN_POINT ( 'NONE',  ( 31.09107171841142403, -3.006178115292522879, 0.5000000000000073275 ) ) ;
#1463 = ORIENTED_EDGE ( 'NONE', *, *, #3361, .T. ) ;
#1464 = CARTESIAN_POINT ( 'NONE',  ( 25.50000000000000355, 3.375000000000000000, 1.999999999999998224 ) ) ;
#1465 = CARTESIAN_POINT ( 'NONE',  ( 29.04907109356226158, -1.964483906703011762, 1.500000000000000000 ) ) ;
#1466 = CARTESIAN_POINT ( 'NONE',  ( 30.92401621800200928, -3.477459253583192744, 0.000000000000000000 ) ) ;
#1467 = CARTESIAN_POINT ( 'NONE',  ( 41.91146890731504016, -3.026926665103478964, 0.000000000000000000 ) ) ;
#1468 = ORIENTED_EDGE ( 'NONE', *, *, #753, .T. ) ;
#1469 = CARTESIAN_POINT ( 'NONE',  ( 31.17725150238380039, 3.563061209067182489, -0.000000000000000000 ) ) ;
#1470 = FACE_OUTER_BOUND ( 'NONE', #3002, .T. ) ;
#1471 = EDGE_LOOP ( 'NONE', ( #2739, #443, #541, #1797 ) ) ;
#1472 = CARTESIAN_POINT ( 'NONE',  ( 48.75000000000000000, -8.000000000000000000, 0.000000000000000000 ) ) ;
#1473 = CARTESIAN_POINT ( 'NONE',  ( 39.36211915483259816, -3.374999999999986233, 3.099584923580558371 ) ) ;
#1474 = CARTESIAN_POINT ( 'NONE',  ( 40.35919708280029994, -3.106020873889673073, 0.5000000000000074385 ) ) ;
#1475 = CARTESIAN_POINT ( 'NONE',  ( 43.55490075904527458, -1.070160550344934292, 1.500000000000000000 ) ) ;
#1476 = LINE ( 'NONE', #1455, #289 ) ;
#1477 = CARTESIAN_POINT ( 'NONE',  ( 43.20629303326160198, 1.502852101629536419, 0.5000000000000073275 ) ) ;
#1478 = VERTEX_POINT ( 'NONE', #51 ) ;
#1479 = CARTESIAN_POINT ( 'NONE',  ( 0.000000000000000000, 3.125000000000000000, 0.000000000000000000 ) ) ;
#1480 = CARTESIAN_POINT ( 'NONE',  ( 36.30679489746355415, 4.249882761968100553, 0.000000000000000000 ) ) ;
#1481 = CARTESIAN_POINT ( 'NONE',  ( 31.38496444242323236, -3.103787089358616580, 0.5000000000000074385 ) ) ;
#1482 = ORIENTED_EDGE ( 'NONE', *, *, #2164, .F. ) ;
#1483 = CARTESIAN_POINT ( 'NONE',  ( 31.27036644828884349, -3.374999999999990674, 1.965992365577784451 ) ) ;
#1484 = CARTESIAN_POINT ( 'NONE',  ( 28.49617796268432102, -1.463146730824629760, 1.999999999999628297 ) ) ;
#1485 = EDGE_CURVE ( 'NONE', #2152, #3272, #2174, .T. ) ;
#1486 = CARTESIAN_POINT ( 'NONE',  ( 28.17338260814423023, -1.838943912458660845, 0.000000000000000000 ) ) ;
#1487 = CARTESIAN_POINT ( 'NONE',  ( 44.27548845267396871, -0.6680000099368840205, 0.000000000000000000 ) ) ;
#1488 = EDGE_LOOP ( 'NONE', ( #1703, #956, #3938, #625, #3783 ) ) ;
#1489 = CARTESIAN_POINT ( 'NONE',  ( 28.70897890670650554, 2.325318536834862559, -0.000000000000000000 ) ) ;
#1490 = LINE ( 'NONE', #3308, #1051 ) ;
#1491 = ORIENTED_EDGE ( 'NONE', *, *, #1379, .F. ) ;
#1492 = CARTESIAN_POINT ( 'NONE',  ( 50.00000000000000000, 0.000000000000000000, 0.5000000000000004441 ) ) ;
#1493 = CARTESIAN_POINT ( 'NONE',  ( 32.44927005873861248, 4.668874172185430993, 1.999999999999991340 ) ) ;
#1494 = CARTESIAN_POINT ( 'NONE',  ( 29.28126861959138694, -2.124594768366320441, 0.5000000000000074385 ) ) ;
#1495 = CARTESIAN_POINT ( 'NONE',  ( 41.54390543213137477, -3.212431523183375326, 2.000000000000000000 ) ) ;
#1496 = CARTESIAN_POINT ( 'NONE',  ( 0.000000000000000000, -8.000000000000000000, 0.5000000000000004441 ) ) ;
#1497 = CARTESIAN_POINT ( 'NONE',  ( 41.41426369802918117, 2.706299998217319480, 0.5000000000000073275 ) ) ;
#1498 = EDGE_LOOP ( 'NONE', ( #863, #1203, #786, #249 ) ) ;
#1499 = VECTOR ( 'NONE', #1749, 1000.000000000000000 ) ;
#1500 = CARTESIAN_POINT ( 'NONE',  ( 39.89864720446314550, 3.759155423395482920, 0.000000000000000000 ) ) ;
#1501 = CARTESIAN_POINT ( 'NONE',  ( 23.00000000000000355, 7.500000000000000000, 6.000000000000000000 ) ) ;
#1502 = CIRCLE ( 'NONE', #2011, 1.000000000000000888 ) ;
#1503 = EDGE_LOOP ( 'NONE', ( #2402, #1726, #1856, #3694, #3072 ) ) ;
#1504 = CARTESIAN_POINT ( 'NONE',  ( 27.87500000000000355, -1.010333609296567339E-15, 1.500000000000000000 ) ) ;
#1505 = DIRECTION ( 'NONE',  ( 1.000000000000000000, 0.000000000000000000, 0.000000000000000000 ) ) ;
#1506 = VECTOR ( 'NONE', #852, 1000.000000000000000 ) ;
#1507 = ADVANCED_FACE ( 'NONE', ( #2434 ), #375, .F. ) ;
#1508 = CARTESIAN_POINT ( 'NONE',  ( 30.12519754540693029, -3.159240179043433017, -0.000000000000000000 ) ) ;
#1509 = VECTOR ( 'NONE', #220, 1000.000000000000000 ) ;
#1510 = CARTESIAN_POINT ( 'NONE',  ( 44.37500000000001421, 2.385244779468109755E-15, 0.000000000000000000 ) ) ;
#1511 = VERTEX_POINT ( 'NONE', #2133 ) ;
#1512 = CARTESIAN_POINT ( 'NONE',  ( 27.87500030552109109, 0.001036386763684525592, 0.5000000000000073275 ) ) ;
#1513 = VECTOR ( 'NONE', #910, 1000.000000000000000 ) ;
#1514 = CARTESIAN_POINT ( 'NONE',  ( 39.30072994126139463, -4.668874172185430993, 1.999999999999991340 ) ) ;
#1515 = CARTESIAN_POINT ( 'NONE',  ( 40.94296610911659684, -2.902137391074948614, 0.5000000000000074385 ) ) ;
#1516 = CARTESIAN_POINT ( 'NONE',  ( 44.05239023208240212, 1.190784801238091051, -0.000000000000000000 ) ) ;
#1517 = DIRECTION ( 'NONE',  ( 1.000000000000000000, 0.000000000000000000, 0.000000000000000000 ) ) ;
#1518 = CARTESIAN_POINT ( 'NONE',  ( 43.73092627703228885, 0.7087883532022236643, 0.5000000000000073275 ) ) ;
#1519 = ORIENTED_EDGE ( 'NONE', *, *, #2487, .F. ) ;
#1520 = CARTESIAN_POINT ( 'NONE',  ( 42.29074664141059969, 2.822669228063690028, 0.000000000000000000 ) ) ;
#1521 = CARTESIAN_POINT ( 'NONE',  ( 51.25000000000000711, -4.374999999999978684, -28.50614692156320018 ) ) ;
#1522 = CARTESIAN_POINT ( 'NONE',  ( 29.12954919679021160, 2.623168173531588820, 0.000000000000000000 ) ) ;
#1523 = ORIENTED_EDGE ( 'NONE', *, *, #370, .F. ) ;
#1524 = DIRECTION ( 'NONE',  ( 0.000000000000000000, 0.000000000000000000, 1.000000000000000000 ) ) ;
#1525 = CARTESIAN_POINT ( 'NONE',  ( 32.35492843578564504, 3.880009228831930113, 2.000000000000000000 ) ) ;
#1526 = EDGE_CURVE ( 'NONE', #2481, #2173, #3591, .T. ) ;
#1527 = CARTESIAN_POINT ( 'NONE',  ( 41.62194221195069588, -3.161224898048840437, 0.000000000000000000 ) ) ;
#1528 = CARTESIAN_POINT ( 'NONE',  ( 42.08757096897114991, 2.362834351796618382, 0.5000000000000073275 ) ) ;
#1529 = ORIENTED_EDGE ( 'NONE', *, *, #210, .F. ) ;
#1530 = PRODUCT_CONTEXT ( 'NONE', #898, 'mechanical' ) ;
#1531 = EDGE_LOOP ( 'NONE', ( #3674, #1404, #2497, #952 ) ) ;
#1532 = DIRECTION ( 'NONE',  ( 0.000000000000000000, -1.000000000000000000, 0.000000000000000000 ) ) ;
#1533 = CARTESIAN_POINT ( 'NONE',  ( 43.79667761365761436, -0.5238759238929940887, 0.5000000000000074385 ) ) ;
#1534 = CARTESIAN_POINT ( 'NONE',  ( 44.19367874525461559, 0.8982181177416418416, -0.000000000000000000 ) ) ;
#1535 = DIRECTION ( 'NONE',  ( 0.000000000000000000, 0.000000000000000000, 1.000000000000000000 ) ) ;
#1536 = CARTESIAN_POINT ( 'NONE',  ( 41.13570219876839928, 2.827667383917965349, 0.5000000000000074385 ) ) ;
#1537 = EDGE_CURVE ( 'NONE', #1241, #2725, #66, .T. ) ;
#1538 = ORIENTED_EDGE ( 'NONE', *, *, #760, .T. ) ;
#1539 = CARTESIAN_POINT ( 'NONE',  ( 41.32474546186895026, 3.290699413642086846, 0.000000000000000000 ) ) ;
#1540 = CARTESIAN_POINT ( 'NONE',  ( 0.000000000000000000, 0.000000000000000000, 0.5000000000000004441 ) ) ;
#1541 = CARTESIAN_POINT ( 'NONE',  ( 33.10391797269365810, 4.026522891877266197, 0.000000000000000000 ) ) ;
#1542 = EDGE_LOOP ( 'NONE', ( #3822, #2179, #3385, #913 ) ) ;
#1543 = LINE ( 'NONE', #561, #1055 ) ;
#1544 = CARTESIAN_POINT ( 'NONE',  ( 11.00000000000000178, -3.125000000000000000, 0.000000000000000000 ) ) ;
#1545 = CARTESIAN_POINT ( 'NONE',  ( 35.44562553917212711, -4.250021049230862324, -0.000000000000000000 ) ) ;
#1546 = CARTESIAN_POINT ( 'NONE',  ( 41.50625148091002359, 2.664297406437037274, 0.5000000000000073275 ) ) ;
#1547 = ORIENTED_EDGE ( 'NONE', *, *, #3817, .T. ) ;
#1548 = ORIENTED_EDGE ( 'NONE', *, *, #3814, .F. ) ;
#1549 = DIRECTION ( 'NONE',  ( -0.000000000000000000, 1.000000000000000000, 0.000000000000000000 ) ) ;
#1550 = LINE ( 'NONE', #1007, #1180 ) ;
#1551 = CARTESIAN_POINT ( 'NONE',  ( 43.62076662059629939, -0.9674189227214904374, 1.500000000000000000 ) ) ;
#1552 = CARTESIAN_POINT ( 'NONE',  ( 34.62960030184550675, -3.883928571428575616, 1.999999999999994893 ) ) ;
#1553 = CARTESIAN_POINT ( 'NONE',  ( 32.57748181621593631, 3.418168405697097345, 0.5000000000000073275 ) ) ;
#1554 = EDGE_CURVE ( 'NONE', #3061, #3831, #1624, .T. ) ;
#1555 = ORIENTED_EDGE ( 'NONE', *, *, #244, .T. ) ;
#1556 = CARTESIAN_POINT ( 'NONE',  ( 32.47385120304090833, 3.907365421968012953, 0.000000000000000000 ) ) ;
#1557 = CARTESIAN_POINT ( 'NONE',  ( 20.50000000000000000, 3.375000000000000000, -28.50614692156320018 ) ) ;
#1558 = CARTESIAN_POINT ( 'NONE',  ( 27.47515331268505534, 0.6701300675408959906, 0.000000000000000000 ) ) ;
#1559 = ORIENTED_EDGE ( 'NONE', *, *, #384, .T. ) ;
#1560 = CARTESIAN_POINT ( 'NONE',  ( 0.000000000000000000, 3.125000000000000000, 3.000000000000000000 ) ) ;
#1561 = FACE_BOUND ( 'NONE', #3628, .T. ) ;
#1562 = CARTESIAN_POINT ( 'NONE',  ( 39.36211915483256263, 3.374999999999998224, 1.540468794536241859 ) ) ;
#1563 = CIRCLE ( 'NONE', #1041, 5.250000000000011546 ) ;
#1564 = CARTESIAN_POINT ( 'NONE',  ( 33.21206818912558845, -4.042817859739354702, -0.000000000000000000 ) ) ;
#1565 = CARTESIAN_POINT ( 'NONE',  ( 39.67159760006781255, 3.301238454280631007, 0.5000000000000073275 ) ) ;
#1566 = AXIS2_PLACEMENT_3D ( 'NONE', #3110, #979, #845 ) ;
#1567 = ORIENTED_EDGE ( 'NONE', *, *, #148, .T. ) ;
#1568 = ORIENTED_EDGE ( 'NONE', *, *, #115, .T. ) ;
#1569 = CARTESIAN_POINT ( 'NONE',  ( 50.25000000000000000, -3.374999999999979128, 0.000000000000000000 ) ) ;
#1570 = CARTESIAN_POINT ( 'NONE',  ( 43.47217635708361172, -1.175624958137810427, 0.5000000000000072164 ) ) ;
#1571 = CARTESIAN_POINT ( 'NONE',  ( 43.66258208456575574, 1.741214889411986544, -0.000000000000000000 ) ) ;
#1572 = AXIS2_PLACEMENT_3D ( 'NONE', #2454, #54, #1573 ) ;
#1573 = DIRECTION ( 'NONE',  ( 1.000000000000000000, 0.000000000000000000, 0.000000000000000000 ) ) ;
#1574 = CARTESIAN_POINT ( 'NONE',  ( 34.21591556741137197, 3.668808015409436685, 0.5000000000000073275 ) ) ;
#1575 = VECTOR ( 'NONE', #1031, 1000.000000000000000 ) ;
#1576 = ORIENTED_EDGE ( 'NONE', *, *, #1841, .T. ) ;
#1577 = CARTESIAN_POINT ( 'NONE',  ( 34.38066824532266708, 4.186266306095501655, 0.000000000000000000 ) ) ;
#1578 = LINE ( 'NONE', #3217, #2336 ) ;
#1579 = CARTESIAN_POINT ( 'NONE',  ( 29.18050695445958098, -2.656548731850466361, 0.000000000000000000 ) ) ;
#1580 = ORIENTED_EDGE ( 'NONE', *, *, #3933, .T. ) ;
#1581 = CARTESIAN_POINT ( 'NONE',  ( 0.000000000000000000, -3.125000000000000000, 3.000000000000000000 ) ) ;
#1582 = FACE_OUTER_BOUND ( 'NONE', #1771, .T. ) ;
#1583 = CARTESIAN_POINT ( 'NONE',  ( 6.000000000000000888, -5.875000000000000000, 0.000000000000000000 ) ) ;
#1584 = CARTESIAN_POINT ( 'NONE',  ( 32.58193530244486169, -3.928347279947033144, -0.000000000000000000 ) ) ;
#1585 = ADVANCED_BREP_SHAPE_REPRESENTATION ( 'Seed Pixel Stretcher Rear View', ( #1881, #604 ), #3241 ) ;
#1586 = CARTESIAN_POINT ( 'NONE',  ( 34.84053983431824264, 3.718841481187535436, 0.5000000000000073275 ) ) ;
#1587 = EDGE_CURVE ( 'NONE', #3551, #63, #1608, .T. ) ;
#1588 = SHAPE_DEFINITION_REPRESENTATION ( #2831, #1585 ) ;
#1589 = VERTEX_POINT ( 'NONE', #3472 ) ;
#1590 = CARTESIAN_POINT ( 'NONE',  ( 0.000000000000000000, 5.875000000000000000, 0.000000000000000000 ) ) ;
#1591 = CARTESIAN_POINT ( 'NONE',  ( 32.44927005873861248, 4.668874172185430993, 5.999999999999999112 ) ) ;
#1592 = CARTESIAN_POINT ( 'NONE',  ( 44.36519106850833793, 0.2171711561993593387, -0.000000000000000000 ) ) ;
#1593 = CARTESIAN_POINT ( 'NONE',  ( 39.57115031082827272, -3.374999999999986677, 1.717540624176731479 ) ) ;
#1594 = ORIENTED_EDGE ( 'NONE', *, *, #2656, .F. ) ;
#1595 = CARTESIAN_POINT ( 'NONE',  ( 27.82606227207034877, 1.400476495992255321, 0.000000000000000000 ) ) ;
#1596 = CARTESIAN_POINT ( 'NONE',  ( 27.51335069976003567, 0.8115966602783295514, 2.000000000000000000 ) ) ;
#1597 = CARTESIAN_POINT ( 'NONE',  ( 27.53517914143305134, -0.8450457657721357485, 0.000000000000000000 ) ) ;
#1598 = ORIENTED_EDGE ( 'NONE', *, *, #2828, .F. ) ;
#1599 = DIRECTION ( 'NONE',  ( -1.000000000000000000, -0.000000000000000000, -0.000000000000000000 ) ) ;
#1600 = CARTESIAN_POINT ( 'NONE',  ( 44.37551698530838706, -0.2050561332486071642, 2.000000000000000000 ) ) ;
#1601 = CARTESIAN_POINT ( 'NONE',  ( 36.30686026248910281, -4.246004330254745440, 0.000000000000000000 ) ) ;
#1602 = CARTESIAN_POINT ( 'NONE',  ( 48.75000000000000000, -7.500000000000000000, 6.000000000000000000 ) ) ;
#1603 = CARTESIAN_POINT ( 'NONE',  ( 34.48419033049579241, -4.194884694936836134, 0.000000000000000000 ) ) ;
#1604 = CARTESIAN_POINT ( 'NONE',  ( 39.46971170357711145, 3.350529624893351155, 0.5000000000000073275 ) ) ;
#1605 = ORIENTED_EDGE ( 'NONE', *, *, #2357, .F. ) ;
#1606 = LINE ( 'NONE', #1037, #1314 ) ;
#1607 = DIRECTION ( 'NONE',  ( 1.000000000000000000, 0.000000000000000000, 0.000000000000000000 ) ) ;
#1608 = LINE ( 'NONE', #2230, #3500 ) ;
#1609 = CARTESIAN_POINT ( 'NONE',  ( 40.67525857491612840, 3.529373730989512126, -0.000000000000000000 ) ) ;
#1610 = DIRECTION ( 'NONE',  ( -1.000000000000000000, 0.000000000000000000, 0.000000000000000000 ) ) ;
#1611 = CARTESIAN_POINT ( 'NONE',  ( 30.05407337545956281, 2.575522630115012923, 0.5000000000000076605 ) ) ;
#1612 = ORIENTED_EDGE ( 'NONE', *, *, #579, .T. ) ;
#1613 = CARTESIAN_POINT ( 'NONE',  ( 34.05956326844435011, 4.155400746712092364, 0.000000000000000000 ) ) ;
#1614 = CARTESIAN_POINT ( 'NONE',  ( 29.87743896391694420, 3.055328646886469990, 2.000000000000000444 ) ) ;
#1615 = CARTESIAN_POINT ( 'NONE',  ( 27.41603121441350766, 0.4329887230150951671, 0.000000000000000000 ) ) ;
#1616 = VERTEX_POINT ( 'NONE', #3175 ) ;
#1617 = DIRECTION ( 'NONE',  ( 0.000000000000000000, -0.7071067811865474617, -0.7071067811865474617 ) ) ;
#1618 = CARTESIAN_POINT ( 'NONE',  ( 43.41465602354455200, -2.008153857033517564, 2.000000000000000000 ) ) ;
#1619 = CARTESIAN_POINT ( 'NONE',  ( 58.00000000000000000, 0.000000000000000000, 0.5000000000000004441 ) ) ;
#1620 = CARTESIAN_POINT ( 'NONE',  ( 27.90708170224256790, 0.3381107303080198023, 0.5000000000000073275 ) ) ;
#1621 = ORIENTED_EDGE ( 'NONE', *, *, #2048, .F. ) ;
#1622 = CARTESIAN_POINT ( 'NONE',  ( 23.00000000000000355, 7.500000000000000000, 0.000000000000000000 ) ) ;
#1623 = ADVANCED_FACE ( 'NONE', ( #2067 ), #2343, .T. ) ;
#1624 = LINE ( 'NONE', #3565, #3305 ) ;
#1625 = CARTESIAN_POINT ( 'NONE',  ( 23.00000000000000355, 7.500000000000000000, 6.000000000000000000 ) ) ;
#1626 = ADVANCED_FACE ( 'NONE', ( #200 ), #1978, .T. ) ;
#1627 = CARTESIAN_POINT ( 'NONE',  ( 41.10349695807344972, 3.375741822922137203, -0.000000000000000000 ) ) ;
#1628 = CIRCLE ( 'NONE', #1759, 1.000000000000000888 ) ;
#1629 = DIRECTION ( 'NONE',  ( -1.000000000000000000, -0.000000000000000000, 4.287058075017618066E-16 ) ) ;
#1630 = CARTESIAN_POINT ( 'NONE',  ( 38.55606660066666791, 3.534572535687137584, 0.5000000000000073275 ) ) ;
#1631 = VECTOR ( 'NONE', #3381, 1000.000000000000000 ) ;
#1632 = CARTESIAN_POINT ( 'NONE',  ( 34.62960030184552096, 3.883928571428572507, 1.999999999999994893 ) ) ;
#1633 = VERTEX_POINT ( 'NONE', #1257 ) ;
#1634 = CARTESIAN_POINT ( 'NONE',  ( 28.17858880605667338, 1.844684689184783899, 0.000000000000000000 ) ) ;
#1635 = CARTESIAN_POINT ( 'NONE',  ( 40.35919708280029994, -3.106020873889673073, 0.5000000000000074385 ) ) ;
#1636 = CARTESIAN_POINT ( 'NONE',  ( 30.32416753742407423, -3.246696648912288374, 0.000000000000000000 ) ) ;
#1637 = VECTOR ( 'NONE', #3158, 1000.000000000000114 ) ;
#1638 = VERTEX_POINT ( 'NONE', #1892 ) ;
#1639 = CARTESIAN_POINT ( 'NONE',  ( 30.96045276238619692, -3.374999999999992006, 1.999999999999994005 ) ) ;
#1640 = CARTESIAN_POINT ( 'NONE',  ( 21.00000000000000355, -3.374999999999997335, 3.099584923580558371 ) ) ;
#1641 = CARTESIAN_POINT ( 'NONE',  ( 21.00000000000000000, 3.375000000000000000, 1.999999999999998224 ) ) ;
#1642 = CARTESIAN_POINT ( 'NONE',  ( 28.45165109430290684, 1.398446295916361048, 0.5000000000000073275 ) ) ;
#1643 = EDGE_CURVE ( 'NONE', #1783, #709, #1550, .T. ) ;
#1644 = ORIENTED_EDGE ( 'NONE', *, *, #3896, .F. ) ;
#1645 = CARTESIAN_POINT ( 'NONE',  ( 21.00000000000000355, -3.374999999999997335, 1.999999999999998224 ) ) ;
#1646 = ADVANCED_FACE ( 'NONE', ( #2492 ), #1310, .T. ) ;
#1647 = CARTESIAN_POINT ( 'NONE',  ( 42.56954878025637612, 2.655685054004250922, 0.000000000000000000 ) ) ;
#1648 = CARTESIAN_POINT ( 'NONE',  ( 30.64525505182136200, -3.374999999999991118, 1.999999999999998224 ) ) ;
#1649 = CARTESIAN_POINT ( 'NONE',  ( 44.12882437738790031, -1.044508306916006601, -0.000000000000000000 ) ) ;
#1650 = EDGE_CURVE ( 'NONE', #55, #1322, #1563, .T. ) ;
#1651 = CARTESIAN_POINT ( 'NONE',  ( 34.37996402740699864, 4.187243475020610006, -0.000000000000000000 ) ) ;
#1652 = CARTESIAN_POINT ( 'NONE',  ( 50.75000000000000000, 3.375000000000000000, 1.999999999999991340 ) ) ;
#1653 = CARTESIAN_POINT ( 'NONE',  ( 28.96414858316418517, -1.890360500200322535, 0.5000000000000073275 ) ) ;
#1654 = CARTESIAN_POINT ( 'NONE',  ( 43.82237136508188513, 0.4432497862975170455, 2.000000000000000000 ) ) ;
#1655 = CARTESIAN_POINT ( 'NONE',  ( 28.17668417273917214, -1.842669729425375325, 0.000000000000000000 ) ) ;
#1656 = CARTESIAN_POINT ( 'NONE',  ( 39.16649988271618099, -3.419430084921506019, 0.5000000000000073275 ) ) ;
#1657 = EDGE_CURVE ( 'NONE', #3318, #1963, #3439, .T. ) ;
#1658 = CARTESIAN_POINT ( 'NONE',  ( 43.34083119450441757, -2.071557041029535196, 0.000000000000000000 ) ) ;
#1659 = ORIENTED_EDGE ( 'NONE', *, *, #1026, .F. ) ;
#1660 = DIRECTION ( 'NONE',  ( 1.000000000000000000, 0.000000000000000000, 0.000000000000000000 ) ) ;
#1661 = DIRECTION ( 'NONE',  ( 0.000000000000000000, -1.000000000000000000, 0.000000000000000000 ) ) ;
#1662 = DIRECTION ( 'NONE',  ( 0.000000000000000000, -0.5735764363510503783, -0.8191520442889888010 ) ) ;
#1663 = CARTESIAN_POINT ( 'NONE',  ( 43.03423185087110880, -2.330615662080472106, -0.000000000000000000 ) ) ;
#1664 = CARTESIAN_POINT ( 'NONE',  ( 28.96244611780785050, 1.888970059324313944, 0.5000000000000074385 ) ) ;
#1665 = ORIENTED_EDGE ( 'NONE', *, *, #3087, .F. ) ;
#1666 = CARTESIAN_POINT ( 'NONE',  ( 47.75000000000000000, -1.899999999999999689, 4.132391042439879314 ) ) ;
#1667 = EDGE_CURVE ( 'NONE', #3551, #764, #1368, .T. ) ;
#1668 = LINE ( 'NONE', #3177, #458 ) ;
#1669 = CARTESIAN_POINT ( 'NONE',  ( 42.19972079695665457, 2.873312210523167654, -0.000000000000000000 ) ) ;
#1670 = CARTESIAN_POINT ( 'NONE',  ( 48.75000000000000000, -8.000000000000000000, 0.5000000000000004441 ) ) ;
#1671 = CARTESIAN_POINT ( 'NONE',  ( 39.28720611869076862, 3.391782797110757475, 2.000000000000000000 ) ) ;
#1672 = CARTESIAN_POINT ( 'NONE',  ( 28.91012097740118136, -2.475666938332841127, 0.000000000000000000 ) ) ;
#1673 = CARTESIAN_POINT ( 'NONE',  ( 39.76664792078186395, -3.278091767979069981, 0.5000000000000073275 ) ) ;
#1674 = CARTESIAN_POINT ( 'NONE',  ( 43.49752437436605135, -1.921631531637286727, 0.000000000000000000 ) ) ;
#1675 = ORIENTED_EDGE ( 'NONE', *, *, #2287, .T. ) ;
#1676 = CARTESIAN_POINT ( 'NONE',  ( 11.00000000000000178, 0.000000000000000000, 0.000000000000000000 ) ) ;
#1677 = FACE_OUTER_BOUND ( 'NONE', #3762, .T. ) ;
#1678 = DIRECTION ( 'NONE',  ( 1.000000000000000000, 0.000000000000000000, 0.000000000000000000 ) ) ;
#1679 = CARTESIAN_POINT ( 'NONE',  ( 33.18633571930234183, 3.533315150530536020, 0.5000000000000073275 ) ) ;
#1680 = VERTEX_POINT ( 'NONE', #3720 ) ;
#1681 = DIRECTION ( 'NONE',  ( 0.000000000000000000, 0.7071067811865474617, 0.7071067811865474617 ) ) ;
#1682 = CARTESIAN_POINT ( 'NONE',  ( 27.87500000000000355, -1.010333609296567339E-15, 1.500000000000000000 ) ) ;
#1683 =( LENGTH_UNIT ( ) NAMED_UNIT ( * ) SI_UNIT ( .MILLI., .METRE. ) );
#1684 = CARTESIAN_POINT ( 'NONE',  ( 35.66468169822299927, 4.250064582471204666, -0.000000000000000000 ) ) ;
#1685 = CARTESIAN_POINT ( 'NONE',  ( 41.75083160298848384, -2.552344517049064621, 3.675614494092347861 ) ) ;
#1686 = CARTESIAN_POINT ( 'NONE',  ( 42.27832501858130598, 2.256516590374453735, 3.882755438362703426 ) ) ;
#1687 = CIRCLE ( 'NONE', #3373, 2.000000000000000000 ) ;
#1688 = CARTESIAN_POINT ( 'NONE',  ( 28.60906009783754911, 1.570857945517440069, 0.5000000000000073275 ) ) ;
#1689 = CARTESIAN_POINT ( 'NONE',  ( 43.08158142366757914, 1.638757240780809754, 1.999999999999995559 ) ) ;
#1690 = VECTOR ( 'NONE', #2960, 1000.000000000000000 ) ;
#1691 = CARTESIAN_POINT ( 'NONE',  ( 27.37506480239180817, 0.1108575709400955872, 0.000000000000000000 ) ) ;
#1692 = CARTESIAN_POINT ( 'NONE',  ( 43.54818731889795913, -1.061635964132937149, 0.5000000000000073275 ) ) ;
#1693 = CARTESIAN_POINT ( 'NONE',  ( 44.21421261975298478, -0.8478285120119962714, 0.000000000000000000 ) ) ;
#1694 = AXIS2_PLACEMENT_3D ( 'NONE', #2409, #2111, #3347 ) ;
#1695 = ORIENTED_EDGE ( 'NONE', *, *, #1245, .T. ) ;
#1696 = CARTESIAN_POINT ( 'NONE',  ( 44.37500000000001421, 2.385244779468109755E-15, 0.000000000000000000 ) ) ;
#1697 = CYLINDRICAL_SURFACE ( 'NONE', #995, 1.000000000000000888 ) ;
#1698 = FACE_OUTER_BOUND ( 'NONE', #2526, .T. ) ;
#1699 = CARTESIAN_POINT ( 'NONE',  ( 42.88509677889542360, -2.444234682405294290, -0.000000000000000000 ) ) ;
#1700 = CARTESIAN_POINT ( 'NONE',  ( 30.51675059458426986, 2.785237658227822877, 0.5000000000000073275 ) ) ;
#1701 = B_SPLINE_CURVE_WITH_KNOTS ( 'NONE', 3,
 ( #3136, #301, #2530, #602, #2752, #3870, #1096, #3812, #3852, #3491, #700, #1075, #433, #3214, #1038, #3513 ),
 .UNSPECIFIED., .F., .F.,
 ( 4, 2, 2, 2, 2, 2, 2, 4 ),
 ( 0.006020192064773891710, 0.006396735702586931957, 0.006773279340399973071, 0.007526366616026053565, 0.008279453891652133191, 0.009032541167278215419, 0.01053871571853035732, 0.01204489026978250096 ),
 .UNSPECIFIED. ) ;
#1702 = AXIS2_PLACEMENT_3D ( 'NONE', #160, #2298, #484 ) ;
#1703 = ORIENTED_EDGE ( 'NONE', *, *, #3204, .T. ) ;
#1704 = CARTESIAN_POINT ( 'NONE',  ( 28.19509924481986829, 1.070160547390463845, 2.000000000000000000 ) ) ;
#1705 = DIRECTION ( 'NONE',  ( 0.000000000000000000, 0.000000000000000000, 1.000000000000000000 ) ) ;
#1706 = EDGE_LOOP ( 'NONE', ( #2946, #296, #3025, #2957 ) ) ;
#1707 = CARTESIAN_POINT ( 'NONE',  ( 28.64764793695219680, 2.276193449638587385, -0.000000000000000000 ) ) ;
#1708 = CARTESIAN_POINT ( 'NONE',  ( 39.98998348550647108, -3.232458480850961546, 3.199393569796571413 ) ) ;
#1709 = CARTESIAN_POINT ( 'NONE',  ( 28.97786371826039087, -1.899999999999999023, 5.999999999999989342 ) ) ;
#1710 = CARTESIAN_POINT ( 'NONE',  ( 28.01808394561233229, -0.7063725435191434698, 0.5000000000000073275 ) ) ;
#1711 = CARTESIAN_POINT ( 'NONE',  ( 39.81402736052763203, 3.275329158287990872, 1.500000000000000000 ) ) ;
#1712 = CARTESIAN_POINT ( 'NONE',  ( 32.26991163500890991, -3.862666370524171278, 0.000000000000000000 ) ) ;
#1713 = CARTESIAN_POINT ( 'NONE',  ( 40.65240252597478587, -3.008462905123733933, 0.5000000000000074385 ) ) ;
#1714 = CARTESIAN_POINT ( 'NONE',  ( 41.42216090983494325, -3.248250032337575810, 0.000000000000000000 ) ) ;
#1715 = EDGE_CURVE ( 'NONE', #514, #84, #1687, .T. ) ;
#1716 = ORIENTED_EDGE ( 'NONE', *, *, #1331, .F. ) ;
#1717 = CARTESIAN_POINT ( 'NONE',  ( 44.18293903421522373, 0.9240025486020231327, 0.000000000000000000 ) ) ;
#1718 = FACE_OUTER_BOUND ( 'NONE', #820, .T. ) ;
#1719 = LINE ( 'NONE', #2939, #3965 ) ;
#1720 = CARTESIAN_POINT ( 'NONE',  ( 43.01435449413443735, 2.351202048942372613, 0.000000000000000000 ) ) ;
#1721 = CARTESIAN_POINT ( 'NONE',  ( 34.21366459591654774, -3.673501678837487017, 0.5000000000000076605 ) ) ;
#1722 = CARTESIAN_POINT ( 'NONE',  ( 5.250000000000011546, 0.000000000000000000, 6.000000000000000000 ) ) ;
#1723 = CARTESIAN_POINT ( 'NONE',  ( 28.49127285496168582, 1.457924031502429330, 1.500000000000000000 ) ) ;
#1724 = EDGE_CURVE ( 'NONE', #401, #2832, #4001, .T. ) ;
#1725 = CARTESIAN_POINT ( 'NONE',  ( 29.87932922780833422, -3.045102249744719991, -0.000000000000000000 ) ) ;
#1726 = ORIENTED_EDGE ( 'NONE', *, *, #3078, .F. ) ;
#1727 = CARTESIAN_POINT ( 'NONE',  ( 28.12462324082301990, 1.783425721792886609, -0.000000000000000000 ) ) ;
#1728 = CARTESIAN_POINT ( 'NONE',  ( 50.75000000000000000, 1.899999999999999911, 6.000000000000000000 ) ) ;
#1729 = DIRECTION ( 'NONE',  ( 0.000000000000000000, 0.000000000000000000, 1.000000000000000000 ) ) ;
#1730 = CARTESIAN_POINT ( 'NONE',  ( 31.97997598107445683, -3.277223481003260108, 0.5000000000000074385 ) ) ;
#1731 = CARTESIAN_POINT ( 'NONE',  ( 48.75000000000000000, -3.374999999999980460, -28.50614692156320018 ) ) ;
#1732 = CARTESIAN_POINT ( 'NONE',  ( 31.85370700459521487, -3.761082005732685030, 0.000000000000000000 ) ) ;
#1733 = DIRECTION ( 'NONE',  ( 1.000000000000000000, 0.000000000000000000, 0.000000000000000000 ) ) ;
#1734 = CARTESIAN_POINT ( 'NONE',  ( 43.81658720837340582, -1.551916806898023804, 0.000000000000000000 ) ) ;
#1735 = ORIENTED_EDGE ( 'NONE', *, *, #1966, .F. ) ;
#1736 = CARTESIAN_POINT ( 'NONE',  ( 44.34367976137676237, 0.3794129895696433663, 0.000000000000000000 ) ) ;
#1737 = DIRECTION ( 'NONE',  ( 0.000000000000000000, 0.000000000000000000, 1.000000000000000000 ) ) ;
#1738 = CARTESIAN_POINT ( 'NONE',  ( 5.249999999999997335, 6.429395695523601195E-16, 0.000000000000000000 ) ) ;
#1739 = CARTESIAN_POINT ( 'NONE',  ( 44.25104123138645917, 0.7460148723288229089, 0.000000000000000000 ) ) ;
#1740 = CARTESIAN_POINT ( 'NONE',  ( 28.44946663271778675, -1.395905344926336999, 0.5000000000000073275 ) ) ;
#1741 = VERTEX_POINT ( 'NONE', #2215 ) ;
#1742 = CARTESIAN_POINT ( 'NONE',  ( 27.37452083152440707, 0.2828789597067929429, 2.000000000000000000 ) ) ;
#1743 = CARTESIAN_POINT ( 'NONE',  ( 30.46845409139791627, -3.306710761993946868, -0.000000000000000000 ) ) ;
#1744 = CARTESIAN_POINT ( 'NONE',  ( 43.13535401204563158, -2.249699870230633447, 0.000000000000000000 ) ) ;
#1745 = ORIENTED_EDGE ( 'NONE', *, *, #3258, .T. ) ;
#1746 = CARTESIAN_POINT ( 'NONE',  ( 27.38296143114567727, 0.2184911607967512659, -0.000000000000000000 ) ) ;
#1747 = LINE ( 'NONE', #2969, #3895 ) ;
#1748 = EDGE_LOOP ( 'NONE', ( #3165, #355, #2985, #841 ) ) ;
#1749 = DIRECTION ( 'NONE',  ( 0.000000000000000000, 0.000000000000000000, 1.000000000000000000 ) ) ;
#1750 = CARTESIAN_POINT ( 'NONE',  ( 32.58220452945269585, -3.419164844426758165, 0.5000000000000074385 ) ) ;
#1751 = B_SPLINE_CURVE_WITH_KNOTS ( 'NONE', 3,
 ( #1057, #89, #2249, #1347, #3531, #393, #2850, #2286, #1990, #1330, #2548, #3791, #1023, #1949, #2871, #2567, #2989, #2668, #228, #563, #252, #1486, #3914, #2369, #2707, #3956, #3632, #3612, #1119, #184, #492, #3936, #2689, #2410, #3657, #3979, #3282, #1142, #882, #271, #2112, #1725, #3303, #1508, #3349, #1765, #580, #1743, #1805, #3029, #538, #2323, #1466, #512, #1162, #2944, #2390, #3572, #1422, #860, #796, #2052, #2031, #3260, #2349, #818, #1584, #2207, #27, #2804, #3713, #1564, #917, #899, #3389, #2505, #3427, #1603, #2821, #1545, #45, #3089, #960, #2187, #939, #980, #675, #1211, #3677, #2149, #615, #1884, #1864, #3749, #2763, #1290, #2466, #1231, #330, #3450, #653, #3111, #3130, #352, #3995, #2429, #2128, #2445, #1909, #1250, #3366, #594, #1846, #1826, #3692, #371, #3050, #294, #3068, #1527, #2746, #311, #4, #2169, #3408, #633, #2783, #1272, #2485, #3733, #3848, #3507, #1699, #1663, #712, #123, #694, #3150, #2843, #3806, #1034, #2264, #3550, #2032, #3261, #3235, #772, #2945, #3179, #149, #418, #2305, #2288, #1649, #3792, #752, #1991, #3215, #128, #1403 ),
 .UNSPECIFIED., .F., .F.,
 ( 4, 2, 1, 2, 2, 1, 2, 2, 2, 2, 2, 2, 1, 1, 2, 2, 1, 1, 1, 2, 2, 1, 1, 2, 2, 1, 1, 2, 2, 1, 1, 2, 2, 1, 1, 2, 2, 1, 2, 2, 1, 2, 2, 1, 2, 2, 1, 2, 2, 2, 1, 2, 2, 1, 1, 2, 2, 1, 2, 2, 1, 2, 2, 1, 1, 2, 2, 1, 1, 2, 2, 1, 1, 2, 2, 1, 1, 2, 2, 1, 1, 2, 2, 1, 1, 1, 2, 2, 1, 1, 1, 2, 2, 1, 1, 2, 2, 2, 2, 2, 4 ),
 ( 0.5000000000000000000, 0.5156249999999984457, 0.5195312499999980016, 0.5214843749999977796, 0.5234374999999976685, 0.5273437499999972244, 0.5292968749999970024, 0.5312499999999967804, 0.5390624999999961142, 0.5429687499999958922, 0.5449218749999955591, 0.5468749999999953371, 0.5546874999999944489, 0.5585937499999941158, 0.5605468749999940048, 0.5624999999999937828, 0.5703124999999933387, 0.5742187499999931166, 0.5761718749999930056, 0.5771484374999928946, 0.5781249999999927836, 0.5859374999999931166, 0.5898437499999931166, 0.5917968749999931166, 0.5937499999999931166, 0.6015624999999934497, 0.6054687499999934497, 0.6074218749999933387, 0.6093749999999932276, 0.6171874999999931166, 0.6210937499999931166, 0.6230468749999930056, 0.6249999999999930056, 0.6328124999999931166, 0.6367187499999931166, 0.6386718749999931166, 0.6406249999999930056, 0.6484374999999938938, 0.6523437499999945599, 0.6562499999999953371, 0.6640624999999962252, 0.6679687499999966693, 0.6718749999999970024, 0.6796874999999984457, 0.6835937499999991118, 0.6874999999999997780, 0.7031250000000036637, 0.7109375000000053291, 0.7187500000000068834, 0.7500000000000124345, 0.7656250000000155431, 0.7734375000000170974, 0.7812500000000186517, 0.7968750000000210942, 0.8046875000000226485, 0.8085937500000234257, 0.8125000000000242029, 0.8203125000000257572, 0.8242187500000267564, 0.8281250000000277556, 0.8359375000000293099, 0.8398437500000301981, 0.8437500000000313083, 0.8515625000000328626, 0.8554687500000333067, 0.8574218750000335287, 0.8593750000000338618, 0.8671875000000363043, 0.8710937500000377476, 0.8730468750000385247, 0.8750000000000393019, 0.8828125000000417444, 0.8867187500000428546, 0.8886718750000430767, 0.8906250000000434097, 0.8984375000000440759, 0.9023437500000441869, 0.9042968750000441869, 0.9062500000000444089, 0.9140625000000432987, 0.9179687500000426326, 0.9199218750000421885, 0.9218750000000417444, 0.9296875000000406342, 0.9335937500000400791, 0.9355468750000395239, 0.9365234375000391909, 0.9375000000000387468, 0.9453125000000330846, 0.9492187500000301981, 0.9511718750000288658, 0.9521484375000283107, 0.9531250000000277556, 0.9609375000000227596, 0.9648437500000202061, 0.9667968750000189848, 0.9687500000000178746, 0.9726562500000155431, 0.9765625000000132117, 0.9843750000000086597, 1.000000000000000000 ),
 .UNSPECIFIED. ) ;
#1752 = CARTESIAN_POINT ( 'NONE',  ( 39.81220752201812019, -3.275733605318396524, 1.500000000000000000 ) ) ;
#1753 = CYLINDRICAL_SURFACE ( 'NONE', #3327, 8.000000000000000000 ) ;
#1754 = CARTESIAN_POINT ( 'NONE',  ( 44.29783113131325223, -0.5889552339790721236, 0.000000000000000000 ) ) ;
#1755 = AXIS2_PLACEMENT_3D ( 'NONE', #465, #1662, #1678 ) ;
#1756 = ORIENTED_EDGE ( 'NONE', *, *, #3141, .T. ) ;
#1757 = CARTESIAN_POINT ( 'NONE',  ( 50.25000000000000000, -7.495832175282473031, 0.000000000000000000 ) ) ;
#1758 = DIRECTION ( 'NONE',  ( -1.000000000000000000, 0.000000000000000000, -0.000000000000000000 ) ) ;
#1759 = AXIS2_PLACEMENT_3D ( 'NONE', #3908, #526, #3606 ) ;
#1760 = CARTESIAN_POINT ( 'NONE',  ( 34.48809884731457487, 4.195207562303778559, 0.000000000000000000 ) ) ;
#1761 = CARTESIAN_POINT ( 'NONE',  ( 30.89797971400987109, -2.936490168960244951, 0.5000000000000074385 ) ) ;
#1762 = ORIENTED_EDGE ( 'NONE', *, *, #3668, .T. ) ;
#1763 = CARTESIAN_POINT ( 'NONE',  ( 6.000000000000000888, 0.000000000000000000, 3.000000000000000000 ) ) ;
#1764 = CARTESIAN_POINT ( 'NONE',  ( 27.64453923980100569, -1.098325426713414821, 2.000000000000000000 ) ) ;
#1765 = CARTESIAN_POINT ( 'NONE',  ( 30.20191893948624084, -3.193380663865861280, 0.000000000000000000 ) ) ;
#1766 = AXIS2_PLACEMENT_3D ( 'NONE', #3211, #3546, #769 ) ;
#1767 = CARTESIAN_POINT ( 'NONE',  ( 42.47527012811002578, -2.718170143194422295, 0.000000000000000000 ) ) ;
#1768 = EDGE_LOOP ( 'NONE', ( #1644, #2220, #2000, #2073 ) ) ;
#1769 = CARTESIAN_POINT ( 'NONE',  ( 27.73933919997708486, 1.263232778039825144, 0.000000000000000000 ) ) ;
#1770 = CARTESIAN_POINT ( 'NONE',  ( 30.25563263592463414, 3.226280975632807468, 2.000000000000000444 ) ) ;
#1771 = EDGE_LOOP ( 'NONE', ( #2575, #8, #407, #208 ) ) ;
#1772 = CARTESIAN_POINT ( 'NONE',  ( 39.36211915483255552, 3.374999999999997335, 1.500000000000000000 ) ) ;
#1773 = CARTESIAN_POINT ( 'NONE',  ( 50.00000000000000000, 0.000000000000000000, 6.000000000000000000 ) ) ;
#1774 = CARTESIAN_POINT ( 'NONE',  ( 29.19935762630942833, -2.067699051274022981, 0.5000000000000073275 ) ) ;
#1775 = CARTESIAN_POINT ( 'NONE',  ( 43.63074578913620627, -1.794590164335799543, 2.000000000000000000 ) ) ;
#1776 = DIRECTION ( 'NONE',  ( 0.000000000000000000, -0.000000000000000000, 1.000000000000000000 ) ) ;
#1777 = CARTESIAN_POINT ( 'NONE',  ( 43.84296528673306881, 0.3378522370094413363, 0.5000000000000074385 ) ) ;
#1778 = ORIENTED_EDGE ( 'NONE', *, *, #1006, .F. ) ;
#1779 = DIRECTION ( 'NONE',  ( -1.000000000000000000, 0.000000000000000000, -0.000000000000000000 ) ) ;
#1780 = LINE ( 'NONE', #2616, #402 ) ;
#1781 = CARTESIAN_POINT ( 'NONE',  ( 35.45261218961874050, 4.246232132514672131, 0.000000000000000000 ) ) ;
#1782 = CARTESIAN_POINT ( 'NONE',  ( 29.53240528909546470, -2.286355168782551406, 0.5000000000000074385 ) ) ;
#1783 = VERTEX_POINT ( 'NONE', #2826 ) ;
#1784 = CARTESIAN_POINT ( 'NONE',  ( 31.88075824023384186, -3.374999999999990230, 1.832433874882252622 ) ) ;
#1785 = CARTESIAN_POINT ( 'NONE',  ( 27.87462694125254714, 0.2202346510340728869, 1.500000000000000000 ) ) ;
#1786 = CARTESIAN_POINT ( 'NONE',  ( 43.81658720837340582, -1.551916806898023804, 0.000000000000000000 ) ) ;
#1787 = ORIENTED_EDGE ( 'NONE', *, *, #230, .F. ) ;
#1788 = CARTESIAN_POINT ( 'NONE',  ( 30.39403323367656284, 3.275496646544065804, -0.000000000000000000 ) ) ;
#1789 = PLANE ( 'NONE',  #81 ) ;
#1790 = ORIENTED_EDGE ( 'NONE', *, *, #1953, .T. ) ;
#1791 = CARTESIAN_POINT ( 'NONE',  ( 39.44012215118669218, 3.375000000000000000, 1.634218498322637769 ) ) ;
#1792 = CARTESIAN_POINT ( 'NONE',  ( 48.75000000000000000, -3.374999999999980460, 3.099584923580558371 ) ) ;
#1793 = CARTESIAN_POINT ( 'NONE',  ( 43.03770985613979150, -1.670607036872542750, 0.5000000000000073275 ) ) ;
#1794 = CARTESIAN_POINT ( 'NONE',  ( 40.33886751993531306, -3.126441047277996876, 1.500000000000000000 ) ) ;
#1795 = LINE ( 'NONE', #587, #3774 ) ;
#1796 = CARTESIAN_POINT ( 'NONE',  ( 42.17424989935662438, 2.311859214337240065, 0.5000000000000074385 ) ) ;
#1797 = ORIENTED_EDGE ( 'NONE', *, *, #1220, .F. ) ;
#1798 = DIRECTION ( 'NONE',  ( 0.000000000000000000, 0.000000000000000000, 1.000000000000000000 ) ) ;
#1799 = EDGE_CURVE ( 'NONE', #176, #1511, #1701, .T. ) ;
#1800 = CARTESIAN_POINT ( 'NONE',  ( 35.02440663374783014, 4.229685876085207852, 0.000000000000000000 ) ) ;
#1801 = EDGE_CURVE ( 'NONE', #2927, #851, #2602, .T. ) ;
#1802 = ORIENTED_EDGE ( 'NONE', *, *, #2673, .T. ) ;
#1803 = CARTESIAN_POINT ( 'NONE',  ( 0.000000000000000000, -7.500000000000000000, 6.000000000000000000 ) ) ;
#1804 = CARTESIAN_POINT ( 'NONE',  ( 41.10474494817862023, 3.375000000000000000, 1.999999999999998224 ) ) ;
#1805 = CARTESIAN_POINT ( 'NONE',  ( 30.64487909687878542, -3.375124333497647733, -0.000000000000000000 ) ) ;
#1806 = CARTESIAN_POINT ( 'NONE',  ( 44.31738198776632487, -0.5095159630186072430, 0.000000000000000000 ) ) ;
#1807 = ORIENTED_EDGE ( 'NONE', *, *, #815, .F. ) ;
#1808 = CARTESIAN_POINT ( 'NONE',  ( 32.38788084516745869, 3.374999999999999112, 1.999999999999999556 ) ) ;
#1809 = ORIENTED_EDGE ( 'NONE', *, *, #3302, .T. ) ;
#1810 = LINE ( 'NONE', #2696, #1883 ) ;
#1811 = CARTESIAN_POINT ( 'NONE',  ( 32.98692317857368295, -3.498619922312238728, 0.5000000000000073275 ) ) ;
#1812 = CARTESIAN_POINT ( 'NONE',  ( 42.70200705658049856, -1.963815171107594848, 1.500000000000000000 ) ) ;
#1813 = CARTESIAN_POINT ( 'NONE',  ( 52.75000000000000711, -3.374999999999979128, 0.000000000000000000 ) ) ;
#1814 = CARTESIAN_POINT ( 'NONE',  ( 43.69591083485735084, 0.7901118724155695716, 0.5000000000000074385 ) ) ;
#1815 = EDGE_CURVE ( 'NONE', #1741, #3225, #1668, .T. ) ;
#1816 = VERTEX_POINT ( 'NONE', #3233 ) ;
#1817 = VECTOR ( 'NONE', #2213, 1000.000000000000000 ) ;
#1818 = CARTESIAN_POINT ( 'NONE',  ( 28.97786371826039087, -1.899999999999999911, 6.000000000000000000 ) ) ;
#1819 = CARTESIAN_POINT ( 'NONE',  ( 28.90578958501867035, 2.472566157903023143, 0.000000000000000000 ) ) ;
#1820 =( GEOMETRIC_REPRESENTATION_CONTEXT ( 3 ) GLOBAL_UNCERTAINTY_ASSIGNED_CONTEXT ( ( #3076 ) ) GLOBAL_UNIT_ASSIGNED_CONTEXT ( ( #1683, #2621, #3853 ) ) REPRESENTATION_CONTEXT ( 'NONE', 'WORKASPACE' ) );
#1821 = EDGE_CURVE ( 'NONE', #597, #2481, #2269, .T. ) ;
#1822 = ORIENTED_EDGE ( 'NONE', *, *, #4005, .T. ) ;
#1823 = CARTESIAN_POINT ( 'NONE',  ( 50.75000000000000000, 3.375000000000000000, -28.50614692156320018 ) ) ;
#1824 = DIRECTION ( 'NONE',  ( -0.000000000000000000, -0.000000000000000000, -1.000000000000000000 ) ) ;
#1825 = VECTOR ( 'NONE', #7, 1000.000000000000000 ) ;
#1826 = CARTESIAN_POINT ( 'NONE',  ( 41.02293141407240284, -3.406450989408325469, 0.000000000000000000 ) ) ;
#1827 = VECTOR ( 'NONE', #3369, 1000.000000000000114 ) ;
#1828 = CARTESIAN_POINT ( 'NONE',  ( 39.89278364234510121, -3.761984524266068775, 0.000000000000000000 ) ) ;
#1829 = EDGE_CURVE ( 'NONE', #2033, #2832, #1402, .T. ) ;
#1830 = VERTEX_POINT ( 'NONE', #2304 ) ;
#1831 = CARTESIAN_POINT ( 'NONE',  ( 25.50000000000000355, -3.374999999999979128, 0.000000000000000000 ) ) ;
#1832 = CARTESIAN_POINT ( 'NONE',  ( 43.41746387614082892, -1.250639423484881219, 0.5000000000000075495 ) ) ;
#1833 = CARTESIAN_POINT ( 'NONE',  ( 44.35911431003915339, 0.2727695512016385937, 0.000000000000000000 ) ) ;
#1834 = VECTOR ( 'NONE', #896, 1000.000000000000000 ) ;
#1835 = FACE_OUTER_BOUND ( 'NONE', #2777, .T. ) ;
#1836 = VECTOR ( 'NONE', #3837, 1000.000000000000114 ) ;
#1837 = CARTESIAN_POINT ( 'NONE',  ( 41.50625148091002359, 2.664297406437037274, 0.5000000000000073275 ) ) ;
#1838 = ORIENTED_EDGE ( 'NONE', *, *, #1313, .T. ) ;
#1839 = CARTESIAN_POINT ( 'NONE',  ( 42.61514486695858750, 2.626592246333376846, 0.000000000000000000 ) ) ;
#1840 = FACE_OUTER_BOUND ( 'NONE', #880, .T. ) ;
#1841 = EDGE_CURVE ( 'NONE', #119, #213, #3348, .T. ) ;
#1842 = CARTESIAN_POINT ( 'NONE',  ( 31.02825096701216623, 3.513336415652591693, 0.000000000000000000 ) ) ;
#1843 = ORIENTED_EDGE ( 'NONE', *, *, #2682, .F. ) ;
#1844 = DIRECTION ( 'NONE',  ( -0.000000000000000000, 0.8191520442889888010, -0.5735764363510503783 ) ) ;
#1845 = LINE ( 'NONE', #578, #3573 ) ;
#1846 = CARTESIAN_POINT ( 'NONE',  ( 40.89296646910394628, -3.453257234109601725, 0.000000000000000000 ) ) ;
#1847 = CARTESIAN_POINT ( 'NONE',  ( 43.61535773221501699, 0.9484721412716529132, 0.5000000000000073275 ) ) ;
#1848 = ORIENTED_EDGE ( 'NONE', *, *, #2238, .F. ) ;
#1849 = ORIENTED_EDGE ( 'NONE', *, *, #2628, .F. ) ;
#1850 = ADVANCED_FACE ( 'NONE', ( #472 ), #536, .F. ) ;
#1851 = CYLINDRICAL_SURFACE ( 'NONE', #3885, 1.000000000000000888 ) ;
#1852 = DIRECTION ( 'NONE',  ( 0.000000000000000000, 0.000000000000000000, -1.000000000000000000 ) ) ;
#1853 = CARTESIAN_POINT ( 'NONE',  ( 43.10001306720187841, 2.279389532680924813, 0.000000000000000000 ) ) ;
#1854 = CARTESIAN_POINT ( 'NONE',  ( 50.00000000000000000, 0.000000000000000000, 6.000000000000000000 ) ) ;
#1855 = CARTESIAN_POINT ( 'NONE',  ( 33.80190610996559286, 3.623274188526300676, 0.5000000000000074385 ) ) ;
#1856 = ORIENTED_EDGE ( 'NONE', *, *, #2079, .F. ) ;
#1857 = CARTESIAN_POINT ( 'NONE',  ( 31.33492492787182115, 3.612403178359069322, 0.000000000000000000 ) ) ;
#1858 = CARTESIAN_POINT ( 'NONE',  ( -8.000000000000000000, 0.000000000000000000, 0.5000000000000004441 ) ) ;
#1859 = CARTESIAN_POINT ( 'NONE',  ( 27.49774989987868068, -0.7424417529274797145, 0.000000000000000000 ) ) ;
#1860 = VERTEX_POINT ( 'NONE', #2583 ) ;
#1861 = CARTESIAN_POINT ( 'NONE',  ( 21.00000000000000355, 3.375000000000000000, 0.000000000000000000 ) ) ;
#1862 = LINE ( 'NONE', #3387, #2525 ) ;
#1863 = DIRECTION ( 'NONE',  ( 0.000000000000000000, 0.000000000000000000, 1.000000000000000000 ) ) ;
#1864 = CARTESIAN_POINT ( 'NONE',  ( 38.69661812053124805, -4.017153492250617575, -0.000000000000000000 ) ) ;
#1865 = CARTESIAN_POINT ( 'NONE',  ( 42.17424989935662438, 2.311859214337240065, 0.5000000000000074385 ) ) ;
#1866 = VERTEX_POINT ( 'NONE', #417 ) ;
#1867 = ORIENTED_EDGE ( 'NONE', *, *, #1078, .F. ) ;
#1868 = CARTESIAN_POINT ( 'NONE',  ( 21.00000000000000000, 3.375000000000000000, 1.999999999999998224 ) ) ;
#1869 = CARTESIAN_POINT ( 'NONE',  ( 0.000000000000000000, 0.000000000000000000, 6.000000000000000000 ) ) ;
#1870 = CARTESIAN_POINT ( 'NONE',  ( 43.68093351995883467, 1.719911410358185178, -0.000000000000000000 ) ) ;
#1871 = DIRECTION ( 'NONE',  ( 1.000000000000000000, 0.000000000000000000, 0.000000000000000000 ) ) ;
#1872 = CARTESIAN_POINT ( 'NONE',  ( 35.67231657616022744, 3.750056013078993278, 0.5000000000000073275 ) ) ;
#1873 = VERTEX_POINT ( 'NONE', #1648 ) ;
#1874 = CARTESIAN_POINT ( 'NONE',  ( 30.72352968425500563, 3.405100084399333760, 0.000000000000000000 ) ) ;
#1875 = CARTESIAN_POINT ( 'NONE',  ( 27.91979199423650471, 1.543178510826774819, 2.000000000000000000 ) ) ;
#1876 = CARTESIAN_POINT ( 'NONE',  ( 28.65107654645020929, -2.280369162325196708, 0.000000000000000000 ) ) ;
#1877 = EDGE_CURVE ( 'NONE', #3617, #998, #1751, .T. ) ;
#1878 = ORIENTED_EDGE ( 'NONE', *, *, #3955, .F. ) ;
#1879 = CARTESIAN_POINT ( 'NONE',  ( 27.98045519608854192, 0.6183651114640296154, 1.500000000000000222 ) ) ;
#1880 = LINE ( 'NONE', #328, #790 ) ;
#1881 = MANIFOLD_SOLID_BREP ( 'Fillet5', #2981 ) ;
#1882 = FACE_OUTER_BOUND ( 'NONE', #1542, .T. ) ;
#1883 = VECTOR ( 'NONE', #2648, 1000.000000000000000 ) ;
#1884 = CARTESIAN_POINT ( 'NONE',  ( 38.53834278372714550, -4.043037116009747578, -0.000000000000000000 ) ) ;
#1885 = CARTESIAN_POINT ( 'NONE',  ( 35.46463413080075355, 3.746338977047703800, 0.5000000000000076605 ) ) ;
#1886 = AXIS2_PLACEMENT_3D ( 'NONE', #3833, #1705, #2620 ) ;
#1887 = CARTESIAN_POINT ( 'NONE',  ( 0.000000000000000000, 0.000000000000000000, 0.4999999999999952260 ) ) ;
#1888 = VERTEX_POINT ( 'NONE', #434 ) ;
#1889 = CARTESIAN_POINT ( 'NONE',  ( 27.87500030552109109, 0.001036386763684525592, 0.5000000000000073275 ) ) ;
#1890 = EDGE_CURVE ( 'NONE', #2063, #119, #3871, .T. ) ;
#1891 = CONICAL_SURFACE ( 'NONE', #143, 5.249999999999997335, 0.7853981633974509435 ) ;
#1892 = CARTESIAN_POINT ( 'NONE',  ( 20.50000000000000000, 3.375000000000000000, 0.6771243444677025325 ) ) ;
#1893 = CARTESIAN_POINT ( 'NONE',  ( 44.24300759022715113, 0.7707882136749180102, -0.000000000000000000 ) ) ;
#1894 = VECTOR ( 'NONE', #590, 1000.000000000000000 ) ;
#1895 = AXIS2_PLACEMENT_3D ( 'NONE', #3755, #3459, #378 ) ;
#1896 = CARTESIAN_POINT ( 'NONE',  ( 57.50000000000000000, 0.000000000000000000, 0.000000000000000000 ) ) ;
#1897 = CARTESIAN_POINT ( 'NONE',  ( 30.89799692764650274, 2.936499394835991428, 0.5000000000000073275 ) ) ;
#1898 = AXIS2_PLACEMENT_3D ( 'NONE', #197, #2339, #3294 ) ;
#1899 = VERTEX_POINT ( 'NONE', #3333 ) ;
#1900 = CARTESIAN_POINT ( 'NONE',  ( 31.64311276290359487, 3.704318742310555912, 0.000000000000000000 ) ) ;
#1901 = CARTESIAN_POINT ( 'NONE',  ( 28.33534397645547642, 2.008153857033543321, 2.000000000000000444 ) ) ;
#1902 = CARTESIAN_POINT ( 'NONE',  ( 30.42325931298454833, -3.287867427474320259, 0.000000000000000000 ) ) ;
#1903 = EDGE_CURVE ( 'NONE', #182, #2786, #3407, .T. ) ;
#1904 = EDGE_LOOP ( 'NONE', ( #565, #688, #3679, #3671, #2210, #3099, #2730, #3249, #3126 ) ) ;
#1905 = AXIS2_PLACEMENT_3D ( 'NONE', #1280, #4003, #359 ) ;
#1906 = PLANE ( 'NONE',  #2219 ) ;
#1907 = DIRECTION ( 'NONE',  ( -3.511752386136298503E-16, 0.5735764363510507113, -0.8191520442889885789 ) ) ;
#1908 = CARTESIAN_POINT ( 'NONE',  ( -4.750000000000000000, 0.000000000000000000, 5.499999999999992895 ) ) ;
#1909 = CARTESIAN_POINT ( 'NONE',  ( 40.56594377932195528, -3.565262757156393292, -0.000000000000000000 ) ) ;
#1910 = CARTESIAN_POINT ( 'NONE',  ( 38.75986794606100716, 3.499213635242391263, 0.5000000000000074385 ) ) ;
#1911 = ORIENTED_EDGE ( 'NONE', *, *, #2487, .T. ) ;
#1912 = CARTESIAN_POINT ( 'NONE',  ( 21.00000000000000355, -3.374999999999997335, -28.50614692156320018 ) ) ;
#1913 = CARTESIAN_POINT ( 'NONE',  ( 0.000000000000000000, 0.000000000000000000, 0.000000000000000000 ) ) ;
#1914 = CYLINDRICAL_SURFACE ( 'NONE', #3566, 2.000000000000000000 ) ;
#1915 = CARTESIAN_POINT ( 'NONE',  ( 43.87500001401509309, -0.04220875880336937003, 0.5000000000000074385 ) ) ;
#1916 = CARTESIAN_POINT ( 'NONE',  ( 44.21395328363857402, 0.8472915412979105110, -0.000000000000000000 ) ) ;
#1917 = CARTESIAN_POINT ( 'NONE',  ( 39.36211915483259105, -3.374999999999988898, 2.000000000000000444 ) ) ;
#1918 = CARTESIAN_POINT ( 'NONE',  ( 36.70816094831219090, 3.734734600691118622, 0.5000000000000073275 ) ) ;
#1919 = VERTEX_POINT ( 'NONE', #257 ) ;
#1920 = CARTESIAN_POINT ( 'NONE',  ( 37.58172666269906159, 4.171563698558529154, 0.000000000000000000 ) ) ;
#1921 = CARTESIAN_POINT ( 'NONE',  ( 27.40324970518235048, 0.4106227214814114901, 2.000000000000000000 ) ) ;
#1922 = CARTESIAN_POINT ( 'NONE',  ( 30.72351130757081705, -3.405090288399386544, 0.000000000000000000 ) ) ;
#1923 = ORIENTED_EDGE ( 'NONE', *, *, #3178, .F. ) ;
#1924 = EDGE_CURVE ( 'NONE', #3394, #2936, #1502, .T. ) ;
#1925 = CARTESIAN_POINT ( 'NONE',  ( 30.47519051375017796, 2.780964928051214091, 1.500000000000000000 ) ) ;
#1926 = CARTESIAN_POINT ( 'NONE',  ( 44.34471046516879511, 0.4223646211899272918, 2.000000000000000444 ) ) ;
#1927 = DIRECTION ( 'NONE',  ( -0.000000000000000000, -0.000000000000000000, 1.000000000000000000 ) ) ;
#1928 = ADVANCED_FACE ( 'NONE', ( #1882 ), #2995, .F. ) ;
#1929 = CARTESIAN_POINT ( 'NONE',  ( 27.93575244332367546, 0.4631732095987878273, 0.5000000000000074385 ) ) ;
#1930 = ORIENTED_EDGE ( 'NONE', *, *, #115, .F. ) ;
#1931 = CARTESIAN_POINT ( 'NONE',  ( 48.75000000000000711, -2.314213562373094835, 3.842355583637536931 ) ) ;
#1932 = CARTESIAN_POINT ( 'NONE',  ( 44.29785089024753120, 0.5906301939103408838, 0.000000000000000000 ) ) ;
#1933 = CARTESIAN_POINT ( 'NONE',  ( 27.88882232428597163, -0.2528085799317686955, 1.500000000000000222 ) ) ;
#1934 = CARTESIAN_POINT ( 'NONE',  ( 42.12445212414036888, 2.914070814677300003, 0.000000000000000000 ) ) ;
#1935 = CARTESIAN_POINT ( 'NONE',  ( 48.75000000000000000, -1.899999999999999911, 0.000000000000000000 ) ) ;
#1936 = CARTESIAN_POINT ( 'NONE',  ( 33.18633571930234183, 3.533315150530536020, 0.5000000000000073275 ) ) ;
#1937 = ORIENTED_EDGE ( 'NONE', *, *, #2511, .F. ) ;
#1938 = CARTESIAN_POINT ( 'NONE',  ( 31.84974717849960868, 3.760041292930804246, 0.000000000000000000 ) ) ;
#1939 = CARTESIAN_POINT ( 'NONE',  ( 28.99962675996328088, -2.537817970195454631, 0.000000000000000000 ) ) ;
#1940 = EDGE_CURVE ( 'NONE', #168, #3300, #61, .T. ) ;
#1941 = ORIENTED_EDGE ( 'NONE', *, *, #2368, .T. ) ;
#1942 = DIRECTION ( 'NONE',  ( -0.000000000000000000, -0.000000000000000000, 1.000000000000000000 ) ) ;
#1943 = PLANE ( 'NONE',  #1954 ) ;
#1944 = CARTESIAN_POINT ( 'NONE',  ( 29.99916839701154458, 2.552344517049076167, 3.675614494092349194 ) ) ;
#1945 = CARTESIAN_POINT ( 'NONE',  ( 28.81558757580966201, 1.765601596732409462, 0.5000000000000073275 ) ) ;
#1946 = ORIENTED_EDGE ( 'NONE', *, *, #3563, .F. ) ;
#1947 = CARTESIAN_POINT ( 'NONE',  ( 21.50000000000000000, 4.375000000000000000, 0.000000000000000000 ) ) ;
#1948 = CARTESIAN_POINT ( 'NONE',  ( 42.14906469397564592, 2.901028991467137885, 0.000000000000000000 ) ) ;
#1949 = CARTESIAN_POINT ( 'NONE',  ( 27.77626633148388891, -1.326993147749180757, -0.000000000000000000 ) ) ;
#1950 = MECHANICAL_DESIGN_GEOMETRIC_PRESENTATION_REPRESENTATION (  '', ( #2143 ), #1820 ) ;
#1951 = EDGE_CURVE ( 'NONE', #2008, #2712, #73, .T. ) ;
#1952 = CARTESIAN_POINT ( 'NONE',  ( 39.90088410717053335, 3.758221575345404020, -0.000000000000000000 ) ) ;
#1953 = EDGE_CURVE ( 'NONE', #629, #2449, #2905, .T. ) ;
#1954 = AXIS2_PLACEMENT_3D ( 'NONE', #1640, #1907, #728 ) ;
#1955 = PLANE ( 'NONE',  #419 ) ;
#1956 = CARTESIAN_POINT ( 'NONE',  ( 28.60785297388214232, -1.569657579208591613, 0.5000000000000074385 ) ) ;
#1957 = AXIS2_PLACEMENT_3D ( 'NONE', #3835, #2535, #2907 ) ;
#1958 = CARTESIAN_POINT ( 'NONE',  ( 39.28720611869076862, 3.391782797110757031, 1.500000000000000000 ) ) ;
#1959 = CARTESIAN_POINT ( 'NONE',  ( 29.18050695445958098, -2.656548731850466361, 0.000000000000000000 ) ) ;
#1960 = CARTESIAN_POINT ( 'NONE',  ( 43.63933447724453885, -0.9070553048622626013, 0.5000000000000074385 ) ) ;
#1961 = CARTESIAN_POINT ( 'NONE',  ( 33.74025111269088484, -4.123864901109058678, 0.000000000000000000 ) ) ;
#1962 = ADVANCED_FACE ( 'NONE', ( #2375 ), #3088, .T. ) ;
#1963 = VERTEX_POINT ( 'NONE', #2695 ) ;
#1964 = LINE ( 'NONE', #1581, #3836 ) ;
#1965 = CARTESIAN_POINT ( 'NONE',  ( 44.37446904826004612, 0.2162870841542002542, 1.999999999999999556 ) ) ;
#1966 = EDGE_CURVE ( 'NONE', #2456, #3952, #938, .T. ) ;
#1967 = CARTESIAN_POINT ( 'NONE',  ( 35.01749596749465354, -4.230336803182184191, 0.000000000000000000 ) ) ;
#1968 = CARTESIAN_POINT ( 'NONE',  ( 51.25000000000000711, -3.374999999999978684, 0.6771243444677064183 ) ) ;
#1969 = VECTOR ( 'NONE', #1389, 1000.000000000000000 ) ;
#1970 = CARTESIAN_POINT ( 'NONE',  ( 30.89799692764650274, 2.936499394835991428, 0.5000000000000073275 ) ) ;
#1971 = EDGE_LOOP ( 'NONE', ( #3445, #1233, #49, #493, #2183, #1048, #2902, #645 ) ) ;
#1972 = LINE ( 'NONE', #1947, #342 ) ;
#1973 = CARTESIAN_POINT ( 'NONE',  ( 29.37045410055320005, -2.189239791598352802, 1.500000000000000000 ) ) ;
#1974 = CARTESIAN_POINT ( 'NONE',  ( 41.69674984889396541, 3.126711125181735440, -0.000000000000000000 ) ) ;
#1975 = EDGE_CURVE ( 'NONE', #3413, #744, #2802, .T. ) ;
#1976 = FACE_OUTER_BOUND ( 'NONE', #2395, .T. ) ;
#1977 = B_SPLINE_CURVE_WITH_KNOTS ( 'NONE', 3,
 ( #828, #1199, #2976, #3357 ),
 .UNSPECIFIED., .F., .F.,
 ( 4, 4 ),
 ( 1.939479807224432123E-18, 0.0007072910917722285713 ),
 .UNSPECIFIED. ) ;
#1978 = B_SPLINE_SURFACE_WITH_KNOTS ( 'NONE', 1, 3, ( 
 ( #1439, #699, #1329, #3790, #2825, #180, #2566, #1022, #1932, #1114, #1739, #1417, #3155, #3490, #812, #415, #487, #2638, #1309, #3770, #3884, #3910, #1139, #3276, #506, #2364, #392, #1720, #2848, #3297, #1647, #87, #1005, #3811, #2319, #791, #1948, #2546, #2940, #2248, #716, #2870, #106, #2025, #1461, #2088, #4009, #2441, #878, #3709, #3626, #3322, #3688, #246, #611, #854, #2142, #2684, #1480, #2124, #1781, #1226, #1800, #2703, #3362, #1760, #2425, #576, #3652, #307, #912, #1541, #591, #3384, #3024, #894, #3950, #223, #1179, #1842, #2742, #932, #2163, #2108, #3063, #558, #2982, #2759, #2724, #290, #3344, #267, #1522, #1244, #1819, #3975, #3006, #2384, #3929, #3045, #3991, #2459, #529, #1157, #2405, #1207, #3673, #1338, #3145, #2182, #3403, #325, #3422, #3480, #3442, #628, #1029, #346, #1558, #648, #2835, #1615, #76, #39, #1320, #405, #1265, #996, #21, #383, #669, #2479, #1859, #364, #1597, #2815, #3744, #2239, #2224, #3464, #3163, #708, #975, #58, #2775, #955, #2862, #2537, #2202, #2558, #3727, #1876, #3782, #3104, #1939, #1579, #1015, #2797, #1285, #687, #2500, #1636, #1902, #3124, #1922, #3083, #1300, #2517, #3761, #99, #3800, #3270, #1086, #3880, #763, #2612, #1982, #1961, #442, #3584, #482, #2655, #3903, #2593, #2633, #2277, #3499, #1106, #3223, #2017, #3843, #2296, #3247, #2335, #3559, #3540, #3821, #118, #426, #3862, #2314, #2935, #1714, #2258, #3205, #1067, #175, #195, #1412, #1046, #725, #3187, #3522, #806, #1999, #1658, #2879, #1674, #1355, #743, #2041, #501, #1734, #2894, #2956, #2574, #1432, #1374, #135, #460, #1693, #2914, #158, #784, #1394, #554, #1754, #588, #1222, #3670, #2678, #3000, #284, #3946, #2720, #891 ),
 ( #3358, #2121, #2105, #3970, #2438, #3292, #1777, #3060, #2137, #574, #3685, #240, #3988, #1518, #3339, #1814, #873, #3316, #3021, #523, #1173, #304, #2977, #1477, #3040, #606, #218, #1200, #1456, #2401, #3924, #2738, #1796, #3377, #2421, #2700, #263, #1152, #908, #1837, #1497, #1536, #2756, #3602, #3647, #1133, #2359, #829, #2062, #2380, #3622, #850, #2082, #971, #1630, #682, #1261, #1918, #2198, #1872, #2455, #1240, #2234, #4004, #3437, #1281, #3776, #1574, #3120, #1855, #3139, #1936, #3704, #1553, #3159, #2474, #663, #360, #1010, #398, #928, #1897, #2160, #379, #341, #2793, #1611, #2830, #71, #3476, #703, #624, #321, #3723, #35, #950, #2495, #3740, #130, #1688, #2037, #2629, #1333, #3838, #2253, #154, #3555, #3535, #437, #757, #2608, #3858, #1369, #3876, #2329, #497, #2552, #3816, #2570, #777, #1995, #1408, #2588, #477, #1063, #2875, #455, #94, #3219, #2292, #2909, #1101, #3240, #3579, #1390, #1710, #1081, #2012, #1042, #3495, #3518, #171, #2931, #3266, #2855, #801, #720, #112, #1956, #3182, #422, #1653, #1351, #1774, #1494, #3355, #3018, #2997, #3289, #3599, #3898, #3335, #2100, #2418, #1195, #2134, #2675, #2078, #2716, #3681, #3966, #519, #1730, #2650, #1750, #1811, #237, #2950, #3372, #3921, #1128, #2972, #3665, #888, #2118, #2377, #585, #825, #2435, #847, #280, #2059, #1452, #1149, #191, #260, #1474, #3619, #2355, #3035, #1515, #2734, #215, #3312, #3984, #548, #571, #1217, #1428, #2697, #905, #3943, #1170, #2398, #3641, #869, #1793, #2195, #1236, #357, #640, #2451, #1832, #1570, #2790, #32, #947, #3456, #3433, #659, #376, #679, #2175, #1278, #1533, #2155, #67, #2510, #3415, #3772, #3699, #3397, #3753, #318, #1915, #924 ) ),
 .UNSPECIFIED., .F., .T., .F.,
 ( 2, 2 ),
 ( 4, 2, 2, 2, 2, 2, 2, 2, 2, 2, 2, 2, 2, 2, 2, 2, 2, 2, 2, 2, 2, 2, 2, 2, 2, 2, 2, 2, 2, 2, 2, 2, 2, 2, 2, 2, 2, 2, 2, 2, 2, 2, 2, 2, 2, 2, 2, 2, 2, 2, 2, 2, 2, 2, 2, 2, 2, 2, 2, 2, 2, 2, 2, 2, 2, 2, 2, 2, 2, 2, 2, 2, 2, 2, 2, 2, 2, 2, 2, 2, 2, 2, 2, 2, 2, 2, 2, 2, 2, 2, 2, 2, 2, 2, 2, 2, 2, 2, 2, 2, 2, 2, 2, 2, 2, 2, 2, 2, 2, 2, 2, 2, 2, 2, 2, 2, 2, 2, 2, 2, 2, 2, 4 ),
 ( 0.000000000000000000, 1.000000000000000000 ),
 ( 0.0006029273930631684486, 0.0007648309634683791687, 0.0009267345338735898889, 0.001088638104278800717, 0.001250541674684011329, 0.001412445245089222158, 0.001493397030291827680, 0.001574348815494432986, 0.001736252385899643598, 0.001898155956304854427, 0.002221963097115275867, 0.002545770237925697524, 0.002869577378736118747, 0.003193384519546540404, 0.003840998801167383285, 0.004002902371572594764, 0.004164805941977805376, 0.004326709512383015988, 0.004488613082788226599, 0.004812420223598647823, 0.005136227364409069046, 0.005783841646029912360, 0.006431455927650755675, 0.006755263068461176898, 0.007079070209271598121, 0.007402877350082019345, 0.007726684490892441436, 0.008374298772513284750, 0.009669527335754969644, 0.01096475589899665627, 0.01161237018061750045, 0.01193617732142792168, 0.01225998446223834290, 0.01258379160304876412, 0.01290759874385918535, 0.01355521302548002779, 0.01420282730710087024, 0.01485044158872171442, 0.01549805587034255860, 0.01582186301115297983, 0.01614567015196340105, 0.01646947729277382227, 0.01679328443358424350, 0.01744089871520508594, 0.01776470585601550717, 0.01792660942642071778, 0.01808851299682592839, 0.01841232013763634962, 0.01873612727844677084, 0.01905993441925719206, 0.01938374156006761329, 0.01954564513047282390, 0.01970754870087803451, 0.01978850048608064155, 0.01986945227128324512, 0.02003135584168845573, 0.02035516298249887696, 0.02051706655290408757, 0.02059801833810669114, 0.02067897012330929818, 0.02084087369371450879, 0.02100277726411971940, 0.02132658440493014410, 0.02165039154574056879, 0.02181229511614577940, 0.02197419868655099001, 0.02213610225695620062, 0.02221705404215880419, 0.02229800582736141124, 0.02262181296817183246, 0.02278371653857704307, 0.02294562010898225368, 0.02310752367938746429, 0.02326942724979267491, 0.02359323439060309613, 0.02391704153141351735, 0.02424084867222393858, 0.02456465581303435980, 0.02488846295384478102, 0.02521227009465520225, 0.02585988437627604469, 0.02618369151708646592, 0.02650749865789688714, 0.02683130579870730836, 0.02699320936911251897, 0.02715511293951772959, 0.02780272722113857203, 0.02845034150275941448, 0.02909795578438026040, 0.03039318434762194876, 0.03104079862924279121, 0.03168841291086363365, 0.03233602719248447610, 0.03298364147410531855, 0.03427887003734700344, 0.03492648431896784589, 0.03557409860058868833, 0.03622171288220953078, 0.03654552002301995201, 0.03686932716383037323, 0.03719313430464079445, 0.03751694144545121568, 0.03816455572707205812, 0.03881217000869290057, 0.03913597714950332179, 0.03929788071990852893, 0.03945978429031374302, 0.03962168786071895710, 0.03978359143112416424, 0.04010739857193458546, 0.04026930214233979954, 0.04043120571274500669, 0.04059310928315021383, 0.04075501285355542791, 0.04107881999436584913, 0.04124072356477105628, 0.04132167534997366332, 0.04140262713517627036, 0.04148357892037887740, 0.04156453070558148444, 0.04172643427598669852, 0.04188833784639191260, 0.04205024141679711974 ),
 .UNSPECIFIED. ) ;
#1979 = CARTESIAN_POINT ( 'NONE',  ( 40.33250952876242934, 3.128537529317646282, 1.500000000000000000 ) ) ;
#1980 = CARTESIAN_POINT ( 'NONE',  ( 30.32416753742407423, -3.246696648912288374, 0.000000000000000000 ) ) ;
#1981 = CARTESIAN_POINT ( 'NONE',  ( 42.93037782674239367, -1.768107544199517989, 0.5000000000000074385 ) ) ;
#1982 = CARTESIAN_POINT ( 'NONE',  ( 33.10790334522825162, -4.027174340616855197, 0.000000000000000000 ) ) ;
#1983 = ORIENTED_EDGE ( 'NONE', *, *, #1877, .F. ) ;
#1984 = CARTESIAN_POINT ( 'NONE',  ( 43.01435449413443735, 2.351202048942372613, 0.000000000000000000 ) ) ;
#1985 = CARTESIAN_POINT ( 'NONE',  ( 44.14874110486514525, 1.019174263217555110, 2.000000000000000000 ) ) ;
#1986 = FACE_OUTER_BOUND ( 'NONE', #2705, .T. ) ;
#1987 = CARTESIAN_POINT ( 'NONE',  ( 33.80190610996559286, 3.623274188526300676, 0.5000000000000074385 ) ) ;
#1988 = DIRECTION ( 'NONE',  ( 0.000000000000000000, -1.000000000000000000, 0.000000000000000000 ) ) ;
#1989 = DIRECTION ( 'NONE',  ( -0.000000000000000000, -0.000000000000000000, 1.000000000000000000 ) ) ;
#1990 = CARTESIAN_POINT ( 'NONE',  ( 27.59767890554029535, -0.9945445671960175815, -0.000000000000000000 ) ) ;
#1991 = CARTESIAN_POINT ( 'NONE',  ( 44.25265685460794884, -0.7469710228822379339, 0.000000000000000000 ) ) ;
#1992 = CARTESIAN_POINT ( 'NONE',  ( 42.27240732630005482, 2.833232820185462852, -0.000000000000000000 ) ) ;
#1993 = CARTESIAN_POINT ( 'NONE',  ( 42.28444637012868412, -2.252558948903063296, 3.885526608754660938 ) ) ;
#1994 = DIRECTION ( 'NONE',  ( 1.000000000000000000, 0.000000000000000000, 0.000000000000000000 ) ) ;
#1995 = CARTESIAN_POINT ( 'NONE',  ( 27.92520046889967844, 0.4215331921067546617, 0.5000000000000074385 ) ) ;
#1996 = CARTESIAN_POINT ( 'NONE',  ( 43.00395444951523416, 2.363254705978396153, 2.000000000000000000 ) ) ;
#1997 = CARTESIAN_POINT ( 'NONE',  ( 29.27222015685842393, -2.713395623301197990, 0.000000000000000000 ) ) ;
#1998 = CARTESIAN_POINT ( 'NONE',  ( 38.76292641651723159, -3.498638520567387111, 0.5000000000000074385 ) ) ;
#1999 = CARTESIAN_POINT ( 'NONE',  ( 43.25999800528380490, -2.144119891205596318, 0.000000000000000000 ) ) ;
#2000 = ORIENTED_EDGE ( 'NONE', *, *, #982, .T. ) ;
#2001 = CARTESIAN_POINT ( 'NONE',  ( 21.50000000000000000, 8.000000000000000000, 0.000000000000000000 ) ) ;
#2002 = CARTESIAN_POINT ( 'NONE',  ( 0.000000000000000000, 0.000000000000000000, 3.000000000000000000 ) ) ;
#2003 = CARTESIAN_POINT ( 'NONE',  ( 28.60906009783754911, 1.570857945517440069, 0.5000000000000073275 ) ) ;
#2004 = VERTEX_POINT ( 'NONE', #1908 ) ;
#2005 = CARTESIAN_POINT ( 'NONE',  ( 27.87462694466503876, 0.2202346510398154600, 2.000000000000497380 ) ) ;
#2006 = CARTESIAN_POINT ( 'NONE',  ( 31.41640768411843609, -3.126220203629471950, 1.499999999999999778 ) ) ;
#2007 = VECTOR ( 'NONE', #835, 1000.000000000000000 ) ;
#2008 = VERTEX_POINT ( 'NONE', #3129 ) ;
#2009 = CARTESIAN_POINT ( 'NONE',  ( 42.43803695310723612, 2.738200050686615761, -0.000000000000000000 ) ) ;
#2010 = CARTESIAN_POINT ( 'NONE',  ( 40.59804027960967687, -3.048485368770880388, 3.328212929702943246 ) ) ;
#2011 = AXIS2_PLACEMENT_3D ( 'NONE', #652, #3449, #674 ) ;
#2012 = CARTESIAN_POINT ( 'NONE',  ( 28.07035779259138053, -0.8277653808685936365, 0.5000000000000075495 ) ) ;
#2013 = CARTESIAN_POINT ( 'NONE',  ( 43.65958206688507914, 0.8707768036510290521, 1.500000000000000000 ) ) ;
#2014 = AXIS2_PLACEMENT_3D ( 'NONE', #3452, #391, #3832 ) ;
#2015 = CARTESIAN_POINT ( 'NONE',  ( 28.99962675996328088, -2.537817970195454631, 0.000000000000000000 ) ) ;
#2016 = CARTESIAN_POINT ( 'NONE',  ( 37.53857260551765052, -3.673271520631346654, 0.5000000000000074385 ) ) ;
#2017 = CARTESIAN_POINT ( 'NONE',  ( 38.64245966803370891, -4.027107728766746497, 0.000000000000000000 ) ) ;
#2018 = CIRCLE ( 'NONE', #1441, 1.000000000000000888 ) ;
#2019 = ORIENTED_EDGE ( 'NONE', *, *, #2715, .F. ) ;
#2020 = CARTESIAN_POINT ( 'NONE',  ( 44.19347152244969834, 0.8987352339592413752, 0.000000000000000000 ) ) ;
#2021 = DIRECTION ( 'NONE',  ( 1.000000000000000000, 0.000000000000000000, 0.000000000000000000 ) ) ;
#2022 = VECTOR ( 'NONE', #2647, 1000.000000000000000 ) ;
#2023 = ADVANCED_FACE ( 'NONE', ( #3941 ), #2819, .F. ) ;
#2024 = FACE_BOUND ( 'NONE', #3662, .T. ) ;
#2025 = CARTESIAN_POINT ( 'NONE',  ( 40.72272288380027305, 3.514698818361702060, 0.000000000000000000 ) ) ;
#2026 = B_SPLINE_CURVE_WITH_KNOTS ( 'NONE', 3,
 ( #2437, #2737, #2955, #2699, #1431, #573, #3987, #2400, #849, #3646, #1221, #3684 ),
 .UNSPECIFIED., .F., .F.,
 ( 4, 2, 2, 2, 2, 4 ),
 ( 0.000000000000000000, 0.0009381144338177143738, 0.001407171650726571615, 0.001641700259180990315, 0.001758964563408208556, 0.001876228867635426579 ),
 .UNSPECIFIED. ) ;
#2027 = CARTESIAN_POINT ( 'NONE',  ( 29.28126861959138694, -2.124594768366320441, 0.5000000000000074385 ) ) ;
#2028 = FACE_OUTER_BOUND ( 'NONE', #2858, .T. ) ;
#2029 = CARTESIAN_POINT ( 'NONE',  ( 28.66841857632851287, -1.638757240780016611, 2.000000000000002220 ) ) ;
#2030 = VECTOR ( 'NONE', #3269, 1000.000000000000114 ) ;
#2031 = CARTESIAN_POINT ( 'NONE',  ( 32.01069315681723282, -3.799395961097213004, 0.000000000000000000 ) ) ;
#2032 = CARTESIAN_POINT ( 'NONE',  ( 43.62698498832256888, -1.781627489869209269, -0.000000000000000000 ) ) ;
#2033 = VERTEX_POINT ( 'NONE', #3309 ) ;
#2034 = CARTESIAN_POINT ( 'NONE',  ( 31.49017386104103267, 3.658702920043942708, 0.000000000000000000 ) ) ;
#2035 = CARTESIAN_POINT ( 'NONE',  ( 27.87500000000000711, 0.0003454463524615101859, 0.5000000000000073275 ) ) ;
#2036 = CARTESIAN_POINT ( 'NONE',  ( 50.25000000000000000, -7.996092795859737201, 5.500000000000000000 ) ) ;
#2037 = CARTESIAN_POINT ( 'NONE',  ( 28.54412357346935636, 1.503239152072455065, 0.5000000000000076605 ) ) ;
#2038 = CARTESIAN_POINT ( 'NONE',  ( 27.87500000000000000, 7.499999999999998224, 2.000000000000000000 ) ) ;
#2039 = CARTESIAN_POINT ( 'NONE',  ( 31.38815339611761956, -3.628289444223837368, 0.000000000000000000 ) ) ;
#2040 = CARTESIAN_POINT ( 'NONE',  ( 42.89359387589811234, -1.799977704604196038, 0.5000000000000073275 ) ) ;
#2041 = CARTESIAN_POINT ( 'NONE',  ( 43.71514062978373971, -1.679924345934757035, 0.000000000000000000 ) ) ;
#2042 = EDGE_CURVE ( 'NONE', #3153, #182, #919, .T. ) ;
#2043 = ORIENTED_EDGE ( 'NONE', *, *, #3052, .T. ) ;
#2044 = CARTESIAN_POINT ( 'NONE',  ( 44.36514616539684397, 0.2178229687856814978, 0.000000000000000000 ) ) ;
#2045 = CARTESIAN_POINT ( 'NONE',  ( 0.000000000000000000, 0.000000000000000000, 0.4999999999999952260 ) ) ;
#2046 = CARTESIAN_POINT ( 'NONE',  ( 27.37500039242483751, 0.001331181180930506329, 0.000000000000000000 ) ) ;
#2047 = DIRECTION ( 'NONE',  ( -0.000000000000000000, -0.000000000000000000, 1.000000000000000000 ) ) ;
#2048 = EDGE_CURVE ( 'NONE', #823, #3478, #569, .T. ) ;
#2049 = CARTESIAN_POINT ( 'NONE',  ( 35.04198816521882520, -3.730899213352705690, 0.5000000000000074385 ) ) ;
#2050 = ORIENTED_EDGE ( 'NONE', *, *, #65, .T. ) ;
#2051 = CARTESIAN_POINT ( 'NONE',  ( 27.88591649927270666, -0.2245184922854529530, 1.500000000000000000 ) ) ;
#2052 = CARTESIAN_POINT ( 'NONE',  ( 31.95581325549711593, -3.785658290582152308, -0.000000000000000000 ) ) ;
#2053 = CARTESIAN_POINT ( 'NONE',  ( 42.83364356734219314, -2.480074228034299999, 0.000000000000000000 ) ) ;
#2054 = ORIENTED_EDGE ( 'NONE', *, *, #3986, .T. ) ;
#2055 = CARTESIAN_POINT ( 'NONE',  ( 29.97307686548005279, 3.090225427696019711, -0.000000000000000000 ) ) ;
#2056 = LINE ( 'NONE', #495, #2150 ) ;
#2057 = ORIENTED_EDGE ( 'NONE', *, *, #3197, .T. ) ;
#2058 = DIRECTION ( 'NONE',  ( 1.000000000000000000, 0.000000000000000000, 0.000000000000000000 ) ) ;
#2059 = CARTESIAN_POINT ( 'NONE',  ( 39.16649988271618099, -3.419430084921506019, 0.5000000000000073275 ) ) ;
#2060 = CARTESIAN_POINT ( 'NONE',  ( 39.36211915483259105, -3.374999999999988898, 1.500000000000000000 ) ) ;
#2061 = LINE ( 'NONE', #3945, #2416 ) ;
#2062 = CARTESIAN_POINT ( 'NONE',  ( 39.67159760006781255, 3.301238454280631007, 0.5000000000000073275 ) ) ;
#2063 = VERTEX_POINT ( 'NONE', #2396 ) ;
#2064 = CARTESIAN_POINT ( 'NONE',  ( 44.15026204921968400, 0.9990885964798916774, 0.000000000000000000 ) ) ;
#2065 = LINE ( 'NONE', #3295, #3509 ) ;
#2066 = DIRECTION ( 'NONE',  ( -1.000000000000000000, 0.000000000000000000, 0.000000000000000000 ) ) ;
#2067 = FACE_OUTER_BOUND ( 'NONE', #3962, .T. ) ;
#2068 = CARTESIAN_POINT ( 'NONE',  ( 28.33231531272765480, -1.250343630778923298, 0.5000000000000073275 ) ) ;
#2069 = VERTEX_POINT ( 'NONE', #1289 ) ;
#2070 = CARTESIAN_POINT ( 'NONE',  ( 28.66446230001433904, 1.635114635135009209, 2.000000000000000000 ) ) ;
#2071 = EDGE_CURVE ( 'NONE', #1254, #3394, #546, .T. ) ;
#2072 = CARTESIAN_POINT ( 'NONE',  ( 43.88098743895942278, -1.463619992626081112, 0.000000000000000000 ) ) ;
#2073 = ORIENTED_EDGE ( 'NONE', *, *, #410, .F. ) ;
#2074 = CARTESIAN_POINT ( 'NONE',  ( 29.54318619587193240, 2.870302551637662791, 0.000000000000000000 ) ) ;
#2075 = CARTESIAN_POINT ( 'NONE',  ( 21.00000000000000000, -1.899999999999999911, 2.000000000000000000 ) ) ;
#2076 = DIRECTION ( 'NONE',  ( -0.000000000000000000, 1.000000000000000000, 0.000000000000000000 ) ) ;
#2077 = CARTESIAN_POINT ( 'NONE',  ( 32.44927005873861248, 4.668874172185430993, 5.999999999999989342 ) ) ;
#2078 = CARTESIAN_POINT ( 'NONE',  ( 31.33567533894062507, -3.087996288613346962, 0.5000000000000073275 ) ) ;
#2079 = EDGE_CURVE ( 'NONE', #1511, #332, #783, .T. ) ;
#2080 = CARTESIAN_POINT ( 'NONE',  ( 43.00512181593905581, -2.362539091083247556, 2.000000000000000000 ) ) ;
#2081 = LINE ( 'NONE', #2999, #3771 ) ;
#2082 = CARTESIAN_POINT ( 'NONE',  ( 39.06465046202040980, 3.439432261479045128, 0.5000000000000073275 ) ) ;
#2083 = VECTOR ( 'NONE', #3191, 1000.000000000000000 ) ;
#2084 = ORIENTED_EDGE ( 'NONE', *, *, #2337, .T. ) ;
#2085 = DIRECTION ( 'NONE',  ( -1.000000000000000000, 0.000000000000000000, 0.000000000000000000 ) ) ;
#2086 = CARTESIAN_POINT ( 'NONE',  ( 21.00000000000000000, 1.899999999999999911, 2.000000000000000000 ) ) ;
#2087 = VECTOR ( 'NONE', #1824, 1000.000000000000000 ) ;
#2088 = CARTESIAN_POINT ( 'NONE',  ( 40.21006704586235259, 3.673552210585594668, 0.000000000000000000 ) ) ;
#2089 = CARTESIAN_POINT ( 'NONE',  ( 31.53309050405524161, -3.149751925003670294, 0.5000000000000073275 ) ) ;
#2090 = VERTEX_POINT ( 'NONE', #2562 ) ;
#2091 = AXIS2_PLACEMENT_3D ( 'NONE', #2097, #2711, #3616 ) ;
#2092 = CARTESIAN_POINT ( 'NONE',  ( 32.10307723214273068, -3.374999999999990230, 1.750039507554857154 ) ) ;
#2093 = CARTESIAN_POINT ( 'NONE',  ( 27.37524437846823844, -0.1471380245089760064, 2.000000000000000000 ) ) ;
#2094 = CARTESIAN_POINT ( 'NONE',  ( 43.71514062978373971, -1.679924345934757035, 0.000000000000000000 ) ) ;
#2095 = VERTEX_POINT ( 'NONE', #446 ) ;
#2096 = CARTESIAN_POINT ( 'NONE',  ( 28.58874736026982788, 2.228049702900936513, 0.000000000000000000 ) ) ;
#2097 = CARTESIAN_POINT ( 'NONE',  ( 0.000000000000000000, 0.000000000000000000, 0.5000000000000004441 ) ) ;
#2098 = CARTESIAN_POINT ( 'NONE',  ( 27.87500000000000355, -1.010333609296567339E-15, 0.000000000000000000 ) ) ;
#2099 = FACE_OUTER_BOUND ( 'NONE', #2564, .T. ) ;
#2100 = CARTESIAN_POINT ( 'NONE',  ( 30.61262199250636939, -2.825081436166364757, 0.5000000000000074385 ) ) ;
#2101 = EDGE_CURVE ( 'NONE', #2712, #63, #2460, .T. ) ;
#2102 = CARTESIAN_POINT ( 'NONE',  ( 0.000000000000000000, -8.000000000000000000, 0.5000000000000004441 ) ) ;
#2103 = EDGE_CURVE ( 'NONE', #332, #2386, #3485, .T. ) ;
#2104 = CARTESIAN_POINT ( 'NONE',  ( 24.00000000000000355, 1.899999999999999911, 6.000000000000000000 ) ) ;
#2105 = CARTESIAN_POINT ( 'NONE',  ( 43.87348277776128214, 0.08454738589990093423, 0.5000000000000074385 ) ) ;
#2106 = ORIENTED_EDGE ( 'NONE', *, *, #520, .T. ) ;
#2107 = CARTESIAN_POINT ( 'NONE',  ( 27.87942161129200613, 7.499999570479696231, 0.5000000000000073275 ) ) ;
#2108 = CARTESIAN_POINT ( 'NONE',  ( 30.42169474600426682, 3.287231975735804390, 0.000000000000000000 ) ) ;
#2109 = CARTESIAN_POINT ( 'NONE',  ( 31.97997598107445683, -3.277223481003260108, 0.5000000000000074385 ) ) ;
#2110 = ORIENTED_EDGE ( 'NONE', *, *, #1799, .T. ) ;
#2111 = DIRECTION ( 'NONE',  ( 0.000000000000000000, 0.000000000000000000, 1.000000000000000000 ) ) ;
#2112 = CARTESIAN_POINT ( 'NONE',  ( 29.73807999187830831, -2.973758537461597129, 0.000000000000000000 ) ) ;
#2113 = CARTESIAN_POINT ( 'NONE',  ( 43.99973482381948742, -1.282159098163747180, 0.000000000000000000 ) ) ;
#2114 = ORIENTED_EDGE ( 'NONE', *, *, #107, .T. ) ;
#2115 = CARTESIAN_POINT ( 'NONE',  ( 4.750000000000000000, 5.817072295949927426E-16, 5.499999999999992895 ) ) ;
#2116 = ORIENTED_EDGE ( 'NONE', *, *, #1667, .F. ) ;
#2117 = DIRECTION ( 'NONE',  ( 0.000000000000000000, -0.000000000000000000, 1.000000000000000000 ) ) ;
#2118 = CARTESIAN_POINT ( 'NONE',  ( 36.29456812334073135, -3.746117661474120730, 0.5000000000000074385 ) ) ;
#2119 = FACE_OUTER_BOUND ( 'NONE', #3278, .T. ) ;
#2120 = DIRECTION ( 'NONE',  ( -0.000000000000000000, -1.000000000000000000, 0.000000000000000000 ) ) ;
#2121 = CARTESIAN_POINT ( 'NONE',  ( 43.87499998598491402, 0.04220875880337324193, 0.5000000000000073275 ) ) ;
#2122 = EDGE_LOOP ( 'NONE', ( #2469, #1523, #286, #2519 ) ) ;
#2123 = DIRECTION ( 'NONE',  ( -0.000000000000000000, -0.000000000000000000, 1.000000000000000000 ) ) ;
#2124 = CARTESIAN_POINT ( 'NONE',  ( 35.66637833288748283, 4.250057614518755855, 0.000000000000000000 ) ) ;
#2125 = VERTEX_POINT ( 'NONE', #1968 ) ;
#2126 = LINE ( 'NONE', #1861, #1381 ) ;
#2127 = CARTESIAN_POINT ( 'NONE',  ( 32.46284613300638711, 3.391794347220798311, 1.500000000000000000 ) ) ;
#2128 = CARTESIAN_POINT ( 'NONE',  ( 40.27863678916328638, -3.653073241507987845, 0.000000000000000000 ) ) ;
#2129 = CARTESIAN_POINT ( 'NONE',  ( 43.00744025929052583, -2.351081578639839353, 0.000000000000000000 ) ) ;
#2130 = ORIENTED_EDGE ( 'NONE', *, *, #552, .T. ) ;
#2131 = DIRECTION ( 'NONE',  ( 6.122553444624024981E-16, -1.000000000000000000, 0.000000000000000000 ) ) ;
#2132 = VERTEX_POINT ( 'NONE', #3805 ) ;
#2133 = CARTESIAN_POINT ( 'NONE',  ( 39.36211915483255552, 3.374999999999997335, 1.500000000000000000 ) ) ;
#2134 = CARTESIAN_POINT ( 'NONE',  ( 31.09107171841142403, -3.006178115292522879, 0.5000000000000073275 ) ) ;
#2135 = CARTESIAN_POINT ( 'NONE',  ( 43.15727689789151356, -1.566222062861165387, 1.500000000000000222 ) ) ;
#2136 = CARTESIAN_POINT ( 'NONE',  ( 50.75000000000000000, 1.899999999999999911, 2.000000000000000000 ) ) ;
#2137 = CARTESIAN_POINT ( 'NONE',  ( 43.81443730418252613, 0.4624306766417751180, 0.5000000000000074385 ) ) ;
#2138 = ORIENTED_EDGE ( 'NONE', *, *, #815, .T. ) ;
#2139 = VECTOR ( 'NONE', #3639, 1000.000000000000000 ) ;
#2140 = CARTESIAN_POINT ( 'NONE',  ( 42.43107443431707537, 2.740877112843583596, 0.000000000000000000 ) ) ;
#2141 = LINE ( 'NONE', #2478, #1631 ) ;
#2142 = CARTESIAN_POINT ( 'NONE',  ( 37.58172666269906159, 4.171563698558529154, 0.000000000000000000 ) ) ;
#2143 = STYLED_ITEM ( 'NONE', ( #1386 ), #1881 ) ;
#2144 = ORIENTED_EDGE ( 'NONE', *, *, #370, .T. ) ;
#2145 = CARTESIAN_POINT ( 'NONE',  ( 32.38788084516745869, 3.374999999999999112, 1.999999999999999556 ) ) ;
#2146 = ADVANCED_FACE ( 'NONE', ( #1986 ), #103, .F. ) ;
#2147 = CARTESIAN_POINT ( 'NONE',  ( 0.000000000000000000, 0.000000000000000000, 0.5000000000000004441 ) ) ;
#2148 = CIRCLE ( 'NONE', #923, 2.000000000000001776 ) ;
#2149 = CARTESIAN_POINT ( 'NONE',  ( 38.32806931707422393, -4.074927958123137905, -0.000000000000000000 ) ) ;
#2150 = VECTOR ( 'NONE', #233, 1000.000000000000000 ) ;
#2151 = CARTESIAN_POINT ( 'NONE',  ( 40.36750072676557721, 3.104815947323485759, 0.5000000000000076605 ) ) ;
#2152 = VERTEX_POINT ( 'NONE', #3228 ) ;
#2153 =( NAMED_UNIT ( * ) PLANE_ANGLE_UNIT ( ) SI_UNIT ( $, .RADIAN. ) );
#2154 = ORIENTED_EDGE ( 'NONE', *, *, #1801, .F. ) ;
#2155 = CARTESIAN_POINT ( 'NONE',  ( 43.80872410475446088, -0.4821620867007541111, 0.5000000000000073275 ) ) ;
#2156 = CARTESIAN_POINT ( 'NONE',  ( 43.25389312953704746, 2.149221473994064713, -0.000000000000000000 ) ) ;
#2157 = CIRCLE ( 'NONE', #2278, 7.500000000000000000 ) ;
#2158 = CARTESIAN_POINT ( 'NONE',  ( 39.36211915483259105, -3.374999999999986677, 1.539863622369218144 ) ) ;
#2159 = CIRCLE ( 'NONE', #1453, 7.500000000000000000 ) ;
#2160 = CARTESIAN_POINT ( 'NONE',  ( 30.80165631273575499, 2.900073541903808838, 0.5000000000000074385 ) ) ;
#2161 = ORIENTED_EDGE ( 'NONE', *, *, #696, .F. ) ;
#2162 = CARTESIAN_POINT ( 'NONE',  ( 32.38788084516741606, -3.374999999999990230, 3.099584923580558371 ) ) ;
#2163 = CARTESIAN_POINT ( 'NONE',  ( 30.62229410138205310, 3.366826858295353997, 0.000000000000000000 ) ) ;
#2164 = EDGE_CURVE ( 'NONE', #401, #1866, #3847, .T. ) ;
#2165 = ORIENTED_EDGE ( 'NONE', *, *, #1715, .F. ) ;
#2166 = LINE ( 'NONE', #3405, #1197 ) ;
#2167 = CARTESIAN_POINT ( 'NONE',  ( 30.40530625531772912, 2.753043703446467649, 1.999999999999631628 ) ) ;
#2168 = CARTESIAN_POINT ( 'NONE',  ( -0.000000000000000000, 5.875000000000000000, 6.000000000000000000 ) ) ;
#2169 = CARTESIAN_POINT ( 'NONE',  ( 42.05458716990178658, -2.950940962574895909, -0.000000000000000000 ) ) ;
#2170 = CARTESIAN_POINT ( 'NONE',  ( 37.53246660771758059, 3.673840603589269005, 0.5000000000000074385 ) ) ;
#2171 = ORIENTED_EDGE ( 'NONE', *, *, #1178, .F. ) ;
#2172 = CARTESIAN_POINT ( 'NONE',  ( 19.00000000000000355, -3.374999999999998668, 2.000000000000000000 ) ) ;
#2173 = VERTEX_POINT ( 'NONE', #3209 ) ;
#2174 = LINE ( 'NONE', #2788, #1817 ) ;
#2175 = CARTESIAN_POINT ( 'NONE',  ( 43.77688226814754557, -0.5858886312355187087, 0.5000000000000074385 ) ) ;
#2176 = DIRECTION ( 'NONE',  ( -0.000000000000000000, -0.000000000000000000, -1.000000000000000000 ) ) ;
#2177 = ADVANCED_FACE ( 'NONE', ( #430 ), #388, .T. ) ;
#2178 = CARTESIAN_POINT ( 'NONE',  ( 39.38440028001504345, -3.374999999999986233, 1.575859807998447160 ) ) ;
#2179 = ORIENTED_EDGE ( 'NONE', *, *, #668, .T. ) ;
#2180 = CARTESIAN_POINT ( 'NONE',  ( 36.30679489746355415, 4.249882761968100553, 0.000000000000000000 ) ) ;
#2181 = CARTESIAN_POINT ( 'NONE',  ( 23.00000000000000355, 2.314213562373094391, 3.842355583637550254 ) ) ;
#2182 = CARTESIAN_POINT ( 'NONE',  ( 27.78132786676059496, 1.332356411229552284, 0.000000000000000000 ) ) ;
#2183 = ORIENTED_EDGE ( 'NONE', *, *, #1237, .T. ) ;
#2184 = CARTESIAN_POINT ( 'NONE',  ( 43.87500000000000711, 1.469576158976824736E-15, 0.5000000000000073275 ) ) ;
#2185 = FACE_BOUND ( 'NONE', #3881, .T. ) ;
#2186 = DIRECTION ( 'NONE',  ( 0.000000000000000000, 0.000000000000000000, 1.000000000000000000 ) ) ;
#2187 = CARTESIAN_POINT ( 'NONE',  ( 36.94873924024418699, -4.217380814223706587, -0.000000000000000000 ) ) ;
#2188 = CARTESIAN_POINT ( 'NONE',  ( 39.16609134946657633, 3.418380793239087279, 0.5000000000000073275 ) ) ;
#2189 = ORIENTED_EDGE ( 'NONE', *, *, #447, .F. ) ;
#2190 = CARTESIAN_POINT ( 'NONE',  ( 25.50000000000000355, -3.374999999999994671, 1.999999999999998224 ) ) ;
#2191 = CARTESIAN_POINT ( 'NONE',  ( 42.77213628173961268, -1.899999999999999911, 3.999999999999989786 ) ) ;
#2192 = EDGE_CURVE ( 'NONE', #764, #2712, #1033, .T. ) ;
#2193 = ORIENTED_EDGE ( 'NONE', *, *, #874, .F. ) ;
#2194 = DIRECTION ( 'NONE',  ( 0.000000000000000000, -0.000000000000000000, -1.000000000000000000 ) ) ;
#2195 = CARTESIAN_POINT ( 'NONE',  ( 43.14113233794306268, -1.570715164534284058, 0.5000000000000074385 ) ) ;
#2196 = CARTESIAN_POINT ( 'NONE',  ( 41.27480948624987178, -2.780964928051198548, 1.500000000000000222 ) ) ;
#2197 = DIRECTION ( 'NONE',  ( 0.000000000000000000, 0.000000000000000000, -1.000000000000000000 ) ) ;
#2198 = CARTESIAN_POINT ( 'NONE',  ( 36.29450422974674240, 3.749886022029621291, 0.5000000000000076605 ) ) ;
#2199 = ORIENTED_EDGE ( 'NONE', *, *, #2357, .T. ) ;
#2200 = CARTESIAN_POINT ( 'NONE',  ( 28.03732787083620082, 1.682883120827354473, 0.000000000000000000 ) ) ;
#2201 = CARTESIAN_POINT ( 'NONE',  ( 27.60125889513487252, -1.019174263217527354, 2.000000000000000000 ) ) ;
#2202 = CARTESIAN_POINT ( 'NONE',  ( 28.25131784456318229, -1.920425428529716427, 0.000000000000000000 ) ) ;
#2203 = EDGE_LOOP ( 'NONE', ( #2426, #3008, #1093, #3757 ) ) ;
#2204 = CARTESIAN_POINT ( 'NONE',  ( 50.75000000000000000, -3.508974596215539421, 2.000000000000000000 ) ) ;
#2205 = CARTESIAN_POINT ( 'NONE',  ( 20.82836553344984765, 3.429355145505192048, 1.180653913983723546 ) ) ;
#2206 = DIRECTION ( 'NONE',  ( -0.000000000000000000, -0.000000000000000000, 1.000000000000000000 ) ) ;
#2207 = CARTESIAN_POINT ( 'NONE',  ( 32.63658754577837584, -3.939383913964389805, 0.000000000000000000 ) ) ;
#2208 = CARTESIAN_POINT ( 'NONE',  ( 42.21730662653926913, 2.285853496937288565, 0.5000000000000073275 ) ) ;
#2209 = VECTOR ( 'NONE', #2378, 1000.000000000000000 ) ;
#2210 = ORIENTED_EDGE ( 'NONE', *, *, #2079, .T. ) ;
#2211 = CARTESIAN_POINT ( 'NONE',  ( 31.93597263933786223, -3.275329159883964003, 1.999999999999515499 ) ) ;
#2212 = DIRECTION ( 'NONE',  ( 0.000000000000000000, 0.000000000000000000, -1.000000000000000000 ) ) ;
#2213 = DIRECTION ( 'NONE',  ( 0.000000000000000000, 0.000000000000000000, -1.000000000000000000 ) ) ;
#2214 = VECTOR ( 'NONE', #2897, 1000.000000000000114 ) ;
#2215 = CARTESIAN_POINT ( 'NONE',  ( 11.00000000000000178, 3.125000000000000000, 0.000000000000000000 ) ) ;
#2216 = CARTESIAN_POINT ( 'NONE',  ( 50.25000000000000000, -7.996092795859737201, 0.5000000000000004441 ) ) ;
#2217 = VECTOR ( 'NONE', #2774, 1000.000000000000000 ) ;
#2218 = CARTESIAN_POINT ( 'NONE',  ( 32.38788084516741606, -3.374999999999990230, 1.999999999999998224 ) ) ;
#2219 = AXIS2_PLACEMENT_3D ( 'NONE', #977, #3127, #368 ) ;
#2220 = ORIENTED_EDGE ( 'NONE', *, *, #3515, .T. ) ;
#2221 = CARTESIAN_POINT ( 'NONE',  ( 35.13151416771774649, 4.234564233201545846, 0.000000000000000000 ) ) ;
#2222 = CARTESIAN_POINT ( 'NONE',  ( 27.37553095174060047, -0.2162870841540636135, 2.000000000000000000 ) ) ;
#2223 = ADVANCED_FACE ( 'NONE', ( #3544 ), #3527, .T. ) ;
#2224 = CARTESIAN_POINT ( 'NONE',  ( 27.66891117409594258, -1.141998675457920776, 0.000000000000000000 ) ) ;
#2225 = ORIENTED_EDGE ( 'NONE', *, *, #1379, .T. ) ;
#2226 = CARTESIAN_POINT ( 'NONE',  ( 31.89821190527545980, 3.263832425792297709, 1.500000000000000000 ) ) ;
#2227 = CARTESIAN_POINT ( 'NONE',  ( 43.56120902575549536, -1.861795662496653403, 1.999999999999999112 ) ) ;
#2228 = CARTESIAN_POINT ( 'NONE',  ( 31.15195972039036931, 3.048485368770894599, 3.328212929702945022 ) ) ;
#2229 = CARTESIAN_POINT ( 'NONE',  ( 38.55606660066666791, 3.534572535687137584, 0.5000000000000073275 ) ) ;
#2230 = CARTESIAN_POINT ( 'NONE',  ( 50.00000000000000000, 7.500000000000000000, 0.000000000000000000 ) ) ;
#2231 = CARTESIAN_POINT ( 'NONE',  ( 28.97786371826039442, 1.899999999999999911, 6.000000000000000000 ) ) ;
#2232 = CARTESIAN_POINT ( 'NONE',  ( 42.00959816760893517, 2.974950076084299511, 0.000000000000000000 ) ) ;
#2233 = ADVANCED_FACE ( 'NONE', ( #1698 ), #2263, .T. ) ;
#2234 = CARTESIAN_POINT ( 'NONE',  ( 35.04871039338161864, 3.730267258108889816, 0.5000000000000074385 ) ) ;
#2235 = CARTESIAN_POINT ( 'NONE',  ( 42.70092890802403929, 1.964483908551565294, 1.999999999999995559 ) ) ;
#2236 = EDGE_LOOP ( 'NONE', ( #462, #1621, #814, #3959, #3736, #1166, #2439, #1809 ) ) ;
#2237 = CARTESIAN_POINT ( 'NONE',  ( 30.32211237112381497, 3.245835679765102899, 0.000000000000000000 ) ) ;
#2238 = EDGE_CURVE ( 'NONE', #1449, #964, #3234, .T. ) ;
#2239 = CARTESIAN_POINT ( 'NONE',  ( 27.61980935111336422, -1.045541949723912678, 0.000000000000000000 ) ) ;
#2240 = ORIENTED_EDGE ( 'NONE', *, *, #1218, .F. ) ;
#2241 = CARTESIAN_POINT ( 'NONE',  ( 27.87500000000000355, 3.123712369195602135E-12, 0.5000000000000073275 ) ) ;
#2242 = LINE ( 'NONE', #1358, #2845 ) ;
#2243 = CARTESIAN_POINT ( 'NONE',  ( 20.50000000000000000, 4.375000000000000000, 0.000000000000000000 ) ) ;
#2244 = CARTESIAN_POINT ( 'NONE',  ( 27.89905759011345410, -0.2936002618575177525, 0.5000000000000073275 ) ) ;
#2245 = EDGE_CURVE ( 'NONE', #2501, #1589, #3443, .T. ) ;
#2246 = ORIENTED_EDGE ( 'NONE', *, *, #1890, .F. ) ;
#2247 = DIRECTION ( 'NONE',  ( 0.000000000000000000, -1.000000000000000000, 0.000000000000000000 ) ) ;
#2248 = CARTESIAN_POINT ( 'NONE',  ( 41.71681152268067905, 3.117844367866043243, 0.000000000000000000 ) ) ;
#2249 = CARTESIAN_POINT ( 'NONE',  ( 27.40693307878487062, -0.4328422702450898663, -0.000000000000000000 ) ) ;
#2250 = FILL_AREA_STYLE ('',( #451 ) ) ;
#2251 = CARTESIAN_POINT ( 'NONE',  ( 38.53409725631050975, 4.043431075558213905, -0.000000000000000000 ) ) ;
#2252 = LINE ( 'NONE', #2587, #1969 ) ;
#2253 = CARTESIAN_POINT ( 'NONE',  ( 28.33514835441358315, 1.254088983797969403, 0.5000000000000076605 ) ) ;
#2254 = EDGE_CURVE ( 'NONE', #1322, #55, #1107, .T. ) ;
#2255 = DIRECTION ( 'NONE',  ( 1.000000000000000000, 0.000000000000000000, 0.000000000000000000 ) ) ;
#2256 = CARTESIAN_POINT ( 'NONE',  ( 31.23249000301343870, 3.580374197959740989, 0.000000000000000000 ) ) ;
#2257 = CARTESIAN_POINT ( 'NONE',  ( 43.67933481908025328, -0.8283522349749640190, 0.5000000000000076605 ) ) ;
#2258 = CARTESIAN_POINT ( 'NONE',  ( 41.71788785440556069, -3.119420367922737025, 0.000000000000000000 ) ) ;
#2259 = ORIENTED_EDGE ( 'NONE', *, *, #3666, .T. ) ;
#2260 = B_SPLINE_SURFACE_WITH_KNOTS ( 'NONE', 1, 3, ( 
 ( #1696, #2937, #809, #2044, #1396, #1736, #2614, #3864, #2896, #1088, #177, #1435, #2658, #2020, #1717, #2064, #3907, #1049, #3251, #2280, #1414, #1135, #2361, #3605, #2882, #120, #745, #1984, #3207, #1839, #4007, #3003, #2140, #1458, #1520, #3380, #265, #2740, #3948, #2680, #1176, #1539, #1224, #242, #876, #3341, #609, #1500, #3973, #1204, #2423, #381, #707, #3797, #1318, #953, #1920, #666, #2180, #2477, #2773, #2221, #994, #2534, #74, #1027, #1577, #973, #1613, #2555, #2833, #3420, #626, #1556, #646, #1938, #1900, #1857, #2256, #2795, #18, #1874, #3781, #1013, #2237, #1283, #3479, #3725, #1336, #3742, #3162, #3101, #344, #37, #3081, #3143, #362, #2498, #1263, #403, #1634, #2859, #2200, #3440, #96, #3122, #3462, #323, #1595, #2813, #56, #1298, #2515, #3759, #684, #499, #1352, #1084, #114, #3245, #3538, #2572, #723, #457, #1691, #2911, #3840, #2332, #2312, #3557, #3268, #3582, #1065, #156, #424, #1044, #2954, #1410, #2294, #2653, #3819, #2275, #2631, #3202, #803, #3520, #1103, #1655, #440, #779, #741, #173, #759, #1672, #2015, #1959, #1997, #1392, #2877, #3221, #1430, #1980, #133, #3878, #193, #2892, #480, #1372, #2610, #2591, #2039, #3860, #1732, #1712, #2933, #3901, #1131, #3497, #3184, #2541, #1967, #2577, #43, #3824, #1601, #3678, #1212, #2690, #2990, #2642, #840, #2431, #1163, #1828, #2412, #1445, #884, #2391, #2370, #3891, #1423, #900, #185, #3633, #1467, #2729, #1767, #3328, #2053, #3658, #2129, #1120, #1744, #3367, #2669, #862, #564, #3980, #595, #2350, #2094, #3595, #1786, #2072, #229, #253, #2113, #3957, #3304, #3350, #3937, #540, #2966, #3012, #1487, #1187, #581, #2708, #1806, #819, #3283, #513, #3030, #207, #272, #1510 ),
 ( #3915, #1143, #3613, #353, #3090, #616, #918, #1232, #654, #3428, #3750, #2506, #3469, #5, #3409, #46, #1003, #2805, #1847, #3051, #3997, #3069, #3131, #331, #295, #695, #1251, #2446, #312, #981, #1291, #2208, #1865, #1528, #3714, #62, #28, #2747, #3451, #1546, #676, #1273, #2467, #3693, #2151, #1306, #3391, #2486, #1565, #1604, #634, #2188, #2764, #1910, #2229, #940, #2170, #2785, #3734, #961, #1885, #2822, #3112, #1586, #372, #2524, #3768, #2563, #3508, #1987, #142, #1679, #3807, #2599, #3192, #1035, #713, #2265, #3210, #2900, #3849, #1970, #748, #1092, #1700, #390, #2885, #2844, #448, #1072, #2579, #732, #3829, #1380, #2301, #431, #1664, #1945, #1054, #2003, #2867, #1642, #3545, #2283, #467, #124, #768, #1361, #3171, #3528, #3229, #2922, #163, #1398, #2617, #3867, #83, #2320, #3567, #1929, #3151, #1620, #1343, #1326, #2543, #3787, #1020, #2244, #104, #3487, #413, #2663, #2406, #2941, #508, #856, #1181, #181, #2983, #1418, #3911, #2639, #3627, #2068, #2704, #224, #1740, #3298, #3886, #3323, #559, #531, #2385, #248, #2027, #2962, #1782, #3951, #3653, #2365, #3930, #3609, #1115, #792, #1761, #1462, #2685, #836, #1481, #1158, #2089, #879, #2109, #3007, #3255, #2344, #3592, #488, #1721, #813, #2049, #3277, #202, #1440, #116, #481, #3498, #2016, #1337, #1354, #1998, #1656, #1085, #1673, #2573, #3222, #1635, #742, #1713, #1411, #1028, #782, #2632, #459, #3246, #2893, #761, #3820, #97, #1045, #2934, #2611, #805, #2040, #1981, #174, #425, #2861, #3879, #1373, #157, #1105, #3583, #2313, #724, #1692, #441, #1960, #2257, #2556, #2913, #1393, #3558, #3861, #404, #2276, #3203, #2334, #3799, #3186, #2878, #3521, #134, #2592, #3841, #1066 ) ),
 .UNSPECIFIED., .F., .T., .F.,
 ( 2, 2 ),
 ( 4, 2, 2, 2, 2, 2, 2, 2, 2, 2, 2, 2, 2, 2, 2, 2, 2, 2, 2, 2, 2, 2, 2, 2, 2, 2, 2, 2, 2, 2, 2, 2, 2, 2, 2, 2, 2, 2, 2, 2, 2, 2, 2, 2, 2, 2, 2, 2, 2, 2, 2, 2, 2, 2, 2, 2, 2, 2, 2, 2, 2, 2, 2, 2, 2, 2, 2, 2, 2, 2, 2, 2, 2, 2, 2, 2, 2, 2, 2, 2, 2, 2, 2, 2, 2, 2, 2, 2, 2, 2, 2, 2, 2, 2, 2, 2, 2, 2, 2, 2, 2, 2, 2, 2, 2, 2, 2, 2, 2, 2, 2, 2, 2, 2, 2, 2, 2, 2, 2, 2, 2, 2, 4 ),
 ( 0.000000000000000000, 1.000000000000000000 ),
 ( 0.0006029273930631684486, 0.0007648309634683791687, 0.0009267345338735898889, 0.001088638104278800717, 0.001250541674684011329, 0.001412445245089222158, 0.001493397030291827680, 0.001574348815494432986, 0.001736252385899643598, 0.001898155956304854427, 0.002221963097115275867, 0.002545770237925697524, 0.002869577378736118747, 0.003193384519546540404, 0.003840998801167383285, 0.004002902371572594764, 0.004164805941977805376, 0.004326709512383015988, 0.004488613082788226599, 0.004812420223598647823, 0.005136227364409069046, 0.005783841646029912360, 0.006431455927650755675, 0.006755263068461176898, 0.007079070209271598121, 0.007402877350082019345, 0.007726684490892441436, 0.008374298772513284750, 0.009669527335754969644, 0.01096475589899665627, 0.01161237018061750045, 0.01193617732142792168, 0.01225998446223834290, 0.01258379160304876412, 0.01290759874385918535, 0.01355521302548002779, 0.01420282730710087024, 0.01485044158872171442, 0.01549805587034255860, 0.01582186301115297983, 0.01614567015196340105, 0.01646947729277382227, 0.01679328443358424350, 0.01744089871520508594, 0.01776470585601550717, 0.01792660942642071778, 0.01808851299682592839, 0.01841232013763634962, 0.01873612727844677084, 0.01905993441925719206, 0.01938374156006761329, 0.01954564513047282390, 0.01970754870087803451, 0.01978850048608064155, 0.01986945227128324512, 0.02003135584168845573, 0.02035516298249887696, 0.02051706655290408757, 0.02059801833810669114, 0.02067897012330929818, 0.02084087369371450879, 0.02100277726411971940, 0.02132658440493014410, 0.02165039154574056879, 0.02181229511614577940, 0.02197419868655099001, 0.02213610225695620062, 0.02221705404215880419, 0.02229800582736141124, 0.02262181296817183246, 0.02278371653857704307, 0.02294562010898225368, 0.02310752367938746429, 0.02326942724979267491, 0.02359323439060309613, 0.02391704153141351735, 0.02424084867222393858, 0.02456465581303435980, 0.02488846295384478102, 0.02521227009465520225, 0.02585988437627604469, 0.02618369151708646592, 0.02650749865789688714, 0.02683130579870730836, 0.02699320936911251897, 0.02715511293951772959, 0.02780272722113857203, 0.02845034150275941448, 0.02909795578438026040, 0.03039318434762194876, 0.03104079862924279121, 0.03168841291086363365, 0.03233602719248447610, 0.03298364147410531855, 0.03427887003734700344, 0.03492648431896784589, 0.03557409860058868833, 0.03622171288220953078, 0.03654552002301995201, 0.03686932716383037323, 0.03719313430464079445, 0.03751694144545121568, 0.03816455572707205812, 0.03881217000869290057, 0.03913597714950332179, 0.03929788071990852893, 0.03945978429031374302, 0.03962168786071895710, 0.03978359143112416424, 0.04010739857193458546, 0.04026930214233979954, 0.04043120571274500669, 0.04059310928315021383, 0.04075501285355542791, 0.04107881999436584913, 0.04124072356477105628, 0.04132167534997366332, 0.04140262713517627036, 0.04148357892037887740, 0.04156453070558148444, 0.04172643427598669852, 0.04188833784639191260, 0.04205024141679711974 ),
 .UNSPECIFIED. ) ;
#2261 = FACE_OUTER_BOUND ( 'NONE', #78, .T. ) ;
#2262 = CARTESIAN_POINT ( 'NONE',  ( 21.00000000000000355, -3.374999999999997335, -28.50614692156320018 ) ) ;
#2263 = CYLINDRICAL_SURFACE ( 'NONE', #205, 2.000000000000000000 ) ;
#2264 = CARTESIAN_POINT ( 'NONE',  ( 43.58302226580235583, -1.830196657661235182, -0.000000000000000000 ) ) ;
#2265 = CARTESIAN_POINT ( 'NONE',  ( 31.48205391988294366, 3.134519889911524526, 0.5000000000000073275 ) ) ;
#2266 = EDGE_CURVE ( 'NONE', #2321, #298, #3170, .T. ) ;
#2267 = ORIENTED_EDGE ( 'NONE', *, *, #693, .F. ) ;
#2268 = CARTESIAN_POINT ( 'NONE',  ( 32.35487425810900675, -3.879997252988826695, 2.000000000000000000 ) ) ;
#2269 = LINE ( 'NONE', #2926, #3036 ) ;
#2270 = AXIS2_PLACEMENT_3D ( 'NONE', #2102, #2717, #3019 ) ;
#2271 = CARTESIAN_POINT ( 'NONE',  ( 39.16619948945015039, 3.928728786937568440, -0.000000000000000000 ) ) ;
#2272 = VECTOR ( 'NONE', #1089, 1000.000000000000000 ) ;
#2273 = VECTOR ( 'NONE', #266, 1000.000000000000000 ) ;
#2274 = CARTESIAN_POINT ( 'NONE',  ( 42.49176881547063545, 2.114826385434919853, 2.000000000001043610 ) ) ;
#2275 = CARTESIAN_POINT ( 'NONE',  ( 27.83811163225840701, -1.418972291482575754, 0.000000000000000000 ) ) ;
#2276 = CARTESIAN_POINT ( 'NONE',  ( 43.80872410475446088, -0.4821620867007541111, 0.5000000000000073275 ) ) ;
#2277 = CARTESIAN_POINT ( 'NONE',  ( 36.73540205746912335, -4.230194017024208719, 0.000000000000000000 ) ) ;
#2278 = AXIS2_PLACEMENT_3D ( 'NONE', #2779, #1160, #3364 ) ;
#2279 = ORIENTED_EDGE ( 'NONE', *, *, #2287, .F. ) ;
#2280 = CARTESIAN_POINT ( 'NONE',  ( 43.97069292407927321, 1.331919899778392979, 0.000000000000000000 ) ) ;
#2281 = CARTESIAN_POINT ( 'NONE',  ( 21.00000000000000000, 3.375000000000000000, -28.50614692156320018 ) ) ;
#2282 = CARTESIAN_POINT ( 'NONE',  ( 40.78954723761378887, 3.375000000000000888, 1.999999999999992228 ) ) ;
#2283 = CARTESIAN_POINT ( 'NONE',  ( 28.36339711724183843, 1.290774242823545803, 0.5000000000000073275 ) ) ;
#2284 = EDGE_LOOP ( 'NONE', ( #3401, #2306, #2807, #1154 ) ) ;
#2285 = LINE ( 'NONE', #3489, #992 ) ;
#2286 = CARTESIAN_POINT ( 'NONE',  ( 27.56600198678093960, -0.9214666380010259061, 0.000000000000000000 ) ) ;
#2287 = EDGE_CURVE ( 'NONE', #1208, #2407, #3193, .T. ) ;
#2288 = CARTESIAN_POINT ( 'NONE',  ( 44.08017841122433822, -1.140540633683585714, 0.000000000000000000 ) ) ;
#2289 = CARTESIAN_POINT ( 'NONE',  ( 40.94882559548530310, 3.433120590911339587, 0.000000000000000000 ) ) ;
#2290 = DIRECTION ( 'NONE',  ( -0.000000000000000000, 0.7071067811865474617, 0.7071067811865474617 ) ) ;
#2291 = LINE ( 'NONE', #1080, #1266 ) ;
#2292 = CARTESIAN_POINT ( 'NONE',  ( 27.92438156608309541, -0.4181003730872800417, 0.5000000000000073275 ) ) ;
#2293 = CARTESIAN_POINT ( 'NONE',  ( 41.82595597487945582, 2.530027870108588317, 1.999999999997912337 ) ) ;
#2294 = CARTESIAN_POINT ( 'NONE',  ( 27.66891117409594258, -1.141998675457920776, 0.000000000000000000 ) ) ;
#2295 = CARTESIAN_POINT ( 'NONE',  ( 44.37500000000001421, 2.105723906874190643E-15, 0.000000000000000000 ) ) ;
#2296 = CARTESIAN_POINT ( 'NONE',  ( 39.26991335320962406, -3.908672558644067152, 0.000000000000000000 ) ) ;
#2297 = ORIENTED_EDGE ( 'NONE', *, *, #668, .F. ) ;
#2298 = DIRECTION ( 'NONE',  ( 1.000000000000000000, 0.000000000000000000, 0.000000000000000000 ) ) ;
#2299 = DIRECTION ( 'NONE',  ( 1.000000000000000000, 0.000000000000000000, 0.000000000000000000 ) ) ;
#2300 = DIRECTION ( 'NONE',  ( 1.000000000000000000, 0.000000000000000000, 0.000000000000000000 ) ) ;
#2301 = CARTESIAN_POINT ( 'NONE',  ( 29.19540499544982026, 2.064869079510875505, 0.5000000000000074385 ) ) ;
#2302 = CARTESIAN_POINT ( 'NONE',  ( 32.44927005873859827, -4.668874172185430105, 6.000000000000000000 ) ) ;
#2303 = CARTESIAN_POINT ( 'NONE',  ( 27.88591649947484896, -0.2245184922469083133, 2.000000000000000000 ) ) ;
#2304 = CARTESIAN_POINT ( 'NONE',  ( 32.38788084516746579, 3.375000000000000444, 1.500000000000000000 ) ) ;
#2305 = CARTESIAN_POINT ( 'NONE',  ( 44.05428303192822170, -1.188200259996879504, -0.000000000000000000 ) ) ;
#2306 = ORIENTED_EDGE ( 'NONE', *, *, #637, .F. ) ;
#2307 = CARTESIAN_POINT ( 'NONE',  ( 40.97578496709570572, 3.423280444635323327, -0.000000000000000000 ) ) ;
#2308 = CARTESIAN_POINT ( 'NONE',  ( 28.80621690013100533, -2.419933649087363303, 1.999999999999999556 ) ) ;
#2309 = DIRECTION ( 'NONE',  ( -0.000000000000000000, 1.000000000000000000, 0.000000000000000000 ) ) ;
#2310 = EDGE_CURVE ( 'NONE', #2004, #901, #3169, .T. ) ;
#2311 = CARTESIAN_POINT ( 'NONE',  ( 32.38788084516745869, 3.374999999999999112, 1.999999999999999556 ) ) ;
#2312 = CARTESIAN_POINT ( 'NONE',  ( 27.41532064041212635, -0.4292542411316137008, 0.000000000000000000 ) ) ;
#2313 = CARTESIAN_POINT ( 'NONE',  ( 43.47217635708361172, -1.175624958137810427, 0.5000000000000072164 ) ) ;
#2314 = CARTESIAN_POINT ( 'NONE',  ( 41.12205164586561779, -3.368996798273576232, 0.000000000000000000 ) ) ;
#2315 = ORIENTED_EDGE ( 'NONE', *, *, #1485, .T. ) ;
#2316 = DIRECTION ( 'NONE',  ( -0.000000000000000000, -0.000000000000000000, 1.000000000000000000 ) ) ;
#2317 = CARTESIAN_POINT ( 'NONE',  ( 48.75000000000000000, -8.000000000000000000, 5.500000000000000000 ) ) ;
#2318 = CARTESIAN_POINT ( 'NONE',  ( 21.00000000000000000, 3.508974596215562070, 6.000000000000000000 ) ) ;
#2319 = CARTESIAN_POINT ( 'NONE',  ( 42.29074664141059969, 2.822669228063690028, 0.000000000000000000 ) ) ;
#2320 = CARTESIAN_POINT ( 'NONE',  ( 27.96024772347906762, 0.5463907242903506267, 0.5000000000000073275 ) ) ;
#2321 = VERTEX_POINT ( 'NONE', #3883 ) ;
#2322 = CARTESIAN_POINT ( 'NONE',  ( 27.91563843832094349, 0.4362708201192503910, 1.500000000000000000 ) ) ;
#2323 = CARTESIAN_POINT ( 'NONE',  ( 30.79998241047854890, -3.432687718997980753, 0.000000000000000000 ) ) ;
#2324 = ORIENTED_EDGE ( 'NONE', *, *, #3986, .F. ) ;
#2325 = CARTESIAN_POINT ( 'NONE',  ( 30.85097071874268337, 3.451088798464866159, 0.000000000000000000 ) ) ;
#2326 = CARTESIAN_POINT ( 'NONE',  ( 27.87499999990357580, 1.694185902421818572E-14, 0.5000000000000073275 ) ) ;
#2327 = CARTESIAN_POINT ( 'NONE',  ( 42.77213628173961979, 1.899999999999998135, 1.999999999999991340 ) ) ;
#2328 = AXIS2_PLACEMENT_3D ( 'NONE', #329, #2186, #351 ) ;
#2329 = CARTESIAN_POINT ( 'NONE',  ( 28.00322510864562986, 0.6700031866639480915, 0.5000000000000076605 ) ) ;
#2330 = CARTESIAN_POINT ( 'NONE',  ( 43.43316864237919361, -1.995686465491139483, 2.000000000000000000 ) ) ;
#2331 = VECTOR ( 'NONE', #3471, 1000.000000000000000 ) ;
#2332 = CARTESIAN_POINT ( 'NONE',  ( 27.40579968644720665, -0.3762667301998974811, 0.000000000000000000 ) ) ;
#2333 = EDGE_CURVE ( 'NONE', #3363, #100, #1780, .T. ) ;
#2334 = CARTESIAN_POINT ( 'NONE',  ( 43.82495492131531023, -0.4193225746648943653, 0.5000000000000073275 ) ) ;
#2335 = CARTESIAN_POINT ( 'NONE',  ( 39.89278364234510121, -3.761984524266068775, 0.000000000000000000 ) ) ;
#2336 = VECTOR ( 'NONE', #170, 1000.000000000000000 ) ;
#2337 = EDGE_CURVE ( 'NONE', #277, #1208, #527, .T. ) ;
#2338 = EDGE_LOOP ( 'NONE', ( #1491, #1555, #3053, #1317 ) ) ;
#2339 = DIRECTION ( 'NONE',  ( 0.000000000000000000, -0.7071067811865475727, 0.7071067811865475727 ) ) ;
#2340 = DIRECTION ( 'NONE',  ( -0.000000000000000000, -0.000000000000000000, -1.000000000000000000 ) ) ;
#2341 = CARTESIAN_POINT ( 'NONE',  ( 28.97786371826039442, 1.899999999999999911, 3.999999999999989786 ) ) ;
#2342 = VECTOR ( 'NONE', #623, 1000.000000000000000 ) ;
#2343 = PLANE ( 'NONE',  #2518 ) ;
#2344 = CARTESIAN_POINT ( 'NONE',  ( 32.98692317857368295, -3.498619922312238728, 0.5000000000000073275 ) ) ;
#2345 = VECTOR ( 'NONE', #327, 1000.000000000000000 ) ;
#2346 = ORIENTED_EDGE ( 'NONE', *, *, #288, .T. ) ;
#2347 = CARTESIAN_POINT ( 'NONE',  ( 29.04907109197982251, -1.964483908552291158, 2.000000000000002220 ) ) ;
#2348 = AXIS2_PLACEMENT_3D ( 'NONE', #3039, #1517, #3902 ) ;
#2349 = CARTESIAN_POINT ( 'NONE',  ( 32.31902001705247329, -3.872754563558406637, -0.000000000000000000 ) ) ;
#2350 = CARTESIAN_POINT ( 'NONE',  ( 43.68012602097041963, -1.721423250475673017, 0.000000000000000000 ) ) ;
#2351 = ORIENTED_EDGE ( 'NONE', *, *, #2461, .T. ) ;
#2352 = CARTESIAN_POINT ( 'NONE',  ( 30.56787327084346728, 3.346204996636224394, -0.000000000000000000 ) ) ;
#2353 = DIRECTION ( 'NONE',  ( 1.000000000000000000, -1.734723475976805615E-16, -0.000000000000000000 ) ) ;
#2354 = DIRECTION ( 'NONE',  ( 0.000000000000000000, -1.000000000000000000, 0.000000000000000000 ) ) ;
#2355 = CARTESIAN_POINT ( 'NONE',  ( 40.65240252597478587, -3.008462905123733933, 0.5000000000000074385 ) ) ;
#2356 = DIRECTION ( 'NONE',  ( 6.122553444624024981E-16, -1.000000000000000000, 0.000000000000000000 ) ) ;
#2357 = EDGE_CURVE ( 'NONE', #380, #514, #1437, .T. ) ;
#2358 = CARTESIAN_POINT ( 'NONE',  ( 52.75000000000000711, 3.375000000000000000, 2.000000000000000000 ) ) ;
#2359 = CARTESIAN_POINT ( 'NONE',  ( 39.97202329184938918, 3.221362900540293506, 0.5000000000000074385 ) ) ;
#2360 = VERTEX_POINT ( 'NONE', #2318 ) ;
#2361 = CARTESIAN_POINT ( 'NONE',  ( 43.71604957160055704, 1.680675554840033392, 0.000000000000000000 ) ) ;
#2362 = DIRECTION ( 'NONE',  ( 1.000000000000000000, 0.000000000000000000, 0.000000000000000000 ) ) ;
#2363 = CARTESIAN_POINT ( 'NONE',  ( -4.750000000000000000, 0.000000000000000000, 6.000000000000000000 ) ) ;
#2364 = CARTESIAN_POINT ( 'NONE',  ( 43.34159398883386416, 2.072223007934584693, 0.000000000000000000 ) ) ;
#2365 = CARTESIAN_POINT ( 'NONE',  ( 30.05785476521897692, -2.577379687752851201, 0.5000000000000074385 ) ) ;
#2366 = ORIENTED_EDGE ( 'NONE', *, *, #3666, .F. ) ;
#2367 = CARTESIAN_POINT ( 'NONE',  ( 28.66446229844581239, 1.635114636965184998, 1.500000000000000000 ) ) ;
#2368 = EDGE_CURVE ( 'NONE', #3033, #63, #3564, .T. ) ;
#2369 = CARTESIAN_POINT ( 'NONE',  ( 28.42150950209683202, -2.083205932250118853, -0.000000000000000000 ) ) ;
#2370 = CARTESIAN_POINT ( 'NONE',  ( 40.81709474004563987, -3.480587874729482945, 0.000000000000000000 ) ) ;
#2371 = ORIENTED_EDGE ( 'NONE', *, *, #2920, .T. ) ;
#2372 = CARTESIAN_POINT ( 'NONE',  ( 29.23949768222904666, 2.692764096191970769, -0.000000000000000000 ) ) ;
#2373 = DIRECTION ( 'NONE',  ( 1.000000000000000000, 0.000000000000000000, 0.000000000000000000 ) ) ;
#2374 = ORIENTED_EDGE ( 'NONE', *, *, #2101, .F. ) ;
#2375 = FACE_OUTER_BOUND ( 'NONE', #3340, .T. ) ;
#2376 = CARTESIAN_POINT ( 'NONE',  ( 39.36211915483254131, 3.375000000000000000, 3.099584923580558371 ) ) ;
#2377 = CARTESIAN_POINT ( 'NONE',  ( 36.71082640430812205, -3.730760533956457348, 0.5000000000000073275 ) ) ;
#2378 = DIRECTION ( 'NONE',  ( 0.000000000000000000, 0.000000000000000000, -1.000000000000000000 ) ) ;
#2379 = CARTESIAN_POINT ( 'NONE',  ( 23.00000000000000355, 7.934750121534543510, -0.09318648387060574079 ) ) ;
#2380 = CARTESIAN_POINT ( 'NONE',  ( 39.46971170357711145, 3.350529624893351155, 0.5000000000000073275 ) ) ;
#2381 = ORIENTED_EDGE ( 'NONE', *, *, #3642, .F. ) ;
#2382 = LINE ( 'NONE', #2001, #1509 ) ;
#2383 = CARTESIAN_POINT ( 'NONE',  ( 46.25000000000000000, 3.375000000000000000, 1.999999999999998224 ) ) ;
#2384 = CARTESIAN_POINT ( 'NONE',  ( 28.48563429899175503, 2.141433388903611235, 0.000000000000000000 ) ) ;
#2385 = CARTESIAN_POINT ( 'NONE',  ( 29.04095801581501846, -1.950678704605093516, 0.5000000000000074385 ) ) ;
#2386 = VERTEX_POINT ( 'NONE', #2383 ) ;
#2387 = CARTESIAN_POINT ( 'NONE',  ( 24.00000000000000355, 1.899999999999999689, 4.132391042439891748 ) ) ;
#2388 = CARTESIAN_POINT ( 'NONE',  ( 28.04056597700395059, -0.7666996409607697016, 1.500000000000000000 ) ) ;
#2389 = EDGE_CURVE ( 'NONE', #63, #401, #789, .T. ) ;
#2390 = CARTESIAN_POINT ( 'NONE',  ( 31.38700293245901562, -3.627846510212350051, -0.000000000000000000 ) ) ;
#2391 = CARTESIAN_POINT ( 'NONE',  ( 40.71503759643366038, -3.515609115080515323, 0.000000000000000000 ) ) ;
#2392 = EDGE_LOOP ( 'NONE', ( #2743, #3686, #3359, #3293, #3947, #2991 ) ) ;
#2393 = CARTESIAN_POINT ( 'NONE',  ( 28.85669530120340198, 2.438251909025831221, -0.000000000000000000 ) ) ;
#2394 = CARTESIAN_POINT ( 'NONE',  ( 0.000000000000000000, -8.000000000000000000, 5.500000000000000000 ) ) ;
#2395 = EDGE_LOOP ( 'NONE', ( #1097, #366, #203, #1849 ) ) ;
#2396 = CARTESIAN_POINT ( 'NONE',  ( 27.87499999990357580, 1.694185902421818572E-14, 0.5000000000000073275 ) ) ;
#2397 = DIRECTION ( 'NONE',  ( 1.000000000000000000, 0.000000000000000000, 0.000000000000000000 ) ) ;
#2398 = CARTESIAN_POINT ( 'NONE',  ( 42.89359387589811234, -1.799977704604196038, 0.5000000000000073275 ) ) ;
#2399 = FACE_OUTER_BOUND ( 'NONE', #2284, .T. ) ;
#2400 = CARTESIAN_POINT ( 'NONE',  ( 32.27910050915374285, 3.375000000000000888, 1.656030929747983382 ) ) ;
#2401 = CARTESIAN_POINT ( 'NONE',  ( 42.34435113214451718, 2.206247264916196382, 0.5000000000000073275 ) ) ;
#2402 = ORIENTED_EDGE ( 'NONE', *, *, #808, .F. ) ;
#2403 = CARTESIAN_POINT ( 'NONE',  ( 24.00000000000000355, 2.899999999999999911, 6.000000000000000000 ) ) ;
#2404 = VECTOR ( 'NONE', #2847, 1000.000000000000000 ) ;
#2405 = CARTESIAN_POINT ( 'NONE',  ( 27.93647515077926968, 1.555960286297282336, 0.000000000000000000 ) ) ;
#2406 = CARTESIAN_POINT ( 'NONE',  ( 27.97182659460942489, -0.5831684743669131032, 0.5000000000000076605 ) ) ;
#2407 = VERTEX_POINT ( 'NONE', #179 ) ;
#2408 = CARTESIAN_POINT ( 'NONE',  ( 0.000000000000000000, 0.000000000000000000, 6.000000000000000000 ) ) ;
#2409 = CARTESIAN_POINT ( 'NONE',  ( 0.000000000000000000, 0.000000000000000000, 0.000000000000000000 ) ) ;
#2410 = CARTESIAN_POINT ( 'NONE',  ( 29.07921999131607294, -2.590062047716141347, 0.000000000000000000 ) ) ;
#2411 = AXIS2_PLACEMENT_3D ( 'NONE', #1229, #3386, #914 ) ;
#2412 = CARTESIAN_POINT ( 'NONE',  ( 40.09932673494587618, -3.706429124760991289, 0.000000000000000000 ) ) ;
#2413 = ORIENTED_EDGE ( 'NONE', *, *, #730, .F. ) ;
#2414 = CARTESIAN_POINT ( 'NONE',  ( 28.23026148891623421, 1.897731283922119871, -0.000000000000000000 ) ) ;
#2415 = DIRECTION ( 'NONE',  ( -1.000000000000000000, -0.000000000000000000, 4.287058075017618066E-16 ) ) ;
#2416 = VECTOR ( 'NONE', #3669, 1000.000000000000114 ) ;
#2417 = LINE ( 'NONE', #1100, #2860 ) ;
#2418 = CARTESIAN_POINT ( 'NONE',  ( 30.80226267873031887, -2.900300050744823555, 0.5000000000000073275 ) ) ;
#2419 = CARTESIAN_POINT ( 'NONE',  ( 43.97758732924543068, -1.340489987814590167, 2.000000000000000000 ) ) ;
#2420 = CARTESIAN_POINT ( 'NONE',  ( 6.000000000000000888, 5.875000000000000000, 0.000000000000000000 ) ) ;
#2421 = CARTESIAN_POINT ( 'NONE',  ( 42.04392541728275745, 2.387821118983172841, 0.5000000000000074385 ) ) ;
#2422 = ORIENTED_EDGE ( 'NONE', *, *, #1940, .F. ) ;
#2423 = CARTESIAN_POINT ( 'NONE',  ( 39.47954671184163544, 3.861484529724322545, 0.000000000000000000 ) ) ;
#2424 = CARTESIAN_POINT ( 'NONE',  ( 6.000000000000000888, 0.000000000000000000, 0.000000000000000000 ) ) ;
#2425 = CARTESIAN_POINT ( 'NONE',  ( 34.38066824532266708, 4.186266306095501655, 0.000000000000000000 ) ) ;
#2426 = ORIENTED_EDGE ( 'NONE', *, *, #1153, .F. ) ;
#2427 = CARTESIAN_POINT ( 'NONE',  ( 32.27695075081519605, -3.374999999999990674, 1.657532381114925624 ) ) ;
#2428 = CARTESIAN_POINT ( 'NONE',  ( 42.59597387675122349, 2.653119817829517224, 1.999999999999999556 ) ) ;
#2429 = CARTESIAN_POINT ( 'NONE',  ( 40.25441982995518941, -3.660189374115436323, -0.000000000000000000 ) ) ;
#2430 = ADVANCED_FACE ( 'NONE', ( #2024, #3625, #1156 ), #3320, .T. ) ;
#2431 = CARTESIAN_POINT ( 'NONE',  ( 39.26991335320962406, -3.908672558644067152, 0.000000000000000000 ) ) ;
#2432 = ORIENTED_EDGE ( 'NONE', *, *, #550, .F. ) ;
#2433 = ORIENTED_EDGE ( 'NONE', *, *, #3808, .T. ) ;
#2434 = FACE_OUTER_BOUND ( 'NONE', #3689, .T. ) ;
#2435 = CARTESIAN_POINT ( 'NONE',  ( 37.94927089451250879, -3.627321667788892423, 0.5000000000000076605 ) ) ;
#2436 = CARTESIAN_POINT ( 'NONE',  ( 44.33425631196303840, 0.4315259188046716710, 0.000000000000000000 ) ) ;
#2437 = CARTESIAN_POINT ( 'NONE',  ( 30.64525505182138332, 3.375000000000000000, 1.999999999999998224 ) ) ;
#2438 = CARTESIAN_POINT ( 'NONE',  ( 43.86271129812540437, 0.2120005103595757612, 0.5000000000000074385 ) ) ;
#2439 = ORIENTED_EDGE ( 'NONE', *, *, #1821, .F. ) ;
#2440 = LINE ( 'NONE', #2162, #2217 ) ;
#2441 = CARTESIAN_POINT ( 'NONE',  ( 39.89864720446314550, 3.759155423395482920, 0.000000000000000000 ) ) ;
#2442 = ORIENTED_EDGE ( 'NONE', *, *, #579, .F. ) ;
#2443 = LINE ( 'NONE', #1560, #1834 ) ;
#2444 = CARTESIAN_POINT ( 'NONE',  ( 31.26231756800607897, 3.604537888217058672, 2.000000000000000000 ) ) ;
#2445 = CARTESIAN_POINT ( 'NONE',  ( 40.41023466633272676, -3.613921922581472490, 0.000000000000000000 ) ) ;
#2446 = CARTESIAN_POINT ( 'NONE',  ( 42.70988672374723194, 1.953982671171456964, 0.5000000000000074385 ) ) ;
#2447 = ORIENTED_EDGE ( 'NONE', *, *, #2368, .F. ) ;
#2448 = CARTESIAN_POINT ( 'NONE',  ( 58.00000000000000000, 0.000000000000000000, 0.5000000000000004441 ) ) ;
#2449 = VERTEX_POINT ( 'NONE', #486 ) ;
#2450 = DIRECTION ( 'NONE',  ( 1.000000000000000000, 0.000000000000000000, 0.000000000000000000 ) ) ;
#2451 = CARTESIAN_POINT ( 'NONE',  ( 43.38907678392973821, -1.287616020717087251, 0.5000000000000073275 ) ) ;
#2452 = CARTESIAN_POINT ( 'NONE',  ( 44.31138142143887393, 0.5371438397231479422, -0.000000000000000000 ) ) ;
#2453 = EDGE_CURVE ( 'NONE', #964, #2823, #2637, .T. ) ;
#2454 = CARTESIAN_POINT ( 'NONE',  ( 50.00000000000000000, 0.000000000000000000, 5.500000000000000000 ) ) ;
#2455 = CARTESIAN_POINT ( 'NONE',  ( 35.46463413080075355, 3.746338977047703800, 0.5000000000000076605 ) ) ;
#2456 = VERTEX_POINT ( 'NONE', #2980 ) ;
#2457 = VECTOR ( 'NONE', #9, 1000.000000000000000 ) ;
#2458 = FACE_OUTER_BOUND ( 'NONE', #1016, .T. ) ;
#2459 = CARTESIAN_POINT ( 'NONE',  ( 28.07206435985990822, 1.723967263643583880, 0.000000000000000000 ) ) ;
#2460 = CIRCLE ( 'NONE', #3570, 8.000000000000000000 ) ;
#2461 = EDGE_CURVE ( 'NONE', #1208, #1963, #2661, .T. ) ;
#2462 = ORIENTED_EDGE ( 'NONE', *, *, #107, .F. ) ;
#2463 = CARTESIAN_POINT ( 'NONE',  ( 43.87500000000000711, 1.469576158976824736E-15, 1.500000000000000000 ) ) ;
#2464 = CARTESIAN_POINT ( 'NONE',  ( 28.74487818405953377, 2.362539091082857645, 2.000000000000000000 ) ) ;
#2465 = CONICAL_SURFACE ( 'NONE', #3645, 8.000000000000000000, 0.7853981633974482790 ) ;
#2466 = CARTESIAN_POINT ( 'NONE',  ( 39.16689022050694291, -3.928896686092335333, -0.000000000000000000 ) ) ;
#2467 = CARTESIAN_POINT ( 'NONE',  ( 40.94653685966292045, 2.902399992226605274, 0.5000000000000074385 ) ) ;
#2468 = EDGE_LOOP ( 'NONE', ( #226, #3194, #1941, #2694 ) ) ;
#2469 = ORIENTED_EDGE ( 'NONE', *, *, #439, .T. ) ;
#2470 = LINE ( 'NONE', #2808, #855 ) ;
#2471 = CARTESIAN_POINT ( 'NONE',  ( 50.00000000000000000, 0.000000000000000000, 0.000000000000000000 ) ) ;
#2472 = CARTESIAN_POINT ( 'NONE',  ( 43.86120439475075727, -0.2522115802031418275, 1.500000000000000222 ) ) ;
#2473 = CARTESIAN_POINT ( 'NONE',  ( 11.00000000000000178, 5.875000000000000000, 6.000000000000000000 ) ) ;
#2474 = CARTESIAN_POINT ( 'NONE',  ( 31.97616805005266372, 3.276222587946111542, 0.5000000000000073275 ) ) ;
#2475 = VECTOR ( 'NONE', #3338, 1000.000000000000000 ) ;
#2476 = ORIENTED_EDGE ( 'NONE', *, *, #3027, .T. ) ;
#2477 = CARTESIAN_POINT ( 'NONE',  ( 35.66637833288748283, 4.250057614518755855, 0.000000000000000000 ) ) ;
#2478 = CARTESIAN_POINT ( 'NONE',  ( 52.75000000000000711, 0.000000000000000000, 0.000000000000000000 ) ) ;
#2479 = CARTESIAN_POINT ( 'NONE',  ( 27.48103140120777965, -0.6908149418155595800, 0.000000000000000000 ) ) ;
#2480 = ADVANCED_FACE ( 'NONE', ( #811 ), #3909, .F. ) ;
#2481 = VERTEX_POINT ( 'NONE', #162 ) ;
#2482 = CARTESIAN_POINT ( 'NONE',  ( 27.87500000000000355, 3.123712369195602135E-12, 2.000000000000000444 ) ) ;
#2483 = FACE_OUTER_BOUND ( 'NONE', #589, .T. ) ;
#2484 = DIRECTION ( 'NONE',  ( -0.000000000000000000, -0.000000000000000000, 1.000000000000000000 ) ) ;
#2485 = CARTESIAN_POINT ( 'NONE',  ( 42.56746723905823870, -2.656796444949198310, -0.000000000000000000 ) ) ;
#2486 = CARTESIAN_POINT ( 'NONE',  ( 39.77219791416253258, 3.275390806886551154, 0.5000000000000073275 ) ) ;
#2487 = EDGE_CURVE ( 'NONE', #3788, #2407, #1719, .T. ) ;
#2488 = ORIENTED_EDGE ( 'NONE', *, *, #3961, .F. ) ;
#2489 = ORIENTED_EDGE ( 'NONE', *, *, #1650, .T. ) ;
#2490 = EDGE_CURVE ( 'NONE', #1816, #380, #557, .T. ) ;
#2491 = CARTESIAN_POINT ( 'NONE',  ( -7.500000000000000000, 0.000000000000000000, 6.000000000000000000 ) ) ;
#2492 = FACE_OUTER_BOUND ( 'NONE', #30, .T. ) ;
#2493 = CARTESIAN_POINT ( 'NONE',  ( 50.75000000000000000, -3.508974596215538977, 2.000000000000000000 ) ) ;
#2494 = CARTESIAN_POINT ( 'NONE',  ( 39.36211915483259105, -3.374999999999988898, 1.500000000000000000 ) ) ;
#2495 = CARTESIAN_POINT ( 'NONE',  ( 28.96244611780785050, 1.888970059324313944, 0.5000000000000074385 ) ) ;
#2496 = EDGE_CURVE ( 'NONE', #3617, #1395, #3140, .T. ) ;
#2497 = ORIENTED_EDGE ( 'NONE', *, *, #982, .F. ) ;
#2498 = CARTESIAN_POINT ( 'NONE',  ( 28.48563429899175503, 2.141433388903611235, 0.000000000000000000 ) ) ;
#2499 = CARTESIAN_POINT ( 'NONE',  ( 0.000000000000000000, -8.000000000000000000, 6.000000000000000000 ) ) ;
#2500 = CARTESIAN_POINT ( 'NONE',  ( 30.02929845707706846, -3.118100094867078287, 0.000000000000000000 ) ) ;
#2501 = VERTEX_POINT ( 'NONE', #1738 ) ;
#2502 = CARTESIAN_POINT ( 'NONE',  ( 27.87499999998000533, -7.499999999999999112, 2.000000000000000444 ) ) ;
#2503 = DIRECTION ( 'NONE',  ( 0.000000000000000000, -1.000000000000000000, 0.000000000000000000 ) ) ;
#2504 = DIRECTION ( 'NONE',  ( 1.000000000000000000, 0.000000000000000000, 0.000000000000000000 ) ) ;
#2505 = CARTESIAN_POINT ( 'NONE',  ( 34.16089087491164378, -4.165825501594324187, -0.000000000000000000 ) ) ;
#2506 = CARTESIAN_POINT ( 'NONE',  ( 43.75497804450907324, 0.6474718679365297769, 0.5000000000000073275 ) ) ;
#2507 = ORIENTED_EDGE ( 'NONE', *, *, #1554, .T. ) ;
#2508 = EDGE_CURVE ( 'NONE', #3478, #3697, #834, .T. ) ;
#2509 = PLANE ( 'NONE',  #201 ) ;
#2510 = CARTESIAN_POINT ( 'NONE',  ( 43.82495492131531023, -0.4193225746648943653, 0.5000000000000073275 ) ) ;
#2511 = EDGE_CURVE ( 'NONE', #3788, #3931, #2987, .T. ) ;
#2512 = CARTESIAN_POINT ( 'NONE',  ( 39.85178809472467520, -3.263832425792638769, 1.499999999999999778 ) ) ;
#2513 = CARTESIAN_POINT ( 'NONE',  ( 39.47089949084634242, -3.374999999999986677, 1.656030929747985825 ) ) ;
#2514 = ORIENTED_EDGE ( 'NONE', *, *, #760, .F. ) ;
#2515 = CARTESIAN_POINT ( 'NONE',  ( 27.62189338085585177, 1.049806591217921747, 0.000000000000000000 ) ) ;
#2516 = DIRECTION ( 'NONE',  ( 1.000000000000000000, 6.122553444624024981E-16, 0.000000000000000000 ) ) ;
#2517 = CARTESIAN_POINT ( 'NONE',  ( 31.18200155870264112, -3.563800821122200979, 0.000000000000000000 ) ) ;
#2518 = AXIS2_PLACEMENT_3D ( 'NONE', #1091, #2662, #3254 ) ;
#2519 = ORIENTED_EDGE ( 'NONE', *, *, #3896, .T. ) ;
#2520 = CARTESIAN_POINT ( 'NONE',  ( 29.37625191833870630, 2.192973030684173708, 1.499999999999999778 ) ) ;
#2521 = CARTESIAN_POINT ( 'NONE',  ( 50.92163446655018078, -3.429355145505170732, 1.180653913983728875 ) ) ;
#2522 = DIRECTION ( 'NONE',  ( 1.000000000000000000, 0.000000000000000000, 0.000000000000000000 ) ) ;
#2523 = AXIS2_PLACEMENT_3D ( 'NONE', #2713, #44, #3663 ) ;
#2524 = CARTESIAN_POINT ( 'NONE',  ( 34.52799783530183220, 3.696792074292395203, 0.5000000000000073275 ) ) ;
#2525 = VECTOR ( 'NONE', #2728, 1000.000000000000000 ) ;
#2526 = EDGE_LOOP ( 'NONE', ( #3916, #2722, #1228, #1659 ) ) ;
#2527 = LINE ( 'NONE', #64, #2331 ) ;
#2528 = DIRECTION ( 'NONE',  ( -0.000000000000000000, -0.000000000000000000, 1.000000000000000000 ) ) ;
#2529 = VECTOR ( 'NONE', #3687, 1000.000000000000000 ) ;
#2530 = CARTESIAN_POINT ( 'NONE',  ( 43.86117767571403192, 0.2528085799317719151, 1.500000000000000000 ) ) ;
#2531 = CARTESIAN_POINT ( 'NONE',  ( 41.86814073081801979, 3.046339224523141098, -0.000000000000000000 ) ) ;
#2532 = CARTESIAN_POINT ( 'NONE',  ( 23.00000000000000355, 7.500000000000000000, 6.000000000000000000 ) ) ;
#2533 = VERTEX_POINT ( 'NONE', #172 ) ;
#2534 = CARTESIAN_POINT ( 'NONE',  ( 34.81003949507626771, 4.217919989269398151, 0.000000000000000000 ) ) ;
#2535 = DIRECTION ( 'NONE',  ( 0.000000000000000000, 0.000000000000000000, 1.000000000000000000 ) ) ;
#2536 = ADVANCED_FACE ( 'NONE', ( #739 ), #3801, .T. ) ;
#2537 = CARTESIAN_POINT ( 'NONE',  ( 28.17668417273917214, -1.842669729425375325, 0.000000000000000000 ) ) ;
#2538 = ORIENTED_EDGE ( 'NONE', *, *, #968, .F. ) ;
#2539 = FACE_OUTER_BOUND ( 'NONE', #941, .T. ) ;
#2540 = CARTESIAN_POINT ( 'NONE',  ( 44.15431296635871661, -1.007281635589644786, 2.000000000000000444 ) ) ;
#2541 = CARTESIAN_POINT ( 'NONE',  ( 34.80376333213752815, -4.218536902565751312, 0.000000000000000000 ) ) ;
#2542 = CARTESIAN_POINT ( 'NONE',  ( 29.21235105956703748, 2.087032539371044937, 4.001429448481776951 ) ) ;
#2543 = CARTESIAN_POINT ( 'NONE',  ( 27.87505047622630983, 0.08630619611986599382, 0.5000000000000074385 ) ) ;
#2544 = ORIENTED_EDGE ( 'NONE', *, *, #3361, .F. ) ;
#2545 = DIRECTION ( 'NONE',  ( 0.000000000000000000, -0.000000000000000000, -1.000000000000000000 ) ) ;
#2546 = CARTESIAN_POINT ( 'NONE',  ( 42.00631461055090909, 2.976682017941820746, 0.000000000000000000 ) ) ;
#2547 = EDGE_CURVE ( 'NONE', #1175, #3488, #1150, .T. ) ;
#2548 = CARTESIAN_POINT ( 'NONE',  ( 27.66974952276071420, -1.139553911723420798, -0.000000000000000000 ) ) ;
#2549 = CARTESIAN_POINT ( 'NONE',  ( 41.54500105744776306, 3.194733223462064675, 0.000000000000000000 ) ) ;
#2550 =( BOUNDED_SURFACE ( )  B_SPLINE_SURFACE ( 3, 2, ( 
 ( #984, #1345, #2268 ),
 ( #3511, #2211, #2924 ),
 ( #770, #3569, #1443 ),
 ( #535, #562, #2619 ),
 ( #3594, #3326, #3611 ),
 ( #510, #227, #859 ),
 ( #1465, #2347, #204 ),
 ( #3547, #2029, #1161 ),
 ( #251, #1484, #183 ),
 ( #3869, #1074, #2688 ),
 ( #838, #1421, #3888 ),
 ( #795, #3257, #1764 ),
 ( #2388, #2641, #3934 ),
 ( #3010, #165, #1400 ),
 ( #2965, #3630, #3851 ),
 ( #2051, #2303, #816 ),
 ( #1094, #2986, #2093 ),
 ( #1785, #2005, #1742 ),
 ( #2322, #491, #3913 ),
 ( #3231, #1118, #2666 ),
 ( #470, #1704, #3279 ),
 ( #1723, #1141, #2942 ),
 ( #2367, #2070, #3301 ),
 ( #293, #2745, #2464 ),
 ( #3, #3994, #270 ),
 ( #881, #310, #3066 ),
 ( #897, #2167, #350 ),
 ( #3365, #1230, #2444 ),
 ( #593, #651, #3731 ),
 ( #2127, #3712, #1525 ) ),
 .UNSPECIFIED., .F., .F., .F. ) 
 B_SPLINE_SURFACE_WITH_KNOTS ( ( 4, 2, 2, 2, 2, 2, 2, 2, 2, 2, 2, 2, 2, 2, 4 ),
 ( 3, 3 ),
 ( 0.01454200754683991105, 0.01623754365062456129, 0.01793307975440921326, 0.01878084780630153924, 0.01962861585819386523, 0.02005249988414002649, 0.02047638391008619121, 0.02090026793603235594, 0.02132415196197851720, 0.02217192001387084319, 0.02301968806576316917, 0.02386745611765549516, 0.02471522416954782114, 0.02641076027333247311, 0.02810629637711712508 ),
 ( 0.000000000000000000, 1.000000000000000000 ),
 .UNSPECIFIED. ) 
 GEOMETRIC_REPRESENTATION_ITEM ( )  RATIONAL_B_SPLINE_SURFACE ( (
 ( 1.000000000000000000, 0.7071067811865471286, 1.000000000000000000),
 ( 1.000000000000000000, 0.7071067811865471286, 1.000000000000000000),
 ( 1.000000000000000000, 0.7071067811865473507, 1.000000000000000000),
 ( 1.000000000000000000, 0.7071067811865473507, 1.000000000000000000),
 ( 1.000000000000000000, 0.7071067811865463515, 1.000000000000000000),
 ( 1.000000000000000000, 0.7071067811865463515, 1.000000000000000000),
 ( 1.000000000000000000, 0.7071067811865457964, 1.000000000000000000),
 ( 1.000000000000000000, 0.7071067811865457964, 1.000000000000000000),
 ( 1.000000000000000000, 0.7071067811865493491, 1.000000000000000000),
 ( 1.000000000000000000, 0.7071067811865493491, 1.000000000000000000),
 ( 1.000000000000000000, 0.7071067811865473507, 1.000000000000000000),
 ( 1.000000000000000000, 0.7071067811865473507, 1.000000000000000000),
 ( 1.000000000000000000, 0.7071067811865496822, 1.000000000000000000),
 ( 1.000000000000000000, 0.7071067811865496822, 1.000000000000000000),
 ( 1.000000000000000000, 0.7071067811865473507, 1.000000000000000000),
 ( 1.000000000000000000, 0.7071067811865473507, 1.000000000000000000),
 ( 1.000000000000000000, 0.7071067811865473507, 1.000000000000000000),
 ( 1.000000000000000000, 0.7071067811865473507, 1.000000000000000000),
 ( 1.000000000000000000, 0.7071067811865473507, 1.000000000000000000),
 ( 1.000000000000000000, 0.7071067811865473507, 1.000000000000000000),
 ( 1.000000000000000000, 0.7071067811865473507, 1.000000000000000000),
 ( 1.000000000000000000, 0.7071067811865473507, 1.000000000000000000),
 ( 1.000000000000000000, 0.7071067811865473507, 1.000000000000000000),
 ( 1.000000000000000000, 0.7071067811865473507, 1.000000000000000000),
 ( 1.000000000000000000, 0.7071067811865473507, 1.000000000000000000),
 ( 1.000000000000000000, 0.7071067811865473507, 1.000000000000000000),
 ( 1.000000000000000000, 0.7071067811865484609, 1.000000000000000000),
 ( 1.000000000000000000, 0.7071067811865484609, 1.000000000000000000),
 ( 1.000000000000000000, 0.7071067811865476838, 1.000000000000000000),
 ( 1.000000000000000000, 0.7071067811865476838, 1.000000000000000000) ) ) 
 REPRESENTATION_ITEM ( '' )  SURFACE ( )  );
#2551 = LINE ( 'NONE', #1670, #1637 ) ;
#2552 = CARTESIAN_POINT ( 'NONE',  ( 27.97378597473162998, 0.5878690135907284064, 0.5000000000000074385 ) ) ;
#2553 = CARTESIAN_POINT ( 'NONE',  ( 41.34249008789333857, 2.754123371836494805, 1.999999999999754197 ) ) ;
#2554 = ORIENTED_EDGE ( 'NONE', *, *, #2803, .F. ) ;
#2555 = CARTESIAN_POINT ( 'NONE',  ( 33.73956422532996413, 4.119415122388477180, 0.000000000000000000 ) ) ;
#2556 = CARTESIAN_POINT ( 'NONE',  ( 43.73155763165585341, -0.7081239048268543890, 0.5000000000000073275 ) ) ;
#2557 = ADVANCED_FACE ( 'NONE', ( #2399 ), #2953, .F. ) ;
#2558 = CARTESIAN_POINT ( 'NONE',  ( 28.40600579867071929, -2.070006521936522237, 0.000000000000000000 ) ) ;
#2559 = VERTEX_POINT ( 'NONE', #3967 ) ;
#2560 = CARTESIAN_POINT ( 'NONE',  ( 28.26874482564322832, 1.180333461981302845, 1.500000000000000444 ) ) ;
#2561 = DIRECTION ( 'NONE',  ( 1.000000000000000000, 6.122553444624024981E-16, 0.000000000000000000 ) ) ;
#2562 = CARTESIAN_POINT ( 'NONE',  ( 50.75000000000000000, 3.375000000000000000, 3.099584923580544160 ) ) ;
#2563 = CARTESIAN_POINT ( 'NONE',  ( 34.21591556741137197, 3.668808015409436685, 0.5000000000000073275 ) ) ;
#2564 = EDGE_LOOP ( 'NONE', ( #3084, #231, #234, #3438 ) ) ;
#2565 = FACE_OUTER_BOUND ( 'NONE', #1971, .T. ) ;
#2566 = CARTESIAN_POINT ( 'NONE',  ( 44.33402870182037958, 0.4326593659278942239, 0.000000000000000000 ) ) ;
#2567 = CARTESIAN_POINT ( 'NONE',  ( 27.93314870363847291, -1.551581489633897526, -0.000000000000000000 ) ) ;
#2568 = CARTESIAN_POINT ( 'NONE',  ( 39.74065187583751424, 3.799063455617841090, 0.000000000000000000 ) ) ;
#2569 = CARTESIAN_POINT ( 'NONE',  ( 39.36211915483254131, 3.374999999999999556, 3.099584923580558371 ) ) ;
#2570 = CARTESIAN_POINT ( 'NONE',  ( 27.95383280483430255, 0.5255701704612011360, 0.5000000000000073275 ) ) ;
#2571 = ADVANCED_FACE ( 'NONE', ( #2119 ), #365, .F. ) ;
#2572 = CARTESIAN_POINT ( 'NONE',  ( 27.41603121441350766, 0.4329887230150951671, 0.000000000000000000 ) ) ;
#2573 = CARTESIAN_POINT ( 'NONE',  ( 39.96518256687155457, -3.224678871111922085, 0.5000000000000076605 ) ) ;
#2574 = CARTESIAN_POINT ( 'NONE',  ( 43.97132085546165570, -1.328156934250045884, 0.000000000000000000 ) ) ;
#2575 = ORIENTED_EDGE ( 'NONE', *, *, #1078, .T. ) ;
#2576 = CARTESIAN_POINT ( 'NONE',  ( 41.10474494817865576, -3.374999999999985345, 1.999999999999998224 ) ) ;
#2577 = CARTESIAN_POINT ( 'NONE',  ( 35.44609612672378773, -4.246077038063582165, 0.000000000000000000 ) ) ;
#2578 = CARTESIAN_POINT ( 'NONE',  ( 0.000000000000000000, 0.000000000000000000, 6.000000000000000000 ) ) ;
#2579 = CARTESIAN_POINT ( 'NONE',  ( 29.52766000629929977, 2.282780462096112739, 0.5000000000000074385 ) ) ;
#2580 = ORIENTED_EDGE ( 'NONE', *, *, #2803, .T. ) ;
#2581 = CARTESIAN_POINT ( 'NONE',  ( 0.000000000000000000, -3.125000000000000000, 0.000000000000000000 ) ) ;
#2582 = VECTOR ( 'NONE', #4000, 1000.000000000000000 ) ;
#2583 = CARTESIAN_POINT ( 'NONE',  ( 42.77213628173960558, -1.899999999999999911, 6.000000000000000000 ) ) ;
#2584 = AXIS2_PLACEMENT_3D ( 'NONE', #2598, #1305, #2300 ) ;
#2585 = CARTESIAN_POINT ( 'NONE',  ( 41.02701861458584176, 3.404345454330151455, -0.000000000000000000 ) ) ;
#2586 = AXIS2_PLACEMENT_3D ( 'NONE', #1415, #198, #2021 ) ;
#2587 = CARTESIAN_POINT ( 'NONE',  ( -8.000000000000000000, 0.000000000000000000, 6.000000000000000000 ) ) ;
#2588 = CARTESIAN_POINT ( 'NONE',  ( 27.89951214998528428, 0.2963248254574004092, 0.5000000000000073275 ) ) ;
#2589 = AXIS2_PLACEMENT_3D ( 'NONE', #1540, #2123, #2702 ) ;
#2590 = CARTESIAN_POINT ( 'NONE',  ( 40.48103409585261403, 3.606728952789672427, 2.000000000000000000 ) ) ;
#2591 = CARTESIAN_POINT ( 'NONE',  ( 31.33655991651951211, -3.612537606394189638, 0.000000000000000000 ) ) ;
#2592 = CARTESIAN_POINT ( 'NONE',  ( 43.87348152602221774, -0.08427228060485074390, 0.5000000000000073275 ) ) ;
#2593 = CARTESIAN_POINT ( 'NONE',  ( 36.09188946243162377, -4.249982784466971530, 0.000000000000000000 ) ) ;
#2594 = VECTOR ( 'NONE', #2744, 1000.000000000000000 ) ;
#2595 = VERTEX_POINT ( 'NONE', #238 ) ;
#2596 = CARTESIAN_POINT ( 'NONE',  ( 23.00000000000000355, 8.000000000000000000, 0.5000000000000004441 ) ) ;
#2597 = CARTESIAN_POINT ( 'NONE',  ( 47.75000000000000000, -2.899999999999999911, 0.000000000000000000 ) ) ;
#2598 = CARTESIAN_POINT ( 'NONE',  ( 0.000000000000000000, 0.000000000000000000, 5.500000000000000000 ) ) ;
#2599 = CARTESIAN_POINT ( 'NONE',  ( 32.57748181621593631, 3.418168405697097345, 0.5000000000000073275 ) ) ;
#2600 = VERTEX_POINT ( 'NONE', #1429 ) ;
#2601 = LINE ( 'NONE', #3195, #2404 ) ;
#2602 = LINE ( 'NONE', #1625, #2718 ) ;
#2603 = EDGE_CURVE ( 'NONE', #2125, #638, #468, .T. ) ;
#2604 = CARTESIAN_POINT ( 'NONE',  ( 33.52644305953137405, 4.090116273995310969, -0.000000000000000000 ) ) ;
#2605 = CARTESIAN_POINT ( 'NONE',  ( 21.50000000000000000, 8.000000000000000000, 0.5000000000000004441 ) ) ;
#2606 = B_SPLINE_CURVE_WITH_KNOTS ( 'NONE', 3,
 ( #3985, #3739, #989, #2216 ),
 .UNSPECIFIED., .F., .F.,
 ( 4, 4 ),
 ( 9.697398772788565243E-19, 0.0007072910917722273786 ),
 .UNSPECIFIED. ) ;
#2607 = LINE ( 'NONE', #2854, #3906 ) ;
#2608 = CARTESIAN_POINT ( 'NONE',  ( 28.18016374484196973, 1.026646269623010976, 0.5000000000000073275 ) ) ;
#2609 = CARTESIAN_POINT ( 'NONE',  ( 43.87480973809256568, 0.1145539098114404380, 1.500000000000000000 ) ) ;
#2610 = CARTESIAN_POINT ( 'NONE',  ( 31.23350654870215948, -3.580301250899077914, 0.000000000000000000 ) ) ;
#2611 = CARTESIAN_POINT ( 'NONE',  ( 42.78031435777815261, -1.893791828325276150, 0.5000000000000073275 ) ) ;
#2612 = CARTESIAN_POINT ( 'NONE',  ( 32.89773997141730177, -3.990655839021112428, 0.000000000000000000 ) ) ;
#2613 = ORIENTED_EDGE ( 'NONE', *, *, #1975, .F. ) ;
#2614 = CARTESIAN_POINT ( 'NONE',  ( 44.33402870182037958, 0.4326593659278942239, 0.000000000000000000 ) ) ;
#2615 = PLANE ( 'NONE',  #3767 ) ;
#2616 = CARTESIAN_POINT ( 'NONE',  ( 21.00000000000000000, 1.899999999999999911, 2.000000000000000000 ) ) ;
#2617 = CARTESIAN_POINT ( 'NONE',  ( 28.00322510864562986, 0.6700031866639480915, 0.5000000000000076605 ) ) ;
#2618 = CARTESIAN_POINT ( 'NONE',  ( 0.000000000000000000, 7.500000000000000000, 6.000000000000000000 ) ) ;
#2619 = CARTESIAN_POINT ( 'NONE',  ( 30.20843662126164020, -3.213575661766158831, 2.000000000000000000 ) ) ;
#2620 = DIRECTION ( 'NONE',  ( 1.000000000000000000, 0.000000000000000000, 0.000000000000000000 ) ) ;
#2621 =( NAMED_UNIT ( * ) PLANE_ANGLE_UNIT ( ) SI_UNIT ( $, .RADIAN. ) );
#2622 = ORIENTED_EDGE ( 'NONE', *, *, #2101, .T. ) ;
#2623 = CARTESIAN_POINT ( 'NONE',  ( 31.79510583133440704, 3.744659111393131123, -0.000000000000000000 ) ) ;
#2624 = EDGE_CURVE ( 'NONE', #3272, #176, #399, .T. ) ;
#2625 = DIRECTION ( 'NONE',  ( 6.122553444624024981E-16, -1.000000000000000000, 0.000000000000000000 ) ) ;
#2626 = PRODUCT_DEFINITION ( 'UNKNOWN', '', #3708, #2912 ) ;
#2627 = DIRECTION ( 'NONE',  ( 0.000000000000000000, -1.000000000000000000, 0.000000000000000000 ) ) ;
#2628 = EDGE_CURVE ( 'NONE', #3262, #2008, #2606, .T. ) ;
#2629 = CARTESIAN_POINT ( 'NONE',  ( 28.45165109430290684, 1.398446295916361048, 0.5000000000000073275 ) ) ;
#2630 = CARTESIAN_POINT ( 'NONE',  ( 41.82554695346983209, -2.530122783516584484, 1.500000000000000000 ) ) ;
#2631 = CARTESIAN_POINT ( 'NONE',  ( 27.86901589935007806, -1.463616297188466753, 0.000000000000000000 ) ) ;
#2632 = CARTESIAN_POINT ( 'NONE',  ( 41.22782510077261264, -2.787524644520339656, 0.5000000000000073275 ) ) ;
#2633 = CARTESIAN_POINT ( 'NONE',  ( 36.30686026248910281, -4.246004330254745440, 0.000000000000000000 ) ) ;
#2634 = ORIENTED_EDGE ( 'NONE', *, *, #1890, .T. ) ;
#2635 = CARTESIAN_POINT ( 'NONE',  ( 47.75000000000000000, -1.899999999999999911, 2.000000000000000000 ) ) ;
#2636 = CARTESIAN_POINT ( 'NONE',  ( 50.79491989163785348, -3.479916454997438624, 1.515587056121872056 ) ) ;
#2637 = LINE ( 'NONE', #1138, #596 ) ;
#2638 = CARTESIAN_POINT ( 'NONE',  ( 44.07796417502447639, 1.144699939822916512, 0.000000000000000000 ) ) ;
#2639 = CARTESIAN_POINT ( 'NONE',  ( 28.25172632535667816, -1.137906140872352756, 0.5000000000000073275 ) ) ;
#2640 = EDGE_LOOP ( 'NONE', ( #3940, #2634, #1576, #920, #921, #2315, #797, #3863 ) ) ;
#2641 = CARTESIAN_POINT ( 'NONE',  ( 28.04056597516791882, -0.7666996416608873322, 1.999999999999996447 ) ) ;
#2642 = CARTESIAN_POINT ( 'NONE',  ( 38.64245966803370891, -4.027107728766746497, 0.000000000000000000 ) ) ;
#2643 = AXIS2_PLACEMENT_3D ( 'NONE', #2751, #3983, #356 ) ;
#2644 = ORIENTED_EDGE ( 'NONE', *, *, #1153, .T. ) ;
#2645 = CARTESIAN_POINT ( 'NONE',  ( 28.60719974744015559, 2.243282264720404484, -0.000000000000000000 ) ) ;
#2646 = EDGE_CURVE ( 'NONE', #2923, #1899, #1047, .T. ) ;
#2647 = DIRECTION ( 'NONE',  ( -0.000000000000000000, -0.000000000000000000, 1.000000000000000000 ) ) ;
#2648 = DIRECTION ( 'NONE',  ( -0.000000000000000000, -0.000000000000000000, -1.000000000000000000 ) ) ;
#2649 = VECTOR ( 'NONE', #108, 1000.000000000000000 ) ;
#2650 = CARTESIAN_POINT ( 'NONE',  ( 32.38075258308713700, -3.375042067985723815, 0.5000000000000073275 ) ) ;
#2651 = CARTESIAN_POINT ( 'NONE',  ( 52.75000000000000711, -3.374999999999977796, 2.000000000000000000 ) ) ;
#2652 = AXIS2_PLACEMENT_3D ( 'NONE', #3406, #3425, #1505 ) ;
#2653 = CARTESIAN_POINT ( 'NONE',  ( 27.75033346689366098, -1.282276254368321045, 0.000000000000000000 ) ) ;
#2654 = CARTESIAN_POINT ( 'NONE',  ( 4.750000000000000000, 5.817072295949927426E-16, 0.4999999999999952260 ) ) ;
#2655 = CARTESIAN_POINT ( 'NONE',  ( 35.44609612672378773, -4.246077038063582165, 0.000000000000000000 ) ) ;
#2656 = EDGE_CURVE ( 'NONE', #314, #629, #12, .T. ) ;
#2657 = ORIENTED_EDGE ( 'NONE', *, *, #3001, .T. ) ;
#2658 = CARTESIAN_POINT ( 'NONE',  ( 44.21365087937311955, 0.8480789350580887342, 0.000000000000000000 ) ) ;
#2659 = CARTESIAN_POINT ( 'NONE',  ( 0.000000000000000000, -7.500000000000000000, 0.000000000000000000 ) ) ;
#2660 = ADVANCED_FACE ( 'NONE', ( #302 ), #1891, .F. ) ;
#2661 = LINE ( 'NONE', #2341, #2842 ) ;
#2662 = DIRECTION ( 'NONE',  ( -3.511752386136298503E-16, 0.5735764363510507113, -0.8191520442889885789 ) ) ;
#2663 = CARTESIAN_POINT ( 'NONE',  ( 27.95849814836404335, -0.5419875541261354179, 0.5000000000000073275 ) ) ;
#2664 = AXIS2_PLACEMENT_3D ( 'NONE', #2800, #23, #957 ) ;
#2665 = ORIENTED_EDGE ( 'NONE', *, *, #1485, .F. ) ;
#2666 = CARTESIAN_POINT ( 'NONE',  ( 27.62962806681357009, 1.095727215945016875, 2.000000000000000000 ) ) ;
#2667 = AXIS2_PLACEMENT_3D ( 'NONE', #3857, #3815, #2890 ) ;
#2668 = CARTESIAN_POINT ( 'NONE',  ( 28.01631550699536177, -1.656917006584413654, -0.000000000000000000 ) ) ;
#2669 = CARTESIAN_POINT ( 'NONE',  ( 43.25999800528380490, -2.144119891205596318, 0.000000000000000000 ) ) ;
#2670 = EDGE_LOOP ( 'NONE', ( #3465, #3659, #577, #3892, #2346, #1382, #3370, #1215, #599 ) ) ;
#2671 = CARTESIAN_POINT ( 'NONE',  ( 32.11024663873180174, 3.823712140069954302, 0.000000000000000000 ) ) ;
#2672 = DIRECTION ( 'NONE',  ( -0.000000000000000000, 1.000000000000000000, -0.000000000000000000 ) ) ;
#2673 = EDGE_CURVE ( 'NONE', #998, #3617, #1124, .T. ) ;
#2674 = ORIENTED_EDGE ( 'NONE', *, *, #965, .F. ) ;
#2675 = CARTESIAN_POINT ( 'NONE',  ( 31.18843390551541006, -3.039671102131344504, 0.5000000000000076605 ) ) ;
#2676 = CARTESIAN_POINT ( 'NONE',  ( 43.83436156167915243, -0.4362708201190431123, 1.500000000000000000 ) ) ;
#2677 = LINE ( 'NONE', #1496, #91 ) ;
#2678 = CARTESIAN_POINT ( 'NONE',  ( 44.34415627392594672, -0.3765496323005560475, 0.000000000000000000 ) ) ;
#2679 = VERTEX_POINT ( 'NONE', #2190 ) ;
#2680 = CARTESIAN_POINT ( 'NONE',  ( 41.71681152268067905, 3.117844367866043243, 0.000000000000000000 ) ) ;
#2681 = FACE_OUTER_BOUND ( 'NONE', #773, .T. ) ;
#2682 = EDGE_CURVE ( 'NONE', #2691, #2063, #3417, .T. ) ;
#2683 = CARTESIAN_POINT ( 'NONE',  ( 50.00000000000000000, 8.000000000000000000, 6.000000000000000000 ) ) ;
#2684 = CARTESIAN_POINT ( 'NONE',  ( 36.73256823795257020, 4.234294375491710838, 0.000000000000000000 ) ) ;
#2685 = CARTESIAN_POINT ( 'NONE',  ( 31.18843390551541006, -3.039671102131344504, 0.5000000000000076605 ) ) ;
#2686 = ORIENTED_EDGE ( 'NONE', *, *, #1657, .F. ) ;
#2687 = FACE_OUTER_BOUND ( 'NONE', #3042, .T. ) ;
#2688 = CARTESIAN_POINT ( 'NONE',  ( 27.86554006275311579, -1.463081313347609935, 2.000000000000000000 ) ) ;
#2689 = CARTESIAN_POINT ( 'NONE',  ( 29.06654786788006462, -2.581685506473519354, -0.000000000000000000 ) ) ;
#2690 = CARTESIAN_POINT ( 'NONE',  ( 37.58801915658775528, -4.170977491124222780, 0.000000000000000000 ) ) ;
#2691 = VERTEX_POINT ( 'NONE', #297 ) ;
#2692 = CARTESIAN_POINT ( 'NONE',  ( 31.33261489656518606, 3.611719258940809141, -0.000000000000000000 ) ) ;
#2693 = DIRECTION ( 'NONE',  ( 0.000000000000000000, -0.000000000000000000, -1.000000000000000000 ) ) ;
#2694 = ORIENTED_EDGE ( 'NONE', *, *, #2389, .T. ) ;
#2695 = CARTESIAN_POINT ( 'NONE',  ( 28.97786371826039442, 1.899999999999999911, 6.000000000000000000 ) ) ;
#2696 = CARTESIAN_POINT ( 'NONE',  ( 0.000000000000000000, 8.000000000000000000, 6.000000000000000000 ) ) ;
#2697 = CARTESIAN_POINT ( 'NONE',  ( 42.66381362679791067, -1.984173072262078730, 0.5000000000000073275 ) ) ;
#2698 = CARTESIAN_POINT ( 'NONE',  ( 43.55490075517718651, -1.070160547390524464, 2.000000000000000000 ) ) ;
#2699 = CARTESIAN_POINT ( 'NONE',  ( 31.73204798782651537, 3.375000000000000000, 1.870395041825769766 ) ) ;
#2700 = CARTESIAN_POINT ( 'NONE',  ( 41.95605846232398761, 2.436841511264899118, 0.5000000000000073275 ) ) ;
#2701 = ORIENTED_EDGE ( 'NONE', *, *, #693, .T. ) ;
#2702 = DIRECTION ( 'NONE',  ( 1.000000000000000000, 0.000000000000000000, 0.000000000000000000 ) ) ;
#2703 = CARTESIAN_POINT ( 'NONE',  ( 34.81003949507626771, 4.217919989269398151, 0.000000000000000000 ) ) ;
#2704 = CARTESIAN_POINT ( 'NONE',  ( 28.36076547452570296, -1.287414102626925017, 0.5000000000000074385 ) ) ;
#2705 = EDGE_LOOP ( 'NONE', ( #3206, #3524, #3306, #3031, #3284, #2371, #857, #2665 ) ) ;
#2706 = DIRECTION ( 'NONE',  ( 1.000000000000000000, 0.000000000000000000, 0.000000000000000000 ) ) ;
#2707 = CARTESIAN_POINT ( 'NONE',  ( 28.48368784820492294, -2.138252340474616542, -0.000000000000000000 ) ) ;
#2708 = CARTESIAN_POINT ( 'NONE',  ( 44.31117175408517284, -0.5360517354991163330, 0.000000000000000000 ) ) ;
#2709 = EDGE_LOOP ( 'NONE', ( #1911, #3481, #1344, #29, #1246, #36, #2701, #1930 ) ) ;
#2710 = CARTESIAN_POINT ( 'NONE',  ( 28.48206177599230671, 2.138448136502356878, 0.000000000000000000 ) ) ;
#2711 = DIRECTION ( 'NONE',  ( -0.000000000000000000, -0.000000000000000000, 1.000000000000000000 ) ) ;
#2712 = VERTEX_POINT ( 'NONE', #2448 ) ;
#2713 = CARTESIAN_POINT ( 'NONE',  ( 51.25000000000000711, -4.374999999999978684, 6.000000000000001776 ) ) ;
#2714 = DIRECTION ( 'NONE',  ( 1.000000000000000000, 0.000000000000000000, 0.000000000000000000 ) ) ;
#2715 = EDGE_CURVE ( 'NONE', #1866, #3033, #3695, .T. ) ;
#2716 = CARTESIAN_POINT ( 'NONE',  ( 31.38496444242323236, -3.103787089358616580, 0.5000000000000074385 ) ) ;
#2717 = DIRECTION ( 'NONE',  ( -0.000000000000000000, 0.7071067811865475727, 0.7071067811865475727 ) ) ;
#2718 = VECTOR ( 'NONE', #147, 1000.000000000000000 ) ;
#2719 = DIRECTION ( 'NONE',  ( -0.000000000000000000, 1.000000000000000000, 0.000000000000000000 ) ) ;
#2720 = CARTESIAN_POINT ( 'NONE',  ( 44.37500000982829818, -0.05421482312906188844, 0.000000000000000000 ) ) ;
#2721 = VECTOR ( 'NONE', #1090, 1000.000000000000000 ) ;
#2722 = ORIENTED_EDGE ( 'NONE', *, *, #3904, .F. ) ;
#2723 = DIRECTION ( 'NONE',  ( 0.000000000000000000, 0.7071067811865474617, -0.7071067811865474617 ) ) ;
#2724 = CARTESIAN_POINT ( 'NONE',  ( 29.45262409454637265, 2.819623847008242201, 0.000000000000000000 ) ) ;
#2725 = VERTEX_POINT ( 'NONE', #942 ) ;
#2726 = VECTOR ( 'NONE', #902, 1000.000000000000000 ) ;
#2727 = CARTESIAN_POINT ( 'NONE',  ( 50.25000000000000000, -7.495832175282473031, 6.000000000000000000 ) ) ;
#2728 = DIRECTION ( 'NONE',  ( 0.000000000000000000, -1.000000000000000000, 0.000000000000000000 ) ) ;
#2729 = CARTESIAN_POINT ( 'NONE',  ( 42.29013847739386023, -2.826284835903681181, 0.000000000000000000 ) ) ;
#2730 = ORIENTED_EDGE ( 'NONE', *, *, #762, .T. ) ;
#2731 = LINE ( 'NONE', #189, #793 ) ;
#2732 = VECTOR ( 'NONE', #283, 1000.000000000000000 ) ;
#2733 = CARTESIAN_POINT ( 'NONE',  ( 0.000000000000000000, 8.000000000000000000, 6.000000000000000000 ) ) ;
#2734 = CARTESIAN_POINT ( 'NONE',  ( 41.13352179184765589, -2.826663605335513640, 0.5000000000000073275 ) ) ;
#2735 = B_SPLINE_CURVE_WITH_KNOTS ( 'NONE', 3,
 ( #3352, #2948, #583, #1123, #1146, #3637, #843, #516 ),
 .UNSPECIFIED., .F., .F.,
 ( 4, 2, 2, 4 ),
 ( 6.133173666733496745E-19, 0.001932011009677354375, 0.002898016514516031129, 0.003864022019354708751 ),
 .UNSPECIFIED. ) ;
#2736 = CARTESIAN_POINT ( 'NONE',  ( 43.80872732231407696, -0.4971691393189943686, 1.500000000000000222 ) ) ;
#2737 = CARTESIAN_POINT ( 'NONE',  ( 30.95992069510066358, 3.375000000000000888, 1.999999999999996225 ) ) ;
#2738 = CARTESIAN_POINT ( 'NONE',  ( 42.21730662653926913, 2.285853496937288565, 0.5000000000000073275 ) ) ;
#2739 = ORIENTED_EDGE ( 'NONE', *, *, #98, .F. ) ;
#2740 = CARTESIAN_POINT ( 'NONE',  ( 42.00631461055090909, 2.976682017941820746, 0.000000000000000000 ) ) ;
#2741 = LINE ( 'NONE', #3082, #2273 ) ;
#2742 = CARTESIAN_POINT ( 'NONE',  ( 30.92643613708105477, 3.478323805800189295, 0.000000000000000000 ) ) ;
#2743 = ORIENTED_EDGE ( 'NONE', *, *, #1554, .F. ) ;
#2744 = DIRECTION ( 'NONE',  ( -1.000000000000000000, -6.122553444624024981E-16, 0.000000000000000000 ) ) ;
#2745 = CARTESIAN_POINT ( 'NONE',  ( 29.04799294184998004, 1.963815172936907993, 2.000000000000000000 ) ) ;
#2746 = CARTESIAN_POINT ( 'NONE',  ( 41.77035484418600930, -3.093325830890704342, -0.000000000000000000 ) ) ;
#2747 = CARTESIAN_POINT ( 'NONE',  ( 41.77836338207413291, 2.531612057938925631, 0.5000000000000074385 ) ) ;
#2748 = ORIENTED_EDGE ( 'NONE', *, *, #3200, .T. ) ;
#2749 = DIRECTION ( 'NONE',  ( 1.000000000000000000, 6.505213034913020688E-16, 0.000000000000000000 ) ) ;
#2750 = ORIENTED_EDGE ( 'NONE', *, *, #2490, .T. ) ;
#2751 = CARTESIAN_POINT ( 'NONE',  ( 0.000000000000000000, 0.000000000000000000, 6.000000000000000000 ) ) ;
#2752 = CARTESIAN_POINT ( 'NONE',  ( 43.76840969792156955, 0.6214387597990627121, 1.499999999999999778 ) ) ;
#2753 = ADVANCED_FACE ( 'NONE', ( #2565 ), #3530, .T. ) ;
#2754 = CARTESIAN_POINT ( 'NONE',  ( 46.25000000000000000, -3.374999999999981792, 0.000000000000000000 ) ) ;
#2755 = LINE ( 'NONE', #2136, #2342 ) ;
#2756 = CARTESIAN_POINT ( 'NONE',  ( 40.94653685966292045, 2.902399992226605274, 0.5000000000000074385 ) ) ;
#2757 = ORIENTED_EDGE ( 'NONE', *, *, #2603, .F. ) ;
#2758 = CARTESIAN_POINT ( 'NONE',  ( 21.50000000000000000, 8.000000000000000000, 5.500000000000000000 ) ) ;
#2759 = CARTESIAN_POINT ( 'NONE',  ( 29.54672328812487336, 2.872172786940168976, 0.000000000000000000 ) ) ;
#2760 = EDGE_LOOP ( 'NONE', ( #2613, #1087, #2476, #343 ) ) ;
#2761 = DIRECTION ( 'NONE',  ( 0.000000000000000000, 0.000000000000000000, -1.000000000000000000 ) ) ;
#2762 = CARTESIAN_POINT ( 'NONE',  ( 50.00000000000000000, 8.000000000000000000, 5.500000000000000000 ) ) ;
#2763 = CARTESIAN_POINT ( 'NONE',  ( 38.95742437569401773, -3.969712748906705002, -0.000000000000000000 ) ) ;
#2764 = CARTESIAN_POINT ( 'NONE',  ( 39.06465046202040980, 3.439432261479045128, 0.5000000000000073275 ) ) ;
#2765 = ORIENTED_EDGE ( 'NONE', *, *, #696, .T. ) ;
#2766 = ORIENTED_EDGE ( 'NONE', *, *, #1218, .T. ) ;
#2767 = LINE ( 'NONE', #1235, #3756 ) ;
#2768 = DIRECTION ( 'NONE',  ( -1.000000000000000000, 0.000000000000000000, 0.000000000000000000 ) ) ;
#2769 = EDGE_CURVE ( 'NONE', #2559, #2881, #2527, .T. ) ;
#2770 = DIRECTION ( 'NONE',  ( -1.000000000000000000, 0.000000000000000000, 0.000000000000000000 ) ) ;
#2771 = FACE_OUTER_BOUND ( 'NONE', #1498, .T. ) ;
#2772 = ORIENTED_EDGE ( 'NONE', *, *, #2852, .F. ) ;
#2773 = CARTESIAN_POINT ( 'NONE',  ( 35.45261218961874050, 4.246232132514672131, 0.000000000000000000 ) ) ;
#2774 = DIRECTION ( 'NONE',  ( 1.000000000000000000, 6.122553444624024981E-16, 0.000000000000000000 ) ) ;
#2775 = CARTESIAN_POINT ( 'NONE',  ( 27.96645872001307254, -1.594954460965661625, 0.000000000000000000 ) ) ;
#2776 = ADVANCED_FACE ( 'NONE', ( #1364 ), #1328, .T. ) ;
#2777 = EDGE_LOOP ( 'NONE', ( #2538, #2916, #3431, #159 ) ) ;
#2778 = ADVANCED_FACE ( 'NONE', ( #3133 ), #734, .F. ) ;
#2779 = CARTESIAN_POINT ( 'NONE',  ( 0.000000000000000000, 0.000000000000000000, 0.000000000000000000 ) ) ;
#2780 = CARTESIAN_POINT ( 'NONE',  ( 24.00000000000000355, 1.899999999999999911, 2.000000000000000000 ) ) ;
#2781 = AXIS2_PLACEMENT_3D ( 'NONE', #3274, #2340, #2085 ) ;
#2782 = CARTESIAN_POINT ( 'NONE',  ( 39.47304924918477553, 3.375000000000000000, 1.657532381114926512 ) ) ;
#2783 = CARTESIAN_POINT ( 'NONE',  ( 42.34160812450100764, -2.794959127403959354, -0.000000000000000000 ) ) ;
#2784 = AXIS2_PLACEMENT_3D ( 'NONE', #1521, #3360, #3004 ) ;
#2785 = CARTESIAN_POINT ( 'NONE',  ( 36.70816094831219090, 3.734734600691118622, 0.5000000000000073275 ) ) ;
#2786 = VERTEX_POINT ( 'NONE', #2824 ) ;
#2787 = EDGE_LOOP ( 'NONE', ( #1807, #807, #1745, #2812 ) ) ;
#2788 = CARTESIAN_POINT ( 'NONE',  ( 39.36211915483259105, -3.374999999999988898, 2.000000000000000444 ) ) ;
#2789 = VECTOR ( 'NONE', #3325, 1000.000000000000000 ) ;
#2790 = CARTESIAN_POINT ( 'NONE',  ( 43.49831917061384701, -1.137840197239611717, 0.5000000000000074385 ) ) ;
#2791 = CARTESIAN_POINT ( 'NONE',  ( 43.32670357517130810, 2.084834426226672477, -0.000000000000000000 ) ) ;
#2792 = CARTESIAN_POINT ( 'NONE',  ( 40.01795201217355213, -3.374999999999985345, 1.870395041825774429 ) ) ;
#2793 = CARTESIAN_POINT ( 'NONE',  ( 30.23679067849530000, 2.663042335120749726, 0.5000000000000074385 ) ) ;
#2794 = ORIENTED_EDGE ( 'NONE', *, *, #2238, .T. ) ;
#2795 = CARTESIAN_POINT ( 'NONE',  ( 31.02825096701216623, 3.513336415652591693, 0.000000000000000000 ) ) ;
#2796 = CARTESIAN_POINT ( 'NONE',  ( 23.00000000000000355, 2.899999999999999911, 3.432183504230174265 ) ) ;
#2797 = CARTESIAN_POINT ( 'NONE',  ( 29.45772800970462768, -2.822519977207785580, 0.000000000000000000 ) ) ;
#2798 = ORIENTED_EDGE ( 'NONE', *, *, #2333, .F. ) ;
#2799 = EDGE_CURVE ( 'NONE', #3363, #831, #677, .T. ) ;
#2800 = CARTESIAN_POINT ( 'NONE',  ( 0.000000000000000000, -5.875000000000000000, 0.000000000000000000 ) ) ;
#2801 = CARTESIAN_POINT ( 'NONE',  ( 44.34675029481764597, -0.4106227214813793491, 1.999999999999999556 ) ) ;
#2802 = LINE ( 'NONE', #2168, #1043 ) ;
#2803 = EDGE_CURVE ( 'NONE', #1254, #2456, #1058, .T. ) ;
#2804 = CARTESIAN_POINT ( 'NONE',  ( 32.94783954383066060, -3.998761768842772568, -0.000000000000000000 ) ) ;
#2805 = CARTESIAN_POINT ( 'NONE',  ( 43.63671275021831519, 0.9093455696837765556, 0.5000000000000073275 ) ) ;
#2806 = ORIENTED_EDGE ( 'NONE', *, *, #1026, .T. ) ;
#2807 = ORIENTED_EDGE ( 'NONE', *, *, #3204, .F. ) ;
#2808 = CARTESIAN_POINT ( 'NONE',  ( 28.97786371826039087, -1.900000000000000133, 3.999999999999989786 ) ) ;
#2809 = DIRECTION ( 'NONE',  ( -0.000000000000000000, -0.000000000000000000, -1.000000000000000000 ) ) ;
#2810 = CARTESIAN_POINT ( 'NONE',  ( 43.97277744661334964, 1.328376668693050489, 0.000000000000000000 ) ) ;
#2811 = LINE ( 'NONE', #3703, #3842 ) ;
#2812 = ORIENTED_EDGE ( 'NONE', *, *, #2245, .F. ) ;
#2813 = CARTESIAN_POINT ( 'NONE',  ( 27.78132786676059496, 1.332356411229552284, 0.000000000000000000 ) ) ;
#2814 = DIRECTION ( 'NONE',  ( 0.000000000000000000, -1.000000000000000000, 0.000000000000000000 ) ) ;
#2815 = CARTESIAN_POINT ( 'NONE',  ( 27.55530309513931542, -0.8957445279557012530, 0.000000000000000000 ) ) ;
#2816 = EDGE_LOOP ( 'NONE', ( #1164, #617, #473, #683 ) ) ;
#2817 = CARTESIAN_POINT ( 'NONE',  ( 0.000000000000000000, 8.000000000000000000, 5.500000000000000000 ) ) ;
#2818 = CARTESIAN_POINT ( 'NONE',  ( 21.00000000000000355, 3.508974596215562514, 1.756261532196013109 ) ) ;
#2819 = PLANE ( 'NONE',  #1311 ) ;
#2820 = EDGE_CURVE ( 'NONE', #137, #1449, #1972, .T. ) ;
#2821 = CARTESIAN_POINT ( 'NONE',  ( 35.01626142609705994, -4.234275382872751514, -0.000000000000000000 ) ) ;
#2822 = CARTESIAN_POINT ( 'NONE',  ( 35.15273797816627166, 3.735005462920923947, 0.5000000000000073275 ) ) ;
#2823 = VERTEX_POINT ( 'NONE', #3810 ) ;
#2824 = CARTESIAN_POINT ( 'NONE',  ( 48.75000000000000000, -7.499999999999998224, 6.000000000000000000 ) ) ;
#2825 = CARTESIAN_POINT ( 'NONE',  ( 44.35923743834548105, 0.2720076227323650064, 0.000000000000000000 ) ) ;
#2826 = CARTESIAN_POINT ( 'NONE',  ( 52.75000000000000711, 3.375000000000000000, 0.000000000000000000 ) ) ;
#2827 = CARTESIAN_POINT ( 'NONE',  ( 37.90531477879908095, 4.133334670006945544, -0.000000000000000000 ) ) ;
#2828 = EDGE_CURVE ( 'NONE', #1021, #2033, #2887, .T. ) ;
#2829 = CARTESIAN_POINT ( 'NONE',  ( 21.00000000000000355, -3.374999999999997335, 3.099584923580544160 ) ) ;
#2830 = CARTESIAN_POINT ( 'NONE',  ( 29.78748796060893156, 2.433902315518461368, 0.5000000000000073275 ) ) ;
#2831 = PRODUCT_DEFINITION_SHAPE ( 'NONE', 'NONE',  #2626 ) ;
#2832 = VERTEX_POINT ( 'NONE', #1622 ) ;
#2833 = CARTESIAN_POINT ( 'NONE',  ( 33.52706437610174106, 4.091308577071529839, 0.000000000000000000 ) ) ;
#2834 = LINE ( 'NONE', #2605, #3383 ) ;
#2835 = CARTESIAN_POINT ( 'NONE',  ( 27.43903447315546629, 0.5389002093121154635, 0.000000000000000000 ) ) ;
#2836 = AXIS2_PLACEMENT_3D ( 'NONE', #621, #3117, #1852 ) ;
#2837 = ORIENTED_EDGE ( 'NONE', *, *, #3512, .F. ) ;
#2838 = CARTESIAN_POINT ( 'NONE',  ( 27.94127267768594081, 0.4971691393190007524, 1.500000000000000000 ) ) ;
#2839 = CARTESIAN_POINT ( 'NONE',  ( 20.58069610826355955, 3.374999999999999556, 0.7686251305689045799 ) ) ;
#2840 = EDGE_CURVE ( 'NONE', #268, #2449, #1606, .T. ) ;
#2841 = CARTESIAN_POINT ( 'NONE',  ( 0.000000000000000000, 0.000000000000000000, 0.000000000000000000 ) ) ;
#2842 = VECTOR ( 'NONE', #853, 1000.000000000000000 ) ;
#2843 = CARTESIAN_POINT ( 'NONE',  ( 43.26395994085839902, -2.141998399908420225, 0.000000000000000000 ) ) ;
#2844 = CARTESIAN_POINT ( 'NONE',  ( 29.78748796060893156, 2.433902315518461368, 0.5000000000000073275 ) ) ;
#2845 = VECTOR ( 'NONE', #3484, 1000.000000000000000 ) ;
#2846 = ORIENTED_EDGE ( 'NONE', *, *, #1384, .T. ) ;
#2847 = DIRECTION ( 'NONE',  ( -0.000000000000000000, -0.000000000000000000, 1.000000000000000000 ) ) ;
#2848 = CARTESIAN_POINT ( 'NONE',  ( 42.84079479881201991, 2.478426106117299188, 0.000000000000000000 ) ) ;
#2849 = AXIS2_PLACEMENT_3D ( 'NONE', #1284, #453, #1406 ) ;
#2850 = CARTESIAN_POINT ( 'NONE',  ( 27.55498036200568279, -0.8949537864846996982, -0.000000000000000000 ) ) ;
#2851 = CARTESIAN_POINT ( 'NONE',  ( 34.80854744019084279, 4.217827003345270498, -0.000000000000000000 ) ) ;
#2852 = EDGE_CURVE ( 'NONE', #629, #3831, #105, .T. ) ;
#2853 = VECTOR ( 'NONE', #1871, 1000.000000000000000 ) ;
#2854 = CARTESIAN_POINT ( 'NONE',  ( 21.00000000000000000, -1.899999999999999911, 4.132391042439890860 ) ) ;
#2855 = CARTESIAN_POINT ( 'NONE',  ( 28.36076547452570296, -1.287414102626925017, 0.5000000000000074385 ) ) ;
#2856 = VECTOR ( 'NONE', #490, 1000.000000000000000 ) ;
#2857 = CARTESIAN_POINT ( 'NONE',  ( 0.000000000000000000, -5.875000000000000000, 6.000000000000000000 ) ) ;
#2858 = EDGE_LOOP ( 'NONE', ( #2544, #2154, #2161, #2019 ) ) ;
#2859 = CARTESIAN_POINT ( 'NONE',  ( 28.07206435985990822, 1.723967263643583880, 0.000000000000000000 ) ) ;
#2860 = VECTOR ( 'NONE', #2714, 1000.000000000000000 ) ;
#2861 = CARTESIAN_POINT ( 'NONE',  ( 43.14113233794306268, -1.570715164534284058, 0.5000000000000074385 ) ) ;
#2862 = CARTESIAN_POINT ( 'NONE',  ( 28.06954024371364298, -1.721031500008260995, 0.000000000000000000 ) ) ;
#2863 = ORIENTED_EDGE ( 'NONE', *, *, #3052, .F. ) ;
#2864 = LINE ( 'NONE', #101, #1444 ) ;
#2865 = DIRECTION ( 'NONE',  ( 0.000000000000000000, -0.000000000000000000, -1.000000000000000000 ) ) ;
#2866 = CARTESIAN_POINT ( 'NONE',  ( 40.02155961772430004, 3.375000000000000444, 1.871238477386394594 ) ) ;
#2867 = CARTESIAN_POINT ( 'NONE',  ( 28.54412357346935636, 1.503239152072455065, 0.5000000000000076605 ) ) ;
#2868 = EDGE_LOOP ( 'NONE', ( #935, #322, #2084, #2351 ) ) ;
#2869 = FACE_OUTER_BOUND ( 'NONE', #1327, .T. ) ;
#2870 = CARTESIAN_POINT ( 'NONE',  ( 41.32474546186895026, 3.290699413642086846, 0.000000000000000000 ) ) ;
#2871 = CARTESIAN_POINT ( 'NONE',  ( 27.83538953534358029, -1.417443765601982042, -0.000000000000000000 ) ) ;
#2872 = SURFACE_STYLE_FILL_AREA ( #2250 ) ;
#2873 = CARTESIAN_POINT ( 'NONE',  ( 42.70697856845200135, 2.566061920013861908, -0.000000000000000000 ) ) ;
#2874 = CARTESIAN_POINT ( 'NONE',  ( 41.73933797291902437, 2.558265748249855864, 3.671468403369911204 ) ) ;
#2875 = CARTESIAN_POINT ( 'NONE',  ( 27.87495013481587236, -0.08423342259249694264, 0.5000000000000073275 ) ) ;
#2876 = CARTESIAN_POINT ( 'NONE',  ( 43.86408350052563065, 0.2245184922469758704, 2.000000000000000000 ) ) ;
#2877 = CARTESIAN_POINT ( 'NONE',  ( 29.55155389481437567, -2.874817185613807169, 0.000000000000000000 ) ) ;
#2878 = CARTESIAN_POINT ( 'NONE',  ( 43.85090781265228799, -0.2938219623376758793, 0.5000000000000074385 ) ) ;
#2879 = CARTESIAN_POINT ( 'NONE',  ( 43.38055549733092420, -2.034607460785012645, 0.000000000000000000 ) ) ;
#2880 = B_SPLINE_CURVE_WITH_KNOTS ( 'NONE', 1,
 ( #2295, #3539 ),
 .UNSPECIFIED., .F., .F.,
 ( 2, 2 ),
 ( 0.000000000000000000, 1.000000000000000000 ),
 .UNSPECIFIED. ) ;
#2881 = VERTEX_POINT ( 'NONE', #1383 ) ;
#2882 = CARTESIAN_POINT ( 'NONE',  ( 43.49681264547649562, 1.922334828247471483, 0.000000000000000000 ) ) ;
#2883 = CARTESIAN_POINT ( 'NONE',  ( 43.82170483410448014, 1.554305694860873555, 1.999999999999999556 ) ) ;
#2884 = DIRECTION ( 'NONE',  ( 0.000000000000000000, 0.000000000000000000, 1.000000000000000000 ) ) ;
#2885 = CARTESIAN_POINT ( 'NONE',  ( 30.05407337545956281, 2.575522630115012923, 0.5000000000000076605 ) ) ;
#2886 = ORIENTED_EDGE ( 'NONE', *, *, #348, .F. ) ;
#2887 = LINE ( 'NONE', #432, #861 ) ;
#2888 = DIRECTION ( 'NONE',  ( -0.000000000000000000, -0.000000000000000000, 1.000000000000000000 ) ) ;
#2889 = CARTESIAN_POINT ( 'NONE',  ( 35.02206497817684294, 4.229579419452878852, -0.000000000000000000 ) ) ;
#2890 = DIRECTION ( 'NONE',  ( -1.000000000000000000, 0.000000000000000000, 0.000000000000000000 ) ) ;
#2891 = CARTESIAN_POINT ( 'NONE',  ( 44.10546076019920747, 1.098325426713371744, 2.000000000000000000 ) ) ;
#2892 = CARTESIAN_POINT ( 'NONE',  ( 30.92606703639568622, -3.478193763430661001, 0.000000000000000000 ) ) ;
#2893 = CARTESIAN_POINT ( 'NONE',  ( 42.04374686624365154, -2.390987710590033899, 0.5000000000000073275 ) ) ;
#2894 = CARTESIAN_POINT ( 'NONE',  ( 43.88098743895942278, -1.463619992626081112, 0.000000000000000000 ) ) ;
#2895 = EDGE_LOOP ( 'NONE', ( #3353, #1612, #3809, #2846, #613, #308 ) ) ;
#2896 = CARTESIAN_POINT ( 'NONE',  ( 44.29785089024753120, 0.5906301939103408838, 0.000000000000000000 ) ) ;
#2897 = DIRECTION ( 'NONE',  ( 0.000000000000000000, -0.7071067811865474617, 0.7071067811865474617 ) ) ;
#2898 = CARTESIAN_POINT ( 'NONE',  ( 41.10474494817862023, 3.375000000000000000, 1.999999999999998224 ) ) ;
#2899 = EDGE_CURVE ( 'NONE', #1633, #744, #2601, .T. ) ;
#2900 = CARTESIAN_POINT ( 'NONE',  ( 31.18864645867130037, 3.039738108390165561, 0.5000000000000073275 ) ) ;
#2901 = EDGE_CURVE ( 'NONE', #1478, #1616, #2285, .T. ) ;
#2902 = ORIENTED_EDGE ( 'NONE', *, *, #410, .T. ) ;
#2903 = CARTESIAN_POINT ( 'NONE',  ( 50.00000000000000000, 7.500000000000000000, 6.000000000000000000 ) ) ;
#2904 = CARTESIAN_POINT ( 'NONE',  ( 29.16199616260662708, -2.047706580386421393, 1.499999999999999556 ) ) ;
#2905 = CIRCLE ( 'NONE', #2523, 1.000000000000000888 ) ;
#2906 = CARTESIAN_POINT ( 'NONE',  ( 35.34275410637349779, 4.244253626553396330, -0.000000000000000000 ) ) ;
#2907 = DIRECTION ( 'NONE',  ( 1.000000000000000000, 0.000000000000000000, -0.000000000000000000 ) ) ;
#2908 = CARTESIAN_POINT ( 'NONE',  ( 11.00000000000000178, -5.875000000000000000, 0.000000000000000000 ) ) ;
#2909 = CARTESIAN_POINT ( 'NONE',  ( 27.93477377078272283, -0.4594466119026725526, 0.5000000000000074385 ) ) ;
#2910 = CARTESIAN_POINT ( 'NONE',  ( 42.49176881662330629, 2.114826387287346954, 1.500000000000000000 ) ) ;
#2911 = CARTESIAN_POINT ( 'NONE',  ( 27.37493598245787041, -0.1081952085782345724, 0.000000000000000000 ) ) ;
#2912 = PRODUCT_DEFINITION_CONTEXT ( 'detailed design', #1095, 'design' ) ;
#2913 = CARTESIAN_POINT ( 'NONE',  ( 43.74766901636687777, -0.6676841406358070552, 0.5000000000000076605 ) ) ;
#2914 = CARTESIAN_POINT ( 'NONE',  ( 44.24184294057030797, -0.7714359842409908019, 0.000000000000000000 ) ) ;
#2915 = VECTOR ( 'NONE', #2958, 1000.000000000000000 ) ;
#2916 = ORIENTED_EDGE ( 'NONE', *, *, #2266, .T. ) ;
#2917 = CARTESIAN_POINT ( 'NONE',  ( 11.00000000000000178, -3.125000000000000000, 3.000000000000000000 ) ) ;
#2918 = DIRECTION ( 'NONE',  ( 0.000000000000000000, 0.000000000000000000, 1.000000000000000000 ) ) ;
#2919 = DIRECTION ( 'NONE',  ( 1.000000000000000000, 0.000000000000000000, 0.000000000000000000 ) ) ;
#2920 = EDGE_CURVE ( 'NONE', #1899, #1036, #414, .T. ) ;
#2921 = CIRCLE ( 'NONE', #1572, 8.000000000000000000 ) ;
#2922 = CARTESIAN_POINT ( 'NONE',  ( 28.11235351100502200, 0.9102354526698389625, 0.5000000000000074385 ) ) ;
#2923 = VERTEX_POINT ( 'NONE', #3769 ) ;
#2924 = CARTESIAN_POINT ( 'NONE',  ( 31.80855675386493076, -3.759233974458367378, 2.000000000000000000 ) ) ;
#2925 = EDGE_CURVE ( 'NONE', #1068, #1175, #449, .T. ) ;
#2926 = CARTESIAN_POINT ( 'NONE',  ( 6.000000000000000888, 0.000000000000000000, 0.000000000000000000 ) ) ;
#2927 = VERTEX_POINT ( 'NONE', #2903 ) ;
#2928 = CARTESIAN_POINT ( 'NONE',  ( 27.53462365175158055, 0.8497155084400334069, -0.000000000000000000 ) ) ;
#2929 = CARTESIAN_POINT ( 'NONE',  ( 27.37500039242483751, 0.001331181180930506329, 0.000000000000000000 ) ) ;
#2930 = CARTESIAN_POINT ( 'NONE',  ( 6.000000000000000888, -3.125000000000000000, 3.000000000000000000 ) ) ;
#2931 = CARTESIAN_POINT ( 'NONE',  ( 28.27782706044594008, -1.175622668296354201, 0.5000000000000074385 ) ) ;
#2932 = CARTESIAN_POINT ( 'NONE',  ( 43.79092996631068502, 0.5529822280590729333, 2.000000000000000000 ) ) ;
#2933 = CARTESIAN_POINT ( 'NONE',  ( 32.47874469704311906, -3.908397830367315695, 0.000000000000000000 ) ) ;
#2934 = CARTESIAN_POINT ( 'NONE',  ( 42.70299592207585704, -1.954419818821111043, 0.5000000000000074385 ) ) ;
#2935 = CARTESIAN_POINT ( 'NONE',  ( 41.32267457502960895, -3.289535632334117388, 0.000000000000000000 ) ) ;
#2936 = VERTEX_POINT ( 'NONE', #715 ) ;
#2937 = CARTESIAN_POINT ( 'NONE',  ( 44.37499999017173025, 0.05421482312906786283, 0.000000000000000000 ) ) ;
#2938 = DIRECTION ( 'NONE',  ( -0.7071067811865493491, 0.000000000000000000, -0.7071067811865456854 ) ) ;
#2939 = CARTESIAN_POINT ( 'NONE',  ( 32.38788084516747290, 3.375000000000000444, 3.999999999999989786 ) ) ;
#2940 = CARTESIAN_POINT ( 'NONE',  ( 41.91031412042359960, 3.025004538456709913, 0.000000000000000000 ) ) ;
#2941 = CARTESIAN_POINT ( 'NONE',  ( 27.99406550622059697, -0.6449123510303836904, 0.5000000000000073275 ) ) ;
#2942 = CARTESIAN_POINT ( 'NONE',  ( 28.11925421086630195, 1.794590164335685634, 2.000000000000000000 ) ) ;
#2943 = ADVANCED_FACE ( 'NONE', ( #2869 ), #2550, .T. ) ;
#2944 = CARTESIAN_POINT ( 'NONE',  ( 31.33452592990656171, -3.611814464704804273, -0.000000000000000000 ) ) ;
#2945 = CARTESIAN_POINT ( 'NONE',  ( 43.92998291416628831, -1.392623428735451085, -0.000000000000000000 ) ) ;
#2946 = ORIENTED_EDGE ( 'NONE', *, *, #3079, .F. ) ;
#2947 = CARTESIAN_POINT ( 'NONE',  ( 27.92884931799171611, 1.550246817237654007, -0.000000000000000000 ) ) ;
#2948 = CARTESIAN_POINT ( 'NONE',  ( 31.75878491661677927, -3.232178876127843825, 3.199589351131416404 ) ) ;
#2949 = LINE ( 'NONE', #1194, #530 ) ;
#2950 = CARTESIAN_POINT ( 'NONE',  ( 33.80237751648967759, -3.627552226698714133, 0.5000000000000074385 ) ) ;
#2951 = EDGE_CURVE ( 'NONE', #635, #277, #958, .T. ) ;
#2952 = ADVANCED_FACE ( 'NONE', ( #3691 ), #1113, .T. ) ;
#2953 = PLANE ( 'NONE',  #2270 ) ;
#2954 = CARTESIAN_POINT ( 'NONE',  ( 27.56574886184757389, -0.9208969472348834673, 0.000000000000000000 ) ) ;
#2955 = CARTESIAN_POINT ( 'NONE',  ( 31.27078380840357141, 3.375000000000000888, 1.966098026113013209 ) ) ;
#2956 = CARTESIAN_POINT ( 'NONE',  ( 43.91194225206912449, -1.418894210299666669, 0.000000000000000000 ) ) ;
#2957 = ORIENTED_EDGE ( 'NONE', *, *, #3501, .F. ) ;
#2958 = DIRECTION ( 'NONE',  ( 0.000000000000000000, 0.000000000000000000, -1.000000000000000000 ) ) ;
#2959 = LINE ( 'NONE', #2659, #2214 ) ;
#2960 = DIRECTION ( 'NONE',  ( -0.000000000000000000, -0.000000000000000000, -1.000000000000000000 ) ) ;
#2961 = CARTESIAN_POINT ( 'NONE',  ( 21.00000000000000000, -1.899999999999999911, 2.000000000000000000 ) ) ;
#2962 = CARTESIAN_POINT ( 'NONE',  ( 29.44763978656562031, -2.233801636532552592, 0.5000000000000073275 ) ) ;
#2963 = ADVANCED_FACE ( 'NONE', ( #915 ), #2465, .T. ) ;
#2964 = ORIENTED_EDGE ( 'NONE', *, *, #247, .T. ) ;
#2965 = CARTESIAN_POINT ( 'NONE',  ( 27.92762863511976335, -0.4432497862589075965, 1.500000000000000000 ) ) ;
#2966 = CARTESIAN_POINT ( 'NONE',  ( 44.25066024031492873, -0.7457780130772410088, 0.000000000000000000 ) ) ;
#2967 = ORIENTED_EDGE ( 'NONE', *, *, #1966, .T. ) ;
#2968 = CARTESIAN_POINT ( 'NONE',  ( 27.37509001276173137, 0.1092749236312855754, -0.000000000000000000 ) ) ;
#2969 = CARTESIAN_POINT ( 'NONE',  ( 0.000000000000000000, -3.125000000000000000, 0.000000000000000000 ) ) ;
#2970 = DIRECTION ( 'NONE',  ( 0.000000000000000000, 0.000000000000000000, 1.000000000000000000 ) ) ;
#2971 = VECTOR ( 'NONE', #1167, 1000.000000000000000 ) ;
#2972 = CARTESIAN_POINT ( 'NONE',  ( 35.45830391917255042, -3.746188299449074943, 0.5000000000000073275 ) ) ;
#2973 = EDGE_CURVE ( 'NONE', #2679, #380, #2148, .T. ) ;
#2974 = CARTESIAN_POINT ( 'NONE',  ( 44.12037193318646899, -1.095727215945331956, 2.000000000000000000 ) ) ;
#2975 = AXIS2_PLACEMENT_3D ( 'NONE', #2045, #810, #2362 ) ;
#2976 = CARTESIAN_POINT ( 'NONE',  ( 50.25000000000000000, -7.662588612038525149, 5.833336231457138865 ) ) ;
#2977 = CARTESIAN_POINT ( 'NONE',  ( 43.33142608766718951, 1.360875241709664785, 0.5000000000000074385 ) ) ;
#2978 = ORIENTED_EDGE ( 'NONE', *, *, #1360, .F. ) ;
#2979 = FACE_OUTER_BOUND ( 'NONE', #225, .T. ) ;
#2980 = CARTESIAN_POINT ( 'NONE',  ( 47.75000000000000000, -1.899999999999999689, 4.132391042439879314 ) ) ;
#2981 = CLOSED_SHELL ( 'NONE', ( #533, #934, #781, #1850, #945, #394, #86, #3213, #817, #1053, #3682, #2146, #2023, #3577, #1507, #3549, #664, #2776, #3412, #2430, #3067, #827, #1928, #704, #1125, #1247, #313, #3435, #1353, #2753, #2177, #2480, #1350, #528, #3098, #389, #3103, #3152, #396, #691, #2778, #3224, #1082, #1061, #2571, #3271, #1646, #2233, #1268, #2660, #1109, #3486, #3336, #3317, #1258, #1626, #40, #883, #3395, #166, #3343, #3603, #2952, #2557, #2963, #507, #3168, #1962, #1623, #2223, #2943, #2536 ) ) ;
#2982 = CARTESIAN_POINT ( 'NONE',  ( 29.83188087705097402, 3.023661107793625735, 0.000000000000000000 ) ) ;
#2983 = CARTESIAN_POINT ( 'NONE',  ( 28.11057190474717515, -0.9068948587334322298, 0.5000000000000076605 ) ) ;
#2984 = ORIENTED_EDGE ( 'NONE', *, *, #2925, .F. ) ;
#2985 = ORIENTED_EDGE ( 'NONE', *, *, #1587, .F. ) ;
#2986 = CARTESIAN_POINT ( 'NONE',  ( 27.87519026020120805, -0.1145539098144860435, 1.999999999999751310 ) ) ;
#2987 =( BOUNDED_CURVE ( )  B_SPLINE_CURVE ( 3, ( #2311, #1632, #1334, #1370 ),
 .UNSPECIFIED., .F., .T. ) 
 B_SPLINE_CURVE_WITH_KNOTS ( ( 4, 4 ),
 ( 4.261362168588426869, 5.163415792180955144 ),
 .UNSPECIFIED. ) 
 CURVE ( )  GEOMETRIC_REPRESENTATION_ITEM ( )  RATIONAL_B_SPLINE_CURVE ( ( 1.000000000000000000, 0.9333333333333327930, 0.9333333333333327930, 1.000000000000000000 ) ) 
 REPRESENTATION_ITEM ( '' )  );
#2988 = CONICAL_SURFACE ( 'NONE', #2667, 5.249999999999997335, 0.7853981633974509435 ) ;
#2989 = CARTESIAN_POINT ( 'NONE',  ( 27.96546696122450726, -1.593682483098346703, 0.000000000000000000 ) ) ;
#2990 = CARTESIAN_POINT ( 'NONE',  ( 38.01145059596883158, -4.123626876546685693, 0.000000000000000000 ) ) ;
#2991 = ORIENTED_EDGE ( 'NONE', *, *, #2852, .T. ) ;
#2992 = CARTESIAN_POINT ( 'NONE',  ( 28.11692729758498999, 1.774804578657903642, 0.000000000000000000 ) ) ;
#2993 = DIRECTION ( 'NONE',  ( 1.000000000000000000, 0.000000000000000000, 0.000000000000000000 ) ) ;
#2994 = ORIENTED_EDGE ( 'NONE', *, *, #3250, .F. ) ;
#2995 = PLANE ( 'NONE',  #3889 ) ;
#2996 = CARTESIAN_POINT ( 'NONE',  ( 6.000000000000000888, -3.125000000000000000, 0.000000000000000000 ) ) ;
#2997 = CARTESIAN_POINT ( 'NONE',  ( 29.70456867847749294, -2.387629554503499563, 0.5000000000000073275 ) ) ;
#2998 = CARTESIAN_POINT ( 'NONE',  ( 27.87500000000000355, -1.010333609296567339E-15, 0.5000000000000073275 ) ) ;
#2999 = CARTESIAN_POINT ( 'NONE',  ( 32.38788084516742316, -3.374999999999990230, 3.999999999999989786 ) ) ;
#3000 = CARTESIAN_POINT ( 'NONE',  ( 44.35952250064175928, -0.2695917207443864205, 0.000000000000000000 ) ) ;
#3001 = EDGE_CURVE ( 'NONE', #744, #3697, #1862, .T. ) ;
#3002 = EDGE_LOOP ( 'NONE', ( #2433, #1140, #2967, #1147 ) ) ;
#3003 = CARTESIAN_POINT ( 'NONE',  ( 42.47756352394136314, 2.712799926356328051, 0.000000000000000000 ) ) ;
#3004 = DIRECTION ( 'NONE',  ( 1.000000000000000000, 0.000000000000000000, 0.000000000000000000 ) ) ;
#3005 = CARTESIAN_POINT ( 'NONE',  ( 0.000000000000000000, 8.000000000000000000, 0.5000000000000004441 ) ) ;
#3006 = CARTESIAN_POINT ( 'NONE',  ( 28.64918618783689652, 2.278825390338829138, 0.000000000000000000 ) ) ;
#3007 = CARTESIAN_POINT ( 'NONE',  ( 32.38075258308713700, -3.375042067985723815, 0.5000000000000073275 ) ) ;
#3008 = ORIENTED_EDGE ( 'NONE', *, *, #3642, .T. ) ;
#3009 = CARTESIAN_POINT ( 'NONE',  ( 31.72844038227568575, -3.374999999999991118, 1.871238477386396593 ) ) ;
#3010 = CARTESIAN_POINT ( 'NONE',  ( 27.95907003185277517, -0.5529822287591324992, 1.500000000000000000 ) ) ;
#3011 = EDGE_CURVE ( 'NONE', #2481, #1741, #1880, .T. ) ;
#3012 = CARTESIAN_POINT ( 'NONE',  ( 44.26748279605849490, -0.6940614410875320939, 0.000000000000000000 ) ) ;
#3013 = VERTEX_POINT ( 'NONE', #1544 ) ;
#3014 = CARTESIAN_POINT ( 'NONE',  ( 30.27182275754370977, 3.223759305033678135, -0.000000000000000000 ) ) ;
#3015 = CARTESIAN_POINT ( 'NONE',  ( 11.00000000000000178, -5.875000000000000000, 6.000000000000000000 ) ) ;
#3016 = ORIENTED_EDGE ( 'NONE', *, *, #686, .F. ) ;
#3017 = LINE ( 'NONE', #2376, #2139 ) ;
#3018 = CARTESIAN_POINT ( 'NONE',  ( 29.53240528909546470, -2.286355168782551406, 0.5000000000000074385 ) ) ;
#3019 = DIRECTION ( 'NONE',  ( 1.000000000000000000, 0.000000000000000000, 0.000000000000000000 ) ) ;
#3020 = CARTESIAN_POINT ( 'NONE',  ( 21.00000000000000000, 3.375000000000000000, -28.50614692156320018 ) ) ;
#3021 = CARTESIAN_POINT ( 'NONE',  ( 43.61535773221501699, 0.9484721412716529132, 0.5000000000000073275 ) ) ;
#3022 = ORIENTED_EDGE ( 'NONE', *, *, #3512, .T. ) ;
#3023 = CARTESIAN_POINT ( 'NONE',  ( 43.87500000000000711, 1.470012677705144964E-15, 0.5000000000000073275 ) ) ;
#3024 = CARTESIAN_POINT ( 'NONE',  ( 32.26511558315468164, 3.861568484979341687, 0.000000000000000000 ) ) ;
#3025 = ORIENTED_EDGE ( 'NONE', *, *, #1650, .F. ) ;
#3026 = CARTESIAN_POINT ( 'NONE',  ( 21.00000000000000355, -3.374999999999997335, 1.999999999999998224 ) ) ;
#3027 = EDGE_CURVE ( 'NONE', #597, #1633, #1845, .T. ) ;
#3028 = CARTESIAN_POINT ( 'NONE',  ( 41.49341988461105757, 3.226642628904774046, 1.999999999999997780 ) ) ;
#3029 = CARTESIAN_POINT ( 'NONE',  ( 30.72161001446388440, -3.403835045864342934, -0.000000000000000000 ) ) ;
#3030 = CARTESIAN_POINT ( 'NONE',  ( 44.36530964949696454, -0.2159311749626670884, 0.000000000000000000 ) ) ;
#3031 = ORIENTED_EDGE ( 'NONE', *, *, #3798, .F. ) ;
#3032 = LINE ( 'NONE', #1448, #2022 ) ;
#3033 = VERTEX_POINT ( 'NONE', #2762 ) ;
#3034 = CARTESIAN_POINT ( 'NONE',  ( 32.44927005873860537, -4.668874172185430993, 1.999999999999991340 ) ) ;
#3035 = CARTESIAN_POINT ( 'NONE',  ( 40.84662703214402768, -2.938502831002414162, 0.5000000000000073275 ) ) ;
#3036 = VECTOR ( 'NONE', #450, 1000.000000000000000 ) ;
#3037 = CARTESIAN_POINT ( 'NONE',  ( 42.48996739703360959, -2.116029463161861468, 1.999999999999877875 ) ) ;
#3038 = AXIS2_PLACEMENT_3D ( 'NONE', #139, #122, #1359 ) ;
#3039 = CARTESIAN_POINT ( 'NONE',  ( 23.00000000000000355, 8.000000000000000000, 0.000000000000000000 ) ) ;
#3040 = CARTESIAN_POINT ( 'NONE',  ( 43.14050483267227776, 1.571335444147085258, 0.5000000000000074385 ) ) ;
#3041 = AXIS2_PLACEMENT_3D ( 'NONE', #3789, #126, #3174 ) ;
#3042 = EDGE_LOOP ( 'NONE', ( #3419, #2225, #1822, #649 ) ) ;
#3043 = FACE_OUTER_BOUND ( 'NONE', #2236, .T. ) ;
#3044 = AXIS2_PLACEMENT_3D ( 'NONE', #306, #2625, #2516 ) ;
#3045 = CARTESIAN_POINT ( 'NONE',  ( 28.25268765195812648, 1.921787447615325384, 0.000000000000000000 ) ) ;
#3046 = ORIENTED_EDGE ( 'NONE', *, *, #3078, .T. ) ;
#3047 = CARTESIAN_POINT ( 'NONE',  ( 0.000000000000000000, 0.000000000000000000, 5.499999999999992895 ) ) ;
#3048 = DIRECTION ( 'NONE',  ( 1.000000000000000000, 0.000000000000000000, 0.000000000000000000 ) ) ;
#3049 = CONICAL_SURFACE ( 'NONE', #1129, 8.000000000000000000, 0.7853981633974482790 ) ;
#3050 = CARTESIAN_POINT ( 'NONE',  ( 41.42354180788031925, -3.247029060712912862, -0.000000000000000000 ) ) ;
#3051 = CARTESIAN_POINT ( 'NONE',  ( 43.54778699624841209, 1.064551435904755206, 0.5000000000000074385 ) ) ;
#3052 = EDGE_CURVE ( 'NONE', #2595, #851, #937, .T. ) ;
#3053 = ORIENTED_EDGE ( 'NONE', *, *, #2310, .T. ) ;
#3054 = CARTESIAN_POINT ( 'NONE',  ( 27.87499999990357580, 1.694185902421818572E-14, 0.5000000000000073275 ) ) ;
#3055 = LINE ( 'NONE', #3134, #1827 ) ;
#3056 = CARTESIAN_POINT ( 'NONE',  ( 48.75000000000000000, -2.899999999999999911, 3.432183504230160942 ) ) ;
#3057 = DIRECTION ( 'NONE',  ( 1.000000000000000000, 0.000000000000000000, 0.000000000000000000 ) ) ;
#3058 = CARTESIAN_POINT ( 'NONE',  ( 44.37500000000001421, 2.105723906874190643E-15, 0.000000000000000000 ) ) ;
#3059 = CARTESIAN_POINT ( 'NONE',  ( 41.10474494817865576, -3.374999999999985345, 1.999999999999998224 ) ) ;
#3060 = CARTESIAN_POINT ( 'NONE',  ( 43.82491701587973409, 0.4210340351420970850, 0.5000000000000073275 ) ) ;
#3061 = VERTEX_POINT ( 'NONE', #3086 ) ;
#3062 = FACE_OUTER_BOUND ( 'NONE', #2816, .T. ) ;
#3063 = CARTESIAN_POINT ( 'NONE',  ( 30.32211237112381497, 3.245835679765102899, 0.000000000000000000 ) ) ;
#3064 = ORIENTED_EDGE ( 'NONE', *, *, #3643, .F. ) ;
#3065 = DIRECTION ( 'NONE',  ( 0.000000000000000000, -1.000000000000000000, 0.000000000000000000 ) ) ;
#3066 = CARTESIAN_POINT ( 'NONE',  ( 29.69651543521548120, 2.977220843158767671, 2.000000000000000000 ) ) ;
#3067 = ADVANCED_FACE ( 'NONE', ( #1561, #24, #2483, #2185, #3954 ), #1184, .F. ) ;
#3068 = CARTESIAN_POINT ( 'NONE',  ( 41.49543514454376947, -3.216327289070243012, 0.000000000000000000 ) ) ;
#3069 = CARTESIAN_POINT ( 'NONE',  ( 43.38988743331618281, 1.288370069353787617, 0.5000000000000073275 ) ) ;
#3070 = ORIENTED_EDGE ( 'NONE', *, *, #3631, .F. ) ;
#3071 = CARTESIAN_POINT ( 'NONE',  ( 50.00000000000000000, 8.000000000000000000, 5.500000000000000000 ) ) ;
#3072 = ORIENTED_EDGE ( 'NONE', *, *, #2624, .F. ) ;
#3073 = DIRECTION ( 'NONE',  ( 0.000000000000000000, -1.000000000000000000, 0.000000000000000000 ) ) ;
#3074 = DIRECTION ( 'NONE',  ( -0.000000000000000000, -0.000000000000000000, -1.000000000000000000 ) ) ;
#3075 = CARTESIAN_POINT ( 'NONE',  ( 42.97586485977838322, 2.377108765614830865, -0.000000000000000000 ) ) ;
#3076 = UNCERTAINTY_MEASURE_WITH_UNIT (LENGTH_MEASURE( 1.000000000000000082E-05 ), #1683, 'distance_accuracy_value', 'NONE');
#3077 = DIRECTION ( 'NONE',  ( 0.000000000000000000, 0.000000000000000000, -1.000000000000000000 ) ) ;
#3078 = EDGE_CURVE ( 'NONE', #332, #1036, #1174, .T. ) ;
#3079 = EDGE_CURVE ( 'NONE', #2004, #3706, #279, .T. ) ;
#3080 = EDGE_LOOP ( 'NONE', ( #2366, #1030, #3510, #895 ) ) ;
#3081 = CARTESIAN_POINT ( 'NONE',  ( 28.90578958501867035, 2.472566157903023143, 0.000000000000000000 ) ) ;
#3082 = CARTESIAN_POINT ( 'NONE',  ( 21.00000000000000000, 1.899999999999999911, 6.000000000000000000 ) ) ;
#3083 = CARTESIAN_POINT ( 'NONE',  ( 30.92606703639568622, -3.478193763430661001, 0.000000000000000000 ) ) ;
#3084 = ORIENTED_EDGE ( 'NONE', *, *, #3097, .F. ) ;
#3085 = DIRECTION ( 'NONE',  ( -1.000000000000000000, -1.734723475976810299E-16, -0.000000000000000000 ) ) ;
#3086 = CARTESIAN_POINT ( 'NONE',  ( 50.75000000000000000, 1.899999999999999911, 4.132391042439891748 ) ) ;
#3087 = EDGE_CURVE ( 'NONE', #1633, #1741, #3504, .T. ) ;
#3088 = PLANE ( 'NONE',  #1566 ) ;
#3089 = CARTESIAN_POINT ( 'NONE',  ( 36.41403656325834959, -4.244052404880536145, -0.000000000000000000 ) ) ;
#3090 = CARTESIAN_POINT ( 'NONE',  ( 43.86271129812540437, 0.2120005103595757612, 0.5000000000000074385 ) ) ;
#3091 = EDGE_LOOP ( 'NONE', ( #291, #264 ) ) ;
#3092 = ORIENTED_EDGE ( 'NONE', *, *, #3482, .T. ) ;
#3093 = DIRECTION ( 'NONE',  ( 0.000000000000000000, 0.000000000000000000, -1.000000000000000000 ) ) ;
#3094 = CARTESIAN_POINT ( 'NONE',  ( 39.30072994126140884, 4.668874172185430105, 5.999999999999999112 ) ) ;
#3095 = CARTESIAN_POINT ( 'NONE',  ( 42.97512593229779299, -1.737425827656697175, 1.499999999999999778 ) ) ;
#3096 = CARTESIAN_POINT ( 'NONE',  ( 0.000000000000000000, 7.500000000000000000, 0.000000000000000000 ) ) ;
#3097 = EDGE_CURVE ( 'NONE', #2004, #1322, #2242, .T. ) ;
#3098 = ADVANCED_FACE ( 'NONE', ( #1582 ), #42, .F. ) ;
#3099 = ORIENTED_EDGE ( 'NONE', *, *, #2103, .T. ) ;
#3100 = VECTOR ( 'NONE', #2528, 1000.000000000000000 ) ;
#3101 = CARTESIAN_POINT ( 'NONE',  ( 29.17520008369275075, 2.652361010111986772, 0.000000000000000000 ) ) ;
#3102 = CARTESIAN_POINT ( 'NONE',  ( 28.18879097424452596, 1.861795662496678716, 2.000000000000000000 ) ) ;
#3103 = ADVANCED_FACE ( 'NONE', ( #978 ), #1032, .F. ) ;
#3104 = CARTESIAN_POINT ( 'NONE',  ( 28.91012097740118136, -2.475666938332841127, 0.000000000000000000 ) ) ;
#3105 = VECTOR ( 'NONE', #3149, 1000.000000000000114 ) ;
#3106 = ORIENTED_EDGE ( 'NONE', *, *, #740, .F. ) ;
#3107 = CARTESIAN_POINT ( 'NONE',  ( 27.88879560524925338, 0.2522115802031454912, 1.500000000000000222 ) ) ;
#3108 = DIRECTION ( 'NONE',  ( -0.000000000000000000, 1.000000000000000000, -0.000000000000000000 ) ) ;
#3109 = VECTOR ( 'NONE', #85, 1000.000000000000000 ) ;
#3110 = CARTESIAN_POINT ( 'NONE',  ( 21.00000000000000000, 3.375000000000000000, 3.099584923580558371 ) ) ;
#3111 = CARTESIAN_POINT ( 'NONE',  ( 39.79101156274953155, -3.786806047196090930, -0.000000000000000000 ) ) ;
#3112 = CARTESIAN_POINT ( 'NONE',  ( 35.04871039338161864, 3.730267258108889816, 0.5000000000000074385 ) ) ;
#3113 = DIRECTION ( 'NONE',  ( 0.000000000000000000, 0.000000000000000000, 1.000000000000000000 ) ) ;
#3114 = ORIENTED_EDGE ( 'NONE', *, *, #2820, .F. ) ;
#3115 = CYLINDRICAL_SURFACE ( 'NONE', #2643, 4.750000000000000000 ) ;
#3116 = VECTOR ( 'NONE', #2316, 1000.000000000000000 ) ;
#3117 = DIRECTION ( 'NONE',  ( 0.000000000000000000, -1.000000000000000000, 0.000000000000000000 ) ) ;
#3118 = CARTESIAN_POINT ( 'NONE',  ( 44.34380288968310424, 0.3786510611003697235, -0.000000000000000000 ) ) ;
#3119 = DIRECTION ( 'NONE',  ( -1.000000000000000000, 0.000000000000000000, 0.000000000000000000 ) ) ;
#3120 = CARTESIAN_POINT ( 'NONE',  ( 34.11220302596585441, 3.658168747128772491, 0.5000000000000073275 ) ) ;
#3121 = ORIENTED_EDGE ( 'NONE', *, *, #1877, .T. ) ;
#3122 = CARTESIAN_POINT ( 'NONE',  ( 27.88825607663196138, 1.490071037674939092, 0.000000000000000000 ) ) ;
#3123 = CARTESIAN_POINT ( 'NONE',  ( 50.00000000000000000, 7.500000000000000000, 0.000000000000000000 ) ) ;
#3124 = CARTESIAN_POINT ( 'NONE',  ( 30.62293096989976959, -3.367064729383107746, 0.000000000000000000 ) ) ;
#3125 = B_SPLINE_CURVE_WITH_KNOTS ( 'NONE', 3,
 ( #2569, #1062, #3218, #756, #2874, #1686, #3517, #111 ),
 .UNSPECIFIED., .F., .F.,
 ( 4, 2, 2, 4 ),
 ( 6.133173666733496745E-19, 0.001932011009677375843, 0.002898016514516063222, 0.003864022019354750818 ),
 .UNSPECIFIED. ) ;
#3126 = ORIENTED_EDGE ( 'NONE', *, *, #644, .T. ) ;
#3127 = DIRECTION ( 'NONE',  ( -1.000000000000000000, 0.000000000000000000, -0.000000000000000000 ) ) ;
#3128 = CARTESIAN_POINT ( 'NONE',  ( 51.25000000000000711, -3.374999999999978684, 0.6771243444677064183 ) ) ;
#3129 = CARTESIAN_POINT ( 'NONE',  ( 50.25000000000000000, -7.996092795859737201, 0.5000000000000004441 ) ) ;
#3130 = CARTESIAN_POINT ( 'NONE',  ( 39.94763796688327773, -3.746586872571513016, -0.000000000000000000 ) ) ;
#3131 = CARTESIAN_POINT ( 'NONE',  ( 43.33142608766718951, 1.360875241709664785, 0.5000000000000074385 ) ) ;
#3132 = ORIENTED_EDGE ( 'NONE', *, *, #188, .F. ) ;
#3133 = FACE_OUTER_BOUND ( 'NONE', #2895, .T. ) ;
#3134 = CARTESIAN_POINT ( 'NONE',  ( 0.000000000000000000, -7.500000000000000000, 6.000000000000000000 ) ) ;
#3135 = LINE ( 'NONE', #1569, #70 ) ;
#3136 = CARTESIAN_POINT ( 'NONE',  ( 43.87500000000000711, 1.469576158976824736E-15, 1.500000000000000000 ) ) ;
#3137 = CARTESIAN_POINT ( 'NONE',  ( 44.11660240396957988, 1.070440948097393097, -0.000000000000000000 ) ) ;
#3138 = PLANE ( 'NONE',  #1895 ) ;
#3139 = CARTESIAN_POINT ( 'NONE',  ( 33.59598695391843393, 3.596034600730546149, 0.5000000000000074385 ) ) ;
#3140 = B_SPLINE_CURVE_WITH_KNOTS ( 'NONE', 1,
 ( #2046, #505 ),
 .UNSPECIFIED., .F., .F.,
 ( 2, 2 ),
 ( 0.000000000000000000, 1.000000000000000000 ),
 .UNSPECIFIED. ) ;
#3141 = EDGE_CURVE ( 'NONE', #1638, #100, #258, .T. ) ;
#3142 = ORIENTED_EDGE ( 'NONE', *, *, #3536, .T. ) ;
#3143 = CARTESIAN_POINT ( 'NONE',  ( 28.73331469633888702, 2.344945230670389957, 0.000000000000000000 ) ) ;
#3144 = CARTESIAN_POINT ( 'NONE',  ( 23.41421356237309581, 1.899999999999999467, 4.132391042439891748 ) ) ;
#3145 = CARTESIAN_POINT ( 'NONE',  ( 27.82606227207034877, 1.400476495992255321, 0.000000000000000000 ) ) ;
#3146 = ORIENTED_EDGE ( 'NONE', *, *, #3814, .T. ) ;
#3147 = CARTESIAN_POINT ( 'NONE',  ( 27.87500000000000711, 0.1273993502825389590, 1.500000000000000000 ) ) ;
#3148 = CARTESIAN_POINT ( 'NONE',  ( 43.83020800576351661, -1.543178510826748617, 2.000000000000000000 ) ) ;
#3149 = DIRECTION ( 'NONE',  ( 0.7071067811865474617, 0.000000000000000000, 0.7071067811865474617 ) ) ;
#3150 = CARTESIAN_POINT ( 'NONE',  ( 43.16627014784317140, -2.223803030835868721, 0.000000000000000000 ) ) ;
#3151 = CARTESIAN_POINT ( 'NONE',  ( 27.92520046889967844, 0.4215331921067546617, 0.5000000000000074385 ) ) ;
#3152 = ADVANCED_FACE ( 'NONE', ( #3167 ), #409, .F. ) ;
#3153 = VERTEX_POINT ( 'NONE', #710 ) ;
#3154 = DIRECTION ( 'NONE',  ( 0.000000000000000000, 0.000000000000000000, -1.000000000000000000 ) ) ;
#3155 = CARTESIAN_POINT ( 'NONE',  ( 44.21365087937311955, 0.8480789350580887342, 0.000000000000000000 ) ) ;
#3156 = CARTESIAN_POINT ( 'NONE',  ( 28.27109906912647119, -1.183422573459699922, 1.500000000000000444 ) ) ;
#3157 = CARTESIAN_POINT ( 'NONE',  ( 40.82559357734896111, 3.477589081305832330, 0.000000000000000000 ) ) ;
#3158 = DIRECTION ( 'NONE',  ( -0.000000000000000000, 0.7071067811865474617, -0.7071067811865474617 ) ) ;
#3159 = CARTESIAN_POINT ( 'NONE',  ( 32.37612930462276495, 3.373983662053559929, 0.5000000000000074385 ) ) ;
#3160 = CARTESIAN_POINT ( 'NONE',  ( 39.39512574189094352, 3.879997252988840906, 2.000000000000000000 ) ) ;
#3161 = EDGE_LOOP ( 'NONE', ( #2054, #2106, #3188, #2507 ) ) ;
#3162 = CARTESIAN_POINT ( 'NONE',  ( 29.26699717367678133, 2.709479141955259074, 0.000000000000000000 ) ) ;
#3163 = CARTESIAN_POINT ( 'NONE',  ( 27.77877251419553062, -1.328303863264899354, 0.000000000000000000 ) ) ;
#3164 = VECTOR ( 'NONE', #3432, 1000.000000000000114 ) ;
#3165 = ORIENTED_EDGE ( 'NONE', *, *, #1724, .F. ) ;
#3166 = CARTESIAN_POINT ( 'NONE',  ( 23.50000000000000000, -3.374999999999979128, 0.000000000000000000 ) ) ;
#3167 = FACE_OUTER_BOUND ( 'NONE', #1904, .T. ) ;
#3168 = ADVANCED_FACE ( 'NONE', ( #672 ), #1943, .T. ) ;
#3169 = LINE ( 'NONE', #2363, #1690 ) ;
#3170 = CIRCLE ( 'NONE', #2584, 8.000000000000000000 ) ;
#3171 = CARTESIAN_POINT ( 'NONE',  ( 28.24161156045935783, 1.122379901887256448, 0.5000000000000073275 ) ) ;
#3172 = AXIS2_PLACEMENT_3D ( 'NONE', #2262, #690, #2561 ) ;
#3173 = ORIENTED_EDGE ( 'NONE', *, *, #3178, .T. ) ;
#3174 = DIRECTION ( 'NONE',  ( 0.000000000000000000, 0.000000000000000000, -1.000000000000000000 ) ) ;
#3175 = CARTESIAN_POINT ( 'NONE',  ( 0.000000000000000000, 8.000000000000000000, 0.5000000000000004441 ) ) ;
#3176 = AXIS2_PLACEMENT_3D ( 'NONE', #1479, #3342, #3402 ) ;
#3177 = CARTESIAN_POINT ( 'NONE',  ( 11.00000000000000178, 3.125000000000000000, 0.000000000000000000 ) ) ;
#3178 = EDGE_CURVE ( 'NONE', #2125, #314, #3925, .T. ) ;
#3179 = CARTESIAN_POINT ( 'NONE',  ( 43.97253547131130347, -1.325538129854617830, -0.000000000000000000 ) ) ;
#3180 = CARTESIAN_POINT ( 'NONE',  ( 38.95572095909592747, 3.970329506425720023, -0.000000000000000000 ) ) ;
#3181 = DIRECTION ( 'NONE',  ( 0.000000000000000000, -0.000000000000000000, 1.000000000000000000 ) ) ;
#3182 = CARTESIAN_POINT ( 'NONE',  ( 28.74460840818094809, -1.701897800450483222, 0.5000000000000073275 ) ) ;
#3183 = CARTESIAN_POINT ( 'NONE',  ( 43.82237136488021179, 0.4432497862590621951, 1.500000000000000000 ) ) ;
#3184 = CARTESIAN_POINT ( 'NONE',  ( 34.16428698457309565, -4.171214692440553762, 0.000000000000000000 ) ) ;
#3185 = AXIS2_PLACEMENT_3D ( 'NONE', #547, #3334, #2397 ) ;
#3186 = CARTESIAN_POINT ( 'NONE',  ( 43.84339339232413835, -0.3356518767835839356, 0.5000000000000074385 ) ) ;
#3187 = CARTESIAN_POINT ( 'NONE',  ( 43.09292991753768831, -2.284046254352417815, 0.000000000000000000 ) ) ;
#3188 = ORIENTED_EDGE ( 'NONE', *, *, #3828, .T. ) ;
#3189 = CARTESIAN_POINT ( 'NONE',  ( 29.16611021870057385, 2.050790138328719259, 1.500000000000000222 ) ) ;
#3190 = CARTESIAN_POINT ( 'NONE',  ( 44.23664930023997499, -0.8115966602782983541, 2.000000000000000000 ) ) ;
#3191 = DIRECTION ( 'NONE',  ( -0.000000000000000000, -0.000000000000000000, 1.000000000000000000 ) ) ;
#3192 = CARTESIAN_POINT ( 'NONE',  ( 32.37612930462276495, 3.373983662053559929, 0.5000000000000074385 ) ) ;
#3193 = B_SPLINE_CURVE_WITH_KNOTS ( 'NONE', 3,
 ( #3825, #2542, #3786, #1944, #1002, #2228, #692, #1019 ),
 .UNSPECIFIED., .F., .F.,
 ( 4, 2, 2, 4 ),
 ( 4.336808689942017736E-19, 0.0009704216393918800023, 0.001940843278783759571, 0.003881686557567509167 ),
 .UNSPECIFIED. ) ;
#3194 = ORIENTED_EDGE ( 'NONE', *, *, #2715, .T. ) ;
#3195 = CARTESIAN_POINT ( 'NONE',  ( 11.00000000000000178, 5.875000000000000000, 0.000000000000000000 ) ) ;
#3196 = CARTESIAN_POINT ( 'NONE',  ( 30.01689293226358757, -2.574661677920715874, 1.500000000000000444 ) ) ;
#3197 = EDGE_CURVE ( 'NONE', #764, #3262, #3968, .T. ) ;
#3198 = CARTESIAN_POINT ( 'NONE',  ( 37.58623769049392394, 4.166109595384408060, -0.000000000000000000 ) ) ;
#3199 = LINE ( 'NONE', #93, #1836 ) ;
#3200 = EDGE_CURVE ( 'NONE', #3872, #1616, #3252, .T. ) ;
#3201 = CARTESIAN_POINT ( 'NONE',  ( 43.54288715436737789, 1.074461991992230248, 1.500000000000000000 ) ) ;
#3202 = CARTESIAN_POINT ( 'NONE',  ( 27.93315356443334352, -1.551569636396388452, 0.000000000000000000 ) ) ;
#3203 = CARTESIAN_POINT ( 'NONE',  ( 43.81440709732689243, -0.4611509829525265447, 0.5000000000000074385 ) ) ;
#3204 = EDGE_CURVE ( 'NONE', #2600, #2132, #2959, .T. ) ;
#3205 = CARTESIAN_POINT ( 'NONE',  ( 41.91146890731504016, -3.026926665103478964, 0.000000000000000000 ) ) ;
#3206 = ORIENTED_EDGE ( 'NONE', *, *, #3728, .T. ) ;
#3207 = CARTESIAN_POINT ( 'NONE',  ( 42.84079479881201991, 2.478426106117299188, 0.000000000000000000 ) ) ;
#3208 = CARTESIAN_POINT ( 'NONE',  ( 44.23141188092073151, 0.8260682177052106612, 2.000000000000000000 ) ) ;
#3209 = CARTESIAN_POINT ( 'NONE',  ( 6.000000000000000888, 3.125000000000000000, 3.000000000000000000 ) ) ;
#3210 = CARTESIAN_POINT ( 'NONE',  ( 31.38395634044401206, 3.103845040322402049, 0.5000000000000074385 ) ) ;
#3211 = CARTESIAN_POINT ( 'NONE',  ( 0.000000000000000000, 0.000000000000000000, 6.000000000000000000 ) ) ;
#3212 = DIRECTION ( 'NONE',  ( -0.000000000000000000, 1.000000000000000000, -0.000000000000000000 ) ) ;
#3213 = ADVANCED_FACE ( 'NONE', ( #1718 ), #485, .T. ) ;
#3214 = CARTESIAN_POINT ( 'NONE',  ( 40.33359231588155325, 3.126220203629477723, 1.499999999999999778 ) ) ;
#3215 = CARTESIAN_POINT ( 'NONE',  ( 44.34390517760731143, -0.4312685275340098490, -0.000000000000000000 ) ) ;
#3216 = CARTESIAN_POINT ( 'NONE',  ( 39.58644277123065791, 3.836720721074201812, -0.000000000000000000 ) ) ;
#3217 = CARTESIAN_POINT ( 'NONE',  ( 39.36211915483255552, 3.374999999999997335, 1.500000000000000000 ) ) ;
#3218 = CARTESIAN_POINT ( 'NONE',  ( 40.59706133717830312, 3.048351527545422712, 3.328306646337944485 ) ) ;
#3219 = CARTESIAN_POINT ( 'NONE',  ( 27.90652374452483997, -0.3351772701498049734, 0.5000000000000074385 ) ) ;
#3220 = CARTESIAN_POINT ( 'NONE',  ( 43.42871771157543037, 1.999782202484345905, 2.000000000000000000 ) ) ;
#3221 = CARTESIAN_POINT ( 'NONE',  ( 29.83590531371605437, -3.025636767658878234, 0.000000000000000000 ) ) ;
#3222 = CARTESIAN_POINT ( 'NONE',  ( 40.26094842029666410, -3.136672475862433362, 0.5000000000000073275 ) ) ;
#3223 = CARTESIAN_POINT ( 'NONE',  ( 38.01145059596883158, -4.123626876546685693, 0.000000000000000000 ) ) ;
#3224 = ADVANCED_FACE ( 'NONE', ( #2681 ), #1436, .F. ) ;
#3225 = VERTEX_POINT ( 'NONE', #1376 ) ;
#3226 = FACE_OUTER_BOUND ( 'NONE', #3080, .T. ) ;
#3227 = CARTESIAN_POINT ( 'NONE',  ( 20.50000000000000000, 4.375000000000000000, -28.50614692156320018 ) ) ;
#3228 = CARTESIAN_POINT ( 'NONE',  ( 39.36211915483259105, -3.374999999999988898, 2.000000000000000444 ) ) ;
#3229 = CARTESIAN_POINT ( 'NONE',  ( 28.18016374484196973, 1.026646269623010976, 0.5000000000000073275 ) ) ;
#3230 = LINE ( 'NONE', #2, #416 ) ;
#3231 = CARTESIAN_POINT ( 'NONE',  ( 28.07777898140003714, 0.8669979492808459476, 1.500000000000000000 ) ) ;
#3232 = COLOUR_RGB ( '',0.7921568627450980005, 0.8196078431372548767, 0.9333333333333333481 ) ;
#3233 = CARTESIAN_POINT ( 'NONE',  ( 19.00000000000000355, -3.375000000000011990, 0.000000000000000000 ) ) ;
#3234 = CIRCLE ( 'NONE', #1185, 1.000000000000000888 ) ;
#3235 = CARTESIAN_POINT ( 'NONE',  ( 43.71926395251132647, -1.677029439404217337, 0.000000000000000000 ) ) ;
#3236 = EDGE_LOOP ( 'NONE', ( #1529, #1762, #2978, #2130 ) ) ;
#3237 = CARTESIAN_POINT ( 'NONE',  ( 27.60068553497417199, 1.001139698571493986, 0.000000000000000000 ) ) ;
#3238 = CARTESIAN_POINT ( 'NONE',  ( 27.80514527658658608, -1.381873763758394658, 1.999999999999999556 ) ) ;
#3239 = AXIS2_PLACEMENT_3D ( 'NONE', #464, #138, #1737 ) ;
#3240 = CARTESIAN_POINT ( 'NONE',  ( 27.97182659460942489, -0.5831684743669131032, 0.5000000000000076605 ) ) ;
#3241 =( GEOMETRIC_REPRESENTATION_CONTEXT ( 3 ) GLOBAL_UNCERTAINTY_ASSIGNED_CONTEXT ( ( #1198 ) ) GLOBAL_UNIT_ASSIGNED_CONTEXT ( ( #3453, #2153, #598 ) ) REPRESENTATION_CONTEXT ( 'NONE', 'WORKASPACE' ) );
#3242 = CARTESIAN_POINT ( 'NONE',  ( 43.86408350072730400, 0.2245184922854308318, 1.500000000000000000 ) ) ;
#3243 = AXIS2_PLACEMENT_3D ( 'NONE', #15, #2197, #3119 ) ;
#3244 = EDGE_CURVE ( 'NONE', #901, #697, #3378, .T. ) ;
#3245 = CARTESIAN_POINT ( 'NONE',  ( 27.45238915469630570, 0.5915690825650967710, 0.000000000000000000 ) ) ;
#3246 = CARTESIAN_POINT ( 'NONE',  ( 41.68967800581992122, -2.578592003498424212, 0.5000000000000074385 ) ) ;
#3247 = CARTESIAN_POINT ( 'NONE',  ( 39.47807764566184829, -3.863110520847031992, 0.000000000000000000 ) ) ;
#3248 = VECTOR ( 'NONE', #1357, 1000.000000000000000 ) ;
#3249 = ORIENTED_EDGE ( 'NONE', *, *, #1643, .F. ) ;
#3250 = EDGE_CURVE ( 'NONE', #2069, #2533, #1628, .T. ) ;
#3251 = CARTESIAN_POINT ( 'NONE',  ( 44.05208122195964648, 1.192103804733744221, 0.000000000000000000 ) ) ;
#3252 = LINE ( 'NONE', #3882, #601 ) ;
#3253 = DIRECTION ( 'NONE',  ( 0.000000000000000000, 0.000000000000000000, 1.000000000000000000 ) ) ;
#3254 = DIRECTION ( 'NONE',  ( -1.000000000000000000, -6.122553444624024981E-16, 0.000000000000000000 ) ) ;
#3255 = CARTESIAN_POINT ( 'NONE',  ( 32.58220452945269585, -3.419164844426758165, 0.5000000000000074385 ) ) ;
#3256 = PLANE ( 'NONE',  #3455 ) ;
#3257 = CARTESIAN_POINT ( 'NONE',  ( 28.09041793402056086, -0.8707768031324282232, 1.999999999999784839 ) ) ;
#3258 = EDGE_CURVE ( 'NONE', #901, #1589, #2065, .T. ) ;
#3259 = EDGE_CURVE ( 'NONE', #2691, #176, #445, .T. ) ;
#3260 = CARTESIAN_POINT ( 'NONE',  ( 32.16404164577173219, -3.836830642190860452, -0.000000000000000000 ) ) ;
#3261 = CARTESIAN_POINT ( 'NONE',  ( 43.63490196985309666, -1.772745765829883968, 0.000000000000000000 ) ) ;
#3262 = VERTEX_POINT ( 'NONE', #1757 ) ;
#3263 = CARTESIAN_POINT ( 'NONE',  ( 32.26362834588599782, 3.859611514659056386, -0.000000000000000000 ) ) ;
#3264 = DIRECTION ( 'NONE',  ( -1.000000000000000000, 0.000000000000000000, 0.000000000000000000 ) ) ;
#3265 = PLANE ( 'NONE',  #736 ) ;
#3266 = CARTESIAN_POINT ( 'NONE',  ( 28.33231531272765480, -1.250343630778923298, 0.5000000000000073275 ) ) ;
#3267 = CARTESIAN_POINT ( 'NONE',  ( 40.48768243199494066, -3.604537888216182928, 2.000000000000000000 ) ) ;
#3268 = CARTESIAN_POINT ( 'NONE',  ( 27.45115236611694343, -0.5868610827852459577, 0.000000000000000000 ) ) ;
#3269 = DIRECTION ( 'NONE',  ( 0.000000000000000000, -0.7071067811865474617, 0.7071067811865474617 ) ) ;
#3270 = CARTESIAN_POINT ( 'NONE',  ( 31.64632009748473962, -3.705229697243476839, 0.000000000000000000 ) ) ;
#3271 = ADVANCED_FACE ( 'NONE', ( #2979 ), #504, .T. ) ;
#3272 = VERTEX_POINT ( 'NONE', #1155 ) ;
#3273 = LINE ( 'NONE', #2635, #673 ) ;
#3274 = CARTESIAN_POINT ( 'NONE',  ( 0.000000000000000000, 0.000000000000000000, 6.000000000000000000 ) ) ;
#3275 = DIRECTION ( 'NONE',  ( 1.000000000000000000, 7.285838599102603996E-15, 0.000000000000000000 ) ) ;
#3276 = CARTESIAN_POINT ( 'NONE',  ( 43.57188094177353577, 1.844249842523312477, 0.000000000000000000 ) ) ;
#3277 = CARTESIAN_POINT ( 'NONE',  ( 35.45830391917255042, -3.746188299449074943, 0.5000000000000073275 ) ) ;
#3278 = EDGE_LOOP ( 'NONE', ( #2246, #3146, #385, #1457, #2110, #509, #1937, #1568, #1559 ) ) ;
#3279 = CARTESIAN_POINT ( 'NONE',  ( 27.77241267075212861, 1.340489987814782014, 2.000000000000000000 ) ) ;
#3280 =( BOUNDED_CURVE ( )  B_SPLINE_CURVE ( 3, ( #1917, #605, #1552, #2218 ),
 .UNSPECIFIED., .F., .T. ) 
 B_SPLINE_CURVE_WITH_KNOTS ( ( 4, 4 ),
 ( 1.119769514998627535, 2.021823138591166025 ),
 .UNSPECIFIED. ) 
 CURVE ( )  GEOMETRIC_REPRESENTATION_ITEM ( )  RATIONAL_B_SPLINE_CURVE ( ( 1.000000000000000000, 0.9333333333333313497, 0.9333333333333313497, 1.000000000000000000 ) ) 
 REPRESENTATION_ITEM ( '' )  );
#3281 = EDGE_CURVE ( 'NONE', #3872, #3392, #2382, .T. ) ;
#3282 = CARTESIAN_POINT ( 'NONE',  ( 29.47629988310712434, -2.832494851832843885, -0.000000000000000000 ) ) ;
#3283 = CARTESIAN_POINT ( 'NONE',  ( 44.34415627392594672, -0.3765496323005560475, 0.000000000000000000 ) ) ;
#3284 = ORIENTED_EDGE ( 'NONE', *, *, #2646, .T. ) ;
#3285 = CARTESIAN_POINT ( 'NONE',  ( 28.03273419664955313, 1.679421020152624289, 0.000000000000000000 ) ) ;
#3286 = DIRECTION ( 'NONE',  ( -0.000000000000000000, -0.000000000000000000, -1.000000000000000000 ) ) ;
#3287 = ORIENTED_EDGE ( 'NONE', *, *, #804, .T. ) ;
#3288 = LINE ( 'NONE', #517, #1499 ) ;
#3289 = CARTESIAN_POINT ( 'NONE',  ( 29.79199475847437739, -2.436369629168367190, 0.5000000000000073275 ) ) ;
#3290 = CARTESIAN_POINT ( 'NONE',  ( 44.37547916847461948, -0.2828789597062858485, 2.000000000000000000 ) ) ;
#3291 = DIRECTION ( 'NONE',  ( -0.000000000000000000, 1.000000000000000000, 0.000000000000000000 ) ) ;
#3292 = CARTESIAN_POINT ( 'NONE',  ( 43.85053435704880798, 0.2960665742148381185, 0.5000000000000073275 ) ) ;
#3293 = ORIENTED_EDGE ( 'NONE', *, *, #874, .T. ) ;
#3294 = DIRECTION ( 'NONE',  ( -1.000000000000000000, 0.000000000000000000, 0.000000000000000000 ) ) ;
#3295 = CARTESIAN_POINT ( 'NONE',  ( -5.249999999999997335, 0.000000000000000000, 0.000000000000000000 ) ) ;
#3296 = DIRECTION ( 'NONE',  ( 1.000000000000000000, -0.000000000000000000, -0.000000000000000000 ) ) ;
#3297 = CARTESIAN_POINT ( 'NONE',  ( 42.61514486695858750, 2.626592246333376846, 0.000000000000000000 ) ) ;
#3298 = CARTESIAN_POINT ( 'NONE',  ( 28.54245747317235171, -1.501475655999797265, 0.5000000000000074385 ) ) ;
#3299 = ORIENTED_EDGE ( 'NONE', *, *, #1801, .T. ) ;
#3300 = VERTEX_POINT ( 'NONE', #2317 ) ;
#3301 = CARTESIAN_POINT ( 'NONE',  ( 28.31683135762232695, 1.995686465491601780, 2.000000000000000000 ) ) ;
#3302 = EDGE_CURVE ( 'NONE', #597, #3413, #1459, .T. ) ;
#3303 = CARTESIAN_POINT ( 'NONE',  ( 30.05048265268380092, -3.125434162926150616, -0.000000000000000000 ) ) ;
#3304 = CARTESIAN_POINT ( 'NONE',  ( 44.12981635747927101, -1.046255369570003424, 0.000000000000000000 ) ) ;
#3305 = VECTOR ( 'NONE', #2047, 1000.000000000000000 ) ;
#3306 = ORIENTED_EDGE ( 'NONE', *, *, #2547, .T. ) ;
#3307 = CARTESIAN_POINT ( 'NONE',  ( 28.14187808660743428, 1.802583180808335461, -0.000000000000000000 ) ) ;
#3308 = CARTESIAN_POINT ( 'NONE',  ( 50.25000000000000000, -7.996092795859737201, 6.000000000000000000 ) ) ;
#3309 = CARTESIAN_POINT ( 'NONE',  ( 23.00000000000000355, 3.375000000000000444, 0.000000000000000000 ) ) ;
#3310 = LINE ( 'NONE', #236, #1104 ) ;
#3311 = VECTOR ( 'NONE', #3296, 1000.000000000000000 ) ;
#3312 = CARTESIAN_POINT ( 'NONE',  ( 41.50748919762924061, -2.665693043916974592, 0.5000000000000074385 ) ) ;
#3313 = CARTESIAN_POINT ( 'NONE',  ( 41.82554695581792004, -2.530122787284256436, 2.000000000000245137 ) ) ;
#3314 = AXIS2_PLACEMENT_3D ( 'NONE', #2581, #2247, #2545 ) ;
#3315 = LINE ( 'NONE', #907, #2030 ) ;
#3316 = CARTESIAN_POINT ( 'NONE',  ( 43.63671275021831519, 0.9093455696837765556, 0.5000000000000073275 ) ) ;
#3317 = ADVANCED_FACE ( 'NONE', ( #1677 ), #1070, .T. ) ;
#3318 = VERTEX_POINT ( 'NONE', #3543 ) ;
#3319 = PLANE ( 'NONE',  #3176 ) ;
#3320 = PLANE ( 'NONE',  #1252 ) ;
#3321 = CONICAL_SURFACE ( 'NONE', #1450, 7.500000000000000000, 0.7853981633974482790 ) ;
#3322 = CARTESIAN_POINT ( 'NONE',  ( 39.26955847237731945, 3.907573065685318259, 0.000000000000000000 ) ) ;
#3323 = CARTESIAN_POINT ( 'NONE',  ( 28.74460840818094809, -1.701897800450483222, 0.5000000000000073275 ) ) ;
#3324 = ORIENTED_EDGE ( 'NONE', *, *, #1243, .F. ) ;
#3325 = DIRECTION ( 'NONE',  ( 0.000000000000000000, 0.000000000000000000, -1.000000000000000000 ) ) ;
#3326 = CARTESIAN_POINT ( 'NONE',  ( 29.92404402511953521, -2.530027870108194854, 2.000000000000001776 ) ) ;
#3327 = AXIS2_PLACEMENT_3D ( 'NONE', #1132, #3601, #553 ) ;
#3328 = CARTESIAN_POINT ( 'NONE',  ( 42.74501965342768983, -2.541441151399568721, 0.000000000000000000 ) ) ;
#3329 = ORIENTED_EDGE ( 'NONE', *, *, #2547, .F. ) ;
#3330 = CARTESIAN_POINT ( 'NONE',  ( 32.73664088523331372, 3.959043699718324039, 0.000000000000000000 ) ) ;
#3331 = CARTESIAN_POINT ( 'NONE',  ( 30.64525505182138332, 3.375000000000000000, 1.999999999999998224 ) ) ;
#3332 = ORIENTED_EDGE ( 'NONE', *, *, #830, .T. ) ;
#3333 = CARTESIAN_POINT ( 'NONE',  ( 46.25000000000000000, -3.374999999999981792, 1.999999999999998224 ) ) ;
#3334 = DIRECTION ( 'NONE',  ( 0.000000000000000000, 0.000000000000000000, 1.000000000000000000 ) ) ;
#3335 = CARTESIAN_POINT ( 'NONE',  ( 30.51869781498393408, -2.786053461531964537, 0.5000000000000073275 ) ) ;
#3336 = ADVANCED_FACE ( 'NONE', ( #766 ), #1697, .T. ) ;
#3337 = CARTESIAN_POINT ( 'NONE',  ( 41.34469374519839846, -2.753043704837133898, 1.500000000000000000 ) ) ;
#3338 = DIRECTION ( 'NONE',  ( -0.000000000000000000, -0.8191520442889888010, 0.5735764363510503783 ) ) ;
#3339 = CARTESIAN_POINT ( 'NONE',  ( 43.72241033266131893, 0.7292204915359514761, 0.5000000000000073275 ) ) ;
#3340 = EDGE_LOOP ( 'NONE', ( #2279, #3972, #2381, #2413, #1434 ) ) ;
#3341 = CARTESIAN_POINT ( 'NONE',  ( 40.21006704586235259, 3.673552210585594668, 0.000000000000000000 ) ) ;
#3342 = DIRECTION ( 'NONE',  ( 0.000000000000000000, -1.000000000000000000, 0.000000000000000000 ) ) ;
#3343 = ADVANCED_FACE ( 'NONE', ( #1397 ), #2615, .T. ) ;
#3344 = CARTESIAN_POINT ( 'NONE',  ( 29.26699717367678133, 2.709479141955259074, 0.000000000000000000 ) ) ;
#3345 = ORIENTED_EDGE ( 'NONE', *, *, #3798, .T. ) ;
#3346 = DIRECTION ( 'NONE',  ( -1.000000000000000000, 0.000000000000000000, 0.000000000000000000 ) ) ;
#3347 = DIRECTION ( 'NONE',  ( 1.000000000000000000, 0.000000000000000000, -0.000000000000000000 ) ) ;
#3348 = B_SPLINE_CURVE_WITH_KNOTS ( 'NONE', 3,
 ( #1682, #3473, #1933, #735, #3548, #717, #3156, #771, #127, #2904, #1973, #3196, #1385, #2006, #751, #1365 ),
 .UNSPECIFIED., .F., .F.,
 ( 4, 2, 2, 2, 2, 2, 2, 4 ),
 ( 0.006020192064773937680, 0.006396735702586972723, 0.006773279340400007766, 0.007526366616026076983, 0.008279453891652147068, 0.009032541167278217153, 0.01053871571853035732, 0.01204489026978248882 ),
 .UNSPECIFIED. ) ;
#3349 = CARTESIAN_POINT ( 'NONE',  ( 30.17531045720443217, -3.181639312749452664, -0.000000000000000000 ) ) ;
#3350 = CARTESIAN_POINT ( 'NONE',  ( 44.19422155362305205, -0.8979818686204061873, 0.000000000000000000 ) ) ;
#3351 = ORIENTED_EDGE ( 'NONE', *, *, #839, .T. ) ;
#3352 = CARTESIAN_POINT ( 'NONE',  ( 32.38788084516742316, -3.374999999999990230, 3.099584923580558371 ) ) ;
#3353 = ORIENTED_EDGE ( 'NONE', *, *, #3780, .F. ) ;
#3354 = CARTESIAN_POINT ( 'NONE',  ( 28.97786371826039442, 1.899999999999999911, 5.999999999999989342 ) ) ;
#3355 = CARTESIAN_POINT ( 'NONE',  ( 29.44763978656562031, -2.233801636532552592, 0.5000000000000073275 ) ) ;
#3356 = CARTESIAN_POINT ( 'NONE',  ( 27.87500000000000000, 7.499999999999998224, 0.5000000000000074385 ) ) ;
#3357 = CARTESIAN_POINT ( 'NONE',  ( 50.25000000000000000, -7.495832175282473031, 6.000000000000000000 ) ) ;
#3358 = CARTESIAN_POINT ( 'NONE',  ( 43.87500000000000711, 1.470449196433465389E-15, 0.5000000000000073275 ) ) ;
#3359 = ORIENTED_EDGE ( 'NONE', *, *, #117, .F. ) ;
#3360 = DIRECTION ( 'NONE',  ( -0.000000000000000000, 0.000000000000000000, 1.000000000000000000 ) ) ;
#3361 = EDGE_CURVE ( 'NONE', #851, #1866, #893, .T. ) ;
#3362 = CARTESIAN_POINT ( 'NONE',  ( 34.70278659953035572, 4.211032778049724534, 0.000000000000000000 ) ) ;
#3363 = VERTEX_POINT ( 'NONE', #1205 ) ;
#3364 = DIRECTION ( 'NONE',  ( 1.000000000000000000, 0.000000000000000000, 0.000000000000000000 ) ) ;
#3365 = CARTESIAN_POINT ( 'NONE',  ( 31.41113248006583447, 3.126441047278420537, 1.500000000000000000 ) ) ;
#3366 = CARTESIAN_POINT ( 'NONE',  ( 40.81910999124676920, -3.479341097813985151, -0.000000000000000000 ) ) ;
#3367 = CARTESIAN_POINT ( 'NONE',  ( 43.21889512653302745, -2.179727384568338699, 0.000000000000000000 ) ) ;
#3368 = EDGE_LOOP ( 'NONE', ( #3332, #665, #95, #3710, #1307, #41, #125, #1867, #2837, #1286, #3106, #3905 ) ) ;
#3369 = DIRECTION ( 'NONE',  ( 0.000000000000000000, -0.7071067811865474617, -0.7071067811865474617 ) ) ;
#3370 = ORIENTED_EDGE ( 'NONE', *, *, #2973, .T. ) ;
#3371 = LINE ( 'NONE', #987, #2457 ) ;
#3372 = CARTESIAN_POINT ( 'NONE',  ( 34.21366459591654774, -3.673501678837487017, 0.5000000000000076605 ) ) ;
#3373 = AXIS2_PLACEMENT_3D ( 'NONE', #52, #335, #3738 ) ;
#3374 = CARTESIAN_POINT ( 'NONE',  ( 42.58388978129944746, -2.050790138328710377, 1.500000000000000222 ) ) ;
#3375 = VECTOR ( 'NONE', #2255, 1000.000000000000000 ) ;
#3376 = FACE_OUTER_BOUND ( 'NONE', #944, .T. ) ;
#3377 = CARTESIAN_POINT ( 'NONE',  ( 42.08757096897114991, 2.362834351796618382, 0.5000000000000073275 ) ) ;
#3378 = CIRCLE ( 'NONE', #2975, 4.750000000000000000 ) ;
#3379 = ORIENTED_EDGE ( 'NONE', *, *, #965, .T. ) ;
#3380 = CARTESIAN_POINT ( 'NONE',  ( 42.19643941592731551, 2.875282608583977328, 0.000000000000000000 ) ) ;
#3381 = DIRECTION ( 'NONE',  ( 0.000000000000000000, 1.000000000000000000, 0.000000000000000000 ) ) ;
#3382 = EDGE_CURVE ( 'NONE', #3423, #2132, #544, .T. ) ;
#3383 = VECTOR ( 'NONE', #2290, 1000.000000000000114 ) ;
#3384 = CARTESIAN_POINT ( 'NONE',  ( 32.47385120304090833, 3.907365421968012953, 0.000000000000000000 ) ) ;
#3385 = ORIENTED_EDGE ( 'NONE', *, *, #3643, .T. ) ;
#3386 = DIRECTION ( 'NONE',  ( -0.000000000000000000, 1.000000000000000000, 0.000000000000000000 ) ) ;
#3387 = CARTESIAN_POINT ( 'NONE',  ( 11.00000000000000178, 0.000000000000000000, 6.000000000000000000 ) ) ;
#3388 = AXIS2_PLACEMENT_3D ( 'NONE', #3418, #662, #1610 ) ;
#3389 = CARTESIAN_POINT ( 'NONE',  ( 33.84134554756870017, -4.132944680987701069, -0.000000000000000000 ) ) ;
#3390 = VECTOR ( 'NONE', #1617, 1000.000000000000114 ) ;
#3391 = CARTESIAN_POINT ( 'NONE',  ( 39.97202329184938918, 3.221362900540293506, 0.5000000000000074385 ) ) ;
#3392 = VERTEX_POINT ( 'NONE', #2758 ) ;
#3393 = VECTOR ( 'NONE', #2627, 1000.000000000000000 ) ;
#3394 = VERTEX_POINT ( 'NONE', #3990 ) ;
#3395 = ADVANCED_FACE ( 'NONE', ( #3949 ), #3672, .T. ) ;
#3396 = DIRECTION ( 'NONE',  ( -0.000000000000000000, 1.000000000000000000, -0.000000000000000000 ) ) ;
#3397 = CARTESIAN_POINT ( 'NONE',  ( 43.86293390111887902, -0.2101132267279904875, 0.5000000000000073275 ) ) ;
#3398 = CARTESIAN_POINT ( 'NONE',  ( 43.20066792442253245, 2.194889803398133221, -0.000000000000000000 ) ) ;
#3399 = CARTESIAN_POINT ( 'NONE',  ( 0.000000000000000000, 0.000000000000000000, 6.000000000000000000 ) ) ;
#3400 = EDGE_CURVE ( 'NONE', #831, #2095, #2440, .T. ) ;
#3401 = ORIENTED_EDGE ( 'NONE', *, *, #911, .F. ) ;
#3402 = DIRECTION ( 'NONE',  ( 0.000000000000000000, -0.000000000000000000, -1.000000000000000000 ) ) ;
#3403 = CARTESIAN_POINT ( 'NONE',  ( 27.75274734637695317, 1.286260655432501343, 0.000000000000000000 ) ) ;
#3404 = ORIENTED_EDGE ( 'NONE', *, *, #3281, .F. ) ;
#3405 = CARTESIAN_POINT ( 'NONE',  ( 48.75000000000000000, -3.841588684391279429, 2.772876009526416663 ) ) ;
#3406 = CARTESIAN_POINT ( 'NONE',  ( 50.00000000000000000, 0.000000000000000000, 0.5000000000000004441 ) ) ;
#3407 = LINE ( 'NONE', #1602, #3826 ) ;
#3408 = CARTESIAN_POINT ( 'NONE',  ( 42.07630126370197132, -2.939586429961162040, 0.000000000000000000 ) ) ;
#3409 = CARTESIAN_POINT ( 'NONE',  ( 43.72241033266131893, 0.7292204915359514761, 0.5000000000000073275 ) ) ;
#3410 = EDGE_LOOP ( 'NONE', ( #1848, #3114, #903, #3717, #219, #582 ) ) ;
#3411 = DIRECTION ( 'NONE',  ( 0.000000000000000000, -1.000000000000000000, 0.000000000000000000 ) ) ;
#3412 = ADVANCED_FACE ( 'NONE', ( #3062 ), #3319, .F. ) ;
#3413 = VERTEX_POINT ( 'NONE', #1177 ) ;
#3414 = DIRECTION ( 'NONE',  ( 0.000000000000000000, -0.000000000000000000, -1.000000000000000000 ) ) ;
#3415 = CARTESIAN_POINT ( 'NONE',  ( 43.82985411957511701, -0.3983855706564164989, 0.5000000000000073275 ) ) ;
#3416 = CARTESIAN_POINT ( 'NONE',  ( 44.18263454512482014, 0.9246883813553131715, 0.000000000000000000 ) ) ;
#3417 =( BOUNDED_CURVE ( )  B_SPLINE_CURVE ( 3, ( #3429, #656, #275, #3054 ),
 .UNSPECIFIED., .F., .T. ) 
 B_SPLINE_CURVE_WITH_KNOTS ( ( 4, 4 ),
 ( 0.000000000000000000, 0.5000000000000000000 ),
 .UNSPECIFIED. ) 
 CURVE ( )  GEOMETRIC_REPRESENTATION_ITEM ( )  RATIONAL_B_SPLINE_CURVE ( ( 1.000000000000000000, 0.3333333333325000924, 0.3333333333333333703, 1.000000000000833333 ) ) 
 REPRESENTATION_ITEM ( '' )  );
#3418 = CARTESIAN_POINT ( 'NONE',  ( 0.000000000000000000, 0.000000000000000000, 6.000000000000000000 ) ) ;
#3419 = ORIENTED_EDGE ( 'NONE', *, *, #3079, .T. ) ;
#3420 = CARTESIAN_POINT ( 'NONE',  ( 33.10391797269365810, 4.026522891877266197, 0.000000000000000000 ) ) ;
#3421 = CARTESIAN_POINT ( 'NONE',  ( 28.19641274401122288, -1.869702101299375085, 2.000000000000000000 ) ) ;
#3422 = CARTESIAN_POINT ( 'NONE',  ( 27.62189338085585177, 1.049806591217921747, 0.000000000000000000 ) ) ;
#3423 = VERTEX_POINT ( 'NONE', #1858 ) ;
#3424 = CARTESIAN_POINT ( 'NONE',  ( 30.02106892318917275, 2.576588335794758766, 1.500000000000000222 ) ) ;
#3425 = DIRECTION ( 'NONE',  ( -0.000000000000000000, -0.000000000000000000, 1.000000000000000000 ) ) ;
#3426 = DIRECTION ( 'NONE',  ( 1.000000000000000000, 0.000000000000000000, 0.000000000000000000 ) ) ;
#3427 = CARTESIAN_POINT ( 'NONE',  ( 34.37496487549659463, -4.185773544890413866, -0.000000000000000000 ) ) ;
#3428 = CARTESIAN_POINT ( 'NONE',  ( 43.79058474746598506, 0.5449212248353159094, 0.5000000000000073275 ) ) ;
#3429 = CARTESIAN_POINT ( 'NONE',  ( 43.87500000000000711, 1.470012677705144964E-15, 0.5000000000000073275 ) ) ;
#3430 = CARTESIAN_POINT ( 'NONE',  ( 21.00000000000000000, 1.899999999999999911, 6.000000000000000000 ) ) ;
#3431 = ORIENTED_EDGE ( 'NONE', *, *, #1178, .T. ) ;
#3432 = DIRECTION ( 'NONE',  ( -0.7071067811865474617, 0.000000000000000000, -0.7071067811865474617 ) ) ;
#3433 = CARTESIAN_POINT ( 'NONE',  ( 43.67933481908025328, -0.8283522349749640190, 0.5000000000000076605 ) ) ;
#3434 = DIRECTION ( 'NONE',  ( 6.122553444624024981E-16, -1.000000000000000000, 0.000000000000000000 ) ) ;
#3435 = ADVANCED_FACE ( 'NONE', ( #3043 ), #287, .F. ) ;
#3436 = CARTESIAN_POINT ( 'NONE',  ( 40.79007930489940748, -3.374999999999989342, 1.999999999999991784 ) ) ;
#3437 = CARTESIAN_POINT ( 'NONE',  ( 34.73640335908484644, 3.712154209694878304, 0.5000000000000074385 ) ) ;
#3438 = ORIENTED_EDGE ( 'NONE', *, *, #2254, .F. ) ;
#3439 =( BOUNDED_CURVE ( )  B_SPLINE_CURVE ( 3, ( #1294, #3094, #1591, #2231 ),
 .UNSPECIFIED., .F., .T. ) 
 B_SPLINE_CURVE_WITH_KNOTS ( ( 4, 4 ),
 ( 0.5313140391156782050, 2.610278614474113912 ),
 .UNSPECIFIED. ) 
 CURVE ( )  GEOMETRIC_REPRESENTATION_ITEM ( )  RATIONAL_B_SPLINE_CURVE ( ( 1.000000000000000000, 0.6711111111111109917, 0.6711111111111109917, 1.000000000000000000 ) ) 
 REPRESENTATION_ITEM ( '' )  );
#3440 = CARTESIAN_POINT ( 'NONE',  ( 27.96953209771844584, 1.598878222523063775, 0.000000000000000000 ) ) ;
#3441 = CARTESIAN_POINT ( 'NONE',  ( 27.40528953483119423, -0.4223646211898952618, 2.000000000000000000 ) ) ;
#3442 = CARTESIAN_POINT ( 'NONE',  ( 27.53689860131980538, 0.8507099942274872761, 0.000000000000000000 ) ) ;
#3443 = CIRCLE ( 'NONE', #1433, 5.249999999999997335 ) ;
#3444 = EDGE_CURVE ( 'NONE', #1395, #2691, #3827, .T. ) ;
#3445 = ORIENTED_EDGE ( 'NONE', *, *, #3001, .F. ) ;
#3446 = CARTESIAN_POINT ( 'NONE',  ( 31.41383388449853342, 3.125306652669502139, 1.500000000000000222 ) ) ;
#3447 = CARTESIAN_POINT ( 'NONE',  ( 20.95508010836217849, 3.479916454997461717, 1.515587056121867837 ) ) ;
#3448 = AXIS2_PLACEMENT_3D ( 'NONE', #3785, #2503, #2865 ) ;
#3449 = DIRECTION ( 'NONE',  ( 0.000000000000000000, 0.000000000000000000, 1.000000000000000000 ) ) ;
#3450 = CARTESIAN_POINT ( 'NONE',  ( 39.58294485435905585, -3.837219532057156712, -0.000000000000000000 ) ) ;
#3451 = CARTESIAN_POINT ( 'NONE',  ( 41.68830079759052865, 2.576952761956563531, 0.5000000000000074385 ) ) ;
#3452 = CARTESIAN_POINT ( 'NONE',  ( 11.00000000000000178, 0.000000000000000000, 0.000000000000000000 ) ) ;
#3453 =( LENGTH_UNIT ( ) NAMED_UNIT ( * ) SI_UNIT ( .MILLI., .METRE. ) );
#3454 = CARTESIAN_POINT ( 'NONE',  ( 4.750000000000000000, 5.817072295949927426E-16, 6.000000000000000000 ) ) ;
#3455 = AXIS2_PLACEMENT_3D ( 'NONE', #2618, #749, #3529 ) ;
#3456 = CARTESIAN_POINT ( 'NONE',  ( 43.63933447724453885, -0.9070553048622626013, 0.5000000000000074385 ) ) ;
#3457 = B_SPLINE_CURVE_WITH_KNOTS ( 'NONE', 3,
 ( #3760, #75, #1993, #1685, #685, #2010, #1708, #3874 ),
 .UNSPECIFIED., .F., .F.,
 ( 4, 2, 2, 4 ),
 ( 0.000000000000000000, 0.0009704216393918610288, 0.001940843278783722058, 0.003881686557567444115 ),
 .UNSPECIFIED. ) ;
#3458 = DIRECTION ( 'NONE',  ( 1.000000000000000000, 6.505213034913020688E-16, 0.000000000000000000 ) ) ;
#3459 = DIRECTION ( 'NONE',  ( -0.000000000000000000, 0.000000000000000000, 1.000000000000000000 ) ) ;
#3460 = VECTOR ( 'NONE', #1260, 1000.000000000000000 ) ;
#3461 = ORIENTED_EDGE ( 'NONE', *, *, #730, .T. ) ;
#3462 = CARTESIAN_POINT ( 'NONE',  ( 27.87239232855890592, 1.467825390438316946, 0.000000000000000000 ) ) ;
#3463 = CARTESIAN_POINT ( 'NONE',  ( 24.00000000000000355, 1.899999999999999689, 4.132391042439891748 ) ) ;
#3464 = CARTESIAN_POINT ( 'NONE',  ( 27.75033346689366098, -1.282276254368321045, 0.000000000000000000 ) ) ;
#3465 = ORIENTED_EDGE ( 'NONE', *, *, #2799, .T. ) ;
#3466 = LINE ( 'NONE', #3483, #3390 ) ;
#3467 = CARTESIAN_POINT ( 'NONE',  ( 41.87256103608309843, -3.055328646886453559, 2.000000000000000444 ) ) ;
#3468 = DIRECTION ( 'NONE',  ( -0.000000000000000000, -0.000000000000000000, -1.000000000000000000 ) ) ;
#3469 = CARTESIAN_POINT ( 'NONE',  ( 43.74719876213752201, 0.6679394742895161663, 0.5000000000000074385 ) ) ;
#3470 = ORIENTED_EDGE ( 'NONE', *, *, #642, .F. ) ;
#3471 = DIRECTION ( 'NONE',  ( -1.000000000000000000, 0.000000000000000000, 0.000000000000000000 ) ) ;
#3472 = CARTESIAN_POINT ( 'NONE',  ( -5.249999999999997335, 0.000000000000000000, 0.000000000000000000 ) ) ;
#3473 = CARTESIAN_POINT ( 'NONE',  ( 27.87499999999999645, -0.1274947092564730766, 1.499999999999999778 ) ) ;
#3474 = CARTESIAN_POINT ( 'NONE',  ( 40.36364267552019669, 3.627737062784849531, 0.000000000000000000 ) ) ;
#3475 = DIRECTION ( 'NONE',  ( 0.000000000000000000, 0.000000000000000000, 1.000000000000000000 ) ) ;
#3476 = CARTESIAN_POINT ( 'NONE',  ( 29.57045740030996228, 2.308685499953796239, 0.5000000000000073275 ) ) ;
#3477 = CARTESIAN_POINT ( 'NONE',  ( 43.88445993724734251, 1.463081313348000290, 2.000000000000000000 ) ) ;
#3478 = VERTEX_POINT ( 'NONE', #19 ) ;
#3479 = CARTESIAN_POINT ( 'NONE',  ( 29.83188087705097402, 3.023661107793625735, 0.000000000000000000 ) ) ;
#3480 = CARTESIAN_POINT ( 'NONE',  ( 27.55705067042202572, 0.9010941571825511476, 0.000000000000000000 ) ) ;
#3481 = ORIENTED_EDGE ( 'NONE', *, *, #50, .T. ) ;
#3482 = EDGE_CURVE ( 'NONE', #2595, #635, #2018, .T. ) ;
#3483 = CARTESIAN_POINT ( 'NONE',  ( 48.75000000000000000, -7.500000000000000000, 6.000000000000000000 ) ) ;
#3484 = DIRECTION ( 'NONE',  ( -0.7071067811865505703, 8.659560562354969836E-17, 0.7071067811865444641 ) ) ;
#3485 = LINE ( 'NONE', #1641, #140 ) ;
#3486 = ADVANCED_FACE ( 'NONE', ( #2458 ), #3707, .T. ) ;
#3487 = CARTESIAN_POINT ( 'NONE',  ( 27.92438156608309541, -0.4181003730872800417, 0.5000000000000073275 ) ) ;
#3488 = VERTEX_POINT ( 'NONE', #930 ) ;
#3489 = CARTESIAN_POINT ( 'NONE',  ( 0.000000000000000000, 7.500000000000000000, 0.000000000000000000 ) ) ;
#3490 = CARTESIAN_POINT ( 'NONE',  ( 44.19347152244969834, 0.8987352339592413752, 0.000000000000000000 ) ) ;
#3491 = CARTESIAN_POINT ( 'NONE',  ( 42.58800383739335871, 2.047706580386433828, 1.499999999999999778 ) ) ;
#3492 = SURFACE_STYLE_USAGE ( .BOTH. , #109 ) ;
#3493 = CARTESIAN_POINT ( 'NONE',  ( 36.73430493400597641, 4.234179228331571565, -0.000000000000000000 ) ) ;
#3494 = CARTESIAN_POINT ( 'NONE',  ( 23.00000000000000355, 3.375000000000000000, 3.099584923580558371 ) ) ;
#3495 = CARTESIAN_POINT ( 'NONE',  ( 28.17815239449508624, -1.023325712824504796, 0.5000000000000073275 ) ) ;
#3496 = CARTESIAN_POINT ( 'NONE',  ( 43.62512179459731243, 1.800549838462829788, 2.000000000000000000 ) ) ;
#3497 = CARTESIAN_POINT ( 'NONE',  ( 33.74025111269088484, -4.123864901109058678, 0.000000000000000000 ) ) ;
#3498 = CARTESIAN_POINT ( 'NONE',  ( 36.91829974981119022, -3.719269017211661588, 0.5000000000000073275 ) ) ;
#3499 = CARTESIAN_POINT ( 'NONE',  ( 36.94904151984316343, -4.218362305918281763, 0.000000000000000000 ) ) ;
#3500 = VECTOR ( 'NONE', #1346, 1000.000000000000114 ) ;
#3501 = EDGE_CURVE ( 'NONE', #3706, #55, #3726, .T. ) ;
#3502 = VERTEX_POINT ( 'NONE', #1818 ) ;
#3503 = CARTESIAN_POINT ( 'NONE',  ( 28.12923337940370416, 0.9674189227214980979, 1.500000000000000222 ) ) ;
#3504 = LINE ( 'NONE', #1018, #539 ) ;
#3505 = DIRECTION ( 'NONE',  ( 0.000000000000000000, 1.000000000000000000, 0.000000000000000000 ) ) ;
#3506 = VECTOR ( 'NONE', #2415, 1000.000000000000000 ) ;
#3507 = CARTESIAN_POINT ( 'NONE',  ( 42.74924083405667119, -2.538687109940084508, 0.000000000000000000 ) ) ;
#3508 = CARTESIAN_POINT ( 'NONE',  ( 34.11220302596585441, 3.658168747128772491, 0.5000000000000073275 ) ) ;
#3509 = VECTOR ( 'NONE', #2938, 1000.000000000000000 ) ;
#3510 = ORIENTED_EDGE ( 'NONE', *, *, #2901, .T. ) ;
#3511 = CARTESIAN_POINT ( 'NONE',  ( 31.93597263947269838, -3.275329158288053044, 1.500000000000000000 ) ) ;
#3512 = EDGE_CURVE ( 'NONE', #2360, #2725, #2741, .T. ) ;
#3513 = CARTESIAN_POINT ( 'NONE',  ( 39.36211915483255552, 3.374999999999997335, 1.500000000000000000 ) ) ;
#3514 = CARTESIAN_POINT ( 'NONE',  ( 33.84565149836240749, 4.131348752234344168, -0.000000000000000000 ) ) ;
#3515 = EDGE_CURVE ( 'NONE', #1076, #823, #324, .T. ) ;
#3516 = VECTOR ( 'NONE', #1988, 1000.000000000000000 ) ;
#3517 = CARTESIAN_POINT ( 'NONE',  ( 42.53655506970895317, 2.087905036018913751, 4.000818519751881297 ) ) ;
#3518 = CARTESIAN_POINT ( 'NONE',  ( 28.20189085457570854, -1.061758992541562474, 0.5000000000000074385 ) ) ;
#3519 = CARTESIAN_POINT ( 'NONE',  ( 43.47542641946417774, 1.174779963073630862, 1.500000000000000000 ) ) ;
#3520 = CARTESIAN_POINT ( 'NONE',  ( 28.03458227715451301, -1.679587034115392008, 0.000000000000000000 ) ) ;
#3521 = CARTESIAN_POINT ( 'NONE',  ( 43.86293390111887902, -0.2101132267279904875, 0.5000000000000073275 ) ) ;
#3522 = CARTESIAN_POINT ( 'NONE',  ( 43.13535401204563158, -2.249699870230633447, 0.000000000000000000 ) ) ;
#3523 = EDGE_CURVE ( 'NONE', #964, #1638, #1264, .T. ) ;
#3524 = ORIENTED_EDGE ( 'NONE', *, *, #2925, .T. ) ;
#3525 = LINE ( 'NONE', #3561, #2915 ) ;
#3526 = CARTESIAN_POINT ( 'NONE',  ( 41.49436736407539428, -3.226280975632789261, 1.999999999999999556 ) ) ;
#3527 = PLANE ( 'NONE',  #1755 ) ;
#3528 = CARTESIAN_POINT ( 'NONE',  ( 28.20402857475753677, 1.065149724835565026, 0.5000000000000074385 ) ) ;
#3529 = DIRECTION ( 'NONE',  ( 1.000000000000000000, 0.000000000000000000, -0.000000000000000000 ) ) ;
#3530 = PLANE ( 'NONE',  #2014 ) ;
#3531 = CARTESIAN_POINT ( 'NONE',  ( 27.50578249530104458, -0.7673346413786384934, -0.000000000000000000 ) ) ;
#3532 = CARTESIAN_POINT ( 'NONE',  ( 40.05783800089305657, 3.716809219909303685, -0.000000000000000000 ) ) ;
#3533 = CARTESIAN_POINT ( 'NONE',  ( 6.000000000000000888, 0.000000000000000000, 6.000000000000000000 ) ) ;
#3534 = CARTESIAN_POINT ( 'NONE',  ( 21.00000000000000000, 1.899999999999999911, 2.000000000000000000 ) ) ;
#3535 = CARTESIAN_POINT ( 'NONE',  ( 28.25445163395649573, 1.141388665691269289, 0.5000000000000073275 ) ) ;
#3536 = EDGE_CURVE ( 'NONE', #638, #1783, #2141, .T. ) ;
#3537 = CARTESIAN_POINT ( 'NONE',  ( 44.16670809040440560, 0.9708424924763852104, 2.000000000000000000 ) ) ;
#3538 = CARTESIAN_POINT ( 'NONE',  ( 27.43903447315546629, 0.5389002093121154635, 0.000000000000000000 ) ) ;
#3539 = CARTESIAN_POINT ( 'NONE',  ( 43.87500000000000711, 1.470012677705144964E-15, 0.5000000000000073275 ) ) ;
#3540 = CARTESIAN_POINT ( 'NONE',  ( 40.40777117942280938, -3.614649904203531161, 0.000000000000000000 ) ) ;
#3541 = ORIENTED_EDGE ( 'NONE', *, *, #3250, .T. ) ;
#3542 = CARTESIAN_POINT ( 'NONE',  ( 23.50000000000000000, 3.375000000000000444, 0.000000000000000000 ) ) ;
#3543 = CARTESIAN_POINT ( 'NONE',  ( 42.77213628173961979, 1.899999999999999911, 6.000000000000000000 ) ) ;
#3544 = FACE_OUTER_BOUND ( 'NONE', #1471, .T. ) ;
#3545 = CARTESIAN_POINT ( 'NONE',  ( 28.42164963210759510, 1.362954191997172826, 0.5000000000000074385 ) ) ;
#3546 = DIRECTION ( 'NONE',  ( -0.000000000000000000, -0.000000000000000000, -1.000000000000000000 ) ) ;
#3547 = CARTESIAN_POINT ( 'NONE',  ( 28.66841857474607380, -1.638757242629300226, 1.500000000000000000 ) ) ;
#3548 = CARTESIAN_POINT ( 'NONE',  ( 27.98159030207843756, -0.6214387597990622680, 1.500000000000000444 ) ) ;
#3549 = ADVANCED_FACE ( 'NONE', ( #1840 ), #954, .F. ) ;
#3550 = CARTESIAN_POINT ( 'NONE',  ( 43.60948405755701884, -1.801080643929776182, -0.000000000000000000 ) ) ;
#3551 = VERTEX_POINT ( 'NONE', #3123 ) ;
#3552 = CARTESIAN_POINT ( 'NONE',  ( 38.79902848877627264, 3.999321899253307500, -0.000000000000000000 ) ) ;
#3553 = CARTESIAN_POINT ( 'NONE',  ( 27.79794567930191107, 1.370926191111285997, 1.999999999999999556 ) ) ;
#3554 = CARTESIAN_POINT ( 'NONE',  ( 20.50000000000000000, 4.375000000000000000, 6.000000000000001776 ) ) ;
#3555 = CARTESIAN_POINT ( 'NONE',  ( 28.28072427660669419, 1.179237635413840302, 0.5000000000000074385 ) ) ;
#3556 = CARTESIAN_POINT ( 'NONE',  ( 43.08158142525129364, 1.638757242631569078, 1.500000000000000000 ) ) ;
#3557 = CARTESIAN_POINT ( 'NONE',  ( 27.43799684943321182, -0.5345514351477756998, 0.000000000000000000 ) ) ;
#3558 = CARTESIAN_POINT ( 'NONE',  ( 43.77688226814754557, -0.5858886312355187087, 0.5000000000000074385 ) ) ;
#3559 = CARTESIAN_POINT ( 'NONE',  ( 40.09932673494587618, -3.706429124760991289, 0.000000000000000000 ) ) ;
#3560 = ORIENTED_EDGE ( 'NONE', *, *, #2799, .F. ) ;
#3561 = CARTESIAN_POINT ( 'NONE',  ( 42.77213628173961268, 1.900000000000000133, 3.999999999999989786 ) ) ;
#3562 = DIRECTION ( 'NONE',  ( 0.000000000000000000, -0.7071067811865475727, 0.7071067811865475727 ) ) ;
#3563 = EDGE_CURVE ( 'NONE', #3413, #3478, #775, .T. ) ;
#3564 = LINE ( 'NONE', #2683, #722 ) ;
#3565 = CARTESIAN_POINT ( 'NONE',  ( 50.75000000000000000, 1.899999999999999911, 2.000000000000000000 ) ) ;
#3566 = AXIS2_PLACEMENT_3D ( 'NONE', #1831, #1532, #658 ) ;
#3567 = CARTESIAN_POINT ( 'NONE',  ( 27.95383280483430255, 0.5255701704612011360, 0.5000000000000073275 ) ) ;
#3568 = CARTESIAN_POINT ( 'NONE',  ( 28.97786371826039087, -1.899999999999999911, 6.000000000000000000 ) ) ;
#3569 = CARTESIAN_POINT ( 'NONE',  ( 31.41749047052137911, -3.128537531248333892, 1.999999999999877209 ) ) ;
#3570 = AXIS2_PLACEMENT_3D ( 'NONE', #711, #1927, #747 ) ;
#3571 =( BOUNDED_CURVE ( )  B_SPLINE_CURVE ( 3, ( #3568, #2302, #3610, #837 ),
 .UNSPECIFIED., .F., .T. ) 
 B_SPLINE_CURVE_WITH_KNOTS ( ( 4, 4 ),
 ( 3.672906692705471432, 5.751871268063906584 ),
 .UNSPECIFIED. ) 
 CURVE ( )  GEOMETRIC_REPRESENTATION_ITEM ( )  RATIONAL_B_SPLINE_CURVE ( ( 1.000000000000000000, 0.6711111111111112137, 0.6711111111111112137, 1.000000000000000000 ) ) 
 REPRESENTATION_ITEM ( '' )  );
#3572 = CARTESIAN_POINT ( 'NONE',  ( 31.41453359553076652, -3.636150189367715502, 0.000000000000000000 ) ) ;
#3573 = VECTOR ( 'NONE', #3048, 1000.000000000000000 ) ;
#3574 = ORIENTED_EDGE ( 'NONE', *, *, #2266, .F. ) ;
#3575 = CARTESIAN_POINT ( 'NONE',  ( 29.80542804968937176, 3.007489653336052449, -0.000000000000000000 ) ) ;
#3576 = LINE ( 'NONE', #799, #926 ) ;
#3577 = ADVANCED_FACE ( 'NONE', ( #38 ), #345, .T. ) ;
#3578 = CIRCLE ( 'NONE', #212, 2.000000000000001776 ) ;
#3579 = CARTESIAN_POINT ( 'NONE',  ( 27.99406550622059697, -0.6449123510303836904, 0.5000000000000073275 ) ) ;
#3580 = CARTESIAN_POINT ( 'NONE',  ( 39.39507156421444023, -3.880009228831916790, 2.000000000000000000 ) ) ;
#3581 = CIRCLE ( 'NONE', #607, 7.500000000000000000 ) ;
#3582 = CARTESIAN_POINT ( 'NONE',  ( 27.48103140120777965, -0.6908149418155595800, 0.000000000000000000 ) ) ;
#3583 = CARTESIAN_POINT ( 'NONE',  ( 43.41746387614082892, -1.250639423484881219, 0.5000000000000075495 ) ) ;
#3584 = CARTESIAN_POINT ( 'NONE',  ( 34.80376333213752815, -4.218536902565751312, 0.000000000000000000 ) ) ;
#3585 = ORIENTED_EDGE ( 'NONE', *, *, #3523, .T. ) ;
#3586 = AXIS2_PLACEMENT_3D ( 'NONE', #3554, #3475, #1040 ) ;
#3587 = PLANE ( 'NONE',  #1702 ) ;
#3588 = DIRECTION ( 'NONE',  ( -1.000000000000000000, 0.000000000000000000, -0.000000000000000000 ) ) ;
#3589 = EDGE_CURVE ( 'NONE', #1511, #3931, #1578, .T. ) ;
#3590 = CARTESIAN_POINT ( 'NONE',  ( 21.00000000000000355, -3.374999999999997335, 0.000000000000000000 ) ) ;
#3591 = LINE ( 'NONE', #3608, #2007 ) ;
#3592 = CARTESIAN_POINT ( 'NONE',  ( 33.19019257705865300, -3.533946009942020794, 0.5000000000000073275 ) ) ;
#3593 = CARTESIAN_POINT ( 'NONE',  ( 42.77213628173961268, 1.899999999999999911, 4.132391042439890860 ) ) ;
#3594 = CARTESIAN_POINT ( 'NONE',  ( 29.92404402742859659, -2.530027866405417214, 1.500000000000000000 ) ) ;
#3595 = CARTESIAN_POINT ( 'NONE',  ( 43.78335699594744312, -1.595190304934045900, 0.000000000000000000 ) ) ;
#3596 = ORIENTED_EDGE ( 'NONE', *, *, #911, .T. ) ;
#3597 = CARTESIAN_POINT ( 'NONE',  ( 27.69789165300115741, 1.192109726517444512, -0.000000000000000000 ) ) ;
#3598 = CARTESIAN_POINT ( 'NONE',  ( 21.00000000000000000, -1.899999999999999911, 4.132391042439890860 ) ) ;
#3599 = CARTESIAN_POINT ( 'NONE',  ( 30.05785476521897692, -2.577379687752851201, 0.5000000000000074385 ) ) ;
#3600 = DIRECTION ( 'NONE',  ( 1.000000000000000000, 6.505213034913020688E-16, 0.000000000000000000 ) ) ;
#3601 = DIRECTION ( 'NONE',  ( -0.000000000000000000, -0.000000000000000000, -1.000000000000000000 ) ) ;
#3602 = CARTESIAN_POINT ( 'NONE',  ( 40.56244482349708846, 3.040978036867780787, 0.5000000000000073275 ) ) ;
#3603 = ADVANCED_FACE ( 'NONE', ( #1060 ), #1319, .F. ) ;
#3604 = ORIENTED_EDGE ( 'NONE', *, *, #2769, .F. ) ;
#3605 = CARTESIAN_POINT ( 'NONE',  ( 43.57188094177353577, 1.844249842523312477, 0.000000000000000000 ) ) ;
#3606 = DIRECTION ( 'NONE',  ( 1.000000000000000000, 0.000000000000000000, 0.000000000000000000 ) ) ;
#3607 = DIRECTION ( 'NONE',  ( -0.000000000000000000, -0.000000000000000000, 1.000000000000000000 ) ) ;
#3608 = CARTESIAN_POINT ( 'NONE',  ( 6.000000000000000888, 3.125000000000000000, 0.000000000000000000 ) ) ;
#3609 = CARTESIAN_POINT ( 'NONE',  ( 30.51869781498393408, -2.786053461531964537, 0.5000000000000073275 ) ) ;
#3610 = CARTESIAN_POINT ( 'NONE',  ( 39.30072994126138752, -4.668874172185430993, 6.000000000000000000 ) ) ;
#3611 = CARTESIAN_POINT ( 'NONE',  ( 29.69609548576238112, -2.977132315248285810, 2.000000000000000000 ) ) ;
#3612 = CARTESIAN_POINT ( 'NONE',  ( 28.64810296238658793, -2.277887648718311286, 0.000000000000000000 ) ) ;
#3613 = CARTESIAN_POINT ( 'NONE',  ( 43.87348277776128214, 0.08454738589990093423, 0.5000000000000074385 ) ) ;
#3614 = ORIENTED_EDGE ( 'NONE', *, *, #1953, .F. ) ;
#3615 = CARTESIAN_POINT ( 'NONE',  ( 28.99121357946388500, 2.532151660160368856, 0.000000000000000000 ) ) ;
#3616 = DIRECTION ( 'NONE',  ( 1.000000000000000000, 0.000000000000000000, 0.000000000000000000 ) ) ;
#3617 = VERTEX_POINT ( 'NONE', #2929 ) ;
#3618 = CARTESIAN_POINT ( 'NONE',  ( 21.00000000000000000, 3.375000000000000000, -28.50614692156320018 ) ) ;
#3619 = CARTESIAN_POINT ( 'NONE',  ( 40.55494169757999856, -3.041909425483550589, 0.5000000000000073275 ) ) ;
#3620 = CARTESIAN_POINT ( 'NONE',  ( 43.67222101859994154, -0.8669979492809641863, 1.500000000000000000 ) ) ;
#3621 = PLANE ( 'NONE',  #2348 ) ;
#3622 = CARTESIAN_POINT ( 'NONE',  ( 39.36863528790112809, 3.373926148907413047, 0.5000000000000074385 ) ) ;
#3623 = ORIENTED_EDGE ( 'NONE', *, *, #3780, .T. ) ;
#3624 = CARTESIAN_POINT ( 'NONE',  ( 48.75000000000000000, -1.899999999999999911, 0.000000000000000000 ) ) ;
#3625 = FACE_OUTER_BOUND ( 'NONE', #3368, .T. ) ;
#3626 = CARTESIAN_POINT ( 'NONE',  ( 39.47954671184163544, 3.861484529724322545, 0.000000000000000000 ) ) ;
#3627 = CARTESIAN_POINT ( 'NONE',  ( 28.27782706044594008, -1.175622668296354201, 0.5000000000000074385 ) ) ;
#3628 = EDGE_LOOP ( 'NONE', ( #1802, #3121 ) ) ;
#3629 = CARTESIAN_POINT ( 'NONE',  ( 32.30987784881327229, -3.374999999999989786, 1.634218498322641766 ) ) ;
#3630 = CARTESIAN_POINT ( 'NONE',  ( 27.92762863491761749, -0.4432497862974522085, 2.000000000000000000 ) ) ;
#3631 = EDGE_CURVE ( 'NONE', #3952, #1068, #3457, .T. ) ;
#3632 = CARTESIAN_POINT ( 'NONE',  ( 28.54870111718873460, -2.194419308970127602, 0.000000000000000000 ) ) ;
#3633 = CARTESIAN_POINT ( 'NONE',  ( 41.71788785440556069, -3.119420367922737025, 0.000000000000000000 ) ) ;
#3634 = AXIS2_PLACEMENT_3D ( 'NONE', #2471, #2809, #10 ) ;
#3635 = VERTEX_POINT ( 'NONE', #2796 ) ;
#3636 = CARTESIAN_POINT ( 'NONE',  ( 29.12818363096200258, 2.622068875937375587, -0.000000000000000000 ) ) ;
#3637 = CARTESIAN_POINT ( 'NONE',  ( 29.47167498141870112, -2.256516590374447517, 3.882755438362702538 ) ) ;
#3638 = DIRECTION ( 'NONE',  ( -0.000000000000000000, -0.000000000000000000, 1.000000000000000000 ) ) ;
#3639 = DIRECTION ( 'NONE',  ( -1.000000000000000000, 0.000000000000000000, -0.000000000000000000 ) ) ;
#3640 = AXIS2_PLACEMENT_3D ( 'NONE', #1492, #2484, #3426 ) ;
#3641 = CARTESIAN_POINT ( 'NONE',  ( 42.93037782674239367, -1.768107544199517989, 0.5000000000000074385 ) ) ;
#3642 = EDGE_CURVE ( 'NONE', #3635, #277, #1202, .T. ) ;
#3643 = EDGE_CURVE ( 'NONE', #3745, #2132, #3743, .T. ) ;
#3644 = CARTESIAN_POINT ( 'NONE',  ( 39.93952186590779263, -3.759660947685346866, 2.000000000000000000 ) ) ;
#3645 = AXIS2_PLACEMENT_3D ( 'NONE', #2147, #1249, #2706 ) ;
#3646 = CARTESIAN_POINT ( 'NONE',  ( 32.36559971998502760, 3.375000000000000444, 1.575859807998451156 ) ) ;
#3647 = CARTESIAN_POINT ( 'NONE',  ( 40.36750072676557721, 3.104815947323485759, 0.5000000000000076605 ) ) ;
#3648 = VECTOR ( 'NONE', #2723, 1000.000000000000114 ) ;
#3649 = ORIENTED_EDGE ( 'NONE', *, *, #2840, .F. ) ;
#3650 = CARTESIAN_POINT ( 'NONE',  ( 6.000000000000000888, 0.000000000000000000, 0.000000000000000000 ) ) ;
#3651 = CIRCLE ( 'NONE', #2411, 2.000000000000000000 ) ;
#3652 = CARTESIAN_POINT ( 'NONE',  ( 34.05956326844435011, 4.155400746712092364, 0.000000000000000000 ) ) ;
#3653 = CARTESIAN_POINT ( 'NONE',  ( 29.79199475847437739, -2.436369629168367190, 0.5000000000000073275 ) ) ;
#3654 = ORIENTED_EDGE ( 'NONE', *, *, #1384, .F. ) ;
#3655 = DIRECTION ( 'NONE',  ( 1.000000000000000000, 0.000000000000000000, 0.000000000000000000 ) ) ;
#3656 = CARTESIAN_POINT ( 'NONE',  ( 23.00000000000000355, 8.000000000000000000, 6.000000000000000000 ) ) ;
#3657 = CARTESIAN_POINT ( 'NONE',  ( 29.17684178437431086, -2.654153777477508580, 0.000000000000000000 ) ) ;
#3658 = CARTESIAN_POINT ( 'NONE',  ( 42.96425687132148141, -2.383869810713976634, 0.000000000000000000 ) ) ;
#3659 = ORIENTED_EDGE ( 'NONE', *, *, #3400, .T. ) ;
#3660 = CARTESIAN_POINT ( 'NONE',  ( 27.67183760036319384, 1.144330365537371552, 0.000000000000000000 ) ) ;
#3661 = CARTESIAN_POINT ( 'NONE',  ( 39.36211915483254131, 3.374999999999999556, 3.099584923580558371 ) ) ;
#3662 = EDGE_LOOP ( 'NONE', ( #2489, #1413 ) ) ;
#3663 = DIRECTION ( 'NONE',  ( 1.000000000000000000, 0.000000000000000000, 0.000000000000000000 ) ) ;
#3664 = CARTESIAN_POINT ( 'NONE',  ( 51.25000000000000711, -3.374999999999978684, -28.50614692156320018 ) ) ;
#3665 = CARTESIAN_POINT ( 'NONE',  ( 35.66700932688066672, -3.750016616735620367, 0.5000000000000074385 ) ) ;
#3666 = EDGE_CURVE ( 'NONE', #3919, #3872, #2834, .T. ) ;
#3667 = CARTESIAN_POINT ( 'NONE',  ( 42.48996739820766066, -2.116029465045697666, 1.500000000000000000 ) ) ;
#3668 = EDGE_CURVE ( 'NONE', #1873, #1223, #567, .T. ) ;
#3669 = DIRECTION ( 'NONE',  ( 0.000000000000000000, -0.7071067811865474617, 0.7071067811865474617 ) ) ;
#3670 = CARTESIAN_POINT ( 'NONE',  ( 44.33457359395415409, -0.4298593749578923373, 0.000000000000000000 ) ) ;
#3671 = ORIENTED_EDGE ( 'NONE', *, *, #3589, .F. ) ;
#3672 = PLANE ( 'NONE',  #3971 ) ;
#3673 = CARTESIAN_POINT ( 'NONE',  ( 27.87239232855890592, 1.467825390438316946, 0.000000000000000000 ) ) ;
#3674 = ORIENTED_EDGE ( 'NONE', *, *, #2508, .T. ) ;
#3675 = DIRECTION ( 'NONE',  ( -0.000000000000000000, 0.8191520442889885789, 0.5735764363510507113 ) ) ;
#3676 = CARTESIAN_POINT ( 'NONE',  ( 42.94378309986898756, 2.419933649087386840, 2.000000000000000444 ) ) ;
#3677 = CARTESIAN_POINT ( 'NONE',  ( 38.22365796810302641, -4.089833812027380944, -0.000000000000000000 ) ) ;
#3678 = CARTESIAN_POINT ( 'NONE',  ( 36.73540205746912335, -4.230194017024208719, 0.000000000000000000 ) ) ;
#3679 = ORIENTED_EDGE ( 'NONE', *, *, #1419, .T. ) ;
#3680 = DIRECTION ( 'NONE',  ( 0.000000000000000000, -1.000000000000000000, 0.000000000000000000 ) ) ;
#3681 = CARTESIAN_POINT ( 'NONE',  ( 31.48365050461943682, -3.134657298125437919, 0.5000000000000073275 ) ) ;
#3682 = ADVANCED_FACE ( 'NONE', ( #1470 ), #1789, .F. ) ;
#3683 = CARTESIAN_POINT ( 'NONE',  ( 43.70819528056276226, 1.687900521993367597, -0.000000000000000000 ) ) ;
#3684 = CARTESIAN_POINT ( 'NONE',  ( 32.38788084516746579, 3.375000000000000444, 1.500000000000000000 ) ) ;
#3685 = CARTESIAN_POINT ( 'NONE',  ( 43.77720733366280825, 0.5860246259424868320, 0.5000000000000076605 ) ) ;
#3686 = ORIENTED_EDGE ( 'NONE', *, *, #98, .T. ) ;
#3687 = DIRECTION ( 'NONE',  ( 0.000000000000000000, -1.000000000000000000, 0.000000000000000000 ) ) ;
#3688 = CARTESIAN_POINT ( 'NONE',  ( 39.16447073372113152, 3.929380431662929052, 0.000000000000000000 ) ) ;
#3689 = EDGE_LOOP ( 'NONE', ( #2171, #1468, #3404, #2748 ) ) ;
#3690 = FACE_OUTER_BOUND ( 'NONE', #4006, .T. ) ;
#3691 = FACE_OUTER_BOUND ( 'NONE', #1301, .T. ) ;
#3692 = CARTESIAN_POINT ( 'NONE',  ( 41.17613251854442780, -3.348543595799639672, -0.000000000000000000 ) ) ;
#3693 = CARTESIAN_POINT ( 'NONE',  ( 40.56244482349708846, 3.040978036867780787, 0.5000000000000073275 ) ) ;
#3694 = ORIENTED_EDGE ( 'NONE', *, *, #1799, .F. ) ;
#3695 = LINE ( 'NONE', #3071, #1825 ) ;
#3696 = DIRECTION ( 'NONE',  ( -0.000000000000000000, -0.000000000000000000, -1.000000000000000000 ) ) ;
#3697 = VERTEX_POINT ( 'NONE', #3015 ) ;
#3698 = LINE ( 'NONE', #2491, #3164 ) ;
#3699 = CARTESIAN_POINT ( 'NONE',  ( 43.85090781265228799, -0.2938219623376758793, 0.5000000000000074385 ) ) ;
#3700 = VECTOR ( 'NONE', #3737, 1000.000000000000000 ) ;
#3701 = CARTESIAN_POINT ( 'NONE',  ( 43.57565277417322847, 1.839992787439043154, 0.000000000000000000 ) ) ;
#3702 =( BOUNDED_SURFACE ( )  B_SPLINE_SURFACE ( 3, 1, ( 
 ( #2327, #800 ),
 ( #259, #3897 ),
 ( #1493, #2077 ),
 ( #570, #3354 ) ),
 .UNSPECIFIED., .F., .F., .T. ) 
 B_SPLINE_SURFACE_WITH_KNOTS ( ( 4, 4 ),
 ( 2, 2 ),
 ( 0.000000000000000000, 1.000000000000000000 ),
 ( 0.000000000000000000, 1.000000000000000000 ),
 .UNSPECIFIED. ) 
 GEOMETRIC_REPRESENTATION_ITEM ( )  RATIONAL_B_SPLINE_SURFACE ( (
 ( 1.000000000000000000, 1.000000000000000000),
 ( 0.6711111111111108807, 0.6711111111111108807),
 ( 0.6711111111111108807, 0.6711111111111108807),
 ( 1.000000000000000000, 1.000000000000000000) ) ) 
 REPRESENTATION_ITEM ( '' )  SURFACE ( )  );
#3703 = CARTESIAN_POINT ( 'NONE',  ( 21.50000000000000000, 8.000000000000000000, 5.500000000000000000 ) ) ;
#3704 = CARTESIAN_POINT ( 'NONE',  ( 32.98258409687855419, 3.497835813172145425, 0.5000000000000074385 ) ) ;
#3705 = VECTOR ( 'NONE', #680, 1000.000000000000000 ) ;
#3706 = VERTEX_POINT ( 'NONE', #2115 ) ;
#3707 = CYLINDRICAL_SURFACE ( 'NONE', #2784, 1.000000000000000888 ) ;
#3708 = PRODUCT_DEFINITION_FORMATION_WITH_SPECIFIED_SOURCE ( 'ANY', '', #131, .NOT_KNOWN. ) ;
#3709 = CARTESIAN_POINT ( 'NONE',  ( 39.58441949194846643, 3.837210342908405902, 0.000000000000000000 ) ) ;
#3710 = ORIENTED_EDGE ( 'NONE', *, *, #367, .F. ) ;
#3711 = CARTESIAN_POINT ( 'NONE',  ( 21.50000000000000000, 4.375000000000000000, 6.000000000000000000 ) ) ;
#3712 = CARTESIAN_POINT ( 'NONE',  ( 32.46284613300638711, 3.391794347220796979, 1.999999999999999334 ) ) ;
#3713 = CARTESIAN_POINT ( 'NONE',  ( 33.10611207753936469, -4.025491357280836624, -0.000000000000000000 ) ) ;
#3714 = CARTESIAN_POINT ( 'NONE',  ( 42.04392541728275745, 2.387821118983172841, 0.5000000000000074385 ) ) ;
#3715 = ORIENTED_EDGE ( 'NONE', *, *, #2820, .T. ) ;
#3716 = CIRCLE ( 'NONE', #3586, 1.000000000000000888 ) ;
#3717 = ORIENTED_EDGE ( 'NONE', *, *, #1245, .F. ) ;
#3718 = CIRCLE ( 'NONE', #1201, 2.000000000000000000 ) ;
#3719 = FACE_OUTER_BOUND ( 'NONE', #2760, .T. ) ;
#3720 = CARTESIAN_POINT ( 'NONE',  ( 48.75000000000000000, -7.499999999999998224, 0.000000000000000000 ) ) ;
#3721 = CARTESIAN_POINT ( 'NONE',  ( 43.87500000000001421, -0.1273993502825372104, 1.500000000000000444 ) ) ;
#3722 = CARTESIAN_POINT ( 'NONE',  ( 39.86498404416134633, -3.374999999999986233, 1.831153572558411158 ) ) ;
#3723 = CARTESIAN_POINT ( 'NONE',  ( 29.27622001267834051, 2.121142107048006320, 0.5000000000000074385 ) ) ;
#3724 = ORIENTED_EDGE ( 'NONE', *, *, #1014, .T. ) ;
#3725 = CARTESIAN_POINT ( 'NONE',  ( 29.54672328812487336, 2.872172786940168976, 0.000000000000000000 ) ) ;
#3726 = LINE ( 'NONE', #610, #1894 ) ;
#3727 = CARTESIAN_POINT ( 'NONE',  ( 28.48608642600638419, -2.141856791514331615, 0.000000000000000000 ) ) ;
#3728 = EDGE_CURVE ( 'NONE', #2152, #1068, #3032, .T. ) ;
#3729 = VERTEX_POINT ( 'NONE', #3661 ) ;
#3730 = CARTESIAN_POINT ( 'NONE',  ( 27.87499999998000533, -7.499999999999999112, 0.5000000000000074385 ) ) ;
#3731 = CARTESIAN_POINT ( 'NONE',  ( 31.81047813409080405, 3.759660947688064248, 2.000000000000000000 ) ) ;
#3732 = CARTESIAN_POINT ( 'NONE',  ( 39.57444136411831437, 3.375000000000000000, 1.719173596228548151 ) ) ;
#3733 = CARTESIAN_POINT ( 'NONE',  ( 42.61154893292197698, -2.628688619422929751, -0.000000000000000000 ) ) ;
#3734 = CARTESIAN_POINT ( 'NONE',  ( 36.29450422974674240, 3.749886022029621291, 0.5000000000000076605 ) ) ;
#3735 = EDGE_LOOP ( 'NONE', ( #1192, #2297, #1276, #196 ) ) ;
#3736 = ORIENTED_EDGE ( 'NONE', *, *, #65, .F. ) ;
#3737 = DIRECTION ( 'NONE',  ( 1.000000000000000000, 0.000000000000000000, 0.000000000000000000 ) ) ;
#3738 = DIRECTION ( 'NONE',  ( 0.000000000000000000, 0.000000000000000000, 1.000000000000000000 ) ) ;
#3739 = CARTESIAN_POINT ( 'NONE',  ( 50.25000000000000000, -7.662588612038525149, 0.1666637685428616344 ) ) ;
#3740 = CARTESIAN_POINT ( 'NONE',  ( 28.81558757580966201, 1.765601596732409462, 0.5000000000000073275 ) ) ;
#3741 = EDGE_LOOP ( 'NONE', ( #3926, #1946, #274, #2657 ) ) ;
#3742 = CARTESIAN_POINT ( 'NONE',  ( 29.31321417874310953, 2.737452398035543855, 0.000000000000000000 ) ) ;
#3743 = LINE ( 'NONE', #2499, #1377 ) ;
#3744 = CARTESIAN_POINT ( 'NONE',  ( 27.56574886184757389, -0.9208969472348834673, 0.000000000000000000 ) ) ;
#3745 = VERTEX_POINT ( 'NONE', #2394 ) ;
#3746 = CARTESIAN_POINT ( 'NONE',  ( 43.87500000000000000, -7.500000000028118841, 2.000000000000000444 ) ) ;
#3747 = CARTESIAN_POINT ( 'NONE',  ( 42.59746695039155640, -2.652180495291768025, 2.000000000000000000 ) ) ;
#3748 = CARTESIAN_POINT ( 'NONE',  ( 39.38506425836817471, 3.375000000000000000, 1.576855920068029659 ) ) ;
#3749 = CARTESIAN_POINT ( 'NONE',  ( 38.85331264818259456, -3.988992672391002525, -0.000000000000000000 ) ) ;
#3750 = CARTESIAN_POINT ( 'NONE',  ( 43.77720733366280825, 0.5860246259424868320, 0.5000000000000076605 ) ) ;
#3751 = ORIENTED_EDGE ( 'NONE', *, *, #2071, .T. ) ;
#3752 = PLANE ( 'NONE',  #336 ) ;
#3753 = CARTESIAN_POINT ( 'NONE',  ( 43.86744858399181624, -0.1682244295097689579, 0.5000000000000074385 ) ) ;
#3754 = CARTESIAN_POINT ( 'NONE',  ( 42.37374808166133278, -2.192973030684156388, 1.500000000000000000 ) ) ;
#3755 = CARTESIAN_POINT ( 'NONE',  ( 0.000000000000000000, 0.000000000000000000, 2.000000000000000000 ) ) ;
#3756 = VECTOR ( 'NONE', #2194, 1000.000000000000000 ) ;
#3757 = ORIENTED_EDGE ( 'NONE', *, *, #3482, .F. ) ;
#3758 = VECTOR ( 'NONE', #2206, 1000.000000000000000 ) ;
#3759 = CARTESIAN_POINT ( 'NONE',  ( 27.55705067042202572, 0.9010941571825511476, 0.000000000000000000 ) ) ;
#3760 = CARTESIAN_POINT ( 'NONE',  ( 42.77213628173961268, -1.899999999999999911, 4.132391042439879314 ) ) ;
#3761 = CARTESIAN_POINT ( 'NONE',  ( 31.23350654870215948, -3.580301250899077914, 0.000000000000000000 ) ) ;
#3762 = EDGE_LOOP ( 'NONE', ( #3844, #2580, #2189, #347 ) ) ;
#3763 = CARTESIAN_POINT ( 'NONE',  ( 41.10474494817862023, 3.375000000000000000, 1.999999999999998224 ) ) ;
#3764 = CARTESIAN_POINT ( 'NONE',  ( 43.55358725598876646, 1.869702101299389962, 1.999999999999999556 ) ) ;
#3765 = AXIS2_PLACEMENT_3D ( 'NONE', #2281, #746, #1324 ) ;
#3766 = DIRECTION ( 'NONE',  ( -0.000000000000000000, -0.000000000000000000, -1.000000000000000000 ) ) ;
#3767 = AXIS2_PLACEMENT_3D ( 'NONE', #3865, #3562, #3974 ) ;
#3768 = CARTESIAN_POINT ( 'NONE',  ( 34.42373300199983532, 3.688114057563444792, 0.5000000000000074385 ) ) ;
#3769 = CARTESIAN_POINT ( 'NONE',  ( 48.25000000000000000, -3.374999999999979128, 0.000000000000000000 ) ) ;
#3770 = CARTESIAN_POINT ( 'NONE',  ( 43.97069292407927321, 1.331919899778392979, 0.000000000000000000 ) ) ;
#3771 = VECTOR ( 'NONE', #3969, 1000.000000000000000 ) ;
#3772 = CARTESIAN_POINT ( 'NONE',  ( 43.84339339232413835, -0.3356518767835839356, 0.5000000000000074385 ) ) ;
#3773 = CARTESIAN_POINT ( 'NONE',  ( 39.11108032990980377, 3.939850709454222777, 0.000000000000000000 ) ) ;
#3774 = VECTOR ( 'NONE', #1733, 1000.000000000000000 ) ;
#3775 = LINE ( 'NONE', #991, #997 ) ;
#3776 = CARTESIAN_POINT ( 'NONE',  ( 34.42373300199983532, 3.688114057563444792, 0.5000000000000074385 ) ) ;
#3777 = EDGE_CURVE ( 'NONE', #2095, #1888, #2735, .T. ) ;
#3778 = CARTESIAN_POINT ( 'NONE',  ( 40.33250952947858536, 3.128537531249458770, 2.000000000000245137 ) ) ;
#3779 = EDGE_LOOP ( 'NONE', ( #47, #3585, #2114 ) ) ;
#3780 = EDGE_CURVE ( 'NONE', #1108, #2008, #1490, .T. ) ;
#3781 = CARTESIAN_POINT ( 'NONE',  ( 30.62229410138205310, 3.366826858295353997, 0.000000000000000000 ) ) ;
#3782 = CARTESIAN_POINT ( 'NONE',  ( 28.73601964389474972, -2.347046596076275637, 0.000000000000000000 ) ) ;
#3783 = ORIENTED_EDGE ( 'NONE', *, *, #247, .F. ) ;
#3784 = PLANE ( 'NONE',  #2664 ) ;
#3785 = CARTESIAN_POINT ( 'NONE',  ( 21.00000000000000000, -1.899999999999999911, 2.000000000000000000 ) ) ;
#3786 = CARTESIAN_POINT ( 'NONE',  ( 29.46555362987135496, 2.252558948903070402, 3.885526608754665379 ) ) ;
#3787 = CARTESIAN_POINT ( 'NONE',  ( 27.87495013481587236, -0.08423342259249694264, 0.5000000000000073275 ) ) ;
#3788 = VERTEX_POINT ( 'NONE', #1808 ) ;
#3789 = CARTESIAN_POINT ( 'NONE',  ( 50.25000000000000000, -3.374999999999979128, 0.000000000000000000 ) ) ;
#3790 = CARTESIAN_POINT ( 'NONE',  ( 44.36514616539684397, 0.2178229687856814978, 0.000000000000000000 ) ) ;
#3791 = CARTESIAN_POINT ( 'NONE',  ( 27.69584848557268941, -1.187617380408131362, -0.000000000000000000 ) ) ;
#3792 = CARTESIAN_POINT ( 'NONE',  ( 44.15088852301001765, -0.9977150500997049587, 0.000000000000000000 ) ) ;
#3793 = CARTESIAN_POINT ( 'NONE',  ( 40.21175322730886137, 3.673054072128609793, -0.000000000000000000 ) ) ;
#3794 = CARTESIAN_POINT ( 'NONE',  ( 41.10474494817865576, -3.374999999999985345, 1.999999999999998224 ) ) ;
#3795 = EDGE_CURVE ( 'NONE', #1616, #3423, #471, .T. ) ;
#3796 = CARTESIAN_POINT ( 'NONE',  ( 42.05390451424153753, 2.977132315246592054, 2.000000000000000000 ) ) ;
#3797 = CARTESIAN_POINT ( 'NONE',  ( 38.84894015147327195, 3.991270062008307029, 0.000000000000000000 ) ) ;
#3798 = EDGE_CURVE ( 'NONE', #2923, #3488, #2731, .T. ) ;
#3799 = CARTESIAN_POINT ( 'NONE',  ( 43.82985411957511701, -0.3983855706564164989, 0.5000000000000073275 ) ) ;
#3800 = CARTESIAN_POINT ( 'NONE',  ( 31.38815339611761956, -3.628289444223837368, 0.000000000000000000 ) ) ;
#3801 =( BOUNDED_SURFACE ( )  B_SPLINE_SURFACE ( 3, 2, ( 
 ( #1958, #1671, #3160 ),
 ( #1711, #400, #423 ),
 ( #1979, #3778, #2590 ),
 ( #3818, #2553, #456 ),
 ( #3859, #2293, #3796 ),
 ( #2910, #2274, #3839 ),
 ( #1011, #2235, #1996 ),
 ( #3556, #1689, #3220 ),
 ( #1025, #1064, #3496 ),
 ( #3519, #721, #3477 ),
 ( #3201, #438, #113 ),
 ( #2013, #1409, #2891 ),
 ( #778, #132, #3537 ),
 ( #155, #2932, #705 ),
 ( #3183, #1654, #758 ),
 ( #3242, #2876, #1391 ),
 ( #2609, #479, #1083 ),
 ( #1454, #1102, #3290 ),
 ( #2676, #498, #3877 ),
 ( #3620, #848, #2974 ),
 ( #1475, #2698, #2419 ),
 ( #1196, #216, #1775 ),
 ( #870, #586, #2330 ),
 ( #1812, #1130, #2080 ),
 ( #3667, #3037, #281 ),
 ( #2630, #3313, #521 ),
 ( #3337, #572, #1495 ),
 ( #1794, #551, #3267 ),
 ( #1752, #3944, #3644 ),
 ( #3922, #1171, #3580 ) ),
 .UNSPECIFIED., .F., .F., .F. ) 
 B_SPLINE_SURFACE_WITH_KNOTS ( ( 4, 2, 2, 2, 2, 2, 2, 2, 2, 2, 2, 2, 2, 2, 4 ),
 ( 3, 3 ),
 ( 0.01454200754683980176, 0.01623754365062443639, 0.01793307975440907448, 0.01878084780630139006, 0.01962861585819370910, 0.02005249988413986689, 0.02047638391008602815, 0.02090026793603218594, 0.02132415196197834373, 0.02217192001387065931, 0.02301968806576297835, 0.02386745611765529740, 0.02471522416954761298, 0.02641076027333224760, 0.02810629637711688222 ),
 ( 0.000000000000000000, 1.000000000000000000 ),
 .UNSPECIFIED. ) 
 GEOMETRIC_REPRESENTATION_ITEM ( )  RATIONAL_B_SPLINE_SURFACE ( (
 ( 1.000000000000000000, 0.7071067811865473507, 1.000000000000000000),
 ( 1.000000000000000000, 0.7071067811865473507, 1.000000000000000000),
 ( 1.000000000000000000, 0.7071067811865476838, 1.000000000000000000),
 ( 1.000000000000000000, 0.7071067811865476838, 1.000000000000000000),
 ( 1.000000000000000000, 0.7071067811865476838, 1.000000000000000000),
 ( 1.000000000000000000, 0.7071067811865476838, 1.000000000000000000),
 ( 1.000000000000000000, 0.7071067811865505703, 1.000000000000000000),
 ( 1.000000000000000000, 0.7071067811865505703, 1.000000000000000000),
 ( 1.000000000000000000, 0.7071067811865473507, 1.000000000000000000),
 ( 1.000000000000000000, 0.7071067811865473507, 1.000000000000000000),
 ( 1.000000000000000000, 0.7071067811865516806, 1.000000000000000000),
 ( 1.000000000000000000, 0.7071067811865516806, 1.000000000000000000),
 ( 1.000000000000000000, 0.7071067811865473507, 1.000000000000000000),
 ( 1.000000000000000000, 0.7071067811865473507, 1.000000000000000000),
 ( 1.000000000000000000, 0.7071067811865473507, 1.000000000000000000),
 ( 1.000000000000000000, 0.7071067811865473507, 1.000000000000000000),
 ( 1.000000000000000000, 0.7071067811865522357, 1.000000000000000000),
 ( 1.000000000000000000, 0.7071067811865522357, 1.000000000000000000),
 ( 1.000000000000000000, 0.7071067811865473507, 1.000000000000000000),
 ( 1.000000000000000000, 0.7071067811865473507, 1.000000000000000000),
 ( 1.000000000000000000, 0.7071067811865473507, 1.000000000000000000),
 ( 1.000000000000000000, 0.7071067811865473507, 1.000000000000000000),
 ( 1.000000000000000000, 0.7071067811865473507, 1.000000000000000000),
 ( 1.000000000000000000, 0.7071067811865473507, 1.000000000000000000),
 ( 1.000000000000000000, 0.7071067811865473507, 1.000000000000000000),
 ( 1.000000000000000000, 0.7071067811865473507, 1.000000000000000000),
 ( 1.000000000000000000, 0.7071067811865473507, 1.000000000000000000),
 ( 1.000000000000000000, 0.7071067811865473507, 1.000000000000000000),
 ( 1.000000000000000000, 0.7071067811865473507, 1.000000000000000000),
 ( 1.000000000000000000, 0.7071067811865473507, 1.000000000000000000) ) ) 
 REPRESENTATION_ITEM ( '' )  SURFACE ( )  );
#3802 = ORIENTED_EDGE ( 'NONE', *, *, #931, .T. ) ;
#3803 = CARTESIAN_POINT ( 'NONE',  ( 48.75000000000000000, -1.899999999999999911, 6.000000000000000000 ) ) ;
#3804 = CARTESIAN_POINT ( 'NONE',  ( 43.94485472341340682, 1.381873763758419305, 2.000000000000000000 ) ) ;
#3805 = CARTESIAN_POINT ( 'NONE',  ( 0.000000000000000000, -8.000000000000000000, 0.5000000000000004441 ) ) ;
#3806 = CARTESIAN_POINT ( 'NONE',  ( 43.38748033880926869, -2.030886603171342397, -0.000000000000000000 ) ) ;
#3807 = CARTESIAN_POINT ( 'NONE',  ( 32.98258409687855419, 3.497835813172145425, 0.5000000000000074385 ) ) ;
#3808 = EDGE_CURVE ( 'NONE', #1860, #2936, #276, .T. ) ;
#3809 = ORIENTED_EDGE ( 'NONE', *, *, #2840, .T. ) ;
#3810 = CARTESIAN_POINT ( 'NONE',  ( 19.00000000000000355, 3.375000000000000000, 0.000000000000000000 ) ) ;
#3811 = CARTESIAN_POINT ( 'NONE',  ( 42.33767883446621738, 2.795802266032245686, 0.000000000000000000 ) ) ;
#3812 = CARTESIAN_POINT ( 'NONE',  ( 43.15664662418910069, 1.566685138714074110, 1.499999999999999778 ) ) ;
#3813 = CARTESIAN_POINT ( 'NONE',  ( 37.37247559664442065, 4.185993700246743998, -0.000000000000000000 ) ) ;
#3814 = EDGE_CURVE ( 'NONE', #2063, #1395, #1227, .T. ) ;
#3815 = DIRECTION ( 'NONE',  ( -0.000000000000000000, -0.000000000000000000, -1.000000000000000000 ) ) ;
#3816 = CARTESIAN_POINT ( 'NONE',  ( 27.96024772347906762, 0.5463907242903506267, 0.5000000000000073275 ) ) ;
#3817 = EDGE_CURVE ( 'NONE', #1680, #2600, #3576, .T. ) ;
#3818 = CARTESIAN_POINT ( 'NONE',  ( 41.34249008860948749, 2.754123373768307736, 1.500000000000000000 ) ) ;
#3819 = CARTESIAN_POINT ( 'NONE',  ( 27.77877251419553062, -1.328303863264899354, 0.000000000000000000 ) ) ;
#3820 = CARTESIAN_POINT ( 'NONE',  ( 42.46382115821640468, -2.127919359691079038, 0.5000000000000073275 ) ) ;
#3821 = CARTESIAN_POINT ( 'NONE',  ( 40.51035732006001666, -3.582647242933529874, 0.000000000000000000 ) ) ;
#3822 = ORIENTED_EDGE ( 'NONE', *, *, #1940, .T. ) ;
#3823 = CARTESIAN_POINT ( 'NONE',  ( 21.00000000000000000, 3.508974596215563402, 2.000000000000000000 ) ) ;
#3824 = CARTESIAN_POINT ( 'NONE',  ( 36.09188946243162377, -4.249982784466971530, 0.000000000000000000 ) ) ;
#3825 = CARTESIAN_POINT ( 'NONE',  ( 28.97786371826039442, 1.899999999999999911, 4.132391042439889972 ) ) ;
#3826 = VECTOR ( 'NONE', #2504, 1000.000000000000000 ) ;
#3827 =( BOUNDED_CURVE ( )  B_SPLINE_CURVE ( 3, ( #4008, #2107, #1242, #3023 ),
 .UNSPECIFIED., .F., .T. ) 
 B_SPLINE_CURVE_WITH_KNOTS ( ( 4, 4 ),
 ( 0.5000690829060169262, 1.000000000000000000 ),
 .UNSPECIFIED. ) 
 CURVE ( )  GEOMETRIC_REPRESENTATION_ITEM ( )  RATIONAL_B_SPLINE_CURVE ( ( 0.9997237065530746314, 0.3333333460598613684, 0.3334254438755031580, 1.000000000000000000 ) ) 
 REPRESENTATION_ITEM ( '' )  );
#3828 = EDGE_CURVE ( 'NONE', #72, #3061, #2056, .T. ) ;
#3829 = CARTESIAN_POINT ( 'NONE',  ( 29.40076118776630665, 2.203093204139535466, 0.5000000000000073275 ) ) ;
#3830 = VECTOR ( 'NONE', #3108, 1000.000000000000000 ) ;
#3831 = VERTEX_POINT ( 'NONE', #1728 ) ;
#3832 = DIRECTION ( 'NONE',  ( -0.000000000000000000, 0.000000000000000000, 1.000000000000000000 ) ) ;
#3833 = CARTESIAN_POINT ( 'NONE',  ( 0.000000000000000000, 0.000000000000000000, 5.499999999999992895 ) ) ;
#3834 = CARTESIAN_POINT ( 'NONE',  ( 41.42559991949825360, 3.246764104730985423, 0.000000000000000000 ) ) ;
#3835 = CARTESIAN_POINT ( 'NONE',  ( 0.000000000000000000, 0.000000000000000000, 6.000000000000000000 ) ) ;
#3836 = VECTOR ( 'NONE', #689, 1000.000000000000000 ) ;
#3837 = DIRECTION ( 'NONE',  ( 0.000000000000000000, 0.7071067811865474617, -0.7071067811865474617 ) ) ;
#3838 = CARTESIAN_POINT ( 'NONE',  ( 28.36339711724183843, 1.290774242823545803, 0.5000000000000073275 ) ) ;
#3839 = CARTESIAN_POINT ( 'NONE',  ( 42.77465326567357096, 2.527672745871927695, 2.000000000000000000 ) ) ;
#3840 = CARTESIAN_POINT ( 'NONE',  ( 27.38282270379608718, -0.2162625048717421727, 0.000000000000000000 ) ) ;
#3841 = CARTESIAN_POINT ( 'NONE',  ( 43.87500001401509309, -0.04220875880336937003, 0.5000000000000074385 ) ) ;
#3842 = VECTOR ( 'NONE', #681, 1000.000000000000000 ) ;
#3843 = CARTESIAN_POINT ( 'NONE',  ( 38.85210498043271343, -3.990674961467096438, 0.000000000000000000 ) ) ;
#3844 = ORIENTED_EDGE ( 'NONE', *, *, #2071, .F. ) ;
#3845 = FACE_OUTER_BOUND ( 'NONE', #2392, .T. ) ;
#3846 = DIRECTION ( 'NONE',  ( 0.000000000000000000, 0.000000000000000000, 1.000000000000000000 ) ) ;
#3847 = LINE ( 'NONE', #767, #2083 ) ;
#3848 = CARTESIAN_POINT ( 'NONE',  ( 42.63156872272142550, -2.615766741678963392, 0.000000000000000000 ) ) ;
#3849 = CARTESIAN_POINT ( 'NONE',  ( 31.09142387900516979, 3.006302194466722089, 0.5000000000000074385 ) ) ;
#3850 = ORIENTED_EDGE ( 'NONE', *, *, #288, .F. ) ;
#3851 = CARTESIAN_POINT ( 'NONE',  ( 27.44217002207689049, -0.5667516844178247526, 2.000000000000000000 ) ) ;
#3852 = CARTESIAN_POINT ( 'NONE',  ( 42.97583485293275629, 1.736643729642341816, 1.500000000000000222 ) ) ;
#3853 =( NAMED_UNIT ( * ) SI_UNIT ( $, .STERADIAN. ) SOLID_ANGLE_UNIT ( ) );
#3854 = ORIENTED_EDGE ( 'NONE', *, *, #2920, .F. ) ;
#3855 = CARTESIAN_POINT ( 'NONE',  ( 42.57319559038059964, 2.654147633326096489, 0.000000000000000000 ) ) ;
#3856 = CARTESIAN_POINT ( 'NONE',  ( 30.25658011538891401, -3.226642628904765608, 2.000000000000000444 ) ) ;
#3857 = CARTESIAN_POINT ( 'NONE',  ( 0.000000000000000000, 0.000000000000000000, 0.000000000000000000 ) ) ;
#3858 = CARTESIAN_POINT ( 'NONE',  ( 28.11235351100502200, 0.9102354526698389625, 0.5000000000000074385 ) ) ;
#3859 = CARTESIAN_POINT ( 'NONE',  ( 41.82595597257411413, 2.530027866403735448, 1.500000000000000000 ) ) ;
#3860 = CARTESIAN_POINT ( 'NONE',  ( 31.64632009748473962, -3.705229697243476839, 0.000000000000000000 ) ) ;
#3861 = CARTESIAN_POINT ( 'NONE',  ( 43.79030603847078140, -0.5446207371690090504, 0.5000000000000073275 ) ) ;
#3862 = CARTESIAN_POINT ( 'NONE',  ( 41.02082417614962395, -3.407204095609210892, 0.000000000000000000 ) ) ;
#3863 = ORIENTED_EDGE ( 'NONE', *, *, #3259, .F. ) ;
#3864 = CARTESIAN_POINT ( 'NONE',  ( 44.31111442549863710, 0.5382676581902358093, 0.000000000000000000 ) ) ;
#3865 = CARTESIAN_POINT ( 'NONE',  ( 0.000000000000000000, -7.500000000000000000, 6.000000000000000000 ) ) ;
#3866 = DIRECTION ( 'NONE',  ( -0.000000000000000000, 1.000000000000000000, -0.000000000000000000 ) ) ;
#3867 = CARTESIAN_POINT ( 'NONE',  ( 27.98089551846291911, 0.6084899252131656944, 0.5000000000000073275 ) ) ;
#3868 = LINE ( 'NONE', #794, #2856 ) ;
#3869 = CARTESIAN_POINT ( 'NONE',  ( 28.27457358053582226, -1.174779963073625089, 1.500000000000000000 ) ) ;
#3870 = CARTESIAN_POINT ( 'NONE',  ( 43.61979376161585975, 0.9688667008780458278, 1.500000000000000222 ) ) ;
#3871 = LINE ( 'NONE', #2098, #3758 ) ;
#3872 = VERTEX_POINT ( 'NONE', #1426 ) ;
#3873 = CARTESIAN_POINT ( 'NONE',  ( 31.53890787194864842, 3.672880006874826186, -0.000000000000000000 ) ) ;
#3874 = CARTESIAN_POINT ( 'NONE',  ( 39.36211915483259816, -3.374999999999986233, 3.099584923580558371 ) ) ;
#3875 = FACE_OUTER_BOUND ( 'NONE', #254, .T. ) ;
#3876 = CARTESIAN_POINT ( 'NONE',  ( 28.01946963697979953, 0.7106374890391614629, 0.5000000000000073275 ) ) ;
#3877 = CARTESIAN_POINT ( 'NONE',  ( 44.32209771119297415, -0.5598417141835676514, 2.000000000000000000 ) ) ;
#3878 = CARTESIAN_POINT ( 'NONE',  ( 30.62293096989976959, -3.367064729383107746, 0.000000000000000000 ) ) ;
#3879 = CARTESIAN_POINT ( 'NONE',  ( 43.20689683073898379, -1.502186112851740196, 0.5000000000000076605 ) ) ;
#3880 = CARTESIAN_POINT ( 'NONE',  ( 32.26991163500890991, -3.862666370524171278, 0.000000000000000000 ) ) ;
#3881 = EDGE_LOOP ( 'NONE', ( #1121, #1292, #22, #1665 ) ) ;
#3882 = CARTESIAN_POINT ( 'NONE',  ( 0.000000000000000000, 8.000000000000000000, 0.5000000000000004441 ) ) ;
#3883 = CARTESIAN_POINT ( 'NONE',  ( -8.000000000000000000, 0.000000000000000000, 5.500000000000000000 ) ) ;
#3884 = CARTESIAN_POINT ( 'NONE',  ( 43.91145341591897733, 1.421940015956439929, 0.000000000000000000 ) ) ;
#3885 = AXIS2_PLACEMENT_3D ( 'NONE', #1293, #600, #2450 ) ;
#3886 = CARTESIAN_POINT ( 'NONE',  ( 28.60785297388214232, -1.569657579208591613, 0.5000000000000074385 ) ) ;
#3887 = ORIENTED_EDGE ( 'NONE', *, *, #549, .T. ) ;
#3888 = CARTESIAN_POINT ( 'NONE',  ( 27.78530565395152507, -1.344026238387427963, 2.000000000000000000 ) ) ;
#3889 = AXIS2_PLACEMENT_3D ( 'NONE', #26, #235, #1193 ) ;
#3890 = AXIS2_PLACEMENT_3D ( 'NONE', #2597, #3846, #2299 ) ;
#3891 = CARTESIAN_POINT ( 'NONE',  ( 41.02082417614962395, -3.407204095609210892, 0.000000000000000000 ) ) ;
#3892 = ORIENTED_EDGE ( 'NONE', *, *, #340, .F. ) ;
#3893 = CARTESIAN_POINT ( 'NONE',  ( 30.92462477667805487, 3.477150591562642834, -0.000000000000000000 ) ) ;
#3894 = CARTESIAN_POINT ( 'NONE',  ( 46.25000000000000000, 3.375000000000000000, 2.000000000000000000 ) ) ;
#3895 = VECTOR ( 'NONE', #2373, 1000.000000000000000 ) ;
#3896 = EDGE_CURVE ( 'NONE', #1076, #3013, #1747, .T. ) ;
#3897 = CARTESIAN_POINT ( 'NONE',  ( 39.30072994126140884, 4.668874172185430993, 5.999999999999989342 ) ) ;
#3898 = CARTESIAN_POINT ( 'NONE',  ( 30.23986011548002750, -2.664448943392361269, 0.5000000000000076605 ) ) ;
#3899 = CARTESIAN_POINT ( 'NONE',  ( 43.87500000000000711, 1.469576158976824736E-15, 0.5000000000000073275 ) ) ;
#3900 = AXIS2_PLACEMENT_3D ( 'NONE', #1854, #3077, #339 ) ;
#3901 = CARTESIAN_POINT ( 'NONE',  ( 32.89773997141730177, -3.990655839021112428, 0.000000000000000000 ) ) ;
#3902 = DIRECTION ( 'NONE',  ( 0.000000000000000000, 0.000000000000000000, -1.000000000000000000 ) ) ;
#3903 = CARTESIAN_POINT ( 'NONE',  ( 35.66091585397506947, -4.250017103533987317, 0.000000000000000000 ) ) ;
#3904 = EDGE_CURVE ( 'NONE', #1899, #2386, #211, .T. ) ;
#3905 = ORIENTED_EDGE ( 'NONE', *, *, #2769, .T. ) ;
#3906 = VECTOR ( 'NONE', #1629, 1000.000000000000000 ) ;
#3907 = CARTESIAN_POINT ( 'NONE',  ( 44.12705942424219074, 1.048181376045007385, 0.000000000000000000 ) ) ;
#3908 = CARTESIAN_POINT ( 'NONE',  ( 51.25000000000000711, -4.374999999999978684, 0.000000000000000000 ) ) ;
#3909 = PLANE ( 'NONE',  #990 ) ;
#3910 = CARTESIAN_POINT ( 'NONE',  ( 43.78413546458765637, 1.596317963013854424, 0.000000000000000000 ) ) ;
#3911 = CARTESIAN_POINT ( 'NONE',  ( 28.20189085457570854, -1.061758992541562474, 0.5000000000000074385 ) ) ;
#3912 = ORIENTED_EDGE ( 'NONE', *, *, #384, .F. ) ;
#3913 = CARTESIAN_POINT ( 'NONE',  ( 27.42790228880706138, 0.5598417141839919786, 2.000000000000000000 ) ) ;
#3914 = CARTESIAN_POINT ( 'NONE',  ( 28.28239422414903359, -1.953160589497072941, -0.000000000000000000 ) ) ;
#3915 = CARTESIAN_POINT ( 'NONE',  ( 43.87500000000000711, 1.470449196433465389E-15, 0.5000000000000073275 ) ) ;
#3916 = ORIENTED_EDGE ( 'NONE', *, *, #762, .F. ) ;
#3917 = CARTESIAN_POINT ( 'NONE',  ( 30.12191431541691244, 3.158461110609870115, 0.000000000000000000 ) ) ;
#3918 = CARTESIAN_POINT ( 'NONE',  ( 39.36211915483256263, 3.374999999999996003, 2.000000000000000000 ) ) ;
#3919 = VERTEX_POINT ( 'NONE', #543 ) ;
#3920 = DIRECTION ( 'NONE',  ( 1.000000000000000000, 0.000000000000000000, 0.000000000000000000 ) ) ;
#3921 = CARTESIAN_POINT ( 'NONE',  ( 34.83442372318896929, -3.719438553495543864, 0.5000000000000073275 ) ) ;
#3922 = CARTESIAN_POINT ( 'NONE',  ( 39.28715386699369105, -3.391794347220786321, 1.500000000000000000 ) ) ;
#3923 = LINE ( 'NONE', #194, #2732 ) ;
#3924 = CARTESIAN_POINT ( 'NONE',  ( 42.30231076825644720, 2.233073292034981172, 0.5000000000000074385 ) ) ;
#3925 = B_SPLINE_CURVE_WITH_KNOTS ( 'NONE', 3,
 ( #3128, #369, #60, #1303, #2521, #2636, #1136, #178 ),
 .UNSPECIFIED., .F., .F.,
 ( 4, 2, 2, 4 ),
 ( 1.084202172485504434E-19, 0.0003618960537621020352, 0.0007237921075242039620, 0.001447584215048407490 ),
 .UNSPECIFIED. ) ;
#3926 = ORIENTED_EDGE ( 'NONE', *, *, #2508, .F. ) ;
#3927 = CARTESIAN_POINT ( 'NONE',  ( 43.87500000000000711, 1.469576158976824736E-15, 0.000000000000000000 ) ) ;
#3928 = DIRECTION ( 'NONE',  ( -0.000000000000000000, -0.000000000000000000, -1.000000000000000000 ) ) ;
#3929 = CARTESIAN_POINT ( 'NONE',  ( 28.40620810134899443, 2.070164313034625447, 0.000000000000000000 ) ) ;
#3930 = CARTESIAN_POINT ( 'NONE',  ( 30.23986011548002750, -2.664448943392361269, 0.5000000000000076605 ) ) ;
#3931 = VERTEX_POINT ( 'NONE', #3918 ) ;
#3932 = CYLINDRICAL_SURFACE ( 'NONE', #1766, 4.750000000000000000 ) ;
#3933 = EDGE_CURVE ( 'NONE', #3919, #1449, #3982, .T. ) ;
#3934 = CARTESIAN_POINT ( 'NONE',  ( 27.58329190959606692, -0.9708424924762921737, 2.000000000000000000 ) ) ;
#3935 = EDGE_CURVE ( 'NONE', #3745, #2321, #1316, .T. ) ;
#3936 = CARTESIAN_POINT ( 'NONE',  ( 29.04320214618162765, -2.566130717952638474, -0.000000000000000000 ) ) ;
#3937 = CARTESIAN_POINT ( 'NONE',  ( 44.21421261975298478, -0.8478285120119962714, 0.000000000000000000 ) ) ;
#3938 = ORIENTED_EDGE ( 'NONE', *, *, #3795, .F. ) ;
#3939 = CARTESIAN_POINT ( 'NONE',  ( 30.99983645718749159, 3.503363303866259937, -0.000000000000000000 ) ) ;
#3940 = ORIENTED_EDGE ( 'NONE', *, *, #2682, .T. ) ;
#3941 = FACE_OUTER_BOUND ( 'NONE', #2709, .T. ) ;
#3942 = CARTESIAN_POINT ( 'NONE',  ( 42.77213628173961268, -1.899999999999998801, 5.999999999999989342 ) ) ;
#3943 = CARTESIAN_POINT ( 'NONE',  ( 42.78031435777815261, -1.893791828325276150, 0.5000000000000073275 ) ) ;
#3944 = CARTESIAN_POINT ( 'NONE',  ( 39.81220752224893289, -3.275733607071100284, 2.000000000000000000 ) ) ;
#3945 = CARTESIAN_POINT ( 'NONE',  ( 21.50000000000000000, 7.500000000000000000, 6.000000000000000000 ) ) ;
#3946 = CARTESIAN_POINT ( 'NONE',  ( 44.37304834318646130, -0.1082427203205170302, 0.000000000000000000 ) ) ;
#3947 = ORIENTED_EDGE ( 'NONE', *, *, #2656, .T. ) ;
#3948 = CARTESIAN_POINT ( 'NONE',  ( 41.91031412042359960, 3.025004538456709913, 0.000000000000000000 ) ) ;
#3949 = FACE_OUTER_BOUND ( 'NONE', #962, .T. ) ;
#3950 = CARTESIAN_POINT ( 'NONE',  ( 31.64311276290359487, 3.704318742310555912, 0.000000000000000000 ) ) ;
#3951 = CARTESIAN_POINT ( 'NONE',  ( 29.70456867847749294, -2.387629554503499563, 0.5000000000000073275 ) ) ;
#3952 = VERTEX_POINT ( 'NONE', #636 ) ;
#3953 = CARTESIAN_POINT ( 'NONE',  ( 21.00000000000000000, 3.508974596215563402, 2.000000000000000000 ) ) ;
#3954 = FACE_BOUND ( 'NONE', #1768, .T. ) ;
#3955 = EDGE_CURVE ( 'NONE', #3952, #1860, #943, .T. ) ;
#3956 = CARTESIAN_POINT ( 'NONE',  ( 28.52570841509962563, -2.174797210380229995, -0.000000000000000000 ) ) ;
#3957 = CARTESIAN_POINT ( 'NONE',  ( 44.08097612161425616, -1.142191851391534785, 0.000000000000000000 ) ) ;
#3958 = AXIS2_PLACEMENT_3D ( 'NONE', #824, #2970, #2058 ) ;
#3959 = ORIENTED_EDGE ( 'NONE', *, *, #141, .T. ) ;
#3960 = CARTESIAN_POINT ( 'NONE',  ( 30.72103167836942816, 3.404204531639341447, 0.000000000000000000 ) ) ;
#3961 = EDGE_CURVE ( 'NONE', #1816, #3363, #3578, .T. ) ;
#3962 = EDGE_LOOP ( 'NONE', ( #3070, #1735, #2554, #3132, #2984 ) ) ;
#3963 = CARTESIAN_POINT ( 'NONE',  ( 21.00000000000000000, -1.899999999999999911, 4.132391042439890860 ) ) ;
#3964 = DIRECTION ( 'NONE',  ( 0.000000000000000000, -0.000000000000000000, -1.000000000000000000 ) ) ;
#3965 = VECTOR ( 'NONE', #3607, 1000.000000000000000 ) ;
#3966 = CARTESIAN_POINT ( 'NONE',  ( 31.53309050405524161, -3.149751925003670294, 0.5000000000000073275 ) ) ;
#3967 = CARTESIAN_POINT ( 'NONE',  ( 21.50000000000000000, 7.500000000000000000, 6.000000000000000000 ) ) ;
#3968 = CIRCLE ( 'NONE', #2586, 7.500000000000000000 ) ;
#3969 = DIRECTION ( 'NONE',  ( 0.000000000000000000, 0.000000000000000000, -1.000000000000000000 ) ) ;
#3970 = CARTESIAN_POINT ( 'NONE',  ( 43.86732109125708945, 0.1696999620651599427, 0.5000000000000073275 ) ) ;
#3971 = AXIS2_PLACEMENT_3D ( 'NONE', #1225, #243, #877 ) ;
#3972 = ORIENTED_EDGE ( 'NONE', *, *, #2337, .F. ) ;
#3973 = CARTESIAN_POINT ( 'NONE',  ( 39.79407818998866020, 3.786021411964850536, 0.000000000000000000 ) ) ;
#3974 = DIRECTION ( 'NONE',  ( -1.000000000000000000, 0.000000000000000000, 0.000000000000000000 ) ) ;
#3975 = CARTESIAN_POINT ( 'NONE',  ( 28.73331469633888702, 2.344945230670389957, 0.000000000000000000 ) ) ;
#3976 = ORIENTED_EDGE ( 'NONE', *, *, #1537, .F. ) ;
#3977 = CARTESIAN_POINT ( 'NONE',  ( 32.38788084516741606, -3.374999999999989342, 1.500000000000000000 ) ) ;
#3978 = CARTESIAN_POINT ( 'NONE',  ( 41.87109905712917168, 3.056032297933064079, 2.000000000000000000 ) ) ;
#3979 = CARTESIAN_POINT ( 'NONE',  ( 29.31145683523440582, -2.737869975894151153, -0.000000000000000000 ) ) ;
#3980 = CARTESIAN_POINT ( 'NONE',  ( 43.49752437436605135, -1.921631531637286727, 0.000000000000000000 ) ) ;
#3981 = EDGE_LOOP ( 'NONE', ( #1983, #144, #1548, #1843, #17 ) ) ;
#3982 = LINE ( 'NONE', #3999, #729 ) ;
#3983 = DIRECTION ( 'NONE',  ( -0.000000000000000000, -0.000000000000000000, -1.000000000000000000 ) ) ;
#3984 = CARTESIAN_POINT ( 'NONE',  ( 41.68967800581992122, -2.578592003498424212, 0.5000000000000074385 ) ) ;
#3985 = CARTESIAN_POINT ( 'NONE',  ( 50.25000000000000000, -7.495832175282473031, 0.000000000000000000 ) ) ;
#3986 = EDGE_CURVE ( 'NONE', #3831, #3318, #986, .T. ) ;
#3987 = CARTESIAN_POINT ( 'NONE',  ( 32.17884968917179833, 3.375000000000000888, 1.717540624176731257 ) ) ;
#3988 = CARTESIAN_POINT ( 'NONE',  ( 43.74719876213752201, 0.6679394742895161663, 0.5000000000000074385 ) ) ;
#3989 = ORIENTED_EDGE ( 'NONE', *, *, #1237, .F. ) ;
#3990 = CARTESIAN_POINT ( 'NONE',  ( 48.75000000000000000, -2.899999999999999467, 6.000000000000000000 ) ) ;
#3991 = CARTESIAN_POINT ( 'NONE',  ( 28.17858880605667338, 1.844684689184783899, 0.000000000000000000 ) ) ;
#3992 = EDGE_LOOP ( 'NONE', ( #592, #2138, #3324, #1335 ) ) ;
#3993 = LINE ( 'NONE', #2145, #2789 ) ;
#3994 = CARTESIAN_POINT ( 'NONE',  ( 29.26003260296741360, 2.116029463163109803, 1.999999999999938716 ) ) ;
#3995 = CARTESIAN_POINT ( 'NONE',  ( 40.20366517356503522, -3.674934900310202757, -0.000000000000000000 ) ) ;
#3996 = EDGE_CURVE ( 'NONE', #182, #3745, #3055, .T. ) ;
#3997 = CARTESIAN_POINT ( 'NONE',  ( 43.49806565589589979, 1.140206276343044278, 0.5000000000000074385 ) ) ;
#3998 = ORIENTED_EDGE ( 'NONE', *, *, #1169, .F. ) ;
#3999 = CARTESIAN_POINT ( 'NONE',  ( 21.50000000000000000, 8.000000000000000000, 0.000000000000000000 ) ) ;
#4000 = DIRECTION ( 'NONE',  ( -0.000000000000000000, -0.000000000000000000, 1.000000000000000000 ) ) ;
#4001 = LINE ( 'NONE', #967, #461 ) ;
#4002 = CARTESIAN_POINT ( 'NONE',  ( 44.26798939385387399, 0.6939444971797424921, -0.000000000000000000 ) ) ;
#4003 = DIRECTION ( 'NONE',  ( -0.000000000000000000, 1.000000000000000000, 0.000000000000000000 ) ) ;
#4004 = CARTESIAN_POINT ( 'NONE',  ( 34.84053983431824264, 3.718841481187535436, 0.5000000000000073275 ) ) ;
#4005 = EDGE_CURVE ( 'NONE', #697, #901, #1116, .T. ) ;
#4006 = EDGE_LOOP ( 'NONE', ( #1716, #1363, #3724, #3574 ) ) ;
#4007 = CARTESIAN_POINT ( 'NONE',  ( 42.56954878025637612, 2.655685054004250922, 0.000000000000000000 ) ) ;
#4008 = CARTESIAN_POINT ( 'NONE',  ( 27.87500030552109109, 0.001036386763684525592, 0.5000000000000073275 ) ) ;
#4009 = CARTESIAN_POINT ( 'NONE',  ( 40.10657488362095080, 3.702936846172943053, 0.000000000000000000 ) ) ;
ENDSEC;
END-ISO-10303-21;
