ISO-10303-21;
HEADER;
FILE_DESCRIPTION (( 'STEP AP214' ),
    '1' );
FILE_NAME ('Prop Mount Longer.STEP',
    '2026-08-29T04:52:22',
    ( '' ),
    ( '' ),
    'SwSTEP 2.0',
    'SolidWorks 2026',
    '' );
FILE_SCHEMA (( 'AUTOMOTIVE_DESIGN' ));
ENDSEC;

DATA;
#1 = CARTESIAN_POINT ( 'NONE',  ( 13.08765565216614135, 17.90518678260056262, 6.916099211026471849 ) ) ;
#2 = ADVANCED_FACE ( 'NONE', ( #3125 ), #2518, .T. ) ;
#3 = CARTESIAN_POINT ( 'NONE',  ( 4.349999999999999645, 12.99999999999999822, 35.00000000000000000 ) ) ;
#4 = EDGE_LOOP ( 'NONE', ( #1425, #437, #2920, #313 ) ) ;
#5 = CARTESIAN_POINT ( 'NONE',  ( -6.015741454089333473, -4.500000000000000888, 38.90000000000000568 ) ) ;
#6 = ORIENTED_EDGE ( 'NONE', *, *, #431, .F. ) ;
#7 = CARTESIAN_POINT ( 'NONE',  ( 7.000000000000000888, 14.99999999999999822, 35.00000000000000000 ) ) ;
#8 = CIRCLE ( 'NONE', #2704, 2.499999999999998668 ) ;
#9 = ORIENTED_EDGE ( 'NONE', *, *, #476, .F. ) ;
#10 = EDGE_CURVE ( 'NONE', #1284, #533, #420, .T. ) ;
#11 = ORIENTED_EDGE ( 'NONE', *, *, #1547, .F. ) ;
#12 = CARTESIAN_POINT ( 'NONE',  ( -11.45864962580720103, 15.95037955096794846, 8.409605308716720629 ) ) ;
#13 = ADVANCED_FACE ( 'NONE', ( #1022 ), #749, .F. ) ;
#14 = CARTESIAN_POINT ( 'NONE',  ( 0.000000000000000000, 22.50000000000000000, 0.000000000000000000 ) ) ;
#15 = CARTESIAN_POINT ( 'NONE',  ( -6.006342844283310001, 14.00230135218233052, 37.96105421781584255 ) ) ;
#16 = CARTESIAN_POINT ( 'NONE',  ( 0.000000000000000000, 22.50000000000000000, 0.000000000000000000 ) ) ;
#17 = ORIENTED_EDGE ( 'NONE', *, *, #2377, .T. ) ;
#18 = CARTESIAN_POINT ( 'NONE',  ( -0.1732479664794945029, 17.49985394008404782, 8.385787338627919141 ) ) ;
#19 = AXIS2_PLACEMENT_3D ( 'NONE', #1914, #3080, #453 ) ;
#20 = DIRECTION ( 'NONE',  ( -1.000000000000000000, 0.000000000000000000, 0.000000000000000000 ) ) ;
#21 = EDGE_CURVE ( 'NONE', #1344, #3333, #2564, .T. ) ;
#22 = AXIS2_PLACEMENT_3D ( 'NONE', #2243, #532, #554 ) ;
#23 = DIRECTION ( 'NONE',  ( -3.469446951953611033E-15, 0.000000000000000000, -1.000000000000000000 ) ) ;
#24 = CARTESIAN_POINT ( 'NONE',  ( 10.40186028376816374, 17.83488356980717526, 8.002402255411745102 ) ) ;
#25 = CARTESIAN_POINT ( 'NONE',  ( -16.30728374304882422, 22.14453719271337917, 5.367300758062479638 ) ) ;
#26 = ORIENTED_EDGE ( 'NONE', *, *, #218, .T. ) ;
#27 = CARTESIAN_POINT ( 'NONE',  ( -6.999999999999999112, -13.00000000000000178, 15.00000000000000000 ) ) ;
#28 = CARTESIAN_POINT ( 'NONE',  ( 19.50000000000001066, 3.673940397442045570E-16, 5.000000000000000000 ) ) ;
#29 = VERTEX_POINT ( 'NONE', #3103 ) ;
#30 = AXIS2_PLACEMENT_3D ( 'NONE', #796, #1029, #755 ) ;
#31 = ORIENTED_EDGE ( 'NONE', *, *, #2441, .T. ) ;
#32 = VECTOR ( 'NONE', #814, 1000.000000000000000 ) ;
#33 = DIRECTION ( 'NONE',  ( -1.734723475976805517E-15, 0.000000000000000000, 1.000000000000000000 ) ) ;
#34 = CARTESIAN_POINT ( 'NONE',  ( 5.645303076121033214, 14.00230135218230743, 38.63566319545433458 ) ) ;
#35 = CARTESIAN_POINT ( 'NONE',  ( -6.328818567631823377, 13.51856512862373449, 38.08354546156171239 ) ) ;
#36 = CONICAL_SURFACE ( 'NONE', #704, 2.499999999999998668, 0.7853981633974396193 ) ;
#37 = LINE ( 'NONE', #3527, #1155 ) ;
#38 = ORIENTED_EDGE ( 'NONE', *, *, #2900, .F. ) ;
#39 = CARTESIAN_POINT ( 'NONE',  ( -17.49998251289876450, 0.3300106670132175180, 5.113142686439560158 ) ) ;
#40 = CIRCLE ( 'NONE', #143, 1.000000000000000888 ) ;
#41 = DIRECTION ( 'NONE',  ( 1.000000000000000000, 0.000000000000000000, 0.000000000000000000 ) ) ;
#42 = CARTESIAN_POINT ( 'NONE',  ( 17.49999999999999645, 0.000000000000000000, 5.000000000000000000 ) ) ;
#43 = CARTESIAN_POINT ( 'NONE',  ( 10.99381742950578378, 16.99381742950578200, 8.942865653323172737 ) ) ;
#44 = ORIENTED_EDGE ( 'NONE', *, *, #1264, .F. ) ;
#45 = CIRCLE ( 'NONE', #1385, 1.000000000000000888 ) ;
#46 = CARTESIAN_POINT ( 'NONE',  ( 16.50000000000000000, 21.99999999999999645, 5.317541634481456114 ) ) ;
#47 = LINE ( 'NONE', #1865, #2605 ) ;
#48 = ORIENTED_EDGE ( 'NONE', *, *, #551, .F. ) ;
#49 = ORIENTED_EDGE ( 'NONE', *, *, #1365, .F. ) ;
#50 = CARTESIAN_POINT ( 'NONE',  ( -7.000000000000000888, 15.00000000000000355, 15.00000000000000711 ) ) ;
#51 = DIRECTION ( 'NONE',  ( -0.000000000000000000, -0.000000000000000000, 1.000000000000000000 ) ) ;
#52 = DIRECTION ( 'NONE',  ( 3.469446951953611033E-15, 0.000000000000000000, 1.000000000000000000 ) ) ;
#53 = VERTEX_POINT ( 'NONE', #1116 ) ;
#54 = CARTESIAN_POINT ( 'NONE',  ( -17.53236697863639648, 0.6581696430001851006, 5.108062728212717118 ) ) ;
#55 = AXIS2_PLACEMENT_3D ( 'NONE', #3610, #990, #3035 ) ;
#56 = EDGE_CURVE ( 'NONE', #2978, #3590, #3493, .T. ) ;
#57 = AXIS2_PLACEMENT_3D ( 'NONE', #2989, #943, #961 ) ;
#58 = CARTESIAN_POINT ( 'NONE',  ( 22.50000000000000000, 0.000000000000000000, 0.000000000000000000 ) ) ;
#59 = AXIS2_PLACEMENT_3D ( 'NONE', #2922, #1119, #2615 ) ;
#60 = CARTESIAN_POINT ( 'NONE',  ( -9.000000000000001776, 4.999999999999998224, 23.00000000000000000 ) ) ;
#61 = EDGE_CURVE ( 'NONE', #2553, #585, #1224, .T. ) ;
#62 = CARTESIAN_POINT ( 'NONE',  ( -9.000000000000000000, -25.00000000000000000, 15.00000000000000000 ) ) ;
#63 = EDGE_LOOP ( 'NONE', ( #3626, #3094, #3595, #2436 ) ) ;
#64 = LINE ( 'NONE', #2154, #927 ) ;
#65 = EDGE_CURVE ( 'NONE', #988, #236, #544, .T. ) ;
#66 = DIRECTION ( 'NONE',  ( -6.672013369141566696E-17, 1.000000000000000000, 0.000000000000000000 ) ) ;
#67 = EDGE_LOOP ( 'NONE', ( #2854, #706, #214, #470 ) ) ;
#68 = EDGE_LOOP ( 'NONE', ( #1426, #2692, #3438, #716 ) ) ;
#69 = DIRECTION ( 'NONE',  ( 0.000000000000000000, 1.000000000000000000, 0.000000000000000000 ) ) ;
#70 = ADVANCED_FACE ( 'NONE', ( #1728 ), #3472, .T. ) ;
#71 = CARTESIAN_POINT ( 'NONE',  ( -12.24374280219760180, 24.63921218193587492, 5.000000000000000000 ) ) ;
#72 = DIRECTION ( 'NONE',  ( -0.000000000000000000, -0.000000000000000000, -1.000000000000000000 ) ) ;
#73 = VERTEX_POINT ( 'NONE', #2000 ) ;
#74 = CARTESIAN_POINT ( 'NONE',  ( 0.7062009655355829807, 17.54701736729186123, 8.332628886241851163 ) ) ;
#75 = CARTESIAN_POINT ( 'NONE',  ( 9.000000000000001776, 4.999999999999998224, 16.07179676972448590 ) ) ;
#76 = FACE_OUTER_BOUND ( 'NONE', #2137, .T. ) ;
#77 = LINE ( 'NONE', #926, #595 ) ;
#78 = ORIENTED_EDGE ( 'NONE', *, *, #536, .F. ) ;
#79 = EDGE_CURVE ( 'NONE', #957, #2650, #2872, .T. ) ;
#80 = CARTESIAN_POINT ( 'NONE',  ( 0.000000000000000000, 0.000000000000000000, 5.000000000000000000 ) ) ;
#81 = LINE ( 'NONE', #3569, #2535 ) ;
#82 = VERTEX_POINT ( 'NONE', #1398 ) ;
#83 = ORIENTED_EDGE ( 'NONE', *, *, #2938, .T. ) ;
#84 = FACE_OUTER_BOUND ( 'NONE', #1985, .T. ) ;
#85 = EDGE_CURVE ( 'NONE', #3075, #3139, #1156, .T. ) ;
#86 = ORIENTED_EDGE ( 'NONE', *, *, #1436, .F. ) ;
#87 = CARTESIAN_POINT ( 'NONE',  ( 7.714285714285714413, 9.999999999999998224, 27.31241681374958574 ) ) ;
#88 = VERTEX_POINT ( 'NONE', #3739 ) ;
#89 = DIRECTION ( 'NONE',  ( 0.000000000000000000, 0.000000000000000000, 1.000000000000000000 ) ) ;
#90 = CIRCLE ( 'NONE', #3559, 0.5000000000000004441 ) ;
#91 = CYLINDRICAL_SURFACE ( 'NONE', #235, 6.000000000000001776 ) ;
#92 = CARTESIAN_POINT ( 'NONE',  ( 6.431766601258255278, -5.000000000000000000, 38.12264990188738523 ) ) ;
#93 = VERTEX_POINT ( 'NONE', #2590 ) ;
#94 = DIRECTION ( 'NONE',  ( 0.000000000000000000, 0.000000000000000000, -1.000000000000000000 ) ) ;
#95 = CARTESIAN_POINT ( 'NONE',  ( 2.500000000000000000, -22.50000000000000000, 4.500000000000003553 ) ) ;
#96 = EDGE_LOOP ( 'NONE', ( #2536, #2171, #2486, #1103 ) ) ;
#97 = ORIENTED_EDGE ( 'NONE', *, *, #3185, .T. ) ;
#98 = EDGE_CURVE ( 'NONE', #2567, #3634, #3450, .T. ) ;
#99 = CARTESIAN_POINT ( 'NONE',  ( -9.000000000000001776, 13.00000000000230393, 14.44748649547752883 ) ) ;
#100 = CARTESIAN_POINT ( 'NONE',  ( 4.719524174703486175, 24.20929584620393626, 5.022009956340605541 ) ) ;
#101 = AXIS2_PLACEMENT_3D ( 'NONE', #2465, #670, #1196 ) ;
#102 = CARTESIAN_POINT ( 'NONE',  ( -6.999999999999999112, -15.00000000000000178, 15.00000000000000000 ) ) ;
#103 = ORIENTED_EDGE ( 'NONE', *, *, #1415, .F. ) ;
#104 = CARTESIAN_POINT ( 'NONE',  ( -6.999999999999999112, 14.99999999999999822, 15.00000000000000000 ) ) ;
#105 = EDGE_CURVE ( 'NONE', #945, #3119, #1136, .T. ) ;
#106 = AXIS2_PLACEMENT_3D ( 'NONE', #151, #1023, #3718 ) ;
#107 = ORIENTED_EDGE ( 'NONE', *, *, #2101, .T. ) ;
#108 = EDGE_CURVE ( 'NONE', #3249, #794, #1707, .T. ) ;
#109 = CARTESIAN_POINT ( 'NONE',  ( 4.349999999999999645, 14.17157287525380838, 34.99999999999999289 ) ) ;
#110 = EDGE_CURVE ( 'NONE', #2961, #3232, #2386, .T. ) ;
#111 = CARTESIAN_POINT ( 'NONE',  ( 3.212965816357340465, 14.99999999999999822, 36.90000000000000568 ) ) ;
#112 = AXIS2_PLACEMENT_3D ( 'NONE', #3430, #807, #3142 ) ;
#113 = VERTEX_POINT ( 'NONE', #2894 ) ;
#114 = CARTESIAN_POINT ( 'NONE',  ( -16.49999999999999645, 21.99999999999999645, 5.317541634481457891 ) ) ;
#115 = ADVANCED_FACE ( 'NONE', ( #242 ), #1639, .F. ) ;
#116 = CARTESIAN_POINT ( 'NONE',  ( 0.000000000000000000, -22.50000000000000000, 0.000000000000000000 ) ) ;
#117 = VERTEX_POINT ( 'NONE', #3728 ) ;
#118 = CARTESIAN_POINT ( 'NONE',  ( -4.349999999999999645, 14.17157287525380660, 35.00000000000000000 ) ) ;
#119 = DIRECTION ( 'NONE',  ( -0.000000000000000000, -0.000000000000000000, -1.000000000000000000 ) ) ;
#120 = CARTESIAN_POINT ( 'NONE',  ( 3.345232255722324410, -18.77094622541261515, 7.172132607544682514 ) ) ;
#121 = DIRECTION ( 'NONE',  ( 0.000000000000000000, 0.000000000000000000, 1.000000000000000000 ) ) ;
#122 = ORIENTED_EDGE ( 'NONE', *, *, #1091, .T. ) ;
#123 = PLANE ( 'NONE',  #146 ) ;
#124 = AXIS2_PLACEMENT_3D ( 'NONE', #349, #3552, #1236 ) ;
#125 = ORIENTED_EDGE ( 'NONE', *, *, #248, .T. ) ;
#126 = DIRECTION ( 'NONE',  ( 0.000000000000000000, 0.000000000000000000, 1.000000000000000000 ) ) ;
#127 = CIRCLE ( 'NONE', #3067, 2.999999999999988898 ) ;
#128 = CARTESIAN_POINT ( 'NONE',  ( 9.000000000000001776, 4.999999999999998224, 22.99999999999999289 ) ) ;
#129 = ORIENTED_EDGE ( 'NONE', *, *, #2822, .T. ) ;
#130 = LINE ( 'NONE', #3028, #1570 ) ;
#131 = EDGE_CURVE ( 'NONE', #790, #635, #3709, .T. ) ;
#132 = ORIENTED_EDGE ( 'NONE', *, *, #2772, .T. ) ;
#133 = CARTESIAN_POINT ( 'NONE',  ( 7.000000000000000888, 12.99999999999999822, 15.00000000000000000 ) ) ;
#134 = ORIENTED_EDGE ( 'NONE', *, *, #1577, .F. ) ;
#135 = DIRECTION ( 'NONE',  ( 0.000000000000000000, 0.000000000000000000, -1.000000000000000000 ) ) ;
#136 = CARTESIAN_POINT ( 'NONE',  ( 7.000000000000000888, -13.00000000000000178, 35.00000000000000000 ) ) ;
#137 = CARTESIAN_POINT ( 'NONE',  ( 9.000000000000001776, -5.000000000000002665, 26.35410196624967583 ) ) ;
#138 = ORIENTED_EDGE ( 'NONE', *, *, #582, .F. ) ;
#139 = DIRECTION ( 'NONE',  ( 0.000000000000000000, 0.000000000000000000, -1.000000000000000000 ) ) ;
#140 = ORIENTED_EDGE ( 'NONE', *, *, #1015, .T. ) ;
#141 = AXIS2_PLACEMENT_3D ( 'NONE', #938, #994, #3328 ) ;
#142 = DIRECTION ( 'NONE',  ( 0.000000000000000000, 0.000000000000000000, -1.000000000000000000 ) ) ;
#143 = AXIS2_PLACEMENT_3D ( 'NONE', #3208, #2616, #1202 ) ;
#144 = EDGE_LOOP ( 'NONE', ( #711, #1782, #274, #2142 ) ) ;
#145 = CARTESIAN_POINT ( 'NONE',  ( 7.055073636703498963, 15.04589469725302031, 13.89498630104371557 ) ) ;
#146 = AXIS2_PLACEMENT_3D ( 'NONE', #1260, #627, #1009 ) ;
#147 = ORIENTED_EDGE ( 'NONE', *, *, #3565, .T. ) ;
#148 = DIRECTION ( 'NONE',  ( 1.000000000000000000, 0.000000000000000000, -0.000000000000000000 ) ) ;
#149 = CARTESIAN_POINT ( 'NONE',  ( 16.50000000000000000, -21.99999999999999645, 5.317541634481457002 ) ) ;
#150 = ORIENTED_EDGE ( 'NONE', *, *, #1879, .F. ) ;
#151 = CARTESIAN_POINT ( 'NONE',  ( 0.000000000000000000, -22.50000000000000000, 4.500000000000003553 ) ) ;
#152 = VERTEX_POINT ( 'NONE', #3178 ) ;
#153 = CARTESIAN_POINT ( 'NONE',  ( -3.348420439799606907, -18.77355093502368177, 7.169953836309456818 ) ) ;
#154 = CARTESIAN_POINT ( 'NONE',  ( 17.53375714134249819, 0.6681860198652739280, 5.107853540785261437 ) ) ;
#155 = EDGE_LOOP ( 'NONE', ( #3642, #3650, #3711, #2614 ) ) ;
#156 = CYLINDRICAL_SURFACE ( 'NONE', #30, 1.000000000000000888 ) ;
#157 = CARTESIAN_POINT ( 'NONE',  ( 6.015741454089334361, 12.99999999999999822, 38.90000000000000568 ) ) ;
#158 = FACE_OUTER_BOUND ( 'NONE', #3082, .T. ) ;
#159 = ADVANCED_FACE ( 'NONE', ( #1698 ), #2602, .T. ) ;
#160 = LINE ( 'NONE', #742, #3372 ) ;
#161 = B_SPLINE_CURVE_WITH_KNOTS ( 'NONE', 3,
 ( #499, #173, #1960, #3089, #1667, #1343 ),
 .UNSPECIFIED., .F., .F.,
 ( 4, 2, 4 ),
 ( 0.0003702835203952627489, 0.002948646834400501463, 0.005527010148405739690 ),
 .UNSPECIFIED. ) ;
#162 = ORIENTED_EDGE ( 'NONE', *, *, #799, .F. ) ;
#163 = EDGE_CURVE ( 'NONE', #73, #945, #2169, .T. ) ;
#164 = CIRCLE ( 'NONE', #477, 27.49999999999999645 ) ;
#165 = AXIS2_PLACEMENT_3D ( 'NONE', #1108, #823, #3308 ) ;
#166 = CARTESIAN_POINT ( 'NONE',  ( 7.000000000002304823, 15.00000000000000533, 14.44748649547807418 ) ) ;
#167 = EDGE_CURVE ( 'NONE', #2261, #2875, #1352, .T. ) ;
#168 = DIRECTION ( 'NONE',  ( 0.000000000000000000, 0.000000000000000000, 1.000000000000000000 ) ) ;
#169 = ADVANCED_FACE ( 'NONE', ( #3770 ), #2545, .F. ) ;
#170 = CARTESIAN_POINT ( 'NONE',  ( -7.714285714285711748, -5.000000000000002665, 18.68758318625040360 ) ) ;
#171 = AXIS2_PLACEMENT_3D ( 'NONE', #2731, #678, #696 ) ;
#172 = ORIENTED_EDGE ( 'NONE', *, *, #2166, .T. ) ;
#173 = CARTESIAN_POINT ( 'NONE',  ( 15.21582729579456128, -22.92292236827314511, 5.204687354259520227 ) ) ;
#174 = EDGE_LOOP ( 'NONE', ( #2663, #1803, #413, #3011, #1599, #2794, #2939, #3586, #2443 ) ) ;
#175 = CARTESIAN_POINT ( 'NONE',  ( -0.1835112818902505660, -17.50024440238801304, 8.385344596464257449 ) ) ;
#176 = EDGE_CURVE ( 'NONE', #972, #446, #2814, .T. ) ;
#177 = CIRCLE ( 'NONE', #1228, 27.49999999999999645 ) ;
#178 = CARTESIAN_POINT ( 'NONE',  ( 9.000000000000001776, -10.00000000000000178, 26.35410196624967583 ) ) ;
#179 = EDGE_LOOP ( 'NONE', ( #963, #2682, #2209, #802 ) ) ;
#180 = DIRECTION ( 'NONE',  ( 1.000000000000000000, 0.000000000000000000, 0.000000000000000000 ) ) ;
#181 = EDGE_CURVE ( 'NONE', #675, #1798, #1462, .T. ) ;
#182 = DIRECTION ( 'NONE',  ( -0.000000000000000000, 1.000000000000000000, -0.000000000000000000 ) ) ;
#183 = CARTESIAN_POINT ( 'NONE',  ( -15.50438510506679357, -20.80526212606962844, 5.565903942082982780 ) ) ;
#184 = CARTESIAN_POINT ( 'NONE',  ( -22.50000000000000000, 0.000000000000000000, 43.00000000000000000 ) ) ;
#185 = ORIENTED_EDGE ( 'NONE', *, *, #3580, .F. ) ;
#186 = B_SPLINE_CURVE_WITH_KNOTS ( 'NONE', 3,
 ( #3655, #418, #1552, #2770 ),
 .UNSPECIFIED., .F., .F.,
 ( 4, 4 ),
 ( 0.0003632852654193763397, 0.003655611603907676487 ),
 .UNSPECIFIED. ) ;
#187 = AXIS2_PLACEMENT_3D ( 'NONE', #1413, #2320, #826 ) ;
#188 = CARTESIAN_POINT ( 'NONE',  ( 22.50000000000000000, 0.000000000000000000, 0.000000000000000000 ) ) ;
#189 = FACE_OUTER_BOUND ( 'NONE', #1465, .T. ) ;
#190 = ORIENTED_EDGE ( 'NONE', *, *, #3478, .T. ) ;
#191 = CARTESIAN_POINT ( 'NONE',  ( 8.000000000000000000, -10.00000000000000178, 16.07179676972448590 ) ) ;
#192 = VERTEX_POINT ( 'NONE', #262 ) ;
#193 = CARTESIAN_POINT ( 'NONE',  ( -8.000000000000000000, 4.999999999999998224, 16.07179676972448945 ) ) ;
#194 = DIRECTION ( 'NONE',  ( -0.000000000000000000, 1.000000000000000000, -0.000000000000000000 ) ) ;
#195 = AXIS2_PLACEMENT_3D ( 'NONE', #2456, #1587, #1878 ) ;
#196 = ORIENTED_EDGE ( 'NONE', *, *, #21, .T. ) ;
#197 = DIRECTION ( 'NONE',  ( 0.000000000000000000, 0.000000000000000000, -1.000000000000000000 ) ) ;
#198 = VECTOR ( 'NONE', #2585, 1000.000000000000000 ) ;
#199 = DIRECTION ( 'NONE',  ( 0.000000000000000000, 1.000000000000000000, 0.000000000000000000 ) ) ;
#200 = CARTESIAN_POINT ( 'NONE',  ( 7.000000000000000888, -13.00000000000000178, 15.00000000000000000 ) ) ;
#201 = DIRECTION ( 'NONE',  ( 1.000000000000000000, -0.000000000000000000, -0.000000000000000000 ) ) ;
#202 = ORIENTED_EDGE ( 'NONE', *, *, #1320, .T. ) ;
#203 = DIRECTION ( 'NONE',  ( -0.000000000000000000, -0.000000000000000000, -1.000000000000000000 ) ) ;
#204 = AXIS2_PLACEMENT_3D ( 'NONE', #1528, #1291, #715 ) ;
#205 = CARTESIAN_POINT ( 'NONE',  ( 4.349999999999999645, -5.000000000000000000, 35.00000000000000000 ) ) ;
#206 = CARTESIAN_POINT ( 'NONE',  ( 0.000000000000000000, 22.50000000000000000, 5.000000000000000000 ) ) ;
#207 = CARTESIAN_POINT ( 'NONE',  ( -6.015741454089333473, 12.99999999999999822, 38.90000000000000568 ) ) ;
#208 = ORIENTED_EDGE ( 'NONE', *, *, #855, .T. ) ;
#209 = CARTESIAN_POINT ( 'NONE',  ( -8.142857142857142350, 9.999999999999998224, 17.06154008833527769 ) ) ;
#210 = ORIENTED_EDGE ( 'NONE', *, *, #2413, .T. ) ;
#211 = LINE ( 'NONE', #1443, #2946 ) ;
#212 = LINE ( 'NONE', #1364, #3146 ) ;
#213 = ADVANCED_FACE ( 'NONE', ( #492 ), #3404, .T. ) ;
#214 = ORIENTED_EDGE ( 'NONE', *, *, #98, .T. ) ;
#215 = CYLINDRICAL_SURFACE ( 'NONE', #3085, 2.000000000000001776 ) ;
#216 = LINE ( 'NONE', #3153, #422 ) ;
#217 = CARTESIAN_POINT ( 'NONE',  ( -9.364643806583167418, -13.43757256789960230, 12.26775208315763699 ) ) ;
#218 = EDGE_CURVE ( 'NONE', #372, #2803, #1951, .T. ) ;
#219 = DIRECTION ( 'NONE',  ( -1.000000000000000000, 0.000000000000000000, 0.000000000000000000 ) ) ;
#220 = VERTEX_POINT ( 'NONE', #2259 ) ;
#221 = AXIS2_PLACEMENT_3D ( 'NONE', #3335, #981, #1017 ) ;
#222 = ORIENTED_EDGE ( 'NONE', *, *, #2416, .T. ) ;
#223 = EDGE_CURVE ( 'NONE', #635, #2489, #3424, .T. ) ;
#224 = DIRECTION ( 'NONE',  ( 0.000000000000000000, 0.000000000000000000, 1.000000000000000000 ) ) ;
#225 = DIRECTION ( 'NONE',  ( 0.7071067811865416886, 0.000000000000000000, 0.7071067811865533459 ) ) ;
#226 = EDGE_CURVE ( 'NONE', #3416, #1671, #848, .T. ) ;
#227 = FACE_OUTER_BOUND ( 'NONE', #2330, .T. ) ;
#228 = CARTESIAN_POINT ( 'NONE',  ( -16.09198361150018286, -22.57665300958348809, 5.298072904621514034 ) ) ;
#229 = ORIENTED_EDGE ( 'NONE', *, *, #3647, .T. ) ;
#230 = DIRECTION ( 'NONE',  ( 0.000000000000000000, 0.000000000000000000, 1.000000000000000000 ) ) ;
#231 = ORIENTED_EDGE ( 'NONE', *, *, #3733, .T. ) ;
#232 = CARTESIAN_POINT ( 'NONE',  ( 16.11180313954054100, 22.28719204656797359, 5.373896115205261559 ) ) ;
#233 = AXIS2_PLACEMENT_3D ( 'NONE', #3375, #1060, #3645 ) ;
#234 = CARTESIAN_POINT ( 'NONE',  ( 8.769550420194345719, -16.47462535016201102, 9.744217019980011329 ) ) ;
#235 = AXIS2_PLACEMENT_3D ( 'NONE', #60, #3279, #2361 ) ;
#236 = VERTEX_POINT ( 'NONE', #3486 ) ;
#237 = CARTESIAN_POINT ( 'NONE',  ( -7.273861294716280845, 15.22821774559641916, 12.80511065755455569 ) ) ;
#238 = CIRCLE ( 'NONE', #1894, 4.499999999999997335 ) ;
#239 = CYLINDRICAL_SURFACE ( 'NONE', #2813, 2.000000000000000000 ) ;
#240 = CARTESIAN_POINT ( 'NONE',  ( -14.47748994488049412, -19.57298793385719904, 6.012899610293513497 ) ) ;
#241 = DIRECTION ( 'NONE',  ( 1.000000000000000000, 0.000000000000000000, 0.000000000000000000 ) ) ;
#242 = FACE_OUTER_BOUND ( 'NONE', #1518, .T. ) ;
#243 = ADVANCED_FACE ( 'NONE', ( #1677 ), #866, .T. ) ;
#244 = EDGE_LOOP ( 'NONE', ( #185, #2728, #3675, #1699 ) ) ;
#245 = ORIENTED_EDGE ( 'NONE', *, *, #1643, .F. ) ;
#246 = CYLINDRICAL_SURFACE ( 'NONE', #2819, 1.000000000000000888 ) ;
#247 = CARTESIAN_POINT ( 'NONE',  ( 16.50000000000000000, 21.99999999999999645, 5.317541634481456114 ) ) ;
#248 = EDGE_CURVE ( 'NONE', #88, #152, #1824, .T. ) ;
#249 = LINE ( 'NONE', #1417, #976 ) ;
#250 = EDGE_CURVE ( 'NONE', #1926, #3505, #2318, .T. ) ;
#251 = DIRECTION ( 'NONE',  ( -0.000000000000000000, -1.000000000000000000, -0.000000000000000000 ) ) ;
#252 = CARTESIAN_POINT ( 'NONE',  ( -3.212965816357340909, 14.99999999999999822, 36.90000000000000568 ) ) ;
#253 = CIRCLE ( 'NONE', #3257, 4.499999999999997335 ) ;
#254 = EDGE_LOOP ( 'NONE', ( #11, #2636, #308, #2967 ) ) ;
#255 = SURFACE_STYLE_USAGE ( .BOTH. , #2290 ) ;
#256 = DIRECTION ( 'NONE',  ( 0.000000000000000000, 0.000000000000000000, 1.000000000000000000 ) ) ;
#257 = ORIENTED_EDGE ( 'NONE', *, *, #2223, .F. ) ;
#258 = VERTEX_POINT ( 'NONE', #2355 ) ;
#259 = CARTESIAN_POINT ( 'NONE',  ( -9.000000000000001776, 9.999999999999998224, 23.00000000000000000 ) ) ;
#260 = CARTESIAN_POINT ( 'NONE',  ( 25.49999999999998934, 0.000000000000000000, 5.000000000000000000 ) ) ;
#261 = CARTESIAN_POINT ( 'NONE',  ( -6.015741454075710593, 13.13090117249446109, 38.90000000000000568 ) ) ;
#262 = CARTESIAN_POINT ( 'NONE',  ( -8.000000000000000000, 4.999999999999998224, 27.35410196624968648 ) ) ;
#263 = ORIENTED_EDGE ( 'NONE', *, *, #297, .T. ) ;
#264 = CARTESIAN_POINT ( 'NONE',  ( -11.90569415042094370, -16.48683298050513457, 6.503786304001666352 ) ) ;
#265 = EDGE_CURVE ( 'NONE', #88, #394, #37, .T. ) ;
#266 = DIRECTION ( 'NONE',  ( 6.672013369141566696E-17, -1.000000000000000000, 0.000000000000000000 ) ) ;
#267 = FACE_BOUND ( 'NONE', #1325, .T. ) ;
#268 = CARTESIAN_POINT ( 'NONE',  ( -25.50000000000000711, 0.000000000000000000, 0.000000000000000000 ) ) ;
#269 = AXIS2_PLACEMENT_3D ( 'NONE', #2487, #1927, #3382 ) ;
#270 = CARTESIAN_POINT ( 'NONE',  ( -9.000000000000000000, -13.00000000000000178, 15.00000000000000000 ) ) ;
#271 = ORIENTED_EDGE ( 'NONE', *, *, #2006, .F. ) ;
#272 = DIRECTION ( 'NONE',  ( 0.000000000000000000, 0.000000000000000000, 1.000000000000000000 ) ) ;
#273 = ORIENTED_EDGE ( 'NONE', *, *, #2898, .F. ) ;
#274 = ORIENTED_EDGE ( 'NONE', *, *, #3003, .F. ) ;
#275 = CARTESIAN_POINT ( 'NONE',  ( -12.64939169880553571, 17.37927003856708907, 7.255644516288896284 ) ) ;
#276 = VECTOR ( 'NONE', #266, 1000.000000000000000 ) ;
#277 = AXIS2_PLACEMENT_3D ( 'NONE', #116, #3588, #2391 ) ;
#278 = CARTESIAN_POINT ( 'NONE',  ( -7.999999999999998224, -10.00000000000000178, 29.92820323027551055 ) ) ;
#279 = CARTESIAN_POINT ( 'NONE',  ( 4.551292972779330981, 24.61692933101500458, 4.999999999999999112 ) ) ;
#280 = ORIENTED_EDGE ( 'NONE', *, *, #1653, .T. ) ;
#281 = EDGE_CURVE ( 'NONE', #3285, #3741, #356, .T. ) ;
#282 = DIRECTION ( 'NONE',  ( 1.000000000000000000, 0.000000000000000000, 0.000000000000000000 ) ) ;
#283 = DIRECTION ( 'NONE',  ( -0.000000000000000000, 1.000000000000000000, -0.000000000000000000 ) ) ;
#284 = AXIS2_PLACEMENT_3D ( 'NONE', #2743, #3068, #2531 ) ;
#285 = EDGE_CURVE ( 'NONE', #1211, #1203, #3628, .T. ) ;
#286 = FACE_BOUND ( 'NONE', #3056, .T. ) ;
#287 = CARTESIAN_POINT ( 'NONE',  ( 8.000000000000000000, -10.00000000000000178, 29.92820323027549989 ) ) ;
#288 = EDGE_CURVE ( 'NONE', #1671, #1203, #1525, .T. ) ;
#289 = ORIENTED_EDGE ( 'NONE', *, *, #2390, .T. ) ;
#290 =( BOUNDED_SURFACE ( )  B_SPLINE_SURFACE ( 3, 2, ( 
 ( #3236, #3482, #1448 ),
 ( #882, #2621, #2964 ),
 ( #2084, #3785, #1509 ),
 ( #897, #2334, #3214 ),
 ( #1207, #2892, #2048 ),
 ( #918, #1428, #2370 ),
 ( #607, #2067, #589 ),
 ( #34, #1778, #2353 ),
 ( #626, #863, #3542 ),
 ( #2679, #1796, #1184 ),
 ( #2639, #296, #1469 ),
 ( #317, #2658, #1226 ),
 ( #337, #2397, #2600 ),
 ( #3557, #3173, #552 ) ),
 .UNSPECIFIED., .F., .F., .F. ) 
 B_SPLINE_SURFACE_WITH_KNOTS ( ( 4, 2, 2, 2, 2, 2, 4 ),
 ( 3, 3 ),
 ( 1.570796326794896558, 1.963495408493620697, 2.356194490192344837, 2.552544031041707129, 2.748893571891068976, 2.945243112740430824, 3.141592653589793116 ),
 ( 0.000000000000000000, 1.000000000000000000 ),
 .UNSPECIFIED. ) 
 GEOMETRIC_REPRESENTATION_ITEM ( )  RATIONAL_B_SPLINE_SURFACE ( (
 ( 1.000000000000000000, 1.000000000000000000, 1.000000000000000000),
 ( 1.000000000000000000, 1.000168548598626472, 1.000000000000000000),
 ( 1.000000000000000000, 0.9795773616844652976, 1.000000000000000000),
 ( 1.000000000000000000, 0.9031437688172577749, 1.000000000000000000),
 ( 1.000000000000000000, 0.8469439779232700305, 1.000000000000000000),
 ( 1.000000000000000000, 0.7493370916748126609, 1.000000000000000000),
 ( 1.000000000000000000, 0.7146916402230432119, 1.000000000000000000),
 ( 1.000000000000000000, 0.6455810516974541668, 1.000000000000000000),
 ( 1.000000000000000000, 0.6110871850502663793, 1.000000000000000000),
 ( 1.000000000000000000, 0.5490683012151984510, 1.000000000000000000),
 ( 1.000000000000000000, 0.5216145004403145435, 1.000000000000000000),
 ( 1.000000000000000000, 0.4828476010304131871, 1.000000000000000000),
 ( 1.000000000000000000, 0.4717175807847728830, 1.000000000000000000),
 ( 1.000000000000000000, 0.4718579255320207166, 1.000000000000000000) ) ) 
 REPRESENTATION_ITEM ( '' )  SURFACE ( )  );
#291 = LINE ( 'NONE', #2845, #1708 ) ;
#292 = CARTESIAN_POINT ( 'NONE',  ( -7.999999999999998224, -10.00000000000000178, 16.07179676972448945 ) ) ;
#293 = ORIENTED_EDGE ( 'NONE', *, *, #507, .F. ) ;
#294 = ORIENTED_EDGE ( 'NONE', *, *, #1769, .F. ) ;
#295 = CARTESIAN_POINT ( 'NONE',  ( -14.47748994488049412, 19.57298793385719904, 6.012899610293513497 ) ) ;
#296 = CARTESIAN_POINT ( 'NONE',  ( 6.666006118713623252, 13.86584375648406464, 38.74801108722547127 ) ) ;
#297 = EDGE_CURVE ( 'NONE', #2238, #2249, #2593, .T. ) ;
#298 = CARTESIAN_POINT ( 'NONE',  ( -6.015741454089335249, 12.99999999999999645, 38.90000000000000568 ) ) ;
#299 = EDGE_CURVE ( 'NONE', #565, #2637, #410, .T. ) ;
#300 = LINE ( 'NONE', #1760, #2139 ) ;
#301 = AXIS2_PLACEMENT_3D ( 'NONE', #206, #2918, #3411 ) ;
#302 = ORIENTED_EDGE ( 'NONE', *, *, #868, .F. ) ;
#303 = CARTESIAN_POINT ( 'NONE',  ( -17.76148178561547653, 1.629408652389185752, 5.076165073274162332 ) ) ;
#304 = CARTESIAN_POINT ( 'NONE',  ( -6.999999999999999112, -15.00000000000000178, 15.00000000000000000 ) ) ;
#305 = DIRECTION ( 'NONE',  ( 0.000000000000000000, 1.000000000000000000, -0.000000000000000000 ) ) ;
#306 = LINE ( 'NONE', #367, #3471 ) ;
#307 = LINE ( 'NONE', #1709, #354 ) ;
#308 = ORIENTED_EDGE ( 'NONE', *, *, #226, .F. ) ;
#309 = FACE_BOUND ( 'NONE', #68, .T. ) ;
#310 = EDGE_LOOP ( 'NONE', ( #1730, #1486, #1610, #484 ) ) ;
#311 = DIRECTION ( 'NONE',  ( 1.000000000000000000, 0.000000000000000000, 0.000000000000000000 ) ) ;
#312 = CONICAL_SURFACE ( 'NONE', #558, 2.499999999999998668, 0.7853981633974396193 ) ;
#313 = ORIENTED_EDGE ( 'NONE', *, *, #370, .F. ) ;
#314 = ORIENTED_EDGE ( 'NONE', *, *, #408, .F. ) ;
#315 = FACE_OUTER_BOUND ( 'NONE', #2618, .T. ) ;
#316 = UNCERTAINTY_MEASURE_WITH_UNIT (LENGTH_MEASURE( 1.000000000000000082E-05 ), #3166, 'distance_accuracy_value', 'NONE');
#317 = CARTESIAN_POINT ( 'NONE',  ( 5.997674513682181185, 13.26179615944071166, 38.88710782257138021 ) ) ;
#318 = B_SPLINE_CURVE_WITH_KNOTS ( 'NONE', 3,
 ( #869, #1972, #3202, #1953, #3120, #1660, #2835, #1375, #2262, #1681, #3427, #2703, #3546, #2952, #3005, #959, #2375, #2644, #1245, #343, #18, #3561, #1512, #74, #3507, #1799, #886, #2129, #2108, #2338, #1493, #1836, #3218, #2400, #630, #2665, #650, #2933, #2072, #380, #2683, #923, #2088, #1230 ),
 .UNSPECIFIED., .F., .F.,
 ( 4, 2, 2, 2, 2, 2, 2, 2, 2, 2, 2, 2, 2, 2, 2, 2, 2, 2, 2, 2, 2, 4 ),
 ( 0.000000000000000000, 0.001055203691780154428, 0.002110407383560308856, 0.003165611075340463067, 0.004220814767120617712, 0.005276018458900771924, 0.006331222150680926135, 0.006858823996571005409, 0.007386425842461083816, 0.007914027688351163090, 0.008441629534241242364, 0.008969231380131321638, 0.009496833226021400912, 0.01055203691780155772, 0.01107963876369163873, 0.01160724060958171974, 0.01266244430136188176, 0.01371764799314204378, 0.01477285168492220406, 0.01582805537670236781, 0.01635565722259245056, 0.01688325906848253677 ),
 .UNSPECIFIED. ) ;
#319 = CARTESIAN_POINT ( 'NONE',  ( -5.129891299411515782, 14.74819226614514101, 37.92590738476251033 ) ) ;
#320 = FACE_OUTER_BOUND ( 'NONE', #867, .T. ) ;
#321 = ORIENTED_EDGE ( 'NONE', *, *, #2220, .F. ) ;
#322 = DIRECTION ( 'NONE',  ( 1.000000000000000000, 0.000000000000000000, 0.000000000000000000 ) ) ;
#323 = AXIS2_PLACEMENT_3D ( 'NONE', #14, #3253, #2947 ) ;
#324 = CARTESIAN_POINT ( 'NONE',  ( 17.76920685764337549, -1.627033165562566275, 5.075909567713289050 ) ) ;
#325 = CARTESIAN_POINT ( 'NONE',  ( 6.515741454089334361, -5.000000000000000000, 38.69289321881345955 ) ) ;
#326 = APPLICATION_CONTEXT ( 'automotive_design' ) ;
#327 = EDGE_LOOP ( 'NONE', ( #2255, #2586, #3763, #1485, #2844, #2698, #3314, #1238, #3138, #505, #3488, #3201 ) ) ;
#328 = FACE_BOUND ( 'NONE', #2932, .T. ) ;
#329 = EDGE_LOOP ( 'NONE', ( #210, #140 ) ) ;
#330 = DIRECTION ( 'NONE',  ( -0.000000000000000000, -1.000000000000000000, -0.000000000000000000 ) ) ;
#331 = ORIENTED_EDGE ( 'NONE', *, *, #3759, .F. ) ;
#332 = AXIS2_PLACEMENT_3D ( 'NONE', #1652, #3706, #180 ) ;
#333 = ORIENTED_EDGE ( 'NONE', *, *, #2509, .T. ) ;
#334 = AXIS2_PLACEMENT_3D ( 'NONE', #503, #3721, #2523 ) ;
#335 = DIRECTION ( 'NONE',  ( -0.000000000000000000, -0.000000000000000000, -1.000000000000000000 ) ) ;
#336 = ADVANCED_FACE ( 'NONE', ( #2450 ), #3484, .F. ) ;
#337 = CARTESIAN_POINT ( 'NONE',  ( 6.015741454075710593, 13.13090117249446109, 38.90000000000000568 ) ) ;
#338 = FACE_OUTER_BOUND ( 'NONE', #1616, .T. ) ;
#339 = VECTOR ( 'NONE', #657, 1000.000000000000000 ) ;
#340 = EDGE_CURVE ( 'NONE', #3292, #2742, #300, .T. ) ;
#341 = EDGE_LOOP ( 'NONE', ( #910, #3387, #2319, #3362 ) ) ;
#342 = EDGE_CURVE ( 'NONE', #2533, #3249, #3299, .T. ) ;
#343 = CARTESIAN_POINT ( 'NONE',  ( -0.3531308576283163636, 17.50938039260304180, 8.374941456599692913 ) ) ;
#344 = CARTESIAN_POINT ( 'NONE',  ( 17.67157492163459054, -1.309179873134693306, 5.088506193381010512 ) ) ;
#345 = ADVANCED_FACE ( 'NONE', ( #1187 ), #2322, .F. ) ;
#346 = CARTESIAN_POINT ( 'NONE',  ( -6.999999999999999112, 14.99999999999999822, 35.00000000000000000 ) ) ;
#347 = CARTESIAN_POINT ( 'NONE',  ( -11.90569415042094015, 16.48683298050513457, 6.503786304001664575 ) ) ;
#348 = ORIENTED_EDGE ( 'NONE', *, *, #1055, .T. ) ;
#349 = CARTESIAN_POINT ( 'NONE',  ( 9.000000000000001776, -13.00000000000000178, 35.00000000000000000 ) ) ;
#350 = CARTESIAN_POINT ( 'NONE',  ( -4.349999999999999645, -5.000000000000000000, 35.00000000000000000 ) ) ;
#351 = ORIENTED_EDGE ( 'NONE', *, *, #756, .F. ) ;
#352 = ORIENTED_EDGE ( 'NONE', *, *, #2227, .F. ) ;
#353 = DIRECTION ( 'NONE',  ( -0.7071067811865456854, 0.000000000000000000, -0.7071067811865493491 ) ) ;
#354 = VECTOR ( 'NONE', #833, 1000.000000000000000 ) ;
#355 = FACE_OUTER_BOUND ( 'NONE', #3305, .T. ) ;
#356 = CIRCLE ( 'NONE', #2503, 5.000000000000000888 ) ;
#357 = CARTESIAN_POINT ( 'NONE',  ( 0.000000000000000000, 22.50000000000000000, 0.4999999999999943934 ) ) ;
#358 = ORIENTED_EDGE ( 'NONE', *, *, #288, .T. ) ;
#359 = LINE ( 'NONE', #593, #1052 ) ;
#360 = VECTOR ( 'NONE', #1869, 1000.000000000000000 ) ;
#361 = AXIS2_PLACEMENT_3D ( 'NONE', #872, #540, #3737 ) ;
#362 = ADVANCED_FACE ( 'NONE', ( #2466 ), #571, .T. ) ;
#363 = DIRECTION ( 'NONE',  ( 0.000000000000000000, -1.000000000000000000, 0.000000000000000000 ) ) ;
#364 = CIRCLE ( 'NONE', #2631, 4.500000000000000888 ) ;
#365 = CARTESIAN_POINT ( 'NONE',  ( -2.999999999999988898, 22.50000000000000000, 5.000000000000000000 ) ) ;
#366 = ADVANCED_FACE ( 'NONE', ( #2086 ), #2202, .F. ) ;
#367 = CARTESIAN_POINT ( 'NONE',  ( -2.500000000000000000, 22.50000000000000000, 4.500000000000003553 ) ) ;
#368 = ORIENTED_EDGE ( 'NONE', *, *, #2383, .T. ) ;
#369 = DIRECTION ( 'NONE',  ( -0.5547001962252292584, -0.000000000000000000, -0.8320502943378436100 ) ) ;
#370 = EDGE_CURVE ( 'NONE', #3312, #719, #1168, .T. ) ;
#371 = LINE ( 'NONE', #1271, #1932 ) ;
#372 = VERTEX_POINT ( 'NONE', #3504 ) ;
#373 = ORIENTED_EDGE ( 'NONE', *, *, #2407, .F. ) ;
#374 = CARTESIAN_POINT ( 'NONE',  ( 6.431766601258255278, 14.17157287525380838, 38.12264990188738523 ) ) ;
#375 = CIRCLE ( 'NONE', #2460, 6.000000000000001776 ) ;
#376 = FACE_OUTER_BOUND ( 'NONE', #3024, .T. ) ;
#377 = VERTEX_POINT ( 'NONE', #884 ) ;
#378 = CARTESIAN_POINT ( 'NONE',  ( 8.142857142857142350, -10.00000000000000178, 28.93845991166471165 ) ) ;
#379 = VERTEX_POINT ( 'NONE', #2373 ) ;
#380 = CARTESIAN_POINT ( 'NONE',  ( 4.930772020159858826, 21.65452227350478154, 5.574624985524081922 ) ) ;
#381 = DIRECTION ( 'NONE',  ( -1.000000000000000000, 0.000000000000000000, 0.000000000000000000 ) ) ;
#382 = DIRECTION ( 'NONE',  ( -0.000000000000000000, -0.000000000000000000, -1.000000000000000000 ) ) ;
#383 = CARTESIAN_POINT ( 'NONE',  ( 16.34164925614264519, 22.34164925614264519, 5.356772133448815865 ) ) ;
#384 = EDGE_LOOP ( 'NONE', ( #3349, #2887, #3419, #885 ) ) ;
#385 = FACE_OUTER_BOUND ( 'NONE', #2159, .T. ) ;
#386 = EDGE_CURVE ( 'NONE', #676, #2189, #3175, .T. ) ;
#387 = FACE_BOUND ( 'NONE', #3467, .T. ) ;
#388 = ORIENTED_EDGE ( 'NONE', *, *, #2822, .F. ) ;
#389 = ORIENTED_EDGE ( 'NONE', *, *, #3506, .T. ) ;
#390 = CARTESIAN_POINT ( 'NONE',  ( -9.000000000000000000, 15.00000000000000178, 15.00000000000000355 ) ) ;
#391 = CARTESIAN_POINT ( 'NONE',  ( 4.946285144520126131, 23.35432077966078523, 5.126943823013056623 ) ) ;
#392 = CARTESIAN_POINT ( 'NONE',  ( -7.999999999999998224, -5.000000000000002665, 19.64589803375031707 ) ) ;
#393 = CIRCLE ( 'NONE', #2356, 2.500000000000000000 ) ;
#394 = VERTEX_POINT ( 'NONE', #591 ) ;
#395 = DIRECTION ( 'NONE',  ( -0.000000000000000000, 1.000000000000000000, -0.000000000000000000 ) ) ;
#396 = EDGE_CURVE ( 'NONE', #2754, #1941, #2930, .T. ) ;
#397 = ADVANCED_FACE ( 'NONE', ( #320 ), #853, .F. ) ;
#398 = ORIENTED_EDGE ( 'NONE', *, *, #2062, .F. ) ;
#399 = DIRECTION ( 'NONE',  ( 0.000000000000000000, -0.000000000000000000, -1.000000000000000000 ) ) ;
#400 = CARTESIAN_POINT ( 'NONE',  ( -6.015741454089336138, 14.17157287525380838, 38.90000000000000568 ) ) ;
#401 = EDGE_CURVE ( 'NONE', #2567, #972, #598, .T. ) ;
#402 = CARTESIAN_POINT ( 'NONE',  ( -3.212965816357340021, 14.99999999999999822, 36.90000000000000568 ) ) ;
#403 = ORIENTED_EDGE ( 'NONE', *, *, #3366, .F. ) ;
#404 = DIRECTION ( 'NONE',  ( 1.000000000000000000, 0.000000000000000000, 0.000000000000000000 ) ) ;
#405 = FACE_BOUND ( 'NONE', #702, .T. ) ;
#406 = ORIENTED_EDGE ( 'NONE', *, *, #61, .T. ) ;
#407 = ORIENTED_EDGE ( 'NONE', *, *, #370, .T. ) ;
#408 = EDGE_CURVE ( 'NONE', #1292, #3444, #415, .T. ) ;
#409 = CARTESIAN_POINT ( 'NONE',  ( -9.000000000000001776, 12.99999999999999645, 26.35410196624968293 ) ) ;
#410 = LINE ( 'NONE', #1276, #360 ) ;
#411 = AXIS2_PLACEMENT_3D ( 'NONE', #62, #1537, #654 ) ;
#412 = CARTESIAN_POINT ( 'NONE',  ( -4.889561636443921167, -23.56809398631301988, 5.100718499137789408 ) ) ;
#413 = ORIENTED_EDGE ( 'NONE', *, *, #65, .F. ) ;
#414 = FACE_BOUND ( 'NONE', #694, .T. ) ;
#415 = CIRCLE ( 'NONE', #106, 2.500000000000000000 ) ;
#416 = ORIENTED_EDGE ( 'NONE', *, *, #983, .T. ) ;
#417 = EDGE_CURVE ( 'NONE', #3426, #3607, #2740, .T. ) ;
#418 = CARTESIAN_POINT ( 'NONE',  ( -17.36489587564347303, -21.35132809326739078, 5.094226479643412908 ) ) ;
#419 = ORIENTED_EDGE ( 'NONE', *, *, #2051, .T. ) ;
#420 = CIRCLE ( 'NONE', #233, 4.499999999999997335 ) ;
#421 = DIRECTION ( 'NONE',  ( 1.000000000000000000, 0.000000000000000000, 0.000000000000000000 ) ) ;
#422 = VECTOR ( 'NONE', #3600, 1000.000000000000000 ) ;
#423 = VERTEX_POINT ( 'NONE', #2534 ) ;
#424 = DIRECTION ( 'NONE',  ( -1.000000000000000000, 0.000000000000000000, 0.000000000000000000 ) ) ;
#425 = CARTESIAN_POINT ( 'NONE',  ( 9.000000000000001776, -13.00000000000000178, 15.00000000000000000 ) ) ;
#426 = VERTEX_POINT ( 'NONE', #1920 ) ;
#427 = FACE_OUTER_BOUND ( 'NONE', #1235, .T. ) ;
#428 = CARTESIAN_POINT ( 'NONE',  ( 25.50000000000000711, 3.673940397442071208E-16, 0.000000000000000000 ) ) ;
#429 = CARTESIAN_POINT ( 'NONE',  ( 11.90518678259981478, -19.08765565216666715, 6.916099211026129012 ) ) ;
#430 = ORIENTED_EDGE ( 'NONE', *, *, #3020, .T. ) ;
#431 = EDGE_CURVE ( 'NONE', #1847, #3292, #2253, .T. ) ;
#432 = LINE ( 'NONE', #1367, #2295 ) ;
#433 = AXIS2_PLACEMENT_3D ( 'NONE', #3159, #1151, #514 ) ;
#434 = ORIENTED_EDGE ( 'NONE', *, *, #1354, .F. ) ;
#435 = AXIS2_PLACEMENT_3D ( 'NONE', #1231, #2970, #3242 ) ;
#436 = LINE ( 'NONE', #2228, #1723 ) ;
#437 = ORIENTED_EDGE ( 'NONE', *, *, #1192, .F. ) ;
#438 = FACE_OUTER_BOUND ( 'NONE', #2173, .T. ) ;
#439 = EDGE_LOOP ( 'NONE', ( #3001, #2750, #1472, #708 ) ) ;
#440 = LINE ( 'NONE', #1608, #1338 ) ;
#441 = CARTESIAN_POINT ( 'NONE',  ( 4.349999999999999645, -5.000000000000000000, 35.00000000000000000 ) ) ;
#442 = ORIENTED_EDGE ( 'NONE', *, *, #2445, .F. ) ;
#443 = CARTESIAN_POINT ( 'NONE',  ( -22.50000000000000000, 0.000000000000000000, 0.5000000000000134337 ) ) ;
#444 = DIRECTION ( 'NONE',  ( 0.000000000000000000, 1.000000000000000000, -0.000000000000000000 ) ) ;
#445 = LINE ( 'NONE', #2806, #1499 ) ;
#446 = VERTEX_POINT ( 'NONE', #3666 ) ;
#447 = FACE_OUTER_BOUND ( 'NONE', #1733, .T. ) ;
#448 = EDGE_CURVE ( 'NONE', #2261, #1847, #1611, .T. ) ;
#449 = EDGE_CURVE ( 'NONE', #3232, #988, #2482, .T. ) ;
#450 = CARTESIAN_POINT ( 'NONE',  ( -9.000000000000001776, -10.00000000000000178, 23.00000000000000000 ) ) ;
#451 = DIRECTION ( 'NONE',  ( -0.7071067811865414665, 8.659560562354857670E-17, 0.7071067811865536790 ) ) ;
#452 = CIRCLE ( 'NONE', #3273, 1.000000000000000888 ) ;
#453 = DIRECTION ( 'NONE',  ( 1.000000000000000000, 0.000000000000000000, 0.000000000000000000 ) ) ;
#454 = EDGE_CURVE ( 'NONE', #2978, #2374, #777, .T. ) ;
#455 = AXIS2_PLACEMENT_3D ( 'NONE', #2485, #3326, #3594 ) ;
#456 = EDGE_CURVE ( 'NONE', #2406, #894, #750, .T. ) ;
#457 = ORIENTED_EDGE ( 'NONE', *, *, #3359, .F. ) ;
#458 = DIRECTION ( 'NONE',  ( 0.000000000000000000, 0.000000000000000000, 1.000000000000000000 ) ) ;
#459 = VECTOR ( 'NONE', #1246, 1000.000000000000000 ) ;
#460 = CIRCLE ( 'NONE', #2119, 2.500000000000000000 ) ;
#461 = ADVANCED_FACE ( 'NONE', ( #768 ), #2558, .F. ) ;
#462 = CARTESIAN_POINT ( 'NONE',  ( -6.431766601258256166, 12.99999999999999822, 38.12264990188738523 ) ) ;
#463 = CARTESIAN_POINT ( 'NONE',  ( 9.000000000000001776, -5.000000000000002665, 16.07179676972448590 ) ) ;
#464 = ADVANCED_FACE ( 'NONE', ( #2762 ), #2179, .F. ) ;
#465 = ORIENTED_EDGE ( 'NONE', *, *, #299, .F. ) ;
#466 = DIRECTION ( 'NONE',  ( 0.000000000000000000, 0.000000000000000000, 1.000000000000000000 ) ) ;
#467 = ORIENTED_EDGE ( 'NONE', *, *, #3506, .F. ) ;
#468 = CARTESIAN_POINT ( 'NONE',  ( 3.107152386978729197, -18.56971477763476841, 7.337765243282138528 ) ) ;
#469 = DIRECTION ( 'NONE',  ( -0.000000000000000000, -0.000000000000000000, -1.000000000000000000 ) ) ;
#470 = ORIENTED_EDGE ( 'NONE', *, *, #510, .F. ) ;
#471 = LINE ( 'NONE', #1634, #2777 ) ;
#472 = FACE_OUTER_BOUND ( 'NONE', #3004, .T. ) ;
#473 = CARTESIAN_POINT ( 'NONE',  ( -9.000000000005748291, -15.00000000000345324, 14.55818883778201922 ) ) ;
#474 = DIRECTION ( 'NONE',  ( -0.000000000000000000, -1.000000000000000000, 0.000000000000000000 ) ) ;
#475 = ORIENTED_EDGE ( 'NONE', *, *, #2055, .T. ) ;
#476 = EDGE_CURVE ( 'NONE', #1739, #565, #161, .T. ) ;
#477 = AXIS2_PLACEMENT_3D ( 'NONE', #2632, #3532, #2363 ) ;
#478 = APPLICATION_CONTEXT ( 'automotive_design' ) ;
#479 = CARTESIAN_POINT ( 'NONE',  ( -9.000000000000001776, -10.00000000000000178, 19.64589803375031707 ) ) ;
#480 = FACE_OUTER_BOUND ( 'NONE', #2433, .T. ) ;
#481 = DIRECTION ( 'NONE',  ( -0.000000000000000000, -0.000000000000000000, -1.000000000000000000 ) ) ;
#482 = CIRCLE ( 'NONE', #1898, 5.999999999999998224 ) ;
#483 = LINE ( 'NONE', #1380, #1575 ) ;
#484 = ORIENTED_EDGE ( 'NONE', *, *, #1026, .F. ) ;
#485 = DIRECTION ( 'NONE',  ( 1.000000000000000000, 0.000000000000000000, 0.000000000000000000 ) ) ;
#486 = AXIS2_PLACEMENT_3D ( 'NONE', #3027, #199, #797 ) ;
#487 = CARTESIAN_POINT ( 'NONE',  ( 10.47462535016200924, -14.76955042019434394, 9.744217019980011329 ) ) ;
#488 = VERTEX_POINT ( 'NONE', #209 ) ;
#489 = CARTESIAN_POINT ( 'NONE',  ( -6.999999999999999112, 14.99999999999999822, 35.00000000000000000 ) ) ;
#490 = CARTESIAN_POINT ( 'NONE',  ( 4.945466880192723735, -23.35825900443652614, 5.126356021049041978 ) ) ;
#491 = CARTESIAN_POINT ( 'NONE',  ( -9.000000000000001776, -13.00000000000230393, 14.44748649547752883 ) ) ;
#492 = FACE_OUTER_BOUND ( 'NONE', #3744, .T. ) ;
#493 = ORIENTED_EDGE ( 'NONE', *, *, #2289, .F. ) ;
#494 = CARTESIAN_POINT ( 'NONE',  ( -9.000000000000001776, 4.999999999999998224, 19.64589803375031352 ) ) ;
#495 = DIRECTION ( 'NONE',  ( 0.000000000000000000, 0.000000000000000000, -1.000000000000000000 ) ) ;
#496 = EDGE_CURVE ( 'NONE', #1921, #751, #483, .T. ) ;
#497 = DIRECTION ( 'NONE',  ( 0.000000000000000000, 0.000000000000000000, -1.000000000000000000 ) ) ;
#498 = VERTEX_POINT ( 'NONE', #2554 ) ;
#499 = CARTESIAN_POINT ( 'NONE',  ( 15.91348658720776577, -22.42790548933980688, 5.336443210275437998 ) ) ;
#500 = EDGE_LOOP ( 'NONE', ( #3639, #2153, #3033, #1861, #602 ) ) ;
#501 = ADVANCED_FACE ( 'NONE', ( #712 ), #2233, .T. ) ;
#502 = DIRECTION ( 'NONE',  ( 0.000000000000000000, 0.000000000000000000, -1.000000000000000000 ) ) ;
#503 = CARTESIAN_POINT ( 'NONE',  ( 8.000000000000000000, 4.999999999999998224, 26.35410196624967583 ) ) ;
#504 = CIRCLE ( 'NONE', #323, 2.999999999999988898 ) ;
#505 = ORIENTED_EDGE ( 'NONE', *, *, #688, .F. ) ;
#506 = DIRECTION ( 'NONE',  ( -1.000000000000000000, 0.000000000000000000, 0.000000000000000000 ) ) ;
#507 = EDGE_CURVE ( 'NONE', #2351, #875, #1942, .T. ) ;
#508 = DIRECTION ( 'NONE',  ( -1.000000000000000000, 0.000000000000000000, 0.000000000000000000 ) ) ;
#509 = CARTESIAN_POINT ( 'NONE',  ( -14.80526212608126180, -21.50438510505448875, 5.565903942086056766 ) ) ;
#510 = EDGE_CURVE ( 'NONE', #446, #3634, #3714, .T. ) ;
#511 = DIRECTION ( 'NONE',  ( 0.000000000000000000, 0.000000000000000000, 1.000000000000000000 ) ) ;
#512 = ORIENTED_EDGE ( 'NONE', *, *, #1638, .F. ) ;
#513 = VERTEX_POINT ( 'NONE', #3051 ) ;
#514 = DIRECTION ( 'NONE',  ( -1.000000000000000000, 0.000000000000000000, 0.000000000000000000 ) ) ;
#515 = CONICAL_SURFACE ( 'NONE', #1006, 2.999999999999988898, 0.7853981633974427279 ) ;
#516 = VECTOR ( 'NONE', #1252, 1000.000000000000000 ) ;
#517 = CARTESIAN_POINT ( 'NONE',  ( -1.946299149690674524, 14.99999999999999822, 35.00000000000000000 ) ) ;
#518 = ADVANCED_FACE ( 'NONE', ( #427 ), #1306, .T. ) ;
#519 = CARTESIAN_POINT ( 'NONE',  ( -7.999999999999998224, -5.000000000000002665, 26.35410196624968293 ) ) ;
#520 = AXIS2_PLACEMENT_3D ( 'NONE', #133, #497, #3069 ) ;
#521 = EDGE_LOOP ( 'NONE', ( #1412, #2888, #3088, #1522 ) ) ;
#522 = DIRECTION ( 'NONE',  ( 0.000000000000000000, 1.000000000000000000, 0.000000000000000000 ) ) ;
#523 = ORIENTED_EDGE ( 'NONE', *, *, #2505, .T. ) ;
#524 = CARTESIAN_POINT ( 'NONE',  ( 5.000000000000000888, 22.50000000000000000, 5.000000000000000000 ) ) ;
#525 = VECTOR ( 'NONE', #913, 1000.000000000000000 ) ;
#526 = CARTESIAN_POINT ( 'NONE',  ( 18.17908465593191636, 2.537447097097863313, 5.032018325831948857 ) ) ;
#527 = EDGE_LOOP ( 'NONE', ( #419, #1808, #693, #3239 ) ) ;
#528 = CARTESIAN_POINT ( 'NONE',  ( -9.228217745596417387, 13.27386129471628351, 12.80511065755455569 ) ) ;
#529 = LINE ( 'NONE', #3440, #1339 ) ;
#530 = CARTESIAN_POINT ( 'NONE',  ( -10.40186028376778005, -17.83488356980685552, 8.002402255412038201 ) ) ;
#531 = CARTESIAN_POINT ( 'NONE',  ( -6.949999998323399986, 13.24723116213766261, 38.89999999910553896 ) ) ;
#532 = DIRECTION ( 'NONE',  ( 0.000000000000000000, 1.000000000000000000, 0.000000000000000000 ) ) ;
#533 = VERTEX_POINT ( 'NONE', #1457 ) ;
#534 = VECTOR ( 'NONE', #2069, 1000.000000000000000 ) ;
#535 = ORIENTED_EDGE ( 'NONE', *, *, #3572, .F. ) ;
#536 = EDGE_CURVE ( 'NONE', #423, #3286, #307, .T. ) ;
#537 = CARTESIAN_POINT ( 'NONE',  ( -22.50000000000000000, 0.000000000000000000, 4.500000000000001776 ) ) ;
#538 = AXIS2_PLACEMENT_3D ( 'NONE', #3749, #2032, #2873 ) ;
#539 = LINE ( 'NONE', #1724, #1823 ) ;
#540 = DIRECTION ( 'NONE',  ( -0.000000000000000000, 1.000000000000000000, -0.000000000000000000 ) ) ;
#541 = CARTESIAN_POINT ( 'NONE',  ( 9.000000000000001776, -13.00000000000000178, 29.92820323027549989 ) ) ;
#542 = CARTESIAN_POINT ( 'NONE',  ( -4.550335470245961744, 24.61858777405117138, 4.999999999999999112 ) ) ;
#543 = ORIENTED_EDGE ( 'NONE', *, *, #939, .F. ) ;
#544 = B_SPLINE_CURVE_WITH_KNOTS ( 'NONE', 3,
 ( #2881, #832, #2039, #2611 ),
 .UNSPECIFIED., .F., .F.,
 ( 4, 4 ),
 ( 0.000000000000000000, 0.003292326338488299389 ),
 .UNSPECIFIED. ) ;
#545 = AXIS2_PLACEMENT_3D ( 'NONE', #1738, #2913, #3238 ) ;
#546 = CARTESIAN_POINT ( 'NONE',  ( 0.000000000000000000, 22.50000000000000000, 0.4999999999999943934 ) ) ;
#547 = AXIS2_PLACEMENT_3D ( 'NONE', #2550, #1095, #2266 ) ;
#548 = ORIENTED_EDGE ( 'NONE', *, *, #1301, .T. ) ;
#549 = VERTEX_POINT ( 'NONE', #3 ) ;
#550 = CARTESIAN_POINT ( 'NONE',  ( 16.50000000000000000, -21.99999999999999645, 5.317541634481457002 ) ) ;
#551 = EDGE_CURVE ( 'NONE', #1372, #1139, #3782, .T. ) ;
#552 = CARTESIAN_POINT ( 'NONE',  ( 6.431766601258257054, 12.99999999999999645, 38.12264990188738523 ) ) ;
#553 = CARTESIAN_POINT ( 'NONE',  ( -6.883831450083821579, 13.47789808996088290, 38.86458766676304322 ) ) ;
#554 = DIRECTION ( 'NONE',  ( 0.000000000000000000, 0.000000000000000000, 1.000000000000000000 ) ) ;
#555 = ORIENTED_EDGE ( 'NONE', *, *, #496, .F. ) ;
#556 = CARTESIAN_POINT ( 'NONE',  ( -7.999999999999998224, -5.000000000000002665, 27.35410196624968293 ) ) ;
#557 = LINE ( 'NONE', #2836, #3582 ) ;
#558 = AXIS2_PLACEMENT_3D ( 'NONE', #3436, #1159, #3496 ) ;
#559 = DIRECTION ( 'NONE',  ( -0.000000000000000000, -1.000000000000000000, 0.000000000000000000 ) ) ;
#560 = DIRECTION ( 'NONE',  ( -0.000000000000000000, -0.000000000000000000, -1.000000000000000000 ) ) ;
#561 = FACE_OUTER_BOUND ( 'NONE', #63, .T. ) ;
#562 = ORIENTED_EDGE ( 'NONE', *, *, #3185, .F. ) ;
#563 = CARTESIAN_POINT ( 'NONE',  ( 2.999999999999988898, 22.50000000000000000, 5.000000000000000000 ) ) ;
#564 = DIRECTION ( 'NONE',  ( 0.000000000000000000, 0.000000000000000000, 1.000000000000000000 ) ) ;
#565 = VERTEX_POINT ( 'NONE', #1420 ) ;
#566 = ORIENTED_EDGE ( 'NONE', *, *, #783, .F. ) ;
#567 = CARTESIAN_POINT ( 'NONE',  ( 0.000000000000000000, 0.000000000000000000, 0.000000000000000000 ) ) ;
#568 = EDGE_CURVE ( 'NONE', #1691, #957, #1980, .T. ) ;
#569 = CARTESIAN_POINT ( 'NONE',  ( 0.000000000000000000, 0.000000000000000000, 0.4999999999999935052 ) ) ;
#570 = FACE_OUTER_BOUND ( 'NONE', #1770, .T. ) ;
#571 = CYLINDRICAL_SURFACE ( 'NONE', #545, 1.000000000000000888 ) ;
#572 = ORIENTED_EDGE ( 'NONE', *, *, #740, .F. ) ;
#573 = DIRECTION ( 'NONE',  ( -0.7071067811865414665, 8.659560562354857670E-17, 0.7071067811865536790 ) ) ;
#574 = EDGE_CURVE ( 'NONE', #2002, #1691, #847, .T. ) ;
#575 = LINE ( 'NONE', #2879, #2802 ) ;
#576 = FACE_BOUND ( 'NONE', #1584, .T. ) ;
#577 = EDGE_CURVE ( 'NONE', #3319, #1366, #1480, .T. ) ;
#578 = CIRCLE ( 'NONE', #2477, 5.000000000000000888 ) ;
#579 = DIRECTION ( 'NONE',  ( 0.000000000000000000, -1.000000000000000000, 0.000000000000000000 ) ) ;
#580 = ORIENTED_EDGE ( 'NONE', *, *, #2333, .F. ) ;
#581 = LINE ( 'NONE', #1983, #3064 ) ;
#582 = EDGE_CURVE ( 'NONE', #2821, #1127, #874, .T. ) ;
#583 = LINE ( 'NONE', #2366, #1862 ) ;
#584 = ORIENTED_EDGE ( 'NONE', *, *, #2383, .F. ) ;
#585 = VERTEX_POINT ( 'NONE', #2059 ) ;
#586 = DIRECTION ( 'NONE',  ( 1.000000000000000000, 0.000000000000000000, 0.000000000000000000 ) ) ;
#587 =( BOUNDED_SURFACE ( )  B_SPLINE_SURFACE ( 3, 2, ( 
 ( #402, #707, #1860 ),
 ( #2741, #1882, #3543 ),
 ( #2584, #2912, #2372 ),
 ( #2929, #898, #3237 ),
 ( #3525, #319, #1759 ),
 ( #3769, #1185, #2354 ),
 ( #919, #608, #2299 ),
 ( #15, #883, #1209 ),
 ( #2335, #2049, #3176 ),
 ( #1125, #2622, #3215 ),
 ( #35, #2085, #2893 ),
 ( #3485, #553, #841 ),
 ( #1697, #531, #261 ),
 ( #2601, #2948, #298 ) ),
 .UNSPECIFIED., .F., .F., .F. ) 
 B_SPLINE_SURFACE_WITH_KNOTS ( ( 4, 2, 2, 2, 2, 2, 4 ),
 ( 3, 3 ),
 ( 1.570796326794896558, 1.963495408493620697, 2.356194490192344837, 2.552544031041707129, 2.748893571891068976, 2.945243112740430824, 3.141592653589793116 ),
 ( 0.000000000000000000, 1.000000000000000000 ),
 .UNSPECIFIED. ) 
 GEOMETRIC_REPRESENTATION_ITEM ( )  RATIONAL_B_SPLINE_SURFACE ( (
 ( 1.000000000000000000, 1.000000000000000000, 1.000000000000000000),
 ( 1.000000000000000000, 1.000168548598626472, 1.000000000000000000),
 ( 1.000000000000000000, 0.9795773616844652976, 1.000000000000000000),
 ( 1.000000000000000000, 0.9031437688172577749, 1.000000000000000000),
 ( 1.000000000000000000, 0.8469439779232700305, 1.000000000000000000),
 ( 1.000000000000000000, 0.7493370916748126609, 1.000000000000000000),
 ( 1.000000000000000000, 0.7146916402230432119, 1.000000000000000000),
 ( 1.000000000000000000, 0.6455810516974541668, 1.000000000000000000),
 ( 1.000000000000000000, 0.6110871850502663793, 1.000000000000000000),
 ( 1.000000000000000000, 0.5490683012151984510, 1.000000000000000000),
 ( 1.000000000000000000, 0.5216145004400583041, 1.000000000000000000),
 ( 1.000000000000000000, 0.4828476010306789745, 1.000000000000000000),
 ( 1.000000000000000000, 0.4717175807845715996, 1.000000000000000000),
 ( 1.000000000000000000, 0.4718579255320207166, 1.000000000000000000) ) ) 
 REPRESENTATION_ITEM ( '' )  SURFACE ( )  );
#588 = VECTOR ( 'NONE', #2017, 1000.000000000000000 ) ;
#589 = CARTESIAN_POINT ( 'NONE',  ( 5.772258869832755046, 14.21997957989607819, 37.87213826199226219 ) ) ;
#590 = CARTESIAN_POINT ( 'NONE',  ( -15.91348658720778708, -22.42790548933978556, 5.336443210275443327 ) ) ;
#591 = CARTESIAN_POINT ( 'NONE',  ( 9.000000000000001776, 9.999999999999998224, 16.07179676972448590 ) ) ;
#592 = EDGE_LOOP ( 'NONE', ( #3631, #535, #3209, #1981 ) ) ;
#593 = CARTESIAN_POINT ( 'NONE',  ( -9.000000000000001776, 12.99999999999999645, 29.92820323027551055 ) ) ;
#594 = DIRECTION ( 'NONE',  ( 0.000000000000000000, 0.000000000000000000, -1.000000000000000000 ) ) ;
#595 = VECTOR ( 'NONE', #1216, 1000.000000000000114 ) ;
#596 = CARTESIAN_POINT ( 'NONE',  ( -9.000000000000001776, 12.99999999999999645, 19.64589803375031707 ) ) ;
#597 = CARTESIAN_POINT ( 'NONE',  ( 8.769550420194345719, 16.47462535016174456, 9.744217019980505157 ) ) ;
#598 = CIRCLE ( 'NONE', #908, 2.499999999999998668 ) ;
#599 = CARTESIAN_POINT ( 'NONE',  ( -19.00000000000000000, 0.000000000000000000, 5.000000000000000000 ) ) ;
#600 = ORIENTED_EDGE ( 'NONE', *, *, #3055, .F. ) ;
#601 = PRESENTATION_STYLE_ASSIGNMENT (( #255 ) ) ;
#602 = ORIENTED_EDGE ( 'NONE', *, *, #3398, .F. ) ;
#603 = CARTESIAN_POINT ( 'NONE',  ( -27.00000000000000355, 3.337162527676537520E-15, 0.000000000000000000 ) ) ;
#604 = ORIENTED_EDGE ( 'NONE', *, *, #1533, .T. ) ;
#605 = VERTEX_POINT ( 'NONE', #270 ) ;
#606 = CARTESIAN_POINT ( 'NONE',  ( -9.230603172938938172, 15.23060317293832711, 12.75312179007123525 ) ) ;
#607 = CARTESIAN_POINT ( 'NONE',  ( 5.441474102345727815, 14.21997957989610306, 38.49021525375584218 ) ) ;
#608 = CARTESIAN_POINT ( 'NONE',  ( -5.768576191743140846, 14.50945173141061950, 38.26772116592985640 ) ) ;
#609 = CARTESIAN_POINT ( 'NONE',  ( -19.00000000000000000, 0.000000000000000000, 5.000000000000000000 ) ) ;
#610 = EDGE_LOOP ( 'NONE', ( #922, #1854, #1255, #129, #1311, #150, #3790, #566, #1633 ) ) ;
#611 = CARTESIAN_POINT ( 'NONE',  ( -18.54825873029205141, -3.081001454434793008, 5.008483852454612695 ) ) ;
#612 = CARTESIAN_POINT ( 'NONE',  ( 8.142857142857142350, -5.000000000000002665, 28.93845991166471521 ) ) ;
#613 = CARTESIAN_POINT ( 'NONE',  ( -5.000000000000000888, -22.50000000000000000, 43.00000000000000000 ) ) ;
#614 = CARTESIAN_POINT ( 'NONE',  ( 10.10045729736456011, 16.10045729736455655, 10.35595965547521757 ) ) ;
#615 = EDGE_CURVE ( 'NONE', #2742, #892, #661, .T. ) ;
#616 = VECTOR ( 'NONE', #3446, 1000.000000000000000 ) ;
#617 = ORIENTED_EDGE ( 'NONE', *, *, #2684, .F. ) ;
#618 = CARTESIAN_POINT ( 'NONE',  ( -7.999999999999998224, -10.00000000000000178, 26.35410196624968293 ) ) ;
#619 = FACE_OUTER_BOUND ( 'NONE', #3578, .T. ) ;
#620 = ORIENTED_EDGE ( 'NONE', *, *, #1479, .T. ) ;
#621 = CIRCLE ( 'NONE', #195, 1.000000000000000888 ) ;
#622 = ORIENTED_EDGE ( 'NONE', *, *, #3077, .T. ) ;
#623 = EDGE_CURVE ( 'NONE', #3037, #73, #2591, .T. ) ;
#624 = DIRECTION ( 'NONE',  ( -1.000000000000000000, 0.000000000000000000, 0.000000000000000000 ) ) ;
#625 = ADVANCED_FACE ( 'NONE', ( #3513 ), #891, .F. ) ;
#626 = CARTESIAN_POINT ( 'NONE',  ( 5.732192943689611297, 13.88630240680849859, 38.69766592332079114 ) ) ;
#627 = DIRECTION ( 'NONE',  ( 0.000000000000000000, 1.000000000000000000, 0.000000000000000000 ) ) ;
#628 = EDGE_CURVE ( 'NONE', #894, #1814, #1955, .T. ) ;
#629 = ORIENTED_EDGE ( 'NONE', *, *, #2294, .T. ) ;
#630 = CARTESIAN_POINT ( 'NONE',  ( 3.983567873331326226, 19.46210071880314629, 6.667819097898924241 ) ) ;
#631 =( BOUNDED_CURVE ( )  B_SPLINE_CURVE ( 3, ( #3187, #1977, #2880, #1435 ),
 .UNSPECIFIED., .F., .F. ) 
 B_SPLINE_CURVE_WITH_KNOTS ( ( 4, 4 ),
 ( 4.972522364902408398, 6.283185307179586232 ),
 .UNSPECIFIED. ) 
 CURVE ( )  GEOMETRIC_REPRESENTATION_ITEM ( )  RATIONAL_B_SPLINE_CURVE ( ( 1.000000000000000000, 0.8618973105533769274, 0.8618973105533769274, 1.000000000000000000 ) ) 
 REPRESENTATION_ITEM ( '' )  );
#632 = LINE ( 'NONE', #1800, #2891 ) ;
#633 = DIRECTION ( 'NONE',  ( -0.000000000000000000, -0.000000000000000000, -1.000000000000000000 ) ) ;
#634 = CARTESIAN_POINT ( 'NONE',  ( -9.000000000000001776, 13.00000000000000355, 10.25502132191920879 ) ) ;
#635 = VERTEX_POINT ( 'NONE', #252 ) ;
#636 = ADVANCED_BREP_SHAPE_REPRESENTATION ( 'Prop Mount Longer', ( #3368, #3256 ), #1113 ) ;
#637 = CARTESIAN_POINT ( 'NONE',  ( 4.349999999999999645, -5.000000000000000000, 35.00000000000000000 ) ) ;
#638 = DIRECTION ( 'NONE',  ( 0.000000000000000000, 0.000000000000000000, 1.000000000000000000 ) ) ;
#639 = ORIENTED_EDGE ( 'NONE', *, *, #2213, .T. ) ;
#640 = AXIS2_PLACEMENT_3D ( 'NONE', #1050, #1617, #3363 ) ;
#641 = VERTEX_POINT ( 'NONE', #3740 ) ;
#642 = AXIS2_PLACEMENT_3D ( 'NONE', #1732, #2653, #2885 ) ;
#643 = CARTESIAN_POINT ( 'NONE',  ( 9.000000000000001776, 4.999999999999998224, 19.64589803375030996 ) ) ;
#644 = EDGE_CURVE ( 'NONE', #794, #1511, #1117, .T. ) ;
#645 = CARTESIAN_POINT ( 'NONE',  ( -4.931485865358997245, -23.35255180390428720, 5.134241450023750097 ) ) ;
#646 = CARTESIAN_POINT ( 'NONE',  ( -8.000000000000000000, 4.999999999999998224, 26.35410196624968648 ) ) ;
#647 = CIRCLE ( 'NONE', #520, 2.000000000000000000 ) ;
#648 = ORIENTED_EDGE ( 'NONE', *, *, #3759, .T. ) ;
#649 = ADVANCED_FACE ( 'NONE', ( #1747 ), #1768, .T. ) ;
#650 = CARTESIAN_POINT ( 'NONE',  ( 4.481659578699154878, 20.25948903353369346, 6.188711383456795723 ) ) ;
#651 = CARTESIAN_POINT ( 'NONE',  ( 19.00000000000000355, -3.570714214271429210, 5.000000000000000000 ) ) ;
#652 = ADVANCED_FACE ( 'NONE', ( #561 ), #2904, .T. ) ;
#653 = FACE_OUTER_BOUND ( 'NONE', #1143, .T. ) ;
#654 = DIRECTION ( 'NONE',  ( 0.000000000000000000, 0.000000000000000000, -1.000000000000000000 ) ) ;
#655 = VERTEX_POINT ( 'NONE', #2270 ) ;
#656 = LINE ( 'NONE', #1825, #1842 ) ;
#657 = DIRECTION ( 'NONE',  ( -0.000000000000000000, -0.000000000000000000, -1.000000000000000000 ) ) ;
#658 = ORIENTED_EDGE ( 'NONE', *, *, #456, .F. ) ;
#659 = EDGE_LOOP ( 'NONE', ( #1158, #2896, #1503, #2447 ) ) ;
#660 = CARTESIAN_POINT ( 'NONE',  ( 3.212965816357340465, 14.99999999999999822, 36.90000000000000568 ) ) ;
#661 = CIRCLE ( 'NONE', #1635, 5.999999999999998224 ) ;
#662 = CARTESIAN_POINT ( 'NONE',  ( 16.34164925614264519, -22.34164925614264519, 5.356772133448815865 ) ) ;
#663 = AXIS2_PLACEMENT_3D ( 'NONE', #2161, #2623, #3216 ) ;
#664 = DIRECTION ( 'NONE',  ( 0.000000000000000000, 0.000000000000000000, 1.000000000000000000 ) ) ;
#665 = ORIENTED_EDGE ( 'NONE', *, *, #223, .F. ) ;
#666 = CARTESIAN_POINT ( 'NONE',  ( -18.54846561341847178, 3.081617255373765740, 5.008442965312535300 ) ) ;
#667 = CARTESIAN_POINT ( 'NONE',  ( 18.01915755706955480, -2.243204937745154837, 5.047379251330766259 ) ) ;
#668 = CIRCLE ( 'NONE', #2696, 2.000000000000000000 ) ;
#669 = DIRECTION ( 'NONE',  ( -0.000000000000000000, -0.000000000000000000, -1.000000000000000000 ) ) ;
#670 = DIRECTION ( 'NONE',  ( -0.000000000000000000, -0.000000000000000000, -1.000000000000000000 ) ) ;
#671 = ORIENTED_EDGE ( 'NONE', *, *, #1780, .T. ) ;
#672 = DIRECTION ( 'NONE',  ( -0.000000000000000000, -1.000000000000000000, -0.000000000000000000 ) ) ;
#673 = DIRECTION ( 'NONE',  ( 0.000000000000000000, 0.000000000000000000, 1.000000000000000000 ) ) ;
#674 = EDGE_CURVE ( 'NONE', #1710, #2116, #1331, .T. ) ;
#675 = VERTEX_POINT ( 'NONE', #811 ) ;
#676 = VERTEX_POINT ( 'NONE', #2040 ) ;
#677 = DIRECTION ( 'NONE',  ( -0.000000000000000000, -1.000000000000000000, 0.000000000000000000 ) ) ;
#678 = DIRECTION ( 'NONE',  ( 0.000000000000000000, 1.000000000000000000, -0.000000000000000000 ) ) ;
#679 = AXIS2_PLACEMENT_3D ( 'NONE', #27, #1218, #3320 ) ;
#680 = CARTESIAN_POINT ( 'NONE',  ( 12.64939169880561032, -17.37927003856671604, 7.255644516288831447 ) ) ;
#681 = EDGE_LOOP ( 'NONE', ( #1313, #229, #83, #996 ) ) ;
#682 = DIRECTION ( 'NONE',  ( -0.000000000000000000, -0.000000000000000000, -1.000000000000000000 ) ) ;
#683 = EDGE_CURVE ( 'NONE', #2745, #3169, #1563, .T. ) ;
#684 = ORIENTED_EDGE ( 'NONE', *, *, #2509, .F. ) ;
#685 = DIRECTION ( 'NONE',  ( 0.000000000000000000, 0.000000000000000000, 1.000000000000000000 ) ) ;
#686 = CARTESIAN_POINT ( 'NONE',  ( -15.91348658720776577, 22.42790548933980688, 5.336443210275435334 ) ) ;
#687 = AXIS2_PLACEMENT_3D ( 'NONE', #569, #51, #2911 ) ;
#688 = EDGE_CURVE ( 'NONE', #2301, #2821, #164, .T. ) ;
#689 = DIRECTION ( 'NONE',  ( 1.000000000000000000, 0.000000000000000000, -0.000000000000000000 ) ) ;
#690 = VERTEX_POINT ( 'NONE', #1434 ) ;
#691 = CARTESIAN_POINT ( 'NONE',  ( 19.00000000000000355, 3.570714214271429210, 5.000000000000000000 ) ) ;
#692 = DIRECTION ( 'NONE',  ( -0.000000000000000000, -1.000000000000000000, 0.000000000000000000 ) ) ;
#693 = ORIENTED_EDGE ( 'NONE', *, *, #779, .F. ) ;
#694 = EDGE_LOOP ( 'NONE', ( #1085, #475 ) ) ;
#695 = LINE ( 'NONE', #916, #1254 ) ;
#696 = DIRECTION ( 'NONE',  ( 0.000000000000000000, 0.000000000000000000, -1.000000000000000000 ) ) ;
#697 = AXIS2_PLACEMENT_3D ( 'NONE', #3558, #1550, #2734 ) ;
#698 = CARTESIAN_POINT ( 'NONE',  ( 10.40186028376816374, -17.83488356980717526, 8.002402255411745102 ) ) ;
#699 = VECTOR ( 'NONE', #1463, 1000.000000000000000 ) ;
#700 = ORIENTED_EDGE ( 'NONE', *, *, #3255, .F. ) ;
#701 = CARTESIAN_POINT ( 'NONE',  ( 9.000000000000001776, 4.999999999999998224, 26.35410196624967583 ) ) ;
#702 = EDGE_LOOP ( 'NONE', ( #3267, #222 ) ) ;
#703 = DIRECTION ( 'NONE',  ( 0.000000000000000000, -1.000000000000000000, 0.000000000000000000 ) ) ;
#704 = AXIS2_PLACEMENT_3D ( 'NONE', #1978, #3124, #785 ) ;
#705 = CARTESIAN_POINT ( 'NONE',  ( -4.854793772651841088, 14.99999999999999822, 38.07157287525380696 ) ) ;
#706 = ORIENTED_EDGE ( 'NONE', *, *, #401, .F. ) ;
#707 = CARTESIAN_POINT ( 'NONE',  ( -3.212965816357340021, 14.99999999999999822, 36.90000000000000568 ) ) ;
#708 = ORIENTED_EDGE ( 'NONE', *, *, #3240, .T. ) ;
#709 = DIRECTION ( 'NONE',  ( 1.000000000000000000, 0.000000000000000000, 0.000000000000000000 ) ) ;
#710 = LINE ( 'NONE', #2726, #1195 ) ;
#711 = ORIENTED_EDGE ( 'NONE', *, *, #674, .F. ) ;
#712 = FACE_OUTER_BOUND ( 'NONE', #3158, .T. ) ;
#713 = CIRCLE ( 'NONE', #3226, 5.000000000000000888 ) ;
#714 = DIRECTION ( 'NONE',  ( 0.000000000000000000, 0.000000000000000000, 1.000000000000000000 ) ) ;
#715 = DIRECTION ( 'NONE',  ( 1.000000000000000000, 0.000000000000000000, 0.000000000000000000 ) ) ;
#716 = ORIENTED_EDGE ( 'NONE', *, *, #3413, .F. ) ;
#717 = DIRECTION ( 'NONE',  ( -0.000000000000000000, -0.000000000000000000, -1.000000000000000000 ) ) ;
#718 = VECTOR ( 'NONE', #2250, 1000.000000000000000 ) ;
#719 = VERTEX_POINT ( 'NONE', #2899 ) ;
#720 = DIRECTION ( 'NONE',  ( 0.000000000000000000, 0.000000000000000000, 1.000000000000000000 ) ) ;
#721 = CARTESIAN_POINT ( 'NONE',  ( 8.000000000000000000, 4.999999999999998224, 26.35410196624967583 ) ) ;
#722 = ORIENTED_EDGE ( 'NONE', *, *, #835, .T. ) ;
#723 = AXIS2_PLACEMENT_3D ( 'NONE', #1419, #2325, #849 ) ;
#724 = AXIS2_PLACEMENT_3D ( 'NONE', #1626, #1020, #148 ) ;
#725 = CARTESIAN_POINT ( 'NONE',  ( 9.000000000000003553, 15.00000000000000178, 14.99999999999998046 ) ) ;
#726 = AXIS2_PLACEMENT_3D ( 'NONE', #2511, #182, #2527 ) ;
#727 = VERTEX_POINT ( 'NONE', #205 ) ;
#728 = CARTESIAN_POINT ( 'NONE',  ( -9.000000000000001776, -5.000000000000002665, 27.50000000000000000 ) ) ;
#729 = DIRECTION ( 'NONE',  ( -0.000000000000000000, -0.000000000000000000, -1.000000000000000000 ) ) ;
#730 = ORIENTED_EDGE ( 'NONE', *, *, #3733, .F. ) ;
#731 = EDGE_CURVE ( 'NONE', #2351, #88, #575, .T. ) ;
#732 = CARTESIAN_POINT ( 'NONE',  ( -9.000000000000001776, 4.999999999999998224, 23.00000000000000000 ) ) ;
#733 = CARTESIAN_POINT ( 'NONE',  ( 4.830815738717731733, -21.16842016947165561, 5.756666751181860775 ) ) ;
#734 = DIRECTION ( 'NONE',  ( 1.000000000000000000, 0.000000000000000000, 0.000000000000000000 ) ) ;
#735 = EDGE_CURVE ( 'NONE', #1222, #3337, #539, .T. ) ;
#736 = ORIENTED_EDGE ( 'NONE', *, *, #2214, .T. ) ;
#737 = CYLINDRICAL_SURFACE ( 'NONE', #759, 5.000000000000000888 ) ;
#738 = VECTOR ( 'NONE', #2548, 1000.000000000000000 ) ;
#739 = CARTESIAN_POINT ( 'NONE',  ( 0.000000000000000000, -5.000000000000000000, 0.000000000000000000 ) ) ;
#740 = EDGE_CURVE ( 'NONE', #1905, #2178, #1154, .T. ) ;
#741 = CIRCLE ( 'NONE', #435, 2.000000000000000000 ) ;
#742 = CARTESIAN_POINT ( 'NONE',  ( -7.714285714285711748, -10.00000000000000178, 18.68758318625040360 ) ) ;
#743 = EDGE_CURVE ( 'NONE', #2825, #1366, #958, .T. ) ;
#744 = EDGE_LOOP ( 'NONE', ( #2866, #2081 ) ) ;
#745 = CARTESIAN_POINT ( 'NONE',  ( 9.026238385161246214, 15.02623838516241861, 14.11952223733590017 ) ) ;
#746 = DIRECTION ( 'NONE',  ( -0.000000000000000000, 1.000000000000000000, 0.000000000000000000 ) ) ;
#747 = DIRECTION ( 'NONE',  ( -0.000000000000000000, 1.000000000000000000, -0.000000000000000000 ) ) ;
#748 =( BOUNDED_SURFACE ( )  B_SPLINE_SURFACE ( 3, 2, ( 
 ( #944, #383, #2422 ),
 ( #2093, #2115, #3585 ),
 ( #3564, #1517, #962 ),
 ( #2132, #2630, #1 ),
 ( #3531, #3245, #2405 ),
 ( #24, #1174, #2343 ),
 ( #3262, #43, #3511 ),
 ( #2058, #3223, #3280 ),
 ( #597, #614, #1767 ),
 ( #2936, #2990, #1802 ),
 ( #1788, #2955, #1500 ),
 ( #2670, #2974, #2688 ),
 ( #1554, #3352, #1300 ),
 ( #145, #745, #1605 ),
 ( #166, #2475, #2442 ),
 ( #1038, #725, #2208 ) ),
 .UNSPECIFIED., .F., .F., .T. ) 
 B_SPLINE_SURFACE_WITH_KNOTS ( ( 4, 2, 2, 2, 2, 2, 2, 4 ),
 ( 3, 3 ),
 ( 4.957160539096851615, 5.288666731117535491, 5.454419827127876985, 5.620172923138218479, 5.785926019148559973, 5.951679115158902356, 6.117432211169244738, 6.283185307179586232 ),
 ( 0.000000000000000000, 1.000000000000000000 ),
 .UNSPECIFIED. ) 
 GEOMETRIC_REPRESENTATION_ITEM ( )  RATIONAL_B_SPLINE_SURFACE ( (
 ( 1.000000000000000000, 0.9852090878692685294, 1.000000000000000000),
 ( 1.000000000000000000, 0.9721093696621880831, 1.000000000000000000),
 ( 1.000000000000000000, 0.9501449511028969841, 1.000000000000000000),
 ( 1.000000000000000000, 0.9091100869210115842, 1.000000000000000000),
 ( 1.000000000000000000, 0.8941048849217010375, 1.000000000000000000),
 ( 1.000000000000000000, 0.8627747139486334760, 1.000000000000000000),
 ( 1.000000000000000000, 0.8464507616430702042, 1.000000000000000000),
 ( 1.000000000000000000, 0.8141712004417237525, 1.000000000000000000),
 ( 1.000000000000000000, 0.7982203961955525173, 1.000000000000000000),
 ( 1.000000000000000000, 0.7686533622718484393, 1.000000000000000000),
 ( 1.000000000000000000, 0.7550487523662633427, 1.000000000000000000),
 ( 1.000000000000000000, 0.7321830027756442982, 1.000000000000000000),
 ( 1.000000000000000000, 0.7229400110775979771, 1.000000000000000000),
 ( 1.000000000000000000, 0.7103941441050795058, 1.000000000000000000),
 ( 1.000000000000000000, 0.7070885141522926798, 1.000000000000000000),
 ( 1.000000000000000000, 0.7071067811865476838, 1.000000000000000000) ) ) 
 REPRESENTATION_ITEM ( '' )  SURFACE ( )  );
#749 = CYLINDRICAL_SURFACE ( 'NONE', #3177, 5.000000000000000888 ) ;
#750 = LINE ( 'NONE', #2801, #1886 ) ;
#751 = VERTEX_POINT ( 'NONE', #3184 ) ;
#752 = CARTESIAN_POINT ( 'NONE',  ( 4.731536949448341467, -20.85196879462722563, 5.894877550608863537 ) ) ;
#753 = CARTESIAN_POINT ( 'NONE',  ( 9.000000000000007105, -13.00000000000230393, 14.44748649547808306 ) ) ;
#754 = ORIENTED_EDGE ( 'NONE', *, *, #1976, .F. ) ;
#755 = DIRECTION ( 'NONE',  ( 0.000000000000000000, 0.000000000000000000, 1.000000000000000000 ) ) ;
#756 = EDGE_CURVE ( 'NONE', #2053, #1866, #1074, .T. ) ;
#757 = CARTESIAN_POINT ( 'NONE',  ( 4.775665917732039745, -23.99718998048260588, 5.048095067041051820 ) ) ;
#758 = CARTESIAN_POINT ( 'NONE',  ( -15.15630846489066919, -21.15630846486793004, 5.680811983698227152 ) ) ;
#759 = AXIS2_PLACEMENT_3D ( 'NONE', #2766, #139, #506 ) ;
#760 = CARTESIAN_POINT ( 'NONE',  ( 4.349999999999999645, 12.99999999999999822, 35.00000000000000000 ) ) ;
#761 = EDGE_CURVE ( 'NONE', #1359, #2697, #557, .T. ) ;
#762 = ORIENTED_EDGE ( 'NONE', *, *, #902, .F. ) ;
#763 = VECTOR ( 'NONE', #1394, 1000.000000000000000 ) ;
#764 = VECTOR ( 'NONE', #2977, 1000.000000000000000 ) ;
#765 = DIRECTION ( 'NONE',  ( 0.000000000000000000, 1.000000000000000000, -0.000000000000000000 ) ) ;
#766 = DIRECTION ( 'NONE',  ( 1.000000000000000000, 0.000000000000000000, 0.000000000000000000 ) ) ;
#767 = DIRECTION ( 'NONE',  ( 1.000000000000000000, 0.000000000000000000, 0.000000000000000000 ) ) ;
#768 = FACE_OUTER_BOUND ( 'NONE', #3500, .T. ) ;
#769 = ORIENTED_EDGE ( 'NONE', *, *, #2124, .T. ) ;
#770 = DIRECTION ( 'NONE',  ( -0.000000000000000000, -0.000000000000000000, 1.000000000000000000 ) ) ;
#771 = CARTESIAN_POINT ( 'NONE',  ( 18.76161367867823770, 3.337048881635336084, 4.999999999999998224 ) ) ;
#772 = ORIENTED_EDGE ( 'NONE', *, *, #2671, .T. ) ;
#773 = CIRCLE ( 'NONE', #1881, 2.499999999999998668 ) ;
#774 = CARTESIAN_POINT ( 'NONE',  ( -4.349999999999999645, 12.99999999999999822, 35.00000000000000000 ) ) ;
#775 = CARTESIAN_POINT ( 'NONE',  ( 4.536900587040118005, -24.61297103061492209, 5.005429341385257302 ) ) ;
#776 = CARTESIAN_POINT ( 'NONE',  ( -13.57298793385719904, -20.47748994487944074, 6.012899610294199171 ) ) ;
#777 = CIRCLE ( 'NONE', #3043, 2.499999999999998668 ) ;
#778 = DIRECTION ( 'NONE',  ( -1.000000000000000000, 0.000000000000000000, 0.000000000000000000 ) ) ;
#779 = EDGE_CURVE ( 'NONE', #513, #2533, #1376, .T. ) ;
#780 = VERTEX_POINT ( 'NONE', #2284 ) ;
#781 = LINE ( 'NONE', #3140, #1906 ) ;
#782 = LINE ( 'NONE', #1094, #763 ) ;
#783 = EDGE_CURVE ( 'NONE', #2002, #1162, #782, .T. ) ;
#784 = DIRECTION ( 'NONE',  ( -0.000000000000000000, -0.000000000000000000, -1.000000000000000000 ) ) ;
#785 = DIRECTION ( 'NONE',  ( 1.000000000000000000, 0.000000000000000000, 0.000000000000000000 ) ) ;
#786 = ADVANCED_FACE ( 'NONE', ( #2608 ), #3773, .F. ) ;
#787 = ORIENTED_EDGE ( 'NONE', *, *, #1097, .F. ) ;
#788 = VECTOR ( 'NONE', #2973, 1000.000000000000000 ) ;
#789 = DIRECTION ( 'NONE',  ( -1.000000000000000000, 0.000000000000000000, 0.000000000000000000 ) ) ;
#790 = VERTEX_POINT ( 'NONE', #517 ) ;
#791 = CARTESIAN_POINT ( 'NONE',  ( -0.8831707489051150439, -17.57557402905971600, 8.300684997569527823 ) ) ;
#792 = ADVANCED_FACE ( 'NONE', ( #3160 ), #3395, .F. ) ;
#793 = CARTESIAN_POINT ( 'NONE',  ( 7.714285714285714413, 4.999999999999998224, 27.31241681374958574 ) ) ;
#794 = VERTEX_POINT ( 'NONE', #3428 ) ;
#795 = ADVANCED_FACE ( 'NONE', ( #1130 ), #2304, .T. ) ;
#796 = CARTESIAN_POINT ( 'NONE',  ( 8.000000000000000000, -10.00000000000000178, 29.92820323027549989 ) ) ;
#797 = DIRECTION ( 'NONE',  ( 0.000000000000000000, 0.000000000000000000, 1.000000000000000000 ) ) ;
#798 = CARTESIAN_POINT ( 'NONE',  ( -11.35428408264732347, -17.35428408264732880, 8.492290919118474335 ) ) ;
#799 = EDGE_CURVE ( 'NONE', #377, #1481, #1743, .T. ) ;
#800 = CARTESIAN_POINT ( 'NONE',  ( 6.015741454089334361, -5.000000000000000000, 38.40000000000000568 ) ) ;
#801 = VECTOR ( 'NONE', #2940, 1000.000000000000000 ) ;
#802 = ORIENTED_EDGE ( 'NONE', *, *, #974, .T. ) ;
#803 = ORIENTED_EDGE ( 'NONE', *, *, #683, .F. ) ;
#804 = CARTESIAN_POINT ( 'NONE',  ( 9.000000000000001776, -13.00000000000000178, 16.07179676972448590 ) ) ;
#805 = CIRCLE ( 'NONE', #2578, 27.49999999999999645 ) ;
#806 = FACE_OUTER_BOUND ( 'NONE', #1150, .T. ) ;
#807 = DIRECTION ( 'NONE',  ( -0.000000000000000000, -0.000000000000000000, -1.000000000000000000 ) ) ;
#808 =( BOUNDED_CURVE ( )  B_SPLINE_CURVE ( 3, ( #1602, #705, #400, #3098 ),
 .UNSPECIFIED., .F., .F. ) 
 B_SPLINE_CURVE_WITH_KNOTS ( ( 4, 4 ),
 ( 1.570796326794896780, 3.141592653589793116 ),
 .UNSPECIFIED. ) 
 CURVE ( )  GEOMETRIC_REPRESENTATION_ITEM ( )  RATIONAL_B_SPLINE_CURVE ( ( 1.000000000000000000, 0.8047378541243650485, 0.8047378541243650485, 1.000000000000000000 ) ) 
 REPRESENTATION_ITEM ( '' )  );
#809 = CARTESIAN_POINT ( 'NONE',  ( -7.999999999999998224, -5.000000000000002665, 26.35410196624968293 ) ) ;
#810 = DIRECTION ( 'NONE',  ( -0.000000000000000000, 1.000000000000000000, -0.000000000000000000 ) ) ;
#811 = CARTESIAN_POINT ( 'NONE',  ( 11.45643923738959735, 24.99999999999999645, 5.000000000000000000 ) ) ;
#812 = EDGE_LOOP ( 'NONE', ( #2702, #2100, #352, #2784 ) ) ;
#813 = DIRECTION ( 'NONE',  ( 0.000000000000000000, 0.000000000000000000, 1.000000000000000000 ) ) ;
#814 = DIRECTION ( 'NONE',  ( -0.000000000000000000, -1.000000000000000000, 0.000000000000000000 ) ) ;
#815 = CIRCLE ( 'NONE', #3015, 2.500000000000000000 ) ;
#816 = ORIENTED_EDGE ( 'NONE', *, *, #2265, .T. ) ;
#817 = CARTESIAN_POINT ( 'NONE',  ( -9.364643806583167418, 13.43757256789960230, 12.26775208315763699 ) ) ;
#818 = PRODUCT_RELATED_PRODUCT_CATEGORY ( 'part', '', ( #2380 ) ) ;
#819 = ADVANCED_FACE ( 'NONE', ( #806 ), #2037, .T. ) ;
#820 = CARTESIAN_POINT ( 'NONE',  ( 5.000000000000001776, -22.92983231397477439, 5.206559408235720277 ) ) ;
#821 = CARTESIAN_POINT ( 'NONE',  ( -7.000000000000000888, -15.00000000000000355, 15.00000000000000711 ) ) ;
#822 = DIRECTION ( 'NONE',  ( 1.000000000000000000, 0.000000000000000000, 0.000000000000000000 ) ) ;
#823 = DIRECTION ( 'NONE',  ( 0.000000000000000000, 1.000000000000000000, -0.000000000000000000 ) ) ;
#824 = EDGE_LOOP ( 'NONE', ( #1624, #1640 ) ) ;
#825 = ORIENTED_EDGE ( 'NONE', *, *, #1410, .F. ) ;
#826 = DIRECTION ( 'NONE',  ( 1.000000000000000000, 0.000000000000000000, -0.000000000000000000 ) ) ;
#827 = VECTOR ( 'NONE', #1965, 1000.000000000000000 ) ;
#828 = VECTOR ( 'NONE', #311, 1000.000000000000000 ) ;
#829 = CARTESIAN_POINT ( 'NONE',  ( 9.000000000000001776, -13.00000000000000178, 16.07179676972448590 ) ) ;
#830 = CARTESIAN_POINT ( 'NONE',  ( -9.000000000000001776, -10.00000000000000178, 23.00000000000000000 ) ) ;
#831 = CIRCLE ( 'NONE', #1746, 5.000000000000000888 ) ;
#832 = CARTESIAN_POINT ( 'NONE',  ( 18.20016128086269092, -20.64529430868170223, 5.000000000000000000 ) ) ;
#833 = DIRECTION ( 'NONE',  ( 0.7071067811865456854, 8.659560562354909439E-17, -0.7071067811865493491 ) ) ;
#834 = ORIENTED_EDGE ( 'NONE', *, *, #449, .T. ) ;
#835 = EDGE_CURVE ( 'NONE', #1753, #1847, #1454, .T. ) ;
#836 = CARTESIAN_POINT ( 'NONE',  ( 9.000000000000001776, 12.99999999999999645, 35.00000000000000000 ) ) ;
#837 = ORIENTED_EDGE ( 'NONE', *, *, #1030, .T. ) ;
#838 = ORIENTED_EDGE ( 'NONE', *, *, #2968, .F. ) ;
#839 = CARTESIAN_POINT ( 'NONE',  ( -2.999999999999988898, 22.50000000000000000, 0.000000000000000000 ) ) ;
#840 = DIRECTION ( 'NONE',  ( -0.000000000000000000, -1.000000000000000000, -0.000000000000000000 ) ) ;
#841 = CARTESIAN_POINT ( 'NONE',  ( -5.997674513682181185, 13.26179615944071166, 38.88710782257138021 ) ) ;
#842 = DIRECTION ( 'NONE',  ( -0.000000000000000000, -0.000000000000000000, -1.000000000000000000 ) ) ;
#843 = EDGE_LOOP ( 'NONE', ( #837, #1204, #684, #665 ) ) ;
#844 = FACE_OUTER_BOUND ( 'NONE', #3750, .T. ) ;
#845 = CARTESIAN_POINT ( 'NONE',  ( 9.000000000000001776, 13.00000000000000533, 10.25502132191920701 ) ) ;
#846 = DIRECTION ( 'NONE',  ( 1.000000000000000000, 0.000000000000000000, -0.000000000000000000 ) ) ;
#847 = CIRCLE ( 'NONE', #3105, 1.000000000000000888 ) ;
#848 = CIRCLE ( 'NONE', #2804, 1.000000000000000888 ) ;
#849 = DIRECTION ( 'NONE',  ( 0.000000000000000000, 0.000000000000000000, -1.000000000000000000 ) ) ;
#850 = DIRECTION ( 'NONE',  ( 0.000000000000000000, 1.000000000000000000, 0.000000000000000000 ) ) ;
#851 = ORIENTED_EDGE ( 'NONE', *, *, #1928, .T. ) ;
#852 = FILL_AREA_STYLE_COLOUR ( '', #3193 ) ;
#853 = CONICAL_SURFACE ( 'NONE', #3235, 2.500000000000000000, 0.7853981633974400633 ) ;
#854 = DIRECTION ( 'NONE',  ( -0.000000000000000000, -0.000000000000000000, -1.000000000000000000 ) ) ;
#855 = EDGE_CURVE ( 'NONE', #2555, #690, #2118, .T. ) ;
#856 = CIRCLE ( 'NONE', #3179, 1.000000000000000888 ) ;
#857 = ORIENTED_EDGE ( 'NONE', *, *, #1460, .T. ) ;
#858 = EDGE_CURVE ( 'NONE', #2875, #2923, #3278, .T. ) ;
#859 = ORIENTED_EDGE ( 'NONE', *, *, #3291, .F. ) ;
#860 = CARTESIAN_POINT ( 'NONE',  ( 8.000000000000000000, 9.999999999999998224, 26.35410196624967583 ) ) ;
#861 = AXIS2_PLACEMENT_3D ( 'NONE', #2791, #3383, #1618 ) ;
#862 = EDGE_CURVE ( 'NONE', #2417, #3232, #3568, .T. ) ;
#863 = CARTESIAN_POINT ( 'NONE',  ( 6.234221013331976202, 14.25634436758630486, 38.51692671166832582 ) ) ;
#864 = EDGE_CURVE ( 'NONE', #2116, #1211, #3007, .T. ) ;
#865 = FACE_OUTER_BOUND ( 'NONE', #179, .T. ) ;
#866 = CYLINDRICAL_SURFACE ( 'NONE', #1333, 27.49999999999999645 ) ;
#867 = EDGE_LOOP ( 'NONE', ( #2099, #548, #1793, #2723 ) ) ;
#868 = EDGE_CURVE ( 'NONE', #2643, #641, #2685, .T. ) ;
#869 = CARTESIAN_POINT ( 'NONE',  ( -5.000000000000000888, 22.50000000000000000, 5.317541634481457002 ) ) ;
#870 = DIRECTION ( 'NONE',  ( 0.000000000000000000, 0.000000000000000000, 1.000000000000000000 ) ) ;
#871 = CIRCLE ( 'NONE', #2401, 27.49999999999999645 ) ;
#872 = CARTESIAN_POINT ( 'NONE',  ( 8.000000000000000000, 4.999999999999998224, 29.92820323027549989 ) ) ;
#873 = CARTESIAN_POINT ( 'NONE',  ( -8.000000000000000000, 4.999999999999998224, 16.07179676972448945 ) ) ;
#874 = LINE ( 'NONE', #599, #970 ) ;
#875 = VERTEX_POINT ( 'NONE', #75 ) ;
#876 = LINE ( 'NONE', #1688, #1109 ) ;
#877 = CARTESIAN_POINT ( 'NONE',  ( -27.49999999999999645, 3.367778697655220913E-15, 0.4999999999999935052 ) ) ;
#878 = ORIENTED_EDGE ( 'NONE', *, *, #3168, .T. ) ;
#879 = VERTEX_POINT ( 'NONE', #2074 ) ;
#880 = CARTESIAN_POINT ( 'NONE',  ( -11.83488356980685552, 16.40186028376778182, 8.002402255412038201 ) ) ;
#881 = CIRCLE ( 'NONE', #1488, 1.000000000000000888 ) ;
#882 = CARTESIAN_POINT ( 'NONE',  ( 3.579914432576399630, 14.99999999999999822, 37.16184658613855163 ) ) ;
#883 = CARTESIAN_POINT ( 'NONE',  ( -6.081900115146635422, 14.35017787665821132, 38.43540704088123050 ) ) ;
#884 = CARTESIAN_POINT ( 'NONE',  ( -9.000000000000001776, -10.00000000000000178, 26.35410196624968293 ) ) ;
#885 = ORIENTED_EDGE ( 'NONE', *, *, #2181, .F. ) ;
#886 = CARTESIAN_POINT ( 'NONE',  ( 1.707583470776611767, 17.78911918260006431, 8.069039199809077800 ) ) ;
#887 = CARTESIAN_POINT ( 'NONE',  ( 19.00000000000000355, -15.00000000000000178, 15.00000000000000000 ) ) ;
#888 = LINE ( 'NONE', #596, #1099 ) ;
#889 = AXIS2_PLACEMENT_3D ( 'NONE', #350, #3031, #1885 ) ;
#890 = CARTESIAN_POINT ( 'NONE',  ( -6.999999999999999112, -15.00000000000000178, 35.00000000000000000 ) ) ;
#891 = CYLINDRICAL_SURFACE ( 'NONE', #2317, 2.500000000000000000 ) ;
#892 = VERTEX_POINT ( 'NONE', #612 ) ;
#893 = DIRECTION ( 'NONE',  ( 0.000000000000000000, 0.000000000000000000, 1.000000000000000000 ) ) ;
#894 = VERTEX_POINT ( 'NONE', #2089 ) ;
#895 = ORIENTED_EDGE ( 'NONE', *, *, #2047, .T. ) ;
#896 = CARTESIAN_POINT ( 'NONE',  ( -11.37927003856708907, 18.64939169880571157, 7.255644516288734636 ) ) ;
#897 = CARTESIAN_POINT ( 'NONE',  ( 4.624496818931772779, 14.74757277857275106, 37.90723795624113990 ) ) ;
#898 = CARTESIAN_POINT ( 'NONE',  ( -4.765860272655799257, 14.84343905566787924, 37.73108389166008436 ) ) ;
#899 = CARTESIAN_POINT ( 'NONE',  ( 5.000000000000000888, 22.50000000000000000, 5.317541634481455226 ) ) ;
#900 = EDGE_LOOP ( 'NONE', ( #1822, #314, #3070, #1679 ) ) ;
#901 = CARTESIAN_POINT ( 'NONE',  ( -17.76109258943956704, -1.628793480865266652, 5.076199355827657023 ) ) ;
#902 = EDGE_CURVE ( 'NONE', #3346, #751, #1745, .T. ) ;
#903 = CARTESIAN_POINT ( 'NONE',  ( -8.142857142857140573, -10.00000000000000178, 17.06154008833527769 ) ) ;
#904 = VECTOR ( 'NONE', #907, 1000.000000000000000 ) ;
#905 = CARTESIAN_POINT ( 'NONE',  ( -7.714285714285715301, 9.999999999999998224, 27.31241681374959285 ) ) ;
#906 = EDGE_CURVE ( 'NONE', #2461, #3225, #90, .T. ) ;
#907 = DIRECTION ( 'NONE',  ( -0.000000000000000000, -0.000000000000000000, -1.000000000000000000 ) ) ;
#908 = AXIS2_PLACEMENT_3D ( 'NONE', #443, #2842, #1080 ) ;
#909 = CARTESIAN_POINT ( 'NONE',  ( -16.11180313954047350, 22.28719204656790254, 5.373896115205284651 ) ) ;
#910 = ORIENTED_EDGE ( 'NONE', *, *, #1373, .T. ) ;
#911 = FACE_BOUND ( 'NONE', #2579, .T. ) ;
#912 = EDGE_CURVE ( 'NONE', #1905, #152, #253, .T. ) ;
#913 = DIRECTION ( 'NONE',  ( -0.000000000000000000, -0.000000000000000000, -1.000000000000000000 ) ) ;
#914 = ORIENTED_EDGE ( 'NONE', *, *, #396, .F. ) ;
#915 = ORIENTED_EDGE ( 'NONE', *, *, #2162, .F. ) ;
#916 = CARTESIAN_POINT ( 'NONE',  ( -8.000000000000000000, 4.999999999999998224, 27.35410196624968648 ) ) ;
#917 = ADVANCED_FACE ( 'NONE', ( #3581 ), #1787, .F. ) ;
#918 = CARTESIAN_POINT ( 'NONE',  ( 5.324540014738083471, 14.32165350365862011, 38.40677362108756654 ) ) ;
#919 = CARTESIAN_POINT ( 'NONE',  ( -5.772258869832755046, 14.21997957989607819, 37.87213826199226219 ) ) ;
#920 = DIRECTION ( 'NONE',  ( 1.000000000000000000, 0.000000000000000000, 0.000000000000000000 ) ) ;
#921 = AXIS2_PLACEMENT_3D ( 'NONE', #1332, #3725, #2827 ) ;
#922 = ORIENTED_EDGE ( 'NONE', *, *, #3462, .F. ) ;
#923 = CARTESIAN_POINT ( 'NONE',  ( 4.991107317922591768, 22.15707225608277753, 5.410993257461722550 ) ) ;
#924 = CARTESIAN_POINT ( 'NONE',  ( 17.63097770542249876, -1.148841695351452197, 5.094099740074694793 ) ) ;
#925 = LINE ( 'NONE', #613, #1641 ) ;
#926 = CARTESIAN_POINT ( 'NONE',  ( -27.49999999999999645, 3.367778697655220913E-15, 0.4999999999999935052 ) ) ;
#927 = VECTOR ( 'NONE', #2096, 1000.000000000000000 ) ;
#928 = VERTEX_POINT ( 'NONE', #1817 ) ;
#929 = LINE ( 'NONE', #637, #801 ) ;
#930 = CYLINDRICAL_SURFACE ( 'NONE', #1261, 1.000000000000000888 ) ;
#931 = ORIENTED_EDGE ( 'NONE', *, *, #3050, .F. ) ;
#932 = CONICAL_SURFACE ( 'NONE', #1239, 27.49999999999999645, 0.7853981633974482790 ) ;
#933 = EDGE_LOOP ( 'NONE', ( #3455, #3480, #617, #3302 ) ) ;
#934 = DIRECTION ( 'NONE',  ( -1.000000000000000000, 0.000000000000000000, 0.000000000000000000 ) ) ;
#935 = ADVANCED_FACE ( 'NONE', ( #3547 ), #960, .F. ) ;
#936 = CARTESIAN_POINT ( 'NONE',  ( 14.03835818850169836, -20.03835818850023642, 6.229599080681463619 ) ) ;
#937 =( BOUNDED_CURVE ( )  B_SPLINE_CURVE ( 3, ( #1510, #2453, #3002, #1582 ),
 .UNSPECIFIED., .F., .F. ) 
 B_SPLINE_CURVE_WITH_KNOTS ( ( 4, 4 ),
 ( 1.830929711312615726, 3.141592653589793116 ),
 .UNSPECIFIED. ) 
 CURVE ( )  GEOMETRIC_REPRESENTATION_ITEM ( )  RATIONAL_B_SPLINE_CURVE ( ( 1.000000000000000000, 0.8618973105533772605, 0.8618973105533772605, 1.000000000000000000 ) ) 
 REPRESENTATION_ITEM ( '' )  );
#938 = CARTESIAN_POINT ( 'NONE',  ( -8.000000000000000000, 9.999999999999998224, 26.35410196624968648 ) ) ;
#939 = EDGE_CURVE ( 'NONE', #1229, #1911, #2525, .T. ) ;
#940 = ORIENTED_EDGE ( 'NONE', *, *, #1083, .T. ) ;
#941 = CARTESIAN_POINT ( 'NONE',  ( -18.01623033271242491, 2.237037548912970575, 5.047682467787176996 ) ) ;
#942 = CARTESIAN_POINT ( 'NONE',  ( -7.714285714285711748, -10.00000000000000178, 27.31241681374959285 ) ) ;
#943 = DIRECTION ( 'NONE',  ( -0.000000000000000000, -0.000000000000000000, -1.000000000000000000 ) ) ;
#944 = CARTESIAN_POINT ( 'NONE',  ( 16.09198361150019352, 22.57665300958349519, 5.298072904621512258 ) ) ;
#945 = VERTEX_POINT ( 'NONE', #3794 ) ;
#946 = DIRECTION ( 'NONE',  ( 0.000000000000000000, 0.000000000000000000, 1.000000000000000000 ) ) ;
#947 = DIRECTION ( 'NONE',  ( 0.000000000000000000, 0.000000000000000000, -1.000000000000000000 ) ) ;
#948 = ORIENTED_EDGE ( 'NONE', *, *, #1083, .F. ) ;
#949 = ORIENTED_EDGE ( 'NONE', *, *, #3366, .T. ) ;
#950 = CYLINDRICAL_SURFACE ( 'NONE', #2859, 5.000000000000000888 ) ;
#951 = ADVANCED_FACE ( 'NONE', ( #2339 ), #2359, .F. ) ;
#952 = B_SPLINE_CURVE_WITH_KNOTS ( 'NONE', 3,
 ( #550, #1777, #2598, #1715 ),
 .UNSPECIFIED., .F., .F.,
 ( 4, 4 ),
 ( 3.469446951953614189E-18, 0.0007262632861158727429 ),
 .UNSPECIFIED. ) ;
#953 = LINE ( 'NONE', #2764, #1853 ) ;
#955 = VECTOR ( 'NONE', #1998, 1000.000000000000000 ) ;
#954 = DIRECTION ( 'NONE',  ( -0.000000000000000000, 1.000000000000000000, -0.000000000000000000 ) ) ;
#956 = VECTOR ( 'NONE', #729, 1000.000000000000000 ) ;
#957 = VERTEX_POINT ( 'NONE', #903 ) ;
#958 =( BOUNDED_CURVE ( )  B_SPLINE_CURVE ( 3, ( #247, #1152, #845, #1416 ),
 .UNSPECIFIED., .F., .F. ) 
 B_SPLINE_CURVE_WITH_KNOTS ( ( 4, 4 ),
 ( 4.965069235526768487, 6.283185307179586232 ),
 .UNSPECIFIED. ) 
 CURVE ( )  GEOMETRIC_REPRESENTATION_ITEM ( )  RATIONAL_B_SPLINE_CURVE ( ( 1.000000000000000000, 0.8603796100280632908, 0.8603796100280632908, 1.000000000000000000 ) ) 
 REPRESENTATION_ITEM ( '' )  );
#959 = CARTESIAN_POINT ( 'NONE',  ( -1.379355480509939946, 17.69104995969041738, 8.174680422880392427 ) ) ;
#960 = CYLINDRICAL_SURFACE ( 'NONE', #1597, 10.00000000000000178 ) ;
#961 = DIRECTION ( 'NONE',  ( 1.000000000000000000, 0.000000000000000000, 0.000000000000000000 ) ) ;
#962 = CARTESIAN_POINT ( 'NONE',  ( 14.47748994488050478, 19.57298793385420410, 6.012899610293509056 ) ) ;
#963 = ORIENTED_EDGE ( 'NONE', *, *, #1762, .T. ) ;
#964 = PLANE ( 'NONE',  #124 ) ;
#965 = EDGE_CURVE ( 'NONE', #1483, #2979, #741, .T. ) ;
#966 = CARTESIAN_POINT ( 'NONE',  ( 7.714285714285714413, -10.00000000000000178, 18.68758318625040005 ) ) ;
#967 = ORIENTED_EDGE ( 'NONE', *, *, #1837, .F. ) ;
#968 = ORIENTED_EDGE ( 'NONE', *, *, #454, .T. ) ;
#969 = ADVANCED_FACE ( 'NONE', ( #3562 ), #932, .T. ) ;
#970 = VECTOR ( 'NONE', #1686, 1000.000000000000000 ) ;
#971 = CARTESIAN_POINT ( 'NONE',  ( 13.08765565216614135, -17.90518678260056262, 6.916099211026471849 ) ) ;
#972 = VERTEX_POINT ( 'NONE', #2378 ) ;
#973 = DIRECTION ( 'NONE',  ( -1.000000000000000000, 0.000000000000000000, 0.000000000000000000 ) ) ;
#974 = EDGE_CURVE ( 'NONE', #2553, #727, #632, .T. ) ;
#975 = ORIENTED_EDGE ( 'NONE', *, *, #1821, .T. ) ;
#976 = VECTOR ( 'NONE', #2610, 1000.000000000000000 ) ;
#977 = DIRECTION ( 'NONE',  ( -0.000000000000000000, -1.000000000000000000, 0.000000000000000000 ) ) ;
#978 =( BOUNDED_CURVE ( )  B_SPLINE_CURVE ( 3, ( #3627, #118, #2746, #1003 ),
 .UNSPECIFIED., .F., .F. ) 
 B_SPLINE_CURVE_WITH_KNOTS ( ( 4, 4 ),
 ( 0.000000000000000000, 1.570796326794896780 ),
 .UNSPECIFIED. ) 
 CURVE ( )  GEOMETRIC_REPRESENTATION_ITEM ( )  RATIONAL_B_SPLINE_CURVE ( ( 1.000000000000000000, 0.8047378541243649375, 0.8047378541243649375, 1.000000000000000000 ) ) 
 REPRESENTATION_ITEM ( '' )  );
#979 = AXIS2_PLACEMENT_3D ( 'NONE', #193, #2198, #3684 ) ;
#980 = CARTESIAN_POINT ( 'NONE',  ( 9.000000000000001776, 9.999999999999998224, 29.92820323027549989 ) ) ;
#981 = DIRECTION ( 'NONE',  ( -0.000000000000000000, 1.000000000000000000, -0.000000000000000000 ) ) ;
#982 = EDGE_CURVE ( 'NONE', #879, #3037, #2276, .T. ) ;
#983 = EDGE_CURVE ( 'NONE', #3505, #1284, #2581, .T. ) ;
#984 = ORIENTED_EDGE ( 'NONE', *, *, #2869, .F. ) ;
#985 = DIRECTION ( 'NONE',  ( 0.000000000000000000, 0.000000000000000000, 1.000000000000000000 ) ) ;
#986 = CARTESIAN_POINT ( 'NONE',  ( 0.000000000000000000, 0.000000000000000000, 0.000000000000000000 ) ) ;
#987 = ORIENTED_EDGE ( 'NONE', *, *, #56, .F. ) ;
#988 = VERTEX_POINT ( 'NONE', #3617 ) ;
#989 = DIRECTION ( 'NONE',  ( -0.000000000000000000, -1.000000000000000000, 0.000000000000000000 ) ) ;
#990 = DIRECTION ( 'NONE',  ( 0.000000000000000000, 0.000000000000000000, 1.000000000000000000 ) ) ;
#991 = AXIS2_PLACEMENT_3D ( 'NONE', #1502, #2994, #3247 ) ;
#992 = FACE_OUTER_BOUND ( 'NONE', #812, .T. ) ;
#993 = ORIENTED_EDGE ( 'NONE', *, *, #2454, .F. ) ;
#994 = DIRECTION ( 'NONE',  ( 0.000000000000000000, 1.000000000000000000, 0.000000000000000000 ) ) ;
#995 = VERTEX_POINT ( 'NONE', #1899 ) ;
#996 = ORIENTED_EDGE ( 'NONE', *, *, #1696, .T. ) ;
#997 = VECTOR ( 'NONE', #2928, 1000.000000000000000 ) ;
#998 = DIRECTION ( 'NONE',  ( -0.000000000000000000, -0.000000000000000000, -1.000000000000000000 ) ) ;
#999 = ORIENTED_EDGE ( 'NONE', *, *, #2214, .F. ) ;
#1000 = CARTESIAN_POINT ( 'NONE',  ( -9.000000000000001776, 12.99999999999999645, 16.07179676972448945 ) ) ;
#1001 = DIRECTION ( 'NONE',  ( 0.000000000000000000, 0.000000000000000000, 1.000000000000000000 ) ) ;
#1002 = ORIENTED_EDGE ( 'NONE', *, *, #2949, .F. ) ;
#1003 = CARTESIAN_POINT ( 'NONE',  ( -1.946299149690674524, 14.99999999999999822, 35.00000000000000000 ) ) ;
#1004 = CARTESIAN_POINT ( 'NONE',  ( 9.000000000000001776, -5.000000000000002665, 27.49999999999999289 ) ) ;
#1005 = CARTESIAN_POINT ( 'NONE',  ( -0.7082572469657556491, -17.54730435074516492, 8.332307560814834702 ) ) ;
#1006 = AXIS2_PLACEMENT_3D ( 'NONE', #2699, #335, #934 ) ;
#1007 = DIRECTION ( 'NONE',  ( 0.000000000000000000, 0.000000000000000000, 1.000000000000000000 ) ) ;
#1008 = ORIENTED_EDGE ( 'NONE', *, *, #386, .F. ) ;
#1009 = DIRECTION ( 'NONE',  ( 0.000000000000000000, -0.000000000000000000, 1.000000000000000000 ) ) ;
#1010 = ORIENTED_EDGE ( 'NONE', *, *, #3122, .T. ) ;
#1011 = FACE_OUTER_BOUND ( 'NONE', #592, .T. ) ;
#1012 = CIRCLE ( 'NONE', #1135, 1.000000000000000888 ) ;
#1013 = DIRECTION ( 'NONE',  ( -0.000000000000000000, -0.000000000000000000, -1.000000000000000000 ) ) ;
#1014 = EDGE_LOOP ( 'NONE', ( #3265, #2514, #134, #648 ) ) ;
#1015 = EDGE_CURVE ( 'NONE', #3066, #3337, #127, .T. ) ;
#1016 = EDGE_CURVE ( 'NONE', #1994, #549, #3309, .T. ) ;
#1017 = DIRECTION ( 'NONE',  ( 0.000000000000000000, 0.000000000000000000, 1.000000000000000000 ) ) ;
#1018 = ORIENTED_EDGE ( 'NONE', *, *, #623, .T. ) ;
#1019 = EDGE_CURVE ( 'NONE', #2825, #1359, #2020, .T. ) ;
#1020 = DIRECTION ( 'NONE',  ( 0.000000000000000000, 0.000000000000000000, 1.000000000000000000 ) ) ;
#1021 = EDGE_CURVE ( 'NONE', #2310, #2455, #436, .T. ) ;
#1022 = FACE_OUTER_BOUND ( 'NONE', #1750, .T. ) ;
#1023 = DIRECTION ( 'NONE',  ( 0.000000000000000000, 0.000000000000000000, 1.000000000000000000 ) ) ;
#1024 = AXIS2_PLACEMENT_3D ( 'NONE', #1490, #1408, #241 ) ;
#1025 = CARTESIAN_POINT ( 'NONE',  ( -1.390821696035814403, -17.68487156248070491, 8.180866188316393561 ) ) ;
#1026 = EDGE_CURVE ( 'NONE', #1952, #1828, #160, .T. ) ;
#1027 = CARTESIAN_POINT ( 'NONE',  ( 7.273861294715694648, -15.22821774559630548, 12.80511065755522715 ) ) ;
#1028 = ORIENTED_EDGE ( 'NONE', *, *, #1696, .F. ) ;
#1029 = DIRECTION ( 'NONE',  ( -0.000000000000000000, 1.000000000000000000, -0.000000000000000000 ) ) ;
#1030 = EDGE_CURVE ( 'NONE', #635, #1772, #808, .T. ) ;
#1031 = ORIENTED_EDGE ( 'NONE', *, *, #3181, .F. ) ;
#1032 = DIRECTION ( 'NONE',  ( 1.000000000000000000, 0.000000000000000000, 0.000000000000000000 ) ) ;
#1033 = CARTESIAN_POINT ( 'NONE',  ( -9.000000000000001776, 9.999999999999998224, 16.99999999999999645 ) ) ;
#1034 = VECTOR ( 'NONE', #2336, 1000.000000000000000 ) ;
#1035 = ORIENTED_EDGE ( 'NONE', *, *, #2101, .F. ) ;
#1036 = VECTOR ( 'NONE', #3188, 1000.000000000000000 ) ;
#1037 = CIRCLE ( 'NONE', #1586, 2.000000000000000000 ) ;
#1038 = CARTESIAN_POINT ( 'NONE',  ( 7.000000000000004441, 15.00000000000000355, 14.99999999999997335 ) ) ;
#1039 = VECTOR ( 'NONE', #2542, 1000.000000000000000 ) ;
#1040 = ORIENTED_EDGE ( 'NONE', *, *, #2047, .F. ) ;
#1041 = CARTESIAN_POINT ( 'NONE',  ( 6.015741454089334361, -5.000000000000000000, 38.90000000000000568 ) ) ;
#1042 = CARTESIAN_POINT ( 'NONE',  ( -2.500000000000000000, 22.50000000000000000, 5.000000000000000000 ) ) ;
#1043 = EDGE_LOOP ( 'NONE', ( #1392, #2757, #584 ) ) ;
#1044 = CARTESIAN_POINT ( 'NONE',  ( 22.50000000000000000, 0.000000000000000000, 4.500000000000001776 ) ) ;
#1045 = EDGE_CURVE ( 'NONE', #1121, #2821, #186, .T. ) ;
#1046 = ORIENTED_EDGE ( 'NONE', *, *, #3077, .F. ) ;
#1047 = CARTESIAN_POINT ( 'NONE',  ( 9.000000000000001776, 4.999999999999998224, 22.99999999999999289 ) ) ;
#1048 = CARTESIAN_POINT ( 'NONE',  ( 9.000000000000005329, -13.00000000000000355, 14.99999999999997335 ) ) ;
#1049 = ORIENTED_EDGE ( 'NONE', *, *, #2606, .F. ) ;
#1050 = CARTESIAN_POINT ( 'NONE',  ( 8.000000000000000000, 9.999999999999998224, 29.92820323027549989 ) ) ;
#1051 = EDGE_CURVE ( 'NONE', #3653, #655, #621, .T. ) ;
#1052 = VECTOR ( 'NONE', #1532, 1000.000000000000000 ) ;
#1053 = DIRECTION ( 'NONE',  ( -0.000000000000000000, 1.000000000000000000, -0.000000000000000000 ) ) ;
#1054 = CYLINDRICAL_SURFACE ( 'NONE', #3336, 4.500000000000000888 ) ;
#1055 = EDGE_CURVE ( 'NONE', #2914, #113, #1282, .T. ) ;
#1056 = CARTESIAN_POINT ( 'NONE',  ( 1.946299149690674524, 14.99999999999999822, 35.00000000000000000 ) ) ;
#1057 = ORIENTED_EDGE ( 'NONE', *, *, #2490, .F. ) ;
#1058 = DIRECTION ( 'NONE',  ( 0.000000000000000000, 0.000000000000000000, 1.000000000000000000 ) ) ;
#1059 = DIRECTION ( 'NONE',  ( 0.000000000000000000, 0.000000000000000000, -1.000000000000000000 ) ) ;
#1060 = DIRECTION ( 'NONE',  ( -0.000000000000000000, -1.000000000000000000, 0.000000000000000000 ) ) ;
#1061 = DIRECTION ( 'NONE',  ( -0.000000000000000000, -0.000000000000000000, -1.000000000000000000 ) ) ;
#1062 = ORIENTED_EDGE ( 'NONE', *, *, #3593, .T. ) ;
#1063 = DIRECTION ( 'NONE',  ( 0.000000000000000000, 0.000000000000000000, -1.000000000000000000 ) ) ;
#1064 = CARTESIAN_POINT ( 'NONE',  ( 0.000000000000000000, 0.000000000000000000, 5.000000000000000000 ) ) ;
#1065 = EDGE_LOOP ( 'NONE', ( #1827, #851, #2975, #1401, #1648, #1274, #2200, #730, #3700, #658 ) ) ;
#1066 = ADVANCED_FACE ( 'NONE', ( #1569 ), #3041, .F. ) ;
#1067 = DIRECTION ( 'NONE',  ( 1.000000000000000000, 0.000000000000000000, -0.000000000000000000 ) ) ;
#1068 = AXIS2_PLACEMENT_3D ( 'NONE', #292, #1424, #3761 ) ;
#1069 = PLANE ( 'NONE',  #921 ) ;
#1070 = CARTESIAN_POINT ( 'NONE',  ( -9.950379550967944908, -17.45864962580694879, 8.409605308717049255 ) ) ;
#1071 = CARTESIAN_POINT ( 'NONE',  ( 15.91348658720779419, 22.42790548933977846, 5.336443210275444216 ) ) ;
#1072 = ORIENTED_EDGE ( 'NONE', *, *, #756, .T. ) ;
#1073 = DIRECTION ( 'NONE',  ( -0.000000000000000000, 1.000000000000000000, -0.000000000000000000 ) ) ;
#1074 = LINE ( 'NONE', #2264, #588 ) ;
#1075 = ADVANCED_FACE ( 'NONE', ( #2718 ), #3317, .F. ) ;
#1076 = DIRECTION ( 'NONE',  ( 0.000000000000000000, 0.000000000000000000, 1.000000000000000000 ) ) ;
#1077 = EDGE_CURVE ( 'NONE', #3634, #446, #3137, .T. ) ;
#1078 = CARTESIAN_POINT ( 'NONE',  ( -14.49506144092044480, -23.38545211662431100, 5.121743162095309998 ) ) ;
#1079 = ORIENTED_EDGE ( 'NONE', *, *, #568, .T. ) ;
#1080 = DIRECTION ( 'NONE',  ( 1.000000000000000000, 0.000000000000000000, 0.000000000000000000 ) ) ;
#1081 = ORIENTED_EDGE ( 'NONE', *, *, #1264, .T. ) ;
#1082 = CARTESIAN_POINT ( 'NONE',  ( 8.142857142857142350, -10.00000000000000178, 17.06154008833527058 ) ) ;
#1083 = EDGE_CURVE ( 'NONE', #3741, #2800, #1623, .T. ) ;
#1084 = CARTESIAN_POINT ( 'NONE',  ( 9.661727888732295710, -15.66172788873359067, 11.32259612066799903 ) ) ;
#1085 = ORIENTED_EDGE ( 'NONE', *, *, #3061, .T. ) ;
#1086 = CIRCLE ( 'NONE', #1214, 1.000000000000000888 ) ;
#1087 = DIRECTION ( 'NONE',  ( 0.000000000000000000, 0.000000000000000000, -1.000000000000000000 ) ) ;
#1088 = FACE_OUTER_BOUND ( 'NONE', #2410, .T. ) ;
#1089 = AXIS2_PLACEMENT_3D ( 'NONE', #191, #3701, #1323 ) ;
#1090 = CARTESIAN_POINT ( 'NONE',  ( 8.000000000000000000, -5.000000000000002665, 26.35410196624967583 ) ) ;
#1091 = EDGE_CURVE ( 'NONE', #3444, #1292, #815, .T. ) ;
#1092 = ORIENTED_EDGE ( 'NONE', *, *, #912, .T. ) ;
#1093 = CARTESIAN_POINT ( 'NONE',  ( 0.000000000000000000, 22.50000000000000000, 5.000000000000000000 ) ) ;
#1094 = CARTESIAN_POINT ( 'NONE',  ( -9.000000000000001776, -5.000000000000002665, 16.99999999999999645 ) ) ;
#1095 = DIRECTION ( 'NONE',  ( 1.000000000000000000, 6.672013369141566696E-17, -0.000000000000000000 ) ) ;
#1096 = CARTESIAN_POINT ( 'NONE',  ( 15.91348658720776577, -22.42790548933980688, 5.336443210275437998 ) ) ;
#1097 = EDGE_CURVE ( 'NONE', #29, #2803, #1662, .T. ) ;
#1098 = ORIENTED_EDGE ( 'NONE', *, *, #3099, .T. ) ;
#1099 = VECTOR ( 'NONE', #1766, 1000.000000000000000 ) ;
#1100 = DIRECTION ( 'NONE',  ( -0.000000000000000000, 1.000000000000000000, -0.000000000000000000 ) ) ;
#1101 = ORIENTED_EDGE ( 'NONE', *, *, #1606, .T. ) ;
#1102 = CARTESIAN_POINT ( 'NONE',  ( 8.137012021940488893, -15.94751001828368508, 10.71541218037326182 ) ) ;
#1103 = ORIENTED_EDGE ( 'NONE', *, *, #340, .T. ) ;
#1104 = CARTESIAN_POINT ( 'NONE',  ( -10.36496054117040622, 16.36496054117041155, 9.874492663237569801 ) ) ;
#1105 = DIRECTION ( 'NONE',  ( 0.000000000000000000, 0.000000000000000000, -1.000000000000000000 ) ) ;
#1106 = CARTESIAN_POINT ( 'NONE',  ( -9.230603172938325329, -15.23060317293832711, 12.75312179007123525 ) ) ;
#1107 = CARTESIAN_POINT ( 'NONE',  ( -9.000000000000001776, 9.999999999999998224, 26.35410196624968648 ) ) ;
#1108 = CARTESIAN_POINT ( 'NONE',  ( 8.000000000000000000, 9.999999999999998224, 19.64589803375030996 ) ) ;
#1109 = VECTOR ( 'NONE', #2003, 1000.000000000000000 ) ;
#1110 = ORIENTED_EDGE ( 'NONE', *, *, #1476, .T. ) ;
#1111 = ORIENTED_EDGE ( 'NONE', *, *, #1189, .T. ) ;
#1112 = FACE_OUTER_BOUND ( 'NONE', #1843, .T. ) ;
#1113 =( GEOMETRIC_REPRESENTATION_CONTEXT ( 3 ) GLOBAL_UNCERTAINTY_ASSIGNED_CONTEXT ( ( #2313 ) ) GLOBAL_UNIT_ASSIGNED_CONTEXT ( ( #2472, #2737, #1334 ) ) REPRESENTATION_CONTEXT ( 'NONE', 'WORKASPACE' ) );
#1114 = CARTESIAN_POINT ( 'NONE',  ( 8.000000000000000000, 9.999999999999998224, 26.35410196624967583 ) ) ;
#1115 = CYLINDRICAL_SURFACE ( 'NONE', #361, 1.000000000000000888 ) ;
#1116 = CARTESIAN_POINT ( 'NONE',  ( -2.999999999999988898, -22.50000000000000000, 5.000000000000000000 ) ) ;
#1117 = LINE ( 'NONE', #2287, #1456 ) ;
#1118 = ORIENTED_EDGE ( 'NONE', *, *, #2719, .F. ) ;
#1119 = DIRECTION ( 'NONE',  ( -0.000000000000000000, 1.000000000000000000, -0.000000000000000000 ) ) ;
#1120 = DIRECTION ( 'NONE',  ( 0.000000000000000000, 0.000000000000000000, -1.000000000000000000 ) ) ;
#1121 = VERTEX_POINT ( 'NONE', #2739 ) ;
#1122 = CARTESIAN_POINT ( 'NONE',  ( -15.50438510506679357, 20.80526212606962844, 5.565903942082982780 ) ) ;
#1123 = CARTESIAN_POINT ( 'NONE',  ( 7.000000000000000888, 12.99999999999999822, 35.00000000000000000 ) ) ;
#1124 = CARTESIAN_POINT ( 'NONE',  ( -9.134219493091544351, -16.77851624424263477, 9.280518160965110397 ) ) ;
#1125 = CARTESIAN_POINT ( 'NONE',  ( -6.267369902672448312, 13.64443132265182612, 38.06020440717406927 ) ) ;
#1126 = CARTESIAN_POINT ( 'NONE',  ( 11.45643923738959735, 24.99999999999999645, 5.000000000000000000 ) ) ;
#1127 = VERTEX_POINT ( 'NONE', #1979 ) ;
#1128 = PLANE ( 'NONE',  #187 ) ;
#1129 = CIRCLE ( 'NONE', #1615, 5.000000000000000888 ) ;
#1130 = FACE_OUTER_BOUND ( 'NONE', #2540, .T. ) ;
#1131 = EDGE_CURVE ( 'NONE', #1337, #2455, #1974, .T. ) ;
#1132 = ADVANCED_FACE ( 'NONE', ( #3524 ), #1736, .F. ) ;
#1133 = CARTESIAN_POINT ( 'NONE',  ( 9.000000000000001776, 9.999999999999998224, 26.35410196624967583 ) ) ;
#1134 = AXIS2_PLACEMENT_3D ( 'NONE', #3121, #283, #3734 ) ;
#1135 = AXIS2_PLACEMENT_3D ( 'NONE', #3716, #1378, #1627 ) ;
#1136 = LINE ( 'NONE', #541, #3663 ) ;
#1137 = DIRECTION ( 'NONE',  ( 0.000000000000000000, -0.000000000000000000, 1.000000000000000000 ) ) ;
#1138 = EDGE_CURVE ( 'NONE', #2189, #676, #504, .T. ) ;
#1139 = VERTEX_POINT ( 'NONE', #260 ) ;
#1140 = EDGE_CURVE ( 'NONE', #2673, #1935, #1166, .T. ) ;
#1141 = CARTESIAN_POINT ( 'NONE',  ( -9.000000000000001776, 9.999999999999998224, 23.00000000000000000 ) ) ;
#1142 = ORIENTED_EDGE ( 'NONE', *, *, #3694, .F. ) ;
#1143 = EDGE_LOOP ( 'NONE', ( #2876, #769, #3533, #3612 ) ) ;
#1144 = CARTESIAN_POINT ( 'NONE',  ( -16.57665300958348809, 22.09198361150018641, 5.298072904621514034 ) ) ;
#1145 = ADVANCED_FACE ( 'NONE', ( #2009 ), #290, .T. ) ;
#1146 = CYLINDRICAL_SURFACE ( 'NONE', #3625, 1.000000000000000888 ) ;
#1147 = ADVANCED_FACE ( 'NONE', ( #3768 ), #1146, .T. ) ;
#1148 = CARTESIAN_POINT ( 'NONE',  ( -7.714285714285711748, -5.000000000000002665, 27.31241681374959285 ) ) ;
#1149 = CARTESIAN_POINT ( 'NONE',  ( -2.999999999999988898, -22.50000000000000000, 0.000000000000000000 ) ) ;
#1150 = EDGE_LOOP ( 'NONE', ( #2752, #3519, #3589, #2311 ) ) ;
#1151 = DIRECTION ( 'NONE',  ( -0.000000000000000000, -0.000000000000000000, -1.000000000000000000 ) ) ;
#1152 = CARTESIAN_POINT ( 'NONE',  ( 11.90569415042095081, 16.48683298050514168, 6.503786304001657470 ) ) ;
#1153 = CARTESIAN_POINT ( 'NONE',  ( 0.000000000000000000, 0.000000000000000000, 5.000000000000000000 ) ) ;
#1154 = CIRCLE ( 'NONE', #1931, 1.000000000000000888 ) ;
#1155 = VECTOR ( 'NONE', #3325, 1000.000000000000000 ) ;
#1156 = LINE ( 'NONE', #2573, #1036 ) ;
#1157 = CARTESIAN_POINT ( 'NONE',  ( -4.330127018922195425, 24.99999999999999645, 5.000000000000000000 ) ) ;
#1158 = ORIENTED_EDGE ( 'NONE', *, *, #1725, .F. ) ;
#1159 = DIRECTION ( 'NONE',  ( 0.000000000000000000, 0.000000000000000000, 1.000000000000000000 ) ) ;
#1160 = DIRECTION ( 'NONE',  ( -0.000000000000000000, -1.000000000000000000, -0.000000000000000000 ) ) ;
#1161 = VECTOR ( 'NONE', #382, 1000.000000000000000 ) ;
#1162 = VERTEX_POINT ( 'NONE', #3021 ) ;
#1163 = EDGE_CURVE ( 'NONE', #1828, #1162, #881, .T. ) ;
#1164 = ORIENTED_EDGE ( 'NONE', *, *, #226, .T. ) ;
#1165 = CARTESIAN_POINT ( 'NONE',  ( -10.40186028376778005, 17.83488356980667788, 8.002402255412201626 ) ) ;
#1166 = LINE ( 'NONE', #1489, #997 ) ;
#1167 = CARTESIAN_POINT ( 'NONE',  ( -24.99999999999999645, 0.000000000000000000, 0.5000000000000134337 ) ) ;
#1168 = LINE ( 'NONE', #2641, #1034 ) ;
#1169 = VERTEX_POINT ( 'NONE', #3630 ) ;
#1170 = DIRECTION ( 'NONE',  ( -0.5547001962252291474, 0.000000000000000000, 0.8320502943378436100 ) ) ;
#1171 = CARTESIAN_POINT ( 'NONE',  ( -6.999999999999998224, -15.00000000000000000, 10.28619728516617293 ) ) ;
#1172 = CONICAL_SURFACE ( 'NONE', #3316, 2.999999999999988898, 0.7853981633974427279 ) ;
#1173 = FACE_BOUND ( 'NONE', #3597, .T. ) ;
#1174 = CARTESIAN_POINT ( 'NONE',  ( 11.35428408264638556, 17.35428408264856515, 8.492290919120049963 ) ) ;
#1175 = DIRECTION ( 'NONE',  ( -0.000000000000000000, -0.000000000000000000, -1.000000000000000000 ) ) ;
#1176 = ORIENTED_EDGE ( 'NONE', *, *, #799, .T. ) ;
#1177 = CARTESIAN_POINT ( 'NONE',  ( -8.142857142857142350, 4.999999999999998224, 28.93845991166472231 ) ) ;
#1178 = CARTESIAN_POINT ( 'NONE',  ( 17.49999999999999645, 0.000000000000000000, 5.113140033357406189 ) ) ;
#1179 = VERTEX_POINT ( 'NONE', #1564 ) ;
#1180 = ORIENTED_EDGE ( 'NONE', *, *, #902, .T. ) ;
#1181 = CARTESIAN_POINT ( 'NONE',  ( -9.661727888732276170, 15.66172788873358179, 11.32259612066971677 ) ) ;
#1182 = VECTOR ( 'NONE', #2206, 1000.000000000000000 ) ;
#1183 = EDGE_CURVE ( 'NONE', #3075, #957, #1355, .T. ) ;
#1184 = CARTESIAN_POINT ( 'NONE',  ( 6.267369902672448312, 13.64443132265182612, 38.06020440717406927 ) ) ;
#1185 = CARTESIAN_POINT ( 'NONE',  ( -5.608100710896605889, 14.57729185117064041, 38.18183729494519696 ) ) ;
#1186 = VECTOR ( 'NONE', #2565, 1000.000000000000000 ) ;
#1187 = FACE_OUTER_BOUND ( 'NONE', #3394, .T. ) ;
#1188 = EDGE_LOOP ( 'NONE', ( #700, #1880, #2768, #2776 ) ) ;
#1189 = EDGE_CURVE ( 'NONE', #258, #3741, #1840, .T. ) ;
#1190 = CARTESIAN_POINT ( 'NONE',  ( -19.00000000000000000, -3.570714214271425213, 5.000000000000000000 ) ) ;
#1191 = CARTESIAN_POINT ( 'NONE',  ( 18.17636187410632687, -2.532946408285703388, 5.032235754792533378 ) ) ;
#1192 = EDGE_CURVE ( 'NONE', #585, #498, #953, .T. ) ;
#1193 = AXIS2_PLACEMENT_3D ( 'NONE', #567, #3460, #586 ) ;
#1194 = CYLINDRICAL_SURFACE ( 'NONE', #2569, 1.000000000000000888 ) ;
#1195 = VECTOR ( 'NONE', #66, 1000.000000000000000 ) ;
#1196 = DIRECTION ( 'NONE',  ( 1.000000000000000000, 0.000000000000000000, 0.000000000000000000 ) ) ;
#1197 = ADVANCED_FACE ( 'NONE', ( #355 ), #2296, .F. ) ;
#1198 = CARTESIAN_POINT ( 'NONE',  ( -15.91348658720776577, 22.42790548933980688, 5.336443210275435334 ) ) ;
#1199 = ORIENTED_EDGE ( 'NONE', *, *, #3364, .F. ) ;
#1200 = DIRECTION ( 'NONE',  ( 0.000000000000000000, -1.000000000000000000, 0.000000000000000000 ) ) ;
#1201 = VECTOR ( 'NONE', #2480, 1000.000000000000000 ) ;
#1202 = DIRECTION ( 'NONE',  ( 0.000000000000000000, 0.000000000000000000, 1.000000000000000000 ) ) ;
#1203 = VERTEX_POINT ( 'NONE', #137 ) ;
#1204 = ORIENTED_EDGE ( 'NONE', *, *, #1654, .F. ) ;
#1205 = CARTESIAN_POINT ( 'NONE',  ( 24.99999999999999645, 3.061616997868381662E-16, 4.500000000000001776 ) ) ;
#1206 = ADVANCED_FACE ( 'NONE', ( #2125, #376 ), #2749, .T. ) ;
#1207 = CARTESIAN_POINT ( 'NONE',  ( 4.935402398350091424, 14.59933367980203300, 38.12909344494416075 ) ) ;
#1208 =( BOUNDED_SURFACE ( )  B_SPLINE_SURFACE ( 3, 2, ( 
 ( #1309, #662, #3611 ),
 ( #1277, #1258, #1832 ),
 ( #2432, #936, #3289 ),
 ( #971, #1890, #429 ),
 ( #680, #2414, #1850 ),
 ( #2451, #2163, #698 ),
 ( #2104, #1872, #3271 ),
 ( #3036, #1650, #1670 ),
 ( #487, #3649, #234 ),
 ( #1963, #1084, #1102 ),
 ( #2824, #3073, #2254 ),
 ( #2538, #1632, #2506 ),
 ( #2559, #2846, #1027 ),
 ( #3669, #3379, #2219 ),
 ( #753, #3109, #3418 ),
 ( #1048, #3704, #1925 ) ),
 .UNSPECIFIED., .F., .F., .T. ) 
 B_SPLINE_SURFACE_WITH_KNOTS ( ( 4, 2, 2, 2, 2, 2, 2, 4 ),
 ( 3, 3 ),
 ( 4.957160539096851615, 5.288666731117535491, 5.454419827127876985, 5.620172923138218479, 5.785926019148559973, 5.951679115158902356, 6.117432211169244738, 6.283185307179586232 ),
 ( 0.000000000000000000, 1.000000000000000000 ),
 .UNSPECIFIED. ) 
 GEOMETRIC_REPRESENTATION_ITEM ( )  RATIONAL_B_SPLINE_SURFACE ( (
 ( 1.000000000000000000, 0.9852090878692685294, 1.000000000000000000),
 ( 1.000000000000000000, 0.9721093696621875280, 1.000000000000000000),
 ( 1.000000000000000000, 0.9501449511028969841, 1.000000000000000000),
 ( 1.000000000000000000, 0.9091100869210115842, 1.000000000000000000),
 ( 1.000000000000000000, 0.8941048849216552963, 1.000000000000000000),
 ( 1.000000000000000000, 0.8627747139486792172, 1.000000000000000000),
 ( 1.000000000000000000, 0.8464507616430269055, 1.000000000000000000),
 ( 1.000000000000000000, 0.8141712004417670512, 1.000000000000000000),
 ( 1.000000000000000000, 0.7982203961955117721, 1.000000000000000000),
 ( 1.000000000000000000, 0.7686533622718891845, 1.000000000000000000),
 ( 1.000000000000000000, 0.7550487523662633427, 1.000000000000000000),
 ( 1.000000000000000000, 0.7321830027756442982, 1.000000000000000000),
 ( 1.000000000000000000, 0.7229400110775979771, 1.000000000000000000),
 ( 1.000000000000000000, 0.7103941441050795058, 1.000000000000000000),
 ( 1.000000000000000000, 0.7070885141522926798, 1.000000000000000000),
 ( 1.000000000000000000, 0.7071067811865476838, 1.000000000000000000) ) ) 
 REPRESENTATION_ITEM ( '' )  SURFACE ( )  );
#1209 = CARTESIAN_POINT ( 'NONE',  ( -5.645303076121033214, 14.00230135218230743, 38.63566319545433458 ) ) ;
#1210 = DIRECTION ( 'NONE',  ( 1.000000000000000000, 0.000000000000000000, 0.000000000000000000 ) ) ;
#1211 = VERTEX_POINT ( 'NONE', #2700 ) ;
#1212 = CARTESIAN_POINT ( 'NONE',  ( -17.66326788017711991, 1.310186061207575525, 5.089524889582483169 ) ) ;
#1213 = DIRECTION ( 'NONE',  ( 0.000000000000000000, 1.000000000000000000, -0.000000000000000000 ) ) ;
#1214 = AXIS2_PLACEMENT_3D ( 'NONE', #3619, #3044, #2756 ) ;
#1215 = CARTESIAN_POINT ( 'NONE',  ( 20.00000000000000000, 0.000000000000000000, 4.500000000000001776 ) ) ;
#1216 = DIRECTION ( 'NONE',  ( -0.7071067811865474617, 8.659560562354932858E-17, 0.7071067811865474617 ) ) ;
#1217 = ORIENTED_EDGE ( 'NONE', *, *, #623, .F. ) ;
#1218 = DIRECTION ( 'NONE',  ( -0.000000000000000000, -0.000000000000000000, -1.000000000000000000 ) ) ;
#1219 = EDGE_CURVE ( 'NONE', #3169, #2406, #3390, .T. ) ;
#1220 = CARTESIAN_POINT ( 'NONE',  ( -8.142857142857140573, -5.000000000000002665, 17.06154008833527769 ) ) ;
#1221 = ORIENTED_EDGE ( 'NONE', *, *, #2609, .T. ) ;
#1222 = VERTEX_POINT ( 'NONE', #3345 ) ;
#1223 = CARTESIAN_POINT ( 'NONE',  ( -27.49999999999999645, 0.000000000000000000, 5.000000000000000000 ) ) ;
#1224 = CIRCLE ( 'NONE', #723, 0.5000000000000004441 ) ;
#1225 = CIRCLE ( 'NONE', #3665, 2.999999999999988898 ) ;
#1226 = CARTESIAN_POINT ( 'NONE',  ( 6.411017925845063914, 13.26179615944073653, 38.11476859215323998 ) ) ;
#1227 = PLANE ( 'NONE',  #697 ) ;
#1228 = AXIS2_PLACEMENT_3D ( 'NONE', #2504, #770, #485 ) ;
#1229 = VERTEX_POINT ( 'NONE', #102 ) ;
#1230 = CARTESIAN_POINT ( 'NONE',  ( 5.000000000000000888, 22.50000000000000000, 5.317541634481455226 ) ) ;
#1231 = CARTESIAN_POINT ( 'NONE',  ( 7.000000000000000888, 12.99999999999999822, 35.00000000000000000 ) ) ;
#1232 = DIRECTION ( 'NONE',  ( -1.734723475976805517E-15, 0.000000000000000000, -1.000000000000000000 ) ) ;
#1233 = FACE_OUTER_BOUND ( 'NONE', #2469, .T. ) ;
#1234 = AXIS2_PLACEMENT_3D ( 'NONE', #2025, #813, #3457 ) ;
#1235 = EDGE_LOOP ( 'NONE', ( #2807, #1776, #2193, #3445 ) ) ;
#1236 = DIRECTION ( 'NONE',  ( 0.000000000000000000, 0.000000000000000000, 1.000000000000000000 ) ) ;
#1237 = DIRECTION ( 'NONE',  ( 0.7071067811865416886, 0.000000000000000000, 0.7071067811865533459 ) ) ;
#1238 = ORIENTED_EDGE ( 'NONE', *, *, #2606, .T. ) ;
#1239 = AXIS2_PLACEMENT_3D ( 'NONE', #2666, #2110, #1513 ) ;
#1240 = ORIENTED_EDGE ( 'NONE', *, *, #1423, .F. ) ;
#1241 = DIRECTION ( 'NONE',  ( -0.000000000000000000, -1.000000000000000000, -0.000000000000000000 ) ) ;
#1242 = CARTESIAN_POINT ( 'NONE',  ( -14.49506144092043414, 23.38545211662433232, 5.121743162095311774 ) ) ;
#1243 = LINE ( 'NONE', #3313, #3451 ) ;
#1244 = ORIENTED_EDGE ( 'NONE', *, *, #2268, .F. ) ;
#1245 = CARTESIAN_POINT ( 'NONE',  ( -0.7032149156281825020, 17.54656944625420678, 8.333129985766190018 ) ) ;
#1246 = DIRECTION ( 'NONE',  ( 0.000000000000000000, -1.000000000000000000, 0.000000000000000000 ) ) ;
#1247 = ADVANCED_FACE ( 'NONE', ( #992 ), #1208, .T. ) ;
#1248 = CARTESIAN_POINT ( 'NONE',  ( -22.50000000000000000, 0.000000000000000000, 5.000000000000000000 ) ) ;
#1249 = DIRECTION ( 'NONE',  ( 1.000000000000000000, 0.000000000000000000, 0.000000000000000000 ) ) ;
#1250 = ORIENTED_EDGE ( 'NONE', *, *, #218, .F. ) ;
#1251 = CARTESIAN_POINT ( 'NONE',  ( 16.30728374304883133, 22.14453719271337562, 5.367300758062479638 ) ) ;
#1252 = DIRECTION ( 'NONE',  ( 0.000000000000000000, 1.000000000000000000, 0.000000000000000000 ) ) ;
#1253 = ORIENTED_EDGE ( 'NONE', *, *, #2968, .T. ) ;
#1254 = VECTOR ( 'NONE', #2980, 1000.000000000000000 ) ;
#1255 = ORIENTED_EDGE ( 'NONE', *, *, #2671, .F. ) ;
#1256 = EDGE_CURVE ( 'NONE', #2800, #565, #1674, .T. ) ;
#1257 = FACE_OUTER_BOUND ( 'NONE', #2815, .T. ) ;
#1258 = CARTESIAN_POINT ( 'NONE',  ( 15.15630846487998618, -21.15630846487998085, 5.680811983696403722 ) ) ;
#1259 = ORIENTED_EDGE ( 'NONE', *, *, #3181, .T. ) ;
#1260 = CARTESIAN_POINT ( 'NONE',  ( -9.000000000000001776, -5.000000000000002665, 23.00000000000000000 ) ) ;
#1261 = AXIS2_PLACEMENT_3D ( 'NONE', #2098, #3266, #638 ) ;
#1262 = EDGE_CURVE ( 'NONE', #1921, #972, #212, .T. ) ;
#1263 = ORIENTED_EDGE ( 'NONE', *, *, #2719, .T. ) ;
#1264 = EDGE_CURVE ( 'NONE', #1807, #879, #445, .T. ) ;
#1265 = DIRECTION ( 'NONE',  ( 1.000000000000000000, 0.000000000000000000, 0.000000000000000000 ) ) ;
#1266 = CYLINDRICAL_SURFACE ( 'NONE', #3606, 2.499999999999998668 ) ;
#1267 = AXIS2_PLACEMENT_3D ( 'NONE', #3573, #1241, #33 ) ;
#1268 = CARTESIAN_POINT ( 'NONE',  ( 7.714285714285714413, -10.00000000000000178, 27.31241681374958574 ) ) ;
#1269 = ORIENTED_EDGE ( 'NONE', *, *, #2333, .T. ) ;
#1270 = DIRECTION ( 'NONE',  ( 0.000000000000000000, 1.000000000000000000, 0.000000000000000000 ) ) ;
#1271 = CARTESIAN_POINT ( 'NONE',  ( 9.000000000000001776, 12.99999999999999645, 35.00000000000000000 ) ) ;
#1272 = ORIENTED_EDGE ( 'NONE', *, *, #3456, .F. ) ;
#1273 = AXIS2_PLACEMENT_3D ( 'NONE', #1595, #2215, #1629 ) ;
#1274 = ORIENTED_EDGE ( 'NONE', *, *, #1533, .F. ) ;
#1275 = CARTESIAN_POINT ( 'NONE',  ( 27.49999999999999645, 3.367778697655220913E-15, 5.000000000000000000 ) ) ;
#1276 = CARTESIAN_POINT ( 'NONE',  ( 0.000000000000000000, -25.00000000000000000, 5.000000000000000000 ) ) ;
#1277 = CARTESIAN_POINT ( 'NONE',  ( 15.50438510505773948, -20.80526212607988157, 5.565903942085244083 ) ) ;
#1278 = ORIENTED_EDGE ( 'NONE', *, *, #21, .F. ) ;
#1279 = LINE ( 'NONE', #1348, #1988 ) ;
#1280 = ORIENTED_EDGE ( 'NONE', *, *, #3735, .F. ) ;
#1281 = AXIS2_PLACEMENT_3D ( 'NONE', #3221, #2686, #2404 ) ;
#1282 = LINE ( 'NONE', #1033, #1182 ) ;
#1283 = CARTESIAN_POINT ( 'NONE',  ( -9.000000000000000000, -13.00000000000000178, 35.00000000000000000 ) ) ;
#1284 = VERTEX_POINT ( 'NONE', #793 ) ;
#1285 = LINE ( 'NONE', #728, #2921 ) ;
#1286 = CARTESIAN_POINT ( 'NONE',  ( -24.99999999999999645, 0.000000000000000000, 5.000000000000000000 ) ) ;
#1287 = VERTEX_POINT ( 'NONE', #178 ) ;
#1288 = CIRCLE ( 'NONE', #3429, 4.500000000000000888 ) ;
#1289 = DIRECTION ( 'NONE',  ( 1.000000000000000000, 0.000000000000000000, 0.000000000000000000 ) ) ;
#1290 = CARTESIAN_POINT ( 'NONE',  ( 1.703615253835440102, -17.78778319293045485, 8.070462738430638439 ) ) ;
#1291 = DIRECTION ( 'NONE',  ( 0.000000000000000000, 0.000000000000000000, 1.000000000000000000 ) ) ;
#1292 = VERTEX_POINT ( 'NONE', #1383 ) ;
#1293 = CARTESIAN_POINT ( 'NONE',  ( -9.000000000000000000, -5.000000000000002665, 16.07179676972448945 ) ) ;
#1294 = ADVANCED_FACE ( 'NONE', ( #3130 ), #1614, .T. ) ;
#1295 = ORIENTED_EDGE ( 'NONE', *, *, #3633, .F. ) ;
#1296 = CARTESIAN_POINT ( 'NONE',  ( 5.285899411324312958, 12.99999999999999822, 40.00940039245045909 ) ) ;
#1297 = DIRECTION ( 'NONE',  ( 0.000000000000000000, -1.000000000000000000, 0.000000000000000000 ) ) ;
#1298 = EDGE_CURVE ( 'NONE', #1203, #1287, #2273, .T. ) ;
#1299 = ORIENTED_EDGE ( 'NONE', *, *, #731, .T. ) ;
#1300 = CARTESIAN_POINT ( 'NONE',  ( 9.228217745596307253, 13.27386129471569198, 12.80511065755522715 ) ) ;
#1301 = EDGE_CURVE ( 'NONE', #3444, #53, #1984, .T. ) ;
#1302 = VERTEX_POINT ( 'NONE', #3361 ) ;
#1303 = DIRECTION ( 'NONE',  ( -0.000000000000000000, 1.000000000000000000, -0.000000000000000000 ) ) ;
#1304 = CARTESIAN_POINT ( 'NONE',  ( -5.000000000000000888, 22.50000000000000000, 5.317541634481457002 ) ) ;
#1305 = EDGE_LOOP ( 'NONE', ( #2221, #1685, #1835, #3538 ) ) ;
#1306 = CYLINDRICAL_SURFACE ( 'NONE', #3295, 1.000000000000000888 ) ;
#1307 = CARTESIAN_POINT ( 'NONE',  ( 5.000000000000000888, -22.50000000000000000, 5.317541634481457002 ) ) ;
#1308 = AXIS2_PLACEMENT_3D ( 'NONE', #3132, #3347, #197 ) ;
#1309 = CARTESIAN_POINT ( 'NONE',  ( 16.57665300958349874, -22.09198361150019352, 5.298072904621512258 ) ) ;
#1310 = CIRCLE ( 'NONE', #2175, 2.499999999999998668 ) ;
#1311 = ORIENTED_EDGE ( 'NONE', *, *, #1810, .T. ) ;
#1312 = DIRECTION ( 'NONE',  ( 0.000000000000000000, -1.000000000000000000, 0.000000000000000000 ) ) ;
#1313 = ORIENTED_EDGE ( 'NONE', *, *, #855, .F. ) ;
#1314 = CARTESIAN_POINT ( 'NONE',  ( 19.00000000000000355, 19.88089535207103964, 5.000000000000000000 ) ) ;
#1315 = ORIENTED_EDGE ( 'NONE', *, *, #3381, .F. ) ;
#1316 = ADVANCED_FACE ( 'NONE', ( #3685 ), #1910, .F. ) ;
#1317 = CARTESIAN_POINT ( 'NONE',  ( -22.50000000000000000, 0.000000000000000000, 0.5000000000000134337 ) ) ;
#1318 = EDGE_LOOP ( 'NONE', ( #2951, #3110, #1943, #762 ) ) ;
#1319 = DIRECTION ( 'NONE',  ( 0.000000000000000000, 0.000000000000000000, -1.000000000000000000 ) ) ;
#1320 = EDGE_CURVE ( 'NONE', #2697, #2417, #1524, .T. ) ;
#1321 = LINE ( 'NONE', #2780, #1374 ) ;
#1322 = ORIENTED_EDGE ( 'NONE', *, *, #1354, .T. ) ;
#1323 = DIRECTION ( 'NONE',  ( 0.000000000000000000, 0.000000000000000000, -1.000000000000000000 ) ) ;
#1324 = AXIS2_PLACEMENT_3D ( 'NONE', #3287, #989, #1508 ) ;
#1325 = EDGE_LOOP ( 'NONE', ( #2367, #3032, #351, #1492 ) ) ;
#1326 = EDGE_CURVE ( 'NONE', #1921, #2833, #1310, .T. ) ;
#1327 = CARTESIAN_POINT ( 'NONE',  ( 2.303820354825970362, -18.05031417484121192, 7.807196314145528504 ) ) ;
#1328 = CARTESIAN_POINT ( 'NONE',  ( 17.49999999999999289, 0.3342091798628497035, 5.113140033357403524 ) ) ;
#1329 = EDGE_LOOP ( 'NONE', ( #467, #1031, #2337, #3045 ) ) ;
#1330 = DIRECTION ( 'NONE',  ( -0.000000000000000000, 1.000000000000000000, -0.000000000000000000 ) ) ;
#1331 = CIRCLE ( 'NONE', #3479, 1.000000000000000888 ) ;
#1332 = CARTESIAN_POINT ( 'NONE',  ( 9.000000000000001776, -5.000000000000002665, 22.99999999999999289 ) ) ;
#1333 = AXIS2_PLACEMENT_3D ( 'NONE', #1969, #2852, #219 ) ;
#1334 =( NAMED_UNIT ( * ) SI_UNIT ( $, .STERADIAN. ) SOLID_ANGLE_UNIT ( ) );
#1335 = CARTESIAN_POINT ( 'NONE',  ( -11.37927003856708907, -18.64939169880553393, 7.255644516288896284 ) ) ;
#1336 = CARTESIAN_POINT ( 'NONE',  ( 0.000000000000000000, 22.50000000000000000, 5.000000000000000000 ) ) ;
#1337 = VERTEX_POINT ( 'NONE', #877 ) ;
#1338 = VECTOR ( 'NONE', #1644, 1000.000000000000000 ) ;
#1339 = VECTOR ( 'NONE', #1675, 1000.000000000000000 ) ;
#1340 = DIRECTION ( 'NONE',  ( -0.000000000000000000, -1.000000000000000000, 0.000000000000000000 ) ) ;
#1341 = LINE ( 'NONE', #2817, #3092 ) ;
#1342 = EDGE_LOOP ( 'NONE', ( #2282, #2861, #1549 ) ) ;
#1343 = CARTESIAN_POINT ( 'NONE',  ( 11.45643923738959025, -25.00000000000000000, 5.000000000000000000 ) ) ;
#1344 = VERTEX_POINT ( 'NONE', #603 ) ;
#1345 = CARTESIAN_POINT ( 'NONE',  ( -0.3591363391157344487, -17.50982529244177144, 8.374437551856896533 ) ) ;
#1346 = DIRECTION ( 'NONE',  ( -0.7071067811865416886, 8.659560562354861368E-17, 0.7071067811865533459 ) ) ;
#1347 = VERTEX_POINT ( 'NONE', #3780 ) ;
#1348 = CARTESIAN_POINT ( 'NONE',  ( -9.000000000000000000, -15.00000000000000178, 15.00000000000000000 ) ) ;
#1349 = VECTOR ( 'NONE', #672, 1000.000000000000000 ) ;
#1350 = CARTESIAN_POINT ( 'NONE',  ( 7.714285714285714413, 4.999999999999998224, 18.68758318625040005 ) ) ;
#1351 = CARTESIAN_POINT ( 'NONE',  ( -7.055073636702904771, -15.04589469725290662, 13.89498630104439414 ) ) ;
#1352 = LINE ( 'NONE', #1390, #1358 ) ;
#1353 = ORIENTED_EDGE ( 'NONE', *, *, #3381, .T. ) ;
#1354 = EDGE_CURVE ( 'NONE', #1481, #3075, #3696, .T. ) ;
#1355 = CIRCLE ( 'NONE', #3508, 6.000000000000001776 ) ;
#1356 = CARTESIAN_POINT ( 'NONE',  ( -8.000000000000000000, 4.999999999999998224, 19.64589803375031352 ) ) ;
#1357 = LINE ( 'NONE', #441, #1438 ) ;
#1358 = VECTOR ( 'NONE', #1371, 1000.000000000000000 ) ;
#1359 = VERTEX_POINT ( 'NONE', #2080 ) ;
#1360 = ADVANCED_FACE ( 'NONE', ( #619 ), #1444, .F. ) ;
#1361 = DIRECTION ( 'NONE',  ( 0.000000000000000000, 0.000000000000000000, 1.000000000000000000 ) ) ;
#1362 = ORIENTED_EDGE ( 'NONE', *, *, #1704, .T. ) ;
#1363 = DIRECTION ( 'NONE',  ( 0.000000000000000000, -1.000000000000000000, 0.000000000000000000 ) ) ;
#1364 = CARTESIAN_POINT ( 'NONE',  ( -20.00000000000000000, 3.061616997868381662E-16, 5.000000000000000000 ) ) ;
#1365 = EDGE_CURVE ( 'NONE', #2697, #2961, #1129, .T. ) ;
#1366 = VERTEX_POINT ( 'NONE', #2941 ) ;
#1367 = CARTESIAN_POINT ( 'NONE',  ( 9.000000000000001776, 9.999999999999998224, 27.49999999999999289 ) ) ;
#1368 = AXIS2_PLACEMENT_3D ( 'NONE', #1141, #330, #3167 ) ;
#1369 = CARTESIAN_POINT ( 'NONE',  ( 0.000000000000000000, -22.50000000000000000, 43.00000000000000000 ) ) ;
#1370 = DIRECTION ( 'NONE',  ( -1.000000000000000000, 0.000000000000000000, 0.000000000000000000 ) ) ;
#1371 = DIRECTION ( 'NONE',  ( 0.000000000000000000, 1.000000000000000000, -0.000000000000000000 ) ) ;
#1372 = VERTEX_POINT ( 'NONE', #28 ) ;
#1373 = EDGE_CURVE ( 'NONE', #1229, #1511, #2960, .T. ) ;
#1374 = VECTOR ( 'NONE', #1958, 1000.000000000000000 ) ;
#1375 = CARTESIAN_POINT ( 'NONE',  ( -3.982492120789409729, 19.46045907986539092, 6.668829254519264005 ) ) ;
#1376 = LINE ( 'NONE', #3713, #276 ) ;
#1377 = CARTESIAN_POINT ( 'NONE',  ( -9.000000000000001776, -10.00000000000000178, 23.00000000000000000 ) ) ;
#1378 = DIRECTION ( 'NONE',  ( 0.000000000000000000, 1.000000000000000000, 0.000000000000000000 ) ) ;
#1379 = ORIENTED_EDGE ( 'NONE', *, *, #783, .T. ) ;
#1380 = CARTESIAN_POINT ( 'NONE',  ( -20.00000000000000000, 0.000000000000000000, 4.500000000000001776 ) ) ;
#1381 = ORIENTED_EDGE ( 'NONE', *, *, #3133, .T. ) ;
#1382 = FACE_OUTER_BOUND ( 'NONE', #3195, .T. ) ;
#1383 = CARTESIAN_POINT ( 'NONE',  ( 2.500000000000000000, -22.50000000000000000, 4.500000000000003553 ) ) ;
#1384 = ORIENTED_EDGE ( 'NONE', *, *, #2289, .T. ) ;
#1385 = AXIS2_PLACEMENT_3D ( 'NONE', #3727, #2172, #458 ) ;
#1386 = CARTESIAN_POINT ( 'NONE',  ( -9.000000000000001776, 4.999999999999998224, 26.35410196624968648 ) ) ;
#1387 = CARTESIAN_POINT ( 'NONE',  ( 4.704505452501973828, -24.20755437989015846, 5.029379958480276969 ) ) ;
#1388 = CARTESIAN_POINT ( 'NONE',  ( -7.273861294716280845, -15.22821774559641916, 12.80511065755455569 ) ) ;
#1389 = AXIS2_PLACEMENT_3D ( 'NONE', #2820, #2197, #1907 ) ;
#1390 = CARTESIAN_POINT ( 'NONE',  ( 9.000000000000001776, -13.00000000000000178, 19.64589803375030996 ) ) ;
#1391 = ORIENTED_EDGE ( 'NONE', *, *, #3512, .T. ) ;
#1392 = ORIENTED_EDGE ( 'NONE', *, *, #628, .T. ) ;
#1393 = CARTESIAN_POINT ( 'NONE',  ( 8.000000000000000000, -10.00000000000000178, 26.35410196624967583 ) ) ;
#1394 = DIRECTION ( 'NONE',  ( 0.000000000000000000, 0.000000000000000000, 1.000000000000000000 ) ) ;
#1395 = VECTOR ( 'NONE', #560, 1000.000000000000000 ) ;
#1396 = FACE_OUTER_BOUND ( 'NONE', #439, .T. ) ;
#1397 = CARTESIAN_POINT ( 'NONE',  ( 9.000000000000001776, -5.000000000000002665, 16.99999999999999645 ) ) ;
#1398 = CARTESIAN_POINT ( 'NONE',  ( 8.000000000000000000, -10.00000000000000178, 27.35410196624967583 ) ) ;
#1399 = AXIS2_PLACEMENT_3D ( 'NONE', #2479, #3660, #424 ) ;
#1400 = CARTESIAN_POINT ( 'NONE',  ( 22.50000000000000000, 0.000000000000000000, 5.000000000000000000 ) ) ;
#1401 = ORIENTED_EDGE ( 'NONE', *, *, #1871, .T. ) ;
#1402 = CARTESIAN_POINT ( 'NONE',  ( 27.00000000000000355, 0.000000000000000000, 0.000000000000000000 ) ) ;
#1403 = CARTESIAN_POINT ( 'NONE',  ( 7.000000000000000888, 14.99999999999999822, 35.00000000000000000 ) ) ;
#1404 = ORIENTED_EDGE ( 'NONE', *, *, #1077, .T. ) ;
#1405 = CARTESIAN_POINT ( 'NONE',  ( -9.045894697252904848, 13.05507363670290566, 13.89498630104439414 ) ) ;
#1406 = LINE ( 'NONE', #3091, #1642 ) ;
#1407 = CARTESIAN_POINT ( 'NONE',  ( 10.44723455956522784, 17.87269546630435357, 6.548877818991361011 ) ) ;
#1408 = DIRECTION ( 'NONE',  ( 0.000000000000000000, 0.000000000000000000, 1.000000000000000000 ) ) ;
#1409 = DIRECTION ( 'NONE',  ( 0.000000000000000000, 0.000000000000000000, -1.000000000000000000 ) ) ;
#1410 = EDGE_CURVE ( 'NONE', #2078, #372, #393, .T. ) ;
#1411 =( GEOMETRIC_REPRESENTATION_CONTEXT ( 3 ) GLOBAL_UNCERTAINTY_ASSIGNED_CONTEXT ( ( #316 ) ) GLOBAL_UNIT_ASSIGNED_CONTEXT ( ( #3166, #3516, #3191 ) ) REPRESENTATION_CONTEXT ( 'NONE', 'WORKASPACE' ) );
#1412 = ORIENTED_EDGE ( 'NONE', *, *, #1496, .F. ) ;
#1413 = CARTESIAN_POINT ( 'NONE',  ( -6.999999999999999112, -13.00000000000000178, 35.00000000000000000 ) ) ;
#1414 = AXIS2_PLACEMENT_3D ( 'NONE', #2147, #126, #1032 ) ;
#1415 = EDGE_CURVE ( 'NONE', #426, #2993, #2114, .T. ) ;
#1416 = CARTESIAN_POINT ( 'NONE',  ( 9.000000000000001776, 12.99999999999999645, 15.00000000000000000 ) ) ;
#1417 = CARTESIAN_POINT ( 'NONE',  ( -7.714285714285715301, 4.999999999999998224, 27.31241681374959285 ) ) ;
#1418 = EDGE_CURVE ( 'NONE', #2374, #2978, #3521, .T. ) ;
#1419 = CARTESIAN_POINT ( 'NONE',  ( 6.015741454089334361, -5.000000000000000000, 38.40000000000000568 ) ) ;
#1420 = CARTESIAN_POINT ( 'NONE',  ( 11.45643923738959025, -25.00000000000000000, 5.000000000000000000 ) ) ;
#1421 = ORIENTED_EDGE ( 'NONE', *, *, #1923, .T. ) ;
#1422 = FACE_OUTER_BOUND ( 'NONE', #1734, .T. ) ;
#1423 = EDGE_CURVE ( 'NONE', #2488, #1169, #3743, .T. ) ;
#1424 = DIRECTION ( 'NONE',  ( -0.000000000000000000, 1.000000000000000000, -0.000000000000000000 ) ) ;
#1425 = ORIENTED_EDGE ( 'NONE', *, *, #3398, .T. ) ;
#1426 = ORIENTED_EDGE ( 'NONE', *, *, #864, .T. ) ;
#1427 = CARTESIAN_POINT ( 'NONE',  ( 5.000000000000000888, 22.50000000000000000, 5.317541634481455226 ) ) ;
#1428 = CARTESIAN_POINT ( 'NONE',  ( 5.608100710896605889, 14.57729185117064041, 38.18183729494519696 ) ) ;
#1429 = PLANE ( 'NONE',  #1514 ) ;
#1430 = DIRECTION ( 'NONE',  ( -0.000000000000000000, 1.000000000000000000, 0.000000000000000000 ) ) ;
#1431 = ORIENTED_EDGE ( 'NONE', *, *, #2145, .F. ) ;
#1432 = CARTESIAN_POINT ( 'NONE',  ( -9.000000000000001776, -13.00000000000000533, 10.25502132191920879 ) ) ;
#1433 = AXIS2_PLACEMENT_3D ( 'NONE', #1600, #1912, #2541 ) ;
#1434 = CARTESIAN_POINT ( 'NONE',  ( 7.714285714285714413, -10.00000000000000178, 18.68758318625040005 ) ) ;
#1435 = CARTESIAN_POINT ( 'NONE',  ( 7.000000000000000888, -15.00000000000000178, 15.00000000000000000 ) ) ;
#1436 = EDGE_CURVE ( 'NONE', #1302, #377, #2843, .T. ) ;
#1437 = AXIS2_PLACEMENT_3D ( 'NONE', #1973, #3409, #1661 ) ;
#1438 = VECTOR ( 'NONE', #3699, 1000.000000000000000 ) ;
#1439 = DIRECTION ( 'NONE',  ( 0.000000000000000000, 0.000000000000000000, 1.000000000000000000 ) ) ;
#1440 = CARTESIAN_POINT ( 'NONE',  ( -4.717575149534730450, 24.21447646828953637, 5.021639474188519081 ) ) ;
#1441 = ORIENTED_EDGE ( 'NONE', *, *, #1976, .T. ) ;
#1442 = ADVANCED_FACE ( 'NONE', ( #3192 ), #2052, .F. ) ;
#1443 = CARTESIAN_POINT ( 'NONE',  ( 7.000000000000000888, 14.99999999999999822, 35.00000000000000000 ) ) ;
#1444 = CYLINDRICAL_SURFACE ( 'NONE', #2478, 2.500000000000000000 ) ;
#1445 = ORIENTED_EDGE ( 'NONE', *, *, #2494, .F. ) ;
#1446 = ORIENTED_EDGE ( 'NONE', *, *, #1864, .F. ) ;
#1447 = CARTESIAN_POINT ( 'NONE',  ( -12.16392888917242843, 18.16392888917172499, 7.653187850993429464 ) ) ;
#1448 = CARTESIAN_POINT ( 'NONE',  ( 3.212965816357340021, 14.99999999999999822, 36.90000000000000568 ) ) ;
#1449 = AXIS2_PLACEMENT_3D ( 'NONE', #278, #1303, #1076 ) ;
#1450 = CARTESIAN_POINT ( 'NONE',  ( 6.431766601258254390, 12.99999999999999822, 38.12264990188738523 ) ) ;
#1451 = DIRECTION ( 'NONE',  ( -1.000000000000000000, 0.000000000000000000, 0.000000000000000000 ) ) ;
#1452 = ORIENTED_EDGE ( 'NONE', *, *, #2829, .F. ) ;
#1453 = CARTESIAN_POINT ( 'NONE',  ( -6.015741454089333473, 12.99999999999999822, 38.40000000000000568 ) ) ;
#1454 = LINE ( 'NONE', #829, #955 ) ;
#1455 = FACE_OUTER_BOUND ( 'NONE', #3341, .T. ) ;
#1456 = VECTOR ( 'NONE', #3757, 1000.000000000000000 ) ;
#1457 = CARTESIAN_POINT ( 'NONE',  ( 7.714285714285714413, 4.999999999999998224, 18.68758318625040005 ) ) ;
#1458 = EDGE_CURVE ( 'NONE', #3139, #3157, #40, .T. ) ;
#1459 = ORIENTED_EDGE ( 'NONE', *, *, #3288, .T. ) ;
#1460 = EDGE_CURVE ( 'NONE', #2417, #2961, #583, .T. ) ;
#1461 = DIRECTION ( 'NONE',  ( -0.000000000000000000, -1.000000000000000000, -0.000000000000000000 ) ) ;
#1462 = B_SPLINE_CURVE_WITH_KNOTS ( 'NONE', 3,
 ( #1126, #3691, #3118, #2300, #2012, #1071 ),
 .UNSPECIFIED., .F., .F.,
 ( 4, 2, 4 ),
 ( 0.000000000000000000, 0.002578363314005254273, 0.005156726628010508545 ),
 .UNSPECIFIED. ) ;
#1463 = DIRECTION ( 'NONE',  ( 0.000000000000000000, 0.000000000000000000, 1.000000000000000000 ) ) ;
#1464 = AXIS2_PLACEMENT_3D ( 'NONE', #3261, #633, #2669 ) ;
#1465 = EDGE_LOOP ( 'NONE', ( #3144, #2136, #949, #48 ) ) ;
#1466 = ORIENTED_EDGE ( 'NONE', *, *, #1603, .T. ) ;
#1467 = CARTESIAN_POINT ( 'NONE',  ( -8.769550420194383022, 16.47462535016234497, 9.744217019979396710 ) ) ;
#1468 = AXIS2_PLACEMENT_3D ( 'NONE', #3114, #1053, #1967 ) ;
#1469 = CARTESIAN_POINT ( 'NONE',  ( 6.328818567631985026, 13.51856512862377357, 38.08354546156196818 ) ) ;
#1470 = CARTESIAN_POINT ( 'NONE',  ( 9.000000000000001776, -10.00000000000000178, 22.99999999999999289 ) ) ;
#1471 = DIRECTION ( 'NONE',  ( -0.000000000000000000, -0.000000000000000000, -1.000000000000000000 ) ) ;
#1472 = ORIENTED_EDGE ( 'NONE', *, *, #2223, .T. ) ;
#1473 = FACE_OUTER_BOUND ( 'NONE', #1895, .T. ) ;
#1474 = ADVANCED_FACE ( 'NONE', ( #3537 ), #2924, .T. ) ;
#1475 = CARTESIAN_POINT ( 'NONE',  ( 9.000000000000001776, -13.00000000000000178, 29.92820323027549989 ) ) ;
#1476 = EDGE_CURVE ( 'NONE', #2979, #379, #2291, .T. ) ;
#1477 = CARTESIAN_POINT ( 'NONE',  ( 9.000000000000001776, -13.00000000000000178, 35.00000000000000000 ) ) ;
#1478 = CARTESIAN_POINT ( 'NONE',  ( -16.49999999999999645, 21.99999999999999645, 5.317541634481457891 ) ) ;
#1479 = EDGE_CURVE ( 'NONE', #2650, #2789, #3497, .T. ) ;
#1480 = LINE ( 'NONE', #2882, #2987 ) ;
#1481 = VERTEX_POINT ( 'NONE', #2635 ) ;
#1482 = DIRECTION ( 'NONE',  ( 0.000000000000000000, -1.000000000000000000, 0.000000000000000000 ) ) ;
#1483 = VERTEX_POINT ( 'NONE', #836 ) ;
#1484 = CARTESIAN_POINT ( 'NONE',  ( 0.000000000000000000, -22.50000000000000000, 0.4999999999999943934 ) ) ;
#1485 = ORIENTED_EDGE ( 'NONE', *, *, #2227, .T. ) ;
#1486 = ORIENTED_EDGE ( 'NONE', *, *, #3099, .F. ) ;
#1487 = CARTESIAN_POINT ( 'NONE',  ( -11.90518678259905272, 19.08765565216577897, 6.916099211026708105 ) ) ;
#1488 = AXIS2_PLACEMENT_3D ( 'NONE', #392, #1548, #121 ) ;
#1489 = CARTESIAN_POINT ( 'NONE',  ( -6.431766601258256166, -5.000000000000000000, 38.12264990188738523 ) ) ;
#1490 = CARTESIAN_POINT ( 'NONE',  ( 0.000000000000000000, 0.000000000000000000, 5.000000000000000000 ) ) ;
#1491 = DIRECTION ( 'NONE',  ( -1.000000000000000000, 0.000000000000000000, 0.000000000000000000 ) ) ;
#1492 = ORIENTED_EDGE ( 'NONE', *, *, #1542, .T. ) ;
#1493 = CARTESIAN_POINT ( 'NONE',  ( 2.721453906541416057, 18.30256882946293473, 7.573110343649948284 ) ) ;
#1494 = CARTESIAN_POINT ( 'NONE',  ( -15.91348658720778708, -22.42790548933978556, 5.336443210275443327 ) ) ;
#1495 = PRODUCT_DEFINITION ( 'UNKNOWN', '', #2403, #2890 ) ;
#1496 = EDGE_CURVE ( 'NONE', #3555, #3432, #2672, .T. ) ;
#1497 = VECTOR ( 'NONE', #2186, 1000.000000000000000 ) ;
#1498 = CYLINDRICAL_SURFACE ( 'NONE', #2510, 2.499999999999998668 ) ;
#1499 = VECTOR ( 'NONE', #194, 1000.000000000000000 ) ;
#1500 = CARTESIAN_POINT ( 'NONE',  ( 9.724292201681755898, 13.86915064201875403, 11.22289628242432258 ) ) ;
#1501 = EDGE_LOOP ( 'NONE', ( #3771, #3369, #2962, #407 ) ) ;
#1502 = CARTESIAN_POINT ( 'NONE',  ( 0.000000000000000000, 22.50000000000000000, 4.500000000000003553 ) ) ;
#1503 = ORIENTED_EDGE ( 'NONE', *, *, #965, .F. ) ;
#1504 = VECTOR ( 'NONE', #2120, 1000.000000000000000 ) ;
#1505 = CARTESIAN_POINT ( 'NONE',  ( -9.000000000000000000, 14.99999999999999822, 15.00000000000000000 ) ) ;
#1506 = ORIENTED_EDGE ( 'NONE', *, *, #3359, .T. ) ;
#1507 = ORIENTED_EDGE ( 'NONE', *, *, #3618, .T. ) ;
#1508 = DIRECTION ( 'NONE',  ( 0.000000000000000000, 0.000000000000000000, -1.000000000000000000 ) ) ;
#1509 = CARTESIAN_POINT ( 'NONE',  ( 4.055480119224107227, 14.94794535147160630, 37.22002602788144543 ) ) ;
#1510 = CARTESIAN_POINT ( 'NONE',  ( -15.91348658720776577, 22.42790548933980688, 5.336443210275435334 ) ) ;
#1511 = VERTEX_POINT ( 'NONE', #2156 ) ;
#1512 = CARTESIAN_POINT ( 'NONE',  ( 0.3574385625656669174, 17.50970998461784234, 8.374568453489828812 ) ) ;
#1513 = DIRECTION ( 'NONE',  ( 1.000000000000000000, 0.000000000000000000, 0.000000000000000000 ) ) ;
#1514 = AXIS2_PLACEMENT_3D ( 'NONE', #1470, #3465, #2011 ) ;
#1515 = AXIS2_PLACEMENT_3D ( 'NONE', #800, #1430, #511 ) ;
#1516 = DIRECTION ( 'NONE',  ( -0.000000000000000000, -0.000000000000000000, -1.000000000000000000 ) ) ;
#1517 = CARTESIAN_POINT ( 'NONE',  ( 14.03835818850169836, 20.03835818850023642, 6.229599080681463619 ) ) ;
#1518 = EDGE_LOOP ( 'NONE', ( #2998, #2251, #2060, #2065 ) ) ;
#1519 = FACE_OUTER_BOUND ( 'NONE', #1748, .T. ) ;
#1520 = CARTESIAN_POINT ( 'NONE',  ( 8.000000000000000000, -10.00000000000000178, 26.35410196624967583 ) ) ;
#1521 = ORIENTED_EDGE ( 'NONE', *, *, #1547, .T. ) ;
#1522 = ORIENTED_EDGE ( 'NONE', *, *, #3122, .F. ) ;
#1523 = CARTESIAN_POINT ( 'NONE',  ( -9.000000000000001776, 9.999999999999998224, 23.00000000000000000 ) ) ;
#1524 = B_SPLINE_CURVE_WITH_KNOTS ( 'NONE', 3,
 ( #3399, #771, #1945, #526, #1689, #2865, #2788, #154, #1328, #1178 ),
 .UNSPECIFIED., .F., .F.,
 ( 4, 2, 2, 2, 4 ),
 ( 0.02963229147033815195, 0.03062051820802312932, 0.03160874494570811016, 0.03259697168339308754, 0.03358519842107806491 ),
 .UNSPECIFIED. ) ;
#1525 = CIRCLE ( 'NONE', #171, 1.000000000000000888 ) ;
#1526 = VECTOR ( 'NONE', #3163, 1000.000000000000000 ) ;
#1527 = AXIS2_PLACEMENT_3D ( 'NONE', #188, #168, #404 ) ;
#1528 = CARTESIAN_POINT ( 'NONE',  ( -22.50000000000000000, 0.000000000000000000, 4.500000000000001776 ) ) ;
#1529 = DIRECTION ( 'NONE',  ( -0.000000000000000000, 1.000000000000000000, -0.000000000000000000 ) ) ;
#1530 = AXIS2_PLACEMENT_3D ( 'NONE', #2252, #3629, #2182 ) ;
#1531 = VERTEX_POINT ( 'NONE', #3340 ) ;
#1532 = DIRECTION ( 'NONE',  ( 6.672013369141566696E-17, -1.000000000000000000, -0.000000000000000000 ) ) ;
#1533 = EDGE_CURVE ( 'NONE', #2249, #675, #81, .T. ) ;
#1534 = DIRECTION ( 'NONE',  ( 0.000000000000000000, 0.000000000000000000, -1.000000000000000000 ) ) ;
#1535 = CARTESIAN_POINT ( 'NONE',  ( 8.000000000000000000, 9.999999999999998224, 16.07179676972448590 ) ) ;
#1536 = ADVANCED_FACE ( 'NONE', ( #2446 ), #1574, .T. ) ;
#1537 = DIRECTION ( 'NONE',  ( 1.000000000000000000, 0.000000000000000000, 0.000000000000000000 ) ) ;
#1538 =( BOUNDED_CURVE ( )  B_SPLINE_CURVE ( 3, ( #660, #2999, #374, #3591 ),
 .UNSPECIFIED., .F., .F. ) 
 B_SPLINE_CURVE_WITH_KNOTS ( ( 4, 4 ),
 ( 1.570796326794896780, 3.141592653589793116 ),
 .UNSPECIFIED. ) 
 CURVE ( )  GEOMETRIC_REPRESENTATION_ITEM ( )  RATIONAL_B_SPLINE_CURVE ( ( 1.000000000000000000, 0.8047378541243650485, 0.8047378541243650485, 1.000000000000000000 ) ) 
 REPRESENTATION_ITEM ( '' )  );
#1539 = AXIS2_PLACEMENT_3D ( 'NONE', #1816, #3791, #322 ) ;
#1540 = ORIENTED_EDGE ( 'NONE', *, *, #3003, .T. ) ;
#1541 = LINE ( 'NONE', #2134, #1349 ) ;
#1542 = EDGE_CURVE ( 'NONE', #2053, #2488, #710, .T. ) ;
#1543 = CARTESIAN_POINT ( 'NONE',  ( 0.000000000000000000, 22.50000000000000000, 4.500000000000003553 ) ) ;
#1544 = EDGE_LOOP ( 'NONE', ( #6, #3281, #1057, #2064 ) ) ;
#1545 = ORIENTED_EDGE ( 'NONE', *, *, #2771, .T. ) ;
#1546 = LINE ( 'NONE', #2160, #3330 ) ;
#1547 = EDGE_CURVE ( 'NONE', #82, #2555, #3026, .T. ) ;
#1548 = DIRECTION ( 'NONE',  ( 0.000000000000000000, 1.000000000000000000, 0.000000000000000000 ) ) ;
#1549 = ORIENTED_EDGE ( 'NONE', *, *, #110, .F. ) ;
#1550 = DIRECTION ( 'NONE',  ( 0.000000000000000000, 0.000000000000000000, 1.000000000000000000 ) ) ;
#1551 = EDGE_LOOP ( 'NONE', ( #736, #196 ) ) ;
#1552 = CARTESIAN_POINT ( 'NONE',  ( -18.20016128086268381, -20.64529430868170223, 4.999999999999999112 ) ) ;
#1553 = CYLINDRICAL_SURFACE ( 'NONE', #1281, 2.000000000000001776 ) ;
#1554 = CARTESIAN_POINT ( 'NONE',  ( 7.273861294715694648, 15.22821774559630548, 12.80511065755522715 ) ) ;
#1555 = EDGE_LOOP ( 'NONE', ( #38, #3777, #523, #2597 ) ) ;
#1556 = AXIS2_PLACEMENT_3D ( 'NONE', #546, #1711, #3013 ) ;
#1557 = DIRECTION ( 'NONE',  ( 0.000000000000000000, 0.000000000000000000, 1.000000000000000000 ) ) ;
#1558 = FACE_BOUND ( 'NONE', #744, .T. ) ;
#1559 = ORIENTED_EDGE ( 'NONE', *, *, #386, .T. ) ;
#1560 = ORIENTED_EDGE ( 'NONE', *, *, #10, .T. ) ;
#1561 = CARTESIAN_POINT ( 'NONE',  ( -7.000000000002301270, 15.00000000000000355, 14.44748649547753772 ) ) ;
#1562 = CARTESIAN_POINT ( 'NONE',  ( 0.000000000000000000, -22.50000000000000000, 5.000000000000000000 ) ) ;
#1563 = B_SPLINE_CURVE_WITH_KNOTS ( 'NONE', 3,
 ( #2076, #25, #909, #1198 ),
 .UNSPECIFIED., .F., .F.,
 ( 4, 4 ),
 ( 0.000000000000000000, 0.0007262632861158706829 ),
 .UNSPECIFIED. ) ;
#1564 = CARTESIAN_POINT ( 'NONE',  ( 5.000000000000000888, -22.50000000000000000, 5.000000000000000000 ) ) ;
#1565 = ORIENTED_EDGE ( 'NONE', *, *, #1755, .T. ) ;
#1566 = CARTESIAN_POINT ( 'NONE',  ( 1.946299149690674524, 14.99999999999999822, 35.00000000000000000 ) ) ;
#1567 = ORIENTED_EDGE ( 'NONE', *, *, #2490, .T. ) ;
#1568 = DIRECTION ( 'NONE',  ( -0.000000000000000000, -0.000000000000000000, 1.000000000000000000 ) ) ;
#1569 = FACE_OUTER_BOUND ( 'NONE', #2773, .T. ) ;
#1570 = VECTOR ( 'NONE', #3442, 1000.000000000000000 ) ;
#1571 = DIRECTION ( 'NONE',  ( 0.000000000000000000, 0.000000000000000000, 1.000000000000000000 ) ) ;
#1572 = ORIENTED_EDGE ( 'NONE', *, *, #1373, .F. ) ;
#1573 = CYLINDRICAL_SURFACE ( 'NONE', #1939, 1.000000000000000888 ) ;
#1574 = PLANE ( 'NONE',  #889 ) ;
#1575 = VECTOR ( 'NONE', #3342, 1000.000000000000000 ) ;
#1576 = ORIENTED_EDGE ( 'NONE', *, *, #3624, .T. ) ;
#1577 = EDGE_CURVE ( 'NONE', #2207, #2121, #3047, .T. ) ;
#1578 = DIRECTION ( 'NONE',  ( -6.672013369141566696E-17, 1.000000000000000000, 0.000000000000000000 ) ) ;
#1579 = DIRECTION ( 'NONE',  ( -0.000000000000000000, 1.000000000000000000, -0.000000000000000000 ) ) ;
#1580 = CARTESIAN_POINT ( 'NONE',  ( -4.720019126305092350, -24.20762129526510265, 5.022192011786081878 ) ) ;
#1581 = ORIENTED_EDGE ( 'NONE', *, *, #1326, .T. ) ;
#1582 = CARTESIAN_POINT ( 'NONE',  ( -6.999999999999999112, 14.99999999999999822, 15.00000000000000000 ) ) ;
#1583 = ADVANCED_FACE ( 'NONE', ( #2744, #387, #2409, #405, #1558 ), #1826, .F. ) ;
#1584 = EDGE_LOOP ( 'NONE', ( #1545, #1379, #1098, #2357 ) ) ;
#1585 = EDGE_CURVE ( 'NONE', #1292, #117, #1845, .T. ) ;
#1586 = AXIS2_PLACEMENT_3D ( 'NONE', #1706, #3470, #1726 ) ;
#1587 = DIRECTION ( 'NONE',  ( -0.000000000000000000, -1.000000000000000000, -0.000000000000000000 ) ) ;
#1588 = EDGE_LOOP ( 'NONE', ( #2633, #580, #302, #2761 ) ) ;
#1589 = CARTESIAN_POINT ( 'NONE',  ( 0.000000000000000000, -22.50000000000000000, 0.4999999999999943934 ) ) ;
#1590 = ORIENTED_EDGE ( 'NONE', *, *, #2898, .T. ) ;
#1591 = DIRECTION ( 'NONE',  ( -0.000000000000000000, 1.000000000000000000, -0.000000000000000000 ) ) ;
#1592 = CARTESIAN_POINT ( 'NONE',  ( 9.000000000000001776, -13.00000000000000533, 10.25502132191920701 ) ) ;
#1593 = ORIENTED_EDGE ( 'NONE', *, *, #3283, .T. ) ;
#1594 = CIRCLE ( 'NONE', #991, 2.500000000000000000 ) ;
#1595 = CARTESIAN_POINT ( 'NONE',  ( -22.50000000000000000, 0.000000000000000000, 0.000000000000000000 ) ) ;
#1596 = CARTESIAN_POINT ( 'NONE',  ( 9.000000000000001776, -13.00000000000000178, 15.00000000000000000 ) ) ;
#1597 = AXIS2_PLACEMENT_3D ( 'NONE', #887, #2986, #2627 ) ;
#1598 = CARTESIAN_POINT ( 'NONE',  ( -4.986535110644773283, -22.92528226965506022, 5.215173805087758296 ) ) ;
#1599 = ORIENTED_EDGE ( 'NONE', *, *, #862, .F. ) ;
#1600 = CARTESIAN_POINT ( 'NONE',  ( -9.000000000000000000, 24.99999999999999645, 15.00000000000000000 ) ) ;
#1601 = ORIENTED_EDGE ( 'NONE', *, *, #417, .T. ) ;
#1602 = CARTESIAN_POINT ( 'NONE',  ( -3.212965816357340909, 14.99999999999999822, 36.90000000000000568 ) ) ;
#1603 = EDGE_CURVE ( 'NONE', #379, #2044, #2675, .T. ) ;
#1604 = ORIENTED_EDGE ( 'NONE', *, *, #779, .T. ) ;
#1605 = CARTESIAN_POINT ( 'NONE',  ( 9.045894697253022088, 13.05507363670349719, 13.89498630104371557 ) ) ;
#1606 = EDGE_CURVE ( 'NONE', #928, #3653, #47, .T. ) ;
#1607 = ORIENTED_EDGE ( 'NONE', *, *, #2539, .T. ) ;
#1608 = CARTESIAN_POINT ( 'NONE',  ( -9.000000000000001776, 12.99999999999999645, 16.07179676972448945 ) ) ;
#1609 = CARTESIAN_POINT ( 'NONE',  ( -7.999999999999998224, -10.00000000000000178, 19.64589803375031707 ) ) ;
#1610 = ORIENTED_EDGE ( 'NONE', *, *, #1163, .F. ) ;
#1611 = LINE ( 'NONE', #2519, #718 ) ;
#1612 = CARTESIAN_POINT ( 'NONE',  ( -5.000000000000000888, -22.50000000000000000, 5.317541634481457002 ) ) ;
#1613 = VECTOR ( 'NONE', #1087, 1000.000000000000000 ) ;
#1614 = CYLINDRICAL_SURFACE ( 'NONE', #334, 1.000000000000000888 ) ;
#1615 = AXIS2_PLACEMENT_3D ( 'NONE', #2907, #272, #3230 ) ;
#1616 = EDGE_LOOP ( 'NONE', ( #2840, #2216, #132, #3194, #2428, #940 ) ) ;
#1617 = DIRECTION ( 'NONE',  ( 0.000000000000000000, 1.000000000000000000, -0.000000000000000000 ) ) ;
#1618 = DIRECTION ( 'NONE',  ( -1.000000000000000000, 0.000000000000000000, 0.000000000000000000 ) ) ;
#1619 = PRODUCT_CONTEXT ( 'NONE', #326, 'mechanical' ) ;
#1620 = CARTESIAN_POINT ( 'NONE',  ( -9.142303340911123399, -15.14230334091112518, 13.21350412191440782 ) ) ;
#1621 = VECTOR ( 'NONE', #1213, 1000.000000000000000 ) ;
#1622 = AXIS2_PLACEMENT_3D ( 'NONE', #1609, #2195, #2231 ) ;
#1623 = LINE ( 'NONE', #2513, #2831 ) ;
#1624 = ORIENTED_EDGE ( 'NONE', *, *, #3084, .T. ) ;
#1625 = DIRECTION ( 'NONE',  ( 0.000000000000000000, 0.000000000000000000, 1.000000000000000000 ) ) ;
#1626 = CARTESIAN_POINT ( 'NONE',  ( -6.950000000000000178, -5.000000000000000000, 38.90000000000000568 ) ) ;
#1627 = DIRECTION ( 'NONE',  ( 0.000000000000000000, 0.000000000000000000, 1.000000000000000000 ) ) ;
#1628 = ORIENTED_EDGE ( 'NONE', *, *, #1937, .F. ) ;
#1629 = DIRECTION ( 'NONE',  ( -1.000000000000000000, 0.000000000000000000, 0.000000000000000000 ) ) ;
#1630 = ORIENTED_EDGE ( 'NONE', *, *, #2900, .T. ) ;
#1631 = CARTESIAN_POINT ( 'NONE',  ( 1.377986833262093480, -17.68130325158234939, 8.184721936741865989 ) ) ;
#1632 = CARTESIAN_POINT ( 'NONE',  ( 9.230603172935929024, -15.23060317293592725, 12.75312179007041458 ) ) ;
#1633 = ORIENTED_EDGE ( 'NONE', *, *, #574, .T. ) ;
#1634 = CARTESIAN_POINT ( 'NONE',  ( -7.714285714285715301, 4.999999999999998224, 18.68758318625040360 ) ) ;
#1635 = AXIS2_PLACEMENT_3D ( 'NONE', #3473, #2344, #2862 ) ;
#1636 = DIRECTION ( 'NONE',  ( -0.000000000000000000, -1.000000000000000000, -0.000000000000000000 ) ) ;
#1637 = CARTESIAN_POINT ( 'NONE',  ( -14.03835818850286010, -20.03835818849994510, 6.229599080680945811 ) ) ;
#1638 = EDGE_CURVE ( 'NONE', #1483, #1366, #371, .T. ) ;
#1639 = CYLINDRICAL_SURFACE ( 'NONE', #1665, 2.499999999999998668 ) ;
#1640 = ORIENTED_EDGE ( 'NONE', *, *, #551, .T. ) ;
#1641 = VECTOR ( 'NONE', #3008, 1000.000000000000000 ) ;
#1642 = VECTOR ( 'NONE', #1363, 1000.000000000000000 ) ;
#1643 = EDGE_CURVE ( 'NONE', #2803, #29, #2787, .T. ) ;
#1644 = DIRECTION ( 'NONE',  ( -6.672013369141566696E-17, 1.000000000000000000, 0.000000000000000000 ) ) ;
#1645 = CARTESIAN_POINT ( 'NONE',  ( -13.00902242460539426, -24.24358703721669883, 5.019290483484800447 ) ) ;
#1646 = CARTESIAN_POINT ( 'NONE',  ( 0.000000000000000000, 22.50000000000000000, 43.00000000000000000 ) ) ;
#1647 = CARTESIAN_POINT ( 'NONE',  ( 9.000000000000001776, 4.999999999999998224, 16.99999999999999645 ) ) ;
#1648 = ORIENTED_EDGE ( 'NONE', *, *, #181, .F. ) ;
#1649 = CARTESIAN_POINT ( 'NONE',  ( 3.780921903667344264, -19.21350483693372624, 6.839540909459978835 ) ) ;
#1650 = CARTESIAN_POINT ( 'NONE',  ( 10.36496054117176513, -16.36496054117176158, 9.874492663236921430 ) ) ;
#1651 = ORIENTED_EDGE ( 'NONE', *, *, #1815, .T. ) ;
#1652 = CARTESIAN_POINT ( 'NONE',  ( 0.000000000000000000, -22.50000000000000000, 5.000000000000000000 ) ) ;
#1653 = EDGE_CURVE ( 'NONE', #2833, #2567, #3284, .T. ) ;
#1654 = EDGE_CURVE ( 'NONE', #3225, #1772, #2995, .T. ) ;
#1655 = AXIS2_PLACEMENT_3D ( 'NONE', #1093, #203, #2568 ) ;
#1656 = CYLINDRICAL_SURFACE ( 'NONE', #726, 1.000000000000000888 ) ;
#1657 = CARTESIAN_POINT ( 'NONE',  ( -11.45864962580720103, -15.95037955096794846, 8.409605308716720629 ) ) ;
#1658 = DIRECTION ( 'NONE',  ( 0.000000000000000000, 0.000000000000000000, -1.000000000000000000 ) ) ;
#1659 = ORIENTED_EDGE ( 'NONE', *, *, #105, .F. ) ;
#1660 = CARTESIAN_POINT ( 'NONE',  ( -4.482792329859752734, 20.26205988964932914, 6.187410009842639447 ) ) ;
#1661 = DIRECTION ( 'NONE',  ( -1.734723475976805517E-15, 0.000000000000000000, -1.000000000000000000 ) ) ;
#1662 = CIRCLE ( 'NONE', #2649, 2.999999999999988898 ) ;
#1663 = CARTESIAN_POINT ( 'NONE',  ( -19.00000000000000000, -19.88089535207104319, 5.000000000000000000 ) ) ;
#1664 = CARTESIAN_POINT ( 'NONE',  ( -12.24374280219759648, -24.63921218193587137, 4.999999999999999112 ) ) ;
#1665 = AXIS2_PLACEMENT_3D ( 'NONE', #2316, #842, #3156 ) ;
#1666 = ORIENTED_EDGE ( 'NONE', *, *, #1219, .T. ) ;
#1667 = CARTESIAN_POINT ( 'NONE',  ( 12.24374280219759292, -24.63921218193587848, 5.000000000000000000 ) ) ;
#1668 = ORIENTED_EDGE ( 'NONE', *, *, #3512, .F. ) ;
#1669 = CARTESIAN_POINT ( 'NONE',  ( -5.000000000000000888, -22.50000000000000000, 5.000000000000000000 ) ) ;
#1670 = CARTESIAN_POINT ( 'NONE',  ( 9.134219493091558562, -16.77851624424264187, 9.280518160965101515 ) ) ;
#1671 = VERTEX_POINT ( 'NONE', #3304 ) ;
#1672 = LINE ( 'NONE', #2790, #1741 ) ;
#1673 = VECTOR ( 'NONE', #1868, 1000.000000000000000 ) ;
#1674 = CIRCLE ( 'NONE', #3638, 27.49999999999999645 ) ;
#1675 = DIRECTION ( 'NONE',  ( 0.000000000000000000, 0.000000000000000000, -1.000000000000000000 ) ) ;
#1676 = CARTESIAN_POINT ( 'NONE',  ( -10.36496054117040622, -16.36496054117041155, 9.874492663236878798 ) ) ;
#1677 = FACE_OUTER_BOUND ( 'NONE', #327, .T. ) ;
#1678 = ORIENTED_EDGE ( 'NONE', *, *, #1019, .T. ) ;
#1679 = ORIENTED_EDGE ( 'NONE', *, *, #2055, .F. ) ;
#1680 = CIRCLE ( 'NONE', #2849, 4.500000000000000888 ) ;
#1681 = CARTESIAN_POINT ( 'NONE',  ( -3.347232762647411430, 18.77272102890836791, 7.170709061349102242 ) ) ;
#1682 = DIRECTION ( 'NONE',  ( 1.000000000000000000, 0.000000000000000000, 0.000000000000000000 ) ) ;
#1683 = DIRECTION ( 'NONE',  ( 0.000000000000000000, 0.000000000000000000, 1.000000000000000000 ) ) ;
#1684 = FACE_OUTER_BOUND ( 'NONE', #2082, .T. ) ;
#1685 = ORIENTED_EDGE ( 'NONE', *, *, #568, .F. ) ;
#1686 = DIRECTION ( 'NONE',  ( -0.000000000000000000, 1.000000000000000000, -0.000000000000000000 ) ) ;
#1687 = ORIENTED_EDGE ( 'NONE', *, *, #1055, .F. ) ;
#1688 = CARTESIAN_POINT ( 'NONE',  ( 7.714285714285714413, 4.999999999999998224, 27.31241681374958574 ) ) ;
#1689 = CARTESIAN_POINT ( 'NONE',  ( 18.01858061031359526, 2.241854831068676557, 5.047442986639934404 ) ) ;
#1690 = EDGE_CURVE ( 'NONE', #2095, #1222, #2426, .T. ) ;
#1691 = VERTEX_POINT ( 'NONE', #1220 ) ;
#1692 = CARTESIAN_POINT ( 'NONE',  ( -9.724292201681619119, 13.86915064201814296, 11.22289628242470272 ) ) ;
#1693 = ADVANCED_FACE ( 'NONE', ( #3553 ), #930, .T. ) ;
#1694 = CARTESIAN_POINT ( 'NONE',  ( -9.000000000000000000, -5.000000000000002665, 29.92820323027551055 ) ) ;
#1695 = CARTESIAN_POINT ( 'NONE',  ( 7.000000000000006217, 15.00000000000000355, 10.28619728516617293 ) ) ;
#1696 = EDGE_CURVE ( 'NONE', #2923, #690, #1806, .T. ) ;
#1697 = CARTESIAN_POINT ( 'NONE',  ( -6.431766601251392323, 13.13090117249442379, 38.12264990187708946 ) ) ;
#1698 = FACE_OUTER_BOUND ( 'NONE', #500, .T. ) ;
#1699 = ORIENTED_EDGE ( 'NONE', *, *, #288, .F. ) ;
#1700 = ORIENTED_EDGE ( 'NONE', *, *, #3576, .F. ) ;
#1701 = EDGE_CURVE ( 'NONE', #1179, #3285, #831, .T. ) ;
#1702 = CARTESIAN_POINT ( 'NONE',  ( -8.142857142857142350, 4.999999999999998224, 17.06154008833527769 ) ) ;
#1703 = DIRECTION ( 'NONE',  ( 0.000000000000000000, 1.000000000000000000, -0.000000000000000000 ) ) ;
#1704 = EDGE_CURVE ( 'NONE', #790, #2122, #3391, .T. ) ;
#1705 = CLOSED_SHELL ( 'NONE', ( #1693, #1294, #652, #3483, #1982, #2157, #786, #1720, #951, #2382, #3795, #397, #1197, #336, #3405, #1360, #2340, #2971, #3219, #461, #3686, #3222, #366, #3549, #2945, #3614, #2324, #917, #345, #2738, #115, #3729, #3081, #625, #1583, #1727, #3738, #792, #1442, #969, #464, #2895, #13, #1206, #169, #2549, #3172, #2015, #3515, #2149, #243, #935, #2459, #2260, #2438, #1247, #1859, #501, #1075, #3620, #3234, #1316, #3058, #1536, #2613, #2767, #3766, #159, #213, #2128, #795, #2557, #2103, #1145, #3792, #2953, #1897, #649, #2376, #3200, #1991, #1066, #3453, #2832, #819, #2902, #1975, #2496, #1132, #2620, #3116, #1474, #2657, #518, #70, #362, #1147, #2664, #3229, #2837, #3108, #2106, #3692, #2544, #2, #2687, #3334 ) ) ;
#1706 = CARTESIAN_POINT ( 'NONE',  ( -6.999999999999999112, 12.99999999999999645, 15.00000000000000000 ) ) ;
#1707 = LINE ( 'NONE', #2306, #2077 ) ;
#1708 = VECTOR ( 'NONE', #1731, 1000.000000000000000 ) ;
#1709 = CARTESIAN_POINT ( 'NONE',  ( 25.50000000000000711, 3.673940397442071208E-16, 0.000000000000000000 ) ) ;
#1710 = VERTEX_POINT ( 'NONE', #3102 ) ;
#1711 = DIRECTION ( 'NONE',  ( -0.000000000000000000, -0.000000000000000000, -1.000000000000000000 ) ) ;
#1712 = ORIENTED_EDGE ( 'NONE', *, *, #2431, .F. ) ;
#1713 = ORIENTED_EDGE ( 'NONE', *, *, #281, .F. ) ;
#1714 =( BOUNDED_CURVE ( )  B_SPLINE_CURVE ( 3, ( #2226, #1695, #1407, #2583 ),
 .UNSPECIFIED., .F., .F. ) 
 B_SPLINE_CURVE_WITH_KNOTS ( ( 4, 4 ),
 ( 0.000000000000000000, 1.310662942277177390 ),
 .UNSPECIFIED. ) 
 CURVE ( )  GEOMETRIC_REPRESENTATION_ITEM ( )  RATIONAL_B_SPLINE_CURVE ( ( 1.000000000000000000, 0.8618973105533772605, 0.8618973105533772605, 1.000000000000000000 ) ) 
 REPRESENTATION_ITEM ( '' )  );
#1715 = CARTESIAN_POINT ( 'NONE',  ( 15.91348658720776577, -22.42790548933980688, 5.336443210275437998 ) ) ;
#1716 = DIRECTION ( 'NONE',  ( 0.000000000000000000, 0.000000000000000000, 1.000000000000000000 ) ) ;
#1717 = CARTESIAN_POINT ( 'NONE',  ( 4.330127018922193649, -25.00000000000000000, 5.000000000000000000 ) ) ;
#1718 = DIRECTION ( 'NONE',  ( 1.000000000000000000, 0.000000000000000000, 0.000000000000000000 ) ) ;
#1719 = AXIS2_PLACEMENT_3D ( 'NONE', #1453, #2303, #2016 ) ;
#1720 = ADVANCED_FACE ( 'NONE', ( #480 ), #3087, .F. ) ;
#1721 = ORIENTED_EDGE ( 'NONE', *, *, #2094, .T. ) ;
#1722 = AXIS2_PLACEMENT_3D ( 'NONE', #1296, #3384, #2225 ) ;
#1723 = VECTOR ( 'NONE', #1933, 1000.000000000000000 ) ;
#1724 = CARTESIAN_POINT ( 'NONE',  ( 2.500000000000000000, 22.50000000000000000, 4.500000000000003553 ) ) ;
#1725 = EDGE_CURVE ( 'NONE', #379, #1366, #647, .T. ) ;
#1726 = DIRECTION ( 'NONE',  ( -1.000000000000000000, 0.000000000000000000, 0.000000000000000000 ) ) ;
#1727 = ADVANCED_FACE ( 'NONE', ( #189 ), #36, .F. ) ;
#1728 = FACE_OUTER_BOUND ( 'NONE', #1188, .T. ) ;
#1729 = CARTESIAN_POINT ( 'NONE',  ( 8.142857142857142350, 4.999999999999998224, 28.93845991166471165 ) ) ;
#1730 = ORIENTED_EDGE ( 'NONE', *, *, #1815, .F. ) ;
#1731 = DIRECTION ( 'NONE',  ( -0.000000000000000000, -0.000000000000000000, -1.000000000000000000 ) ) ;
#1732 = CARTESIAN_POINT ( 'NONE',  ( -7.999999999999998224, -10.00000000000000178, 26.35410196624968293 ) ) ;
#1733 = EDGE_LOOP ( 'NONE', ( #97, #1381, #3683 ) ) ;
#1734 = EDGE_LOOP ( 'NONE', ( #3275, #3165, #3477, #403 ) ) ;
#1735 = CARTESIAN_POINT ( 'NONE',  ( -13.08765565216613247, 17.90518678259905627, 6.916099211026477178 ) ) ;
#1736 = CYLINDRICAL_SURFACE ( 'NONE', #2167, 5.999999999999998224 ) ;
#1737 = CYLINDRICAL_SURFACE ( 'NONE', #1449, 1.000000000000000888 ) ;
#1738 = CARTESIAN_POINT ( 'NONE',  ( -7.999999999999998224, -10.00000000000000178, 26.35410196624968293 ) ) ;
#1739 = VERTEX_POINT ( 'NONE', #1096 ) ;
#1740 = CARTESIAN_POINT ( 'NONE',  ( -25.50000000000000711, 0.000000000000000000, 0.000000000000000000 ) ) ;
#1741 = VECTOR ( 'NONE', #1330, 1000.000000000000000 ) ;
#1742 = EDGE_CURVE ( 'NONE', #3426, #1347, #1341, .T. ) ;
#1743 = LINE ( 'NONE', #2917, #2785 ) ;
#1744 = FACE_OUTER_BOUND ( 'NONE', #2212, .T. ) ;
#1745 = CIRCLE ( 'NONE', #2242, 2.999999999999988898 ) ;
#1746 = AXIS2_PLACEMENT_3D ( 'NONE', #2135, #1940, #766 ) ;
#1747 = FACE_OUTER_BOUND ( 'NONE', #3407, .T. ) ;
#1748 = EDGE_LOOP ( 'NONE', ( #2727, #2308, #2713, #31, #1035, #914, #1280, #138 ) ) ;
#1749 = CARTESIAN_POINT ( 'NONE',  ( 7.714285714285714413, -5.000000000000002665, 27.31241681374958574 ) ) ;
#1750 = EDGE_LOOP ( 'NONE', ( #398, #263, #2168 ) ) ;
#1751 = CARTESIAN_POINT ( 'NONE',  ( 0.000000000000000000, -22.50000000000000000, 4.500000000000003553 ) ) ;
#1752 = ORIENTED_EDGE ( 'NONE', *, *, #85, .T. ) ;
#1753 = VERTEX_POINT ( 'NONE', #463 ) ;
#1754 = CARTESIAN_POINT ( 'NONE',  ( -10.77851624424237365, 15.13421949309154613, 9.280518160965439023 ) ) ;
#1755 = EDGE_CURVE ( 'NONE', #2374, #423, #2211, .T. ) ;
#1756 = CARTESIAN_POINT ( 'NONE',  ( 9.000000000000001776, -10.00000000000000178, 22.99999999999999289 ) ) ;
#1757 = EDGE_CURVE ( 'NONE', #2533, #605, #1321, .T. ) ;
#1758 = VECTOR ( 'NONE', #1578, 1000.000000000000000 ) ;
#1759 = CARTESIAN_POINT ( 'NONE',  ( -4.935402398350091424, 14.59933367980203300, 38.12909344494416075 ) ) ;
#1760 = CARTESIAN_POINT ( 'NONE',  ( 8.142857142857142350, -10.00000000000000178, 17.06154008833527413 ) ) ;
#1761 = ORIENTED_EDGE ( 'NONE', *, *, #85, .F. ) ;
#1762 = EDGE_CURVE ( 'NONE', #727, #549, #1357, .T. ) ;
#1763 = CARTESIAN_POINT ( 'NONE',  ( -19.00000000000000000, 3.570714214271425213, 5.000000000000000000 ) ) ;
#1764 = AXIS2_PLACEMENT_3D ( 'NONE', #3376, #135, #789 ) ;
#1765 = CARTESIAN_POINT ( 'NONE',  ( 17.49999999999999645, -0.3347195627301513543, 5.113140033357406189 ) ) ;
#1766 = DIRECTION ( 'NONE',  ( 6.672013369141566696E-17, -1.000000000000000000, -0.000000000000000000 ) ) ;
#1767 = CARTESIAN_POINT ( 'NONE',  ( 10.47462535016200924, 14.76955042019434394, 9.744217019980011329 ) ) ;
#1768 = PLANE ( 'NONE',  #1948 ) ;
#1769 = EDGE_CURVE ( 'NONE', #2800, #1911, #3186, .T. ) ;
#1770 = EDGE_LOOP ( 'NONE', ( #434, #3435, #3702, #1761 ) ) ;
#1771 = DIRECTION ( 'NONE',  ( -0.000000000000000000, -1.000000000000000000, 0.000000000000000000 ) ) ;
#1772 = VERTEX_POINT ( 'NONE', #207 ) ;
#1773 = CARTESIAN_POINT ( 'NONE',  ( -22.50000000000000000, 0.000000000000000000, 4.500000000000001776 ) ) ;
#1774 = AXIS2_PLACEMENT_3D ( 'NONE', #1535, #2707, #23 ) ;
#1775 = ORIENTED_EDGE ( 'NONE', *, *, #3593, .F. ) ;
#1776 = ORIENTED_EDGE ( 'NONE', *, *, #3754, .F. ) ;
#1777 = CARTESIAN_POINT ( 'NONE',  ( 16.30728374304882422, -22.14453719271337562, 5.367300758062480526 ) ) ;
#1778 = CARTESIAN_POINT ( 'NONE',  ( 6.081900115146635422, 14.35017787665821132, 38.43540704088123050 ) ) ;
#1779 = CARTESIAN_POINT ( 'NONE',  ( -16.49999999999999289, -22.00000000000000000, 5.317541634481458779 ) ) ;
#1780 = EDGE_CURVE ( 'NONE', #1347, #1169, #1012, .T. ) ;
#1781 = DIRECTION ( 'NONE',  ( 0.000000000000000000, 0.000000000000000000, 1.000000000000000000 ) ) ;
#1782 = ORIENTED_EDGE ( 'NONE', *, *, #2010, .F. ) ;
#1783 = CARTESIAN_POINT ( 'NONE',  ( -18.27035261889039219, -2.671570752892042044, 5.026222833119128097 ) ) ;
#1784 = CARTESIAN_POINT ( 'NONE',  ( 6.015741454089333473, 12.99999999999999822, 38.40000000000000568 ) ) ;
#1785 = AXIS2_PLACEMENT_3D ( 'NONE', #1877, #1568, #1855 ) ;
#1786 = CARTESIAN_POINT ( 'NONE',  ( 8.142857142857142350, 9.999999999999998224, 28.93845991166471521 ) ) ;
#1787 = CONICAL_SURFACE ( 'NONE', #1909, 3.000000000000009770, 0.7853981633974457255 ) ;
#1788 = CARTESIAN_POINT ( 'NONE',  ( 7.869150642018755804, 15.72429220168175235, 11.22289628242432258 ) ) ;
#1789 = EDGE_LOOP ( 'NONE', ( #2546, #1459, #1253, #3681 ) ) ;
#1790 = CYLINDRICAL_SURFACE ( 'NONE', #3616, 1.000000000000000888 ) ;
#1791 = ORIENTED_EDGE ( 'NONE', *, *, #250, .F. ) ;
#1792 = DIRECTION ( 'NONE',  ( -0.000000000000000000, -0.000000000000000000, -1.000000000000000000 ) ) ;
#1793 = ORIENTED_EDGE ( 'NONE', *, *, #3061, .F. ) ;
#1794 = ORIENTED_EDGE ( 'NONE', *, *, #507, .T. ) ;
#1795 = CARTESIAN_POINT ( 'NONE',  ( 0.000000000000000000, 22.50000000000000000, 5.000000000000000000 ) ) ;
#1796 = CARTESIAN_POINT ( 'NONE',  ( 6.528552472339936408, 14.01614512229651055, 38.67444812814137123 ) ) ;
#1797 = CARTESIAN_POINT ( 'NONE',  ( -22.50000000000000000, 0.000000000000000000, 5.000000000000000000 ) ) ;
#1798 = VERTEX_POINT ( 'NONE', #2552 ) ;
#1799 = CARTESIAN_POINT ( 'NONE',  ( 1.389864230778334209, 17.68450148844553382, 8.181260325105478515 ) ) ;
#1800 = CARTESIAN_POINT ( 'NONE',  ( 6.950000000000000178, -5.000000000000000000, 38.90000000000000568 ) ) ;
#1801 = CARTESIAN_POINT ( 'NONE',  ( -4.349999999999999645, 12.99999999999999822, 35.00000000000000000 ) ) ;
#1802 = CARTESIAN_POINT ( 'NONE',  ( 9.947510018283686861, 14.13701202194048712, 10.71541218037326182 ) ) ;
#1803 = ORIENTED_EDGE ( 'NONE', *, *, #1813, .T. ) ;
#1804 = CARTESIAN_POINT ( 'NONE',  ( 5.000000000000000888, -22.50000000000000000, 5.317541634481457002 ) ) ;
#1805 = VECTOR ( 'NONE', #451, 1000.000000000000000 ) ;
#1806 = LINE ( 'NONE', #966, #764 ) ;
#1807 = VERTEX_POINT ( 'NONE', #3431 ) ;
#1808 = ORIENTED_EDGE ( 'NONE', *, *, #1757, .F. ) ;
#1809 = PLANE ( 'NONE',  #3710 ) ;
#1810 = EDGE_CURVE ( 'NONE', #3693, #2643, #3583, .T. ) ;
#1811 = CARTESIAN_POINT ( 'NONE',  ( -5.000000000000000888, -22.50000000000000000, 5.317541634481457002 ) ) ;
#1812 = LINE ( 'NONE', #2165, #3461 ) ;
#1813 = EDGE_CURVE ( 'NONE', #3319, #236, #2502, .T. ) ;
#1814 = VERTEX_POINT ( 'NONE', #1304 ) ;
#1815 = EDGE_CURVE ( 'NONE', #2789, #1952, #3526, .T. ) ;
#1816 = CARTESIAN_POINT ( 'NONE',  ( 0.000000000000000000, 22.50000000000000000, 4.500000000000003553 ) ) ;
#1817 = CARTESIAN_POINT ( 'NONE',  ( -9.000000000000001776, 4.999999999999998224, 16.07179676972448945 ) ) ;
#1818 = EDGE_CURVE ( 'NONE', #513, #995, #3355, .T. ) ;
#1819 = CARTESIAN_POINT ( 'NONE',  ( 6.308634672902787344, -4.792893218813452982, 38.90000000000000568 ) ) ;
#1820 = FACE_OUTER_BOUND ( 'NONE', #2331, .T. ) ;
#1821 = EDGE_CURVE ( 'NONE', #2095, #3432, #3661, .T. ) ;
#1822 = ORIENTED_EDGE ( 'NONE', *, *, #1301, .F. ) ;
#1823 = VECTOR ( 'NONE', #225, 1000.000000000000000 ) ;
#1824 = CIRCLE ( 'NONE', #165, 1.000000000000000888 ) ;
#1825 = CARTESIAN_POINT ( 'NONE',  ( 2.685899411324312869, 14.99999999999999822, 36.10940039245046052 ) ) ;
#1826 = PLANE ( 'NONE',  #2662 ) ;
#1827 = ORIENTED_EDGE ( 'NONE', *, *, #1219, .F. ) ;
#1828 = VERTEX_POINT ( 'NONE', #170 ) ;
#1829 = FACE_OUTER_BOUND ( 'NONE', #3147, .T. ) ;
#1830 = AXIS2_PLACEMENT_3D ( 'NONE', #2747, #3199, #1210 ) ;
#1831 = CIRCLE ( 'NONE', #112, 2.499999999999998668 ) ;
#1832 = CARTESIAN_POINT ( 'NONE',  ( 14.80526212607967551, -21.50438510505756540, 5.565903942085286715 ) ) ;
#1833 = DIRECTION ( 'NONE',  ( 0.000000000000000000, 0.000000000000000000, 1.000000000000000000 ) ) ;
#1834 = AXIS2_PLACEMENT_3D ( 'NONE', #1047, #444, #502 ) ;
#1835 = ORIENTED_EDGE ( 'NONE', *, *, #574, .F. ) ;
#1836 = CARTESIAN_POINT ( 'NONE',  ( 3.109116481877344906, 18.57159652155975849, 7.336272073912017078 ) ) ;
#1837 = EDGE_CURVE ( 'NONE', #2875, #1753, #3680, .T. ) ;
#1838 = CARTESIAN_POINT ( 'NONE',  ( 18.54818264393996330, -3.081039392034997437, 5.008475347214274009 ) ) ;
#1839 = DIRECTION ( 'NONE',  ( 1.000000000000000000, 0.000000000000000000, 0.000000000000000000 ) ) ;
#1840 = B_SPLINE_CURVE_WITH_KNOTS ( 'NONE', 3,
 ( #1811, #2981, #1598, #645, #412, #1580, #2468, #2732 ),
 .UNSPECIFIED., .F., .F.,
 ( 4, 2, 2, 4 ),
 ( 0.02996511331660001859, 0.03062300825458462786, 0.03128090319256923713, 0.03259669306853845566 ),
 .UNSPECIFIED. ) ;
#1841 = DIRECTION ( 'NONE',  ( -0.7071067811865416886, 8.659560562354861368E-17, 0.7071067811865533459 ) ) ;
#1842 = VECTOR ( 'NONE', #369, 1000.000000000000000 ) ;
#1843 = EDGE_LOOP ( 'NONE', ( #1446, #2146, #3722, #3730 ) ) ;
#1844 = LINE ( 'NONE', #2724, #3498 ) ;
#1845 = LINE ( 'NONE', #95, #3152 ) ;
#1846 = EDGE_LOOP ( 'NONE', ( #3603, #2027, #1521, #208, #1593, #3667, #3545, #3495, #3170 ) ) ;
#1847 = VERTEX_POINT ( 'NONE', #3143 ) ;
#1848 = CARTESIAN_POINT ( 'NONE',  ( 19.49999999999998934, 0.000000000000000000, 0.000000000000000000 ) ) ;
#1849 = CARTESIAN_POINT ( 'NONE',  ( 4.330127018922195425, 24.99999999999999645, 5.000000000000000000 ) ) ;
#1850 = CARTESIAN_POINT ( 'NONE',  ( 11.37927003856671604, -18.64939169880521774, 7.255644516289187607 ) ) ;
#1851 = ORIENTED_EDGE ( 'NONE', *, *, #3288, .F. ) ;
#1852 = CARTESIAN_POINT ( 'NONE',  ( -6.431766601258256166, 12.99999999999999822, 38.12264990188738523 ) ) ;
#1853 = VECTOR ( 'NONE', #3574, 1000.000000000000000 ) ;
#1854 = ORIENTED_EDGE ( 'NONE', *, *, #1458, .T. ) ;
#1855 = DIRECTION ( 'NONE',  ( 1.000000000000000000, 0.000000000000000000, 0.000000000000000000 ) ) ;
#1856 = VECTOR ( 'NONE', #2529, 1000.000000000000000 ) ;
#1857 = DIRECTION ( 'NONE',  ( -0.000000000000000000, 1.000000000000000000, -0.000000000000000000 ) ) ;
#1858 = LINE ( 'NONE', #1350, #1039 ) ;
#1859 = ADVANCED_FACE ( 'NONE', ( #1684 ), #2379, .T. ) ;
#1860 = CARTESIAN_POINT ( 'NONE',  ( -3.212965816357340021, 14.99999999999999822, 36.90000000000000568 ) ) ;
#1861 = ORIENTED_EDGE ( 'NONE', *, *, #2390, .F. ) ;
#1862 = VECTOR ( 'NONE', #1120, 1000.000000000000000 ) ;
#1863 = CARTESIAN_POINT ( 'NONE',  ( -5.098495661575134008, 14.99999999999999822, 37.61621173049149292 ) ) ;
#1864 = EDGE_CURVE ( 'NONE', #3319, #1511, #2972, .T. ) ;
#1865 = CARTESIAN_POINT ( 'NONE',  ( -9.000000000000001776, 4.999999999999998224, 16.99999999999999645 ) ) ;
#1866 = VERTEX_POINT ( 'NONE', #2543 ) ;
#1867 = EDGE_LOOP ( 'NONE', ( #1887, #1295, #2717 ) ) ;
#1868 = DIRECTION ( 'NONE',  ( 0.000000000000000000, 1.000000000000000000, 0.000000000000000000 ) ) ;
#1869 = DIRECTION ( 'NONE',  ( -1.000000000000000000, -0.000000000000000000, 0.000000000000000000 ) ) ;
#1870 = VECTOR ( 'NONE', #2860, 1000.000000000000000 ) ;
#1871 = EDGE_CURVE ( 'NONE', #379, #1798, #1714, .T. ) ;
#1872 = CARTESIAN_POINT ( 'NONE',  ( 10.99381742950579799, -16.99381742950579621, 8.942865653323151420 ) ) ;
#1873 = ORIENTED_EDGE ( 'NONE', *, *, #3300, .T. ) ;
#1874 = DIRECTION ( 'NONE',  ( 1.000000000000000000, 0.000000000000000000, 0.000000000000000000 ) ) ;
#1875 = EDGE_CURVE ( 'NONE', #2978, #1372, #2298, .T. ) ;
#1876 = EDGE_LOOP ( 'NONE', ( #2507, #1018, #2575, #1081 ) ) ;
#1877 = CARTESIAN_POINT ( 'NONE',  ( 0.000000000000000000, 0.000000000000000000, 0.4999999999999935052 ) ) ;
#1878 = DIRECTION ( 'NONE',  ( 0.000000000000000000, 0.000000000000000000, 1.000000000000000000 ) ) ;
#1879 = EDGE_CURVE ( 'NONE', #1828, #2643, #1680, .T. ) ;
#1880 = ORIENTED_EDGE ( 'NONE', *, *, #3240, .F. ) ;
#1881 = AXIS2_PLACEMENT_3D ( 'NONE', #1317, #2492, #421 ) ;
#1882 = CARTESIAN_POINT ( 'NONE',  ( -3.607220846145748006, 14.99999999999855227, 37.11099888865403784 ) ) ;
#1883 = ORIENTED_EDGE ( 'NONE', *, *, #1837, .T. ) ;
#1884 = CARTESIAN_POINT ( 'NONE',  ( -6.431766601258256166, -5.000000000000000000, 38.12264990188738523 ) ) ;
#1885 = DIRECTION ( 'NONE',  ( -0.5547001962252292584, 0.000000000000000000, 0.8320502943378436100 ) ) ;
#1886 = VECTOR ( 'NONE', #2499, 1000.000000000000000 ) ;
#1887 = ORIENTED_EDGE ( 'NONE', *, *, #2729, .T. ) ;
#1888 = DIRECTION ( 'NONE',  ( -0.000000000000000000, -0.000000000000000000, -1.000000000000000000 ) ) ;
#1889 = DIRECTION ( 'NONE',  ( 1.000000000000000000, 0.000000000000000000, 0.000000000000000000 ) ) ;
#1890 = CARTESIAN_POINT ( 'NONE',  ( 12.61121005896811909, -18.61121005896887937, 7.261610347691568990 ) ) ;
#1891 = ORIENTED_EDGE ( 'NONE', *, *, #688, .T. ) ;
#1892 = CARTESIAN_POINT ( 'NONE',  ( -6.950000000000000178, 12.99999999999999822, 36.90000000000000568 ) ) ;
#1893 = AXIS2_PLACEMENT_3D ( 'NONE', #2286, #251, #1439 ) ;
#1894 = AXIS2_PLACEMENT_3D ( 'NONE', #2323, #559, #1957 ) ;
#1895 = EDGE_LOOP ( 'NONE', ( #993, #1272, #2107, #2596 ) ) ;
#1896 = CARTESIAN_POINT ( 'NONE',  ( 0.000000000000000000, 0.000000000000000000, 0.000000000000000000 ) ) ;
#1897 = ADVANCED_FACE ( 'NONE', ( #158 ), #1054, .T. ) ;
#1898 = AXIS2_PLACEMENT_3D ( 'NONE', #2779, #765, #1319 ) ;
#1899 = CARTESIAN_POINT ( 'NONE',  ( -9.000000000000000000, 12.99999999999999645, 15.00000000000000000 ) ) ;
#1900 = ORIENTED_EDGE ( 'NONE', *, *, #181, .T. ) ;
#1901 = CARTESIAN_POINT ( 'NONE',  ( 6.015741454089334361, 12.99999999999999822, 38.90000000000000568 ) ) ;
#1902 = ORIENTED_EDGE ( 'NONE', *, *, #110, .T. ) ;
#1903 = DIRECTION ( 'NONE',  ( 1.000000000000000000, 0.000000000000000000, 0.000000000000000000 ) ) ;
#1904 = CARTESIAN_POINT ( 'NONE',  ( -9.000000000000001776, 12.99999999999999645, 35.00000000000000000 ) ) ;
#1905 = VERTEX_POINT ( 'NONE', #87 ) ;
#1906 = VECTOR ( 'NONE', #573, 1000.000000000000000 ) ;
#1907 = DIRECTION ( 'NONE',  ( 1.000000000000000000, 0.000000000000000000, 0.000000000000000000 ) ) ;
#1908 = CARTESIAN_POINT ( 'NONE',  ( -4.733825821640635922, -20.85832748730981834, 5.891937779890251470 ) ) ;
#1909 = AXIS2_PLACEMENT_3D ( 'NONE', #58, #3509, #381 ) ;
#1910 = PLANE ( 'NONE',  #2966 ) ;
#1911 = VERTEX_POINT ( 'NONE', #3272 ) ;
#1912 = DIRECTION ( 'NONE',  ( -1.000000000000000000, 0.000000000000000000, 0.000000000000000000 ) ) ;
#1913 = APPLICATION_PROTOCOL_DEFINITION ( 'draft international standard', 'automotive_design', 1998, #326 ) ;
#1914 = CARTESIAN_POINT ( 'NONE',  ( -22.50000000000000000, 0.000000000000000000, 0.000000000000000000 ) ) ;
#1915 = ORIENTED_EDGE ( 'NONE', *, *, #1183, .T. ) ;
#1916 = FACE_BOUND ( 'NONE', #2566, .T. ) ;
#1917 = PLANE ( 'NONE',  #724 ) ;
#1918 = DIRECTION ( 'NONE',  ( 0.000000000000000000, 0.000000000000000000, 1.000000000000000000 ) ) ;
#1919 = ORIENTED_EDGE ( 'NONE', *, *, #448, .F. ) ;
#1920 = CARTESIAN_POINT ( 'NONE',  ( -7.714285714285715301, 9.999999999999998224, 18.68758318625040360 ) ) ;
#1921 = VERTEX_POINT ( 'NONE', #2415 ) ;
#1922 = CARTESIAN_POINT ( 'NONE',  ( 4.964324067177435573, -21.81781813088024435, 5.513486831387202081 ) ) ;
#1923 = EDGE_CURVE ( 'NONE', #192, #2053, #2667, .T. ) ;
#1924 = CIRCLE ( 'NONE', #332, 2.999999999999988898 ) ;
#1925 = CARTESIAN_POINT ( 'NONE',  ( 7.000000000000004441, -15.00000000000000355, 14.99999999999997335 ) ) ;
#1926 = VERTEX_POINT ( 'NONE', #701 ) ;
#1927 = DIRECTION ( 'NONE',  ( -0.000000000000000000, -0.000000000000000000, -1.000000000000000000 ) ) ;
#1928 = EDGE_CURVE ( 'NONE', #3169, #2044, #937, .T. ) ;
#1929 = DIRECTION ( 'NONE',  ( 0.000000000000000000, 0.000000000000000000, 1.000000000000000000 ) ) ;
#1930 = CARTESIAN_POINT ( 'NONE',  ( -12.16392888917173032, -18.16392888917172499, 7.653187850994132013 ) ) ;
#1931 = AXIS2_PLACEMENT_3D ( 'NONE', #1114, #1703, #3469 ) ;
#1932 = VECTOR ( 'NONE', #3605, 1000.000000000000000 ) ;
#1933 = DIRECTION ( 'NONE',  ( -0.000000000000000000, -0.000000000000000000, -1.000000000000000000 ) ) ;
#1934 = EDGE_CURVE ( 'NONE', #3432, #3555, #460, .T. ) ;
#1935 = VERTEX_POINT ( 'NONE', #1852 ) ;
#1936 = B_SPLINE_CURVE_WITH_KNOTS ( 'NONE', 3,
 ( #1307, #3360, #1922, #733, #752, #2217, #2537, #2763, #1649, #120, #468, #3668, #1327, #1290, #1631, #3378, #2805, #2522, #3107, #175, #1345, #1005, #791, #1025, #3072, #3648, #3417, #3703, #153, #2823, #1962, #2235, #2467, #1908, #3396, #2786, #3129, #1612 ),
 .UNSPECIFIED., .F., .F.,
 ( 4, 2, 2, 2, 2, 2, 2, 2, 2, 2, 2, 2, 2, 2, 2, 2, 2, 2, 4 ),
 ( 0.01307569544533642575, 0.01413128406229040290, 0.01518687267924438006, 0.01624246129619835721, 0.01729804991315233437, 0.01835363853010631152, 0.01940922714706028868, 0.02046481576401426583, 0.02099261007249125441, 0.02152040438096824299, 0.02204819868944522809, 0.02257599299792221320, 0.02363158161487619036, 0.02468717023183016057, 0.02574275884878413079, 0.02679834746573810100, 0.02785393608269207469, 0.02890952469964604490, 0.02996511331660001859 ),
 .UNSPECIFIED. ) ;
#1937 = EDGE_CURVE ( 'NONE', #2301, #1337, #1812, .T. ) ;
#1938 = FACE_OUTER_BOUND ( 'NONE', #384, .T. ) ;
#1939 = AXIS2_PLACEMENT_3D ( 'NONE', #1356, #1591, #3643 ) ;
#1940 = DIRECTION ( 'NONE',  ( 0.000000000000000000, 0.000000000000000000, 1.000000000000000000 ) ) ;
#1941 = VERTEX_POINT ( 'NONE', #3023 ) ;
#1942 = LINE ( 'NONE', #1647, #3410 ) ;
#1943 = ORIENTED_EDGE ( 'NONE', *, *, #496, .T. ) ;
#1944 = DIRECTION ( 'NONE',  ( -0.000000000000000000, -1.000000000000000000, 0.000000000000000000 ) ) ;
#1945 = CARTESIAN_POINT ( 'NONE',  ( 18.55014331425558538, 3.083436288178094120, 5.008394041948632136 ) ) ;
#1946 = ORIENTED_EDGE ( 'NONE', *, *, #2781, .T. ) ;
#1947 = CARTESIAN_POINT ( 'NONE',  ( 5.000000000000000888, 22.50000000000000000, 43.00000000000000000 ) ) ;
#1948 = AXIS2_PLACEMENT_3D ( 'NONE', #3452, #850, #1137 ) ;
#1949 = CARTESIAN_POINT ( 'NONE',  ( -8.142857142857140573, -5.000000000000002665, 28.93845991166472231 ) ) ;
#1950 = CARTESIAN_POINT ( 'NONE',  ( -9.045894697252904848, -13.05507363670290566, 13.89498630104439414 ) ) ;
#1951 = LINE ( 'NONE', #1149, #1186 ) ;
#1952 = VERTEX_POINT ( 'NONE', #2751 ) ;
#1953 = CARTESIAN_POINT ( 'NONE',  ( -4.831755259136263803, 21.17208615688840467, 5.755187626650422494 ) ) ;
#1954 = AXIS2_PLACEMENT_3D ( 'NONE', #830, #3796, #3492 ) ;
#1955 = B_SPLINE_CURVE_WITH_KNOTS ( 'NONE', 3,
 ( #1157, #542, #1440, #3206, #2648, #3189 ),
 .UNSPECIFIED., .F., .F.,
 ( 4, 2, 4 ),
 ( 0.02994353863854842812, 0.03125665193905565603, 0.03256976523956288394 ),
 .UNSPECIFIED. ) ;
#1956 = DIRECTION ( 'NONE',  ( 0.8320502943378439431, 0.000000000000000000, 0.5547001962252288143 ) ) ;
#1957 = DIRECTION ( 'NONE',  ( 0.000000000000000000, 0.000000000000000000, -1.000000000000000000 ) ) ;
#1958 = DIRECTION ( 'NONE',  ( -0.000000000000000000, -0.000000000000000000, -1.000000000000000000 ) ) ;
#1959 = ORIENTED_EDGE ( 'NONE', *, *, #1183, .F. ) ;
#1960 = CARTESIAN_POINT ( 'NONE',  ( 14.49506144092042881, -23.38545211662433232, 5.121743162095309110 ) ) ;
#1961 = ORIENTED_EDGE ( 'NONE', *, *, #3624, .F. ) ;
#1962 = CARTESIAN_POINT ( 'NONE',  ( -3.983804496114521587, -19.46239598000975235, 6.667617179267741889 ) ) ;
#1963 = CARTESIAN_POINT ( 'NONE',  ( 9.947510018283686861, -14.13701202194048712, 10.71541218037326182 ) ) ;
#1964 = EDGE_LOOP ( 'NONE', ( #333, #3659, #3425 ) ) ;
#1965 = DIRECTION ( 'NONE',  ( -0.000000000000000000, -0.000000000000000000, -1.000000000000000000 ) ) ;
#1966 = AXIS2_PLACEMENT_3D ( 'NONE', #2976, #1200, #94 ) ;
#1967 = DIRECTION ( 'NONE',  ( 0.000000000000000000, 0.000000000000000000, 1.000000000000000000 ) ) ;
#1968 = CARTESIAN_POINT ( 'NONE',  ( -8.137012021940437378, -15.94751001828305803, 10.71541218037442000 ) ) ;
#1969 = CARTESIAN_POINT ( 'NONE',  ( 0.000000000000000000, 0.000000000000000000, 5.000000000000000000 ) ) ;
#1970 = ORIENTED_EDGE ( 'NONE', *, *, #2547, .F. ) ;
#1971 = ORIENTED_EDGE ( 'NONE', *, *, #577, .T. ) ;
#1972 = CARTESIAN_POINT ( 'NONE',  ( -5.000000000000000000, 22.15385221597789567, 5.406916608004405767 ) ) ;
#1973 = CARTESIAN_POINT ( 'NONE',  ( 8.000000000000000000, -5.000000000000002665, 19.64589803375030996 ) ) ;
#1974 = CIRCLE ( 'NONE', #687, 27.49999999999999645 ) ;
#1975 = ADVANCED_FACE ( 'NONE', ( #2398 ), #123, .F. ) ;
#1976 = EDGE_CURVE ( 'NONE', #3090, #192, #2302, .T. ) ;
#1977 = CARTESIAN_POINT ( 'NONE',  ( 10.44723455956523139, -17.87269546630435357, 6.548877818991357458 ) ) ;
#1978 = CARTESIAN_POINT ( 'NONE',  ( 22.50000000000000000, 0.000000000000000000, 4.500000000000001776 ) ) ;
#1979 = CARTESIAN_POINT ( 'NONE',  ( -19.00000000000000000, -3.570714214271425213, 5.000000000000000000 ) ) ;
#1980 = LINE ( 'NONE', #2023, #2013 ) ;
#1981 = ORIENTED_EDGE ( 'NONE', *, *, #2572, .F. ) ;
#1982 = ADVANCED_FACE ( 'NONE', ( #3575 ), #3613, .T. ) ;
#1983 = CARTESIAN_POINT ( 'NONE',  ( 9.000000000000001776, -10.00000000000000178, 27.49999999999999289 ) ) ;
#1984 = LINE ( 'NONE', #2199, #3211 ) ;
#1985 = EDGE_LOOP ( 'NONE', ( #202, #857, #49 ) ) ;
#1986 = CARTESIAN_POINT ( 'NONE',  ( -7.437572567899601417, 15.36464380658316919, 12.26775208315763699 ) ) ;
#1987 = EDGE_CURVE ( 'NONE', #1302, #3693, #1243, .T. ) ;
#1988 = VECTOR ( 'NONE', #1312, 1000.000000000000000 ) ;
#1989 = DIRECTION ( 'NONE',  ( 0.000000000000000000, 0.000000000000000000, 1.000000000000000000 ) ) ;
#1990 = CARTESIAN_POINT ( 'NONE',  ( -9.000000000000001776, -5.000000000000002665, 23.00000000000000000 ) ) ;
#1991 = ADVANCED_FACE ( 'NONE', ( #2434 ), #3290, .F. ) ;
#1992 = CYLINDRICAL_SURFACE ( 'NONE', #221, 1.000000000000000888 ) ;
#1993 = CARTESIAN_POINT ( 'NONE',  ( 6.015741454089334361, 14.99999999999999822, 36.90000000000000568 ) ) ;
#1994 = VERTEX_POINT ( 'NONE', #1566 ) ;
#1995 = ORIENTED_EDGE ( 'NONE', *, *, #2441, .F. ) ;
#1996 = AXIS2_PLACEMENT_3D ( 'NONE', #3254, #3632, #2983 ) ;
#1997 = CYLINDRICAL_SURFACE ( 'NONE', #433, 2.000000000000000000 ) ;
#1998 = DIRECTION ( 'NONE',  ( -0.000000000000000000, -1.000000000000000000, 0.000000000000000000 ) ) ;
#1999 = FACE_OUTER_BOUND ( 'NONE', #3621, .T. ) ;
#2000 = CARTESIAN_POINT ( 'NONE',  ( 8.142857142857142350, 4.999999999999998224, 28.93845991166471521 ) ) ;
#2001 = DIRECTION ( 'NONE',  ( 0.000000000000000000, -1.000000000000000000, 0.000000000000000000 ) ) ;
#2002 = VERTEX_POINT ( 'NONE', #1293 ) ;
#2003 = DIRECTION ( 'NONE',  ( -0.000000000000000000, 1.000000000000000000, -0.000000000000000000 ) ) ;
#2004 = DIRECTION ( 'NONE',  ( -1.000000000000000000, 0.000000000000000000, 0.000000000000000000 ) ) ;
#2005 = ORIENTED_EDGE ( 'NONE', *, *, #167, .F. ) ;
#2006 = EDGE_CURVE ( 'NONE', #1127, #2754, #578, .T. ) ;
#2007 = ORIENTED_EDGE ( 'NONE', *, *, #3778, .F. ) ;
#2008 = LINE ( 'NONE', #3151, #2112 ) ;
#2009 = FACE_OUTER_BOUND ( 'NONE', #1964, .T. ) ;
#2010 = EDGE_CURVE ( 'NONE', #892, #1710, #2965, .T. ) ;
#2011 = DIRECTION ( 'NONE',  ( 0.000000000000000000, -0.000000000000000000, -1.000000000000000000 ) ) ;
#2012 = CARTESIAN_POINT ( 'NONE',  ( 15.21582729579458970, 22.92292236827312735, 5.204687354259523779 ) ) ;
#2013 = VECTOR ( 'NONE', #2001, 1000.000000000000000 ) ;
#2014 = ORIENTED_EDGE ( 'NONE', *, *, #761, .T. ) ;
#2015 = ADVANCED_FACE ( 'NONE', ( #414, #338 ), #1227, .T. ) ;
#2016 = DIRECTION ( 'NONE',  ( 0.000000000000000000, 0.000000000000000000, -1.000000000000000000 ) ) ;
#2017 = DIRECTION ( 'NONE',  ( 0.000000000000000000, 0.000000000000000000, 1.000000000000000000 ) ) ;
#2018 = AXIS2_PLACEMENT_3D ( 'NONE', #2176, #3338, #709 ) ;
#2019 = CARTESIAN_POINT ( 'NONE',  ( 7.714285714285714413, -5.000000000000002665, 18.68758318625040005 ) ) ;
#2020 = B_SPLINE_CURVE_WITH_KNOTS ( 'NONE', 3,
 ( #3331, #2753, #3350, #1314 ),
 .UNSPECIFIED., .F., .F.,
 ( 4, 4 ),
 ( 0.0003632852654193813270, 0.003655611603907678656 ),
 .UNSPECIFIED. ) ;
#2021 = DIRECTION ( 'NONE',  ( -0.000000000000000000, 1.000000000000000000, -0.000000000000000000 ) ) ;
#2022 = CIRCLE ( 'NONE', #1530, 1.000000000000000888 ) ;
#2023 = CARTESIAN_POINT ( 'NONE',  ( -8.142857142857140573, -10.00000000000000178, 17.06154008833527769 ) ) ;
#2024 = ORIENTED_EDGE ( 'NONE', *, *, #2166, .F. ) ;
#2025 = CARTESIAN_POINT ( 'NONE',  ( -6.999999999999999112, 12.99999999999999645, 35.00000000000000000 ) ) ;
#2026 = CARTESIAN_POINT ( 'NONE',  ( -9.000000000000001776, 9.999999999999998224, 27.50000000000000000 ) ) ;
#2027 = ORIENTED_EDGE ( 'NONE', *, *, #2520, .T. ) ;
#2028 = ORIENTED_EDGE ( 'NONE', *, *, #3523, .T. ) ;
#2029 = CARTESIAN_POINT ( 'NONE',  ( -14.80526212608089587, 21.50438510505343359, 5.565903942086319667 ) ) ;
#2030 = DIRECTION ( 'NONE',  ( -0.000000000000000000, 1.000000000000000000, -0.000000000000000000 ) ) ;
#2031 = CARTESIAN_POINT ( 'NONE',  ( -9.000000000000001776, -10.00000000000000178, 16.07179676972448945 ) ) ;
#2032 = DIRECTION ( 'NONE',  ( 0.000000000000000000, 0.000000000000000000, 1.000000000000000000 ) ) ;
#2033 = PRESENTATION_LAYER_ASSIGNMENT (  '', '', ( #2457 ) ) ;
#2034 = ORIENTED_EDGE ( 'NONE', *, *, #965, .T. ) ;
#2035 =( BOUNDED_CURVE ( )  B_SPLINE_CURVE ( 3, ( #3354, #1863, #2462, #462 ),
 .UNSPECIFIED., .F., .F. ) 
 B_SPLINE_CURVE_WITH_KNOTS ( ( 4, 4 ),
 ( 1.570796326794896780, 3.141592653589793116 ),
 .UNSPECIFIED. ) 
 CURVE ( )  GEOMETRIC_REPRESENTATION_ITEM ( )  RATIONAL_B_SPLINE_CURVE ( ( 1.000000000000000000, 0.8047378541243650485, 0.8047378541243650485, 1.000000000000000000 ) ) 
 REPRESENTATION_ITEM ( '' )  );
#2036 = DIRECTION ( 'NONE',  ( 0.000000000000000000, 0.000000000000000000, 1.000000000000000000 ) ) ;
#2037 = CYLINDRICAL_SURFACE ( 'NONE', #1134, 4.500000000000000888 ) ;
#2038 = CARTESIAN_POINT ( 'NONE',  ( 16.50000000000000000, 21.99999999999999645, 5.317541634481456114 ) ) ;
#2039 = CARTESIAN_POINT ( 'NONE',  ( 17.36489587564348014, -21.35132809326738723, 5.094226479643412020 ) ) ;
#2040 = CARTESIAN_POINT ( 'NONE',  ( 2.999999999999988898, 22.50000000000000000, 0.000000000000000000 ) ) ;
#2041 = ORIENTED_EDGE ( 'NONE', *, *, #2181, .T. ) ;
#2042 = CYLINDRICAL_SURFACE ( 'NONE', #59, 1.000000000000000888 ) ;
#2043 = CARTESIAN_POINT ( 'NONE',  ( 22.50000000000000000, 0.000000000000000000, 4.500000000000001776 ) ) ;
#2044 = VERTEX_POINT ( 'NONE', #104 ) ;
#2045 = ORIENTED_EDGE ( 'NONE', *, *, #3174, .T. ) ;
#2046 = DIRECTION ( 'NONE',  ( 0.000000000000000000, 0.000000000000000000, -1.000000000000000000 ) ) ;
#2047 = EDGE_CURVE ( 'NONE', #3551, #2993, #2910, .T. ) ;
#2048 = CARTESIAN_POINT ( 'NONE',  ( 5.191069289008782839, 14.59933367980218932, 37.65137548993603644 ) ) ;
#2049 = CARTESIAN_POINT ( 'NONE',  ( -6.234221013331977090, 14.25634436758630486, 38.51692671166832582 ) ) ;
#2050 = CARTESIAN_POINT ( 'NONE',  ( 0.000000000000000000, 22.50000000000000000, 0.000000000000000000 ) ) ;
#2051 = EDGE_CURVE ( 'NONE', #995, #605, #1279, .T. ) ;
#2052 = CONICAL_SURFACE ( 'NONE', #2778, 2.500000000000000000, 0.7853981633974400633 ) ;
#2053 = VERTEX_POINT ( 'NONE', #1386 ) ;
#2054 = CARTESIAN_POINT ( 'NONE',  ( -18.17455542544989555, 2.530122160973390599, 5.032365549739299837 ) ) ;
#2055 = EDGE_CURVE ( 'NONE', #53, #117, #1924, .T. ) ;
#2056 = CARTESIAN_POINT ( 'NONE',  ( 18.76429332397584204, -3.339675459395069268, 5.000000000000000000 ) ) ;
#2057 = CARTESIAN_POINT ( 'NONE',  ( -9.000000000000001776, 12.99999999999999645, 29.92820323027551055 ) ) ;
#2058 = CARTESIAN_POINT ( 'NONE',  ( 9.134219493091556785, 16.77851624424296517, 9.280518160964682295 ) ) ;
#2059 = CARTESIAN_POINT ( 'NONE',  ( 6.515741454089334361, -5.000000000000000000, 38.40000000000000568 ) ) ;
#2060 = ORIENTED_EDGE ( 'NONE', *, *, #56, .T. ) ;
#2061 = CARTESIAN_POINT ( 'NONE',  ( 24.99999999999999645, 0.000000000000000000, 4.500000000000001776 ) ) ;
#2062 = EDGE_CURVE ( 'NONE', #2238, #3377, #2256, .T. ) ;
#2063 = DIRECTION ( 'NONE',  ( 1.000000000000000000, 0.000000000000000000, 0.000000000000000000 ) ) ;
#2064 = ORIENTED_EDGE ( 'NONE', *, *, #340, .F. ) ;
#2065 = ORIENTED_EDGE ( 'NONE', *, *, #2949, .T. ) ;
#2066 = CARTESIAN_POINT ( 'NONE',  ( -10.99381742950714624, 16.99381742950714624, 8.942865653322447983 ) ) ;
#2067 = CARTESIAN_POINT ( 'NONE',  ( 5.768576191743140846, 14.50945173141061950, 38.26772116592985640 ) ) ;
#2068 = CIRCLE ( 'NONE', #101, 2.999999999999988898 ) ;
#2069 = DIRECTION ( 'NONE',  ( 0.5547001962252292584, 0.000000000000000000, 0.8320502943378436100 ) ) ;
#2070 = DIRECTION ( 'NONE',  ( 0.000000000000000000, 0.000000000000000000, 1.000000000000000000 ) ) ;
#2071 = ORIENTED_EDGE ( 'NONE', *, *, #1262, .T. ) ;
#2072 = CARTESIAN_POINT ( 'NONE',  ( 4.830814320476328305, 21.16860441481722077, 5.756620239448563936 ) ) ;
#2073 = VECTOR ( 'NONE', #3415, 1000.000000000000000 ) ;
#2074 = CARTESIAN_POINT ( 'NONE',  ( 8.142857142857142350, 9.999999999999998224, 17.06154008833527058 ) ) ;
#2075 = DIRECTION ( 'NONE',  ( 6.672013369141566696E-17, -1.000000000000000000, -0.000000000000000000 ) ) ;
#2076 = CARTESIAN_POINT ( 'NONE',  ( -16.49999999999999645, 21.99999999999999645, 5.317541634481457891 ) ) ;
#2077 = VECTOR ( 'NONE', #1718, 1000.000000000000000 ) ;
#2078 = VERTEX_POINT ( 'NONE', #2526 ) ;
#2079 = CYLINDRICAL_SURFACE ( 'NONE', #1966, 10.00000000000000000 ) ;
#2080 = CARTESIAN_POINT ( 'NONE',  ( 19.00000000000000355, 19.88089535207103964, 5.000000000000000000 ) ) ;
#2081 = ORIENTED_EDGE ( 'NONE', *, *, #1097, .T. ) ;
#2082 = EDGE_LOOP ( 'NONE', ( #1049, #543, #1391, #1142 ) ) ;
#2083 = DIRECTION ( 'NONE',  ( -0.000000000000000000, -0.000000000000000000, -1.000000000000000000 ) ) ;
#2084 = CARTESIAN_POINT ( 'NONE',  ( 3.946586416175976719, 14.94794535147238967, 37.42349577321923704 ) ) ;
#2085 = CARTESIAN_POINT ( 'NONE',  ( -6.666006118714255635, 13.86584375648458867, 38.74801108722509468 ) ) ;
#2086 = FACE_OUTER_BOUND ( 'NONE', #2984, .T. ) ;
#2087 = ORIENTED_EDGE ( 'NONE', *, *, #1189, .F. ) ;
#2088 = CARTESIAN_POINT ( 'NONE',  ( 5.000000000000013323, 22.32902495550311528, 5.361687201145022286 ) ) ;
#2089 = CARTESIAN_POINT ( 'NONE',  ( -4.330127018922195425, 24.99999999999999645, 5.000000000000000000 ) ) ;
#2090 = VECTOR ( 'NONE', #1170, 1000.000000000000114 ) ;
#2091 = CARTESIAN_POINT ( 'NONE',  ( 6.015741454089334361, -4.500000000000000888, 38.90000000000000568 ) ) ;
#2092 = AXIS2_PLACEMENT_3D ( 'NONE', #2645, #3260, #20 ) ;
#2093 = CARTESIAN_POINT ( 'NONE',  ( 14.80526212607812120, 21.50438510505928846, 5.565903942084856837 ) ) ;
#2094 = EDGE_CURVE ( 'NONE', #423, #3590, #2841, .T. ) ;
#2095 = VERTEX_POINT ( 'NONE', #3076 ) ;
#2096 = DIRECTION ( 'NONE',  ( 6.672013369141566696E-17, -1.000000000000000000, -0.000000000000000000 ) ) ;
#2097 = ORIENTED_EDGE ( 'NONE', *, *, #906, .T. ) ;
#2098 = CARTESIAN_POINT ( 'NONE',  ( 8.000000000000000000, -10.00000000000000178, 26.35410196624967583 ) ) ;
#2099 = ORIENTED_EDGE ( 'NONE', *, *, #1091, .F. ) ;
#2100 = ORIENTED_EDGE ( 'NONE', *, *, #2855, .F. ) ;
#2101 = EDGE_CURVE ( 'NONE', #1941, #2745, #2190, .T. ) ;
#2102 = CARTESIAN_POINT ( 'NONE',  ( -7.055073636702904771, 15.04589469725290662, 13.89498630104439414 ) ) ;
#2103 = ADVANCED_FACE ( 'NONE', ( #3651 ), #215, .T. ) ;
#2104 = CARTESIAN_POINT ( 'NONE',  ( 11.45864962580695590, -15.95037955096795557, 8.409605308717043926 ) ) ;
#2105 = DIRECTION ( 'NONE',  ( 0.000000000000000000, -1.000000000000000000, 0.000000000000000000 ) ) ;
#2106 = ADVANCED_FACE ( 'NONE', ( #3723 ), #156, .T. ) ;
#2107 = ORIENTED_EDGE ( 'NONE', *, *, #735, .T. ) ;
#2108 = CARTESIAN_POINT ( 'NONE',  ( 2.306438459309913203, 18.06083063298322600, 7.798636424945025070 ) ) ;
#2109 = EDGE_CURVE ( 'NONE', #3555, #676, #3671, .T. ) ;
#2110 = DIRECTION ( 'NONE',  ( -0.000000000000000000, -0.000000000000000000, 1.000000000000000000 ) ) ;
#2111 =( BOUNDED_SURFACE ( )  B_SPLINE_SURFACE ( 3, 2, ( 
 ( #1144, #2312, #3481 ),
 ( #1122, #3745, #2029 ),
 ( #295, #3196, #2293 ),
 ( #1735, #2275, #1487 ),
 ( #275, #1447, #896 ),
 ( #880, #3784, #1165 ),
 ( #12, #2066, #2332 ),
 ( #1754, #1104, #3501 ),
 ( #3212, #2927, #1467 ),
 ( #2638, #1181, #3439 ),
 ( #1692, #2352, #3233 ),
 ( #817, #606, #1986 ),
 ( #528, #2867, #237 ),
 ( #1405, #2580, #2102 ),
 ( #99, #2678, #1561 ),
 ( #3017, #390, #50 ) ),
 .UNSPECIFIED., .F., .F., .F. ) 
 B_SPLINE_SURFACE_WITH_KNOTS ( ( 4, 2, 2, 2, 2, 2, 2, 4 ),
 ( 3, 3 ),
 ( 1.815567885507058721, 2.147074077527742375, 2.312827173538083869, 2.478580269548425807, 2.644333365558767746, 2.810086461569109240, 2.975839557579451178, 3.141592653589793116 ),
 ( 0.000000000000000000, 1.000000000000000000 ),
 .UNSPECIFIED. ) 
 GEOMETRIC_REPRESENTATION_ITEM ( )  RATIONAL_B_SPLINE_SURFACE ( (
 ( 1.000000000000000000, 0.9852090878692685294, 1.000000000000000000),
 ( 1.000000000000000000, 0.9721093696620431990, 1.000000000000000000),
 ( 1.000000000000000000, 0.9501449511030888306, 1.000000000000000000),
 ( 1.000000000000000000, 0.9091100869209153279, 1.000000000000000000),
 ( 1.000000000000000000, 0.8941048849216217675, 1.000000000000000000),
 ( 1.000000000000000000, 0.8627747139487125239, 1.000000000000000000),
 ( 1.000000000000000000, 0.8464507616429404191, 1.000000000000000000),
 ( 1.000000000000000000, 0.8141712004418533155, 1.000000000000000000),
 ( 1.000000000000000000, 0.7982203961956283456, 1.000000000000000000),
 ( 1.000000000000000000, 0.7686533622717726111, 1.000000000000000000),
 ( 1.000000000000000000, 0.7550487523665733169, 1.000000000000000000),
 ( 1.000000000000000000, 0.7321830027753352121, 1.000000000000000000),
 ( 1.000000000000000000, 0.7229400110775199284, 1.000000000000000000),
 ( 1.000000000000000000, 0.7103941441051575545, 1.000000000000000000),
 ( 1.000000000000000000, 0.7070885141522353923, 1.000000000000000000),
 ( 1.000000000000000000, 0.7071067811865473507, 1.000000000000000000) ) ) 
 REPRESENTATION_ITEM ( '' )  SURFACE ( )  );
#2112 = VECTOR ( 'NONE', #3171, 1000.000000000000000 ) ;
#2113 = LINE ( 'NONE', #346, #3602 ) ;
#2114 = CIRCLE ( 'NONE', #1368, 4.500000000000000888 ) ;
#2115 = CARTESIAN_POINT ( 'NONE',  ( 15.15630846487820627, 21.15630846488145167, 5.680811983695266854 ) ) ;
#2116 = VERTEX_POINT ( 'NONE', #2808 ) ;
#2117 = CARTESIAN_POINT ( 'NONE',  ( 2.500000000000000000, 22.50000000000000000, 0.4999999999999943934 ) ) ;
#2118 = CIRCLE ( 'NONE', #2604, 4.499999999999997335 ) ;
#2119 = AXIS2_PLACEMENT_3D ( 'NONE', #357, #2701, #1874 ) ;
#2120 = DIRECTION ( 'NONE',  ( -1.000000000000000000, 0.000000000000000000, 0.000000000000000000 ) ) ;
#2121 = VERTEX_POINT ( 'NONE', #774 ) ;
#2122 = VERTEX_POINT ( 'NONE', #489 ) ;
#2123 = DIRECTION ( 'NONE',  ( 1.000000000000000000, 0.000000000000000000, 0.000000000000000000 ) ) ;
#2124 = EDGE_CURVE ( 'NONE', #1222, #3555, #2826, .T. ) ;
#2125 = FACE_BOUND ( 'NONE', #329, .T. ) ;
#2126 = CARTESIAN_POINT ( 'NONE',  ( 9.000000000000001776, 4.999999999999998224, 22.99999999999999289 ) ) ;
#2127 = ORIENTED_EDGE ( 'NONE', *, *, #79, .T. ) ;
#2128 = ADVANCED_FACE ( 'NONE', ( #3401 ), #2222, .T. ) ;
#2129 = CARTESIAN_POINT ( 'NONE',  ( 2.159497675850751364, 17.98739214706736789, 7.870337592485878275 ) ) ;
#2130 = CARTESIAN_POINT ( 'NONE',  ( 17.82644396233320094, -1.784755812586413359, 5.068890085059495121 ) ) ;
#2131 = DIRECTION ( 'NONE',  ( -0.000000000000000000, -0.000000000000000000, -1.000000000000000000 ) ) ;
#2132 = CARTESIAN_POINT ( 'NONE',  ( 11.90518678259981478, 19.08765565216666360, 6.916099211026129900 ) ) ;
#2133 = ORIENTED_EDGE ( 'NONE', *, *, #2220, .T. ) ;
#2134 = CARTESIAN_POINT ( 'NONE',  ( 6.431766601258255278, -5.000000000000000000, 38.12264990188738523 ) ) ;
#2135 = CARTESIAN_POINT ( 'NONE',  ( 0.000000000000000000, -22.50000000000000000, 5.000000000000000000 ) ) ;
#2136 = ORIENTED_EDGE ( 'NONE', *, *, #1418, .F. ) ;
#2137 = EDGE_LOOP ( 'NONE', ( #2493, #1581, #280, #2592 ) ) ;
#2138 = CARTESIAN_POINT ( 'NONE',  ( 22.50000000000000000, 0.000000000000000000, 43.00000000000000000 ) ) ;
#2139 = VECTOR ( 'NONE', #1579, 1000.000000000000000 ) ;
#2140 = CIRCLE ( 'NONE', #2992, 1.000000000000000888 ) ;
#2141 = CARTESIAN_POINT ( 'NONE',  ( -13.00902242460538893, 24.24358703721669528, 5.019290483484801335 ) ) ;
#2142 = ORIENTED_EDGE ( 'NONE', *, *, #864, .F. ) ;
#2143 = CARTESIAN_POINT ( 'NONE',  ( -9.000000000000001776, 4.999999999999998224, 23.00000000000000000 ) ) ;
#2144 = CIRCLE ( 'NONE', #486, 1.000000000000000888 ) ;
#2145 = EDGE_CURVE ( 'NONE', #3119, #2909, #432, .T. ) ;
#2146 = ORIENTED_EDGE ( 'NONE', *, *, #3020, .F. ) ;
#2147 = CARTESIAN_POINT ( 'NONE',  ( 0.000000000000000000, 0.000000000000000000, 5.000000000000000000 ) ) ;
#2148 = CARTESIAN_POINT ( 'NONE',  ( 9.000000000000001776, 9.999999999999998224, 22.99999999999999289 ) ) ;
#2149 = ADVANCED_FACE ( 'NONE', ( #3057 ), #3095, .F. ) ;
#2150 = DIRECTION ( 'NONE',  ( -0.000000000000000000, 1.000000000000000000, -0.000000000000000000 ) ) ;
#2151 = FACE_OUTER_BOUND ( 'NONE', #1867, .T. ) ;
#2152 = VECTOR ( 'NONE', #2594, 1000.000000000000000 ) ;
#2153 = ORIENTED_EDGE ( 'NONE', *, *, #3633, .T. ) ;
#2154 = CARTESIAN_POINT ( 'NONE',  ( -9.000000000000001776, 12.99999999999999645, 19.64589803375031352 ) ) ;
#2155 =( BOUNDED_CURVE ( )  B_SPLINE_CURVE ( 3, ( #111, #2192, #3371, #1901 ),
 .UNSPECIFIED., .F., .F. ) 
 B_SPLINE_CURVE_WITH_KNOTS ( ( 4, 4 ),
 ( 1.570796326794896780, 3.141592653589793116 ),
 .UNSPECIFIED. ) 
 CURVE ( )  GEOMETRIC_REPRESENTATION_ITEM ( )  RATIONAL_B_SPLINE_CURVE ( ( 1.000000000000000000, 0.8047378541243650485, 0.8047378541243650485, 1.000000000000000000 ) ) 
 REPRESENTATION_ITEM ( '' )  );
#2156 = CARTESIAN_POINT ( 'NONE',  ( 7.000000000000000888, -15.00000000000000178, 15.00000000000000000 ) ) ;
#2157 = ADVANCED_FACE ( 'NONE', ( #447 ), #737, .F. ) ;
#2158 = ORIENTED_EDGE ( 'NONE', *, *, #2775, .T. ) ;
#2159 = EDGE_LOOP ( 'NONE', ( #86, #3758, #388, #2560 ) ) ;
#2160 = CARTESIAN_POINT ( 'NONE',  ( 9.000000000000001776, -13.00000000000000178, 26.35410196624967583 ) ) ;
#2161 = CARTESIAN_POINT ( 'NONE',  ( 8.000000000000000000, 4.999999999999998224, 26.35410196624967583 ) ) ;
#2162 = EDGE_CURVE ( 'NONE', #3119, #3037, #3388, .T. ) ;
#2163 = CARTESIAN_POINT ( 'NONE',  ( 11.35428408264567857, -17.35428408264858646, 8.492290919120028647 ) ) ;
#2164 = ORIENTED_EDGE ( 'NONE', *, *, #1928, .F. ) ;
#2165 = CARTESIAN_POINT ( 'NONE',  ( -27.49999999999999645, 0.000000000000000000, 5.000000000000000000 ) ) ;
#2166 = EDGE_CURVE ( 'NONE', #3505, #2178, #1672, .T. ) ;
#2167 = AXIS2_PLACEMENT_3D ( 'NONE', #1756, #3502, #1716 ) ;
#2168 = ORIENTED_EDGE ( 'NONE', *, *, #2668, .F. ) ;
#2169 = CIRCLE ( 'NONE', #2834, 1.000000000000000888 ) ;
#2170 = DIRECTION ( 'NONE',  ( 1.000000000000000000, 0.000000000000000000, 0.000000000000000000 ) ) ;
#2171 = ORIENTED_EDGE ( 'NONE', *, *, #2010, .T. ) ;
#2172 = DIRECTION ( 'NONE',  ( 0.000000000000000000, 1.000000000000000000, 0.000000000000000000 ) ) ;
#2173 = EDGE_LOOP ( 'NONE', ( #2368, #1028, #3323, #2005 ) ) ;
#2174 = VECTOR ( 'NONE', #353, 1000.000000000000000 ) ;
#2175 = AXIS2_PLACEMENT_3D ( 'NONE', #1773, #564, #2063 ) ;
#2176 = CARTESIAN_POINT ( 'NONE',  ( 0.000000000000000000, -22.50000000000000000, 5.000000000000000000 ) ) ;
#2177 = DIRECTION ( 'NONE',  ( 1.000000000000000000, -0.000000000000000000, -0.000000000000000000 ) ) ;
#2178 = VERTEX_POINT ( 'NONE', #2508 ) ;
#2179 = CYLINDRICAL_SURFACE ( 'NONE', #1764, 5.000000000000000888 ) ;
#2180 =( BOUNDED_CURVE ( )  B_SPLINE_CURVE ( 3, ( #5, #3475, #2272, #2884 ),
 .UNSPECIFIED., .F., .F. ) 
 B_SPLINE_CURVE_WITH_KNOTS ( ( 4, 4 ),
 ( 1.570796326794896558, 3.141592653589793116 ),
 .UNSPECIFIED. ) 
 CURVE ( )  GEOMETRIC_REPRESENTATION_ITEM ( )  RATIONAL_B_SPLINE_CURVE ( ( 1.000000000000000000, 0.8047378541243649375, 0.8047378541243649375, 1.000000000000000000 ) ) 
 REPRESENTATION_ITEM ( '' )  );
#2181 = EDGE_CURVE ( 'NONE', #655, #426, #471, .T. ) ;
#2182 = DIRECTION ( 'NONE',  ( 0.000000000000000000, 0.000000000000000000, 1.000000000000000000 ) ) ;
#2183 = AXIS2_PLACEMENT_3D ( 'NONE', #809, #3374, #1918 ) ;
#2184 = CARTESIAN_POINT ( 'NONE',  ( -15.21582729579455950, 22.92292236827314866, 5.204687354259517562 ) ) ;
#2185 = ORIENTED_EDGE ( 'NONE', *, *, #3448, .T. ) ;
#2186 = DIRECTION ( 'NONE',  ( 0.7071067811865435759, 8.659560562354884787E-17, -0.7071067811865514585 ) ) ;
#2187 = ORIENTED_EDGE ( 'NONE', *, *, #982, .F. ) ;
#2188 = CARTESIAN_POINT ( 'NONE',  ( -6.999999999999999112, -15.00000000000000178, 35.00000000000000000 ) ) ;
#2189 = VERTEX_POINT ( 'NONE', #839 ) ;
#2190 = B_SPLINE_CURVE_WITH_KNOTS ( 'NONE', 3,
 ( #3420, #3688, #2848, #2561 ),
 .UNSPECIFIED., .F., .F.,
 ( 4, 4 ),
 ( 0.000000000000000000, 0.003292326338488297654 ),
 .UNSPECIFIED. ) ;
#2191 = AXIS2_PLACEMENT_3D ( 'NONE', #3083, #1625, #689 ) ;
#2192 = CARTESIAN_POINT ( 'NONE',  ( 4.854793772651841088, 14.99999999999999822, 38.07157287525380696 ) ) ;
#2193 = ORIENTED_EDGE ( 'NONE', *, *, #1780, .F. ) ;
#2194 = CARTESIAN_POINT ( 'NONE',  ( -22.50000000000000000, 0.000000000000000000, 5.000000000000000000 ) ) ;
#2195 = DIRECTION ( 'NONE',  ( -0.000000000000000000, -1.000000000000000000, -0.000000000000000000 ) ) ;
#2196 = DIRECTION ( 'NONE',  ( -1.000000000000000000, 0.000000000000000000, 0.000000000000000000 ) ) ;
#2197 = DIRECTION ( 'NONE',  ( 0.000000000000000000, 0.000000000000000000, 1.000000000000000000 ) ) ;
#2198 = DIRECTION ( 'NONE',  ( -0.000000000000000000, -1.000000000000000000, -0.000000000000000000 ) ) ;
#2199 = CARTESIAN_POINT ( 'NONE',  ( -2.500000000000000000, -22.50000000000000000, 4.500000000000003553 ) ) ;
#2200 = ORIENTED_EDGE ( 'NONE', *, *, #297, .F. ) ;
#2201 = CARTESIAN_POINT ( 'NONE',  ( 2.999999999999988898, 22.50000000000000000, 0.000000000000000000 ) ) ;
#2202 = CONICAL_SURFACE ( 'NONE', #2689, 2.999999999999988898, 0.7853981633974427279 ) ;
#2203 = AXIS2_PLACEMENT_3D ( 'NONE', #2269, #810, #3356 ) ;
#2204 = CIRCLE ( 'NONE', #2748, 2.999999999999988898 ) ;
#2205 = ORIENTED_EDGE ( 'NONE', *, *, #2416, .F. ) ;
#2206 = DIRECTION ( 'NONE',  ( 0.000000000000000000, 0.000000000000000000, 1.000000000000000000 ) ) ;
#2207 = VERTEX_POINT ( 'NONE', #3522 ) ;
#2208 = CARTESIAN_POINT ( 'NONE',  ( 9.000000000000005329, 13.00000000000000355, 14.99999999999997335 ) ) ;
#2209 = ORIENTED_EDGE ( 'NONE', *, *, #3576, .T. ) ;
#2210 = DIRECTION ( 'NONE',  ( 0.000000000000000000, 0.000000000000000000, 1.000000000000000000 ) ) ;
#2211 = LINE ( 'NONE', #3644, #956 ) ;
#2212 = EDGE_LOOP ( 'NONE', ( #2014, #3014, #1902, #834, #1221, #3306 ) ) ;
#2213 = EDGE_CURVE ( 'NONE', #2178, #2909, #452, .T. ) ;
#2214 = EDGE_CURVE ( 'NONE', #3333, #1344, #3756, .T. ) ;
#2215 = DIRECTION ( 'NONE',  ( -0.000000000000000000, -0.000000000000000000, -1.000000000000000000 ) ) ;
#2216 = ORIENTED_EDGE ( 'NONE', *, *, #299, .T. ) ;
#2217 = CARTESIAN_POINT ( 'NONE',  ( 4.481388836755683336, -20.25932982086187195, 6.188901092838464457 ) ) ;
#2218 = CONICAL_SURFACE ( 'NONE', #1785, 27.49999999999999645, 0.7853981633974482790 ) ;
#2219 = CARTESIAN_POINT ( 'NONE',  ( 7.055073636703498963, -15.04589469725302031, 13.89498630104371557 ) ) ;
#2220 = EDGE_CURVE ( 'NONE', #2078, #29, #2008, .T. ) ;
#2221 = ORIENTED_EDGE ( 'NONE', *, *, #79, .F. ) ;
#2222 = CYLINDRICAL_SURFACE ( 'NONE', #1308, 0.5000000000000004441 ) ;
#2223 = EDGE_CURVE ( 'NONE', #1347, #488, #2420, .T. ) ;
#2224 = CARTESIAN_POINT ( 'NONE',  ( 22.50000000000000000, 0.000000000000000000, 5.000000000000000000 ) ) ;
#2225 = DIRECTION ( 'NONE',  ( -0.8320502943378438321, 0.000000000000000000, 0.5547001962252289253 ) ) ;
#2226 = CARTESIAN_POINT ( 'NONE',  ( 7.000000000000000888, 14.99999999999999822, 15.00000000000000000 ) ) ;
#2227 = EDGE_CURVE ( 'NONE', #236, #1739, #952, .T. ) ;
#2228 = CARTESIAN_POINT ( 'NONE',  ( 27.49999999999999645, 3.367778697655220913E-15, 5.000000000000000000 ) ) ;
#2229 = ORIENTED_EDGE ( 'NONE', *, *, #740, .T. ) ;
#2230 = DIRECTION ( 'NONE',  ( -0.000000000000000000, -0.000000000000000000, -1.000000000000000000 ) ) ;
#2231 = DIRECTION ( 'NONE',  ( 0.000000000000000000, 0.000000000000000000, 1.000000000000000000 ) ) ;
#2232 = DIRECTION ( 'NONE',  ( 0.000000000000000000, 0.000000000000000000, -1.000000000000000000 ) ) ;
#2233 = CYLINDRICAL_SURFACE ( 'NONE', #3541, 2.000000000000000000 ) ;
#2234 = EDGE_LOOP ( 'NONE', ( #1299, #3246, #1062, #293 ) ) ;
#2235 = CARTESIAN_POINT ( 'NONE',  ( -4.331153892950093010, -19.98229421871686995, 6.344580284820140470 ) ) ;
#2236 = VECTOR ( 'NONE', #2105, 1000.000000000000000 ) ;
#2237 = DIRECTION ( 'NONE',  ( 0.000000000000000000, -1.000000000000000000, 0.000000000000000000 ) ) ;
#2238 = VERTEX_POINT ( 'NONE', #1427 ) ;
#2239 = CARTESIAN_POINT ( 'NONE',  ( 2.500000000000000000, 22.50000000000000000, 5.000000000000000000 ) ) ;
#2240 = CARTESIAN_POINT ( 'NONE',  ( -2.999999999999988898, 22.50000000000000000, 0.000000000000000000 ) ) ;
#2241 = CARTESIAN_POINT ( 'NONE',  ( -9.661727888732299263, -15.66172788873230459, 11.32259612066966348 ) ) ;
#2242 = AXIS2_PLACEMENT_3D ( 'NONE', #2705, #2934, #41 ) ;
#2243 = CARTESIAN_POINT ( 'NONE',  ( -6.015741454089333473, -5.000000000000000000, 38.40000000000000568 ) ) ;
#2244 = ORIENTED_EDGE ( 'NONE', *, *, #974, .F. ) ;
#2245 = CARTESIAN_POINT ( 'NONE',  ( -16.49999999999999289, -22.00000000000000000, 5.317541634481458779 ) ) ;
#2246 = DIRECTION ( 'NONE',  ( -0.000000000000000000, -1.000000000000000000, 0.000000000000000000 ) ) ;
#2247 = CARTESIAN_POINT ( 'NONE',  ( 8.000000000000000000, 4.999999999999998224, 19.64589803375030996 ) ) ;
#2248 = CARTESIAN_POINT ( 'NONE',  ( 7.000000000000000888, 14.99999999999999822, 35.00000000000000000 ) ) ;
#2249 = VERTEX_POINT ( 'NONE', #3764 ) ;
#2250 = DIRECTION ( 'NONE',  ( -0.000000000000000000, -0.000000000000000000, -1.000000000000000000 ) ) ;
#2251 = ORIENTED_EDGE ( 'NONE', *, *, #1418, .T. ) ;
#2252 = CARTESIAN_POINT ( 'NONE',  ( -8.000000000000000000, 9.999999999999998224, 26.35410196624968648 ) ) ;
#2253 = CIRCLE ( 'NONE', #1089, 1.000000000000000888 ) ;
#2254 = CARTESIAN_POINT ( 'NONE',  ( 7.869150642018755804, -15.72429220168175235, 11.22289628242432258 ) ) ;
#2255 = ORIENTED_EDGE ( 'NONE', *, *, #1021, .F. ) ;
#2256 = LINE ( 'NONE', #1947, #1613 ) ;
#2257 = LINE ( 'NONE', #2240, #2996 ) ;
#2258 = CARTESIAN_POINT ( 'NONE',  ( -16.57665300958348809, -22.09198361150018641, 5.298072904621514034 ) ) ;
#2259 = CARTESIAN_POINT ( 'NONE',  ( 19.49999999999998934, 0.000000000000000000, 0.000000000000000000 ) ) ;
#2260 = ADVANCED_FACE ( 'NONE', ( #315 ), #2111, .T. ) ;
#2261 = VERTEX_POINT ( 'NONE', #3034 ) ;
#2262 = CARTESIAN_POINT ( 'NONE',  ( -3.783013506775219970, 19.21588908481482605, 6.837839691192233893 ) ) ;
#2263 = AXIS2_PLACEMENT_3D ( 'NONE', #2421, #305, #1232 ) ;
#2264 = CARTESIAN_POINT ( 'NONE',  ( -9.000000000000001776, 4.999999999999998224, 27.50000000000000000 ) ) ;
#2265 = EDGE_CURVE ( 'NONE', #2909, #1926, #1546, .T. ) ;
#2266 = DIRECTION ( 'NONE',  ( -6.672013369141566696E-17, 1.000000000000000000, 0.000000000000000000 ) ) ;
#2267 = CARTESIAN_POINT ( 'NONE',  ( 0.000000000000000000, 22.50000000000000000, 43.00000000000000000 ) ) ;
#2268 = EDGE_CURVE ( 'NONE', #192, #3551, #695, .T. ) ;
#2269 = CARTESIAN_POINT ( 'NONE',  ( 8.000000000000000000, -10.00000000000000178, 16.07179676972448590 ) ) ;
#2270 = CARTESIAN_POINT ( 'NONE',  ( -7.714285714285715301, 4.999999999999998224, 18.68758318625040360 ) ) ;
#2271 = ORIENTED_EDGE ( 'NONE', *, *, #2729, .F. ) ;
#2272 = CARTESIAN_POINT ( 'NONE',  ( -6.515741454089334361, -5.000000000000000000, 38.69289321881345955 ) ) ;
#2273 = LINE ( 'NONE', #3437, #32 ) ;
#2274 = ORIENTED_EDGE ( 'NONE', *, *, #396, .T. ) ;
#2275 = CARTESIAN_POINT ( 'NONE',  ( -12.61121005896805869, 18.61121005896577785, 7.261610347691231482 ) ) ;
#2276 = CIRCLE ( 'NONE', #3434, 5.999999999999998224 ) ;
#2277 = CARTESIAN_POINT ( 'NONE',  ( 4.440068421284387945, -24.80957590525330758, 4.999999999999998224 ) ) ;
#2278 = CARTESIAN_POINT ( 'NONE',  ( -10.10045729736453346, -16.10045729736453879, 10.35595965547301667 ) ) ;
#2279 = FACE_OUTER_BOUND ( 'NONE', #681, .T. ) ;
#2280 = DIRECTION ( 'NONE',  ( 0.000000000000000000, 0.000000000000000000, -1.000000000000000000 ) ) ;
#2281 = ORIENTED_EDGE ( 'NONE', *, *, #2547, .T. ) ;
#2282 = ORIENTED_EDGE ( 'NONE', *, *, #1460, .F. ) ;
#2283 = LINE ( 'NONE', #804, #738 ) ;
#2284 = CARTESIAN_POINT ( 'NONE',  ( 9.000000000000001776, -13.00000000000000178, 35.00000000000000000 ) ) ;
#2285 = DIRECTION ( 'NONE',  ( 0.000000000000000000, 1.000000000000000000, 0.000000000000000000 ) ) ;
#2286 = CARTESIAN_POINT ( 'NONE',  ( -7.999999999999998224, -10.00000000000000178, 16.07179676972448945 ) ) ;
#2287 = CARTESIAN_POINT ( 'NONE',  ( 7.000000000000000888, -15.00000000000000178, 35.00000000000000000 ) ) ;
#2288 = ORIENTED_EDGE ( 'NONE', *, *, #131, .F. ) ;
#2289 = EDGE_CURVE ( 'NONE', #780, #1483, #3307, .T. ) ;
#2290 = SURFACE_SIDE_STYLE ('',( #3760 ) ) ;
#2291 = LINE ( 'NONE', #7, #525 ) ;
#2292 = ORIENTED_EDGE ( 'NONE', *, *, #1606, .F. ) ;
#2293 = CARTESIAN_POINT ( 'NONE',  ( -13.57298793385719904, 20.47748994488120999, 6.012899610293051644 ) ) ;
#2294 = EDGE_CURVE ( 'NONE', #3590, #220, #2730, .T. ) ;
#2295 = VECTOR ( 'NONE', #717, 1000.000000000000000 ) ;
#2296 = CONICAL_SURFACE ( 'NONE', #204, 2.499999999999998668, 0.7853981633974396193 ) ;
#2297 = DIRECTION ( 'NONE',  ( -1.000000000000000000, 0.000000000000000000, 0.000000000000000000 ) ) ;
#2298 = LINE ( 'NONE', #3463, #1805 ) ;
#2299 = CARTESIAN_POINT ( 'NONE',  ( -5.441474102345727815, 14.21997957989610306, 38.49021525375584218 ) ) ;
#2300 = CARTESIAN_POINT ( 'NONE',  ( 14.49506144092045190, 23.38545211662430390, 5.121743162095309998 ) ) ;
#2301 = VERTEX_POINT ( 'NONE', #1223 ) ;
#2302 = CIRCLE ( 'NONE', #3636, 1.000000000000000888 ) ;
#2303 = DIRECTION ( 'NONE',  ( -0.000000000000000000, -1.000000000000000000, 0.000000000000000000 ) ) ;
#2304 = CYLINDRICAL_SURFACE ( 'NONE', #2425, 1.999999999999999556 ) ;
#2305 = CARTESIAN_POINT ( 'NONE',  ( -9.000000000000001776, 9.999999999999998224, 16.07179676972448945 ) ) ;
#2306 = CARTESIAN_POINT ( 'NONE',  ( -6.999999999999999112, -15.00000000000000178, 35.00000000000000000 ) ) ;
#2307 = CARTESIAN_POINT ( 'NONE',  ( -7.999999999999998224, -5.000000000000002665, 16.07179676972448945 ) ) ;
#2308 = ORIENTED_EDGE ( 'NONE', *, *, #3694, .T. ) ;
#2309 = DIRECTION ( 'NONE',  ( 0.000000000000000000, 0.000000000000000000, 1.000000000000000000 ) ) ;
#2310 = VERTEX_POINT ( 'NONE', #1275 ) ;
#2311 = ORIENTED_EDGE ( 'NONE', *, *, #1026, .T. ) ;
#2312 = CARTESIAN_POINT ( 'NONE',  ( -16.34164925614263453, 22.34164925614264163, 5.356772133448817641 ) ) ;
#2313 = UNCERTAINTY_MEASURE_WITH_UNIT (LENGTH_MEASURE( 1.000000000000000082E-05 ), #2472, 'distance_accuracy_value', 'NONE');
#2314 = CARTESIAN_POINT ( 'NONE',  ( -7.999999999999998224, -10.00000000000000178, 19.64589803375031707 ) ) ;
#2315 = DIRECTION ( 'NONE',  ( -0.5547001962252292584, 0.000000000000000000, -0.8320502943378436100 ) ) ;
#2316 = CARTESIAN_POINT ( 'NONE',  ( 22.50000000000000000, 0.000000000000000000, 5.000000000000000000 ) ) ;
#2317 = AXIS2_PLACEMENT_3D ( 'NONE', #2574, #2612, #3776 ) ;
#2318 = CIRCLE ( 'NONE', #663, 1.000000000000000888 ) ;
#2319 = ORIENTED_EDGE ( 'NONE', *, *, #108, .F. ) ;
#2320 = DIRECTION ( 'NONE',  ( 0.000000000000000000, 0.000000000000000000, 1.000000000000000000 ) ) ;
#2321 = CARTESIAN_POINT ( 'NONE',  ( -22.50000000000000000, 0.000000000000000000, 4.500000000000001776 ) ) ;
#2322 = CONICAL_SURFACE ( 'NONE', #2809, 2.999999999999988898, 0.7853981633974427279 ) ;
#2323 = CARTESIAN_POINT ( 'NONE',  ( 9.000000000000001776, -5.000000000000002665, 22.99999999999999289 ) ) ;
#2324 = ADVANCED_FACE ( 'NONE', ( #2369 ), #515, .F. ) ;
#2325 = DIRECTION ( 'NONE',  ( -0.000000000000000000, -1.000000000000000000, 0.000000000000000000 ) ) ;
#2326 = CONICAL_SURFACE ( 'NONE', #861, 3.000000000000009770, 0.7853981633974457255 ) ;
#2327 = DIRECTION ( 'NONE',  ( 0.000000000000000000, 0.000000000000000000, 1.000000000000000000 ) ) ;
#2328 = ORIENTED_EDGE ( 'NONE', *, *, #1704, .F. ) ;
#2329 = CARTESIAN_POINT ( 'NONE',  ( -7.999999999999998224, -10.00000000000000178, 29.92820323027551055 ) ) ;
#2330 = EDGE_LOOP ( 'NONE', ( #1176, #1322, #1915, #2127, #620, #1651, #2045, #1269, #3131 ) ) ;
#2331 = EDGE_LOOP ( 'NONE', ( #1572, #2997, #294, #948, #2087, #1851, #562, #465, #9, #3210 ) ) ;
#2332 = CARTESIAN_POINT ( 'NONE',  ( -9.950379550967944908, 17.45864962580694879, 8.409605308717051031 ) ) ;
#2333 = EDGE_CURVE ( 'NONE', #641, #1302, #2720, .T. ) ;
#2334 = CARTESIAN_POINT ( 'NONE',  ( 4.765860272655799257, 14.84343905566752930, 37.73108389166008436 ) ) ;
#2335 = CARTESIAN_POINT ( 'NONE',  ( -6.106130058844672526, 13.88630240680853234, 37.99895803238731418 ) ) ;
#2336 = DIRECTION ( 'NONE',  ( 1.000000000000000000, 0.000000000000000000, -0.000000000000000000 ) ) ;
#2337 = ORIENTED_EDGE ( 'NONE', *, *, #248, .F. ) ;
#2338 = CARTESIAN_POINT ( 'NONE',  ( 2.587045207053633611, 18.21828537472371323, 7.650166288575889872 ) ) ;
#2339 = FACE_OUTER_BOUND ( 'NONE', #1043, .T. ) ;
#2340 = ADVANCED_FACE ( 'NONE', ( #1257 ), #2412, .F. ) ;
#2341 = EDGE_CURVE ( 'NONE', #377, #93, #2714, .T. ) ;
#2342 = CARTESIAN_POINT ( 'NONE',  ( -7.714285714285715301, 4.999999999999998224, 27.31241681374959285 ) ) ;
#2343 = CARTESIAN_POINT ( 'NONE',  ( 11.83488356980679335, 16.40186028376815841, 8.002402255412100374 ) ) ;
#2344 = DIRECTION ( 'NONE',  ( 0.000000000000000000, 1.000000000000000000, -0.000000000000000000 ) ) ;
#2345 = AXIS2_PLACEMENT_3D ( 'NONE', #128, #1297, #2473 ) ;
#2346 = ORIENTED_EDGE ( 'NONE', *, *, #108, .T. ) ;
#2347 = CARTESIAN_POINT ( 'NONE',  ( -2.500000000000000000, -22.50000000000000000, 4.500000000000003553 ) ) ;
#2348 = AXIS2_PLACEMENT_3D ( 'NONE', #184, #1409, #778 ) ;
#2349 = DIRECTION ( 'NONE',  ( 0.000000000000000000, 0.000000000000000000, 1.000000000000000000 ) ) ;
#2350 = EDGE_LOOP ( 'NONE', ( #1452, #2394, #457, #2676 ) ) ;
#2351 = VERTEX_POINT ( 'NONE', #643 ) ;
#2352 = CARTESIAN_POINT ( 'NONE',  ( -9.492041825991158532, 15.49204182599175539, 11.80458641533501662 ) ) ;
#2353 = CARTESIAN_POINT ( 'NONE',  ( 6.006342844283310001, 14.00230135218233052, 37.96105421781584255 ) ) ;
#2354 = CARTESIAN_POINT ( 'NONE',  ( -5.324540014738083471, 14.32165350365862011, 38.40677362108756654 ) ) ;
#2355 = CARTESIAN_POINT ( 'NONE',  ( -5.000000000000000888, -22.50000000000000000, 5.317541634481457002 ) ) ;
#2356 = AXIS2_PLACEMENT_3D ( 'NONE', #1484, #854, #3248 ) ;
#2357 = ORIENTED_EDGE ( 'NONE', *, *, #1479, .F. ) ;
#2358 = CARTESIAN_POINT ( 'NONE',  ( -18.02632251563285593, -2.239126940863699566, 5.047198680446157937 ) ) ;
#2359 = CYLINDRICAL_SURFACE ( 'NONE', #2092, 5.000000000000000888 ) ;
#2360 = AXIS2_PLACEMENT_3D ( 'NONE', #200, #3385, #1370 ) ;
#2361 = DIRECTION ( 'NONE',  ( 0.000000000000000000, 0.000000000000000000, 1.000000000000000000 ) ) ;
#2362 = LINE ( 'NONE', #890, #904 ) ;
#2363 = DIRECTION ( 'NONE',  ( 1.000000000000000000, 0.000000000000000000, 0.000000000000000000 ) ) ;
#2364 = ORIENTED_EDGE ( 'NONE', *, *, #1131, .F. ) ;
#2365 = CARTESIAN_POINT ( 'NONE',  ( 0.000000000000000000, 0.000000000000000000, 5.000000000000000000 ) ) ;
#2366 = CARTESIAN_POINT ( 'NONE',  ( 17.49999999999999645, 0.000000000000000000, 43.00000000000000000 ) ) ;
#2367 = ORIENTED_EDGE ( 'NONE', *, *, #1423, .T. ) ;
#2368 = ORIENTED_EDGE ( 'NONE', *, *, #3283, .F. ) ;
#2369 = FACE_OUTER_BOUND ( 'NONE', #2818, .T. ) ;
#2370 = CARTESIAN_POINT ( 'NONE',  ( 5.637967873469651892, 14.32165350365854373, 37.82112830999444952 ) ) ;
#2371 = AXIS2_PLACEMENT_3D ( 'NONE', #3556, #2083, #3324 ) ;
#2372 = CARTESIAN_POINT ( 'NONE',  ( -3.946586416175976719, 14.94794535147238967, 37.42349577321923704 ) ) ;
#2373 = CARTESIAN_POINT ( 'NONE',  ( 7.000000000000000888, 14.99999999999999822, 15.00000000000000000 ) ) ;
#2374 = VERTEX_POINT ( 'NONE', #1205 ) ;
#2375 = CARTESIAN_POINT ( 'NONE',  ( -1.212480812429286070, 17.64616977345518123, 8.223272203952072701 ) ) ;
#2376 = ADVANCED_FACE ( 'NONE', ( #1829 ), #1809, .F. ) ;
#2377 = EDGE_CURVE ( 'NONE', #1866, #3426, #2982, .T. ) ;
#2378 = CARTESIAN_POINT ( 'NONE',  ( -20.00000000000000000, 3.367778697655226435E-16, 0.5000000000000134337 ) ) ;
#2379 =( BOUNDED_SURFACE ( )  B_SPLINE_SURFACE ( 3, 2, ( 
 ( #228, #2563, #2258 ),
 ( #509, #758, #183 ),
 ( #776, #1637, #240 ),
 ( #3154, #2528, #3423 ),
 ( #1335, #1930, #3690 ),
 ( #530, #798, #3747 ),
 ( #1070, #2512, #1657 ),
 ( #1124, #1676, #3441 ),
 ( #3673, #2278, #2870 ),
 ( #1968, #2241, #3726 ),
 ( #3135, #2851, #2792 ),
 ( #3403, #1106, #217 ),
 ( #1388, #1620, #3708 ),
 ( #1351, #3115, #1950 ),
 ( #3097, #473, #491 ),
 ( #821, #2828, #2812 ) ),
 .UNSPECIFIED., .F., .F., .T. ) 
 B_SPLINE_SURFACE_WITH_KNOTS ( ( 4, 2, 2, 2, 2, 2, 2, 4 ),
 ( 3, 3 ),
 ( 1.815567885507058721, 2.147074077527742375, 2.312827173538083869, 2.478580269548425807, 2.644333365558767746, 2.810086461569109240, 2.975839557579451178, 3.141592653589793116 ),
 ( 0.000000000000000000, 1.000000000000000000 ),
 .UNSPECIFIED. ) 
 GEOMETRIC_REPRESENTATION_ITEM ( )  RATIONAL_B_SPLINE_SURFACE ( (
 ( 1.000000000000000000, 0.9852090878692685294, 1.000000000000000000),
 ( 1.000000000000000000, 0.9721093696619713675, 1.000000000000000000),
 ( 1.000000000000000000, 0.9501449511031847539, 1.000000000000000000),
 ( 1.000000000000000000, 0.9091100869208671442, 1.000000000000000000),
 ( 1.000000000000000000, 0.8941048849216217675, 1.000000000000000000),
 ( 1.000000000000000000, 0.8627747139487125239, 1.000000000000000000),
 ( 1.000000000000000000, 0.8464507616429403081, 1.000000000000000000),
 ( 1.000000000000000000, 0.8141712004418532045, 1.000000000000000000),
 ( 1.000000000000000000, 0.7982203961955467442, 1.000000000000000000),
 ( 1.000000000000000000, 0.7686533622718541015, 1.000000000000000000),
 ( 1.000000000000000000, 0.7550487523665733169, 1.000000000000000000),
 ( 1.000000000000000000, 0.7321830027753352121, 1.000000000000000000),
 ( 1.000000000000000000, 0.7229400110775199284, 1.000000000000000000),
 ( 1.000000000000000000, 0.7103941441051575545, 1.000000000000000000),
 ( 1.000000000000000000, 0.7070885141522353923, 1.000000000000000000),
 ( 1.000000000000000000, 0.7071067811865473507, 1.000000000000000000) ) ) 
 REPRESENTATION_ITEM ( '' )  SURFACE ( )  );
#2380 = PRODUCT ( 'Prop Mount Longer', 'Prop Mount Longer', '', ( #1619 ) ) ;
#2381 = CARTESIAN_POINT ( 'NONE',  ( 7.000000000000000888, 14.99999999999999822, 35.00000000000000000 ) ) ;
#2382 = ADVANCED_FACE ( 'NONE', ( #84 ), #950, .F. ) ;
#2383 = EDGE_CURVE ( 'NONE', #894, #1531, #713, .T. ) ;
#2384 = CARTESIAN_POINT ( 'NONE',  ( 22.50000000000000000, 0.000000000000000000, 0.000000000000000000 ) ) ;
#2385 = B_SPLINE_CURVE_WITH_KNOTS ( 'NONE', 3,
 ( #1190, #3241, #611, #1783, #3259, #2358, #3276, #901, #2969, #3293, #3529, #39, #54, #1212, #303, #941, #2054, #666, #2626, #1763 ),
 .UNSPECIFIED., .F., .F.,
 ( 4, 2, 2, 2, 2, 2, 2, 2, 2, 4 ),
 ( 0.02567943630498498858, 0.02666878019137369771, 0.02716345213456804880, 0.02765812407776239989, 0.02864746796415110555, 0.02963681185053981121, 0.03062615573692851340, 0.03161549962331721558, 0.03260484350970592471, 0.03359418739609462690 ),
 .UNSPECIFIED. ) ;
#2386 = CIRCLE ( 'NONE', #538, 5.000000000000000888 ) ;
#2387 = CIRCLE ( 'NONE', #2263, 1.000000000000000888 ) ;
#2388 = ORIENTED_EDGE ( 'NONE', *, *, #1021, .T. ) ;
#2389 = FACE_BOUND ( 'NONE', #2234, .T. ) ;
#2390 = EDGE_CURVE ( 'NONE', #498, #2673, #3406, .T. ) ;
#2391 = DIRECTION ( 'NONE',  ( 1.000000000000000000, 0.000000000000000000, 0.000000000000000000 ) ) ;
#2392 = CIRCLE ( 'NONE', #2878, 1.000000000000000888 ) ;
#2393 = ORIENTED_EDGE ( 'NONE', *, *, #615, .F. ) ;
#2394 = ORIENTED_EDGE ( 'NONE', *, *, #1818, .F. ) ;
#2395 = CARTESIAN_POINT ( 'NONE',  ( -11.45643923738959735, 24.99999999999999645, 5.000000000000000000 ) ) ;
#2396 = EDGE_CURVE ( 'NONE', #2489, #2461, #1538, .T. ) ;
#2397 = CARTESIAN_POINT ( 'NONE',  ( 6.949999998323401762, 13.24723116213720608, 38.89999999910553896 ) ) ;
#2398 = FACE_OUTER_BOUND ( 'NONE', #610, .T. ) ;
#2399 = ORIENTED_EDGE ( 'NONE', *, *, #105, .T. ) ;
#2400 = CARTESIAN_POINT ( 'NONE',  ( 3.786097181638525377, 19.21920893103776962, 6.835410255167711391 ) ) ;
#2401 = AXIS2_PLACEMENT_3D ( 'NONE', #80, #985, #3012 ) ;
#2402 = CARTESIAN_POINT ( 'NONE',  ( -10.44723455956522074, -17.87269546630435002, 6.548877818991362787 ) ) ;
#2403 = PRODUCT_DEFINITION_FORMATION_WITH_SPECIFIED_SOURCE ( 'ANY', '', #2380, .NOT_KNOWN. ) ;
#2404 = DIRECTION ( 'NONE',  ( -1.000000000000000000, 0.000000000000000000, 0.000000000000000000 ) ) ;
#2405 = CARTESIAN_POINT ( 'NONE',  ( 12.64939169880561032, 17.37927003856671604, 7.255644516288831447 ) ) ;
#2406 = VERTEX_POINT ( 'NONE', #2395 ) ;
#2407 = EDGE_CURVE ( 'NONE', #2121, #790, #978, .T. ) ;
#2408 = CARTESIAN_POINT ( 'NONE',  ( -8.000000000000000000, 9.999999999999998224, 27.35410196624968648 ) ) ;
#2409 = FACE_BOUND ( 'NONE', #3554, .T. ) ;
#2410 = EDGE_LOOP ( 'NONE', ( #2957, #3042, #1092, #1259 ) ) ;
#2411 = EDGE_LOOP ( 'NONE', ( #968, #1565, #1721, #987 ) ) ;
#2412 = CYLINDRICAL_SURFACE ( 'NONE', #2371, 2.499999999999998668 ) ;
#2413 = EDGE_CURVE ( 'NONE', #3337, #3066, #2068, .T. ) ;
#2414 = CARTESIAN_POINT ( 'NONE',  ( 12.16392888917330062, -18.16392888917048865, 7.653187850992662078 ) ) ;
#2415 = CARTESIAN_POINT ( 'NONE',  ( -20.00000000000000000, 3.061616997868381662E-16, 4.500000000000001776 ) ) ;
#2416 = EDGE_CURVE ( 'NONE', #3286, #220, #2491, .T. ) ;
#2417 = VERTEX_POINT ( 'NONE', #3550 ) ;
#2418 = LINE ( 'NONE', #3579, #2090 ) ;
#2419 = CARTESIAN_POINT ( 'NONE',  ( 17.49999999999999645, 0.000000000000000000, 5.113140033357406189 ) ) ;
#2420 = CIRCLE ( 'NONE', #3577, 6.000000000000001776 ) ;
#2421 = CARTESIAN_POINT ( 'NONE',  ( 8.000000000000000000, -5.000000000000002665, 29.92820323027549989 ) ) ;
#2422 = CARTESIAN_POINT ( 'NONE',  ( 16.57665300958349874, 22.09198361150019352, 5.298072904621512258 ) ) ;
#2423 = ORIENTED_EDGE ( 'NONE', *, *, #1016, .T. ) ;
#2424 = CARTESIAN_POINT ( 'NONE',  ( -9.000000000000001776, 4.999999999999998224, 23.00000000000000000 ) ) ;
#2425 = AXIS2_PLACEMENT_3D ( 'NONE', #2570, #3491, #1956 ) ;
#2426 = CIRCLE ( 'NONE', #3397, 2.500000000000000000 ) ;
#2427 = DIRECTION ( 'NONE',  ( 0.000000000000000000, 0.000000000000000000, 1.000000000000000000 ) ) ;
#2428 = ORIENTED_EDGE ( 'NONE', *, *, #281, .T. ) ;
#2429 = ORIENTED_EDGE ( 'NONE', *, *, #1934, .T. ) ;
#2430 = DIRECTION ( 'NONE',  ( -0.000000000000000000, -1.000000000000000000, -0.000000000000000000 ) ) ;
#2431 = EDGE_CURVE ( 'NONE', #3249, #1229, #2362, .T. ) ;
#2432 = CARTESIAN_POINT ( 'NONE',  ( 14.47748994488050478, -19.57298793385420410, 6.012899610293509056 ) ) ;
#2433 = EDGE_LOOP ( 'NONE', ( #231, #3571, #273, #3560 ) ) ;
#2434 = FACE_OUTER_BOUND ( 'NONE', #1876, .T. ) ;
#2435 = AXIS2_PLACEMENT_3D ( 'NONE', #1589, #998, #822 ) ;
#2436 = ORIENTED_EDGE ( 'NONE', *, *, #1542, .F. ) ;
#2437 = CARTESIAN_POINT ( 'NONE',  ( 0.000000000000000000, -22.50000000000000000, 0.000000000000000000 ) ) ;
#2438 = ADVANCED_FACE ( 'NONE', ( #1820 ), #2708, .F. ) ;
#2439 = AXIS2_PLACEMENT_3D ( 'NONE', #732, #3127, #466 ) ;
#2440 = FACE_OUTER_BOUND ( 'NONE', #933, .T. ) ;
#2441 = EDGE_CURVE ( 'NONE', #995, #2745, #3228, .T. ) ;
#2442 = CARTESIAN_POINT ( 'NONE',  ( 9.000000000000007105, 13.00000000000230393, 14.44748649547808306 ) ) ;
#2443 = ORIENTED_EDGE ( 'NONE', *, *, #743, .T. ) ;
#2444 = CARTESIAN_POINT ( 'NONE',  ( 9.000000000000001776, 9.999999999999998224, 22.99999999999999289 ) ) ;
#2445 = EDGE_CURVE ( 'NONE', #1344, #1337, #77, .T. ) ;
#2446 = FACE_OUTER_BOUND ( 'NONE', #1014, .T. ) ;
#2447 = ORIENTED_EDGE ( 'NONE', *, *, #1638, .T. ) ;
#2448 = ORIENTED_EDGE ( 'NONE', *, *, #2668, .T. ) ;
#2449 = DIRECTION ( 'NONE',  ( 0.000000000000000000, 0.000000000000000000, 1.000000000000000000 ) ) ;
#2450 = FACE_OUTER_BOUND ( 'NONE', #155, .T. ) ;
#2451 = CARTESIAN_POINT ( 'NONE',  ( 11.83488356980679335, -16.40186028376815841, 8.002402255412100374 ) ) ;
#2452 = ORIENTED_EDGE ( 'NONE', *, *, #176, .T. ) ;
#2453 = CARTESIAN_POINT ( 'NONE',  ( -10.44723455956522074, 17.87269546630435713, 6.548877818991361011 ) ) ;
#2454 = EDGE_CURVE ( 'NONE', #2095, #3066, #306, .T. ) ;
#2455 = VERTEX_POINT ( 'NONE', #3010 ) ;
#2456 = CARTESIAN_POINT ( 'NONE',  ( -8.000000000000000000, 4.999999999999998224, 19.64589803375031352 ) ) ;
#2457 = STYLED_ITEM ( 'NONE', ( #601 ), #3368 ) ;
#2458 = CARTESIAN_POINT ( 'NONE',  ( 3.212965816357340465, 14.99999999999999822, 36.90000000000000568 ) ) ;
#2459 = ADVANCED_FACE ( 'NONE', ( #1233 ), #748, .T. ) ;
#2460 = AXIS2_PLACEMENT_3D ( 'NONE', #3264, #1270, #3604 ) ;
#2461 = VERTEX_POINT ( 'NONE', #3065 ) ;
#2462 = CARTESIAN_POINT ( 'NONE',  ( -6.431766601258255278, 14.17157287525380838, 38.12264990188738523 ) ) ;
#2463 = CARTESIAN_POINT ( 'NONE',  ( -6.015741454089333473, 12.99999999999999822, 38.90000000000000568 ) ) ;
#2464 = ORIENTED_EDGE ( 'NONE', *, *, #1051, .T. ) ;
#2465 = CARTESIAN_POINT ( 'NONE',  ( 0.000000000000000000, 22.50000000000000000, 5.000000000000000000 ) ) ;
#2466 = FACE_OUTER_BOUND ( 'NONE', #1588, .T. ) ;
#2467 = CARTESIAN_POINT ( 'NONE',  ( -4.483441502869377260, -20.26327296280870982, 6.186733546357229052 ) ) ;
#2468 = CARTESIAN_POINT ( 'NONE',  ( -4.552759412468834199, -24.61438938296655365, 4.999999999999999112 ) ) ;
#2469 = EDGE_LOOP ( 'NONE', ( #3566, #2712, #3022, #2524 ) ) ;
#2470 = DIRECTION ( 'NONE',  ( -0.000000000000000000, -1.000000000000000000, -0.000000000000000000 ) ) ;
#2471 = ORIENTED_EDGE ( 'NONE', *, *, #3677, .T. ) ;
#2472 =( LENGTH_UNIT ( ) NAMED_UNIT ( * ) SI_UNIT ( .MILLI., .METRE. ) );
#2473 = DIRECTION ( 'NONE',  ( 0.000000000000000000, -0.000000000000000000, -1.000000000000000000 ) ) ;
#2474 = ORIENTED_EDGE ( 'NONE', *, *, #3536, .F. ) ;
#2475 = CARTESIAN_POINT ( 'NONE',  ( 9.000000000005751843, 15.00000000000345146, 14.55818883778216843 ) ) ;
#2476 = ORIENTED_EDGE ( 'NONE', *, *, #1653, .F. ) ;
#2477 = AXIS2_PLACEMENT_3D ( 'NONE', #1797, #1833, #2681 ) ;
#2478 = AXIS2_PLACEMENT_3D ( 'NONE', #3476, #1792, #2004 ) ;
#2479 = CARTESIAN_POINT ( 'NONE',  ( -22.50000000000000000, 0.000000000000000000, 0.000000000000000000 ) ) ;
#2480 = DIRECTION ( 'NONE',  ( -1.000000000000000000, 0.000000000000000000, 0.000000000000000000 ) ) ;
#2481 = ORIENTED_EDGE ( 'NONE', *, *, #3344, .F. ) ;
#2482 = LINE ( 'NONE', #3646, #2073 ) ;
#2483 = CARTESIAN_POINT ( 'NONE',  ( -6.999999999999999112, -15.00000000000000178, 35.00000000000000000 ) ) ;
#2484 = VECTOR ( 'NONE', #3623, 1000.000000000000000 ) ;
#2485 = CARTESIAN_POINT ( 'NONE',  ( 0.000000000000000000, 0.000000000000000000, 5.000000000000000000 ) ) ;
#2486 = ORIENTED_EDGE ( 'NONE', *, *, #2795, .F. ) ;
#2487 = CARTESIAN_POINT ( 'NONE',  ( 22.50000000000000000, 0.000000000000000000, 0.5000000000000134337 ) ) ;
#2488 = VERTEX_POINT ( 'NONE', #1107 ) ;
#2489 = VERTEX_POINT ( 'NONE', #2458 ) ;
#2490 = EDGE_CURVE ( 'NONE', #2742, #1753, #1086, .T. ) ;
#2491 = CIRCLE ( 'NONE', #3652, 3.000000000000009770 ) ;
#2492 = DIRECTION ( 'NONE',  ( -0.000000000000000000, -0.000000000000000000, -1.000000000000000000 ) ) ;
#2493 = ORIENTED_EDGE ( 'NONE', *, *, #1262, .F. ) ;
#2494 = EDGE_CURVE ( 'NONE', #372, #2078, #2735, .T. ) ;
#2495 = LINE ( 'NONE', #1041, #3789 ) ;
#2496 = ADVANCED_FACE ( 'NONE', ( #2279 ), #2515, .T. ) ;
#2497 = DIRECTION ( 'NONE',  ( -0.000000000000000000, -0.000000000000000000, -1.000000000000000000 ) ) ;
#2498 = ORIENTED_EDGE ( 'NONE', *, *, #2775, .F. ) ;
#2499 = DIRECTION ( 'NONE',  ( 1.000000000000000000, -0.000000000000000000, -0.000000000000000000 ) ) ;
#2500 = AXIS2_PLACEMENT_3D ( 'NONE', #1400, #1175, #3145 ) ;
#2501 = ORIENTED_EDGE ( 'NONE', *, *, #456, .T. ) ;
#2502 =( BOUNDED_CURVE ( )  B_SPLINE_CURVE ( 3, ( #425, #1592, #2760, #149 ),
 .UNSPECIFIED., .F., .F. ) 
 B_SPLINE_CURVE_WITH_KNOTS ( ( 4, 4 ),
 ( 0.000000000000000000, 1.318116071652817523 ),
 .UNSPECIFIED. ) 
 CURVE ( )  GEOMETRIC_REPRESENTATION_ITEM ( )  RATIONAL_B_SPLINE_CURVE ( ( 1.000000000000000000, 0.8603796100280632908, 0.8603796100280632908, 1.000000000000000000 ) ) 
 REPRESENTATION_ITEM ( '' )  );
#2503 = AXIS2_PLACEMENT_3D ( 'NONE', #1562, #2070, #1289 ) ;
#2504 = CARTESIAN_POINT ( 'NONE',  ( 0.000000000000000000, 0.000000000000000000, 0.4999999999999935052 ) ) ;
#2505 = EDGE_CURVE ( 'NONE', #3444, #372, #130, .T. ) ;
#2506 = CARTESIAN_POINT ( 'NONE',  ( 7.437572567899002784, -15.36464380658304307, 12.26775208315800469 ) ) ;
#2507 = ORIENTED_EDGE ( 'NONE', *, *, #982, .T. ) ;
#2508 = CARTESIAN_POINT ( 'NONE',  ( 8.000000000000000000, 9.999999999999998224, 27.35410196624967583 ) ) ;
#2509 = EDGE_CURVE ( 'NONE', #2489, #3225, #2155, .T. ) ;
#2510 = AXIS2_PLACEMENT_3D ( 'NONE', #1248, #2131, #3297 ) ;
#2511 = CARTESIAN_POINT ( 'NONE',  ( -8.000000000000000000, 4.999999999999998224, 26.35410196624968648 ) ) ;
#2512 = CARTESIAN_POINT ( 'NONE',  ( -10.99381742950714447, -16.99381742950714624, 8.942865653323110564 ) ) ;
#2513 = CARTESIAN_POINT ( 'NONE',  ( 0.000000000000000000, -25.00000000000000000, 5.000000000000000000 ) ) ;
#2514 = ORIENTED_EDGE ( 'NONE', *, *, #3019, .T. ) ;
#2515 = CYLINDRICAL_SURFACE ( 'NONE', #3534, 4.499999999999997335 ) ;
#2516 = CARTESIAN_POINT ( 'NONE',  ( 8.142857142857142350, -5.000000000000002665, 17.06154008833527058 ) ) ;
#2517 = CARTESIAN_POINT ( 'NONE',  ( -15.91348658720778708, -22.42790548933978556, 5.336443210275443327 ) ) ;
#2518 = CYLINDRICAL_SURFACE ( 'NONE', #2203, 1.000000000000000888 ) ;
#2519 = CARTESIAN_POINT ( 'NONE',  ( 9.000000000000001776, -10.00000000000000178, 16.99999999999999645 ) ) ;
#2520 = EDGE_CURVE ( 'NONE', #1287, #82, #2551, .T. ) ;
#2521 = ORIENTED_EDGE ( 'NONE', *, *, #2341, .T. ) ;
#2522 = CARTESIAN_POINT ( 'NONE',  ( 0.3494330213764438864, -17.50909955571922794, 8.375259298194572821 ) ) ;
#2523 = DIRECTION ( 'NONE',  ( 0.000000000000000000, 0.000000000000000000, 1.000000000000000000 ) ) ;
#2524 = ORIENTED_EDGE ( 'NONE', *, *, #1871, .F. ) ;
#2525 =( BOUNDED_CURVE ( )  B_SPLINE_CURVE ( 3, ( #304, #1171, #2402, #1494 ),
 .UNSPECIFIED., .F., .F. ) 
 B_SPLINE_CURVE_WITH_KNOTS ( ( 4, 4 ),
 ( 3.141592653589793116, 4.452255595866970950 ),
 .UNSPECIFIED. ) 
 CURVE ( )  GEOMETRIC_REPRESENTATION_ITEM ( )  RATIONAL_B_SPLINE_CURVE ( ( 1.000000000000000000, 0.8618973105533769274, 0.8618973105533769274, 1.000000000000000000 ) ) 
 REPRESENTATION_ITEM ( '' )  );
#2526 = CARTESIAN_POINT ( 'NONE',  ( 2.500000000000000000, -22.50000000000000000, 0.4999999999999943934 ) ) ;
#2527 = DIRECTION ( 'NONE',  ( 0.000000000000000000, 0.000000000000000000, 1.000000000000000000 ) ) ;
#2528 = CARTESIAN_POINT ( 'NONE',  ( -12.61121005896726999, -18.61121005896880121, 7.261610347692011302 ) ) ;
#2529 = DIRECTION ( 'NONE',  ( -0.5547001962252292584, -0.000000000000000000, 0.8320502943378436100 ) ) ;
#2530 = ORIENTED_EDGE ( 'NONE', *, *, #2445, .T. ) ;
#2531 = DIRECTION ( 'NONE',  ( 1.000000000000000000, 0.000000000000000000, 0.000000000000000000 ) ) ;
#2532 = CARTESIAN_POINT ( 'NONE',  ( -11.45643923738959025, -25.00000000000000000, 5.000000000000000000 ) ) ;
#2533 = VERTEX_POINT ( 'NONE', #1283 ) ;
#2534 = CARTESIAN_POINT ( 'NONE',  ( 24.99999999999999645, 3.367778697655226435E-16, 0.5000000000000134337 ) ) ;
#2535 = VECTOR ( 'NONE', #2177, 1000.000000000000000 ) ;
#2536 = ORIENTED_EDGE ( 'NONE', *, *, #615, .T. ) ;
#2537 = CARTESIAN_POINT ( 'NONE',  ( 4.330595562376892360, -19.98096193411845078, 6.345252544071187550 ) ) ;
#2538 = CARTESIAN_POINT ( 'NONE',  ( 9.364643806583044849, -13.43757256789900012, 12.26775208315800469 ) ) ;
#2539 = EDGE_CURVE ( 'NONE', #2914, #488, #45, .T. ) ;
#2540 = EDGE_LOOP ( 'NONE', ( #373, #2908, #2271, #2288 ) ) ;
#2541 = DIRECTION ( 'NONE',  ( 0.000000000000000000, 0.000000000000000000, 1.000000000000000000 ) ) ;
#2542 = DIRECTION ( 'NONE',  ( 0.000000000000000000, -1.000000000000000000, 0.000000000000000000 ) ) ;
#2543 = CARTESIAN_POINT ( 'NONE',  ( -9.000000000000001776, 4.999999999999998224, 29.92820323027551055 ) ) ;
#2544 = ADVANCED_FACE ( 'NONE', ( #438 ), #1992, .T. ) ;
#2545 = CYLINDRICAL_SURFACE ( 'NONE', #2348, 5.000000000000000888 ) ;
#2546 = ORIENTED_EDGE ( 'NONE', *, *, #3133, .F. ) ;
#2547 = EDGE_CURVE ( 'NONE', #972, #2567, #773, .T. ) ;
#2548 = DIRECTION ( 'NONE',  ( -0.000000000000000000, -1.000000000000000000, 0.000000000000000000 ) ) ;
#2549 = ADVANCED_FACE ( 'NONE', ( #1916, #3155 ), #2722, .T. ) ;
#2550 = CARTESIAN_POINT ( 'NONE',  ( -9.000000000000001776, 12.99999999999999645, 35.00000000000000000 ) ) ;
#2551 = CIRCLE ( 'NONE', #3348, 1.000000000000000888 ) ;
#2552 = CARTESIAN_POINT ( 'NONE',  ( 15.91348658720779419, 22.42790548933977846, 5.336443210275444216 ) ) ;
#2553 = VERTEX_POINT ( 'NONE', #92 ) ;
#2554 = CARTESIAN_POINT ( 'NONE',  ( -6.515741454089334361, -5.000000000000000000, 38.40000000000000568 ) ) ;
#2555 = VERTEX_POINT ( 'NONE', #1268 ) ;
#2556 = CARTESIAN_POINT ( 'NONE',  ( 15.91348658720779419, 22.42790548933977846, 5.336443210275444216 ) ) ;
#2557 = ADVANCED_FACE ( 'NONE', ( #2151 ), #587, .T. ) ;
#2558 = CONICAL_SURFACE ( 'NONE', #1273, 3.000000000000009770, 0.7853981633974457255 ) ;
#2559 = CARTESIAN_POINT ( 'NONE',  ( 9.228217745596307253, -13.27386129471569198, 12.80511065755522715 ) ) ;
#2560 = ORIENTED_EDGE ( 'NONE', *, *, #2341, .F. ) ;
#2561 = CARTESIAN_POINT ( 'NONE',  ( -16.49999999999999645, 21.99999999999999645, 5.317541634481457891 ) ) ;
#2562 = CARTESIAN_POINT ( 'NONE',  ( 8.000000000000000000, 4.999999999999998224, 26.35410196624967583 ) ) ;
#2563 = CARTESIAN_POINT ( 'NONE',  ( -16.34164925614263453, -22.34164925614264163, 5.356772133448817641 ) ) ;
#2564 = CIRCLE ( 'NONE', #3048, 27.00000000000000355 ) ;
#2565 = DIRECTION ( 'NONE',  ( -0.7071067811865435759, 0.000000000000000000, -0.7071067811865514585 ) ) ;
#2566 = EDGE_LOOP ( 'NONE', ( #2158, #1180 ) ) ;
#2567 = VERTEX_POINT ( 'NONE', #1167 ) ;
#2568 = DIRECTION ( 'NONE',  ( -1.000000000000000000, 0.000000000000000000, 0.000000000000000000 ) ) ;
#2569 = AXIS2_PLACEMENT_3D ( 'NONE', #2562, #2150, #1989 ) ;
#2570 = CARTESIAN_POINT ( 'NONE',  ( -2.685899411324312425, 12.99999999999999822, 36.10940039245046052 ) ) ;
#2571 = CARTESIAN_POINT ( 'NONE',  ( 2.500000000000000000, -22.50000000000000000, 5.000000000000000000 ) ) ;
#2572 = EDGE_CURVE ( 'NONE', #549, #2461, #3787, .T. ) ;
#2573 = CARTESIAN_POINT ( 'NONE',  ( -8.142857142857140573, -10.00000000000000178, 28.93845991166472231 ) ) ;
#2574 = CARTESIAN_POINT ( 'NONE',  ( 0.000000000000000000, -22.50000000000000000, 5.000000000000000000 ) ) ;
#2575 = ORIENTED_EDGE ( 'NONE', *, *, #3270, .F. ) ;
#2576 = FACE_OUTER_BOUND ( 'NONE', #2625, .T. ) ;
#2577 = DIRECTION ( 'NONE',  ( 1.000000000000000000, 0.000000000000000000, 0.000000000000000000 ) ) ;
#2578 = AXIS2_PLACEMENT_3D ( 'NONE', #2365, #946, #3535 ) ;
#2579 = EDGE_LOOP ( 'NONE', ( #3353, #1883, #722, #1919 ) ) ;
#2580 = CARTESIAN_POINT ( 'NONE',  ( -9.026238385160933575, 15.02623838516151977, 14.11952223733596945 ) ) ;
#2581 = CIRCLE ( 'NONE', #2758, 1.000000000000000888 ) ;
#2582 = FACE_OUTER_BOUND ( 'NONE', #659, .T. ) ;
#2583 = CARTESIAN_POINT ( 'NONE',  ( 15.91348658720779419, 22.42790548933977846, 5.336443210275444216 ) ) ;
#2584 = CARTESIAN_POINT ( 'NONE',  ( -4.055480119224107227, 14.94794535147160630, 37.22002602788144543 ) ) ;
#2585 = DIRECTION ( 'NONE',  ( 0.7071067811865456854, 8.659560562354909439E-17, -0.7071067811865493491 ) ) ;
#2586 = ORIENTED_EDGE ( 'NONE', *, *, #2609, .F. ) ;
#2587 = CARTESIAN_POINT ( 'NONE',  ( 27.49999999999999645, 0.000000000000000000, 0.4999999999999935052 ) ) ;
#2588 = DIRECTION ( 'NONE',  ( 0.000000000000000000, 1.000000000000000000, -0.000000000000000000 ) ) ;
#2589 = PLANE ( 'NONE',  #2691 ) ;
#2590 = CARTESIAN_POINT ( 'NONE',  ( -9.000000000000000000, -5.000000000000002665, 26.35410196624968293 ) ) ;
#2591 = LINE ( 'NONE', #1729, #3657 ) ;
#2592 = ORIENTED_EDGE ( 'NONE', *, *, #401, .T. ) ;
#2593 = B_SPLINE_CURVE_WITH_KNOTS ( 'NONE', 3,
 ( #899, #3018, #391, #100, #279, #1849 ),
 .UNSPECIFIED., .F., .F.,
 ( 4, 2, 4 ),
 ( 0.01688325906848253677, 0.01820008250323730883, 0.01951690593799208090 ),
 .UNSPECIFIED. ) ;
#2594 = DIRECTION ( 'NONE',  ( 0.7071067811865414665, 0.000000000000000000, 0.7071067811865536790 ) ) ;
#2595 = CARTESIAN_POINT ( 'NONE',  ( -9.000000000000000000, -15.00000000000000178, 15.00000000000000000 ) ) ;
#2596 = ORIENTED_EDGE ( 'NONE', *, *, #1015, .F. ) ;
#2597 = ORIENTED_EDGE ( 'NONE', *, *, #2494, .T. ) ;
#2598 = CARTESIAN_POINT ( 'NONE',  ( 16.11180313954047350, -22.28719204656790254, 5.373896115205284651 ) ) ;
#2599 = VECTOR ( 'NONE', #893, 1000.000000000000000 ) ;
#2600 = CARTESIAN_POINT ( 'NONE',  ( 6.431766601251392323, 13.13090117249445399, 38.12264990187708946 ) ) ;
#2601 = CARTESIAN_POINT ( 'NONE',  ( -6.431766601258257054, 12.99999999999999645, 38.12264990188738523 ) ) ;
#2602 = CYLINDRICAL_SURFACE ( 'NONE', #22, 0.5000000000000004441 ) ;
#2603 = ORIENTED_EDGE ( 'NONE', *, *, #3296, .T. ) ;
#2604 = AXIS2_PLACEMENT_3D ( 'NONE', #3697, #2246, #495 ) ;
#2605 = VECTOR ( 'NONE', #2427, 1000.000000000000000 ) ;
#2606 = EDGE_CURVE ( 'NONE', #1911, #1121, #3311, .T. ) ;
#2607 = CARTESIAN_POINT ( 'NONE',  ( -9.000000000000000000, -13.00000000000000178, 15.00000000000000000 ) ) ;
#2608 = FACE_OUTER_BOUND ( 'NONE', #1789, .T. ) ;
#2609 = EDGE_CURVE ( 'NONE', #988, #2310, #2680, .T. ) ;
#2610 = DIRECTION ( 'NONE',  ( 0.000000000000000000, -1.000000000000000000, 0.000000000000000000 ) ) ;
#2611 = CARTESIAN_POINT ( 'NONE',  ( 16.50000000000000000, -21.99999999999999645, 5.317541634481457002 ) ) ;
#2612 = DIRECTION ( 'NONE',  ( -0.000000000000000000, -0.000000000000000000, -1.000000000000000000 ) ) ;
#2613 = ADVANCED_FACE ( 'NONE', ( #865 ), #2659, .T. ) ;
#2614 = ORIENTED_EDGE ( 'NONE', *, *, #735, .F. ) ;
#2615 = DIRECTION ( 'NONE',  ( 0.000000000000000000, 0.000000000000000000, 1.000000000000000000 ) ) ;
#2616 = DIRECTION ( 'NONE',  ( 0.000000000000000000, 1.000000000000000000, 0.000000000000000000 ) ) ;
#2617 = ORIENTED_EDGE ( 'NONE', *, *, #3009, .T. ) ;
#2618 = EDGE_LOOP ( 'NONE', ( #803, #1995, #3106, #2164 ) ) ;
#2619 = DIRECTION ( 'NONE',  ( 0.000000000000000000, 1.000000000000000000, -0.000000000000000000 ) ) ;
#2620 = ADVANCED_FACE ( 'NONE', ( #3748 ), #1429, .F. ) ;
#2621 = CARTESIAN_POINT ( 'NONE',  ( 3.607220846145748006, 14.99999999999855227, 37.11099888865403784 ) ) ;
#2622 = CARTESIAN_POINT ( 'NONE',  ( -6.528552472339937296, 14.01614512229651055, 38.67444812814137123 ) ) ;
#2623 = DIRECTION ( 'NONE',  ( -0.000000000000000000, -1.000000000000000000, 0.000000000000000000 ) ) ;
#2624 = AXIS2_PLACEMENT_3D ( 'NONE', #2919, #2937, #2327 ) ;
#2625 = EDGE_LOOP ( 'NONE', ( #1118, #1775, #1046, #44 ) ) ;
#2626 = CARTESIAN_POINT ( 'NONE',  ( -18.76122597257740665, 3.336668853643309784, 4.999999999999999112 ) ) ;
#2627 = DIRECTION ( 'NONE',  ( 0.000000000000000000, 0.000000000000000000, 1.000000000000000000 ) ) ;
#2628 = VECTOR ( 'NONE', #3373, 1000.000000000000000 ) ;
#2629 = DIRECTION ( 'NONE',  ( 0.000000000000000000, 0.000000000000000000, 1.000000000000000000 ) ) ;
#2630 = CARTESIAN_POINT ( 'NONE',  ( 12.61121005896811909, 18.61121005896887937, 7.261610347691570766 ) ) ;
#2631 = AXIS2_PLACEMENT_3D ( 'NONE', #450, #1636, #1929 ) ;
#2632 = CARTESIAN_POINT ( 'NONE',  ( 0.000000000000000000, 0.000000000000000000, 5.000000000000000000 ) ) ;
#2633 = ORIENTED_EDGE ( 'NONE', *, *, #1987, .F. ) ;
#2634 = DIRECTION ( 'NONE',  ( -0.000000000000000000, -0.000000000000000000, -1.000000000000000000 ) ) ;
#2635 = CARTESIAN_POINT ( 'NONE',  ( -9.000000000000001776, -10.00000000000000178, 29.92820323027551055 ) ) ;
#2636 = ORIENTED_EDGE ( 'NONE', *, *, #3580, .T. ) ;
#2637 = VERTEX_POINT ( 'NONE', #1717 ) ;
#2638 = CARTESIAN_POINT ( 'NONE',  ( -9.947510018283200139, 14.13701202194043915, 10.71541218037415355 ) ) ;
#2639 = CARTESIAN_POINT ( 'NONE',  ( 5.926099298553133998, 13.51856512862379667, 38.83603329904153867 ) ) ;
#2640 = CARTESIAN_POINT ( 'NONE',  ( -16.11180313954053389, -22.28719204656796649, 5.373896115205262447 ) ) ;
#2641 = CARTESIAN_POINT ( 'NONE',  ( -6.950000000000000178, -4.500000000000000888, 38.90000000000000568 ) ) ;
#2642 = AXIS2_PLACEMENT_3D ( 'NONE', #2444, #1482, #2693 ) ;
#2643 = VERTEX_POINT ( 'NONE', #1148 ) ;
#2644 = CARTESIAN_POINT ( 'NONE',  ( -0.8749601041487768960, 17.57412724435789286, 8.302293494069413526 ) ) ;
#2645 = CARTESIAN_POINT ( 'NONE',  ( 0.000000000000000000, 22.50000000000000000, 43.00000000000000000 ) ) ;
#2646 = FACE_OUTER_BOUND ( 'NONE', #2350, .T. ) ;
#2647 = DIRECTION ( 'NONE',  ( 0.000000000000000000, 0.000000000000000000, 1.000000000000000000 ) ) ;
#2648 = CARTESIAN_POINT ( 'NONE',  ( -5.000000000000001776, 22.93075215020686386, 5.206321907541839877 ) ) ;
#2649 = AXIS2_PLACEMENT_3D ( 'NONE', #2437, #685, #3025 ) ;
#2650 = VERTEX_POINT ( 'NONE', #2031 ) ;
#2651 = PLANE ( 'NONE',  #2642 ) ;
#2652 = EDGE_LOOP ( 'NONE', ( #2024, #1791, #3762, #3459 ) ) ;
#2653 = DIRECTION ( 'NONE',  ( -0.000000000000000000, -1.000000000000000000, -0.000000000000000000 ) ) ;
#2654 = ORIENTED_EDGE ( 'NONE', *, *, #3464, .F. ) ;
#2655 = ORIENTED_EDGE ( 'NONE', *, *, #3778, .T. ) ;
#2656 = DIRECTION ( 'NONE',  ( 0.000000000000000000, 0.000000000000000000, 1.000000000000000000 ) ) ;
#2657 = ADVANCED_FACE ( 'NONE', ( #570 ), #1737, .T. ) ;
#2658 = CARTESIAN_POINT ( 'NONE',  ( 6.883831450084649362, 13.47789808996125061, 38.86458766676271637 ) ) ;
#2659 = PLANE ( 'NONE',  #3162 ) ;
#2660 = CARTESIAN_POINT ( 'NONE',  ( 0.000000000000000000, -22.50000000000000000, 4.500000000000003553 ) ) ;
#2661 = AXIS2_PLACEMENT_3D ( 'NONE', #3038, #682, #973 ) ;
#2662 = AXIS2_PLACEMENT_3D ( 'NONE', #986, #673, #3321 ) ;
#2663 = ORIENTED_EDGE ( 'NONE', *, *, #577, .F. ) ;
#2664 = ADVANCED_FACE ( 'NONE', ( #1938 ), #1573, .T. ) ;
#2665 = CARTESIAN_POINT ( 'NONE',  ( 4.330809187187678155, 19.98171946989526759, 6.344918974660596511 ) ) ;
#2666 = CARTESIAN_POINT ( 'NONE',  ( 0.000000000000000000, 0.000000000000000000, 0.4999999999999935052 ) ) ;
#2667 = CIRCLE ( 'NONE', #1996, 1.000000000000000888 ) ;
#2668 = EDGE_CURVE ( 'NONE', #3377, #2249, #3592, .T. ) ;
#2669 = DIRECTION ( 'NONE',  ( -1.000000000000000000, 0.000000000000000000, 0.000000000000000000 ) ) ;
#2670 = CARTESIAN_POINT ( 'NONE',  ( 7.437572567899002784, 15.36464380658304307, 12.26775208315800469 ) ) ;
#2671 = EDGE_CURVE ( 'NONE', #93, #3157, #1285, .T. ) ;
#2672 = CIRCLE ( 'NONE', #1556, 2.500000000000000000 ) ;
#2673 = VERTEX_POINT ( 'NONE', #1884 ) ;
#2674 = DIRECTION ( 'NONE',  ( -0.000000000000000000, 1.000000000000000000, -0.000000000000000000 ) ) ;
#2675 = LINE ( 'NONE', #1505, #1504 ) ;
#2676 = ORIENTED_EDGE ( 'NONE', *, *, #3050, .T. ) ;
#2677 = ORIENTED_EDGE ( 'NONE', *, *, #342, .T. ) ;
#2678 = CARTESIAN_POINT ( 'NONE',  ( -9.000000000007473133, 15.00000000000287770, 14.55818883778202633 ) ) ;
#2679 = CARTESIAN_POINT ( 'NONE',  ( 5.872592780868783890, 13.64443132265185987, 38.79785220672435742 ) ) ;
#2680 = CIRCLE ( 'NONE', #1024, 27.49999999999999645 ) ;
#2681 = DIRECTION ( 'NONE',  ( 1.000000000000000000, 0.000000000000000000, 0.000000000000000000 ) ) ;
#2682 = ORIENTED_EDGE ( 'NONE', *, *, #2572, .T. ) ;
#2683 = CARTESIAN_POINT ( 'NONE',  ( 4.956407823005251068, 21.81972565194551805, 5.517534944083079651 ) ) ;
#2684 = EDGE_CURVE ( 'NONE', #220, #3286, #2874, .T. ) ;
#2685 = LINE ( 'NONE', #942, #459 ) ;
#2686 = DIRECTION ( 'NONE',  ( -0.000000000000000000, -0.000000000000000000, -1.000000000000000000 ) ) ;
#2687 = ADVANCED_FACE ( 'NONE', ( #3679 ), #3698, .T. ) ;
#2688 = CARTESIAN_POINT ( 'NONE',  ( 9.364643806583044849, 13.43757256789900012, 12.26775208315800469 ) ) ;
#2689 = AXIS2_PLACEMENT_3D ( 'NONE', #3788, #1471, #1491 ) ;
#2690 = AXIS2_PLACEMENT_3D ( 'NONE', #873, #2021, #3775 ) ;
#2691 = AXIS2_PLACEMENT_3D ( 'NONE', #1153, #2629, #846 ) ;
#2692 = ORIENTED_EDGE ( 'NONE', *, *, #285, .T. ) ;
#2693 = DIRECTION ( 'NONE',  ( 0.000000000000000000, -0.000000000000000000, -1.000000000000000000 ) ) ;
#2694 =( BOUNDED_CURVE ( )  B_SPLINE_CURVE ( 3, ( #3510, #325, #1819, #2091 ),
 .UNSPECIFIED., .F., .F. ) 
 B_SPLINE_CURVE_WITH_KNOTS ( ( 4, 4 ),
 ( 3.141592653589793116, 4.712388980384689674 ),
 .UNSPECIFIED. ) 
 CURVE ( )  GEOMETRIC_REPRESENTATION_ITEM ( )  RATIONAL_B_SPLINE_CURVE ( ( 1.000000000000000000, 0.8047378541243649375, 0.8047378541243649375, 1.000000000000000000 ) ) 
 REPRESENTATION_ITEM ( '' )  );
#2695 = CARTESIAN_POINT ( 'NONE',  ( -4.349999999999999645, -5.000000000000000000, 35.00000000000000000 ) ) ;
#2696 = AXIS2_PLACEMENT_3D ( 'NONE', #136, #714, #1889 ) ;
#2697 = VERTEX_POINT ( 'NONE', #691 ) ;
#2698 = ORIENTED_EDGE ( 'NONE', *, *, #1256, .F. ) ;
#2699 = CARTESIAN_POINT ( 'NONE',  ( 0.000000000000000000, -22.50000000000000000, 0.000000000000000000 ) ) ;
#2700 = CARTESIAN_POINT ( 'NONE',  ( 9.000000000000001776, -5.000000000000002665, 29.92820323027549989 ) ) ;
#2701 = DIRECTION ( 'NONE',  ( -0.000000000000000000, -0.000000000000000000, -1.000000000000000000 ) ) ;
#2702 = ORIENTED_EDGE ( 'NONE', *, *, #1864, .T. ) ;
#2703 = CARTESIAN_POINT ( 'NONE',  ( -2.588241535580015462, 18.21028853124680680, 7.654401470221733561 ) ) ;
#2704 = AXIS2_PLACEMENT_3D ( 'NONE', #537, #224, #282 ) ;
#2705 = CARTESIAN_POINT ( 'NONE',  ( -22.50000000000000000, 0.000000000000000000, 5.000000000000000000 ) ) ;
#2706 = CIRCLE ( 'NONE', #1414, 27.49999999999999645 ) ;
#2707 = DIRECTION ( 'NONE',  ( 0.000000000000000000, 1.000000000000000000, -0.000000000000000000 ) ) ;
#2708 = CYLINDRICAL_SURFACE ( 'NONE', #411, 10.00000000000000000 ) ;
#2709 = ORIENTED_EDGE ( 'NONE', *, *, #3735, .T. ) ;
#2710 = CARTESIAN_POINT ( 'NONE',  ( 8.000000000000000000, 4.999999999999998224, 27.35410196624967583 ) ) ;
#2711 = DIRECTION ( 'NONE',  ( 1.000000000000000000, 0.000000000000000000, 0.000000000000000000 ) ) ;
#2712 = ORIENTED_EDGE ( 'NONE', *, *, #743, .F. ) ;
#2713 = ORIENTED_EDGE ( 'NONE', *, *, #2051, .F. ) ;
#2714 = LINE ( 'NONE', #409, #1758 ) ;
#2715 = CARTESIAN_POINT ( 'NONE',  ( -15.91348658720776577, 22.42790548933980688, 5.336443210275435334 ) ) ;
#2716 = EDGE_LOOP ( 'NONE', ( #838, #1111, #1713 ) ) ;
#2717 = ORIENTED_EDGE ( 'NONE', *, *, #1030, .F. ) ;
#2718 = FACE_OUTER_BOUND ( 'NONE', #341, .T. ) ;
#2719 = EDGE_CURVE ( 'NONE', #875, #1807, #2140, .T. ) ;
#2720 = CIRCLE ( 'NONE', #1267, 1.000000000000000888 ) ;
#2721 = CARTESIAN_POINT ( 'NONE',  ( 22.50000000000000000, 0.000000000000000000, 5.000000000000000000 ) ) ;
#2722 = PLANE ( 'NONE',  #2191 ) ;
#2723 = ORIENTED_EDGE ( 'NONE', *, *, #1585, .F. ) ;
#2724 = CARTESIAN_POINT ( 'NONE',  ( 8.000000000000000000, -10.00000000000000178, 27.35410196624967583 ) ) ;
#2725 = AXIS2_PLACEMENT_3D ( 'NONE', #3141, #3203, #3447 ) ;
#2726 = CARTESIAN_POINT ( 'NONE',  ( -9.000000000000001776, 12.99999999999999645, 26.35410196624968648 ) ) ;
#2727 = ORIENTED_EDGE ( 'NONE', *, *, #1045, .F. ) ;
#2728 = ORIENTED_EDGE ( 'NONE', *, *, #2520, .F. ) ;
#2729 = EDGE_CURVE ( 'NONE', #635, #1935, #2035, .T. ) ;
#2730 = LINE ( 'NONE', #1848, #2174 ) ;
#2731 = CARTESIAN_POINT ( 'NONE',  ( 8.000000000000000000, -5.000000000000002665, 26.35410196624967583 ) ) ;
#2732 = CARTESIAN_POINT ( 'NONE',  ( -4.330127018922193649, -25.00000000000000000, 5.000000000000000000 ) ) ;
#2733 = ORIENTED_EDGE ( 'NONE', *, *, #1138, .T. ) ;
#2734 = DIRECTION ( 'NONE',  ( 1.000000000000000000, 0.000000000000000000, -0.000000000000000000 ) ) ;
#2735 = CIRCLE ( 'NONE', #2435, 2.500000000000000000 ) ;
#2736 = EDGE_LOOP ( 'NONE', ( #1971, #512, #493, #430 ) ) ;
#2737 =( NAMED_UNIT ( * ) PLANE_ANGLE_UNIT ( ) SI_UNIT ( $, .RADIAN. ) );
#2738 = ADVANCED_FACE ( 'NONE', ( #3030 ), #3243, .F. ) ;
#2739 = CARTESIAN_POINT ( 'NONE',  ( -16.49999999999999289, -22.00000000000000000, 5.317541634481458779 ) ) ;
#2740 = CIRCLE ( 'NONE', #2439, 6.000000000000001776 ) ;
#2741 = CARTESIAN_POINT ( 'NONE',  ( -3.634381814843159919, 14.99999999999999822, 37.06007335142895442 ) ) ;
#2742 = VERTEX_POINT ( 'NONE', #2516 ) ;
#2743 = CARTESIAN_POINT ( 'NONE',  ( 0.000000000000000000, 22.50000000000000000, 5.000000000000000000 ) ) ;
#2744 = FACE_OUTER_BOUND ( 'NONE', #1551, .T. ) ;
#2745 = VERTEX_POINT ( 'NONE', #114 ) ;
#2746 = CARTESIAN_POINT ( 'NONE',  ( -3.354354507914135919, 14.99999999999999822, 35.00000000000000000 ) ) ;
#2747 = CARTESIAN_POINT ( 'NONE',  ( -6.999999999999999112, -13.00000000000000178, 35.00000000000000000 ) ) ;
#2748 = AXIS2_PLACEMENT_3D ( 'NONE', #2721, #669, #1839 ) ;
#2749 = PLANE ( 'NONE',  #455 ) ;
#2750 = ORIENTED_EDGE ( 'NONE', *, *, #1742, .T. ) ;
#2751 = CARTESIAN_POINT ( 'NONE',  ( -7.714285714285711748, -10.00000000000000178, 18.68758318625040360 ) ) ;
#2752 = ORIENTED_EDGE ( 'NONE', *, *, #1879, .T. ) ;
#2753 = CARTESIAN_POINT ( 'NONE',  ( 17.36489587564348014, 21.35132809326738723, 5.094226479643411132 ) ) ;
#2754 = VERTEX_POINT ( 'NONE', #2816 ) ;
#2755 = CONICAL_SURFACE ( 'NONE', #1539, 2.500000000000000000, 0.7853981633974400633 ) ;
#2756 = DIRECTION ( 'NONE',  ( -3.469446951953611033E-15, 0.000000000000000000, -1.000000000000000000 ) ) ;
#2757 = ORIENTED_EDGE ( 'NONE', *, *, #3111, .T. ) ;
#2758 = AXIS2_PLACEMENT_3D ( 'NONE', #721, #977, #142 ) ;
#2759 = DIRECTION ( 'NONE',  ( 0.000000000000000000, 0.000000000000000000, -1.000000000000000000 ) ) ;
#2760 = CARTESIAN_POINT ( 'NONE',  ( 11.90569415042094548, -16.48683298050513812, 6.503786304001661023 ) ) ;
#2761 = ORIENTED_EDGE ( 'NONE', *, *, #1810, .F. ) ;
#2762 = FACE_OUTER_BOUND ( 'NONE', #1342, .T. ) ;
#2763 = CARTESIAN_POINT ( 'NONE',  ( 3.979469619250115997, -19.45641128736091829, 6.671493482155712584 ) ) ;
#2764 = CARTESIAN_POINT ( 'NONE',  ( -0.000000000000000000, -5.000000000000000000, 38.40000000000000568 ) ) ;
#2765 = EDGE_LOOP ( 'NONE', ( #78, #1002, #629, #2205 ) ) ;
#2766 = CARTESIAN_POINT ( 'NONE',  ( 0.000000000000000000, -22.50000000000000000, 43.00000000000000000 ) ) ;
#2767 = ADVANCED_FACE ( 'NONE', ( #3622 ), #1917, .T. ) ;
#2768 = ORIENTED_EDGE ( 'NONE', *, *, #2539, .F. ) ;
#2769 = APPLICATION_PROTOCOL_DEFINITION ( 'draft international standard', 'automotive_design', 1998, #478 ) ;
#2770 = CARTESIAN_POINT ( 'NONE',  ( -19.00000000000000000, -19.88089535207104319, 5.000000000000000000 ) ) ;
#2771 = EDGE_CURVE ( 'NONE', #2650, #2002, #3101, .T. ) ;
#2772 = EDGE_CURVE ( 'NONE', #2637, #1179, #3357, .T. ) ;
#2773 = EDGE_LOOP ( 'NONE', ( #3664, #3190, #416, #1560, #389, #1794, #1263, #3327, #3414 ) ) ;
#2774 = CARTESIAN_POINT ( 'NONE',  ( 9.000000000000001776, -10.00000000000000178, 22.99999999999999289 ) ) ;
#2775 = EDGE_CURVE ( 'NONE', #751, #3346, #1225, .T. ) ;
#2776 = ORIENTED_EDGE ( 'NONE', *, *, #2781, .F. ) ;
#2777 = VECTOR ( 'NONE', #2944, 1000.000000000000000 ) ;
#2778 = AXIS2_PLACEMENT_3D ( 'NONE', #1751, #256, #3518 ) ;
#2779 = CARTESIAN_POINT ( 'NONE',  ( 9.000000000000001776, -10.00000000000000178, 22.99999999999999289 ) ) ;
#2780 = CARTESIAN_POINT ( 'NONE',  ( -9.000000000000000000, -13.00000000000000178, 35.00000000000000000 ) ) ;
#2781 = EDGE_CURVE ( 'NONE', #928, #2914, #440, .T. ) ;
#2782 = ORIENTED_EDGE ( 'NONE', *, *, #2006, .T. ) ;
#2783 = DIRECTION ( 'NONE',  ( 1.000000000000000000, 0.000000000000000000, 0.000000000000000000 ) ) ;
#2784 = ORIENTED_EDGE ( 'NONE', *, *, #1813, .F. ) ;
#2785 = VECTOR ( 'NONE', #870, 1000.000000000000000 ) ;
#2786 = CARTESIAN_POINT ( 'NONE',  ( -4.964242025646163015, -21.81737740381412394, 5.513646969216355664 ) ) ;
#2787 = CIRCLE ( 'NONE', #277, 2.999999999999988898 ) ;
#2788 = CARTESIAN_POINT ( 'NONE',  ( 17.66555739412088144, 1.318410170914468438, 5.089213319683781656 ) ) ;
#2789 = VERTEX_POINT ( 'NONE', #479 ) ;
#2790 = CARTESIAN_POINT ( 'NONE',  ( 8.000000000000000000, 4.999999999999998224, 27.35410196624967583 ) ) ;
#2791 = CARTESIAN_POINT ( 'NONE',  ( 22.50000000000000000, 0.000000000000000000, 0.000000000000000000 ) ) ;
#2792 = CARTESIAN_POINT ( 'NONE',  ( -9.724292201681619119, -13.86915064201814296, 11.22289628242470272 ) ) ;
#2793 = DIRECTION ( 'NONE',  ( 0.000000000000000000, -0.000000000000000000, 1.000000000000000000 ) ) ;
#2794 = ORIENTED_EDGE ( 'NONE', *, *, #1320, .F. ) ;
#2795 = EDGE_CURVE ( 'NONE', #3292, #1710, #482, .T. ) ;
#2796 = DIRECTION ( 'NONE',  ( -0.000000000000000000, -1.000000000000000000, 0.000000000000000000 ) ) ;
#2797 = CARTESIAN_POINT ( 'NONE',  ( -11.45643923738959025, -25.00000000000000000, 5.000000000000000000 ) ) ;
#2798 = EDGE_CURVE ( 'NONE', #719, #3225, #2495, .T. ) ;
#2799 = DIRECTION ( 'NONE',  ( -0.000000000000000000, -0.000000000000000000, -1.000000000000000000 ) ) ;
#2800 = VERTEX_POINT ( 'NONE', #2797 ) ;
#2801 = CARTESIAN_POINT ( 'NONE',  ( 0.000000000000000000, 24.99999999999999645, 5.000000000000000000 ) ) ;
#2802 = VECTOR ( 'NONE', #2588, 1000.000000000000000 ) ;
#2803 = VERTEX_POINT ( 'NONE', #3389 ) ;
#2804 = AXIS2_PLACEMENT_3D ( 'NONE', #1090, #3443, #1658 ) ;
#2805 = CARTESIAN_POINT ( 'NONE',  ( 0.7006976980151438106, -17.54619202863630179, 8.333552253387244590 ) ) ;
#2806 = CARTESIAN_POINT ( 'NONE',  ( 8.142857142857142350, 4.999999999999998224, 17.06154008833527413 ) ) ;
#2807 = ORIENTED_EDGE ( 'NONE', *, *, #2377, .F. ) ;
#2808 = CARTESIAN_POINT ( 'NONE',  ( 9.000000000000001776, -10.00000000000000178, 29.92820323027549989 ) ) ;
#2809 = AXIS2_PLACEMENT_3D ( 'NONE', #16, #119, #1451 ) ;
#2810 = CIRCLE ( 'NONE', #301, 5.000000000000000888 ) ;
#2811 = CYLINDRICAL_SURFACE ( 'NONE', #1468, 4.499999999999997335 ) ;
#2812 = CARTESIAN_POINT ( 'NONE',  ( -9.000000000000001776, -13.00000000000000355, 15.00000000000000711 ) ) ;
#2813 = AXIS2_PLACEMENT_3D ( 'NONE', #1123, #3746, #2297 ) ;
#2814 = LINE ( 'NONE', #2830, #198 ) ;
#2815 = EDGE_LOOP ( 'NONE', ( #2471, #2071, #2281, #2476 ) ) ;
#2816 = CARTESIAN_POINT ( 'NONE',  ( -19.00000000000000000, 3.570714214271425213, 5.000000000000000000 ) ) ;
#2817 = CARTESIAN_POINT ( 'NONE',  ( -8.142857142857142350, 4.999999999999998224, 28.93845991166472231 ) ) ;
#2818 = EDGE_LOOP ( 'NONE', ( #321, #1445, #26, #787 ) ) ;
#2819 = AXIS2_PLACEMENT_3D ( 'NONE', #1393, #1073, #2036 ) ;
#2820 = CARTESIAN_POINT ( 'NONE',  ( -22.50000000000000000, 0.000000000000000000, 0.000000000000000000 ) ) ;
#2821 = VERTEX_POINT ( 'NONE', #1663 ) ;
#2822 = EDGE_CURVE ( 'NONE', #93, #3693, #856, .T. ) ;
#2823 = CARTESIAN_POINT ( 'NONE',  ( -3.787787774252144857, -19.22112735032959918, 6.834038832864757218 ) ) ;
#2824 = CARTESIAN_POINT ( 'NONE',  ( 9.724292201681755898, -13.86915064201875403, 11.22289628242432258 ) ) ;
#2825 = VERTEX_POINT ( 'NONE', #2038 ) ;
#2826 = LINE ( 'NONE', #2239, #827 ) ;
#2827 = DIRECTION ( 'NONE',  ( 0.000000000000000000, -0.000000000000000000, -1.000000000000000000 ) ) ;
#2828 = CARTESIAN_POINT ( 'NONE',  ( -9.000000000000000000, -15.00000000000000178, 15.00000000000000355 ) ) ;
#2829 = EDGE_CURVE ( 'NONE', #995, #2044, #1037, .T. ) ;
#2830 = CARTESIAN_POINT ( 'NONE',  ( -19.49999999999998934, 3.673940397442071208E-16, 0.000000000000000000 ) ) ;
#2831 = VECTOR ( 'NONE', #3599, 1000.000000000000000 ) ;
#2832 = ADVANCED_FACE ( 'NONE', ( #1455 ), #3161, .F. ) ;
#2833 = VERTEX_POINT ( 'NONE', #2858 ) ;
#2834 = AXIS2_PLACEMENT_3D ( 'NONE', #3466, #474, #2280 ) ;
#2835 = CARTESIAN_POINT ( 'NONE',  ( -4.332197593416404757, 19.98382899847415217, 6.343618072216834491 ) ) ;
#2836 = CARTESIAN_POINT ( 'NONE',  ( 19.00000000000000355, 0.000000000000000000, 5.000000000000000000 ) ) ;
#2837 = ADVANCED_FACE ( 'NONE', ( #1999 ), #1115, .T. ) ;
#2838 = FACE_BOUND ( 'NONE', #824, .T. ) ;
#2839 = CARTESIAN_POINT ( 'NONE',  ( -15.21582729579457727, -22.92292236827313445, 5.204687354259523779 ) ) ;
#2840 = ORIENTED_EDGE ( 'NONE', *, *, #1256, .T. ) ;
#2841 = CIRCLE ( 'NONE', #269, 2.499999999999998668 ) ;
#2842 = DIRECTION ( 'NONE',  ( -0.000000000000000000, -0.000000000000000000, -1.000000000000000000 ) ) ;
#2843 = CIRCLE ( 'NONE', #642, 1.000000000000000888 ) ;
#2844 = ORIENTED_EDGE ( 'NONE', *, *, #476, .T. ) ;
#2845 = CARTESIAN_POINT ( 'NONE',  ( 9.000000000000001776, 4.999999999999998224, 27.49999999999999289 ) ) ;
#2846 = CARTESIAN_POINT ( 'NONE',  ( 9.142303340910812537, -15.14230334091023167, 13.21350412191457124 ) ) ;
#2847 = ORIENTED_EDGE ( 'NONE', *, *, #1192, .T. ) ;
#2848 = CARTESIAN_POINT ( 'NONE',  ( -17.36489587564347659, 21.35132809326738723, 5.094226479643412020 ) ) ;
#2849 = AXIS2_PLACEMENT_3D ( 'NONE', #1990, #840, #3078 ) ;
#2850 = FACE_OUTER_BOUND ( 'NONE', #3687, .T. ) ;
#2851 = CARTESIAN_POINT ( 'NONE',  ( -9.492041825991751836, -15.49204182599175539, 11.80458641533501662 ) ) ;
#2852 = DIRECTION ( 'NONE',  ( -0.000000000000000000, -0.000000000000000000, -1.000000000000000000 ) ) ;
#2853 = ORIENTED_EDGE ( 'NONE', *, *, #2798, .F. ) ;
#2854 = ORIENTED_EDGE ( 'NONE', *, *, #176, .F. ) ;
#2855 = EDGE_CURVE ( 'NONE', #1739, #1511, #631, .T. ) ;
#2856 = CYLINDRICAL_SURFACE ( 'NONE', #1655, 2.500000000000000000 ) ;
#2857 = DIRECTION ( 'NONE',  ( 0.000000000000000000, 0.000000000000000000, 1.000000000000000000 ) ) ;
#2858 = CARTESIAN_POINT ( 'NONE',  ( -24.99999999999999645, 0.000000000000000000, 4.500000000000001776 ) ) ;
#2859 = AXIS2_PLACEMENT_3D ( 'NONE', #2138, #3609, #624 ) ;
#2860 = DIRECTION ( 'NONE',  ( -0.000000000000000000, -0.000000000000000000, -1.000000000000000000 ) ) ;
#2861 = ORIENTED_EDGE ( 'NONE', *, *, #862, .T. ) ;
#2862 = DIRECTION ( 'NONE',  ( 0.000000000000000000, 0.000000000000000000, -1.000000000000000000 ) ) ;
#2863 = ORIENTED_EDGE ( 'NONE', *, *, #265, .F. ) ;
#2864 = CARTESIAN_POINT ( 'NONE',  ( -2.500000000000000000, 22.50000000000000000, 0.4999999999999943934 ) ) ;
#2865 = CARTESIAN_POINT ( 'NONE',  ( 17.76268115640443312, 1.633047153011091934, 5.076008000712698198 ) ) ;
#2866 = ORIENTED_EDGE ( 'NONE', *, *, #1643, .T. ) ;
#2867 = CARTESIAN_POINT ( 'NONE',  ( -9.142303340911700715, 15.14230334091112518, 13.21350412191440782 ) ) ;
#2868 = FACE_OUTER_BOUND ( 'NONE', #2411, .T. ) ;
#2869 = EDGE_CURVE ( 'NONE', #2993, #3090, #249, .T. ) ;
#2870 = CARTESIAN_POINT ( 'NONE',  ( -10.47462535016248530, -14.76955042019438480, 9.744217019979128480 ) ) ;
#2871 = CARTESIAN_POINT ( 'NONE',  ( -16.30728374304882422, -22.14453719271337917, 5.367300758062481414 ) ) ;
#2872 = CIRCLE ( 'NONE', #1893, 1.000000000000000888 ) ;
#2873 = DIRECTION ( 'NONE',  ( 1.000000000000000000, 0.000000000000000000, 0.000000000000000000 ) ) ;
#2874 = CIRCLE ( 'NONE', #1527, 3.000000000000009770 ) ;
#2875 = VERTEX_POINT ( 'NONE', #3205 ) ;
#2876 = ORIENTED_EDGE ( 'NONE', *, *, #1690, .T. ) ;
#2877 = CARTESIAN_POINT ( 'NONE',  ( 7.714285714285714413, -10.00000000000000178, 27.31241681374958574 ) ) ;
#2878 = AXIS2_PLACEMENT_3D ( 'NONE', #3343, #1944, #1063 ) ;
#2879 = CARTESIAN_POINT ( 'NONE',  ( 9.000000000000001776, -13.00000000000000178, 19.64589803375030996 ) ) ;
#2880 = CARTESIAN_POINT ( 'NONE',  ( 7.000000000000006217, -15.00000000000000000, 10.28619728516616938 ) ) ;
#2881 = CARTESIAN_POINT ( 'NONE',  ( 19.00000000000000355, -19.88089535207103964, 5.000000000000000000 ) ) ;
#2882 = CARTESIAN_POINT ( 'NONE',  ( 9.000000000000001776, -15.00000000000000178, 15.00000000000000000 ) ) ;
#2883 = ORIENTED_EDGE ( 'NONE', *, *, #1410, .T. ) ;
#2884 = CARTESIAN_POINT ( 'NONE',  ( -6.515741454089334361, -5.000000000000000000, 38.40000000000000568 ) ) ;
#2885 = DIRECTION ( 'NONE',  ( 0.000000000000000000, 0.000000000000000000, 1.000000000000000000 ) ) ;
#2886 = VECTOR ( 'NONE', #3489, 1000.000000000000114 ) ;
#2887 = ORIENTED_EDGE ( 'NONE', *, *, #3478, .F. ) ;
#2888 = ORIENTED_EDGE ( 'NONE', *, *, #2109, .T. ) ;
#2889 = DIRECTION ( 'NONE',  ( 0.000000000000000000, 1.000000000000000000, 0.000000000000000000 ) ) ;
#2890 = PRODUCT_DEFINITION_CONTEXT ( 'detailed design', #478, 'design' ) ;
#2891 = VECTOR ( 'NONE', #3277, 1000.000000000000114 ) ;
#2892 = CARTESIAN_POINT ( 'NONE',  ( 5.129891299411515782, 14.74819226614514101, 37.92590738476251033 ) ) ;
#2893 = CARTESIAN_POINT ( 'NONE',  ( -5.926099298553133998, 13.51856512862379667, 38.83603329904153867 ) ) ;
#2894 = CARTESIAN_POINT ( 'NONE',  ( -9.000000000000001776, 9.999999999999998224, 19.64589803375031352 ) ) ;
#2895 = ADVANCED_FACE ( 'NONE', ( #2838, #1744 ), #2589, .T. ) ;
#2896 = ORIENTED_EDGE ( 'NONE', *, *, #1476, .F. ) ;
#2897 = FACE_OUTER_BOUND ( 'NONE', #2925, .T. ) ;
#2898 = EDGE_CURVE ( 'NONE', #1531, #3377, #2810, .T. ) ;
#2899 = CARTESIAN_POINT ( 'NONE',  ( 6.015741454089334361, -4.500000000000000888, 38.90000000000000568 ) ) ;
#2900 = EDGE_CURVE ( 'NONE', #1292, #2078, #3715, .T. ) ;
#2901 = DIRECTION ( 'NONE',  ( 0.000000000000000000, -0.000000000000000000, 1.000000000000000000 ) ) ;
#2902 = ADVANCED_FACE ( 'NONE', ( #227 ), #3753, .T. ) ;
#2903 = CARTESIAN_POINT ( 'NONE',  ( 20.00000000000000000, 0.000000000000000000, 5.000000000000000000 ) ) ;
#2904 = CYLINDRICAL_SURFACE ( 'NONE', #2624, 1.000000000000000888 ) ;
#2905 = ORIENTED_EDGE ( 'NONE', *, *, #582, .T. ) ;
#2906 = CARTESIAN_POINT ( 'NONE',  ( -25.49999999999998934, 3.673940397442045570E-16, 5.000000000000000000 ) ) ;
#2907 = CARTESIAN_POINT ( 'NONE',  ( 22.50000000000000000, 0.000000000000000000, 5.000000000000000000 ) ) ;
#2908 = ORIENTED_EDGE ( 'NONE', *, *, #3019, .F. ) ;
#2909 = VERTEX_POINT ( 'NONE', #1133 ) ;
#2910 = CIRCLE ( 'NONE', #141, 1.000000000000000888 ) ;
#2911 = DIRECTION ( 'NONE',  ( 1.000000000000000000, 0.000000000000000000, 0.000000000000000000 ) ) ;
#2912 = CARTESIAN_POINT ( 'NONE',  ( -4.015350013111528504, 14.96579758869023813, 37.32942299016744414 ) ) ;
#2913 = DIRECTION ( 'NONE',  ( -0.000000000000000000, 1.000000000000000000, -0.000000000000000000 ) ) ;
#2914 = VERTEX_POINT ( 'NONE', #2305 ) ;
#2915 = AXIS2_PLACEMENT_3D ( 'NONE', #2267, #1059, #3412 ) ;
#2916 = DIRECTION ( 'NONE',  ( -0.000000000000000000, -0.000000000000000000, -1.000000000000000000 ) ) ;
#2917 = CARTESIAN_POINT ( 'NONE',  ( -9.000000000000001776, -10.00000000000000178, 27.50000000000000000 ) ) ;
#2918 = DIRECTION ( 'NONE',  ( 0.000000000000000000, 0.000000000000000000, 1.000000000000000000 ) ) ;
#2919 = CARTESIAN_POINT ( 'NONE',  ( -8.000000000000000000, 4.999999999999998224, 26.35410196624968648 ) ) ;
#2920 = ORIENTED_EDGE ( 'NONE', *, *, #3055, .T. ) ;
#2921 = VECTOR ( 'NONE', #2210, 1000.000000000000000 ) ;
#2922 = CARTESIAN_POINT ( 'NONE',  ( 8.000000000000000000, 4.999999999999998224, 16.07179676972448590 ) ) ;
#2923 = VERTEX_POINT ( 'NONE', #2019 ) ;
#2924 = CYLINDRICAL_SURFACE ( 'NONE', #1068, 1.000000000000000888 ) ;
#2925 = EDGE_LOOP ( 'NONE', ( #3615, #3128, #975, #2429 ) ) ;
#2926 = ORIENTED_EDGE ( 'NONE', *, *, #1415, .T. ) ;
#2927 = CARTESIAN_POINT ( 'NONE',  ( -10.10045729736451037, 16.10045729736326336, 10.35595965547306285 ) ) ;
#2928 = DIRECTION ( 'NONE',  ( 0.000000000000000000, 1.000000000000000000, 0.000000000000000000 ) ) ;
#2929 = CARTESIAN_POINT ( 'NONE',  ( -4.834014978421230957, 14.74757277857353621, 37.51574969418878425 ) ) ;
#2930 = LINE ( 'NONE', #609, #3786 ) ;
#2931 = PRODUCT_DEFINITION_SHAPE ( 'NONE', 'NONE',  #1495 ) ;
#2932 = EDGE_LOOP ( 'NONE', ( #2399, #3207, #816, #2481 ) ) ;
#2933 = CARTESIAN_POINT ( 'NONE',  ( 4.733523416798809613, 20.85716159260290681, 5.892412984911604035 ) ) ;
#2934 = DIRECTION ( 'NONE',  ( -0.000000000000000000, -0.000000000000000000, -1.000000000000000000 ) ) ;
#2935 = FACE_OUTER_BOUND ( 'NONE', #2652, .T. ) ;
#2936 = CARTESIAN_POINT ( 'NONE',  ( 8.137012021940488893, 15.94751001828395154, 10.71541218037277154 ) ) ;
#2937 = DIRECTION ( 'NONE',  ( -0.000000000000000000, 1.000000000000000000, -0.000000000000000000 ) ) ;
#2938 = EDGE_CURVE ( 'NONE', #3416, #2923, #238, .T. ) ;
#2939 = ORIENTED_EDGE ( 'NONE', *, *, #761, .F. ) ;
#2940 = DIRECTION ( 'NONE',  ( -1.000000000000000000, 0.000000000000000000, 0.000000000000000000 ) ) ;
#2941 = CARTESIAN_POINT ( 'NONE',  ( 9.000000000000001776, 12.99999999999999645, 15.00000000000000000 ) ) ;
#2942 = ORIENTED_EDGE ( 'NONE', *, *, #163, .F. ) ;
#2943 = EDGE_LOOP ( 'NONE', ( #3474, #1315, #1110, #1466, #931, #2328, #3380, #3049 ) ) ;
#2944 = DIRECTION ( 'NONE',  ( -0.000000000000000000, 1.000000000000000000, -0.000000000000000000 ) ) ;
#2945 = ADVANCED_FACE ( 'NONE', ( #286, #267, #3774, #1173, #576 ), #3123, .F. ) ;
#2946 = VECTOR ( 'NONE', #3779, 1000.000000000000000 ) ;
#2947 = DIRECTION ( 'NONE',  ( 1.000000000000000000, 0.000000000000000000, 0.000000000000000000 ) ) ;
#2948 = CARTESIAN_POINT ( 'NONE',  ( -6.950000000000011724, 12.99999999999999645, 38.90000000000000568 ) ) ;
#2949 = EDGE_CURVE ( 'NONE', #3590, #423, #1831, .T. ) ;
#2950 = DIRECTION ( 'NONE',  ( -0.000000000000000000, 1.000000000000000000, -0.000000000000000000 ) ) ;
#2951 = ORIENTED_EDGE ( 'NONE', *, *, #3618, .F. ) ;
#2952 = CARTESIAN_POINT ( 'NONE',  ( -1.856273606958664502, 17.85445840852973021, 8.003580256928236381 ) ) ;
#2953 = ADVANCED_FACE ( 'NONE', ( #1396 ), #91, .F. ) ;
#2954 = DIRECTION ( 'NONE',  ( -0.000000000000000000, -1.000000000000000000, 0.000000000000000000 ) ) ;
#2955 = CARTESIAN_POINT ( 'NONE',  ( 9.492041825993602799, 15.49204182599419610, 11.80458641533541098 ) ) ;
#2956 = AXIS2_PLACEMENT_3D ( 'NONE', #2188, #3367, #2793 ) ;
#2957 = ORIENTED_EDGE ( 'NONE', *, *, #10, .F. ) ;
#2958 = CARTESIAN_POINT ( 'NONE',  ( 8.000000000000000000, 4.999999999999998224, 19.64589803375030996 ) ) ;
#2959 = ORIENTED_EDGE ( 'NONE', *, *, #61, .F. ) ;
#2960 = LINE ( 'NONE', #2595, #828 ) ;
#2961 = VERTEX_POINT ( 'NONE', #42 ) ;
#2962 = ORIENTED_EDGE ( 'NONE', *, *, #3339, .T. ) ;
#2963 = DIRECTION ( 'NONE',  ( 0.000000000000000000, 0.000000000000000000, 1.000000000000000000 ) ) ;
#2964 = CARTESIAN_POINT ( 'NONE',  ( 3.634381814843166580, 14.99999999999999822, 37.06007335142895442 ) ) ;
#2965 = LINE ( 'NONE', #378, #2236 ) ;
#2966 = AXIS2_PLACEMENT_3D ( 'NONE', #1403, #2237, #3149 ) ;
#2967 = ORIENTED_EDGE ( 'NONE', *, *, #3647, .F. ) ;
#2968 = EDGE_CURVE ( 'NONE', #258, #3285, #925, .T. ) ;
#2969 = CARTESIAN_POINT ( 'NONE',  ( -17.66438475937016506, -1.313775451349175505, 5.089374541166731269 ) ) ;
#2970 = DIRECTION ( 'NONE',  ( 0.000000000000000000, 0.000000000000000000, 1.000000000000000000 ) ) ;
#2971 = ADVANCED_FACE ( 'NONE', ( #653 ), #3530, .F. ) ;
#2972 = CIRCLE ( 'NONE', #2360, 2.000000000000000000 ) ;
#2973 = DIRECTION ( 'NONE',  ( 0.5547001962252292584, 0.000000000000000000, -0.8320502943378436100 ) ) ;
#2974 = CARTESIAN_POINT ( 'NONE',  ( 9.230603172936545420, 15.23060317293592725, 12.75312179007041458 ) ) ;
#2975 = ORIENTED_EDGE ( 'NONE', *, *, #1603, .F. ) ;
#2976 = CARTESIAN_POINT ( 'NONE',  ( -19.00000000000000000, -15.00000000000000178, 15.00000000000000000 ) ) ;
#2977 = DIRECTION ( 'NONE',  ( 0.000000000000000000, -1.000000000000000000, 0.000000000000000000 ) ) ;
#2978 = VERTEX_POINT ( 'NONE', #1215 ) ;
#2979 = VERTEX_POINT ( 'NONE', #2381 ) ;
#2980 = DIRECTION ( 'NONE',  ( -0.000000000000000000, 1.000000000000000000, -0.000000000000000000 ) ) ;
#2981 = CARTESIAN_POINT ( 'NONE',  ( -5.000000000000006217, -22.71228430102079798, 5.262730063647135914 ) ) ;
#2982 = CIRCLE ( 'NONE', #3039, 1.000000000000000888 ) ;
#2983 = DIRECTION ( 'NONE',  ( 0.000000000000000000, 0.000000000000000000, 1.000000000000000000 ) ) ;
#2984 = EDGE_LOOP ( 'NONE', ( #825, #2133, #245, #1250 ) ) ;
#2985 = CARTESIAN_POINT ( 'NONE',  ( -4.330127018922193649, -25.00000000000000000, 5.000000000000000000 ) ) ;
#2987 = VECTOR ( 'NONE', #3164, 1000.000000000000000 ) ;
#2986 = DIRECTION ( 'NONE',  ( 0.000000000000000000, 1.000000000000000000, -0.000000000000000000 ) ) ;
#2988 = VECTOR ( 'NONE', #201, 1000.000000000000000 ) ;
#2989 = CARTESIAN_POINT ( 'NONE',  ( 0.000000000000000000, -22.50000000000000000, 5.000000000000000000 ) ) ;
#2990 = CARTESIAN_POINT ( 'NONE',  ( 9.661727888732286829, 15.66172788873228683, 11.32259612066737553 ) ) ;
#2991 = AXIS2_PLACEMENT_3D ( 'NONE', #2050, #1781, #920 ) ;
#2992 = AXIS2_PLACEMENT_3D ( 'NONE', #3046, #1340, #2759 ) ;
#2993 = VERTEX_POINT ( 'NONE', #905 ) ;
#2994 = DIRECTION ( 'NONE',  ( 0.000000000000000000, 0.000000000000000000, 1.000000000000000000 ) ) ;
#2995 = LINE ( 'NONE', #2463, #2484 ) ;
#2996 = VECTOR ( 'NONE', #3402, 1000.000000000000000 ) ;
#2997 = ORIENTED_EDGE ( 'NONE', *, *, #939, .T. ) ;
#2998 = ORIENTED_EDGE ( 'NONE', *, *, #1755, .F. ) ;
#2999 = CARTESIAN_POINT ( 'NONE',  ( 5.098495661575134008, 14.99999999999999822, 37.61621173049149292 ) ) ;
#3000 = CARTESIAN_POINT ( 'NONE',  ( -9.000000000000001776, -10.00000000000000178, 23.00000000000000000 ) ) ;
#3001 = ORIENTED_EDGE ( 'NONE', *, *, #417, .F. ) ;
#3002 = CARTESIAN_POINT ( 'NONE',  ( -7.000000000000000000, 15.00000000000000355, 10.28619728516617293 ) ) ;
#3003 = EDGE_CURVE ( 'NONE', #1211, #892, #2387, .T. ) ;
#3004 = EDGE_LOOP ( 'NONE', ( #3016, #1164, #358, #3499, #1540, #2393, #1567, #967, #3514 ) ) ;
#3005 = CARTESIAN_POINT ( 'NONE',  ( -1.701260714075009783, 17.79528597951466296, 8.064739809886328104 ) ) ;
#3006 = CIRCLE ( 'NONE', #3126, 1.000000000000000888 ) ;
#3007 = LINE ( 'NONE', #1475, #1621 ) ;
#3008 = DIRECTION ( 'NONE',  ( 0.000000000000000000, 0.000000000000000000, -1.000000000000000000 ) ) ;
#3009 = EDGE_CURVE ( 'NONE', #3157, #1481, #3563, .T. ) ;
#3010 = CARTESIAN_POINT ( 'NONE',  ( 27.49999999999999645, 0.000000000000000000, 0.4999999999999935052 ) ) ;
#3011 = ORIENTED_EDGE ( 'NONE', *, *, #449, .F. ) ;
#3012 = DIRECTION ( 'NONE',  ( 1.000000000000000000, 0.000000000000000000, 0.000000000000000000 ) ) ;
#3013 = DIRECTION ( 'NONE',  ( 1.000000000000000000, 0.000000000000000000, 0.000000000000000000 ) ) ;
#3014 = ORIENTED_EDGE ( 'NONE', *, *, #1365, .T. ) ;
#3015 = AXIS2_PLACEMENT_3D ( 'NONE', #3674, #89, #1265 ) ;
#3016 = ORIENTED_EDGE ( 'NONE', *, *, #2938, .F. ) ;
#3017 = CARTESIAN_POINT ( 'NONE',  ( -9.000000000000001776, 13.00000000000000355, 15.00000000000000711 ) ) ;
#3018 = CARTESIAN_POINT ( 'NONE',  ( 5.000000000000012434, 22.92673077644736424, 5.207360221781801357 ) ) ;
#3019 = EDGE_CURVE ( 'NONE', #1935, #2121, #3244, .T. ) ;
#3020 = EDGE_CURVE ( 'NONE', #780, #3319, #3584, .T. ) ;
#3021 = CARTESIAN_POINT ( 'NONE',  ( -9.000000000000000000, -5.000000000000002665, 19.64589803375031707 ) ) ;
#3022 = ORIENTED_EDGE ( 'NONE', *, *, #3448, .F. ) ;
#3023 = CARTESIAN_POINT ( 'NONE',  ( -19.00000000000000000, 19.88089535207104319, 5.000000000000000000 ) ) ;
#3024 = EDGE_LOOP ( 'NONE', ( #2655, #2501, #368, #1590, #2448, #604 ) ) ;
#3025 = DIRECTION ( 'NONE',  ( 1.000000000000000000, 0.000000000000000000, 0.000000000000000000 ) ) ;
#3026 = CIRCLE ( 'NONE', #3332, 1.000000000000000888 ) ;
#3027 = CARTESIAN_POINT ( 'NONE',  ( -8.000000000000000000, 9.999999999999998224, 19.64589803375031352 ) ) ;
#3028 = CARTESIAN_POINT ( 'NONE',  ( -2.500000000000000000, -22.50000000000000000, 5.000000000000000000 ) ) ;
#3029 = ORIENTED_EDGE ( 'NONE', *, *, #3523, .F. ) ;
#3030 = FACE_OUTER_BOUND ( 'NONE', #67, .T. ) ;
#3031 = DIRECTION ( 'NONE',  ( -0.8320502943378436100, 0.000000000000000000, -0.5547001962252292584 ) ) ;
#3032 = ORIENTED_EDGE ( 'NONE', *, *, #3754, .T. ) ;
#3033 = ORIENTED_EDGE ( 'NONE', *, *, #1140, .F. ) ;
#3034 = CARTESIAN_POINT ( 'NONE',  ( 9.000000000000001776, -10.00000000000000178, 19.64589803375030996 ) ) ;
#3035 = DIRECTION ( 'NONE',  ( 1.000000000000000000, 0.000000000000000000, 0.000000000000000000 ) ) ;
#3036 = CARTESIAN_POINT ( 'NONE',  ( 10.77851624424264187, -15.13421949309155679, 9.280518160965101515 ) ) ;
#3037 = VERTEX_POINT ( 'NONE', #1786 ) ;
#3038 = CARTESIAN_POINT ( 'NONE',  ( 0.000000000000000000, 0.000000000000000000, 5.000000000000000000 ) ) ;
#3039 = AXIS2_PLACEMENT_3D ( 'NONE', #3251, #2430, #2449 ) ;
#3040 = EDGE_LOOP ( 'NONE', ( #2709, #271 ) ) ;
#3041 = PLANE ( 'NONE',  #2345 ) ;
#3042 = ORIENTED_EDGE ( 'NONE', *, *, #3364, .T. ) ;
#3043 = AXIS2_PLACEMENT_3D ( 'NONE', #1044, #3104, #2783 ) ;
#3044 = DIRECTION ( 'NONE',  ( 0.000000000000000000, 1.000000000000000000, -0.000000000000000000 ) ) ;
#3045 = ORIENTED_EDGE ( 'NONE', *, *, #731, .F. ) ;
#3046 = CARTESIAN_POINT ( 'NONE',  ( 8.000000000000000000, 4.999999999999998224, 16.07179676972448590 ) ) ;
#3047 = LINE ( 'NONE', #2695, #516 ) ;
#3048 = AXIS2_PLACEMENT_3D ( 'NONE', #3392, #481, #767 ) ;
#3049 = ORIENTED_EDGE ( 'NONE', *, *, #223, .T. ) ;
#3050 = EDGE_CURVE ( 'NONE', #2122, #2044, #2113, .T. ) ;
#3051 = CARTESIAN_POINT ( 'NONE',  ( -9.000000000000001776, 12.99999999999999645, 35.00000000000000000 ) ) ;
#3052 = CARTESIAN_POINT ( 'NONE',  ( -6.015741454089333473, -4.500000000000000888, 38.90000000000000568 ) ) ;
#3053 = AXIS2_PLACEMENT_3D ( 'NONE', #1377, #2285, #2901 ) ;
#3054 = CARTESIAN_POINT ( 'NONE',  ( -11.45643923738959735, 24.99999999999999645, 5.000000000000000000 ) ) ;
#3055 = EDGE_CURVE ( 'NONE', #585, #719, #2694, .T. ) ;
#3056 = EDGE_LOOP ( 'NONE', ( #772, #2617, #162, #2521 ) ) ;
#3057 = FACE_OUTER_BOUND ( 'NONE', #1065, .T. ) ;
#3058 = ADVANCED_FACE ( 'NONE', ( #2646 ), #1553, .T. ) ;
#3059 = EDGE_LOOP ( 'NONE', ( #1278, #2530, #859, #1961 ) ) ;
#3060 = FACE_OUTER_BOUND ( 'NONE', #3059, .T. ) ;
#3061 = EDGE_CURVE ( 'NONE', #117, #53, #3724, .T. ) ;
#3062 = DIRECTION ( 'NONE',  ( 0.000000000000000000, 0.000000000000000000, -1.000000000000000000 ) ) ;
#3063 = ORIENTED_EDGE ( 'NONE', *, *, #1762, .F. ) ;
#3064 = VECTOR ( 'NONE', #2634, 1000.000000000000000 ) ;
#3065 = CARTESIAN_POINT ( 'NONE',  ( 6.431766601258255278, 12.99999999999999822, 38.12264990188738523 ) ) ;
#3066 = VERTEX_POINT ( 'NONE', #365 ) ;
#3067 = AXIS2_PLACEMENT_3D ( 'NONE', #1336, #1013, #2170 ) ;
#3068 = DIRECTION ( 'NONE',  ( 0.000000000000000000, 0.000000000000000000, 1.000000000000000000 ) ) ;
#3069 = DIRECTION ( 'NONE',  ( -1.000000000000000000, 0.000000000000000000, 0.000000000000000000 ) ) ;
#3070 = ORIENTED_EDGE ( 'NONE', *, *, #1585, .T. ) ;
#3071 = DIRECTION ( 'NONE',  ( -1.000000000000000000, 0.000000000000000000, 0.000000000000000000 ) ) ;
#3072 = CARTESIAN_POINT ( 'NONE',  ( -1.708604174222088323, -17.78942531428656793, 8.068702654539110952 ) ) ;
#3073 = CARTESIAN_POINT ( 'NONE',  ( 9.492041825994196103, -15.49204182599419610, 11.80458641533541098 ) ) ;
#3074 = B_SPLINE_CURVE_WITH_KNOTS ( 'NONE', 3,
 ( #3672, #2277, #775, #1387, #757, #490, #820, #3707 ),
 .UNSPECIFIED., .F., .F.,
 ( 4, 2, 2, 4 ),
 ( 0.01044200683528481895, 0.01110042898779772108, 0.01175885114031062148, 0.01307569544533642575 ),
 .UNSPECIFIED. ) ;
#3075 = VERTEX_POINT ( 'NONE', #3548 ) ;
#3076 = CARTESIAN_POINT ( 'NONE',  ( -2.500000000000000000, 22.50000000000000000, 4.500000000000003553 ) ) ;
#3077 = EDGE_CURVE ( 'NONE', #879, #394, #3421, .T. ) ;
#3078 = DIRECTION ( 'NONE',  ( 0.000000000000000000, 0.000000000000000000, 1.000000000000000000 ) ) ;
#3079 =( BOUNDED_CURVE ( )  B_SPLINE_CURVE ( 3, ( #2245, #264, #1432, #2607 ),
 .UNSPECIFIED., .F., .F. ) 
 B_SPLINE_CURVE_WITH_KNOTS ( ( 4, 4 ),
 ( 1.823476581936976704, 3.141592653589793116 ),
 .UNSPECIFIED. ) 
 CURVE ( )  GEOMETRIC_REPRESENTATION_ITEM ( )  RATIONAL_B_SPLINE_CURVE ( ( 1.000000000000000000, 0.8603796100280636239, 0.8603796100280636239, 1.000000000000000000 ) ) 
 REPRESENTATION_ITEM ( '' )  );
#3080 = DIRECTION ( 'NONE',  ( 0.000000000000000000, 0.000000000000000000, 1.000000000000000000 ) ) ;
#3081 = ADVANCED_FACE ( 'NONE', ( #76 ), #1498, .F. ) ;
#3082 = EDGE_LOOP ( 'NONE', ( #3517, #2041, #2926, #3217 ) ) ;
#3083 = CARTESIAN_POINT ( 'NONE',  ( 0.000000000000000000, 0.000000000000000000, 5.000000000000000000 ) ) ;
#3084 = EDGE_CURVE ( 'NONE', #1139, #1372, #2204, .T. ) ;
#3085 = AXIS2_PLACEMENT_3D ( 'NONE', #1892, #1067, #3112 ) ;
#3086 = DIRECTION ( 'NONE',  ( -0.000000000000000000, 1.000000000000000000, -0.000000000000000000 ) ) ;
#3087 = CYLINDRICAL_SURFACE ( 'NONE', #2915, 5.000000000000000888 ) ;
#3088 = ORIENTED_EDGE ( 'NONE', *, *, #1138, .F. ) ;
#3089 = CARTESIAN_POINT ( 'NONE',  ( 13.00902242460538005, -24.24358703721670238, 5.019290483484801335 ) ) ;
#3090 = VERTEX_POINT ( 'NONE', #2342 ) ;
#3091 = CARTESIAN_POINT ( 'NONE',  ( -8.142857142857142350, 4.999999999999998224, 17.06154008833527769 ) ) ;
#3092 = VECTOR ( 'NONE', #747, 1000.000000000000000 ) ;
#3093 = DIRECTION ( 'NONE',  ( 0.000000000000000000, 0.000000000000000000, 1.000000000000000000 ) ) ;
#3094 = ORIENTED_EDGE ( 'NONE', *, *, #2268, .T. ) ;
#3095 = CYLINDRICAL_SURFACE ( 'NONE', #1433, 10.00000000000000178 ) ;
#3096 = FACE_OUTER_BOUND ( 'NONE', #2716, .T. ) ;
#3097 = CARTESIAN_POINT ( 'NONE',  ( -7.000000000002301270, -15.00000000000000355, 14.44748649547753772 ) ) ;
#3098 = CARTESIAN_POINT ( 'NONE',  ( -6.015741454089333473, 12.99999999999999822, 38.90000000000000568 ) ) ;
#3099 = EDGE_CURVE ( 'NONE', #1162, #2789, #888, .T. ) ;
#3100 = ORIENTED_EDGE ( 'NONE', *, *, #2505, .F. ) ;
#3101 = LINE ( 'NONE', #1000, #2628 ) ;
#3102 = CARTESIAN_POINT ( 'NONE',  ( 8.142857142857142350, -10.00000000000000178, 28.93845991166471521 ) ) ;
#3103 = CARTESIAN_POINT ( 'NONE',  ( 2.999999999999988898, -22.50000000000000000, 0.000000000000000000 ) ) ;
#3104 = DIRECTION ( 'NONE',  ( 0.000000000000000000, 0.000000000000000000, 1.000000000000000000 ) ) ;
#3105 = AXIS2_PLACEMENT_3D ( 'NONE', #2307, #522, #3224 ) ;
#3106 = ORIENTED_EDGE ( 'NONE', *, *, #2829, .T. ) ;
#3107 = CARTESIAN_POINT ( 'NONE',  ( 0.1699423582359664009, -17.49976480340068008, 8.385888409836907087 ) ) ;
#3108 = ADVANCED_FACE ( 'NONE', ( #2935 ), #1194, .T. ) ;
#3109 = CARTESIAN_POINT ( 'NONE',  ( 9.000000000006327383, -15.00000000000402700, 14.55818883778217554 ) ) ;
#3110 = ORIENTED_EDGE ( 'NONE', *, *, #1326, .F. ) ;
#3111 = EDGE_CURVE ( 'NONE', #1814, #1531, #216, .T. ) ;
#3112 = DIRECTION ( 'NONE',  ( 0.000000000000000000, 0.000000000000000000, -1.000000000000000000 ) ) ;
#3113 = VECTOR ( 'NONE', #2075, 1000.000000000000000 ) ;
#3114 = CARTESIAN_POINT ( 'NONE',  ( 9.000000000000001776, 4.999999999999998224, 22.99999999999999289 ) ) ;
#3115 = CARTESIAN_POINT ( 'NONE',  ( -9.026238385161521549, -15.02623838516151977, 14.11952223733596945 ) ) ;
#3116 = ADVANCED_FACE ( 'NONE', ( #472 ), #1069, .T. ) ;
#3117 = CIRCLE ( 'NONE', #1834, 5.999999999999998224 ) ;
#3118 = CARTESIAN_POINT ( 'NONE',  ( 13.00902242460540315, 24.24358703721668817, 5.019290483484800447 ) ) ;
#3119 = VERTEX_POINT ( 'NONE', #980 ) ;
#3120 = CARTESIAN_POINT ( 'NONE',  ( -4.732939567253514390, 20.85589353663094059, 5.893068549497356479 ) ) ;
#3121 = CARTESIAN_POINT ( 'NONE',  ( -9.000000000000001776, -10.00000000000000178, 23.00000000000000000 ) ) ;
#3122 = EDGE_CURVE ( 'NONE', #3432, #2189, #2257, .T. ) ;
#3123 = PLANE ( 'NONE',  #547 ) ;
#3124 = DIRECTION ( 'NONE',  ( 0.000000000000000000, 0.000000000000000000, 1.000000000000000000 ) ) ;
#3125 = FACE_OUTER_BOUND ( 'NONE', #1544, .T. ) ;
#3126 = AXIS2_PLACEMENT_3D ( 'NONE', #2958, #1771, #3567 ) ;
#3127 = DIRECTION ( 'NONE',  ( 0.000000000000000000, 1.000000000000000000, 0.000000000000000000 ) ) ;
#3128 = ORIENTED_EDGE ( 'NONE', *, *, #3456, .T. ) ;
#3129 = CARTESIAN_POINT ( 'NONE',  ( -5.000000000000007105, -22.15939106872894016, 5.405486482373614621 ) ) ;
#3130 = FACE_OUTER_BOUND ( 'NONE', #3322, .T. ) ;
#3131 = ORIENTED_EDGE ( 'NONE', *, *, #1436, .T. ) ;
#3132 = CARTESIAN_POINT ( 'NONE',  ( -6.950000000000000178, -4.500000000000000888, 38.40000000000000568 ) ) ;
#3133 = EDGE_CURVE ( 'NONE', #3539, #1179, #529, .T. ) ;
#3134 = DIRECTION ( 'NONE',  ( -0.000000000000000000, -0.000000000000000000, -1.000000000000000000 ) ) ;
#3135 = CARTESIAN_POINT ( 'NONE',  ( -7.869150642018142072, -15.72429220168162090, 11.22289628242470272 ) ) ;
#3136 = CARTESIAN_POINT ( 'NONE',  ( -4.767666012582568946, 14.99999999999999822, 39.23205029433784574 ) ) ;
#3137 = CIRCLE ( 'NONE', #19, 3.000000000000009770 ) ;
#3138 = ORIENTED_EDGE ( 'NONE', *, *, #1045, .T. ) ;
#3139 = VERTEX_POINT ( 'NONE', #1949 ) ;
#3140 = CARTESIAN_POINT ( 'NONE',  ( -24.99999999999999645, 3.061616997868381662E-16, 4.500000000000001776 ) ) ;
#3141 = CARTESIAN_POINT ( 'NONE',  ( 0.000000000000000000, -22.50000000000000000, 43.00000000000000000 ) ) ;
#3142 = DIRECTION ( 'NONE',  ( 1.000000000000000000, 0.000000000000000000, 0.000000000000000000 ) ) ;
#3143 = CARTESIAN_POINT ( 'NONE',  ( 9.000000000000001776, -10.00000000000000178, 16.07179676972448590 ) ) ;
#3144 = ORIENTED_EDGE ( 'NONE', *, *, #1875, .F. ) ;
#3145 = DIRECTION ( 'NONE',  ( 1.000000000000000000, 0.000000000000000000, 0.000000000000000000 ) ) ;
#3146 = VECTOR ( 'NONE', #469, 1000.000000000000000 ) ;
#3147 = EDGE_LOOP ( 'NONE', ( #257, #671, #1240, #2603, #895, #103, #878, #1687, #1607 ) ) ;
#3148 = FILL_AREA_STYLE ('',( #852 ) ) ;
#3149 = DIRECTION ( 'NONE',  ( 0.000000000000000000, -0.000000000000000000, -1.000000000000000000 ) ) ;
#3150 = ORIENTED_EDGE ( 'NONE', *, *, #3255, .T. ) ;
#3151 = CARTESIAN_POINT ( 'NONE',  ( 2.999999999999988898, -22.50000000000000000, 0.000000000000000000 ) ) ;
#3152 = VECTOR ( 'NONE', #1237, 1000.000000000000000 ) ;
#3153 = CARTESIAN_POINT ( 'NONE',  ( -5.000000000000000888, 22.50000000000000000, 43.00000000000000000 ) ) ;
#3154 = CARTESIAN_POINT ( 'NONE',  ( -11.90518678259905272, -19.08765565216666360, 6.916099211026133453 ) ) ;
#3155 = FACE_OUTER_BOUND ( 'NONE', #3717, .T. ) ;
#3156 = DIRECTION ( 'NONE',  ( -1.000000000000000000, 0.000000000000000000, 0.000000000000000000 ) ) ;
#3157 = VERTEX_POINT ( 'NONE', #1694 ) ;
#3158 = EDGE_LOOP ( 'NONE', ( #1668, #1712, #3656, #3719 ) ) ;
#3159 = CARTESIAN_POINT ( 'NONE',  ( 7.000000000000000888, -13.00000000000000178, 35.00000000000000000 ) ) ;
#3160 = FACE_OUTER_BOUND ( 'NONE', #1318, .T. ) ;
#3161 = CYLINDRICAL_SURFACE ( 'NONE', #1954, 6.000000000000001776 ) ;
#3162 = AXIS2_PLACEMENT_3D ( 'NONE', #3503, #3198, #2315 ) ;
#3163 = DIRECTION ( 'NONE',  ( -0.7071067811865456854, 0.000000000000000000, -0.7071067811865493491 ) ) ;
#3164 = DIRECTION ( 'NONE',  ( 0.000000000000000000, 1.000000000000000000, -0.000000000000000000 ) ) ;
#3165 = ORIENTED_EDGE ( 'NONE', *, *, #1875, .T. ) ;
#3166 =( LENGTH_UNIT ( ) NAMED_UNIT ( * ) SI_UNIT ( .MILLI., .METRE. ) );
#3167 = DIRECTION ( 'NONE',  ( 0.000000000000000000, 0.000000000000000000, 1.000000000000000000 ) ) ;
#3168 = EDGE_CURVE ( 'NONE', #426, #113, #2144, .T. ) ;
#3169 = VERTEX_POINT ( 'NONE', #686 ) ;
#3170 = ORIENTED_EDGE ( 'NONE', *, *, #674, .T. ) ;
#3171 = DIRECTION ( 'NONE',  ( 0.7071067811865435759, 8.659560562354884787E-17, -0.7071067811865514585 ) ) ;
#3172 = ADVANCED_FACE ( 'NONE', ( #3096 ), #3422, .F. ) ;
#3173 = CARTESIAN_POINT ( 'NONE',  ( 6.950000000000011724, 12.99999999999999645, 38.90000000000000568 ) ) ;
#3174 = EDGE_CURVE ( 'NONE', #1952, #641, #364, .T. ) ;
#3175 = CIRCLE ( 'NONE', #2991, 2.999999999999988898 ) ;
#3176 = CARTESIAN_POINT ( 'NONE',  ( -5.732192943689611297, 13.88630240680849859, 38.69766592332079114 ) ) ;
#3177 = AXIS2_PLACEMENT_3D ( 'NONE', #1646, #2232, #2196 ) ;
#3178 = CARTESIAN_POINT ( 'NONE',  ( 7.714285714285714413, 9.999999999999998224, 18.68758318625040005 ) ) ;
#3179 = AXIS2_PLACEMENT_3D ( 'NONE', #519, #3449, #1683 ) ;
#3180 = ORIENTED_EDGE ( 'NONE', *, *, #3464, .T. ) ;
#3181 = EDGE_CURVE ( 'NONE', #152, #533, #1858, .T. ) ;
#3182 = LINE ( 'NONE', #2587, #2886 ) ;
#3183 = VECTOR ( 'NONE', #1461, 1000.000000000000000 ) ;
#3184 = CARTESIAN_POINT ( 'NONE',  ( -19.50000000000001066, 0.000000000000000000, 5.000000000000000000 ) ) ;
#3185 = EDGE_CURVE ( 'NONE', #2637, #3539, #3074, .T. ) ;
#3186 = B_SPLINE_CURVE_WITH_KNOTS ( 'NONE', 3,
 ( #2532, #1664, #1645, #1078, #2839, #2517 ),
 .UNSPECIFIED., .F., .F.,
 ( 4, 2, 4 ),
 ( 0.000000000000000000, 0.002578363314005252538, 0.005156726628010505076 ),
 .UNSPECIFIED. ) ;
#3187 = CARTESIAN_POINT ( 'NONE',  ( 15.91348658720776577, -22.42790548933980688, 5.336443210275437998 ) ) ;
#3188 = DIRECTION ( 'NONE',  ( -0.000000000000000000, 1.000000000000000000, -0.000000000000000000 ) ) ;
#3189 = CARTESIAN_POINT ( 'NONE',  ( -5.000000000000000888, 22.50000000000000000, 5.317541634481457002 ) ) ;
#3190 = ORIENTED_EDGE ( 'NONE', *, *, #250, .T. ) ;
#3191 =( NAMED_UNIT ( * ) SI_UNIT ( $, .STERADIAN. ) SOLID_ANGLE_UNIT ( ) );
#3192 = FACE_OUTER_BOUND ( 'NONE', #900, .T. ) ;
#3193 = COLOUR_RGB ( '',0.7921568627450980005, 0.8196078431372548767, 0.9333333333333333481 ) ;
#3194 = ORIENTED_EDGE ( 'NONE', *, *, #1701, .T. ) ;
#3195 = EDGE_LOOP ( 'NONE', ( #3400, #2229, #639, #1431, #3670, #2187, #622, #2863, #125 ) ) ;
#3196 = CARTESIAN_POINT ( 'NONE',  ( -14.03835818850149941, 20.03835818850587813, 6.229599080682336698 ) ) ;
#3197 = DIRECTION ( 'NONE',  ( 0.000000000000000000, 0.000000000000000000, 1.000000000000000000 ) ) ;
#3198 = DIRECTION ( 'NONE',  ( 0.8320502943378436100, 0.000000000000000000, -0.5547001962252292584 ) ) ;
#3199 = DIRECTION ( 'NONE',  ( 0.000000000000000000, 0.000000000000000000, 1.000000000000000000 ) ) ;
#3200 = ADVANCED_FACE ( 'NONE', ( #1088 ), #2811, .T. ) ;
#3201 = ORIENTED_EDGE ( 'NONE', *, *, #1131, .T. ) ;
#3202 = CARTESIAN_POINT ( 'NONE',  ( -4.964496919400466446, 21.81957043260771201, 5.512937863828461182 ) ) ;
#3203 = DIRECTION ( 'NONE',  ( 0.000000000000000000, 0.000000000000000000, -1.000000000000000000 ) ) ;
#3204 = B_SPLINE_CURVE_WITH_KNOTS ( 'NONE', 3,
 ( #2556, #232, #1251, #46 ),
 .UNSPECIFIED., .F., .F.,
 ( 4, 4 ),
 ( 1.250926888277100303E-17, 0.0007262632861158530104 ),
 .UNSPECIFIED. ) ;
#3205 = CARTESIAN_POINT ( 'NONE',  ( 9.000000000000001776, -5.000000000000002665, 19.64589803375030996 ) ) ;
#3206 = CARTESIAN_POINT ( 'NONE',  ( -4.945022302116499624, 23.36121964875205848, 5.125835480289618218 ) ) ;
#3207 = ORIENTED_EDGE ( 'NONE', *, *, #2145, .T. ) ;
#3208 = CARTESIAN_POINT ( 'NONE',  ( -7.999999999999998224, -5.000000000000002665, 29.92820323027551055 ) ) ;
#3209 = ORIENTED_EDGE ( 'NONE', *, *, #2396, .T. ) ;
#3210 = ORIENTED_EDGE ( 'NONE', *, *, #2855, .T. ) ;
#3211 = VECTOR ( 'NONE', #1346, 1000.000000000000000 ) ;
#3212 = CARTESIAN_POINT ( 'NONE',  ( -10.47462535016248530, 14.76955042019438480, 9.744217019979128480 ) ) ;
#3213 = AXIS2_PLACEMENT_3D ( 'NONE', #2126, #395, #3596 ) ;
#3214 = CARTESIAN_POINT ( 'NONE',  ( 4.834014978421230957, 14.74757277857353621, 37.51574969418878425 ) ) ;
#3215 = CARTESIAN_POINT ( 'NONE',  ( -5.872592780868783890, 13.64443132265185987, 38.79785220672435742 ) ) ;
#3216 = DIRECTION ( 'NONE',  ( 0.000000000000000000, 0.000000000000000000, -1.000000000000000000 ) ) ;
#3217 = ORIENTED_EDGE ( 'NONE', *, *, #2869, .T. ) ;
#3218 = CARTESIAN_POINT ( 'NONE',  ( 3.347025095455836485, 18.77232714453341345, 7.170941187492664071 ) ) ;
#3219 = ADVANCED_FACE ( 'NONE', ( #2868 ), #1266, .F. ) ;
#3220 = CARTESIAN_POINT ( 'NONE',  ( 17.53327036530367877, -0.6636701892598438901, 5.107930843890275519 ) ) ;
#3221 = CARTESIAN_POINT ( 'NONE',  ( -6.999999999999999112, 12.99999999999999645, 35.00000000000000000 ) ) ;
#3222 = ADVANCED_FACE ( 'NONE', ( #2440 ), #2326, .F. ) ;
#3223 = CARTESIAN_POINT ( 'NONE',  ( 10.36496054117174914, 16.36496054117174381, 9.874492663236946299 ) ) ;
#3224 = DIRECTION ( 'NONE',  ( 0.000000000000000000, 0.000000000000000000, 1.000000000000000000 ) ) ;
#3225 = VERTEX_POINT ( 'NONE', #157 ) ;
#3226 = AXIS2_PLACEMENT_3D ( 'NONE', #1795, #2963, #2123 ) ;
#3227 = LINE ( 'NONE', #2061, #2152 ) ;
#3228 =( BOUNDED_CURVE ( )  B_SPLINE_CURVE ( 3, ( #3298, #634, #347, #1478 ),
 .UNSPECIFIED., .F., .F. ) 
 B_SPLINE_CURVE_WITH_KNOTS ( ( 4, 4 ),
 ( 3.141592653589793116, 4.459708725242609972 ),
 .UNSPECIFIED. ) 
 CURVE ( )  GEOMETRIC_REPRESENTATION_ITEM ( )  RATIONAL_B_SPLINE_CURVE ( ( 1.000000000000000000, 0.8603796100280634018, 0.8603796100280634018, 1.000000000000000000 ) ) 
 REPRESENTATION_ITEM ( '' )  );
#3229 = ADVANCED_FACE ( 'NONE', ( #2850 ), #1656, .T. ) ;
#3230 = DIRECTION ( 'NONE',  ( 1.000000000000000000, 0.000000000000000000, 0.000000000000000000 ) ) ;
#3231 = ORIENTED_EDGE ( 'NONE', *, *, #1934, .F. ) ;
#3232 = VERTEX_POINT ( 'NONE', #3689 ) ;
#3233 = CARTESIAN_POINT ( 'NONE',  ( -7.869150642018142072, 15.72429220168162090, 11.22289628242470272 ) ) ;
#3234 = ADVANCED_FACE ( 'NONE', ( #2582 ), #239, .T. ) ;
#3235 = AXIS2_PLACEMENT_3D ( 'NONE', #2660, #1361, #3393 ) ;
#3236 = CARTESIAN_POINT ( 'NONE',  ( 3.212965816357340021, 14.99999999999999822, 36.90000000000000568 ) ) ;
#3237 = CARTESIAN_POINT ( 'NONE',  ( -4.624496818931772779, 14.74757277857275106, 37.90723795624113990 ) ) ;
#3238 = DIRECTION ( 'NONE',  ( 0.000000000000000000, 0.000000000000000000, 1.000000000000000000 ) ) ;
#3239 = ORIENTED_EDGE ( 'NONE', *, *, #1818, .T. ) ;
#3240 = EDGE_CURVE ( 'NONE', #488, #3607, #1406, .T. ) ;
#3241 = CARTESIAN_POINT ( 'NONE',  ( -18.76243929384025577, -3.337858146363243961, 5.000000000000000000 ) ) ;
#3242 = DIRECTION ( 'NONE',  ( 1.000000000000000000, 0.000000000000000000, 0.000000000000000000 ) ) ;
#3243 = CONICAL_SURFACE ( 'NONE', #1399, 3.000000000000009770, 0.7853981633974457255 ) ;
#3244 = LINE ( 'NONE', #1801, #788 ) ;
#3245 = CARTESIAN_POINT ( 'NONE',  ( 12.16392888917257942, 18.16392888917046378, 7.653187850992681618 ) ) ;
#3246 = ORIENTED_EDGE ( 'NONE', *, *, #265, .T. ) ;
#3247 = DIRECTION ( 'NONE',  ( 1.000000000000000000, 0.000000000000000000, 0.000000000000000000 ) ) ;
#3248 = DIRECTION ( 'NONE',  ( 1.000000000000000000, 0.000000000000000000, 0.000000000000000000 ) ) ;
#3249 = VERTEX_POINT ( 'NONE', #2483 ) ;
#3250 = EDGE_LOOP ( 'NONE', ( #2474, #2388, #3731, #1628, #2654, #107, #3351, #1666, #2007, #1900, #2185, #1678 ) ) ;
#3251 = CARTESIAN_POINT ( 'NONE',  ( -8.000000000000000000, 4.999999999999998224, 29.92820323027551055 ) ) ;
#3252 = CIRCLE ( 'NONE', #679, 2.000000000000000000 ) ;
#3253 = DIRECTION ( 'NONE',  ( 0.000000000000000000, 0.000000000000000000, 1.000000000000000000 ) ) ;
#3254 = CARTESIAN_POINT ( 'NONE',  ( -8.000000000000000000, 4.999999999999998224, 26.35410196624968648 ) ) ;
#3255 = EDGE_CURVE ( 'NONE', #3607, #928, #3793, .T. ) ;
#3256 = AXIS2_PLACEMENT_3D ( 'NONE', #1896, #720, #3315 ) ;
#3257 = AXIS2_PLACEMENT_3D ( 'NONE', #3294, #2954, #594 ) ;
#3258 = ORIENTED_EDGE ( 'NONE', *, *, #98, .F. ) ;
#3259 = CARTESIAN_POINT ( 'NONE',  ( -18.18445554514429219, -2.530524797270191861, 5.032994973803298855 ) ) ;
#3260 = DIRECTION ( 'NONE',  ( 0.000000000000000000, 0.000000000000000000, -1.000000000000000000 ) ) ;
#3261 = CARTESIAN_POINT ( 'NONE',  ( 0.000000000000000000, 22.50000000000000000, 5.000000000000000000 ) ) ;
#3262 = CARTESIAN_POINT ( 'NONE',  ( 9.950379550967957343, 17.45864962580662905, 8.409605308717463146 ) ) ;
#3263 = ORIENTED_EDGE ( 'NONE', *, *, #983, .F. ) ;
#3264 = CARTESIAN_POINT ( 'NONE',  ( -9.000000000000001776, -5.000000000000002665, 23.00000000000000000 ) ) ;
#3265 = ORIENTED_EDGE ( 'NONE', *, *, #1140, .T. ) ;
#3266 = DIRECTION ( 'NONE',  ( -0.000000000000000000, 1.000000000000000000, -0.000000000000000000 ) ) ;
#3267 = ORIENTED_EDGE ( 'NONE', *, *, #2684, .T. ) ;
#3268 = EDGE_LOOP ( 'NONE', ( #442, #999, #1576, #2364 ) ) ;
#3269 = CARTESIAN_POINT ( 'NONE',  ( 9.000000000000001776, -13.00000000000000178, 35.00000000000000000 ) ) ;
#3270 = EDGE_CURVE ( 'NONE', #1807, #73, #3117, .T. ) ;
#3271 = CARTESIAN_POINT ( 'NONE',  ( 9.950379550967955566, -17.45864962580695590, 8.409605308717043926 ) ) ;
#3272 = CARTESIAN_POINT ( 'NONE',  ( -15.91348658720778708, -22.42790548933978556, 5.336443210275443327 ) ) ;
#3273 = AXIS2_PLACEMENT_3D ( 'NONE', #860, #2619, #2046 ) ;
#3274 = AXIS2_PLACEMENT_3D ( 'NONE', #2043, #2349, #2577 ) ;
#3275 = ORIENTED_EDGE ( 'NONE', *, *, #454, .F. ) ;
#3276 = CARTESIAN_POINT ( 'NONE',  ( -17.95379876036170685, -2.087967241362918447, 5.054667392918245739 ) ) ;
#3277 = DIRECTION ( 'NONE',  ( -0.5547001962252291474, 0.000000000000000000, -0.8320502943378436100 ) ) ;
#3278 = CIRCLE ( 'NONE', #1437, 1.000000000000000888 ) ;
#3279 = DIRECTION ( 'NONE',  ( -0.000000000000000000, 1.000000000000000000, -0.000000000000000000 ) ) ;
#3280 = CARTESIAN_POINT ( 'NONE',  ( 10.77851624424264187, 15.13421949309155679, 9.280518160965101515 ) ) ;
#3281 = ORIENTED_EDGE ( 'NONE', *, *, #835, .F. ) ;
#3282 = DIRECTION ( 'NONE',  ( -0.000000000000000000, -1.000000000000000000, -0.000000000000000000 ) ) ;
#3283 = EDGE_CURVE ( 'NONE', #690, #2261, #2392, .T. ) ;
#3284 = LINE ( 'NONE', #1286, #339 ) ;
#3285 = VERTEX_POINT ( 'NONE', #1669 ) ;
#3286 = VERTEX_POINT ( 'NONE', #428 ) ;
#3287 = CARTESIAN_POINT ( 'NONE',  ( -6.015741454089333473, -5.000000000000000000, 38.40000000000000568 ) ) ;
#3288 = EDGE_CURVE ( 'NONE', #3539, #258, #1936, .T. ) ;
#3289 = CARTESIAN_POINT ( 'NONE',  ( 13.57298793385571045, -20.47748994487944785, 6.012899610294194730 ) ) ;
#3290 = CYLINDRICAL_SURFACE ( 'NONE', #3213, 5.999999999999998224 ) ;
#3291 = EDGE_CURVE ( 'NONE', #2455, #1337, #177, .T. ) ;
#3292 = VERTEX_POINT ( 'NONE', #1082 ) ;
#3293 = CARTESIAN_POINT ( 'NONE',  ( -17.53355089565678426, -0.6660059954292028017, 5.107887380309109382 ) ) ;
#3295 = AXIS2_PLACEMENT_3D ( 'NONE', #3358, #1100, #230 ) ;
#3294 = CARTESIAN_POINT ( 'NONE',  ( 9.000000000000001776, 9.999999999999998224, 22.99999999999999289 ) ) ;
#3296 = EDGE_CURVE ( 'NONE', #2488, #3551, #2022, .T. ) ;
#3297 = DIRECTION ( 'NONE',  ( -1.000000000000000000, 0.000000000000000000, 0.000000000000000000 ) ) ;
#3298 = CARTESIAN_POINT ( 'NONE',  ( -9.000000000000000000, 12.99999999999999645, 15.00000000000000000 ) ) ;
#3299 = CIRCLE ( 'NONE', #1830, 2.000000000000000000 ) ;
#3300 = EDGE_CURVE ( 'NONE', #794, #780, #668, .T. ) ;
#3301 = AXIS2_PLACEMENT_3D ( 'NONE', #2247, #3086, #1058 ) ;
#3302 = ORIENTED_EDGE ( 'NONE', *, *, #2294, .F. ) ;
#3303 = FACE_OUTER_BOUND ( 'NONE', #2736, .T. ) ;
#3304 = CARTESIAN_POINT ( 'NONE',  ( 8.000000000000000000, -5.000000000000002665, 27.35410196624967583 ) ) ;
#3305 = EDGE_LOOP ( 'NONE', ( #3705, #1507, #2498, #555 ) ) ;
#3306 = ORIENTED_EDGE ( 'NONE', *, *, #3536, .T. ) ;
#3307 = LINE ( 'NONE', #3269, #1673 ) ;
#3308 = DIRECTION ( 'NONE',  ( -1.734723475976805517E-15, 0.000000000000000000, -1.000000000000000000 ) ) ;
#3309 =( BOUNDED_CURVE ( )  B_SPLINE_CURVE ( 3, ( #1056, #3386, #109, #760 ),
 .UNSPECIFIED., .F., .F. ) 
 B_SPLINE_CURVE_WITH_KNOTS ( ( 4, 4 ),
 ( 1.570796326794896780, 3.141592653589793116 ),
 .UNSPECIFIED. ) 
 CURVE ( )  GEOMETRIC_REPRESENTATION_ITEM ( )  RATIONAL_B_SPLINE_CURVE ( ( 1.000000000000000000, 0.8047378541243650485, 0.8047378541243650485, 1.000000000000000000 ) ) 
 REPRESENTATION_ITEM ( '' )  );
#3310 = DIRECTION ( 'NONE',  ( 0.000000000000000000, 1.000000000000000000, 0.000000000000000000 ) ) ;
#3311 = B_SPLINE_CURVE_WITH_KNOTS ( 'NONE', 3,
 ( #590, #2640, #2871, #1779 ),
 .UNSPECIFIED., .F., .F.,
 ( 4, 4 ),
 ( 4.906538933386797396E-18, 0.0007262632861158460715 ),
 .UNSPECIFIED. ) ;
#3312 = VERTEX_POINT ( 'NONE', #3052 ) ;
#3313 = CARTESIAN_POINT ( 'NONE',  ( -7.999999999999998224, -10.00000000000000178, 27.35410196624968293 ) ) ;
#3314 = ORIENTED_EDGE ( 'NONE', *, *, #1769, .T. ) ;
#3315 = DIRECTION ( 'NONE',  ( 1.000000000000000000, 0.000000000000000000, 0.000000000000000000 ) ) ;
#3316 = AXIS2_PLACEMENT_3D ( 'NONE', #3712, #2916, #3468 ) ;
#3317 = PLANE ( 'NONE',  #2956 ) ;
#3318 = DIRECTION ( 'NONE',  ( -1.000000000000000000, 0.000000000000000000, 0.000000000000000000 ) ) ;
#3319 = VERTEX_POINT ( 'NONE', #1596 ) ;
#3320 = DIRECTION ( 'NONE',  ( -1.000000000000000000, 0.000000000000000000, 0.000000000000000000 ) ) ;
#3321 = DIRECTION ( 'NONE',  ( 1.000000000000000000, 0.000000000000000000, -0.000000000000000000 ) ) ;
#3322 = EDGE_LOOP ( 'NONE', ( #3263, #172, #572, #1199 ) ) ;
#3323 = ORIENTED_EDGE ( 'NONE', *, *, #858, .F. ) ;
#3324 = DIRECTION ( 'NONE',  ( -1.000000000000000000, 0.000000000000000000, 0.000000000000000000 ) ) ;
#3325 = DIRECTION ( 'NONE',  ( -0.000000000000000000, -0.000000000000000000, -1.000000000000000000 ) ) ;
#3326 = DIRECTION ( 'NONE',  ( 0.000000000000000000, 0.000000000000000000, 1.000000000000000000 ) ) ;
#3327 = ORIENTED_EDGE ( 'NONE', *, *, #3270, .T. ) ;
#3328 = DIRECTION ( 'NONE',  ( 0.000000000000000000, 0.000000000000000000, 1.000000000000000000 ) ) ;
#3329 = ORIENTED_EDGE ( 'NONE', *, *, #1577, .T. ) ;
#3330 = VECTOR ( 'NONE', #677, 1000.000000000000000 ) ;
#3331 = CARTESIAN_POINT ( 'NONE',  ( 16.50000000000000000, 21.99999999999999645, 5.317541634481456114 ) ) ;
#3332 = AXIS2_PLACEMENT_3D ( 'NONE', #1520, #692, #947 ) ;
#3333 = VERTEX_POINT ( 'NONE', #1402 ) ;
#3334 = ADVANCED_FACE ( 'NONE', ( #2576 ), #2042, .T. ) ;
#3335 = CARTESIAN_POINT ( 'NONE',  ( 8.000000000000000000, -10.00000000000000178, 19.64589803375030996 ) ) ;
#3336 = AXIS2_PLACEMENT_3D ( 'NONE', #2143, #1529, #664 ) ;
#3337 = VERTEX_POINT ( 'NONE', #563 ) ;
#3338 = DIRECTION ( 'NONE',  ( 0.000000000000000000, 0.000000000000000000, 1.000000000000000000 ) ) ;
#3339 = EDGE_CURVE ( 'NONE', #1772, #3312, #3742, .T. ) ;
#3340 = CARTESIAN_POINT ( 'NONE',  ( -5.000000000000000888, 22.50000000000000000, 5.000000000000000000 ) ) ;
#3341 = EDGE_LOOP ( 'NONE', ( #3608, #1079, #1959, #1752 ) ) ;
#3342 = DIRECTION ( 'NONE',  ( 0.7071067811865414665, 0.000000000000000000, 0.7071067811865536790 ) ) ;
#3343 = CARTESIAN_POINT ( 'NONE',  ( 8.000000000000000000, -10.00000000000000178, 19.64589803375030996 ) ) ;
#3344 = EDGE_CURVE ( 'NONE', #945, #1926, #291, .T. ) ;
#3345 = CARTESIAN_POINT ( 'NONE',  ( 2.500000000000000000, 22.50000000000000000, 4.500000000000003553 ) ) ;
#3346 = VERTEX_POINT ( 'NONE', #2906 ) ;
#3347 = DIRECTION ( 'NONE',  ( 1.000000000000000000, 0.000000000000000000, 0.000000000000000000 ) ) ;
#3348 = AXIS2_PLACEMENT_3D ( 'NONE', #3658, #2796, #3601 ) ;
#3349 = ORIENTED_EDGE ( 'NONE', *, *, #1051, .F. ) ;
#3350 = CARTESIAN_POINT ( 'NONE',  ( 18.20016128086268381, 20.64529430868170223, 5.000000000000000888 ) ) ;
#3351 = ORIENTED_EDGE ( 'NONE', *, *, #683, .T. ) ;
#3352 = CARTESIAN_POINT ( 'NONE',  ( 9.142303340911388077, 15.14230334091023167, 13.21350412191457124 ) ) ;
#3353 = ORIENTED_EDGE ( 'NONE', *, *, #167, .T. ) ;
#3354 = CARTESIAN_POINT ( 'NONE',  ( -3.212965816357340909, 14.99999999999999822, 36.90000000000000568 ) ) ;
#3355 = LINE ( 'NONE', #1904, #3641 ) ;
#3356 = DIRECTION ( 'NONE',  ( 0.000000000000000000, 0.000000000000000000, 1.000000000000000000 ) ) ;
#3357 = CIRCLE ( 'NONE', #2018, 5.000000000000000888 ) ;
#3358 = CARTESIAN_POINT ( 'NONE',  ( -8.000000000000000000, 4.999999999999998224, 29.92820323027551055 ) ) ;
#3359 = EDGE_CURVE ( 'NONE', #2122, #513, #3676, .T. ) ;
#3360 = CARTESIAN_POINT ( 'NONE',  ( 5.000000000000000888, -22.15544438617451917, 5.406505511427351252 ) ) ;
#3361 = CARTESIAN_POINT ( 'NONE',  ( -7.999999999999998224, -10.00000000000000178, 27.35410196624968293 ) ) ;
#3362 = ORIENTED_EDGE ( 'NONE', *, *, #2431, .T. ) ;
#3363 = DIRECTION ( 'NONE',  ( -1.734723475976805517E-15, 0.000000000000000000, -1.000000000000000000 ) ) ;
#3364 = EDGE_CURVE ( 'NONE', #1284, #1905, #876, .T. ) ;
#3365 = PLANE ( 'NONE',  #3678 ) ;
#3366 = EDGE_CURVE ( 'NONE', #2374, #1139, #3227, .T. ) ;
#3367 = DIRECTION ( 'NONE',  ( 0.000000000000000000, 1.000000000000000000, 0.000000000000000000 ) ) ;
#3368 = MANIFOLD_SOLID_BREP ( 'Fillet3', #1705 ) ;
#3369 = ORIENTED_EDGE ( 'NONE', *, *, #1654, .T. ) ;
#3370 = CIRCLE ( 'NONE', #1719, 0.5000000000000004441 ) ;
#3371 = CARTESIAN_POINT ( 'NONE',  ( 6.015741454089336138, 14.17157287525380838, 38.90000000000000568 ) ) ;
#3372 = VECTOR ( 'NONE', #1857, 1000.000000000000000 ) ;
#3373 = DIRECTION ( 'NONE',  ( -6.672013369141566696E-17, 1.000000000000000000, 0.000000000000000000 ) ) ;
#3374 = DIRECTION ( 'NONE',  ( 0.000000000000000000, 1.000000000000000000, 0.000000000000000000 ) ) ;
#3375 = CARTESIAN_POINT ( 'NONE',  ( 9.000000000000001776, 4.999999999999998224, 22.99999999999999289 ) ) ;
#3376 = CARTESIAN_POINT ( 'NONE',  ( 22.50000000000000000, 0.000000000000000000, 43.00000000000000000 ) ) ;
#3377 = VERTEX_POINT ( 'NONE', #524 ) ;
#3378 = CARTESIAN_POINT ( 'NONE',  ( 0.8725489890733308940, -17.57371034366321538, 8.302757564945700608 ) ) ;
#3379 = CARTESIAN_POINT ( 'NONE',  ( 9.026238385161832412, -15.02623838516241861, 14.11952223733590017 ) ) ;
#3380 = ORIENTED_EDGE ( 'NONE', *, *, #131, .T. ) ;
#3381 = EDGE_CURVE ( 'NONE', #2979, #1994, #211, .T. ) ;
#3382 = DIRECTION ( 'NONE',  ( 1.000000000000000000, 0.000000000000000000, 0.000000000000000000 ) ) ;
#3383 = DIRECTION ( 'NONE',  ( -0.000000000000000000, -0.000000000000000000, -1.000000000000000000 ) ) ;
#3384 = DIRECTION ( 'NONE',  ( -0.5547001962252292584, 0.000000000000000000, -0.8320502943378436100 ) ) ;
#3385 = DIRECTION ( 'NONE',  ( 0.000000000000000000, 0.000000000000000000, -1.000000000000000000 ) ) ;
#3386 = CARTESIAN_POINT ( 'NONE',  ( 3.354354507914135919, 14.99999999999999822, 34.99999999999999289 ) ) ;
#3387 = ORIENTED_EDGE ( 'NONE', *, *, #644, .F. ) ;
#3388 = CIRCLE ( 'NONE', #640, 1.000000000000000888 ) ;
#3389 = CARTESIAN_POINT ( 'NONE',  ( -2.999999999999988898, -22.50000000000000000, 0.000000000000000000 ) ) ;
#3390 = B_SPLINE_CURVE_WITH_KNOTS ( 'NONE', 3,
 ( #2715, #2184, #1242, #2141, #71, #3054 ),
 .UNSPECIFIED., .F., .F.,
 ( 4, 2, 4 ),
 ( 0.0003702835203952580326, 0.002948646834400492790, 0.005527010148405727546 ),
 .UNSPECIFIED. ) ;
#3391 = LINE ( 'NONE', #2248, #1201 ) ;
#3392 = CARTESIAN_POINT ( 'NONE',  ( 0.000000000000000000, 0.000000000000000000, 0.000000000000000000 ) ) ;
#3393 = DIRECTION ( 'NONE',  ( 1.000000000000000000, 0.000000000000000000, 0.000000000000000000 ) ) ;
#3394 = EDGE_LOOP ( 'NONE', ( #3781, #3231, #1010, #1008 ) ) ;
#3395 = CONICAL_SURFACE ( 'NONE', #3765, 2.499999999999998668, 0.7853981633974396193 ) ;
#3396 = CARTESIAN_POINT ( 'NONE',  ( -4.830846742905949398, -21.16861266170582567, 5.756599571674395399 ) ) ;
#3397 = AXIS2_PLACEMENT_3D ( 'NONE', #1543, #1001, #2711 ) ;
#3398 = EDGE_CURVE ( 'NONE', #3312, #498, #2180, .T. ) ;
#3399 = CARTESIAN_POINT ( 'NONE',  ( 19.00000000000000355, 3.570714214271429210, 5.000000000000000000 ) ) ;
#3400 = ORIENTED_EDGE ( 'NONE', *, *, #912, .F. ) ;
#3401 = FACE_OUTER_BOUND ( 'NONE', #4, .T. ) ;
#3402 = DIRECTION ( 'NONE',  ( -0.7071067811865435759, 0.000000000000000000, -0.7071067811865514585 ) ) ;
#3403 = CARTESIAN_POINT ( 'NONE',  ( -7.437572567899601417, -15.36464380658316919, 12.26775208315763699 ) ) ;
#3404 = CYLINDRICAL_SURFACE ( 'NONE', #1515, 0.5000000000000004441 ) ;
#3405 = ADVANCED_FACE ( 'NONE', ( #1422 ), #312, .F. ) ;
#3406 = CIRCLE ( 'NONE', #1324, 0.5000000000000004441 ) ;
#3407 = EDGE_LOOP ( 'NONE', ( #1072, #17, #1601, #3150, #1101, #2464, #147, #1441, #1421 ) ) ;
#3408 = CARTESIAN_POINT ( 'NONE',  ( 20.00000000000000000, 0.000000000000000000, 0.5000000000000134337 ) ) ;
#3409 = DIRECTION ( 'NONE',  ( 0.000000000000000000, 1.000000000000000000, -0.000000000000000000 ) ) ;
#3410 = VECTOR ( 'NONE', #1888, 1000.000000000000000 ) ;
#3411 = DIRECTION ( 'NONE',  ( 1.000000000000000000, 0.000000000000000000, 0.000000000000000000 ) ) ;
#3412 = DIRECTION ( 'NONE',  ( -1.000000000000000000, 0.000000000000000000, 0.000000000000000000 ) ) ;
#3413 = EDGE_CURVE ( 'NONE', #2116, #1287, #581, .T. ) ;
#3414 = ORIENTED_EDGE ( 'NONE', *, *, #163, .T. ) ;
#3415 = DIRECTION ( 'NONE',  ( -0.000000000000000000, -1.000000000000000000, 0.000000000000000000 ) ) ;
#3416 = VERTEX_POINT ( 'NONE', #1749 ) ;
#3417 = CARTESIAN_POINT ( 'NONE',  ( -2.592927621953525108, -18.21332322459905839, 7.651661289850252068 ) ) ;
#3418 = CARTESIAN_POINT ( 'NONE',  ( 7.000000000002304823, -15.00000000000000533, 14.44748649547807418 ) ) ;
#3419 = ORIENTED_EDGE ( 'NONE', *, *, #3168, .F. ) ;
#3420 = CARTESIAN_POINT ( 'NONE',  ( -19.00000000000000000, 19.88089535207104319, 5.000000000000000000 ) ) ;
#3421 = CIRCLE ( 'NONE', #1774, 1.000000000000000888 ) ;
#3422 = CYLINDRICAL_SURFACE ( 'NONE', #3490, 5.000000000000000888 ) ;
#3423 = CARTESIAN_POINT ( 'NONE',  ( -13.08765565216613247, -17.90518678259905627, 6.916099211026477178 ) ) ;
#3424 = LINE ( 'NONE', #1993, #2988 ) ;
#3425 = ORIENTED_EDGE ( 'NONE', *, *, #2396, .F. ) ;
#3426 = VERTEX_POINT ( 'NONE', #1177 ) ;
#3427 = CARTESIAN_POINT ( 'NONE',  ( -3.109595582082763432, 18.57176451220836100, 7.336072279627411596 ) ) ;
#3428 = CARTESIAN_POINT ( 'NONE',  ( 7.000000000000000888, -15.00000000000000178, 35.00000000000000000 ) ) ;
#3429 = AXIS2_PLACEMENT_3D ( 'NONE', #2424, #3282, #1557 ) ;
#3430 = CARTESIAN_POINT ( 'NONE',  ( 22.50000000000000000, 0.000000000000000000, 0.5000000000000134337 ) ) ;
#3431 = CARTESIAN_POINT ( 'NONE',  ( 8.142857142857142350, 4.999999999999998224, 17.06154008833527058 ) ) ;
#3432 = VERTEX_POINT ( 'NONE', #2864 ) ;
#3433 = DIRECTION ( 'NONE',  ( -0.000000000000000000, -1.000000000000000000, 0.000000000000000000 ) ) ;
#3434 = AXIS2_PLACEMENT_3D ( 'NONE', #2148, #3637, #3062 ) ;
#3435 = ORIENTED_EDGE ( 'NONE', *, *, #3009, .F. ) ;
#3436 = CARTESIAN_POINT ( 'NONE',  ( 22.50000000000000000, 0.000000000000000000, 4.500000000000001776 ) ) ;
#3437 = CARTESIAN_POINT ( 'NONE',  ( 9.000000000000001776, -13.00000000000000178, 26.35410196624967583 ) ) ;
#3438 = ORIENTED_EDGE ( 'NONE', *, *, #1298, .T. ) ;
#3439 = CARTESIAN_POINT ( 'NONE',  ( -8.137012021940437378, 15.94751001828334935, 10.71541218037388532 ) ) ;
#3440 = CARTESIAN_POINT ( 'NONE',  ( 5.000000000000000888, -22.50000000000000000, 43.00000000000000000 ) ) ;
#3441 = CARTESIAN_POINT ( 'NONE',  ( -10.77851624424237365, -15.13421949309154613, 9.280518160965439023 ) ) ;
#3442 = DIRECTION ( 'NONE',  ( -0.000000000000000000, -0.000000000000000000, -1.000000000000000000 ) ) ;
#3443 = DIRECTION ( 'NONE',  ( 0.000000000000000000, 1.000000000000000000, -0.000000000000000000 ) ) ;
#3444 = VERTEX_POINT ( 'NONE', #2347 ) ;
#3445 = ORIENTED_EDGE ( 'NONE', *, *, #1742, .F. ) ;
#3446 = DIRECTION ( 'NONE',  ( -0.000000000000000000, 1.000000000000000000, -0.000000000000000000 ) ) ;
#3447 = DIRECTION ( 'NONE',  ( -1.000000000000000000, 0.000000000000000000, 0.000000000000000000 ) ) ;
#3448 = EDGE_CURVE ( 'NONE', #1798, #2825, #3204, .T. ) ;
#3449 = DIRECTION ( 'NONE',  ( 0.000000000000000000, 1.000000000000000000, 0.000000000000000000 ) ) ;
#3450 = LINE ( 'NONE', #268, #1526 ) ;
#3451 = VECTOR ( 'NONE', #954, 1000.000000000000000 ) ;
#3452 = CARTESIAN_POINT ( 'NONE',  ( -9.000000000000001776, 4.999999999999998224, 23.00000000000000000 ) ) ;
#3453 = ADVANCED_FACE ( 'NONE', ( #1382 ), #2651, .T. ) ;
#3454 = AXIS2_PLACEMENT_3D ( 'NONE', #2329, #1160, #2309 ) ;
#3455 = ORIENTED_EDGE ( 'NONE', *, *, #2094, .F. ) ;
#3456 = EDGE_CURVE ( 'NONE', #1222, #2095, #1594, .T. ) ;
#3457 = DIRECTION ( 'NONE',  ( 1.000000000000000000, 0.000000000000000000, 0.000000000000000000 ) ) ;
#3458 = CARTESIAN_POINT ( 'NONE',  ( -9.000000000000001776, -10.00000000000000178, 16.99999999999999645 ) ) ;
#3459 = ORIENTED_EDGE ( 'NONE', *, *, #2213, .F. ) ;
#3460 = DIRECTION ( 'NONE',  ( -0.000000000000000000, -0.000000000000000000, -1.000000000000000000 ) ) ;
#3461 = VECTOR ( 'NONE', #72, 1000.000000000000000 ) ;
#3462 = EDGE_CURVE ( 'NONE', #3139, #1691, #375, .T. ) ;
#3463 = CARTESIAN_POINT ( 'NONE',  ( 20.00000000000000000, 3.061616997868381662E-16, 4.500000000000001776 ) ) ;
#3464 = EDGE_CURVE ( 'NONE', #1941, #2301, #871, .T. ) ;
#3465 = DIRECTION ( 'NONE',  ( 0.000000000000000000, -1.000000000000000000, 0.000000000000000000 ) ) ;
#3466 = CARTESIAN_POINT ( 'NONE',  ( 8.000000000000000000, 4.999999999999998224, 29.92820323027549989 ) ) ;
#3467 = EDGE_LOOP ( 'NONE', ( #1404, #3783 ) ) ;
#3468 = DIRECTION ( 'NONE',  ( -1.000000000000000000, 0.000000000000000000, 0.000000000000000000 ) ) ;
#3469 = DIRECTION ( 'NONE',  ( 0.000000000000000000, 0.000000000000000000, -1.000000000000000000 ) ) ;
#3470 = DIRECTION ( 'NONE',  ( 0.000000000000000000, 0.000000000000000000, -1.000000000000000000 ) ) ;
#3471 = VECTOR ( 'NONE', #1841, 1000.000000000000000 ) ;
#3472 = CYLINDRICAL_SURFACE ( 'NONE', #2690, 1.000000000000000888 ) ;
#3473 = CARTESIAN_POINT ( 'NONE',  ( 9.000000000000001776, -5.000000000000002665, 22.99999999999999289 ) ) ;
#3474 = ORIENTED_EDGE ( 'NONE', *, *, #3572, .T. ) ;
#3475 = CARTESIAN_POINT ( 'NONE',  ( -6.308634672902786455, -4.792893218813452982, 38.90000000000000568 ) ) ;
#3476 = CARTESIAN_POINT ( 'NONE',  ( 0.000000000000000000, -22.50000000000000000, 5.000000000000000000 ) ) ;
#3477 = ORIENTED_EDGE ( 'NONE', *, *, #3084, .F. ) ;
#3478 = EDGE_CURVE ( 'NONE', #113, #3653, #64, .T. ) ;
#3479 = AXIS2_PLACEMENT_3D ( 'NONE', #287, #3433, #3494 ) ;
#3480 = ORIENTED_EDGE ( 'NONE', *, *, #536, .T. ) ;
#3481 = CARTESIAN_POINT ( 'NONE',  ( -16.09198361150018286, 22.57665300958348809, 5.298072904621514034 ) ) ;
#3482 = CARTESIAN_POINT ( 'NONE',  ( 3.212965816357340021, 14.99999999999999822, 36.90000000000000568 ) ) ;
#3483 = ADVANCED_FACE ( 'NONE', ( #385 ), #1790, .T. ) ;
#3484 = CONICAL_SURFACE ( 'NONE', #55, 2.500000000000000000, 0.7853981633974400633 ) ;
#3485 = CARTESIAN_POINT ( 'NONE',  ( -6.411017925845224674, 13.26179615944077383, 38.11476859215350288 ) ) ;
#3486 = CARTESIAN_POINT ( 'NONE',  ( 16.50000000000000000, -21.99999999999999645, 5.317541634481457002 ) ) ;
#3487 = VECTOR ( 'NONE', #784, 1000.000000000000000 ) ;
#3488 = ORIENTED_EDGE ( 'NONE', *, *, #1937, .T. ) ;
#3489 = DIRECTION ( 'NONE',  ( 0.7071067811865474617, 0.000000000000000000, 0.7071067811865474617 ) ) ;
#3490 = AXIS2_PLACEMENT_3D ( 'NONE', #1369, #1105, #3318 ) ;
#3491 = DIRECTION ( 'NONE',  ( -0.5547001962252292584, 0.000000000000000000, 0.8320502943378436100 ) ) ;
#3492 = DIRECTION ( 'NONE',  ( 0.000000000000000000, 0.000000000000000000, 1.000000000000000000 ) ) ;
#3493 = LINE ( 'NONE', #2903, #1395 ) ;
#3494 = DIRECTION ( 'NONE',  ( 0.000000000000000000, 0.000000000000000000, -1.000000000000000000 ) ) ;
#3495 = ORIENTED_EDGE ( 'NONE', *, *, #2795, .T. ) ;
#3496 = DIRECTION ( 'NONE',  ( 1.000000000000000000, 0.000000000000000000, 0.000000000000000000 ) ) ;
#3497 = LINE ( 'NONE', #3458, #699 ) ;
#3498 = VECTOR ( 'NONE', #3751, 1000.000000000000000 ) ;
#3499 = ORIENTED_EDGE ( 'NONE', *, *, #285, .F. ) ;
#3500 = EDGE_LOOP ( 'NONE', ( #1970, #2452, #3570, #3258 ) ) ;
#3501 = CARTESIAN_POINT ( 'NONE',  ( -9.134219493091544351, 16.77851624424263477, 9.280518160965112173 ) ) ;
#3502 = DIRECTION ( 'NONE',  ( -0.000000000000000000, 1.000000000000000000, -0.000000000000000000 ) ) ;
#3503 = CARTESIAN_POINT ( 'NONE',  ( 6.950000000000000178, -5.000000000000000000, 38.90000000000000568 ) ) ;
#3504 = CARTESIAN_POINT ( 'NONE',  ( -2.500000000000000000, -22.50000000000000000, 0.4999999999999943934 ) ) ;
#3505 = VERTEX_POINT ( 'NONE', #2710 ) ;
#3506 = EDGE_CURVE ( 'NONE', #533, #2351, #3006, .T. ) ;
#3507 = CARTESIAN_POINT ( 'NONE',  ( 0.8802565649729420239, 17.57502939059357416, 8.301287903179833449 ) ) ;
#3508 = AXIS2_PLACEMENT_3D ( 'NONE', #3000, #3310, #1007 ) ;
#3509 = DIRECTION ( 'NONE',  ( -0.000000000000000000, -0.000000000000000000, -1.000000000000000000 ) ) ;
#3510 = CARTESIAN_POINT ( 'NONE',  ( 6.515741454089334361, -5.000000000000000000, 38.40000000000000568 ) ) ;
#3511 = CARTESIAN_POINT ( 'NONE',  ( 11.45864962580695590, 15.95037955096795557, 8.409605308717043926 ) ) ;
#3512 = EDGE_CURVE ( 'NONE', #1229, #605, #3252, .T. ) ;
#3513 = FACE_OUTER_BOUND ( 'NONE', #1555, .T. ) ;
#3514 = ORIENTED_EDGE ( 'NONE', *, *, #858, .T. ) ;
#3515 = ADVANCED_FACE ( 'NONE', ( #1519 ), #2079, .F. ) ;
#3516 =( NAMED_UNIT ( * ) PLANE_ANGLE_UNIT ( ) SI_UNIT ( $, .RADIAN. ) );
#3517 = ORIENTED_EDGE ( 'NONE', *, *, #3565, .F. ) ;
#3518 = DIRECTION ( 'NONE',  ( 1.000000000000000000, 0.000000000000000000, 0.000000000000000000 ) ) ;
#3519 = ORIENTED_EDGE ( 'NONE', *, *, #868, .T. ) ;
#3520 = ORIENTED_EDGE ( 'NONE', *, *, #2407, .T. ) ;
#3521 = CIRCLE ( 'NONE', #3274, 2.499999999999998668 ) ;
#3522 = CARTESIAN_POINT ( 'NONE',  ( -4.349999999999999645, -5.000000000000000000, 35.00000000000000000 ) ) ;
#3523 = EDGE_CURVE ( 'NONE', #727, #2207, #929, .T. ) ;
#3524 = FACE_OUTER_BOUND ( 'NONE', #96, .T. ) ;
#3525 = CARTESIAN_POINT ( 'NONE',  ( -5.191069289008782839, 14.59933367980218932, 37.65137548993603644 ) ) ;
#3526 = CIRCLE ( 'NONE', #1622, 1.000000000000000888 ) ;
#3527 = CARTESIAN_POINT ( 'NONE',  ( 9.000000000000001776, 9.999999999999998224, 16.99999999999999645 ) ) ;
#3528 = EDGE_LOOP ( 'NONE', ( #2847, #289, #331, #3029, #2244, #406 ) ) ;
#3529 = CARTESIAN_POINT ( 'NONE',  ( -17.50001750112941323, -0.3305403495013548576, 5.113137378146947576 ) ) ;
#3530 = CYLINDRICAL_SURFACE ( 'NONE', #1464, 2.500000000000000000 ) ;
#3531 = CARTESIAN_POINT ( 'NONE',  ( 11.37927003856671604, 18.64939169880521774, 7.255644516289187607 ) ) ;
#3532 = DIRECTION ( 'NONE',  ( 0.000000000000000000, 0.000000000000000000, 1.000000000000000000 ) ) ;
#3533 = ORIENTED_EDGE ( 'NONE', *, *, #1496, .T. ) ;
#3534 = AXIS2_PLACEMENT_3D ( 'NONE', #2774, #3640, #1571 ) ;
#3535 = DIRECTION ( 'NONE',  ( 1.000000000000000000, 0.000000000000000000, 0.000000000000000000 ) ) ;
#3536 = EDGE_CURVE ( 'NONE', #2310, #1359, #805, .T. ) ;
#3537 = FACE_OUTER_BOUND ( 'NONE', #1305, .T. ) ;
#3538 = ORIENTED_EDGE ( 'NONE', *, *, #2771, .F. ) ;
#3539 = VERTEX_POINT ( 'NONE', #1804 ) ;
#3540 = DIRECTION ( 'NONE',  ( 0.000000000000000000, -0.000000000000000000, 1.000000000000000000 ) ) ;
#3541 = AXIS2_PLACEMENT_3D ( 'NONE', #3682, #1061, #3071 ) ;
#3542 = CARTESIAN_POINT ( 'NONE',  ( 6.106130058844672526, 13.88630240680853234, 37.99895803238731418 ) ) ;
#3543 = CARTESIAN_POINT ( 'NONE',  ( -3.579914432576399630, 14.99999999999999822, 37.16184658613855163 ) ) ;
#3544 = DIRECTION ( 'NONE',  ( -0.000000000000000000, -0.000000000000000000, -1.000000000000000000 ) ) ;
#3545 = ORIENTED_EDGE ( 'NONE', *, *, #431, .T. ) ;
#3546 = CARTESIAN_POINT ( 'NONE',  ( -2.306195608995744273, 18.05155135570448621, 7.805997159835746935 ) ) ;
#3547 = FACE_OUTER_BOUND ( 'NONE', #174, .T. ) ;
#3548 = CARTESIAN_POINT ( 'NONE',  ( -8.142857142857140573, -10.00000000000000178, 28.93845991166472231 ) ) ;
#3549 = ADVANCED_FACE ( 'NONE', ( #309, #328, #3303, #2389, #911 ), #964, .F. ) ;
#3550 = CARTESIAN_POINT ( 'NONE',  ( 17.49999999999999645, 0.000000000000000000, 5.113140033357406189 ) ) ;
#3551 = VERTEX_POINT ( 'NONE', #2408 ) ;
#3552 = DIRECTION ( 'NONE',  ( -1.000000000000000000, 0.000000000000000000, 0.000000000000000000 ) ) ;
#3553 = FACE_OUTER_BOUND ( 'NONE', #254, .T. ) ;
#3554 = EDGE_LOOP ( 'NONE', ( #2733, #1559 ) ) ;
#3555 = VERTEX_POINT ( 'NONE', #2117 ) ;
#3556 = CARTESIAN_POINT ( 'NONE',  ( -22.50000000000000000, 0.000000000000000000, 5.000000000000000000 ) ) ;
#3557 = CARTESIAN_POINT ( 'NONE',  ( 6.015741454089335249, 12.99999999999999645, 38.90000000000000568 ) ) ;
#3558 = CARTESIAN_POINT ( 'NONE',  ( 0.000000000000000000, 0.000000000000000000, 5.000000000000000000 ) ) ;
#3559 = AXIS2_PLACEMENT_3D ( 'NONE', #1784, #363, #1534 ) ;
#3560 = ORIENTED_EDGE ( 'NONE', *, *, #3111, .F. ) ;
#3561 = CARTESIAN_POINT ( 'NONE',  ( 0.1815785068226798971, 17.50014952981167582, 8.385452171558242185 ) ) ;
#3562 = FACE_OUTER_BOUND ( 'NONE', #3268, .T. ) ;
#3563 = LINE ( 'NONE', #2057, #3113 ) ;
#3564 = CARTESIAN_POINT ( 'NONE',  ( 13.57298793385571045, 20.47748994487944785, 6.012899610294195618 ) ) ;
#3565 = EDGE_CURVE ( 'NONE', #655, #3090, #1288, .T. ) ;
#3566 = ORIENTED_EDGE ( 'NONE', *, *, #1725, .T. ) ;
#3567 = DIRECTION ( 'NONE',  ( 0.000000000000000000, 0.000000000000000000, -1.000000000000000000 ) ) ;
#3568 = B_SPLINE_CURVE_WITH_KNOTS ( 'NONE', 3,
 ( #2419, #1765, #3220, #924, #344, #324, #2130, #667, #1191, #1838, #2056, #651 ),
 .UNSPECIFIED., .F., .F.,
 ( 4, 2, 2, 2, 2, 4 ),
 ( 0.000000000000000000, 0.0009897358943039868181, 0.001484603841455980552, 0.001979471788607974504, 0.002969207682911961972, 0.003958943577215949007 ),
 .UNSPECIFIED. ) ;
#3569 = CARTESIAN_POINT ( 'NONE',  ( 0.000000000000000000, 24.99999999999999645, 5.000000000000000000 ) ) ;
#3570 = ORIENTED_EDGE ( 'NONE', *, *, #1077, .F. ) ;
#3571 = ORIENTED_EDGE ( 'NONE', *, *, #2062, .T. ) ;
#3572 = EDGE_CURVE ( 'NONE', #2489, #1994, #656, .T. ) ;
#3573 = CARTESIAN_POINT ( 'NONE',  ( -7.999999999999998224, -10.00000000000000178, 26.35410196624968293 ) ) ;
#3574 = DIRECTION ( 'NONE',  ( -1.000000000000000000, -0.000000000000000000, -0.000000000000000000 ) ) ;
#3575 = FACE_OUTER_BOUND ( 'NONE', #3250, .T. ) ;
#3576 = EDGE_CURVE ( 'NONE', #2461, #2553, #1541, .T. ) ;
#3577 = AXIS2_PLACEMENT_3D ( 'NONE', #259, #2889, #2656 ) ;
#3578 = EDGE_LOOP ( 'NONE', ( #122, #1630, #2883, #3100 ) ) ;
#3579 = CARTESIAN_POINT ( 'NONE',  ( -4.349999999999999645, -5.000000000000000000, 35.00000000000000000 ) ) ;
#3580 = EDGE_CURVE ( 'NONE', #82, #1671, #1844, .T. ) ;
#3581 = FACE_OUTER_BOUND ( 'NONE', #2765, .T. ) ;
#3582 = VECTOR ( 'NONE', #3752, 1000.000000000000000 ) ;
#3583 = CIRCLE ( 'NONE', #2183, 1.000000000000000888 ) ;
#3584 = LINE ( 'NONE', #1477, #1161 ) ;
#3585 = CARTESIAN_POINT ( 'NONE',  ( 15.50438510505773948, 20.80526212607988157, 5.565903942085244083 ) ) ;
#3586 = ORIENTED_EDGE ( 'NONE', *, *, #1019, .F. ) ;
#3587 = DIRECTION ( 'NONE',  ( 0.000000000000000000, 0.000000000000000000, 1.000000000000000000 ) ) ;
#3588 = DIRECTION ( 'NONE',  ( 0.000000000000000000, 0.000000000000000000, 1.000000000000000000 ) ) ;
#3589 = ORIENTED_EDGE ( 'NONE', *, *, #3174, .F. ) ;
#3590 = VERTEX_POINT ( 'NONE', #3408 ) ;
#3591 = CARTESIAN_POINT ( 'NONE',  ( 6.431766601258255278, 12.99999999999999822, 38.12264990188738523 ) ) ;
#3592 = CIRCLE ( 'NONE', #284, 5.000000000000000888 ) ;
#3593 = EDGE_CURVE ( 'NONE', #394, #875, #2283, .T. ) ;
#3594 = DIRECTION ( 'NONE',  ( 1.000000000000000000, 0.000000000000000000, -0.000000000000000000 ) ) ;
#3595 = ORIENTED_EDGE ( 'NONE', *, *, #3296, .F. ) ;
#3596 = DIRECTION ( 'NONE',  ( 0.000000000000000000, 0.000000000000000000, 1.000000000000000000 ) ) ;
#3597 = EDGE_LOOP ( 'NONE', ( #1946, #348, #190, #2292 ) ) ;
#3598 = CYLINDRICAL_SURFACE ( 'NONE', #1722, 1.999999999999999334 ) ;
#3599 = DIRECTION ( 'NONE',  ( -1.000000000000000000, -0.000000000000000000, 0.000000000000000000 ) ) ;
#3600 = DIRECTION ( 'NONE',  ( 0.000000000000000000, 0.000000000000000000, -1.000000000000000000 ) ) ;
#3601 = DIRECTION ( 'NONE',  ( 0.000000000000000000, 0.000000000000000000, -1.000000000000000000 ) ) ;
#3602 = VECTOR ( 'NONE', #1516, 1000.000000000000000 ) ;
#3603 = ORIENTED_EDGE ( 'NONE', *, *, #3413, .T. ) ;
#3604 = DIRECTION ( 'NONE',  ( 0.000000000000000000, 0.000000000000000000, 1.000000000000000000 ) ) ;
#3605 = DIRECTION ( 'NONE',  ( -0.000000000000000000, -0.000000000000000000, -1.000000000000000000 ) ) ;
#3606 = AXIS2_PLACEMENT_3D ( 'NONE', #2224, #3134, #508 ) ;
#3607 = VERTEX_POINT ( 'NONE', #1702 ) ;
#3608 = ORIENTED_EDGE ( 'NONE', *, *, #3462, .T. ) ;
#3609 = DIRECTION ( 'NONE',  ( 0.000000000000000000, 0.000000000000000000, -1.000000000000000000 ) ) ;
#3610 = CARTESIAN_POINT ( 'NONE',  ( 0.000000000000000000, 22.50000000000000000, 4.500000000000003553 ) ) ;
#3611 = CARTESIAN_POINT ( 'NONE',  ( 16.09198361150019352, -22.57665300958349519, 5.298072904621512258 ) ) ;
#3612 = ORIENTED_EDGE ( 'NONE', *, *, #1821, .F. ) ;
#3613 = CYLINDRICAL_SURFACE ( 'NONE', #2661, 27.49999999999999645 ) ;
#3614 = ADVANCED_FACE ( 'NONE', ( #844 ), #1128, .T. ) ;
#3615 = ORIENTED_EDGE ( 'NONE', *, *, #2124, .F. ) ;
#3616 = AXIS2_PLACEMENT_3D ( 'NONE', #618, #2674, #3587 ) ;
#3617 = CARTESIAN_POINT ( 'NONE',  ( 19.00000000000000355, -19.88089535207103964, 5.000000000000000000 ) ) ;
#3618 = EDGE_CURVE ( 'NONE', #2833, #3346, #781, .T. ) ;
#3619 = CARTESIAN_POINT ( 'NONE',  ( 8.000000000000000000, -5.000000000000002665, 16.07179676972448590 ) ) ;
#3620 = ADVANCED_FACE ( 'NONE', ( #1112 ), #1997, .T. ) ;
#3621 = EDGE_LOOP ( 'NONE', ( #2942, #1217, #915, #1659 ) ) ;
#3622 = FACE_OUTER_BOUND ( 'NONE', #1501, .T. ) ;
#3623 = DIRECTION ( 'NONE',  ( -1.000000000000000000, 0.000000000000000000, 0.000000000000000000 ) ) ;
#3624 = EDGE_CURVE ( 'NONE', #3333, #2455, #3182, .T. ) ;
#3625 = AXIS2_PLACEMENT_3D ( 'NONE', #2314, #2030, #3197 ) ;
#3626 = ORIENTED_EDGE ( 'NONE', *, *, #1923, .F. ) ;
#3627 = CARTESIAN_POINT ( 'NONE',  ( -4.349999999999999645, 12.99999999999999822, 35.00000000000000000 ) ) ;
#3628 = LINE ( 'NONE', #1004, #3662 ) ;
#3629 = DIRECTION ( 'NONE',  ( 0.000000000000000000, 1.000000000000000000, 0.000000000000000000 ) ) ;
#3630 = CARTESIAN_POINT ( 'NONE',  ( -9.000000000000001776, 9.999999999999998224, 29.92820323027551055 ) ) ;
#3631 = ORIENTED_EDGE ( 'NONE', *, *, #1016, .F. ) ;
#3632 = DIRECTION ( 'NONE',  ( -0.000000000000000000, -1.000000000000000000, -0.000000000000000000 ) ) ;
#3633 = EDGE_CURVE ( 'NONE', #1772, #1935, #3370, .T. ) ;
#3634 = VERTEX_POINT ( 'NONE', #1740 ) ;
#3635 = SHAPE_DEFINITION_REPRESENTATION ( #2931, #636 ) ;
#3636 = AXIS2_PLACEMENT_3D ( 'NONE', #646, #2470, #52 ) ;
#3637 = DIRECTION ( 'NONE',  ( 0.000000000000000000, 1.000000000000000000, -0.000000000000000000 ) ) ;
#3638 = AXIS2_PLACEMENT_3D ( 'NONE', #1064, #3093, #734 ) ;
#3639 = ORIENTED_EDGE ( 'NONE', *, *, #3339, .F. ) ;
#3640 = DIRECTION ( 'NONE',  ( -0.000000000000000000, 1.000000000000000000, -0.000000000000000000 ) ) ;
#3641 = VECTOR ( 'NONE', #2497, 1000.000000000000000 ) ;
#3642 = ORIENTED_EDGE ( 'NONE', *, *, #1690, .F. ) ;
#3643 = DIRECTION ( 'NONE',  ( 0.000000000000000000, 0.000000000000000000, 1.000000000000000000 ) ) ;
#3644 = CARTESIAN_POINT ( 'NONE',  ( 24.99999999999999645, 3.061616997868381662E-16, 5.000000000000000000 ) ) ;
#3645 = DIRECTION ( 'NONE',  ( 0.000000000000000000, 0.000000000000000000, -1.000000000000000000 ) ) ;
#3646 = CARTESIAN_POINT ( 'NONE',  ( 19.00000000000000355, 0.000000000000000000, 5.000000000000000000 ) ) ;
#3647 = EDGE_CURVE ( 'NONE', #2555, #3416, #3732, .T. ) ;
#3648 = CARTESIAN_POINT ( 'NONE',  ( -2.312727090261943896, -18.05476260478454620, 7.802851417849892002 ) ) ;
#3649 = CARTESIAN_POINT ( 'NONE',  ( 10.10045729736457254, -16.10045729736331666, 10.35595965547456920 ) ) ;
#3650 = ORIENTED_EDGE ( 'NONE', *, *, #2454, .T. ) ;
#3651 = FACE_OUTER_BOUND ( 'NONE', #843, .T. ) ;
#3652 = AXIS2_PLACEMENT_3D ( 'NONE', #2384, #2647, #1249 ) ;
#3653 = VERTEX_POINT ( 'NONE', #494 ) ;
#3654 = FACE_OUTER_BOUND ( 'NONE', #3528, .T. ) ;
#3655 = CARTESIAN_POINT ( 'NONE',  ( -16.49999999999999289, -22.00000000000000000, 5.317541634481458779 ) ) ;
#3656 = ORIENTED_EDGE ( 'NONE', *, *, #342, .F. ) ;
#3657 = VECTOR ( 'NONE', #579, 1000.000000000000000 ) ;
#3658 = CARTESIAN_POINT ( 'NONE',  ( 8.000000000000000000, -10.00000000000000178, 26.35410196624967583 ) ) ;
#3659 = ORIENTED_EDGE ( 'NONE', *, *, #906, .F. ) ;
#3660 = DIRECTION ( 'NONE',  ( -0.000000000000000000, -0.000000000000000000, -1.000000000000000000 ) ) ;
#3661 = LINE ( 'NONE', #1042, #3767 ) ;
#3662 = VECTOR ( 'NONE', #3544, 1000.000000000000000 ) ;
#3663 = VECTOR ( 'NONE', #3755, 1000.000000000000000 ) ;
#3664 = ORIENTED_EDGE ( 'NONE', *, *, #3344, .T. ) ;
#3665 = AXIS2_PLACEMENT_3D ( 'NONE', #2194, #2230, #1903 ) ;
#3666 = CARTESIAN_POINT ( 'NONE',  ( -19.49999999999998934, 3.673940397442071208E-16, 0.000000000000000000 ) ) ;
#3667 = ORIENTED_EDGE ( 'NONE', *, *, #448, .T. ) ;
#3668 = CARTESIAN_POINT ( 'NONE',  ( 2.583087082986844418, -18.20707570451601498, 7.657344552285779038 ) ) ;
#3669 = CARTESIAN_POINT ( 'NONE',  ( 9.045894697253022088, -13.05507363670349719, 13.89498630104371557 ) ) ;
#3670 = ORIENTED_EDGE ( 'NONE', *, *, #2162, .T. ) ;
#3671 = LINE ( 'NONE', #2201, #1497 ) ;
#3672 = CARTESIAN_POINT ( 'NONE',  ( 4.330127018922193649, -25.00000000000000000, 5.000000000000000000 ) ) ;
#3673 = CARTESIAN_POINT ( 'NONE',  ( -8.769550420194383022, -16.47462535016263274, 9.744217019978862027 ) ) ;
#3674 = CARTESIAN_POINT ( 'NONE',  ( 0.000000000000000000, -22.50000000000000000, 4.500000000000003553 ) ) ;
#3675 = ORIENTED_EDGE ( 'NONE', *, *, #1298, .F. ) ;
#3676 = CIRCLE ( 'NONE', #1234, 2.000000000000001776 ) ;
#3677 = EDGE_CURVE ( 'NONE', #2833, #1921, #8, .T. ) ;
#3678 = AXIS2_PLACEMENT_3D ( 'NONE', #739, #703, #399 ) ;
#3679 = FACE_OUTER_BOUND ( 'NONE', #1329, .T. ) ;
#3680 = LINE ( 'NONE', #1397, #1870 ) ;
#3681 = ORIENTED_EDGE ( 'NONE', *, *, #1701, .F. ) ;
#3682 = CARTESIAN_POINT ( 'NONE',  ( -6.999999999999999112, -13.00000000000000178, 35.00000000000000000 ) ) ;
#3683 = ORIENTED_EDGE ( 'NONE', *, *, #2772, .F. ) ;
#3684 = DIRECTION ( 'NONE',  ( 0.000000000000000000, 0.000000000000000000, 1.000000000000000000 ) ) ;
#3685 = FACE_OUTER_BOUND ( 'NONE', #2943, .T. ) ;
#3686 = ADVANCED_FACE ( 'NONE', ( #3772 ), #1172, .F. ) ;
#3687 = EDGE_LOOP ( 'NONE', ( #1244, #754, #984, #1040 ) ) ;
#3688 = CARTESIAN_POINT ( 'NONE',  ( -18.20016128086268736, 20.64529430868170579, 5.000000000000000000 ) ) ;
#3689 = CARTESIAN_POINT ( 'NONE',  ( 19.00000000000000355, -3.570714214271429210, 5.000000000000000000 ) ) ;
#3690 = CARTESIAN_POINT ( 'NONE',  ( -12.64939169880553571, -17.37927003856708907, 7.255644516288896284 ) ) ;
#3691 = CARTESIAN_POINT ( 'NONE',  ( 12.24374280219760536, 24.63921218193586782, 5.000000000000000000 ) ) ;
#3692 = ADVANCED_FACE ( 'NONE', ( #3695 ), #246, .T. ) ;
#3693 = VERTEX_POINT ( 'NONE', #556 ) ;
#3694 = EDGE_CURVE ( 'NONE', #1121, #605, #3079, .T. ) ;
#3695 = FACE_OUTER_BOUND ( 'NONE', #244, .T. ) ;
#3696 = CIRCLE ( 'NONE', #3454, 1.000000000000000888 ) ;
#3697 = CARTESIAN_POINT ( 'NONE',  ( 9.000000000000001776, -10.00000000000000178, 22.99999999999999289 ) ) ;
#3698 = CYLINDRICAL_SURFACE ( 'NONE', #3301, 1.000000000000000888 ) ;
#3699 = DIRECTION ( 'NONE',  ( 0.000000000000000000, 1.000000000000000000, 0.000000000000000000 ) ) ;
#3700 = ORIENTED_EDGE ( 'NONE', *, *, #628, .F. ) ;
#3701 = DIRECTION ( 'NONE',  ( -0.000000000000000000, -1.000000000000000000, 0.000000000000000000 ) ) ;
#3702 = ORIENTED_EDGE ( 'NONE', *, *, #1458, .F. ) ;
#3703 = CARTESIAN_POINT ( 'NONE',  ( -3.109533305534803560, -18.57193762126653880, 7.335988158414463278 ) ) ;
#3704 = CARTESIAN_POINT ( 'NONE',  ( 9.000000000000003553, -15.00000000000000178, 14.99999999999998046 ) ) ;
#3705 = ORIENTED_EDGE ( 'NONE', *, *, #3677, .F. ) ;
#3706 = DIRECTION ( 'NONE',  ( -0.000000000000000000, -0.000000000000000000, -1.000000000000000000 ) ) ;
#3707 = CARTESIAN_POINT ( 'NONE',  ( 5.000000000000000888, -22.50000000000000000, 5.317541634481457002 ) ) ;
#3708 = CARTESIAN_POINT ( 'NONE',  ( -9.228217745596417387, -13.27386129471628351, 12.80511065755455569 ) ) ;
#3709 = LINE ( 'NONE', #3136, #1856 ) ;
#3710 = AXIS2_PLACEMENT_3D ( 'NONE', #1523, #69, #3540 ) ;
#3711 = ORIENTED_EDGE ( 'NONE', *, *, #2413, .F. ) ;
#3712 = CARTESIAN_POINT ( 'NONE',  ( 0.000000000000000000, 22.50000000000000000, 0.000000000000000000 ) ) ;
#3713 = CARTESIAN_POINT ( 'NONE',  ( -9.000000000000001776, 12.99999999999999645, 35.00000000000000000 ) ) ;
#3714 = CIRCLE ( 'NONE', #1389, 3.000000000000009770 ) ;
#3715 = LINE ( 'NONE', #2571, #3487 ) ;
#3716 = CARTESIAN_POINT ( 'NONE',  ( -8.000000000000000000, 9.999999999999998224, 29.92820323027551055 ) ) ;
#3717 = EDGE_LOOP ( 'NONE', ( #3180, #1891, #2905, #2782, #2274 ) ) ;
#3718 = DIRECTION ( 'NONE',  ( 1.000000000000000000, 0.000000000000000000, 0.000000000000000000 ) ) ;
#3719 = ORIENTED_EDGE ( 'NONE', *, *, #1757, .T. ) ;
#3720 = CARTESIAN_POINT ( 'NONE',  ( -6.015741454089333473, -5.000000000000000000, 38.90000000000000568 ) ) ;
#3721 = DIRECTION ( 'NONE',  ( -0.000000000000000000, 1.000000000000000000, -0.000000000000000000 ) ) ;
#3722 = ORIENTED_EDGE ( 'NONE', *, *, #3300, .F. ) ;
#3723 = FACE_OUTER_BOUND ( 'NONE', #144, .T. ) ;
#3724 = CIRCLE ( 'NONE', #57, 2.999999999999988898 ) ;
#3725 = DIRECTION ( 'NONE',  ( 0.000000000000000000, -1.000000000000000000, 0.000000000000000000 ) ) ;
#3726 = CARTESIAN_POINT ( 'NONE',  ( -9.947510018283200139, -14.13701202194043915, 10.71541218037415355 ) ) ;
#3727 = CARTESIAN_POINT ( 'NONE',  ( -8.000000000000000000, 9.999999999999998224, 16.07179676972448945 ) ) ;
#3728 = CARTESIAN_POINT ( 'NONE',  ( 2.999999999999988898, -22.50000000000000000, 5.000000000000000000 ) ) ;
#3729 = ADVANCED_FACE ( 'NONE', ( #2897 ), #2856, .F. ) ;
#3730 = ORIENTED_EDGE ( 'NONE', *, *, #644, .T. ) ;
#3731 = ORIENTED_EDGE ( 'NONE', *, *, #3291, .T. ) ;
#3732 = LINE ( 'NONE', #2877, #616 ) ;
#3733 = EDGE_CURVE ( 'NONE', #1814, #2238, #318, .T. ) ;
#3734 = DIRECTION ( 'NONE',  ( 0.000000000000000000, 0.000000000000000000, 1.000000000000000000 ) ) ;
#3735 = EDGE_CURVE ( 'NONE', #1127, #2754, #2385, .T. ) ;
#3736 = MECHANICAL_DESIGN_GEOMETRIC_PRESENTATION_REPRESENTATION (  '', ( #2457 ), #1411 ) ;
#3737 = DIRECTION ( 'NONE',  ( 0.000000000000000000, 0.000000000000000000, 1.000000000000000000 ) ) ;
#3738 = ADVANCED_FACE ( 'NONE', ( #1473 ), #2755, .F. ) ;
#3739 = CARTESIAN_POINT ( 'NONE',  ( 9.000000000000001776, 9.999999999999998224, 19.64589803375030996 ) ) ;
#3740 = CARTESIAN_POINT ( 'NONE',  ( -7.714285714285711748, -10.00000000000000178, 27.31241681374959285 ) ) ;
#3741 = VERTEX_POINT ( 'NONE', #2985 ) ;
#3742 = LINE ( 'NONE', #3720, #3183 ) ;
#3743 = LINE ( 'NONE', #2026, #2599 ) ;
#3744 = EDGE_LOOP ( 'NONE', ( #1700, #2097, #2853, #600, #2959 ) ) ;
#3745 = CARTESIAN_POINT ( 'NONE',  ( -15.15630846489012562, 21.15630846486739358, 5.680811983704874280 ) ) ;
#3746 = DIRECTION ( 'NONE',  ( -0.000000000000000000, -0.000000000000000000, -1.000000000000000000 ) ) ;
#3747 = CARTESIAN_POINT ( 'NONE',  ( -11.83488356980685552, -16.40186028376778182, 8.002402255412038201 ) ) ;
#3748 = FACE_OUTER_BOUND ( 'NONE', #1846, .T. ) ;
#3749 = CARTESIAN_POINT ( 'NONE',  ( 22.50000000000000000, 0.000000000000000000, 5.000000000000000000 ) ) ;
#3750 = EDGE_LOOP ( 'NONE', ( #2028, #3329, #3520, #1362, #1506, #1604, #2677, #2346, #1873, #1384, #2034, #1353, #2423, #3063 ) ) ;
#3751 = DIRECTION ( 'NONE',  ( -0.000000000000000000, 1.000000000000000000, -0.000000000000000000 ) ) ;
#3752 = DIRECTION ( 'NONE',  ( -0.000000000000000000, -1.000000000000000000, 0.000000000000000000 ) ) ;
#3753 = PLANE ( 'NONE',  #3053 ) ;
#3754 = EDGE_CURVE ( 'NONE', #1169, #1866, #359, .T. ) ;
#3755 = DIRECTION ( 'NONE',  ( 0.000000000000000000, 1.000000000000000000, -0.000000000000000000 ) ) ;
#3756 = CIRCLE ( 'NONE', #1193, 27.00000000000000355 ) ;
#3757 = DIRECTION ( 'NONE',  ( -0.000000000000000000, -0.000000000000000000, -1.000000000000000000 ) ) ;
#3758 = ORIENTED_EDGE ( 'NONE', *, *, #1987, .T. ) ;
#3759 = EDGE_CURVE ( 'NONE', #2207, #2673, #2418, .T. ) ;
#3760 = SURFACE_STYLE_FILL_AREA ( #3148 ) ;
#3761 = DIRECTION ( 'NONE',  ( 0.000000000000000000, 0.000000000000000000, 1.000000000000000000 ) ) ;
#3762 = ORIENTED_EDGE ( 'NONE', *, *, #2265, .F. ) ;
#3763 = ORIENTED_EDGE ( 'NONE', *, *, #65, .T. ) ;
#3764 = CARTESIAN_POINT ( 'NONE',  ( 4.330127018922195425, 24.99999999999999645, 5.000000000000000000 ) ) ;
#3765 = AXIS2_PLACEMENT_3D ( 'NONE', #2321, #2857, #1682 ) ;
#3766 = ADVANCED_FACE ( 'NONE', ( #3654 ), #3365, .T. ) ;
#3767 = VECTOR ( 'NONE', #2799, 1000.000000000000000 ) ;
#3768 = FACE_OUTER_BOUND ( 'NONE', #310, .T. ) ;
#3769 = CARTESIAN_POINT ( 'NONE',  ( -5.637967873469651892, 14.32165350365854373, 37.82112830999444952 ) ) ;
#3770 = FACE_OUTER_BOUND ( 'NONE', #3040, .T. ) ;
#3771 = ORIENTED_EDGE ( 'NONE', *, *, #2798, .T. ) ;
#3772 = FACE_OUTER_BOUND ( 'NONE', #521, .T. ) ;
#3773 = CYLINDRICAL_SURFACE ( 'NONE', #2725, 5.000000000000000888 ) ;
#3774 = FACE_OUTER_BOUND ( 'NONE', #527, .T. ) ;
#3775 = DIRECTION ( 'NONE',  ( 0.000000000000000000, 0.000000000000000000, 1.000000000000000000 ) ) ;
#3776 = DIRECTION ( 'NONE',  ( -1.000000000000000000, 0.000000000000000000, 0.000000000000000000 ) ) ;
#3777 = ORIENTED_EDGE ( 'NONE', *, *, #408, .T. ) ;
#3778 = EDGE_CURVE ( 'NONE', #675, #2406, #2706, .T. ) ;
#3779 = DIRECTION ( 'NONE',  ( -1.000000000000000000, 0.000000000000000000, 0.000000000000000000 ) ) ;
#3780 = CARTESIAN_POINT ( 'NONE',  ( -8.142857142857142350, 9.999999999999998224, 28.93845991166472231 ) ) ;
#3781 = ORIENTED_EDGE ( 'NONE', *, *, #2109, .F. ) ;
#3782 = CIRCLE ( 'NONE', #2500, 2.999999999999988898 ) ;
#3783 = ORIENTED_EDGE ( 'NONE', *, *, #510, .T. ) ;
#3784 = CARTESIAN_POINT ( 'NONE',  ( -11.35428408264659517, 17.35428408264732880, 8.492290919119204418 ) ) ;
#3785 = CARTESIAN_POINT ( 'NONE',  ( 4.015350013111528504, 14.96579758869056143, 37.32942299016744414 ) ) ;
#3786 = VECTOR ( 'NONE', #2950, 1000.000000000000000 ) ;
#3787 = LINE ( 'NONE', #1450, #534 ) ;
#3788 = CARTESIAN_POINT ( 'NONE',  ( 0.000000000000000000, -22.50000000000000000, 0.000000000000000000 ) ) ;
#3789 = VECTOR ( 'NONE', #746, 1000.000000000000000 ) ;
#3790 = ORIENTED_EDGE ( 'NONE', *, *, #1163, .T. ) ;
#3791 = DIRECTION ( 'NONE',  ( 0.000000000000000000, 0.000000000000000000, 1.000000000000000000 ) ) ;
#3792 = ADVANCED_FACE ( 'NONE', ( #1011 ), #3598, .T. ) ;
#3793 = CIRCLE ( 'NONE', #979, 1.000000000000000888 ) ;
#3794 = CARTESIAN_POINT ( 'NONE',  ( 9.000000000000001776, 4.999999999999998224, 29.92820323027549989 ) ) ;
#3795 = ADVANCED_FACE ( 'NONE', ( #3060 ), #2218, .T. ) ;
#3796 = DIRECTION ( 'NONE',  ( -0.000000000000000000, 1.000000000000000000, -0.000000000000000000 ) ) ;
ENDSEC;
END-ISO-10303-21;
